Date,Iteration,Interaction Type,Container,CellSizeFactor,Traversal,Load Estimator,Data Layout,Newton 3,sample0,sample1,sample2,sample3,sample4,sample5,sample6,sample7,sample8,sample9,Reduced,Smoothed,Mean Rebuild Frequency
2025-10-02 14:28:04,9,pairwise,LinkedCells,1.000000,lc_c01,none,AoS,disabled,1761904,1662073,1642352,1637699,1627448,1634960,1628805,1627990,1644316,1639239,1650678,1650678,10
2025-10-02 14:28:04,19,pairwise,LinkedCells,1.000000,lc_c01,none,SoA,disabled,2724160,2616052,2589069,2604913,2551812,2535430,2537068,2537673,2558038,2555474,2580968,2580968,10
2025-10-02 14:28:04,29,pairwise,LinkedCells,1.000000,lc_c01_combined_SoA,none,SoA,disabled,2237043,2203402,2208518,2207483,2202295,2202252,2197798,2202315,2207008,2177138,2204525,2204525,10
2025-10-02 14:28:04,39,pairwise,LinkedCells,1.000000,lc_c04,none,AoS,disabled,559945,531664,530873,528177,528800,528691,528560,533506,531080,532298,533359,533359,10
2025-10-02 14:28:04,49,pairwise,LinkedCells,1.000000,lc_c04,none,AoS,enabled,533895,529927,530870,533503,530882,535216,527012,527391,526696,526255,530164,530164,10
2025-10-02 14:28:04,59,pairwise,LinkedCells,1.000000,lc_c04,none,SoA,disabled,1783375,1710184,1714655,1713442,1703737,1721355,1700470,1706261,1707818,1699375,1716066,1716066,10
2025-10-02 14:28:04,69,pairwise,LinkedCells,1.000000,lc_c04,none,SoA,enabled,1730004,1701804,1708732,1707215,1700107,1711929,1717163,1709974,1700607,1712801,1710033,1710033,10
2025-10-02 14:28:04,79,pairwise,LinkedCells,1.000000,lc_c04_HCP,none,AoS,disabled,634330,576934,576946,569380,571270,568656,571294,569280,571938,573238,578326,578326,10
2025-10-02 14:28:04,89,pairwise,LinkedCells,1.000000,lc_c04_HCP,none,AoS,enabled,569602,571287,572856,569552,572873,572713,575425,573839,569268,571819,571923,571923,10
2025-10-02 14:28:05,99,pairwise,LinkedCells,1.000000,lc_c04_HCP,none,SoA,disabled,1950572,1950607,1970435,1942345,1957234,1950718,1959130,1960334,1961660,1956497,1955953,1955953,10
2025-10-02 14:28:05,109,pairwise,LinkedCells,1.000000,lc_c04_HCP,none,SoA,enabled,1966281,1965790,1961307,1960875,1969158,1963134,1960872,1962530,1958528,1961888,1963035,1963035,10
2025-10-02 14:28:05,119,pairwise,LinkedCells,1.000000,lc_c04_combined_SoA,none,SoA,disabled,2488132,2612254,2632265,2412961,2764027,2718619,2584025,2601241,2642635,2602331,2605848,2605848,10
2025-10-02 14:28:05,129,pairwise,LinkedCells,1.000000,lc_c04_combined_SoA,none,SoA,enabled,2244086,2447200,2479036,2642259,2652088,2654760,2652274,2567292,2657509,2591937,2558843,2558843,10
2025-10-02 14:28:05,139,pairwise,LinkedCells,1.000000,lc_c08,none,AoS,disabled,1835290,1789650,1779767,1775237,1778455,1766029,1774541,1766805,1770439,1786918,1782312,1782312,10
2025-10-02 14:28:05,149,pairwise,LinkedCells,1.000000,lc_c08,none,AoS,enabled,1782951,1770696,1776024,1784351,1778105,1773467,1781738,1778030,1776093,1770085,1777153,1777153,10
2025-10-02 14:28:05,159,pairwise,LinkedCells,1.000000,lc_c08,none,SoA,disabled,2997311,3016112,3008380,3004493,3004984,3015158,3007925,3022068,3013842,3016292,3010656,3010656,10
2025-10-02 14:28:05,169,pairwise,LinkedCells,1.000000,lc_c08,none,SoA,enabled,3013090,3011887,3018319,3023568,3023904,3026444,3014492,3021874,3011393,3017895,3018286,3018286,10
2025-10-02 14:28:05,179,pairwise,LinkedCells,1.000000,lc_c18,none,AoS,disabled,1889558,1859297,1845458,1847751,1833996,1846990,1852607,1856918,1851842,1849630,1853404,1853404,10
2025-10-02 14:28:05,189,pairwise,LinkedCells,1.000000,lc_c18,none,AoS,enabled,1855994,1847180,1854516,1853697,1856627,1850880,1838894,1871307,1852238,1843811,1852513,1852513,10
2025-10-02 14:28:05,199,pairwise,LinkedCells,1.000000,lc_c18,none,SoA,disabled,2406930,2488462,2490179,2477368,2474494,2474697,2469315,2468244,2468597,2479368,2469765,2469765,10
2025-10-02 14:28:05,209,pairwise,LinkedCells,1.000000,lc_c18,none,SoA,enabled,2467071,2469431,2453436,2461788,2472978,2462305,2459690,2473254,2462759,2453255,2463596,2463596,10
2025-10-02 14:28:05,219,pairwise,LinkedCells,1.000000,lc_sliced,none,AoS,disabled,503471,464280,441676,434825,422881,429707,428048,425622,428556,428328,440739,440739,10
2025-10-02 14:28:05,229,pairwise,LinkedCells,1.000000,lc_sliced,none,AoS,enabled,701319,435488,433428,426389,424630,425302,436063,434410,431490,424351,457286,457286,10
2025-10-02 14:28:05,239,pairwise,LinkedCells,1.000000,lc_sliced,none,SoA,disabled,1879857,1734995,1712133,1807137,1713104,1692459,1759508,1725348,1728566,1650700,1740380,1740380,10
2025-10-02 14:28:05,249,pairwise,LinkedCells,1.000000,lc_sliced,none,SoA,enabled,1944405,1779823,1823884,1709530,1859459,1830367,1706470,1797246,1666642,1784505,1790232,1790232,10
2025-10-02 14:28:05,259,pairwise,LinkedCells,1.000000,lc_sliced_balanced,none,AoS,disabled,497824,454446,434425,423063,425951,423567,428143,430162,426644,429967,437418,437418,10
2025-10-02 14:28:05,269,pairwise,LinkedCells,1.000000,lc_sliced_balanced,none,AoS,enabled,425498,421002,429779,430060,425822,425213,421658,423029,432221,428208,426248,426248,10
2025-10-02 14:28:05,279,pairwise,LinkedCells,1.000000,lc_sliced_balanced,none,SoA,disabled,1760724,1630777,1660336,1727735,1670083,1603734,1618103,1643145,1662386,1611552,1658857,1658857,10
2025-10-02 14:28:05,289,pairwise,LinkedCells,1.000000,lc_sliced_balanced,none,SoA,enabled,1668895,1720714,1609681,1652977,1654921,1604323,1682272,1622718,1618107,1604351,1643895,1643895,10
2025-10-02 14:28:05,299,pairwise,LinkedCells,1.000000,lc_sliced_balanced,squared-particles-per-cell,AoS,disabled,1046649,832314,801132,787107,794508,792007,791937,790808,781833,789936,820822,820822,10
2025-10-02 14:28:05,309,pairwise,LinkedCells,1.000000,lc_sliced_balanced,squared-particles-per-cell,AoS,enabled,812683,775721,776033,780255,774768,779916,778192,776364,780093,779776,781380,781380,10
2025-10-02 14:28:05,319,pairwise,LinkedCells,1.000000,lc_sliced_balanced,squared-particles-per-cell,SoA,disabled,2966208,2799838,2737714,2707558,2712765,2656734,2704998,2732024,2670726,2737204,2742576,2742576,10
2025-10-02 14:28:05,329,pairwise,LinkedCells,1.000000,lc_sliced_balanced,squared-particles-per-cell,SoA,enabled,2680581,2716635,2647233,2697709,2635915,2687244,2689467,2699976,2694254,2680685,2682969,2682969,10
2025-10-02 14:28:05,339,pairwise,LinkedCells,1.000000,lc_sliced_c02,none,AoS,disabled,624590,532606,465834,434629,430388,421600,416890,415336,425454,427980,459530,459530,10
2025-10-02 14:28:05,349,pairwise,LinkedCells,1.000000,lc_sliced_c02,none,AoS,enabled,422570,416368,418717,422801,421701,423429,420657,417452,419909,426943,421054,421054,10
2025-10-02 14:28:05,359,pairwise,LinkedCells,1.000000,lc_sliced_c02,none,SoA,disabled,2066701,1737479,1690669,1672210,1651645,1667933,1661387,1653348,1653958,1643412,1709873,1709873,10
2025-10-02 14:28:05,369,pairwise,LinkedCells,1.000000,lc_sliced_c02,none,SoA,enabled,1834901,1667484,1648441,1652682,1659303,1656285,1649514,1654237,1663234,1659958,1674603,1674603,10
2025-10-02 14:28:05,379,pairwise,VerletClusterLists,1.000000,vcl_c01_balanced,none,AoS,disabled,101071,45258,45361,51213,44824,44940,44150,43951,43421,44571,50875,50875,10
2025-10-02 14:28:05,389,pairwise,VerletClusterLists,1.000000,vcl_c01_balanced,none,SoA,disabled,86586,60617,60392,61547,64362,60712,60520,61813,65530,61647,64372,64372,10
2025-10-02 14:28:05,399,pairwise,VerletClusterLists,1.000000,vcl_c06,none,AoS,disabled,89407,68190,72412,69216,70601,67405,68751,65565,68415,69708,70966,70966,10
2025-10-02 14:28:05,409,pairwise,VerletClusterLists,1.000000,vcl_c06,none,AoS,enabled,86351,73616,67963,71748,69751,68888,67655,65406,66322,70037,70772,70772,10
2025-10-02 14:28:05,419,pairwise,VerletClusterLists,1.000000,vcl_c06,none,SoA,disabled,102733,83862,85169,84100,83742,84203,83142,83158,81243,81878,85322,85322,10
2025-10-02 14:28:05,429,pairwise,VerletClusterLists,1.000000,vcl_c06,none,SoA,enabled,103105,81412,84119,80656,84628,85885,84111,86086,84288,85674,85996,85996,10
2025-10-02 14:28:05,439,pairwise,VerletClusterLists,1.000000,vcl_sliced,none,AoS,disabled,70544,51546,50760,46576,48507,47054,50516,48863,47160,47465,50898,50898,10
2025-10-02 14:28:05,449,pairwise,VerletClusterLists,1.000000,vcl_sliced,none,AoS,enabled,69168,53455,48394,49295,47402,50234,46437,46532,45839,50073,50682,50682,10
2025-10-02 14:28:05,459,pairwise,VerletClusterLists,1.000000,vcl_sliced,none,SoA,disabled,84383,63795,65341,64992,66167,68156,68807,67035,63499,64989,67715,67715,10
2025-10-02 14:28:05,469,pairwise,VerletClusterLists,1.000000,vcl_sliced,none,SoA,enabled,80897,65260,63083,72392,62221,61754,63619,67733,63217,65271,66544,66544,10
2025-10-02 14:28:05,479,pairwise,VerletClusterLists,1.000000,vcl_sliced_balanced,none,AoS,disabled,74474,53457,51174,53050,52626,50650,50829,50463,50419,51319,53846,53846,10
2025-10-02 14:28:05,489,pairwise,VerletClusterLists,1.000000,vcl_sliced_balanced,none,AoS,enabled,69696,51553,50456,49731,51425,63164,51083,51084,51729,52125,54204,54204,10
2025-10-02 14:28:05,499,pairwise,VerletClusterLists,1.000000,vcl_sliced_balanced,none,SoA,disabled,88244,71031,75529,66936,65972,69934,67567,68346,68026,76663,71824,71824,10
2025-10-02 14:28:05,509,pairwise,VerletClusterLists,1.000000,vcl_sliced_balanced,none,SoA,enabled,86635,71306,68929,69376,69038,70783,69011,72377,68585,69669,71570,71570,10
2025-10-02 14:28:05,519,pairwise,VerletClusterLists,1.000000,vcl_sliced_balanced,neighbor-list-length,AoS,disabled,79459,52328,55051,52139,51496,55224,54322,52201,52438,54133,55879,55879,10
2025-10-02 14:28:05,529,pairwise,VerletClusterLists,1.000000,vcl_sliced_balanced,neighbor-list-length,AoS,enabled,68981,51251,50223,52304,51224,50259,51322,51579,52837,51162,53114,53114,10
2025-10-02 14:28:05,539,pairwise,VerletClusterLists,1.000000,vcl_sliced_balanced,neighbor-list-length,SoA,disabled,91326,70424,68385,69751,77283,71410,68121,67154,68361,68602,72081,72081,10
2025-10-02 14:28:05,549,pairwise,VerletClusterLists,1.000000,vcl_sliced_balanced,neighbor-list-length,SoA,enabled,86699,67428,67941,66601,68976,67693,68858,68204,69257,69090,70074,70074,10
2025-10-02 14:28:05,559,pairwise,VerletClusterLists,1.000000,vcl_sliced_c02,none,AoS,disabled,82207,55599,51738,51953,55570,50975,49823,54043,53010,52133,55704,55704,10
2025-10-02 14:28:05,569,pairwise,VerletClusterLists,1.000000,vcl_sliced_c02,none,AoS,enabled,66495,52879,51993,53563,53290,51773,49537,52229,51398,50613,53376,53376,10
2025-10-02 14:28:05,579,pairwise,VerletClusterLists,1.000000,vcl_sliced_c02,none,SoA,disabled,85363,68762,65408,67579,70211,68323,68615,65629,68699,68439,69702,69702,10
2025-10-02 14:28:05,589,pairwise,VerletClusterLists,1.000000,vcl_sliced_c02,none,SoA,enabled,84250,67219,68335,68846,66894,67692,66579,65806,68838,70260,69471,69471,10
2025-10-02 14:28:05,599,pairwise,VerletLists,1.000000,vl_list_iteration,none,AoS,disabled,4301631,51762,50023,56712,51468,52928,54006,50229,51590,51244,477159,477159,10
2025-10-02 14:28:05,609,pairwise,VerletLists,1.000000,vl_list_iteration,none,SoA,disabled,7724974,1776610,1726817,1716175,1733172,1728097,1715090,1711637,1713613,1705860,2325204,2325204,10
2025-10-02 14:28:05,619,pairwise,VerletListsCells,1.000000,vlc_c01,none,AoS,disabled,22127149,1594452,1593375,1584835,1587518,1582013,1577451,1584292,1585963,1583934,3640097,3640097,10
2025-10-02 14:28:05,629,pairwise,VerletListsCells,1.000000,vlc_c01,none,SoA,disabled,27418448,3092510,3079709,3072003,3080954,3083354,3095871,3095399,3090195,3103550,5521198,5521198,10
2025-10-02 14:28:05,639,pairwise,VerletListsCells,1.000000,vlc_c18,none,AoS,disabled,14606667,1844762,1842745,1834854,1839198,1837352,1837188,1841327,1838580,1839793,3116246,3116246,10
2025-10-02 14:28:05,649,pairwise,VerletListsCells,1.000000,vlc_c18,none,AoS,enabled,14013532,1847587,1838538,1841884,1842720,1836088,1840283,1839680,1842966,1838021,3058129,3058129,10
2025-10-02 14:28:05,659,pairwise,VerletListsCells,1.000000,vlc_c18,none,SoA,disabled,18470198,3360340,3344000,3342273,3358533,3349242,3360782,3370935,3361990,3366884,4868516,4868516,10
2025-10-02 14:28:05,669,pairwise,VerletListsCells,1.000000,vlc_c18,none,SoA,enabled,17600720,3367320,3347500,3363178,3365378,3359741,3363553,3366468,3368817,3359990,4786266,4786266,10
2025-10-02 14:28:06,679,pairwise,VerletListsCells,1.000000,vlc_c08,none,AoS,disabled,10413888,1683619,1678764,1684089,1681181,1685263,1685588,1685680,1682165,1688488,2556871,2556871,10
2025-10-02 14:28:06,689,pairwise,VerletListsCells,1.000000,vlc_c08,none,AoS,enabled,9811398,1685978,1678671,1681636,1679860,1678406,1675747,1674420,1675582,1675800,2491749,2491749,10
2025-10-02 14:28:06,699,pairwise,VerletListsCells,1.000000,vlc_c08,none,SoA,disabled,14287439,3288576,3286574,3277162,3285376,3273447,3263620,3273562,3284101,3272378,4379222,4379222,10
2025-10-02 14:28:06,709,pairwise,VerletListsCells,1.000000,vlc_c08,none,SoA,enabled,14047612,3300638,3281097,3271200,3281494,3283599,3268762,3267648,3277457,3267179,4354667,4354667,10
2025-10-02 14:28:06,719,pairwise,VerletListsCells,1.000000,vlc_sliced,none,AoS,disabled,12150679,106557,102122,101784,107204,101735,102646,101606,100536,101249,1307611,1307611,10
2025-10-02 14:28:06,729,pairwise,VerletListsCells,1.000000,vlc_sliced,none,AoS,enabled,12059966,103794,108274,101008,106025,102891,107432,101919,105098,101898,1299829,1299829,10
2025-10-02 14:28:06,739,pairwise,VerletListsCells,1.000000,vlc_sliced,none,SoA,disabled,16535938,1718349,1652020,1714486,1715943,1694808,1720672,1720126,1719879,1716126,3190834,3190834,10
2025-10-02 14:28:06,749,pairwise,VerletListsCells,1.000000,vlc_sliced,none,SoA,enabled,15953519,1740800,1719512,1722037,1726681,1723948,1727223,1727925,1730444,1724389,3149647,3149647,10
2025-10-02 14:28:06,759,pairwise,VerletListsCells,1.000000,vlc_sliced_balanced,none,AoS,disabled,12335018,107912,105464,105492,105167,105965,105367,108097,103596,105932,1328801,1328801,10
2025-10-02 14:28:06,769,pairwise,VerletListsCells,1.000000,vlc_sliced_balanced,none,AoS,enabled,11929939,107263,105404,106624,105882,105244,104273,106199,104282,105735,1288084,1288084,10
2025-10-02 14:28:06,779,pairwise,VerletListsCells,1.000000,vlc_sliced_balanced,none,SoA,disabled,16392049,1742466,1734688,1729319,1667615,1737236,1743377,1742415,1716286,1743708,3194915,3194915,10
2025-10-02 14:28:06,789,pairwise,VerletListsCells,1.000000,vlc_sliced_balanced,none,SoA,enabled,15939284,1739074,1656005,1701342,1734028,1710922,1733503,1739022,1721434,1739264,3141387,3141387,10
2025-10-02 14:28:06,799,pairwise,VerletListsCells,1.000000,vlc_sliced_balanced,squared-particles-per-cell,AoS,disabled,11892569,163944,156897,156485,157991,153580,153119,155664,152447,150315,1329300,1329300,10
2025-10-02 14:28:06,809,pairwise,VerletListsCells,1.000000,vlc_sliced_balanced,squared-particles-per-cell,AoS,enabled,12129780,159429,160045,162449,158667,156402,157937,157323,157223,156615,1355586,1355586,10
2025-10-02 14:28:06,819,pairwise,VerletListsCells,1.000000,vlc_sliced_balanced,squared-particles-per-cell,SoA,disabled,17443618,1760318,1710475,1682516,1729387,1732550,1733290,1673073,1732836,1739164,3293722,3293722,10
2025-10-02 14:28:06,829,pairwise,VerletListsCells,1.000000,vlc_sliced_balanced,squared-particles-per-cell,SoA,enabled,16537893,1726490,1735445,1649582,1728606,1704172,1787702,1772414,1667537,1726060,3203589,3203589,10
2025-10-02 14:28:06,839,pairwise,VerletListsCells,1.000000,vlc_sliced_balanced,neighbor-list-length,AoS,disabled,12057438,129889,131739,128437,128175,129908,130409,129166,128443,127782,1322138,1322138,10
2025-10-02 14:28:06,849,pairwise,VerletListsCells,1.000000,vlc_sliced_balanced,neighbor-list-length,AoS,enabled,12124623,127729,126461,127564,127049,131374,128259,129475,127065,128246,1327783,1327783,10
2025-10-02 14:28:06,859,pairwise,VerletListsCells,1.000000,vlc_sliced_balanced,neighbor-list-length,SoA,disabled,17050952,1750672,1652781,1650593,1654896,1761320,1709039,1761092,1761047,1737445,3248983,3248983,10
2025-10-02 14:28:06,869,pairwise,VerletListsCells,1.000000,vlc_sliced_balanced,neighbor-list-length,SoA,enabled,16180497,1667129,1749303,1695344,1758463,1761605,1662040,1731571,1758316,1663580,3162784,3162784,10
2025-10-02 14:28:06,879,pairwise,VerletListsCells,1.000000,vlc_sliced_c02,none,AoS,disabled,12025359,121619,112598,113340,108165,115360,106847,110196,107820,109313,1303061,1303061,10
2025-10-02 14:28:06,889,pairwise,VerletListsCells,1.000000,vlc_sliced_c02,none,AoS,enabled,12145407,109390,109307,108650,110096,107993,112054,108450,109717,108665,1312972,1312972,10
2025-10-02 14:28:06,899,pairwise,VerletListsCells,1.000000,vlc_sliced_c02,none,SoA,disabled,17577640,1897037,1810614,1852945,1847183,1841079,1840250,1828472,1829953,1824195,3414936,3414936,10
2025-10-02 14:28:06,909,pairwise,VerletListsCells,1.000000,vlc_sliced_c02,none,SoA,enabled,16535769,1892008,1859960,1810929,1845454,1845445,1849161,1847079,1836253,1839759,3316181,3316181,10
2025-10-02 14:28:06,919,pairwise,PairwiseVerletLists,1.000000,vlp_c01,none,AoS,disabled,27900590,1849734,1827221,1817797,1829121,1821697,1823760,1819254,1820397,1816295,4432586,4432586,10
2025-10-02 14:28:06,929,pairwise,PairwiseVerletLists,1.000000,vlp_c01,none,SoA,disabled,43162185,3957166,3420583,3367350,3365403,3351311,3372920,3350332,3360012,3373534,7408079,7408079,10
2025-10-02 14:28:06,939,pairwise,PairwiseVerletLists,1.000000,vlp_c18,none,AoS,disabled,15313394,2121043,2099444,2102893,2091158,2084535,2092098,2092396,2091558,2090155,3417867,3417867,10
2025-10-02 14:28:06,949,pairwise,PairwiseVerletLists,1.000000,vlp_c18,none,AoS,enabled,15147435,2124345,2096479,2096067,2098465,2088554,2093506,2083693,2087135,2088504,3400418,3400418,10
2025-10-02 14:28:07,959,pairwise,PairwiseVerletLists,1.000000,vlp_c18,none,SoA,disabled,36090872,4203688,3931570,3894615,3889985,3885830,3871790,3876632,3880525,3883220,7140872,7140872,10
2025-10-02 14:28:07,969,pairwise,PairwiseVerletLists,1.000000,vlp_c18,none,SoA,enabled,35685160,4195805,3937962,3911750,3896486,3896570,3874859,3878084,3882427,3893847,7105294,7105294,10
2025-10-02 14:28:07,979,pairwise,PairwiseVerletLists,1.000000,vlp_sliced,none,AoS,disabled,14041571,818816,794314,757991,764372,749912,741896,738645,751627,758103,2091724,2091724,10
2025-10-02 14:28:07,989,pairwise,PairwiseVerletLists,1.000000,vlp_sliced,none,AoS,enabled,13801620,795557,758605,736092,742005,764697,748367,755344,759409,733492,2059518,2059518,10
2025-10-02 14:28:07,999,pairwise,PairwiseVerletLists,1.000000,vlp_sliced,none,SoA,disabled,34465364,2933345,2735454,2699142,2741898,2666002,2715508,2678570,2721887,2701533,5905870,5905870,10
2025-10-02 14:28:07,1009,pairwise,PairwiseVerletLists,1.000000,vlp_sliced,none,SoA,enabled,34413982,2855401,2660931,2683575,2724768,2764987,2830969,2746893,2703052,2655685,5904024,5904024,10
2025-10-02 14:28:07,1019,pairwise,PairwiseVerletLists,1.000000,vlp_sliced_balanced,none,AoS,disabled,13937926,842820,800205,773014,768347,767583,762319,767213,782193,769951,2097157,2097157,10
2025-10-02 14:28:07,1029,pairwise,PairwiseVerletLists,1.000000,vlp_sliced_balanced,none,AoS,enabled,13765659,810336,782786,764836,757291,762591,772174,769895,758933,750861,2069536,2069536,10
2025-10-02 14:28:07,1039,pairwise,PairwiseVerletLists,1.000000,vlp_sliced_balanced,none,SoA,disabled,34283290,2905203,2682997,2651546,2607300,2642870,2593227,2635440,2594499,2561271,5815763,5815763,10
2025-10-02 14:28:07,1049,pairwise,PairwiseVerletLists,1.000000,vlp_sliced_balanced,none,SoA,enabled,34852714,2971154,2735186,2589445,2633486,2602108,2653677,2658499,2594458,2629995,5892072,5892072,10
2025-10-02 14:28:07,1059,pairwise,PairwiseVerletLists,1.000000,vlp_sliced_c02,none,AoS,disabled,14138450,977755,960753,945484,944259,935586,938770,959410,945097,924542,2267009,2267009,10
2025-10-02 14:28:07,1069,pairwise,PairwiseVerletLists,1.000000,vlp_sliced_c02,none,AoS,enabled,14027734,952993,949824,933349,942973,929569,931508,958801,940699,935972,2250342,2250342,10
2025-10-02 14:28:07,1079,pairwise,PairwiseVerletLists,1.000000,vlp_sliced_c02,none,SoA,disabled,34261735,3057824,2946079,2850703,2867066,2832948,2832083,2837020,2811863,2813010,6011032,6011032,10
2025-10-02 14:28:07,1089,pairwise,PairwiseVerletLists,1.000000,vlp_sliced_c02,none,SoA,enabled,34634666,3120454,2840557,2784581,2794149,2808736,2943648,2900304,2746594,2842402,6041608,6041608,10
2025-10-02 14:28:07,1099,pairwise,PairwiseVerletLists,1.000000,vlp_c08,none,AoS,disabled,16705720,3408779,3400488,3405815,3389978,3395676,3385175,3390195,3407667,3383062,4727255,4727255,10
2025-10-02 14:28:07,1109,pairwise,PairwiseVerletLists,1.000000,vlp_c08,none,AoS,enabled,15472407,2485296,2440383,2442602,2424965,2436662,2428402,2427560,2431245,2432821,3742233,3742233,10
2025-10-02 14:28:07,1119,pairwise,PairwiseVerletLists,1.000000,vlp_c08,none,SoA,disabled,38015230,6246335,6216275,6196025,6205603,6184822,6208380,6205029,6214818,6202765,9389527,9389527,10
2025-10-02 14:28:07,1129,pairwise,PairwiseVerletLists,1.000000,vlp_c08,none,SoA,enabled,36667508,4933632,4816267,4802492,4789246,4786505,4796180,4793761,4785364,4784275,7995522,7995522,10
2025-10-02 14:30:55,5009,pairwise,LinkedCells,1.000000,lc_c01,none,AoS,disabled,1686692,1629137,1626928,1618686,1614342,1616837,1615368,1624386,1626617,1624778,1628376,1628376,10
2025-10-02 14:30:55,5019,pairwise,LinkedCells,1.000000,lc_c01,none,SoA,disabled,2690407,2638990,2591905,2583161,2607237,2591419,2568357,2569204,2556356,2551124,2594815,2594815,10
2025-10-02 14:30:55,5029,pairwise,LinkedCells,1.000000,lc_c01_combined_SoA,none,SoA,disabled,2207497,2230510,2212314,2211828,2210313,2214539,2203147,2197645,2208875,2211778,2210844,2210844,10
2025-10-02 14:30:55,5039,pairwise,LinkedCells,1.000000,lc_c04,none,AoS,disabled,562365,531737,530334,525933,527432,528637,525579,531772,533101,529777,532665,532665,10
2025-10-02 14:30:55,5049,pairwise,LinkedCells,1.000000,lc_c04,none,AoS,enabled,531879,530856,529388,526912,529875,525804,525404,524665,524281,524668,527372,527372,10
2025-10-02 14:30:55,5059,pairwise,LinkedCells,1.000000,lc_c04,none,SoA,disabled,1811019,1785964,1760847,1749944,1751285,1756053,1744684,1766339,1745604,1748298,1762003,1762003,10
2025-10-02 14:30:55,5069,pairwise,LinkedCells,1.000000,lc_c04,none,SoA,enabled,1769775,1756009,1765964,1747380,1756570,1756750,1745675,1758851,1771674,1763718,1759236,1759236,10
2025-10-02 14:30:55,5079,pairwise,LinkedCells,1.000000,lc_c04_HCP,none,AoS,disabled,635751,566084,565348,563015,563611,567776,557641,564329,562104,561353,570700,570700,10
2025-10-02 14:30:55,5089,pairwise,LinkedCells,1.000000,lc_c04_HCP,none,AoS,enabled,565347,564168,565619,561753,567971,566514,565328,564170,560347,559394,564060,564060,10
2025-10-02 14:30:55,5099,pairwise,LinkedCells,1.000000,lc_c04_HCP,none,SoA,disabled,2022843,2018410,2025848,2013222,2021725,2027325,2023571,2028147,2025547,2022232,2022886,2022886,10
2025-10-02 14:30:55,5109,pairwise,LinkedCells,1.000000,lc_c04_HCP,none,SoA,enabled,2014115,2015817,2026431,2037588,2023207,2020098,2024294,2021532,2023630,2013202,2021990,2021990,10
2025-10-02 14:30:55,5119,pairwise,LinkedCells,1.000000,lc_c04_combined_SoA,none,SoA,disabled,2688638,3084192,2547967,2514693,2738176,2472626,2461444,2429395,2440428,2425466,2580302,2580302,10
2025-10-02 14:30:55,5129,pairwise,LinkedCells,1.000000,lc_c04_combined_SoA,none,SoA,enabled,2240737,2237030,2269872,2234657,2240802,2238940,2262083,2233514,2262090,2240007,2245973,2245973,10
2025-10-02 14:30:55,5139,pairwise,LinkedCells,1.000000,lc_c08,none,AoS,disabled,1811525,1772528,1766288,1747687,1757429,1747802,1757762,1746953,1758195,1748983,1761514,1761514,10
2025-10-02 14:30:55,5149,pairwise,LinkedCells,1.000000,lc_c08,none,AoS,enabled,1757940,1750064,1753111,1764496,1749852,1750262,1754562,1763117,1753884,1762277,1755956,1755956,10
2025-10-02 14:30:55,5159,pairwise,LinkedCells,1.000000,lc_c08,none,SoA,disabled,3105451,3113267,3116268,3107815,3107586,3117282,3125955,3121830,3122878,3121627,3115995,3115995,10
2025-10-02 14:30:55,5169,pairwise,LinkedCells,1.000000,lc_c08,none,SoA,enabled,3117761,3120667,3111012,3125643,3111530,3128657,3125485,3111096,3128670,3107954,3118847,3118847,10
2025-10-02 14:30:55,5179,pairwise,LinkedCells,1.000000,lc_c18,none,AoS,disabled,1860154,1830455,1825256,1826943,1816826,1829664,1822957,1809542,1824729,1827526,1827404,1827404,10
2025-10-02 14:30:55,5189,pairwise,LinkedCells,1.000000,lc_c18,none,AoS,enabled,1862159,1831539,1822284,1812637,1814997,1820071,1843453,1825494,1823744,1827886,1828426,1828426,10
2025-10-02 14:30:55,5199,pairwise,LinkedCells,1.000000,lc_c18,none,SoA,disabled,2418444,2493146,2491283,2480078,2476739,2482302,2470685,2479783,2470752,2477883,2474109,2474109,10
2025-10-02 14:30:55,5209,pairwise,LinkedCells,1.000000,lc_c18,none,SoA,enabled,2475302,2476273,2479438,2480439,2472442,2483106,2473836,2477482,2469708,2477109,2476513,2476513,10
2025-10-02 14:30:55,5219,pairwise,LinkedCells,1.000000,lc_sliced,none,AoS,disabled,604519,470150,461886,435994,432049,428932,432576,424535,424115,421707,453645,453645,10
2025-10-02 14:30:55,5229,pairwise,LinkedCells,1.000000,lc_sliced,none,AoS,enabled,509095,427059,424210,420171,423920,424121,426760,425594,426906,421177,432901,432901,10
2025-10-02 14:30:56,5239,pairwise,LinkedCells,1.000000,lc_sliced,none,SoA,disabled,2120052,2003621,1789763,1884118,1885262,1736422,1875032,1899878,1753105,1836225,1878347,1878347,10
2025-10-02 14:30:56,5249,pairwise,LinkedCells,1.000000,lc_sliced,none,SoA,enabled,1925585,1805823,1850411,1878355,1926373,1751237,1848866,1743289,1843426,1863981,1843734,1843734,10
2025-10-02 14:30:56,5259,pairwise,LinkedCells,1.000000,lc_sliced_balanced,none,AoS,disabled,623761,452636,429796,423581,423558,424505,427339,425645,427396,426319,448453,448453,10
2025-10-02 14:30:56,5269,pairwise,LinkedCells,1.000000,lc_sliced_balanced,none,AoS,enabled,420484,425535,429857,428899,429829,422872,421998,422350,426644,426472,425493,425493,10
2025-10-02 14:30:56,5279,pairwise,LinkedCells,1.000000,lc_sliced_balanced,none,SoA,disabled,1955501,1873124,1796842,1875773,1862072,1857047,1829204,1836406,1701384,1696739,1828408,1828408,10
2025-10-02 14:30:56,5289,pairwise,LinkedCells,1.000000,lc_sliced_balanced,none,SoA,enabled,1993369,1880080,1847767,1908192,1847950,1853172,1865866,1685566,1889288,1812451,1858369,1858369,10
2025-10-02 14:30:56,5299,pairwise,LinkedCells,1.000000,lc_sliced_balanced,squared-particles-per-cell,AoS,disabled,989530,829754,800075,794997,793335,791219,796628,791473,790942,792164,817011,817011,10
2025-10-02 14:30:56,5309,pairwise,LinkedCells,1.000000,lc_sliced_balanced,squared-particles-per-cell,AoS,enabled,799965,778502,781119,778984,775463,781196,777375,773989,782134,778288,780701,780701,10
2025-10-02 14:30:56,5319,pairwise,LinkedCells,1.000000,lc_sliced_balanced,squared-particles-per-cell,SoA,disabled,2750349,2493615,2489450,2477616,2468010,2475224,2503277,2489612,2514248,2502499,2516389,2516389,10
2025-10-02 14:30:56,5329,pairwise,LinkedCells,1.000000,lc_sliced_balanced,squared-particles-per-cell,SoA,enabled,2472261,2570226,2564787,2503592,2480167,2482837,2506474,2565422,2518718,2524010,2518848,2518848,10
2025-10-02 14:30:56,5339,pairwise,LinkedCells,1.000000,lc_sliced_c02,none,AoS,disabled,586995,492937,456401,436687,427300,416603,411580,415651,422053,418075,448427,448427,10
2025-10-02 14:30:56,5349,pairwise,LinkedCells,1.000000,lc_sliced_c02,none,AoS,enabled,417245,413732,414527,418090,417079,411707,413647,415988,415276,417981,415526,415526,10
2025-10-02 14:30:56,5359,pairwise,LinkedCells,1.000000,lc_sliced_c02,none,SoA,disabled,1941899,1801850,1758913,1742449,1742410,1735916,1720917,1736220,1738615,1743232,1766241,1766241,10
2025-10-02 14:30:56,5369,pairwise,LinkedCells,1.000000,lc_sliced_c02,none,SoA,enabled,1866990,1755089,1739780,1751205,1739947,1743615,1724721,1750064,1743539,1749256,1756420,1756420,10
2025-10-02 14:30:56,5379,pairwise,VerletClusterLists,1.000000,vcl_c01_balanced,none,AoS,disabled,98755,45989,45898,44816,44337,44435,44239,43884,43495,43788,49963,49963,10
2025-10-02 14:30:56,5389,pairwise,VerletClusterLists,1.000000,vcl_c01_balanced,none,SoA,disabled,89138,60639,63232,58580,61115,62975,60290,60600,61015,60364,63794,63794,10
2025-10-02 14:30:56,5399,pairwise,VerletClusterLists,1.000000,vcl_c06,none,AoS,disabled,90391,70397,72752,69582,69067,69939,66925,72388,69924,69894,72125,72125,10
2025-10-02 14:30:56,5409,pairwise,VerletClusterLists,1.000000,vcl_c06,none,AoS,enabled,87165,71593,69886,73163,69104,67964,71905,69199,70748,68190,71891,71891,10
2025-10-02 14:30:56,5419,pairwise,VerletClusterLists,1.000000,vcl_c06,none,SoA,disabled,104004,87121,88383,88329,83892,86926,86839,84434,84109,84414,87844,87844,10
2025-10-02 14:30:56,5429,pairwise,VerletClusterLists,1.000000,vcl_c06,none,SoA,enabled,100558,84144,83816,83723,82201,86345,88677,82527,91670,79892,86355,86355,10
2025-10-02 14:30:56,5439,pairwise,VerletClusterLists,1.000000,vcl_sliced,none,AoS,disabled,71168,50955,49932,48359,47515,55440,48743,47985,48529,47284,51590,51590,10
2025-10-02 14:30:56,5449,pairwise,VerletClusterLists,1.000000,vcl_sliced,none,AoS,enabled,64635,49147,49464,53304,49151,48274,48730,49309,46944,46544,50550,50550,10
2025-10-02 14:30:56,5459,pairwise,VerletClusterLists,1.000000,vcl_sliced,none,SoA,disabled,82354,63354,62670,66376,62457,63569,66267,64196,64907,65512,66165,66165,10
2025-10-02 14:30:56,5469,pairwise,VerletClusterLists,1.000000,vcl_sliced,none,SoA,enabled,82914,65973,66207,67940,66420,65172,67751,65871,65053,63925,67722,67722,10
2025-10-02 14:30:56,5479,pairwise,VerletClusterLists,1.000000,vcl_sliced_balanced,none,AoS,disabled,74824,54355,53007,51316,52641,52573,53237,53056,53364,58848,55721,55721,10
2025-10-02 14:30:56,5489,pairwise,VerletClusterLists,1.000000,vcl_sliced_balanced,none,AoS,enabled,70797,52082,50546,51899,50189,51534,55132,52777,49979,50608,53553,53553,10
2025-10-02 14:30:56,5499,pairwise,VerletClusterLists,1.000000,vcl_sliced_balanced,none,SoA,disabled,86603,68448,70232,67142,67730,67745,71869,68156,69556,66943,70441,70441,10
2025-10-02 14:30:56,5509,pairwise,VerletClusterLists,1.000000,vcl_sliced_balanced,none,SoA,enabled,86706,74522,73114,69097,72544,70101,73771,77904,66710,66767,73123,73123,10
2025-10-02 14:30:56,5519,pairwise,VerletClusterLists,1.000000,vcl_sliced_balanced,neighbor-list-length,AoS,disabled,83548,53153,52833,53521,53829,52755,53059,55045,53174,52630,56354,56354,10
2025-10-02 14:30:56,5529,pairwise,VerletClusterLists,1.000000,vcl_sliced_balanced,neighbor-list-length,AoS,enabled,68540,58871,53661,51794,50706,50763,53971,53471,51342,56929,55004,55004,10
2025-10-02 14:30:56,5539,pairwise,VerletClusterLists,1.000000,vcl_sliced_balanced,neighbor-list-length,SoA,disabled,90543,70670,71388,71324,65328,68870,69418,69909,70421,66954,71481,71481,10
2025-10-02 14:30:56,5549,pairwise,VerletClusterLists,1.000000,vcl_sliced_balanced,neighbor-list-length,SoA,enabled,85968,68666,70227,66351,68213,67879,68673,69988,66488,76854,70929,70929,10
2025-10-02 14:30:56,5559,pairwise,VerletClusterLists,1.000000,vcl_sliced_c02,none,AoS,disabled,79084,54226,54028,53001,52689,53163,58429,52350,50806,52752,56052,56052,10
2025-10-02 14:30:56,5569,pairwise,VerletClusterLists,1.000000,vcl_sliced_c02,none,AoS,enabled,70445,51641,53578,52903,52399,51830,52332,50860,50795,51663,53844,53844,10
2025-10-02 14:30:56,5579,pairwise,VerletClusterLists,1.000000,vcl_sliced_c02,none,SoA,disabled,86235,68188,69289,68499,66647,68237,68318,68469,73203,67824,70490,70490,10
2025-10-02 14:30:56,5589,pairwise,VerletClusterLists,1.000000,vcl_sliced_c02,none,SoA,enabled,85158,72094,66247,68071,66079,66703,67883,67859,64841,69216,69414,69414,10
2025-10-02 14:30:56,5599,pairwise,VerletLists,1.000000,vl_list_iteration,none,AoS,disabled,4044245,50434,48069,49328,50523,48338,50123,50348,50783,55585,449777,449777,10
2025-10-02 14:30:56,5609,pairwise,VerletLists,1.000000,vl_list_iteration,none,SoA,disabled,7470381,1709276,1608018,1578964,1559207,1563471,1560188,1551196,1547556,1553343,2170159,2170159,10
2025-10-02 14:30:56,5619,pairwise,VerletListsCells,1.000000,vlc_c01,none,AoS,disabled,21264449,1583738,1571475,1572308,1583462,1571472,1580080,1572130,1570380,1576612,3544610,3544610,10
2025-10-02 14:30:56,5629,pairwise,VerletListsCells,1.000000,vlc_c01,none,SoA,disabled,26431768,3126477,3100362,3082883,3111980,3085728,3091584,3103206,3094924,3103552,5433246,5433246,10
2025-10-02 14:30:56,5639,pairwise,VerletListsCells,1.000000,vlc_c18,none,AoS,disabled,14130814,1816227,1815823,1818406,1818771,1820544,1824213,1809963,1817571,1813094,3048542,3048542,10
2025-10-02 14:30:56,5649,pairwise,VerletListsCells,1.000000,vlc_c18,none,AoS,enabled,13616959,1821553,1818819,1815334,1815219,1814054,1817760,1816628,1815538,1819988,2997184,2997184,10
2025-10-02 14:30:56,5659,pairwise,VerletListsCells,1.000000,vlc_c18,none,SoA,disabled,18071311,3351569,3342467,3339185,3345624,3353230,3352284,3355483,3351152,3345503,4820780,4820780,10
2025-10-02 14:30:56,5669,pairwise,VerletListsCells,1.000000,vlc_c18,none,SoA,enabled,17688861,3368490,3349382,3354022,3356413,3362109,3355776,3352924,3356794,3358019,4790278,4790278,10
2025-10-02 14:30:56,5679,pairwise,VerletListsCells,1.000000,vlc_c08,none,AoS,disabled,10343082,1661963,1662508,1661600,1665992,1666554,1658825,1666647,1660183,1662976,2531032,2531032,10
2025-10-02 14:30:56,5689,pairwise,VerletListsCells,1.000000,vlc_c08,none,AoS,enabled,9787667,1661960,1665203,1661545,1663385,1656673,1660479,1659984,1659894,1660981,2473776,2473776,10
2025-10-02 14:30:56,5699,pairwise,VerletListsCells,1.000000,vlc_c08,none,SoA,disabled,14176687,3284893,3266933,3255938,3266184,3259077,3262814,3268333,3263432,3264152,4356843,4356843,10
2025-10-02 14:30:56,5709,pairwise,VerletListsCells,1.000000,vlc_c08,none,SoA,enabled,14075678,3293083,3279748,3259681,3260864,3258404,3265956,3262576,3258591,3264144,4347872,4347872,10
2025-10-02 14:30:56,5719,pairwise,VerletListsCells,1.000000,vlc_sliced,none,AoS,disabled,12184927,104386,107360,104458,107930,102366,105450,102489,105360,104951,1312967,1312967,10
2025-10-02 14:30:56,5729,pairwise,VerletListsCells,1.000000,vlc_sliced,none,AoS,enabled,11887727,101311,101919,101676,102220,101807,100972,103722,104006,102803,1280815,1280815,10
2025-10-02 14:30:56,5739,pairwise,VerletListsCells,1.000000,vlc_sliced,none,SoA,disabled,16460166,1753014,1726420,1669977,1721524,1716463,1681836,1721470,1721096,1713850,3188581,3188581,10
2025-10-02 14:30:56,5749,pairwise,VerletListsCells,1.000000,vlc_sliced,none,SoA,enabled,16130324,1758037,1726902,1683882,1718292,1720952,1651663,1657780,1650488,1726178,3142449,3142449,10
2025-10-02 14:30:56,5759,pairwise,VerletListsCells,1.000000,vlc_sliced_balanced,none,AoS,disabled,12350309,108217,106286,104708,105787,104488,105478,105263,104614,104591,1329973,1329973,10
2025-10-02 14:30:56,5769,pairwise,VerletListsCells,1.000000,vlc_sliced_balanced,none,AoS,enabled,11976438,106229,106997,104484,106765,104397,104289,104673,103940,105025,1292322,1292322,10
2025-10-02 14:30:56,5779,pairwise,VerletListsCells,1.000000,vlc_sliced_balanced,none,SoA,disabled,16513780,1754425,1689155,1728999,1733322,1735196,1696245,1726572,1734639,1723012,3203534,3203534,10
2025-10-02 14:30:57,5789,pairwise,VerletListsCells,1.000000,vlc_sliced_balanced,none,SoA,enabled,16087034,1754570,1743813,1639557,1731980,1731910,1716340,1731066,1733016,1726809,3159609,3159609,10
2025-10-02 14:30:57,5799,pairwise,VerletListsCells,1.000000,vlc_sliced_balanced,squared-particles-per-cell,AoS,disabled,11565465,171482,159639,156115,158822,155730,162070,155041,153262,155601,1299322,1299322,10
2025-10-02 14:30:57,5809,pairwise,VerletListsCells,1.000000,vlc_sliced_balanced,squared-particles-per-cell,AoS,enabled,12149914,172184,166502,164478,160797,165518,161920,162933,160098,159364,1362370,1362370,10
2025-10-02 14:30:57,5819,pairwise,VerletListsCells,1.000000,vlc_sliced_balanced,squared-particles-per-cell,SoA,disabled,16603532,1708186,1694115,1701168,1654692,1690535,1651768,1688356,1687841,1680790,3176098,3176098,10
2025-10-02 14:30:57,5829,pairwise,VerletListsCells,1.000000,vlc_sliced_balanced,squared-particles-per-cell,SoA,enabled,16329173,1711927,1693640,1614541,1629090,1686249,1694688,1688836,1697937,1690553,3143662,3143662,10
2025-10-02 14:30:57,5839,pairwise,VerletListsCells,1.000000,vlc_sliced_balanced,neighbor-list-length,AoS,disabled,11502684,131569,128370,133175,128741,128840,127893,125629,128582,132608,1266808,1266808,10
2025-10-02 14:30:57,5849,pairwise,VerletListsCells,1.000000,vlc_sliced_balanced,neighbor-list-length,AoS,enabled,12051203,128643,127905,129398,126015,131348,127041,125637,125909,129300,1320239,1320239,10
2025-10-02 14:30:57,5859,pairwise,VerletListsCells,1.000000,vlc_sliced_balanced,neighbor-list-length,SoA,disabled,16381561,1741087,1696164,1659629,1726828,1656501,1750507,1659498,1666277,1678937,3161698,3161698,10
2025-10-02 14:30:57,5869,pairwise,VerletListsCells,1.000000,vlc_sliced_balanced,neighbor-list-length,SoA,enabled,16214456,1784244,1667536,1727815,1760598,1661526,1651693,1699684,1764204,1658888,3159064,3159064,10
2025-10-02 14:30:57,5879,pairwise,VerletListsCells,1.000000,vlc_sliced_c02,none,AoS,disabled,11547455,115903,114065,110220,110205,111456,111270,111113,110420,109665,1255176,1255176,10
2025-10-02 14:30:57,5889,pairwise,VerletListsCells,1.000000,vlc_sliced_c02,none,AoS,enabled,12104126,111228,108512,107992,108819,114031,107954,111834,107608,110349,1309245,1309245,10
2025-10-02 14:30:57,5899,pairwise,VerletListsCells,1.000000,vlc_sliced_c02,none,SoA,disabled,16858854,1851554,1784415,1780062,1779051,1762596,1797433,1800751,1733727,1762459,3291089,3291089,10
2025-10-02 14:30:57,5909,pairwise,VerletListsCells,1.000000,vlc_sliced_c02,none,SoA,enabled,16454109,1837702,1790125,1763254,1755409,1731660,1742878,1738182,1726004,1767627,3230694,3230694,10
2025-10-02 14:30:57,5919,pairwise,PairwiseVerletLists,1.000000,vlp_c01,none,AoS,disabled,16405882,1802378,1797671,1798764,1794232,1796746,1794361,1796139,1796552,1790307,3257303,3257303,10
2025-10-02 14:30:57,5929,pairwise,PairwiseVerletLists,1.000000,vlp_c01,none,SoA,disabled,39294041,4008446,3444113,3390454,3383207,3379119,3390588,3381122,3387179,3385839,7044410,7044410,10
2025-10-02 14:30:57,5939,pairwise,PairwiseVerletLists,1.000000,vlp_c18,none,AoS,disabled,15173056,2104171,2088201,2053868,2068533,2063415,2075486,2056907,2053367,2066584,3380358,3380358,10
2025-10-02 14:30:57,5949,pairwise,PairwiseVerletLists,1.000000,vlp_c18,none,AoS,enabled,15049639,2091638,2081534,2070362,2064807,2062389,2067059,2067020,2075932,2053356,3368373,3368373,10
2025-10-02 14:30:57,5959,pairwise,PairwiseVerletLists,1.000000,vlp_c18,none,SoA,disabled,35150831,4180042,3905543,3886920,3856656,3854496,3853641,3848638,3867363,3831592,7023572,7023572,10
2025-10-02 14:30:57,5969,pairwise,PairwiseVerletLists,1.000000,vlp_c18,none,SoA,enabled,35354447,4185412,3935099,3870546,3862024,3838907,3844229,3860712,3836777,3835633,7042378,7042378,10
2025-10-02 14:30:57,5979,pairwise,PairwiseVerletLists,1.000000,vlp_sliced,none,AoS,disabled,13871756,795788,773173,702630,700245,719814,726704,704408,728080,715453,2043804,2043804,10
2025-10-02 14:30:57,5989,pairwise,PairwiseVerletLists,1.000000,vlp_sliced,none,AoS,enabled,13661224,768904,720129,722184,726777,719149,702969,701250,700160,726460,2014919,2014919,10
2025-10-02 14:30:57,5999,pairwise,PairwiseVerletLists,1.000000,vlp_sliced,none,SoA,disabled,33641340,2893166,2709553,2623143,2721448,2764554,2720553,2705437,2686551,2675024,5814076,5814076,10
2025-10-02 14:30:57,6009,pairwise,PairwiseVerletLists,1.000000,vlp_sliced,none,SoA,enabled,33467932,3042826,2812405,2750005,2709354,2701338,2733742,2735155,2707075,2684168,5834399,5834399,10
2025-10-02 14:30:57,6019,pairwise,PairwiseVerletLists,1.000000,vlp_sliced_balanced,none,AoS,disabled,13872716,810590,767657,746545,714225,737822,739459,733399,747161,749660,2061923,2061923,10
2025-10-02 14:30:57,6029,pairwise,PairwiseVerletLists,1.000000,vlp_sliced_balanced,none,AoS,enabled,13689185,784277,741053,744980,739321,739682,741210,736581,751671,755026,2042298,2042298,10
2025-10-02 14:30:58,6039,pairwise,PairwiseVerletLists,1.000000,vlp_sliced_balanced,none,SoA,disabled,33911189,2900648,2659324,2561168,2572581,2565387,2584499,2609941,2591659,2586673,5754306,5754306,10
2025-10-02 14:30:58,6049,pairwise,PairwiseVerletLists,1.000000,vlp_sliced_balanced,none,SoA,enabled,33988497,2912285,2732147,2579523,2584763,2566377,2561171,2562727,2592857,2545607,5762595,5762595,10
2025-10-02 14:30:58,6059,pairwise,PairwiseVerletLists,1.000000,vlp_sliced_c02,none,AoS,disabled,14071855,965637,881311,934744,901062,889320,898830,902162,917728,911698,2227434,2227434,10
2025-10-02 14:30:58,6069,pairwise,PairwiseVerletLists,1.000000,vlp_sliced_c02,none,AoS,enabled,13781842,946556,901962,897094,907431,912061,932692,904211,900006,892704,2197655,2197655,10
2025-10-02 14:30:58,6079,pairwise,PairwiseVerletLists,1.000000,vlp_sliced_c02,none,SoA,disabled,33877555,3012272,2872156,2790694,2739651,2763270,2759983,2736073,2829873,2717150,5909866,5909866,10
2025-10-02 14:30:58,6089,pairwise,PairwiseVerletLists,1.000000,vlp_sliced_c02,none,SoA,enabled,33551837,3037219,2842190,2830324,2808653,2789041,2823841,2782984,2751209,2626960,5884425,5884425,10
2025-10-02 14:30:58,6099,pairwise,PairwiseVerletLists,1.000000,vlp_c08,none,AoS,disabled,16659181,3381635,3365219,3361606,3355466,3362924,3356535,3364766,3359722,3362357,4692940,4692940,10
2025-10-02 14:30:58,6109,pairwise,PairwiseVerletLists,1.000000,vlp_c08,none,AoS,enabled,15359357,2455633,2403757,2400568,2391451,2378404,2380906,2395704,2389367,2390975,3694611,3694611,10
2025-10-02 14:30:58,6119,pairwise,PairwiseVerletLists,1.000000,vlp_c08,none,SoA,disabled,37194266,6215267,6169047,6190119,6150798,6164398,6171698,6168210,6162412,6162166,9274837,9274837,10
2025-10-02 14:30:58,6129,pairwise,PairwiseVerletLists,1.000000,vlp_c08,none,SoA,enabled,36220774,4871517,4742169,4714643,4702404,4660837,4672193,4677840,4677154,4683828,7862335,7862335,10
2025-10-02 14:33:20,10009,pairwise,LinkedCells,1.000000,lc_c01,none,AoS,disabled,1678923,1615367,1622299,1616185,1617621,1622332,1622744,1617501,1618516,1619347,1625083,1625083,10
2025-10-02 14:33:20,10019,pairwise,LinkedCells,1.000000,lc_c01,none,SoA,disabled,2649125,2584162,2556575,2575465,2565001,2545551,2556793,2546758,2566183,2544521,2569013,2569013,10
2025-10-02 14:33:20,10029,pairwise,LinkedCells,1.000000,lc_c01_combined_SoA,none,SoA,disabled,2181530,2170488,2172906,2171144,2172382,2178349,2158993,2166708,2169073,2172951,2171451,2171451,10
2025-10-02 14:33:20,10039,pairwise,LinkedCells,1.000000,lc_c04,none,AoS,disabled,549234,528763,524173,526745,525278,524731,530193,532964,528746,530393,530121,530121,10
2025-10-02 14:33:20,10049,pairwise,LinkedCells,1.000000,lc_c04,none,AoS,enabled,530589,529392,528787,527823,527919,525515,524079,523717,524904,523155,526587,526587,10
2025-10-02 14:33:20,10059,pairwise,LinkedCells,1.000000,lc_c04,none,SoA,disabled,1752163,1678628,1676854,1695584,1673668,1678709,1679288,1691258,1662324,1673313,1686178,1686178,10
2025-10-02 14:33:20,10069,pairwise,LinkedCells,1.000000,lc_c04,none,SoA,enabled,1691705,1673982,1677371,1670068,1672116,1676570,1668274,1674041,1678089,1672937,1675514,1675514,10
2025-10-02 14:33:20,10079,pairwise,LinkedCells,1.000000,lc_c04_HCP,none,AoS,disabled,608942,563044,566395,561496,560271,557571,559857,562371,559644,557928,565751,565751,10
2025-10-02 14:33:20,10089,pairwise,LinkedCells,1.000000,lc_c04_HCP,none,AoS,enabled,570958,562991,561252,562765,564296,562338,559957,565287,563805,559325,563297,563297,10
2025-10-02 14:33:20,10099,pairwise,LinkedCells,1.000000,lc_c04_HCP,none,SoA,disabled,1919093,1913821,1913481,1915609,1914168,1917639,1918070,1915667,1919988,1911744,1915927,1915927,10
2025-10-02 14:33:20,10109,pairwise,LinkedCells,1.000000,lc_c04_HCP,none,SoA,enabled,1926987,1916312,1922852,1912307,1920609,1914489,1923473,1927122,1924757,1920093,1920899,1920899,10
2025-10-02 14:33:20,10119,pairwise,LinkedCells,1.000000,lc_c04_combined_SoA,none,SoA,disabled,2719125,2623645,2579213,2604314,2606410,2582690,2618474,2609600,2573261,2599682,2611640,2611640,10
2025-10-02 14:33:20,10129,pairwise,LinkedCells,1.000000,lc_c04_combined_SoA,none,SoA,enabled,2429159,2429480,2389018,2424688,2401234,2424715,2400826,2423181,2386149,2416810,2412525,2412525,10
2025-10-02 14:33:20,10139,pairwise,LinkedCells,1.000000,lc_c08,none,AoS,disabled,1804309,1769533,1755719,1752027,1757279,1755141,1754914,1757195,1760894,1763048,1763005,1763005,10
2025-10-02 14:33:20,10149,pairwise,LinkedCells,1.000000,lc_c08,none,AoS,enabled,1749871,1751254,1737745,1752260,1742839,1753579,1754231,1757365,1748351,1765980,1751347,1751347,10
2025-10-02 14:33:20,10159,pairwise,LinkedCells,1.000000,lc_c08,none,SoA,disabled,2907883,2917671,2913412,2919013,2927584,2928792,2928365,2923136,2929075,2919261,2921419,2921419,10
2025-10-02 14:33:21,10169,pairwise,LinkedCells,1.000000,lc_c08,none,SoA,enabled,2920441,2923136,2923044,2921756,2922980,2921724,2931202,2923462,2924788,2918652,2923118,2923118,10
2025-10-02 14:33:21,10179,pairwise,LinkedCells,1.000000,lc_c18,none,AoS,disabled,1859666,1823251,1825740,1821044,1822748,1847069,1818046,1837501,1833362,1834185,1832261,1832261,10
2025-10-02 14:33:21,10189,pairwise,LinkedCells,1.000000,lc_c18,none,AoS,enabled,1850681,1829494,1822339,1824710,1813275,1816359,1830018,1827489,1822040,1834944,1827134,1827134,10
2025-10-02 14:33:21,10199,pairwise,LinkedCells,1.000000,lc_c18,none,SoA,disabled,2368024,2451559,2459450,2446541,2451081,2451127,2451703,2443959,2452225,2436677,2441234,2441234,10
2025-10-02 14:33:21,10209,pairwise,LinkedCells,1.000000,lc_c18,none,SoA,enabled,2448429,2428899,2437439,2437284,2438907,2446006,2433888,2442626,2433231,2437332,2438403,2438403,10
2025-10-02 14:33:21,10219,pairwise,LinkedCells,1.000000,lc_sliced,none,AoS,disabled,498522,456713,441748,429549,420356,422729,421830,420113,423003,424420,435898,435898,10
2025-10-02 14:33:21,10229,pairwise,LinkedCells,1.000000,lc_sliced,none,AoS,enabled,742222,419829,425231,424196,420743,424458,423135,422278,423000,420622,454571,454571,10
2025-10-02 14:33:21,10239,pairwise,LinkedCells,1.000000,lc_sliced,none,SoA,disabled,2007527,1736315,1702574,1690982,1755123,1649098,1661997,1657759,1637333,1664170,1716287,1716287,10
2025-10-02 14:33:21,10249,pairwise,LinkedCells,1.000000,lc_sliced,none,SoA,enabled,1869133,1690888,1724925,1635588,1690101,1784906,1679348,1635795,1751656,1737902,1720023,1720023,10
2025-10-02 14:33:21,10259,pairwise,LinkedCells,1.000000,lc_sliced_balanced,none,AoS,disabled,458645,443930,431184,430571,424624,425908,423082,428412,429931,428180,432446,432446,10
2025-10-02 14:33:21,10269,pairwise,LinkedCells,1.000000,lc_sliced_balanced,none,AoS,enabled,422368,425479,424348,430961,431829,429374,426130,423207,424238,428851,426678,426678,10
2025-10-02 14:33:21,10279,pairwise,LinkedCells,1.000000,lc_sliced_balanced,none,SoA,disabled,1676661,1595522,1790465,1577371,1564904,1557986,1550529,1549448,1635277,1630758,1612891,1612891,10
2025-10-02 14:33:21,10289,pairwise,LinkedCells,1.000000,lc_sliced_balanced,none,SoA,enabled,1632961,1558120,1646357,1618356,1614761,1596242,1626297,1595192,1562295,1642210,1609278,1609278,10
2025-10-02 14:33:21,10299,pairwise,LinkedCells,1.000000,lc_sliced_balanced,squared-particles-per-cell,AoS,disabled,1005422,840808,801357,791860,788514,789163,788456,781755,786481,790600,816440,816440,10
2025-10-02 14:33:21,10309,pairwise,LinkedCells,1.000000,lc_sliced_balanced,squared-particles-per-cell,AoS,enabled,792046,789769,778204,772253,777023,781982,780764,779883,775836,783442,781120,781120,10
2025-10-02 14:33:21,10319,pairwise,LinkedCells,1.000000,lc_sliced_balanced,squared-particles-per-cell,SoA,disabled,3035155,2872919,2844836,2833722,2768975,2806572,2825326,2815208,2798546,2803153,2840440,2840440,10
2025-10-02 14:33:21,10329,pairwise,LinkedCells,1.000000,lc_sliced_balanced,squared-particles-per-cell,SoA,enabled,2807054,2763734,2849225,2800652,2822740,2784221,2785501,2817448,2794546,2802085,2802720,2802720,10
2025-10-02 14:33:21,10339,pairwise,LinkedCells,1.000000,lc_sliced_c02,none,AoS,disabled,572336,487425,449627,426429,422831,425424,423133,420051,416892,418441,446258,446258,10
2025-10-02 14:33:21,10349,pairwise,LinkedCells,1.000000,lc_sliced_c02,none,AoS,enabled,416237,418204,419157,411207,413540,411751,417334,418433,411055,412725,414963,414963,10
2025-10-02 14:33:21,10359,pairwise,LinkedCells,1.000000,lc_sliced_c02,none,SoA,disabled,2136655,1731170,1692039,1647770,1662602,1674461,1666174,1649425,1672498,1668788,1720157,1720157,10
2025-10-02 14:33:21,10369,pairwise,LinkedCells,1.000000,lc_sliced_c02,none,SoA,enabled,1713739,1653784,1640281,1608589,1668904,1664484,1625185,1658801,1664654,1660672,1655908,1655908,10
2025-10-02 14:33:21,10379,pairwise,VerletClusterLists,1.000000,vcl_c01_balanced,none,AoS,disabled,95301,45945,44284,45646,45913,46821,43839,43501,44097,44701,50004,50004,10
2025-10-02 14:33:21,10389,pairwise,VerletClusterLists,1.000000,vcl_c01_balanced,none,SoA,disabled,91155,58310,60382,59516,60112,61165,61242,60530,61053,59351,63281,63281,10
2025-10-02 14:33:21,10399,pairwise,VerletClusterLists,1.000000,vcl_c06,none,AoS,disabled,87784,68540,69817,69873,74695,70169,69052,66804,71356,69977,71806,71806,10
2025-10-02 14:33:21,10409,pairwise,VerletClusterLists,1.000000,vcl_c06,none,AoS,enabled,86221,69337,70933,70020,68593,68899,67791,69869,72825,67085,71156,71156,10
2025-10-02 14:33:21,10419,pairwise,VerletClusterLists,1.000000,vcl_c06,none,SoA,disabled,101596,82728,85115,82524,89833,84339,82980,85522,83691,83184,86151,86151,10
2025-10-02 14:33:21,10429,pairwise,VerletClusterLists,1.000000,vcl_c06,none,SoA,enabled,108411,82796,86270,85660,85941,85206,89449,86838,84623,85021,88021,88021,10
2025-10-02 14:33:21,10439,pairwise,VerletClusterLists,1.000000,vcl_sliced,none,AoS,disabled,71988,51844,49711,50513,47653,48215,50215,50780,47812,52218,52094,52094,10
2025-10-02 14:33:21,10449,pairwise,VerletClusterLists,1.000000,vcl_sliced,none,AoS,enabled,67518,48791,50215,48094,51319,51329,46918,46650,48915,46860,50660,50660,10
2025-10-02 14:33:21,10459,pairwise,VerletClusterLists,1.000000,vcl_sliced,none,SoA,disabled,82337,65016,65539,62998,62300,68320,65231,64084,66528,63799,66614,66614,10
2025-10-02 14:33:21,10469,pairwise,VerletClusterLists,1.000000,vcl_sliced,none,SoA,enabled,79580,64229,69948,64978,61530,62536,65210,63778,64310,66085,66217,66217,10
2025-10-02 14:33:21,10479,pairwise,VerletClusterLists,1.000000,vcl_sliced_balanced,none,AoS,disabled,73375,54364,51553,51149,52261,52229,51846,55707,53133,50813,54642,54642,10
2025-10-02 14:33:21,10489,pairwise,VerletClusterLists,1.000000,vcl_sliced_balanced,none,AoS,enabled,70158,52594,51980,52032,51991,53318,52712,50742,50977,52602,53910,53910,10
2025-10-02 14:33:21,10499,pairwise,VerletClusterLists,1.000000,vcl_sliced_balanced,none,SoA,disabled,86891,67914,67419,66898,68282,69766,66924,68537,67803,68716,69914,69914,10
2025-10-02 14:33:21,10509,pairwise,VerletClusterLists,1.000000,vcl_sliced_balanced,none,SoA,enabled,84046,68487,67973,68957,67927,73388,70243,67925,70266,66512,70572,70572,10
2025-10-02 14:33:21,10519,pairwise,VerletClusterLists,1.000000,vcl_sliced_balanced,neighbor-list-length,AoS,disabled,84465,52325,53556,53610,54894,52203,51579,51498,52321,52759,55920,55920,10
2025-10-02 14:33:21,10529,pairwise,VerletClusterLists,1.000000,vcl_sliced_balanced,neighbor-list-length,AoS,enabled,69728,52533,53267,49953,50602,52115,50838,56488,50802,51683,53800,53800,10
2025-10-02 14:33:21,10539,pairwise,VerletClusterLists,1.000000,vcl_sliced_balanced,neighbor-list-length,SoA,disabled,87752,69181,69217,70440,69981,68593,67797,67870,68601,68192,70761,70761,10
2025-10-02 14:33:21,10549,pairwise,VerletClusterLists,1.000000,vcl_sliced_balanced,neighbor-list-length,SoA,enabled,85545,68773,68479,68369,69399,67864,67876,72228,69207,68464,70620,70620,10
2025-10-02 14:33:21,10559,pairwise,VerletClusterLists,1.000000,vcl_sliced_c02,none,AoS,disabled,81457,52648,52501,51501,55845,53020,54323,51023,52757,52481,55754,55754,10
2025-10-02 14:33:21,10569,pairwise,VerletClusterLists,1.000000,vcl_sliced_c02,none,AoS,enabled,68944,53653,51929,50515,51001,51580,51132,50950,53094,51743,53454,53454,10
2025-10-02 14:33:21,10579,pairwise,VerletClusterLists,1.000000,vcl_sliced_c02,none,SoA,disabled,88245,67729,66668,68981,66799,74618,70817,67858,68979,68603,70929,70929,10
2025-10-02 14:33:21,10589,pairwise,VerletClusterLists,1.000000,vcl_sliced_c02,none,SoA,enabled,82248,68422,68491,66611,66946,67441,66533,69551,70041,68131,69441,69441,10
2025-10-02 14:33:21,10599,pairwise,VerletLists,1.000000,vl_list_iteration,none,AoS,disabled,3779831,58639,48544,48803,48221,48127,48743,48699,48116,48358,422607,422607,10
2025-10-02 14:33:21,10609,pairwise,VerletLists,1.000000,vl_list_iteration,none,SoA,disabled,7090687,1619697,1590193,1580007,1587941,1577231,1581417,1588119,1597992,1588491,2140176,2140176,10
2025-10-02 14:33:21,10619,pairwise,VerletListsCells,1.000000,vlc_c01,none,AoS,disabled,21436556,1582441,1582114,1579943,1571827,1576733,1573017,1585893,1571195,1574914,3563463,3563463,10
2025-10-02 14:33:21,10629,pairwise,VerletListsCells,1.000000,vlc_c01,none,SoA,disabled,26741873,3129200,3105800,3102354,3097297,3127810,3117820,3109716,3131366,3117943,5478117,5478117,10
2025-10-02 14:33:21,10639,pairwise,VerletListsCells,1.000000,vlc_c18,none,AoS,disabled,14605759,1820675,1818118,1826306,1814406,1822805,1814513,1816913,1820847,1817972,3097830,3097830,10
2025-10-02 14:33:21,10649,pairwise,VerletListsCells,1.000000,vlc_c18,none,AoS,enabled,13917270,1818126,1825681,1815223,1809851,1815109,1816971,1811578,1810977,1812118,3025290,3025290,10
2025-10-02 14:33:21,10659,pairwise,VerletListsCells,1.000000,vlc_c18,none,SoA,disabled,18582363,3383510,3368339,3353542,3357613,3373071,3386311,3368797,3373409,3365985,4891293,4891293,10
2025-10-02 14:33:21,10669,pairwise,VerletListsCells,1.000000,vlc_c18,none,SoA,enabled,18031860,3379823,3365881,3359123,3363911,3353243,3372864,3374361,3366061,3373725,4834084,4834084,10
2025-10-02 14:33:21,10679,pairwise,VerletListsCells,1.000000,vlc_c08,none,AoS,disabled,10368606,1666973,1662493,1662459,1664894,1657813,1660997,1659864,1667386,1659088,2533056,2533056,10
2025-10-02 14:33:21,10689,pairwise,VerletListsCells,1.000000,vlc_c08,none,AoS,enabled,9846051,1660839,1662692,1658177,1662245,1661432,1662896,1663723,1654694,1652990,2478573,2478573,10
2025-10-02 14:33:21,10699,pairwise,VerletListsCells,1.000000,vlc_c08,none,SoA,disabled,14408010,3300510,3286696,3265905,3255450,3251803,3258213,3253979,3257932,3273236,4381173,4381173,10
2025-10-02 14:33:21,10709,pairwise,VerletListsCells,1.000000,vlc_c08,none,SoA,enabled,14140890,3295432,3271805,3260486,3266497,3275293,3281398,3270546,3266608,3259641,4358859,4358859,10
2025-10-02 14:33:21,10719,pairwise,VerletListsCells,1.000000,vlc_sliced,none,AoS,disabled,12223347,107743,109876,104148,107682,101509,105425,98736,103885,99946,1316229,1316229,10
2025-10-02 14:33:21,10729,pairwise,VerletListsCells,1.000000,vlc_sliced,none,AoS,enabled,11993815,101485,101517,102512,105058,102352,101451,101392,101592,101241,1291240,1291240,10
2025-10-02 14:33:22,10739,pairwise,VerletListsCells,1.000000,vlc_sliced,none,SoA,disabled,16649229,1771507,1708783,1741545,1730640,1733892,1716342,1695467,1661549,1712984,3212193,3212193,10
2025-10-02 14:33:22,10749,pairwise,VerletListsCells,1.000000,vlc_sliced,none,SoA,enabled,16204668,1776220,1736146,1738294,1733207,1728494,1731757,1675357,1729856,1730832,3178482,3178482,10
2025-10-02 14:33:22,10759,pairwise,VerletListsCells,1.000000,vlc_sliced_balanced,none,AoS,disabled,12379015,110389,109900,107535,106045,106560,107170,106908,107627,107809,1334895,1334895,10
2025-10-02 14:33:22,10769,pairwise,VerletListsCells,1.000000,vlc_sliced_balanced,none,AoS,enabled,12015416,108253,106567,105871,106591,105820,104789,105834,106253,106283,1297167,1297167,10
2025-10-02 14:33:22,10779,pairwise,VerletListsCells,1.000000,vlc_sliced_balanced,none,SoA,disabled,16610068,1780219,1716723,1745867,1705545,1741339,1650037,1718842,1744425,1747180,3216024,3216024,10
2025-10-02 14:33:22,10789,pairwise,VerletListsCells,1.000000,vlc_sliced_balanced,none,SoA,enabled,16218038,1792130,1747235,1743797,1736818,1733956,1738500,1733287,1730277,1734772,3190880,3190880,10
2025-10-02 14:33:22,10799,pairwise,VerletListsCells,1.000000,vlc_sliced_balanced,squared-particles-per-cell,AoS,disabled,11580023,164198,159332,158997,158177,163679,158810,160637,158525,160983,1302335,1302335,10
2025-10-02 14:33:22,10809,pairwise,VerletListsCells,1.000000,vlc_sliced_balanced,squared-particles-per-cell,AoS,enabled,12120329,164058,165387,160571,169165,158817,159253,159627,159391,159435,1357602,1357602,10
2025-10-02 14:33:22,10819,pairwise,VerletListsCells,1.000000,vlc_sliced_balanced,squared-particles-per-cell,SoA,disabled,16383849,1733326,1733697,1741407,1737969,1743475,1748150,1744950,1677840,1742794,3198745,3198745,10
2025-10-02 14:33:22,10829,pairwise,VerletListsCells,1.000000,vlc_sliced_balanced,squared-particles-per-cell,SoA,enabled,16221174,1651209,1734654,1731882,1700189,1734550,1740108,1696370,1739481,1737141,3168675,3168675,10
2025-10-02 14:33:22,10839,pairwise,VerletListsCells,1.000000,vlc_sliced_balanced,neighbor-list-length,AoS,disabled,11698699,131444,127616,128825,126585,126376,126329,128423,125593,129685,1284957,1284957,10
2025-10-02 14:33:22,10849,pairwise,VerletListsCells,1.000000,vlc_sliced_balanced,neighbor-list-length,AoS,enabled,12063526,132270,126790,129110,129301,125915,125478,125948,126888,127900,1321312,1321312,10
2025-10-02 14:33:22,10859,pairwise,VerletListsCells,1.000000,vlc_sliced_balanced,neighbor-list-length,SoA,disabled,16476411,1775522,1766516,1696181,1764645,1697012,1662777,1764288,1659685,1653425,3191646,3191646,10
2025-10-02 14:33:22,10869,pairwise,VerletListsCells,1.000000,vlc_sliced_balanced,neighbor-list-length,SoA,enabled,16298622,1779153,1672344,1768613,1757854,1693696,1699673,1759497,1756166,1715084,3190069,3190069,10
2025-10-02 14:33:22,10879,pairwise,VerletListsCells,1.000000,vlc_sliced_c02,none,AoS,disabled,11485490,115491,115316,110884,111215,109901,110371,109040,119772,107890,1249536,1249536,10
2025-10-02 14:33:22,10889,pairwise,VerletListsCells,1.000000,vlc_sliced_c02,none,AoS,enabled,12031159,109439,109471,108637,107273,108468,112239,108819,114572,109424,1301949,1301949,10
2025-10-02 14:33:22,10899,pairwise,VerletListsCells,1.000000,vlc_sliced_c02,none,SoA,disabled,16287838,1767968,1746040,1759287,1753053,1757651,1754507,1750458,1721628,1760329,3205875,3205875,10
2025-10-02 14:33:22,10909,pairwise,VerletListsCells,1.000000,vlc_sliced_c02,none,SoA,enabled,16117172,1723915,1739004,1748797,1695696,1747512,1745306,1702827,1748985,1754547,3172375,3172375,10
2025-10-02 14:33:22,10919,pairwise,PairwiseVerletLists,1.000000,vlp_c01,none,AoS,disabled,16731984,1803057,1790878,1794176,1792257,1795190,1797403,1790813,1792926,1795058,3288373,3288373,10
2025-10-02 14:33:22,10929,pairwise,PairwiseVerletLists,1.000000,vlp_c01,none,SoA,disabled,30385935,3832204,3485482,3490837,3443668,3435842,3423851,3429041,3431392,3445726,6180397,6180397,10
2025-10-02 14:33:22,10939,pairwise,PairwiseVerletLists,1.000000,vlp_c18,none,AoS,disabled,15159027,2112078,2094316,2072132,2073659,2053234,2063502,2058144,2063920,2056502,3380651,3380651,10
2025-10-02 14:33:22,10949,pairwise,PairwiseVerletLists,1.000000,vlp_c18,none,AoS,enabled,15084748,2101619,2087276,2074318,2055500,2065636,2073347,2061095,2066379,2059156,3372906,3372906,10
2025-10-02 14:33:22,10959,pairwise,PairwiseVerletLists,1.000000,vlp_c18,none,SoA,disabled,35067523,4185210,3942733,3914327,3904096,3908850,3900618,3902531,3893447,3889694,7050902,7050902,10
2025-10-02 14:33:22,10969,pairwise,PairwiseVerletLists,1.000000,vlp_c18,none,SoA,enabled,35220511,4196574,3952767,3908051,3895520,3896350,3905639,3886451,3900161,3897751,7065977,7065977,10
2025-10-02 14:33:22,10979,pairwise,PairwiseVerletLists,1.000000,vlp_sliced,none,AoS,disabled,13887016,775254,705917,714412,749687,749986,724681,757062,701990,752759,2051875,2051875,10
2025-10-02 14:33:22,10989,pairwise,PairwiseVerletLists,1.000000,vlp_sliced,none,AoS,enabled,13656212,770062,730908,740238,694192,724934,747101,692015,739462,714628,2020975,2020975,10
2025-10-02 14:33:22,10999,pairwise,PairwiseVerletLists,1.000000,vlp_sliced,none,SoA,disabled,35045547,2947902,2737906,2729567,2745795,2747707,2693351,2747972,2766299,2726178,5988822,5988822,10
2025-10-02 14:33:23,11009,pairwise,PairwiseVerletLists,1.000000,vlp_sliced,none,SoA,enabled,33268689,2892343,2811218,2725235,2755296,2764764,2730435,2737920,2752903,2712760,5815155,5815155,10
2025-10-02 14:33:23,11019,pairwise,PairwiseVerletLists,1.000000,vlp_sliced_balanced,none,AoS,disabled,13796678,839031,791315,769990,763804,765531,754099,754113,762770,767748,2076507,2076507,10
2025-10-02 14:33:23,11029,pairwise,PairwiseVerletLists,1.000000,vlp_sliced_balanced,none,AoS,enabled,13683856,797390,781994,768631,719334,699188,754521,751140,761614,767868,2048553,2048553,10
2025-10-02 14:33:23,11039,pairwise,PairwiseVerletLists,1.000000,vlp_sliced_balanced,none,SoA,disabled,34031053,2907051,2662373,2605385,2614841,2597844,2598042,2568600,2652367,2648609,5788616,5788616,10
2025-10-02 14:33:23,11049,pairwise,PairwiseVerletLists,1.000000,vlp_sliced_balanced,none,SoA,enabled,33975363,2917586,2690134,2589598,2666300,2625847,2585835,2606718,2600231,2578781,5783638,5783638,10
2025-10-02 14:33:23,11059,pairwise,PairwiseVerletLists,1.000000,vlp_sliced_c02,none,AoS,disabled,14067654,965940,911405,883910,945100,904390,797720,913136,921775,931490,2224251,2224251,10
2025-10-02 14:33:23,11069,pairwise,PairwiseVerletLists,1.000000,vlp_sliced_c02,none,AoS,enabled,13888825,934718,931964,825622,930495,889215,862626,917697,875405,912761,2196932,2196932,10
2025-10-02 14:33:23,11079,pairwise,PairwiseVerletLists,1.000000,vlp_sliced_c02,none,SoA,disabled,33789465,3092007,2921720,2849088,2832454,2878700,2790525,2793350,2915216,2801108,5966362,5966362,10
2025-10-02 14:33:23,11089,pairwise,PairwiseVerletLists,1.000000,vlp_sliced_c02,none,SoA,enabled,33621770,2936237,2889342,2793832,2740724,2652473,2764949,2738651,2832830,2818561,5878936,5878936,10
2025-10-02 14:33:23,11099,pairwise,PairwiseVerletLists,1.000000,vlp_c08,none,AoS,disabled,16648342,3436590,3395551,3393493,3394750,3388150,3389378,3395562,3390641,3393088,4722554,4722554,10
2025-10-02 14:33:23,11109,pairwise,PairwiseVerletLists,1.000000,vlp_c08,none,AoS,enabled,15412045,2466334,2427135,2400278,2389874,2385499,2381073,2388480,2384345,2393357,3702841,3702841,10
2025-10-02 14:33:23,11119,pairwise,PairwiseVerletLists,1.000000,vlp_c08,none,SoA,disabled,37383134,6162598,6142255,6127940,6128767,6116866,6116091,6111913,6108044,6112997,9251060,9251060,10
2025-10-02 14:33:23,11129,pairwise,PairwiseVerletLists,1.000000,vlp_c08,none,SoA,enabled,35464385,4784405,4548402,4508743,4501569,4502657,4507747,4506857,4501808,4507154,7633372,7633372,10
2025-10-02 14:35:47,15009,pairwise,LinkedCells,1.000000,lc_c01,none,AoS,disabled,1688130,1626261,1619990,1617765,1617699,1616995,1623546,1622371,1625145,1623886,1628178,1628178,10
2025-10-02 14:35:47,15019,pairwise,LinkedCells,1.000000,lc_c01,none,SoA,disabled,2700187,2646967,2601027,2632924,2615262,2580137,2591890,2585102,2583633,2572652,2610978,2610978,10
2025-10-02 14:35:47,15029,pairwise,LinkedCells,1.000000,lc_c01_combined_SoA,none,SoA,disabled,2205368,2227826,2228737,2231074,2224612,2237755,2226385,2230169,2223065,2229319,2226430,2226430,10
2025-10-02 14:35:47,15039,pairwise,LinkedCells,1.000000,lc_c04,none,AoS,disabled,569275,537282,532327,531107,528366,532904,528913,525328,529173,527455,534212,534212,10
2025-10-02 14:35:47,15049,pairwise,LinkedCells,1.000000,lc_c04,none,AoS,enabled,527095,527129,524527,525111,529515,532622,527474,528173,529836,528999,528048,528048,10
2025-10-02 14:35:47,15059,pairwise,LinkedCells,1.000000,lc_c04,none,SoA,disabled,1844752,1768317,1758837,1762423,1764158,1768580,1776888,1779241,1788984,1763627,1777580,1777580,10
2025-10-02 14:35:47,15069,pairwise,LinkedCells,1.000000,lc_c04,none,SoA,enabled,1780905,1779890,1765563,1756450,1793362,1765804,1766498,1775804,1758548,1777559,1772038,1772038,10
2025-10-02 14:35:47,15079,pairwise,LinkedCells,1.000000,lc_c04_HCP,none,AoS,disabled,646221,569784,565918,569253,565649,564934,562254,565907,564237,562628,573678,573678,10
2025-10-02 14:35:47,15089,pairwise,LinkedCells,1.000000,lc_c04_HCP,none,AoS,enabled,565418,560079,563818,559559,564451,561645,563947,560339,562655,560851,562276,562276,10
2025-10-02 14:35:47,15099,pairwise,LinkedCells,1.000000,lc_c04_HCP,none,SoA,disabled,2054738,2038439,2036458,2047186,2052530,2054236,2051742,2063981,2051677,2047851,2049883,2049883,10
2025-10-02 14:35:47,15109,pairwise,LinkedCells,1.000000,lc_c04_HCP,none,SoA,enabled,2046420,2048396,2050050,2055478,2039275,2063696,2048462,2049853,2067279,2055979,2052488,2052488,10
2025-10-02 14:35:47,15119,pairwise,LinkedCells,1.000000,lc_c04_combined_SoA,none,SoA,disabled,2465126,2582707,2575819,2604511,2648473,2554425,2607324,2611402,2574779,2602950,2582751,2582751,10
2025-10-02 14:35:47,15129,pairwise,LinkedCells,1.000000,lc_c04_combined_SoA,none,SoA,enabled,2248350,2392157,2435558,2382606,2436904,2380036,2439423,2383727,2417240,2434827,2395082,2395082,10
2025-10-02 14:35:47,15139,pairwise,LinkedCells,1.000000,lc_c08,none,AoS,disabled,1809595,1783602,1759078,1746388,1751172,1755105,1753796,1748438,1758293,1750665,1761612,1761612,10
2025-10-02 14:35:47,15149,pairwise,LinkedCells,1.000000,lc_c08,none,AoS,enabled,1761532,1752136,1768351,1755783,1755910,1759463,1747883,1745974,1756363,1754959,1755835,1755835,10
2025-10-02 14:35:48,15159,pairwise,LinkedCells,1.000000,lc_c08,none,SoA,disabled,3140045,3143594,3152226,3148206,3137382,3147978,3137886,3149042,3155831,3141281,3145346,3145346,10
2025-10-02 14:35:48,15169,pairwise,LinkedCells,1.000000,lc_c08,none,SoA,enabled,3151967,3146981,3143739,3144872,3147576,3144976,3153214,3142213,3148266,3143324,3146712,3146712,10
2025-10-02 14:35:48,15179,pairwise,LinkedCells,1.000000,lc_c18,none,AoS,disabled,1862066,1826587,1820076,1816860,1821466,1816027,1832301,1835392,1815346,1828538,1827465,1827465,10
2025-10-02 14:35:48,15189,pairwise,LinkedCells,1.000000,lc_c18,none,AoS,enabled,1839199,1833369,1824531,1830041,1843310,1819775,1823815,1821745,1813050,1826773,1827560,1827560,10
2025-10-02 14:35:48,15199,pairwise,LinkedCells,1.000000,lc_c18,none,SoA,disabled,2418763,2491897,2486336,2484089,2492665,2493430,2486489,2479346,2494845,2486571,2481442,2481442,10
2025-10-02 14:35:48,15209,pairwise,LinkedCells,1.000000,lc_c18,none,SoA,enabled,2488942,2493978,2490477,2490641,2488718,2488663,2485477,2476763,2484848,2477747,2486625,2486625,10
2025-10-02 14:35:48,15219,pairwise,LinkedCells,1.000000,lc_sliced,none,AoS,disabled,669215,463896,439276,450147,441430,434927,428583,427999,428881,422880,460722,460722,10
2025-10-02 14:35:48,15229,pairwise,LinkedCells,1.000000,lc_sliced,none,AoS,enabled,712107,419748,431779,433974,426019,427685,425051,427148,423204,422908,454961,454961,10
2025-10-02 14:35:48,15239,pairwise,LinkedCells,1.000000,lc_sliced,none,SoA,disabled,2064432,1798170,1912982,1886552,1777546,1909181,1929867,1934878,1915981,1886869,1901645,1901645,10
2025-10-02 14:35:48,15249,pairwise,LinkedCells,1.000000,lc_sliced,none,SoA,enabled,1946217,1923759,1903156,1967083,1761670,1920710,1894211,1961187,1986871,1899825,1916468,1916468,10
2025-10-02 14:35:48,15259,pairwise,LinkedCells,1.000000,lc_sliced_balanced,none,AoS,disabled,471458,463794,435005,427856,425936,426173,426545,428846,428685,425918,436021,436021,10
2025-10-02 14:35:48,15269,pairwise,LinkedCells,1.000000,lc_sliced_balanced,none,AoS,enabled,423041,424770,427302,429325,427037,424996,425693,422451,426425,428327,425936,425936,10
2025-10-02 14:35:48,15279,pairwise,LinkedCells,1.000000,lc_sliced_balanced,none,SoA,disabled,1948278,1862765,1865442,1706893,1868720,1858126,1887405,1875033,1868210,1875175,1861604,1861604,10
2025-10-02 14:35:48,15289,pairwise,LinkedCells,1.000000,lc_sliced_balanced,none,SoA,enabled,1766093,1881011,1775984,1828886,1803076,1895650,1883950,1859701,1874310,1700411,1826906,1826906,10
2025-10-02 14:35:48,15299,pairwise,LinkedCells,1.000000,lc_sliced_balanced,squared-particles-per-cell,AoS,disabled,1024914,848706,802510,800345,796301,789342,793501,786863,792995,791913,822738,822738,10
2025-10-02 14:35:48,15309,pairwise,LinkedCells,1.000000,lc_sliced_balanced,squared-particles-per-cell,AoS,enabled,799412,784436,779518,774140,782872,781523,773883,777071,780959,777902,781170,781170,10
2025-10-02 14:35:48,15319,pairwise,LinkedCells,1.000000,lc_sliced_balanced,squared-particles-per-cell,SoA,disabled,2997228,2939222,2773022,2838470,2822307,2790348,2776102,2795874,2772208,2759687,2826446,2826446,10
2025-10-02 14:35:48,15329,pairwise,LinkedCells,1.000000,lc_sliced_balanced,squared-particles-per-cell,SoA,enabled,2747994,2824193,2816074,2765152,2815160,2805393,2894534,2807631,2796058,2760628,2803281,2803281,10
2025-10-02 14:35:48,15339,pairwise,LinkedCells,1.000000,lc_sliced_c02,none,AoS,disabled,629872,487718,455107,428610,430457,423329,417770,418062,421133,416498,452855,452855,10
2025-10-02 14:35:48,15349,pairwise,LinkedCells,1.000000,lc_sliced_c02,none,AoS,enabled,422846,421525,414059,416323,415019,420332,418497,413068,414766,420032,417646,417646,10
2025-10-02 14:35:48,15359,pairwise,LinkedCells,1.000000,lc_sliced_c02,none,SoA,disabled,2094033,1835909,1775060,1762248,1782760,1766087,1768107,1769609,1739546,1747252,1804061,1804061,10
2025-10-02 14:35:48,15369,pairwise,LinkedCells,1.000000,lc_sliced_c02,none,SoA,enabled,1904525,1753050,1766538,1772249,1777285,1755707,1771481,1797616,1760555,1746528,1780552,1780552,10
2025-10-02 14:35:48,15379,pairwise,VerletClusterLists,1.000000,vcl_c01_balanced,none,AoS,disabled,94019,45432,45673,45414,44376,42911,44051,44027,45475,44126,49550,49550,10
2025-10-02 14:35:48,15389,pairwise,VerletClusterLists,1.000000,vcl_c01_balanced,none,SoA,disabled,86350,62406,60074,61204,62219,60490,61232,59922,65527,59806,63922,63922,10
2025-10-02 14:35:48,15399,pairwise,VerletClusterLists,1.000000,vcl_c06,none,AoS,disabled,87706,69298,71758,68116,70257,68154,67624,72564,68505,69071,71305,71305,10
2025-10-02 14:35:48,15409,pairwise,VerletClusterLists,1.000000,vcl_c06,none,AoS,enabled,89301,71260,73256,71598,69632,72837,69438,69914,75675,69253,73216,73216,10
2025-10-02 14:35:48,15419,pairwise,VerletClusterLists,1.000000,vcl_c06,none,SoA,disabled,105160,88527,86130,85679,90514,86199,89135,88552,89812,87389,89709,89709,10
2025-10-02 14:35:48,15429,pairwise,VerletClusterLists,1.000000,vcl_c06,none,SoA,enabled,111139,87137,86386,86102,88232,87047,91247,89708,86214,84385,89759,89759,10
2025-10-02 14:35:48,15439,pairwise,VerletClusterLists,1.000000,vcl_sliced,none,AoS,disabled,74459,54515,56611,52262,51157,52621,53009,55168,50601,49777,55017,55017,10
2025-10-02 14:35:48,15449,pairwise,VerletClusterLists,1.000000,vcl_sliced,none,AoS,enabled,65395,49229,51710,48125,52338,48104,51005,50852,50144,49084,51598,51598,10
2025-10-02 14:35:48,15459,pairwise,VerletClusterLists,1.000000,vcl_sliced,none,SoA,disabled,82224,64328,66436,67360,62198,65333,64364,63009,67211,65273,66772,66772,10
2025-10-02 14:35:48,15469,pairwise,VerletClusterLists,1.000000,vcl_sliced,none,SoA,enabled,79802,63533,63452,66804,65788,67980,64814,66121,66479,65304,67007,67007,10
2025-10-02 14:35:48,15479,pairwise,VerletClusterLists,1.000000,vcl_sliced_balanced,none,AoS,disabled,75830,55507,53904,53334,52311,54254,54607,53840,53950,52809,56034,56034,10
2025-10-02 14:35:48,15489,pairwise,VerletClusterLists,1.000000,vcl_sliced_balanced,none,AoS,enabled,68695,54604,53175,57077,52896,52125,52139,53881,51855,50876,54731,54731,10
2025-10-02 14:35:48,15499,pairwise,VerletClusterLists,1.000000,vcl_sliced_balanced,none,SoA,disabled,86778,69497,68348,69222,68828,71942,68845,75828,71216,72034,72253,72253,10
2025-10-02 14:35:48,15509,pairwise,VerletClusterLists,1.000000,vcl_sliced_balanced,none,SoA,enabled,86845,67674,71693,69425,71914,70101,74707,71095,72310,70995,72675,72675,10
2025-10-02 14:35:48,15519,pairwise,VerletClusterLists,1.000000,vcl_sliced_balanced,neighbor-list-length,AoS,disabled,86337,55748,55206,53817,52822,53194,54177,53757,54610,54235,57390,57390,10
2025-10-02 14:35:48,15529,pairwise,VerletClusterLists,1.000000,vcl_sliced_balanced,neighbor-list-length,AoS,enabled,72102,52204,54953,54844,56308,58555,52494,54197,55165,52126,56294,56294,10
2025-10-02 14:35:48,15539,pairwise,VerletClusterLists,1.000000,vcl_sliced_balanced,neighbor-list-length,SoA,disabled,90453,72215,72966,73178,70618,69815,69398,70085,70501,69139,72836,72836,10
2025-10-02 14:35:48,15549,pairwise,VerletClusterLists,1.000000,vcl_sliced_balanced,neighbor-list-length,SoA,enabled,89449,71572,71886,70639,70459,72101,70226,70146,69816,71928,72821,72821,10
2025-10-02 14:35:48,15559,pairwise,VerletClusterLists,1.000000,vcl_sliced_c02,none,AoS,disabled,82114,53826,55326,53703,59936,54424,54632,52343,54039,53861,57419,57419,10
2025-10-02 14:35:48,15569,pairwise,VerletClusterLists,1.000000,vcl_sliced_c02,none,AoS,enabled,73729,54870,56105,56567,57009,54991,53299,51931,52067,55530,56609,56609,10
2025-10-02 14:35:48,15579,pairwise,VerletClusterLists,1.000000,vcl_sliced_c02,none,SoA,disabled,90862,69350,66532,67964,68431,71560,69447,71319,69041,68149,71265,71265,10
2025-10-02 14:35:48,15589,pairwise,VerletClusterLists,1.000000,vcl_sliced_c02,none,SoA,enabled,86864,67774,69431,68099,69733,69302,68791,73623,68193,69237,71104,71104,10
2025-10-02 14:35:48,15599,pairwise,VerletLists,1.000000,vl_list_iteration,none,AoS,disabled,4091903,48769,48362,50906,51498,59805,51687,52471,49830,51000,455623,455623,10
2025-10-02 14:35:48,15609,pairwise,VerletLists,1.000000,vl_list_iteration,none,SoA,disabled,7575904,1771262,1689558,1654955,1676374,1678394,1701005,1629421,1590108,1588778,2255575,2255575,10
2025-10-02 14:35:48,15619,pairwise,VerletListsCells,1.000000,vlc_c01,none,AoS,disabled,21338277,1575475,1579524,1586938,1578003,1577640,1586493,1576315,1581488,1581624,3556176,3556176,10
2025-10-02 14:35:48,15629,pairwise,VerletListsCells,1.000000,vlc_c01,none,SoA,disabled,26746867,3178328,3146348,3129798,3123472,3124005,3130050,3155319,3127615,3119138,5498093,5498093,10
2025-10-02 14:35:48,15639,pairwise,VerletListsCells,1.000000,vlc_c18,none,AoS,disabled,14140028,1819491,1814714,1811849,1821543,1813069,1814720,1812592,1817472,1813711,3047918,3047918,10
2025-10-02 14:35:48,15649,pairwise,VerletListsCells,1.000000,vlc_c18,none,AoS,enabled,13720499,1822756,1817530,1813980,1821332,1818609,1815151,1815261,1815533,1817674,3007832,3007832,10
2025-10-02 14:35:48,15659,pairwise,VerletListsCells,1.000000,vlc_c18,none,SoA,disabled,18356104,3442900,3426499,3389578,3393034,3391569,3385491,3394442,3400066,3402580,4898225,4898225,10
2025-10-02 14:35:48,15669,pairwise,VerletListsCells,1.000000,vlc_c18,none,SoA,enabled,17829708,3415588,3389141,3385920,3370199,3372329,3388048,3395282,3377679,3398356,4832224,4832224,10
2025-10-02 14:35:48,15679,pairwise,VerletListsCells,1.000000,vlc_c08,none,AoS,disabled,10332871,1663248,1663766,1664457,1665204,1662879,1656440,1668249,1662442,1663831,2530338,2530338,10
2025-10-02 14:35:48,15689,pairwise,VerletListsCells,1.000000,vlc_c08,none,AoS,enabled,9921650,1656910,1664627,1663564,1664042,1658840,1662863,1658785,1661449,1657036,2486975,2486975,10
2025-10-02 14:35:48,15699,pairwise,VerletListsCells,1.000000,vlc_c08,none,SoA,disabled,14589711,3335677,3297531,3285195,3284328,3293465,3269941,3274001,3281852,3296511,4420820,4420820,10
2025-10-02 14:35:49,15709,pairwise,VerletListsCells,1.000000,vlc_c08,none,SoA,enabled,14255767,3336794,3290956,3276683,3293716,3282421,3280898,3282199,3287095,3308475,4389499,4389499,10
2025-10-02 14:35:49,15719,pairwise,VerletListsCells,1.000000,vlc_sliced,none,AoS,disabled,12170487,106270,104502,101771,102387,101323,100698,100093,102561,100351,1309044,1309044,10
2025-10-02 14:35:49,15729,pairwise,VerletListsCells,1.000000,vlc_sliced,none,AoS,enabled,12047436,102054,101630,100740,100143,101541,100973,100505,101695,98367,1295507,1295507,10
2025-10-02 14:35:49,15739,pairwise,VerletListsCells,1.000000,vlc_sliced,none,SoA,disabled,16817594,1813731,1702619,1693165,1753660,1746612,1644069,1741238,1738103,1730426,3238121,3238121,10
2025-10-02 14:35:49,15749,pairwise,VerletListsCells,1.000000,vlc_sliced,none,SoA,enabled,16266644,1742255,1737730,1756789,1753998,1734237,1741990,1741887,1747550,1739881,3196295,3196295,10
2025-10-02 14:35:49,15759,pairwise,VerletListsCells,1.000000,vlc_sliced_balanced,none,AoS,disabled,12381493,108911,107156,105392,104408,106060,106150,104540,106183,105500,1333579,1333579,10
2025-10-02 14:35:49,15769,pairwise,VerletListsCells,1.000000,vlc_sliced_balanced,none,AoS,enabled,12121853,108188,106345,105296,105160,105787,105451,103729,107461,105418,1307468,1307468,10
2025-10-02 14:35:49,15779,pairwise,VerletListsCells,1.000000,vlc_sliced_balanced,none,SoA,disabled,16838195,1789433,1778201,1753775,1743083,1739360,1738216,1739593,1739445,1701630,3256092,3256092,10
2025-10-02 14:35:49,15789,pairwise,VerletListsCells,1.000000,vlc_sliced_balanced,none,SoA,enabled,16260534,1813363,1775056,1710934,1745298,1738768,1737521,1743373,1738945,1737917,3200170,3200170,10
2025-10-02 14:35:49,15799,pairwise,VerletListsCells,1.000000,vlc_sliced_balanced,squared-particles-per-cell,AoS,disabled,11579152,175408,167256,160435,166700,161553,158088,157408,158050,157489,1304153,1304153,10
2025-10-02 14:35:49,15809,pairwise,VerletListsCells,1.000000,vlc_sliced_balanced,squared-particles-per-cell,AoS,enabled,12118596,167396,159232,162947,158665,158859,158866,156265,158091,158943,1355785,1355785,10
2025-10-02 14:35:49,15819,pairwise,VerletListsCells,1.000000,vlc_sliced_balanced,squared-particles-per-cell,SoA,disabled,16680824,1735466,1692014,1689847,1684711,1625205,1701045,1639079,1660387,1651967,3176054,3176054,10
2025-10-02 14:35:49,15829,pairwise,VerletListsCells,1.000000,vlc_sliced_balanced,squared-particles-per-cell,SoA,enabled,16567082,1735963,1706459,1664152,1705301,1738642,1744953,1700028,1677001,1730251,3196982,3196982,10
2025-10-02 14:35:49,15839,pairwise,VerletListsCells,1.000000,vlc_sliced_balanced,neighbor-list-length,AoS,disabled,11689273,131717,131084,129638,127837,128207,130327,133743,128270,131065,1286115,1286115,10
2025-10-02 14:35:49,15849,pairwise,VerletListsCells,1.000000,vlc_sliced_balanced,neighbor-list-length,AoS,enabled,12167612,127734,127500,126159,125947,127914,125692,126909,127923,125306,1330869,1330869,10
2025-10-02 14:35:49,15859,pairwise,VerletListsCells,1.000000,vlc_sliced_balanced,neighbor-list-length,SoA,disabled,16651726,1810632,1682836,1679490,1772103,1677010,1700607,1771518,1774525,1666479,3218692,3218692,10
2025-10-02 14:35:49,15869,pairwise,VerletListsCells,1.000000,vlc_sliced_balanced,neighbor-list-length,SoA,enabled,16443255,1809878,1785739,1771895,1765852,1668857,1766111,1766707,1695886,1734183,3220835,3220835,10
2025-10-02 14:35:49,15879,pairwise,VerletListsCells,1.000000,vlc_sliced_c02,none,AoS,disabled,11539399,120449,116898,108813,114459,110348,110445,110514,111983,111183,1255449,1255449,10
2025-10-02 14:35:49,15889,pairwise,VerletListsCells,1.000000,vlc_sliced_c02,none,AoS,enabled,12071780,113037,111665,110624,108599,108493,107147,108074,106982,106770,1305316,1305316,10
2025-10-02 14:35:49,15899,pairwise,VerletListsCells,1.000000,vlc_sliced_c02,none,SoA,disabled,16775694,1872080,1827832,1800932,1807539,1862665,1859150,1870822,1875867,1878374,3343095,3343095,10
2025-10-02 14:35:49,15909,pairwise,VerletListsCells,1.000000,vlc_sliced_c02,none,SoA,enabled,16459129,1868886,1809095,1842427,1841927,1862517,1849888,1843346,1845079,1860594,3308288,3308288,10
2025-10-02 14:35:49,15919,pairwise,PairwiseVerletLists,1.000000,vlp_c01,none,AoS,disabled,16719280,1802419,1793653,1797762,1796471,1799198,1800530,1800062,1798103,1798524,3290599,3290599,10
2025-10-02 14:35:49,15929,pairwise,PairwiseVerletLists,1.000000,vlp_c01,none,SoA,disabled,30922887,3747043,3422846,3367062,3359301,3361173,3349098,3345070,3348382,3352656,6157551,6157551,10
2025-10-02 14:35:49,15939,pairwise,PairwiseVerletLists,1.000000,vlp_c18,none,AoS,disabled,15223688,2098000,2073560,2059517,2050110,2073357,2068145,2053278,2059390,2058671,3381771,3381771,10
2025-10-02 14:35:49,15949,pairwise,PairwiseVerletLists,1.000000,vlp_c18,none,AoS,enabled,15071628,2080650,2068570,2070006,2065676,2060012,2074623,2063175,2058598,2064800,3367773,3367773,10
2025-10-02 14:35:49,15959,pairwise,PairwiseVerletLists,1.000000,vlp_c18,none,SoA,disabled,35088284,4182403,3933810,3891824,3855423,3880580,3883702,3882389,3867492,3853119,7031901,7031901,10
2025-10-02 14:35:49,15969,pairwise,PairwiseVerletLists,1.000000,vlp_c18,none,SoA,enabled,35478337,4203731,3941296,3877373,3872778,3877803,3870845,3874511,3863652,3885512,7074583,7074583,10
2025-10-02 14:35:49,15979,pairwise,PairwiseVerletLists,1.000000,vlp_sliced,none,AoS,disabled,13916512,801506,756270,729207,727576,719654,725718,718674,728026,709102,2053224,2053224,10
2025-10-02 14:35:49,15989,pairwise,PairwiseVerletLists,1.000000,vlp_sliced,none,AoS,enabled,13669905,775947,729550,722441,702812,705704,725545,732242,718131,719614,2020188,2020188,10
2025-10-02 14:35:50,15999,pairwise,PairwiseVerletLists,1.000000,vlp_sliced,none,SoA,disabled,34318265,2967826,2758929,2664273,2705846,2686826,2675180,2756393,2721970,2693288,5894879,5894879,10
2025-10-02 14:35:50,16009,pairwise,PairwiseVerletLists,1.000000,vlp_sliced,none,SoA,enabled,34193666,2920768,2764681,2648139,2717840,2763996,2798734,2709029,2738159,2777886,5903289,5903289,10
2025-10-02 14:35:50,16019,pairwise,PairwiseVerletLists,1.000000,vlp_sliced_balanced,none,AoS,disabled,13859059,825619,784724,755424,758945,751966,748533,748816,741884,761353,2073631,2073631,10
2025-10-02 14:35:50,16029,pairwise,PairwiseVerletLists,1.000000,vlp_sliced_balanced,none,AoS,enabled,13685287,778497,753481,750442,753564,757048,756063,760800,758572,758404,2051215,2051215,10
2025-10-02 14:35:50,16039,pairwise,PairwiseVerletLists,1.000000,vlp_sliced_balanced,none,SoA,disabled,34461209,2896134,2658019,2656443,2589654,2590699,2592739,2598066,2609746,2612445,5826514,5826514,10
2025-10-02 14:35:50,16049,pairwise,PairwiseVerletLists,1.000000,vlp_sliced_balanced,none,SoA,enabled,34088940,2925797,2653022,2618887,2627439,2624139,2589067,2611969,2590324,2641090,5797067,5797067,10
2025-10-02 14:35:50,16059,pairwise,PairwiseVerletLists,1.000000,vlp_sliced_c02,none,AoS,disabled,14076298,963758,931706,919284,914841,895795,902727,888305,912855,904369,2230993,2230993,10
2025-10-02 14:35:50,16069,pairwise,PairwiseVerletLists,1.000000,vlp_sliced_c02,none,AoS,enabled,13869998,946701,920310,893348,903472,911273,891070,885686,897369,924576,2204379,2204379,10
2025-10-02 14:35:50,16079,pairwise,PairwiseVerletLists,1.000000,vlp_sliced_c02,none,SoA,disabled,34501205,2959976,2731726,2737387,2781890,2851903,2804408,2831296,2807548,2791947,5979927,5979927,10
2025-10-02 14:35:50,16089,pairwise,PairwiseVerletLists,1.000000,vlp_sliced_c02,none,SoA,enabled,33723830,2993685,2922522,2784352,2946824,2854795,2835281,2689382,2745023,2793751,5928943,5928943,10
2025-10-02 14:35:50,16099,pairwise,PairwiseVerletLists,1.000000,vlp_c08,none,AoS,disabled,16671227,3363861,3354185,3356778,3361041,3357663,3348947,3348018,3348000,3345689,4685540,4685540,10
2025-10-02 14:35:50,16109,pairwise,PairwiseVerletLists,1.000000,vlp_c08,none,AoS,enabled,15364528,2445010,2399629,2398699,2383872,2384944,2391640,2403656,2399364,2392334,3696367,3696367,10
2025-10-02 14:35:50,16119,pairwise,PairwiseVerletLists,1.000000,vlp_c08,none,SoA,disabled,37138657,6228699,6193837,6189481,6186595,6198463,6178304,6182010,6166980,6178299,9284132,9284132,10
2025-10-02 14:35:50,16129,pairwise,PairwiseVerletLists,1.000000,vlp_c08,none,SoA,enabled,35838296,4757503,4544236,4448166,4436832,4434595,4435750,4445123,4440014,4423491,7620399,7620399,10
2025-10-02 14:38:14,20009,pairwise,LinkedCells,1.000000,lc_c01,none,AoS,disabled,1691492,1624731,1621418,1614391,1616572,1628324,1621899,1629308,1623096,1620612,1629184,1629184,10
2025-10-02 14:38:14,20019,pairwise,LinkedCells,1.000000,lc_c01,none,SoA,disabled,2660636,2605490,2592295,2588027,2578479,2578908,2526018,2549051,2583630,2545676,2580820,2580820,10
2025-10-02 14:38:14,20029,pairwise,LinkedCells,1.000000,lc_c01_combined_SoA,none,SoA,disabled,2161441,2171469,2156292,2172017,2171670,2169525,2168401,2164142,2172490,2184726,2169217,2169217,10
2025-10-02 14:38:14,20039,pairwise,LinkedCells,1.000000,lc_c04,none,AoS,disabled,556150,532829,531943,531876,528789,527240,527158,528722,524670,526526,531589,531589,10
2025-10-02 14:38:14,20049,pairwise,LinkedCells,1.000000,lc_c04,none,AoS,enabled,531046,526975,530334,531399,526826,529678,528802,529453,527602,528253,529036,529036,10
2025-10-02 14:38:14,20059,pairwise,LinkedCells,1.000000,lc_c04,none,SoA,disabled,1767460,1713647,1705129,1691222,1691996,1697380,1704539,1707059,1700352,1701309,1708008,1708008,10
2025-10-02 14:38:14,20069,pairwise,LinkedCells,1.000000,lc_c04,none,SoA,enabled,1740145,1690241,1692571,1723011,1692064,1693257,1696799,1699038,1684303,1701101,1701252,1701252,10
2025-10-02 14:38:14,20079,pairwise,LinkedCells,1.000000,lc_c04_HCP,none,AoS,disabled,625341,569762,569049,562827,566731,564604,566549,565648,559023,569275,571880,571880,10
2025-10-02 14:38:14,20089,pairwise,LinkedCells,1.000000,lc_c04_HCP,none,AoS,enabled,561053,558472,559282,561031,563442,554536,556793,561948,556559,561604,559471,559471,10
2025-10-02 14:38:14,20099,pairwise,LinkedCells,1.000000,lc_c04_HCP,none,SoA,disabled,1932571,1950269,1930762,1950568,1941874,1940477,1926803,1949645,1941927,1948815,1941370,1941370,10
2025-10-02 14:38:14,20109,pairwise,LinkedCells,1.000000,lc_c04_HCP,none,SoA,enabled,1944556,1943964,1944545,1949265,1955641,1944225,1941035,1945833,1947038,1935868,1945196,1945196,10
2025-10-02 14:38:14,20119,pairwise,LinkedCells,1.000000,lc_c04_combined_SoA,none,SoA,disabled,2468084,2449044,2443595,2432392,2426684,2434609,2436225,2426066,2431049,2429997,2437773,2437773,10
2025-10-02 14:38:14,20129,pairwise,LinkedCells,1.000000,lc_c04_combined_SoA,none,SoA,enabled,2248808,2243776,2250787,2242985,2246316,2239578,2239203,2254917,2236079,2239529,2244197,2244197,10
2025-10-02 14:38:14,20139,pairwise,LinkedCells,1.000000,lc_c08,none,AoS,disabled,1803244,1767136,1755990,1750617,1743143,1755688,1743241,1759955,1746962,1753586,1757956,1757956,10
2025-10-02 14:38:14,20149,pairwise,LinkedCells,1.000000,lc_c08,none,AoS,enabled,1758087,1758940,1774003,1759867,1760430,1757761,1751809,1756904,1752108,1757488,1758739,1758739,10
2025-10-02 14:38:14,20159,pairwise,LinkedCells,1.000000,lc_c08,none,SoA,disabled,2976159,2984083,2980835,2971902,2980291,2973771,2988072,2982201,2986309,2984119,2980774,2980774,10
2025-10-02 14:38:14,20169,pairwise,LinkedCells,1.000000,lc_c08,none,SoA,enabled,2986083,2976398,2989795,2986043,2996900,2989410,2986761,2988458,2992871,2983193,2987590,2987590,10
2025-10-02 14:38:14,20179,pairwise,LinkedCells,1.000000,lc_c18,none,AoS,disabled,1860252,1830955,1828288,1830653,1829264,1829336,1823929,1825534,1840707,1822094,1832100,1832100,10
2025-10-02 14:38:14,20189,pairwise,LinkedCells,1.000000,lc_c18,none,AoS,enabled,1845419,1829027,1831278,1831761,1823453,1814326,1837367,1837195,1820657,1820285,1829076,1829076,10
2025-10-02 14:38:14,20199,pairwise,LinkedCells,1.000000,lc_c18,none,SoA,disabled,2366493,2463712,2461090,2450344,2457069,2449710,2453766,2446899,2444456,2443126,2443666,2443666,10
2025-10-02 14:38:14,20209,pairwise,LinkedCells,1.000000,lc_c18,none,SoA,enabled,2448653,2444114,2466030,2441221,2449456,2443679,2443873,2446675,2447901,2444412,2447600,2447600,10
2025-10-02 14:38:14,20219,pairwise,LinkedCells,1.000000,lc_sliced,none,AoS,disabled,643482,461431,437632,424201,424396,427039,422940,418555,423670,419764,450310,450310,10
2025-10-02 14:38:14,20229,pairwise,LinkedCells,1.000000,lc_sliced,none,AoS,enabled,538802,424248,424782,422558,419928,422149,425743,425554,421702,420891,434635,434635,10
2025-10-02 14:38:14,20239,pairwise,LinkedCells,1.000000,lc_sliced,none,SoA,disabled,1913065,1744366,1723280,1674896,1672362,1662530,1737392,1709449,1692291,1756489,1728611,1728611,10
2025-10-02 14:38:14,20249,pairwise,LinkedCells,1.000000,lc_sliced,none,SoA,enabled,1739414,1719983,1751900,1704447,1757681,1836156,1671189,1799684,1671232,1780949,1743263,1743263,10
2025-10-02 14:38:14,20259,pairwise,LinkedCells,1.000000,lc_sliced_balanced,none,AoS,disabled,638453,459695,432828,430960,427082,425257,424706,424731,429951,430133,452378,452378,10
2025-10-02 14:38:14,20269,pairwise,LinkedCells,1.000000,lc_sliced_balanced,none,AoS,enabled,424245,425500,425955,428418,430934,426665,426998,422679,424747,428836,426497,426497,10
2025-10-02 14:38:14,20279,pairwise,LinkedCells,1.000000,lc_sliced_balanced,none,SoA,disabled,1977103,1727399,1607951,1615850,1784149,1666684,1705107,1719623,1711197,1692720,1720777,1720777,10
2025-10-02 14:38:14,20289,pairwise,LinkedCells,1.000000,lc_sliced_balanced,none,SoA,enabled,1703514,1616665,1719354,1718134,1607306,1692368,1697763,1592120,1696670,1680296,1672419,1672419,10
2025-10-02 14:38:14,20299,pairwise,LinkedCells,1.000000,lc_sliced_balanced,squared-particles-per-cell,AoS,disabled,1049029,864258,810269,795386,794163,788068,793416,790761,787048,792350,826474,826474,10
2025-10-02 14:38:14,20309,pairwise,LinkedCells,1.000000,lc_sliced_balanced,squared-particles-per-cell,AoS,enabled,811533,787289,784957,781914,774035,779223,776940,779107,777307,782003,783430,783430,10
2025-10-02 14:38:14,20319,pairwise,LinkedCells,1.000000,lc_sliced_balanced,squared-particles-per-cell,SoA,disabled,3037894,2998052,2980609,2915672,2961787,2953357,2967513,2910482,2972694,2973438,2967149,2967149,10
2025-10-02 14:38:14,20329,pairwise,LinkedCells,1.000000,lc_sliced_balanced,squared-particles-per-cell,SoA,enabled,2936156,2927014,2940410,2948287,2946469,2953157,2935381,2950009,2930653,2955646,2942317,2942317,10
2025-10-02 14:38:14,20339,pairwise,LinkedCells,1.000000,lc_sliced_c02,none,AoS,disabled,603601,484842,436937,423760,420422,422261,417880,423085,414580,415995,446335,446335,10
2025-10-02 14:38:14,20349,pairwise,LinkedCells,1.000000,lc_sliced_c02,none,AoS,enabled,424974,419199,419145,415461,412341,416554,421517,422028,411787,412770,417576,417576,10
2025-10-02 14:38:14,20359,pairwise,LinkedCells,1.000000,lc_sliced_c02,none,SoA,disabled,1821528,1728359,1696039,1713983,1689676,1680844,1686767,1698960,1682126,1696276,1709455,1709455,10
2025-10-02 14:38:14,20369,pairwise,LinkedCells,1.000000,lc_sliced_c02,none,SoA,enabled,1846295,1679610,1666890,1700479,1674832,1685432,1706526,1688640,1648293,1695102,1699209,1699209,10
2025-10-02 14:38:14,20379,pairwise,VerletClusterLists,1.000000,vcl_c01_balanced,none,AoS,disabled,103811,47261,45892,51552,45433,45089,46303,46552,48439,47290,52762,52762,10
2025-10-02 14:38:14,20389,pairwise,VerletClusterLists,1.000000,vcl_c01_balanced,none,SoA,disabled,93354,64184,62526,62929,63999,63420,64367,61284,61376,62680,66011,66011,10
2025-10-02 14:38:14,20399,pairwise,VerletClusterLists,1.000000,vcl_c06,none,AoS,disabled,90835,69421,71568,71212,76682,71914,69878,69619,68967,70482,73057,73057,10
2025-10-02 14:38:14,20409,pairwise,VerletClusterLists,1.000000,vcl_c06,none,AoS,enabled,90222,68455,70967,68827,69120,68790,68173,68050,70055,68990,71164,71164,10
2025-10-02 14:38:14,20419,pairwise,VerletClusterLists,1.000000,vcl_c06,none,SoA,disabled,103526,86955,86212,86810,85395,85595,85967,84475,87610,88627,88117,88117,10
2025-10-02 14:38:14,20429,pairwise,VerletClusterLists,1.000000,vcl_c06,none,SoA,enabled,103748,85698,86748,89133,86511,85513,88854,86904,86463,84849,88441,88441,10
2025-10-02 14:38:14,20439,pairwise,VerletClusterLists,1.000000,vcl_sliced,none,AoS,disabled,74879,54683,56172,48532,48509,48206,48003,51260,54015,53412,53766,53766,10
2025-10-02 14:38:14,20449,pairwise,VerletClusterLists,1.000000,vcl_sliced,none,AoS,enabled,69258,52303,53084,52544,51985,49316,50320,50172,52662,49555,53119,53119,10
2025-10-02 14:38:14,20459,pairwise,VerletClusterLists,1.000000,vcl_sliced,none,SoA,disabled,85819,68669,67930,68785,69942,66710,65279,62985,62927,66499,68554,68554,10
2025-10-02 14:38:14,20469,pairwise,VerletClusterLists,1.000000,vcl_sliced,none,SoA,enabled,86234,67162,64815,67681,64346,65316,64863,64605,68411,64943,67837,67837,10
2025-10-02 14:38:14,20479,pairwise,VerletClusterLists,1.000000,vcl_sliced_balanced,none,AoS,disabled,74382,55717,54663,52196,54967,58235,53725,55641,54511,54769,56880,56880,10
2025-10-02 14:38:14,20489,pairwise,VerletClusterLists,1.000000,vcl_sliced_balanced,none,AoS,enabled,73190,54830,58119,55156,54302,53093,54113,55989,54855,53369,56701,56701,10
2025-10-02 14:38:14,20499,pairwise,VerletClusterLists,1.000000,vcl_sliced_balanced,none,SoA,disabled,89828,71675,71328,70001,72600,70324,71157,71561,68144,68880,72549,72549,10
2025-10-02 14:38:14,20509,pairwise,VerletClusterLists,1.000000,vcl_sliced_balanced,none,SoA,enabled,89535,69893,70172,67755,69369,71218,67894,69437,68722,67065,71105,71105,10
2025-10-02 14:38:14,20519,pairwise,VerletClusterLists,1.000000,vcl_sliced_balanced,neighbor-list-length,AoS,disabled,82916,53767,52942,53458,54136,52292,55733,52810,52738,53200,56398,56398,10
2025-10-02 14:38:14,20529,pairwise,VerletClusterLists,1.000000,vcl_sliced_balanced,neighbor-list-length,AoS,enabled,71511,53168,53030,53367,58581,52274,52968,52080,52787,52224,55198,55198,10
2025-10-02 14:38:14,20539,pairwise,VerletClusterLists,1.000000,vcl_sliced_balanced,neighbor-list-length,SoA,disabled,92442,76302,71643,69878,71361,73914,70960,72531,68951,74086,74206,74206,10
2025-10-02 14:38:14,20549,pairwise,VerletClusterLists,1.000000,vcl_sliced_balanced,neighbor-list-length,SoA,enabled,88202,74402,69336,71230,74951,69746,70665,71307,70300,69063,72920,72920,10
2025-10-02 14:38:14,20559,pairwise,VerletClusterLists,1.000000,vcl_sliced_c02,none,AoS,disabled,82411,55283,52873,54687,55298,55097,52819,52593,59655,54850,57556,57556,10
2025-10-02 14:38:14,20569,pairwise,VerletClusterLists,1.000000,vcl_sliced_c02,none,AoS,enabled,73458,52176,50534,51831,50632,50942,53990,52718,50466,54162,54090,54090,10
2025-10-02 14:38:14,20579,pairwise,VerletClusterLists,1.000000,vcl_sliced_c02,none,SoA,disabled,91300,69709,67732,68519,71483,66668,67268,67622,68046,68995,70734,70734,10
2025-10-02 14:38:14,20589,pairwise,VerletClusterLists,1.000000,vcl_sliced_c02,none,SoA,enabled,85504,68201,68961,74119,66866,69749,71118,67218,69963,66724,70842,70842,10
2025-10-02 14:38:14,20599,pairwise,VerletLists,1.000000,vl_list_iteration,none,AoS,disabled,4119873,48597,48364,49045,48393,48673,47883,49452,49972,51003,456125,456125,10
2025-10-02 14:38:14,20609,pairwise,VerletLists,1.000000,vl_list_iteration,none,SoA,disabled,7564490,1754739,1713644,1705084,1709161,1750849,1710821,1678311,1611495,1611830,2281041,2281041,10
2025-10-02 14:38:15,20619,pairwise,VerletListsCells,1.000000,vlc_c01,none,AoS,disabled,21337440,1586103,1577557,1570786,1574915,1574966,1580158,1580102,1575320,1579102,3553644,3553644,10
2025-10-02 14:38:15,20629,pairwise,VerletListsCells,1.000000,vlc_c01,none,SoA,disabled,26636777,3258653,3179151,3149242,3144449,3137753,3140922,3124182,3135564,3134279,5504096,5504096,10
2025-10-02 14:38:15,20639,pairwise,VerletListsCells,1.000000,vlc_c18,none,AoS,disabled,14247949,1818141,1819103,1815809,1816661,1822967,1813675,1816492,1812141,1812984,3059591,3059591,10
2025-10-02 14:38:15,20649,pairwise,VerletListsCells,1.000000,vlc_c18,none,AoS,enabled,13789674,1822801,1815469,1809861,1814369,1819067,1815773,1814603,1818912,1819085,3013961,3013961,10
2025-10-02 14:38:15,20659,pairwise,VerletListsCells,1.000000,vlc_c18,none,SoA,disabled,18499382,3495799,3468813,3462199,3427720,3401239,3382725,3384109,3435399,3427448,4938482,4938482,10
2025-10-02 14:38:15,20669,pairwise,VerletListsCells,1.000000,vlc_c18,none,SoA,enabled,17994126,3420429,3434663,3414519,3437489,3438061,3403846,3381071,3378407,3443440,4874604,4874604,10
2025-10-02 14:38:15,20679,pairwise,VerletListsCells,1.000000,vlc_c08,none,AoS,disabled,10387085,1666946,1662270,1659993,1661442,1669142,1661522,1659383,1660658,1661942,2535037,2535037,10
2025-10-02 14:38:15,20689,pairwise,VerletListsCells,1.000000,vlc_c08,none,AoS,enabled,9905773,1661320,1662782,1664153,1663529,1665742,1670303,1666610,1662362,1663740,2488630,2488630,10
2025-10-02 14:38:15,20699,pairwise,VerletListsCells,1.000000,vlc_c08,none,SoA,disabled,14535769,3315226,3265333,3276014,3266125,3265168,3270085,3254980,3253771,3256407,4395887,4395887,10
2025-10-02 14:38:15,20709,pairwise,VerletListsCells,1.000000,vlc_c08,none,SoA,enabled,14322324,3308293,3273001,3267972,3258958,3259043,3267313,3321145,3293718,3274829,4384659,4384659,10
2025-10-02 14:38:15,20719,pairwise,VerletListsCells,1.000000,vlc_sliced,none,AoS,disabled,12377943,105299,108909,104221,104503,101942,101564,101552,99546,98988,1330446,1330446,10
2025-10-02 14:38:15,20729,pairwise,VerletListsCells,1.000000,vlc_sliced,none,AoS,enabled,12116591,104099,105898,102260,107326,102421,102861,103009,101482,103129,1304907,1304907,10
2025-10-02 14:38:15,20739,pairwise,VerletListsCells,1.000000,vlc_sliced,none,SoA,disabled,16847910,1782896,1750851,1742236,1728364,1724423,1712422,1717098,1734275,1698494,3243896,3243896,10
2025-10-02 14:38:15,20749,pairwise,VerletListsCells,1.000000,vlc_sliced,none,SoA,enabled,16280406,1736981,1699454,1739224,1693583,1740330,1744507,1756008,1747412,1647312,3178521,3178521,10
2025-10-02 14:38:15,20759,pairwise,VerletListsCells,1.000000,vlc_sliced_balanced,none,AoS,disabled,12461302,105943,104949,105991,105100,109378,107108,108716,107435,107511,1342342,1342342,10
2025-10-02 14:38:15,20769,pairwise,VerletListsCells,1.000000,vlc_sliced_balanced,none,AoS,enabled,12141411,107827,108078,110529,105974,106824,105746,106876,107165,107662,1310809,1310809,10
2025-10-02 14:38:15,20779,pairwise,VerletListsCells,1.000000,vlc_sliced_balanced,none,SoA,disabled,16825326,1771708,1748041,1740090,1735372,1730656,1737525,1736948,1666460,1736979,3242910,3242910,10
2025-10-02 14:38:15,20789,pairwise,VerletListsCells,1.000000,vlc_sliced_balanced,none,SoA,enabled,16361073,1764944,1758126,1744522,1664174,1742911,1739692,1730105,1739736,1739434,3198471,3198471,10
2025-10-02 14:38:15,20799,pairwise,VerletListsCells,1.000000,vlc_sliced_balanced,squared-particles-per-cell,AoS,disabled,11686970,172749,162238,159839,160809,157514,160138,157124,155218,157168,1312976,1312976,10
2025-10-02 14:38:15,20809,pairwise,VerletListsCells,1.000000,vlc_sliced_balanced,squared-particles-per-cell,AoS,enabled,12249121,169445,165226,161867,161343,161082,165646,160523,159377,159226,1371285,1371285,10
2025-10-02 14:38:15,20819,pairwise,VerletListsCells,1.000000,vlc_sliced_balanced,squared-particles-per-cell,SoA,disabled,16746212,1742145,1707750,1708885,1733143,1743215,1733206,1741679,1699570,1707089,3226288,3226288,10
2025-10-02 14:38:15,20829,pairwise,VerletListsCells,1.000000,vlc_sliced_balanced,squared-particles-per-cell,SoA,enabled,16449384,1764781,1680285,1695000,1615405,1652128,1682971,1686769,1675947,1680196,3158286,3158286,10
2025-10-02 14:38:15,20839,pairwise,VerletListsCells,1.000000,vlc_sliced_balanced,neighbor-list-length,AoS,disabled,11695494,130014,127361,128891,134264,128208,126279,126222,126091,127090,1284990,1284990,10
2025-10-02 14:38:15,20849,pairwise,VerletListsCells,1.000000,vlc_sliced_balanced,neighbor-list-length,AoS,enabled,12280102,128370,125386,126044,126102,129514,125290,131555,125632,125360,1342335,1342335,10
2025-10-02 14:38:15,20859,pairwise,VerletListsCells,1.000000,vlc_sliced_balanced,neighbor-list-length,SoA,disabled,16830629,1821077,1754656,1797153,1776723,1680173,1684863,1707879,1773785,1674511,3250144,3250144,10
2025-10-02 14:38:15,20869,pairwise,VerletListsCells,1.000000,vlc_sliced_balanced,neighbor-list-length,SoA,enabled,16499138,1828290,1807312,1792307,1727485,1785749,1783515,1680870,1769849,1673444,3234795,3234795,10
2025-10-02 14:38:15,20879,pairwise,VerletListsCells,1.000000,vlc_sliced_c02,none,AoS,disabled,11598318,114624,113459,110235,110812,111398,112034,113518,111980,112824,1260919,1260919,10
2025-10-02 14:38:15,20889,pairwise,VerletListsCells,1.000000,vlc_sliced_c02,none,AoS,enabled,12153237,113809,108143,109494,112976,109872,108340,108997,105697,107600,1313816,1313816,10
2025-10-02 14:38:15,20899,pairwise,VerletListsCells,1.000000,vlc_sliced_c02,none,SoA,disabled,16873588,1883115,1841334,1820292,1829327,1832959,1891875,1867791,1836401,1817144,3349382,3349382,10
2025-10-02 14:38:16,20909,pairwise,VerletListsCells,1.000000,vlc_sliced_c02,none,SoA,enabled,16560429,1833450,1826994,1849570,1870916,1853766,1845007,1832056,1854353,1916519,3324305,3324305,10
2025-10-02 14:38:16,20919,pairwise,PairwiseVerletLists,1.000000,vlp_c01,none,AoS,disabled,16687375,1805505,1798351,1792976,1791874,1796850,1790708,1794249,1791786,1790665,3284033,3284033,10
2025-10-02 14:38:16,20929,pairwise,PairwiseVerletLists,1.000000,vlp_c01,none,SoA,disabled,30904876,3695826,3392994,3344259,3350394,3350595,3335682,3324975,3327875,3348056,6137552,6137552,10
2025-10-02 14:38:16,20939,pairwise,PairwiseVerletLists,1.000000,vlp_c18,none,AoS,disabled,15195033,2104760,2084916,2063814,2070942,2060626,2053784,2065369,2051134,2058186,3380856,3380856,10
2025-10-02 14:38:16,20949,pairwise,PairwiseVerletLists,1.000000,vlp_c18,none,AoS,enabled,15091086,2102516,2079651,2074003,2068152,2067573,2062619,2053673,2070606,2071967,3374184,3374184,10
2025-10-02 14:38:16,20959,pairwise,PairwiseVerletLists,1.000000,vlp_c18,none,SoA,disabled,35164466,4172460,3914686,3850515,3861510,3835436,3825922,3844906,3834444,3850149,7015448,7015448,10
2025-10-02 14:38:16,20969,pairwise,PairwiseVerletLists,1.000000,vlp_c18,none,SoA,enabled,35783666,4198546,3902661,3871194,3853316,3841392,3850904,3840118,3828470,3845155,7081541,7081541,10
2025-10-02 14:38:16,20979,pairwise,PairwiseVerletLists,1.000000,vlp_sliced,none,AoS,disabled,13899150,787820,756110,736924,759552,732568,736988,732471,732293,732704,2060658,2060658,10
2025-10-02 14:38:16,20989,pairwise,PairwiseVerletLists,1.000000,vlp_sliced,none,AoS,enabled,13660072,787498,773301,706241,740866,719002,706131,724404,704432,715808,2023774,2023774,10
2025-10-02 14:38:16,20999,pairwise,PairwiseVerletLists,1.000000,vlp_sliced,none,SoA,disabled,33761221,2961418,2795799,2739760,2679966,2657018,2591219,2648071,2668077,2657555,5816010,5816010,10
2025-10-02 14:38:16,21009,pairwise,PairwiseVerletLists,1.000000,vlp_sliced,none,SoA,enabled,34219636,2884665,2737460,2756001,2720576,2731356,2762743,2643660,2690328,2762903,5890932,5890932,10
2025-10-02 14:38:16,21019,pairwise,PairwiseVerletLists,1.000000,vlp_sliced_balanced,none,AoS,disabled,13843127,817912,778564,752329,743264,745120,748935,743723,749529,740964,2066346,2066346,10
2025-10-02 14:38:16,21029,pairwise,PairwiseVerletLists,1.000000,vlp_sliced_balanced,none,AoS,enabled,13664926,785869,766266,751092,729594,747189,745052,733783,747665,746050,2041748,2041748,10
2025-10-02 14:38:16,21039,pairwise,PairwiseVerletLists,1.000000,vlp_sliced_balanced,none,SoA,disabled,34589983,2916401,2674280,2587432,2594345,2577559,2569048,2565492,2558798,2561197,5819453,5819453,10
2025-10-02 14:38:16,21049,pairwise,PairwiseVerletLists,1.000000,vlp_sliced_balanced,none,SoA,enabled,33917154,2921580,2707585,2611670,2585213,2586163,2590281,2566425,2559430,2576829,5762232,5762232,10
2025-10-02 14:38:16,21059,pairwise,PairwiseVerletLists,1.000000,vlp_sliced_c02,none,AoS,disabled,14073220,974553,905107,924702,914987,915642,931645,906694,908872,917494,2237291,2237291,10
2025-10-02 14:38:16,21069,pairwise,PairwiseVerletLists,1.000000,vlp_sliced_c02,none,AoS,enabled,13841441,944541,916867,921474,896111,918477,910250,879655,913835,901347,2204399,2204399,10
2025-10-02 14:38:16,21079,pairwise,PairwiseVerletLists,1.000000,vlp_sliced_c02,none,SoA,disabled,33978901,3044053,2929471,2836320,2774204,2862971,2805030,2697416,2762448,2763112,5945392,5945392,10
2025-10-02 14:38:16,21089,pairwise,PairwiseVerletLists,1.000000,vlp_sliced_c02,none,SoA,enabled,33716604,3051264,2834622,2853779,2816018,2806429,2832276,2765741,2723672,2736509,5913690,5913690,10
2025-10-02 14:38:16,21099,pairwise,PairwiseVerletLists,1.000000,vlp_c08,none,AoS,disabled,16669927,3371017,3347165,3350999,3346700,3347238,3357287,3357104,3340604,3347030,4683506,4683506,10
2025-10-02 14:38:17,21109,pairwise,PairwiseVerletLists,1.000000,vlp_c08,none,AoS,enabled,15373576,2437360,2404089,2384587,2386961,2375096,2383367,2380984,2390030,2380958,3689700,3689700,10
2025-10-02 14:38:17,21119,pairwise,PairwiseVerletLists,1.000000,vlp_c08,none,SoA,disabled,36827363,6134076,6105815,6103307,6074017,6095820,6080408,6060819,6079665,6079742,9164102,9164102,10
2025-10-02 14:38:17,21129,pairwise,PairwiseVerletLists,1.000000,vlp_c08,none,SoA,enabled,35381866,4752881,4543981,4482176,4477234,4463557,4456908,4432942,4454424,4465397,7591135,7591135,10
2025-10-02 14:41:54,25009,pairwise,LinkedCells,1.000000,lc_c01,none,AoS,disabled,1692481,1631419,1624349,1624485,1625233,1624461,1625171,1627947,1625159,1630785,1633148,1633148,10
2025-10-02 14:41:54,25019,pairwise,LinkedCells,1.000000,lc_c01,none,SoA,disabled,2647313,2622494,2561137,2582015,2558910,2568434,2562700,2557318,2553755,2543596,2575766,2575766,10
2025-10-02 14:41:54,25029,pairwise,LinkedCells,1.000000,lc_c01_combined_SoA,none,SoA,disabled,2215617,2201825,2198175,2205562,2194684,2216909,2220148,2201562,2194701,2180997,2203017,2203017,10
2025-10-02 14:41:54,25039,pairwise,LinkedCells,1.000000,lc_c04,none,AoS,disabled,550235,530787,527046,530686,530421,530133,532617,529846,529769,536099,532763,532763,10
2025-10-02 14:41:54,25049,pairwise,LinkedCells,1.000000,lc_c04,none,AoS,enabled,527639,532130,527806,525016,525402,526941,524303,525544,524755,524556,526408,526408,10
2025-10-02 14:41:54,25059,pairwise,LinkedCells,1.000000,lc_c04,none,SoA,disabled,1770428,1683749,1680888,1689296,1681747,1693542,1679736,1678180,1677823,1668105,1690348,1690348,10
2025-10-02 14:41:54,25069,pairwise,LinkedCells,1.000000,lc_c04,none,SoA,enabled,1740272,1671310,1666385,1676174,1690572,1672219,1688460,1677377,1661778,1657855,1680240,1680240,10
2025-10-02 14:41:54,25079,pairwise,LinkedCells,1.000000,lc_c04_HCP,none,AoS,disabled,611242,563178,558220,558938,565456,558851,563875,560467,557928,559424,565757,565757,10
2025-10-02 14:41:54,25089,pairwise,LinkedCells,1.000000,lc_c04_HCP,none,AoS,enabled,558229,557374,560635,556233,562564,568518,563936,565755,561295,563620,561815,561815,10
2025-10-02 14:41:55,25099,pairwise,LinkedCells,1.000000,lc_c04_HCP,none,SoA,disabled,1952564,1940080,1928481,1926275,1923877,1919652,1935706,1929583,1925756,1926043,1930801,1930801,10
2025-10-02 14:41:55,25109,pairwise,LinkedCells,1.000000,lc_c04_HCP,none,SoA,enabled,1953443,1945480,1925705,1929300,1931388,1924542,1918316,1928862,1920929,1924311,1930227,1930227,10
2025-10-02 14:41:55,25119,pairwise,LinkedCells,1.000000,lc_c04_combined_SoA,none,SoA,disabled,2589948,2456372,2453510,2463389,2447705,2455363,2444775,2459514,2443908,2457651,2467213,2467213,10
2025-10-02 14:41:55,25129,pairwise,LinkedCells,1.000000,lc_c04_combined_SoA,none,SoA,enabled,2262686,2256648,2256337,2246512,2259410,2271085,2263974,2244915,2256333,2268042,2258593,2258593,10
2025-10-02 14:41:55,25139,pairwise,LinkedCells,1.000000,lc_c08,none,AoS,disabled,1801889,1760884,1762206,1755823,1745927,1758018,1750660,1759204,1755544,1748862,1759901,1759901,10
2025-10-02 14:41:55,25149,pairwise,LinkedCells,1.000000,lc_c08,none,AoS,enabled,1753334,1752402,1752614,1750324,1755022,1757021,1752247,1768912,1770907,1753950,1756673,1756673,10
2025-10-02 14:41:55,25159,pairwise,LinkedCells,1.000000,lc_c08,none,SoA,disabled,2954275,2943939,2954929,2960750,2960230,2953523,2960988,2954109,2954913,2956588,2955424,2955424,10
2025-10-02 14:41:55,25169,pairwise,LinkedCells,1.000000,lc_c08,none,SoA,enabled,2957527,2965207,2958432,2943877,2955676,2953769,2962672,2955539,2964487,2954573,2957175,2957175,10
2025-10-02 14:41:55,25179,pairwise,LinkedCells,1.000000,lc_c18,none,AoS,disabled,1858841,1836252,1834758,1840633,1818870,1823192,1830961,1828043,1831116,1817419,1832008,1832008,10
2025-10-02 14:41:55,25189,pairwise,LinkedCells,1.000000,lc_c18,none,AoS,enabled,1844512,1829879,1826097,1839531,1820577,1819726,1832176,1819426,1820002,1822553,1827447,1827447,10
2025-10-02 14:41:55,25199,pairwise,LinkedCells,1.000000,lc_c18,none,SoA,disabled,2390986,2460461,2467385,2454368,2467338,2465369,2450386,2449431,2448778,2449222,2450371,2450371,10
2025-10-02 14:41:55,25209,pairwise,LinkedCells,1.000000,lc_c18,none,SoA,enabled,2447707,2447910,2448395,2445750,2446825,2445728,2449211,2454762,2443337,2448383,2447800,2447800,10
2025-10-02 14:41:55,25219,pairwise,LinkedCells,1.000000,lc_sliced,none,AoS,disabled,498982,457844,435057,432238,421266,425331,421774,426763,426647,420672,436657,436657,10
2025-10-02 14:41:55,25229,pairwise,LinkedCells,1.000000,lc_sliced,none,AoS,enabled,711539,422324,421285,421575,427049,425103,421759,421208,423410,420857,451610,451610,10
2025-10-02 14:41:55,25239,pairwise,LinkedCells,1.000000,lc_sliced,none,SoA,disabled,1908035,1707138,1677644,1667890,1663710,1663432,1667589,1666743,1662134,1658466,1694277,1694277,10
2025-10-02 14:41:55,25249,pairwise,LinkedCells,1.000000,lc_sliced,none,SoA,enabled,1703683,1651266,1659755,1667785,1693388,1658434,1645682,1680312,1672220,1702439,1673496,1673496,10
2025-10-02 14:41:55,25259,pairwise,LinkedCells,1.000000,lc_sliced_balanced,none,AoS,disabled,610212,442363,426044,430450,429093,429653,425654,430974,423997,431910,448034,448034,10
2025-10-02 14:41:55,25269,pairwise,LinkedCells,1.000000,lc_sliced_balanced,none,AoS,enabled,427046,432427,424661,423153,424829,427280,427884,430170,425084,426145,426867,426867,10
2025-10-02 14:41:55,25279,pairwise,LinkedCells,1.000000,lc_sliced_balanced,none,SoA,disabled,1937670,1610767,1607431,1574132,1578620,1589020,1587566,1578846,1572197,1578615,1621485,1621485,10
2025-10-02 14:41:55,25289,pairwise,LinkedCells,1.000000,lc_sliced_balanced,none,SoA,enabled,1650787,1586316,1583988,1590619,1585719,1564930,1570189,1584654,1577643,1574323,1586916,1586916,10
2025-10-02 14:41:55,25299,pairwise,LinkedCells,1.000000,lc_sliced_balanced,squared-particles-per-cell,AoS,disabled,1613979,1355434,1315762,1297747,1307424,1309915,1297474,1300194,1298314,1297395,1339363,1339363,10
2025-10-02 14:41:55,25309,pairwise,LinkedCells,1.000000,lc_sliced_balanced,squared-particles-per-cell,AoS,enabled,1329092,1302639,1307231,1301896,1299387,1303054,1301919,1298521,1299509,1301542,1304478,1304478,10
2025-10-02 14:41:55,25319,pairwise,LinkedCells,1.000000,lc_sliced_balanced,squared-particles-per-cell,SoA,disabled,4272741,4209503,4151909,4125759,4171172,4215397,4188341,4177337,4205925,4164894,4188297,4188297,10
2025-10-02 14:41:55,25329,pairwise,LinkedCells,1.000000,lc_sliced_balanced,squared-particles-per-cell,SoA,enabled,4177254,4182905,4113714,4162647,4175495,4147901,4191929,4145234,4166469,4238082,4170162,4170162,10
2025-10-02 14:41:55,25339,pairwise,LinkedCells,1.000000,lc_sliced_c02,none,AoS,disabled,604890,485615,466507,423982,423324,417972,421575,418142,420351,419150,450150,450150,10
2025-10-02 14:41:55,25349,pairwise,LinkedCells,1.000000,lc_sliced_c02,none,AoS,enabled,417063,416760,414892,417451,421039,419938,415054,414006,415019,415867,416708,416708,10
2025-10-02 14:41:55,25359,pairwise,LinkedCells,1.000000,lc_sliced_c02,none,SoA,disabled,1890007,1770748,1733066,1740151,1715513,1721655,1707326,1709582,1716636,1717569,1742225,1742225,10
2025-10-02 14:41:55,25369,pairwise,LinkedCells,1.000000,lc_sliced_c02,none,SoA,enabled,1832943,1702043,1726675,1732566,1744739,1681643,1696524,1714292,1727745,1713288,1727245,1727245,10
2025-10-02 14:41:55,25379,pairwise,VerletClusterLists,1.000000,vcl_c01_balanced,none,AoS,disabled,140217,57672,56660,57323,60526,56236,56287,55143,56072,55625,65175,65175,10
2025-10-02 14:41:55,25389,pairwise,VerletClusterLists,1.000000,vcl_c01_balanced,none,SoA,disabled,111375,69916,68873,69514,69249,68912,67675,67567,67678,65754,72650,72650,10
2025-10-02 14:41:55,25399,pairwise,VerletClusterLists,1.000000,vcl_c06,none,AoS,disabled,112388,81789,76935,78639,78049,75801,77496,78245,77924,79784,81704,81704,10
2025-10-02 14:41:55,25409,pairwise,VerletClusterLists,1.000000,vcl_c06,none,AoS,enabled,104116,71731,72705,72894,74525,73426,81383,77333,74353,73387,77584,77584,10
2025-10-02 14:41:55,25419,pairwise,VerletClusterLists,1.000000,vcl_c06,none,SoA,disabled,122989,93195,96346,89351,91933,88606,91890,89490,94103,90475,94837,94837,10
2025-10-02 14:41:55,25429,pairwise,VerletClusterLists,1.000000,vcl_c06,none,SoA,enabled,117741,85729,89233,88971,89223,91201,92547,84075,86225,90244,91518,91518,10
2025-10-02 14:41:55,25439,pairwise,VerletClusterLists,1.000000,vcl_sliced,none,AoS,disabled,95519,59689,58631,58617,64628,63025,61370,63860,60648,55602,64158,64158,10
2025-10-02 14:41:55,25449,pairwise,VerletClusterLists,1.000000,vcl_sliced,none,AoS,enabled,80891,54330,57435,58517,56188,53819,56882,51823,55745,53901,57952,57952,10
2025-10-02 14:41:55,25459,pairwise,VerletClusterLists,1.000000,vcl_sliced,none,SoA,disabled,106160,71503,69186,71686,71929,70541,70635,79638,72474,69497,75324,75324,10
2025-10-02 14:41:55,25469,pairwise,VerletClusterLists,1.000000,vcl_sliced,none,SoA,enabled,98377,67289,68535,74016,71449,69566,69130,71316,69003,69264,72794,72794,10
2025-10-02 14:41:55,25479,pairwise,VerletClusterLists,1.000000,vcl_sliced_balanced,none,AoS,disabled,96238,62628,61321,60898,63061,64042,59338,63358,60664,59722,65126,65126,10
2025-10-02 14:41:55,25489,pairwise,VerletClusterLists,1.000000,vcl_sliced_balanced,none,AoS,enabled,86806,55383,56509,55162,56404,55143,54578,57767,57077,56295,59112,59112,10
2025-10-02 14:41:55,25499,pairwise,VerletClusterLists,1.000000,vcl_sliced_balanced,none,SoA,disabled,104366,74124,74402,73872,72240,71614,72906,76510,74371,72406,76681,76681,10
2025-10-02 14:41:55,25509,pairwise,VerletClusterLists,1.000000,vcl_sliced_balanced,none,SoA,enabled,101314,74780,76071,78044,74615,73543,75710,74088,75670,72699,77653,77653,10
2025-10-02 14:41:55,25519,pairwise,VerletClusterLists,1.000000,vcl_sliced_balanced,neighbor-list-length,AoS,disabled,114103,63731,63046,62381,62108,61071,61939,60922,63973,60472,67374,67374,10
2025-10-02 14:41:55,25529,pairwise,VerletClusterLists,1.000000,vcl_sliced_balanced,neighbor-list-length,AoS,enabled,86100,57342,57194,57731,57040,57352,55678,57112,55752,56112,59740,59740,10
2025-10-02 14:41:55,25539,pairwise,VerletClusterLists,1.000000,vcl_sliced_balanced,neighbor-list-length,SoA,disabled,109213,72721,72668,73254,69219,73497,76754,73068,72198,73247,76583,76583,10
2025-10-02 14:41:55,25549,pairwise,VerletClusterLists,1.000000,vcl_sliced_balanced,neighbor-list-length,SoA,enabled,101621,73658,80237,73487,73554,73016,72675,75331,73126,72763,76946,76946,10
2025-10-02 14:41:55,25559,pairwise,VerletClusterLists,1.000000,vcl_sliced_c02,none,AoS,disabled,107102,63660,59927,58881,58822,60959,60662,56855,58943,60991,64679,64679,10
2025-10-02 14:41:55,25569,pairwise,VerletClusterLists,1.000000,vcl_sliced_c02,none,AoS,enabled,86308,60056,56770,56400,55048,56063,56612,55051,55821,54653,59277,59277,10
2025-10-02 14:41:55,25579,pairwise,VerletClusterLists,1.000000,vcl_sliced_c02,none,SoA,disabled,109934,75322,71116,70323,70970,71818,71463,71862,72774,71803,75738,75738,10
2025-10-02 14:41:55,25589,pairwise,VerletClusterLists,1.000000,vcl_sliced_c02,none,SoA,enabled,97970,73900,74366,71529,70425,75524,73124,72099,76416,74475,75982,75982,10
2025-10-02 14:41:55,25599,pairwise,VerletLists,1.000000,vl_list_iteration,none,AoS,disabled,3940980,53789,50677,50650,51912,51994,50652,51170,51508,51979,440530,440530,10
2025-10-02 14:41:55,25609,pairwise,VerletLists,1.000000,vl_list_iteration,none,SoA,disabled,7224705,1655358,1611356,1604670,1594514,1595215,1584035,1599333,1595577,1597712,2166246,2166246,10
2025-10-02 14:41:55,25619,pairwise,VerletListsCells,1.000000,vlc_c01,none,AoS,disabled,21398087,1582431,1585081,1584497,1574625,1577795,1578179,1572359,1580176,1574783,3560800,3560800,10
2025-10-02 14:41:55,25629,pairwise,VerletListsCells,1.000000,vlc_c01,none,SoA,disabled,26551557,3129743,3090970,3086924,3082216,3075454,3082077,3098316,3086486,3078277,5436201,5436201,10
2025-10-02 14:41:55,25639,pairwise,VerletListsCells,1.000000,vlc_c18,none,AoS,disabled,14203276,1820740,1821139,1818884,1815003,1816840,1813370,1814365,1823038,1812506,3055915,3055915,10
2025-10-02 14:41:55,25649,pairwise,VerletListsCells,1.000000,vlc_c18,none,AoS,enabled,13766805,1815325,1817803,1815426,1810983,1816959,1809704,1818644,1816889,1816785,3010531,3010531,10
2025-10-02 14:41:55,25659,pairwise,VerletListsCells,1.000000,vlc_c18,none,SoA,disabled,18457754,3367760,3344625,3335192,3335446,3333320,3331693,3336645,3335871,3337507,4851581,4851581,10
2025-10-02 14:41:56,25669,pairwise,VerletListsCells,1.000000,vlc_c18,none,SoA,enabled,17945740,3373748,3337663,3334913,3340375,3345210,3337522,3345192,3343847,3347193,4805139,4805139,10
2025-10-02 14:41:56,25679,pairwise,VerletListsCells,1.000000,vlc_c08,none,AoS,disabled,10510637,1669178,1653623,1660047,1662774,1666381,1659617,1660600,1653790,1671625,2546826,2546826,10
2025-10-02 14:41:56,25689,pairwise,VerletListsCells,1.000000,vlc_c08,none,AoS,enabled,10006467,1663510,1662973,1656789,1666257,1665607,1660495,1658075,1658669,1658605,2495744,2495744,10
2025-10-02 14:41:56,25699,pairwise,VerletListsCells,1.000000,vlc_c08,none,SoA,disabled,14543940,3283614,3254768,3256680,3247690,3249652,3234167,3234655,3237732,3236201,4377909,4377909,10
2025-10-02 14:41:56,25709,pairwise,VerletListsCells,1.000000,vlc_c08,none,SoA,enabled,14292426,3283697,3250607,3240051,3232880,3240833,3232800,3219184,3221542,3238320,4345233,4345233,10
2025-10-02 14:41:56,25719,pairwise,VerletListsCells,1.000000,vlc_sliced,none,AoS,disabled,12754622,107807,104880,103150,102279,100768,101137,102165,103917,101123,1368184,1368184,10
2025-10-02 14:41:56,25729,pairwise,VerletListsCells,1.000000,vlc_sliced,none,AoS,enabled,12495263,103022,101561,99275,101169,100490,102630,101560,102934,102598,1341050,1341050,10
2025-10-02 14:41:56,25739,pairwise,VerletListsCells,1.000000,vlc_sliced,none,SoA,disabled,17147650,1761299,1728291,1726524,1715904,1722647,1694008,1719895,1721538,1692647,3263039,3263039,10
2025-10-02 14:41:56,25749,pairwise,VerletListsCells,1.000000,vlc_sliced,none,SoA,enabled,16712551,1767317,1724385,1715455,1728574,1715130,1723194,1659691,1713361,1716872,3217652,3217652,10
2025-10-02 14:41:56,25759,pairwise,VerletListsCells,1.000000,vlc_sliced_balanced,none,AoS,disabled,12933045,108249,107248,106590,105602,107737,105676,105343,106970,104764,1389122,1389122,10
2025-10-02 14:41:56,25769,pairwise,VerletListsCells,1.000000,vlc_sliced_balanced,none,AoS,enabled,12646937,105403,106384,104993,108901,107302,107037,106534,106142,104717,1360434,1360434,10
2025-10-02 14:41:56,25779,pairwise,VerletListsCells,1.000000,vlc_sliced_balanced,none,SoA,disabled,17157015,1758774,1720104,1734468,1733910,1732585,1740316,1739110,1741280,1729226,3278678,3278678,10
2025-10-02 14:41:56,25789,pairwise,VerletListsCells,1.000000,vlc_sliced_balanced,none,SoA,enabled,16659635,1764908,1750034,1752554,1747503,1744583,1744361,1693230,1746152,1739602,3234255,3234255,10
2025-10-02 14:41:56,25799,pairwise,VerletListsCells,1.000000,vlc_sliced_balanced,squared-particles-per-cell,AoS,disabled,12228250,252933,245869,244281,246392,243715,250794,243321,244388,256814,1445674,1445674,10
2025-10-02 14:41:56,25809,pairwise,VerletListsCells,1.000000,vlc_sliced_balanced,squared-particles-per-cell,AoS,enabled,12727052,259255,245756,249412,250827,243958,247162,253052,247667,249148,1497328,1497328,10
2025-10-02 14:41:56,25819,pairwise,VerletListsCells,1.000000,vlc_sliced_balanced,squared-particles-per-cell,SoA,disabled,17217076,1754627,1738274,1739084,1721104,1763931,1703165,1715981,1722043,1762481,3283776,3283776,10
2025-10-02 14:41:56,25829,pairwise,VerletListsCells,1.000000,vlc_sliced_balanced,squared-particles-per-cell,SoA,enabled,16904838,1749979,1757875,1706373,1738910,1773725,1731939,1747465,1725579,1747214,3258389,3258389,10
2025-10-02 14:41:56,25839,pairwise,VerletListsCells,1.000000,vlc_sliced_balanced,neighbor-list-length,AoS,disabled,12214323,217857,215821,219638,214561,214733,213729,214289,213906,214063,1415291,1415291,10
2025-10-02 14:41:56,25849,pairwise,VerletListsCells,1.000000,vlc_sliced_balanced,neighbor-list-length,AoS,enabled,12593756,129202,127999,128687,126914,129453,130983,126144,132184,127321,1375264,1375264,10
2025-10-02 14:41:56,25859,pairwise,VerletListsCells,1.000000,vlc_sliced_balanced,neighbor-list-length,SoA,disabled,16712592,1775036,1769380,1763032,1763057,1768765,1763777,1761851,1764755,1764123,3260636,3260636,10
2025-10-02 14:41:56,25869,pairwise,VerletListsCells,1.000000,vlc_sliced_balanced,neighbor-list-length,SoA,enabled,16574815,1767767,1664719,1654059,1650511,1758603,1697303,1759192,1726050,1689454,3194246,3194246,10
2025-10-02 14:41:56,25879,pairwise,VerletListsCells,1.000000,vlc_sliced_c02,none,AoS,disabled,12195066,119322,114822,110361,112172,109802,108442,109061,107250,108013,1319430,1319430,10
2025-10-02 14:41:56,25889,pairwise,VerletListsCells,1.000000,vlc_sliced_c02,none,AoS,enabled,12280810,108565,108238,107330,109049,109439,108764,108579,108495,108898,1325816,1325816,10
2025-10-02 14:41:56,25899,pairwise,VerletListsCells,1.000000,vlc_sliced_c02,none,SoA,disabled,16992671,1858038,1796362,1789053,1766214,1750255,1753011,1693281,1774320,1783541,3295674,3295674,10
2025-10-02 14:41:56,25909,pairwise,VerletListsCells,1.000000,vlc_sliced_c02,none,SoA,enabled,16706417,1865909,1794353,1803111,1769586,1747872,1738799,1739654,1730902,1719800,3261640,3261640,10
2025-10-02 14:41:56,25919,pairwise,PairwiseVerletLists,1.000000,vlp_c01,none,AoS,disabled,16768709,1803272,1796241,1797610,1799828,1790522,1796200,1796618,1791438,1796786,3293721,3293721,10
2025-10-02 14:41:56,25929,pairwise,PairwiseVerletLists,1.000000,vlp_c01,none,SoA,disabled,30299710,3771337,3431172,3366472,3361256,3355075,3369249,3379782,3360970,3358581,6105360,6105360,10
2025-10-02 14:41:56,25939,pairwise,PairwiseVerletLists,1.000000,vlp_c18,none,AoS,disabled,15194379,2101983,2066820,2055356,2058298,2061182,2057345,2047723,2056344,2051197,3375062,3375062,10
2025-10-02 14:41:56,25949,pairwise,PairwiseVerletLists,1.000000,vlp_c18,none,AoS,enabled,15098636,2088051,2064988,2068510,2056545,2063112,2063538,2057754,2058597,2068546,3368827,3368827,10
2025-10-02 14:41:57,25959,pairwise,PairwiseVerletLists,1.000000,vlp_c18,none,SoA,disabled,35230556,4207925,3947524,3895958,3869751,3865243,3859790,3868408,3849497,3862029,7045667,7045667,10
2025-10-02 14:41:57,25969,pairwise,PairwiseVerletLists,1.000000,vlp_c18,none,SoA,enabled,35840704,4182866,3940858,3875227,3874883,3869173,3854202,3861439,3859986,3870666,7103000,7103000,10
2025-10-02 14:41:57,25979,pairwise,PairwiseVerletLists,1.000000,vlp_sliced,none,AoS,disabled,13943464,789816,738712,735508,730843,730651,719099,713995,707396,726982,2053645,2053645,10
2025-10-02 14:41:57,25989,pairwise,PairwiseVerletLists,1.000000,vlp_sliced,none,AoS,enabled,13684292,769966,749981,726130,706486,712682,721294,724288,726852,735888,2025785,2025785,10
2025-10-02 14:41:57,25999,pairwise,PairwiseVerletLists,1.000000,vlp_sliced,none,SoA,disabled,33952763,2965071,2777680,2716110,2772824,2763470,2681568,2726739,2756549,2705947,5881871,5881871,10
2025-10-02 14:41:57,26009,pairwise,PairwiseVerletLists,1.000000,vlp_sliced,none,SoA,enabled,33775411,2955296,2846372,2673509,2683698,2722909,2781206,2746231,2731179,2773912,5868971,5868971,10
2025-10-02 14:41:57,26019,pairwise,PairwiseVerletLists,1.000000,vlp_sliced_balanced,none,AoS,disabled,13876518,813635,774730,741060,751619,742722,733051,745387,737636,753198,2066955,2066955,10
2025-10-02 14:41:57,26029,pairwise,PairwiseVerletLists,1.000000,vlp_sliced_balanced,none,AoS,enabled,13704460,774269,755003,739419,738830,743135,731872,737430,742274,738082,2040477,2040477,10
2025-10-02 14:41:57,26039,pairwise,PairwiseVerletLists,1.000000,vlp_sliced_balanced,none,SoA,disabled,34447458,2954391,2687444,2646242,2613364,2645689,2617739,2559598,2666381,2626195,5846449,5846449,10
2025-10-02 14:41:57,26049,pairwise,PairwiseVerletLists,1.000000,vlp_sliced_balanced,none,SoA,enabled,33798812,2916320,2696624,2597549,2640916,2644418,2638020,2603124,2616963,2622126,5777486,5777486,10
2025-10-02 14:41:57,26059,pairwise,PairwiseVerletLists,1.000000,vlp_sliced_c02,none,AoS,disabled,14013741,955382,924063,916607,903972,911560,913875,914506,905923,898844,2225847,2225847,10
2025-10-02 14:41:57,26069,pairwise,PairwiseVerletLists,1.000000,vlp_sliced_c02,none,AoS,enabled,13836443,933460,903615,906702,885615,889175,885730,891015,910293,904812,2194685,2194685,10
2025-10-02 14:41:57,26079,pairwise,PairwiseVerletLists,1.000000,vlp_sliced_c02,none,SoA,disabled,33948451,3044256,2873597,2775588,2785578,2877933,2845485,2868811,2898658,2876106,5979446,5979446,10
2025-10-02 14:41:57,26089,pairwise,PairwiseVerletLists,1.000000,vlp_sliced_c02,none,SoA,enabled,33518594,2967437,2841771,2850965,2793967,2755512,2787853,2812318,2845652,2819695,5899376,5899376,10
2025-10-02 14:41:57,26099,pairwise,PairwiseVerletLists,1.000000,vlp_c08,none,AoS,disabled,16639886,3389091,3359519,3345343,3353232,3349674,3350238,3354997,3352759,3356469,4685120,4685120,10
2025-10-02 14:41:57,26109,pairwise,PairwiseVerletLists,1.000000,vlp_c08,none,AoS,enabled,15408167,2440177,2405909,2399688,2382342,2382519,2383674,2380668,2387686,2375750,3694658,3694658,10
2025-10-02 14:41:57,26119,pairwise,PairwiseVerletLists,1.000000,vlp_c08,none,SoA,disabled,37128077,6241800,6226824,6180094,6180790,6162131,6158506,6191246,6166592,6185335,9282139,9282139,10
2025-10-02 14:41:57,26129,pairwise,PairwiseVerletLists,1.000000,vlp_c08,none,SoA,enabled,35643753,4781000,4531384,4448118,4433351,4419172,4440802,4450496,4434196,4455919,7603818,7603818,10
2025-10-02 14:44:14,30009,pairwise,LinkedCells,1.000000,lc_c01,none,AoS,disabled,1691054,1629931,1626710,1623459,1619426,1619956,1618093,1624471,1621265,1622308,1629666,1629666,10
2025-10-02 14:44:14,30019,pairwise,LinkedCells,1.000000,lc_c01,none,SoA,disabled,2648099,2637834,2595162,2557355,2603715,2553219,2548531,2514482,2507681,2531311,2569738,2569738,10
2025-10-02 14:44:14,30029,pairwise,LinkedCells,1.000000,lc_c01_combined_SoA,none,SoA,disabled,2149645,2138072,2138573,2140228,2129973,2138180,2142540,2144974,2140130,2130722,2139303,2139303,10
2025-10-02 14:44:14,30039,pairwise,LinkedCells,1.000000,lc_c04,none,AoS,disabled,546834,527857,526896,527839,524601,524914,525517,525778,528084,527419,528573,528573,10
2025-10-02 14:44:14,30049,pairwise,LinkedCells,1.000000,lc_c04,none,AoS,enabled,533018,528870,532292,527765,530326,532013,531145,526549,525182,526213,529337,529337,10
2025-10-02 14:44:14,30059,pairwise,LinkedCells,1.000000,lc_c04,none,SoA,disabled,1748698,1692994,1679626,1684623,1668736,1665211,1660874,1670396,1672514,1663859,1680752,1680752,10
2025-10-02 14:44:14,30069,pairwise,LinkedCells,1.000000,lc_c04,none,SoA,enabled,1698087,1675257,1660945,1669493,1663021,1685843,1672826,1661354,1662115,1661420,1671035,1671035,10
2025-10-02 14:44:14,30079,pairwise,LinkedCells,1.000000,lc_c04_HCP,none,AoS,disabled,616996,567098,568976,568230,568193,562258,565312,560542,565286,566407,570929,570929,10
2025-10-02 14:44:14,30089,pairwise,LinkedCells,1.000000,lc_c04_HCP,none,AoS,enabled,568678,561223,564198,557985,566494,563433,561990,560659,563900,569414,563797,563797,10
2025-10-02 14:44:14,30099,pairwise,LinkedCells,1.000000,lc_c04_HCP,none,SoA,disabled,1933441,1926507,1924782,1921024,1921902,1920541,1916409,1931041,1908736,1923380,1922776,1922776,10
2025-10-02 14:44:14,30109,pairwise,LinkedCells,1.000000,lc_c04_HCP,none,SoA,enabled,1942466,1909233,1910362,1913321,1917885,1918585,1902530,1903079,1917614,1914546,1914962,1914962,10
2025-10-02 14:44:14,30119,pairwise,LinkedCells,1.000000,lc_c04_combined_SoA,none,SoA,disabled,2499481,2457710,2454374,2461097,2408616,2442388,2415113,2429919,2449156,2439093,2445694,2445694,10
2025-10-02 14:44:15,30129,pairwise,LinkedCells,1.000000,lc_c04_combined_SoA,none,SoA,enabled,2259592,2231477,2247471,2194591,2229056,2202548,2239216,2204036,2240738,2204124,2225284,2225284,10
2025-10-02 14:44:15,30139,pairwise,LinkedCells,1.000000,lc_c08,none,AoS,disabled,1798867,1775265,1751268,1748989,1751601,1757198,1749003,1757872,1753815,1752044,1759591,1759591,10
2025-10-02 14:44:15,30149,pairwise,LinkedCells,1.000000,lc_c08,none,AoS,enabled,1765407,1758773,1751382,1755780,1742845,1760740,1738768,1759284,1757480,1752899,1754335,1754335,10
2025-10-02 14:44:15,30159,pairwise,LinkedCells,1.000000,lc_c08,none,SoA,disabled,2943962,2927166,2933429,2936655,2930287,2940931,2928537,2929721,2928962,2922137,2932178,2932178,10
2025-10-02 14:44:15,30169,pairwise,LinkedCells,1.000000,lc_c08,none,SoA,enabled,2935578,2938123,2935929,2938484,2932553,2929998,2926869,2928840,2930985,2930531,2932788,2932788,10
2025-10-02 14:44:15,30179,pairwise,LinkedCells,1.000000,lc_c18,none,AoS,disabled,1858156,1828048,1837128,1814719,1833931,1819114,1837340,1829117,1826377,1812379,1829630,1829630,10
2025-10-02 14:44:15,30189,pairwise,LinkedCells,1.000000,lc_c18,none,AoS,enabled,1849475,1820618,1826838,1820605,1831309,1835011,1824304,1818755,1828332,1831363,1828660,1828660,10
2025-10-02 14:44:15,30199,pairwise,LinkedCells,1.000000,lc_c18,none,SoA,disabled,2382193,2469989,2463709,2464667,2458576,2451510,2450960,2456417,2450282,2465223,2451352,2451352,10
2025-10-02 14:44:15,30209,pairwise,LinkedCells,1.000000,lc_c18,none,SoA,enabled,2455008,2452867,2455110,2449709,2453244,2460356,2458916,2464209,2453417,2456694,2455953,2455953,10
2025-10-02 14:44:15,30219,pairwise,LinkedCells,1.000000,lc_sliced,none,AoS,disabled,487865,442081,443520,423956,426182,425138,421919,422322,425215,420707,433890,433890,10
2025-10-02 14:44:15,30229,pairwise,LinkedCells,1.000000,lc_sliced,none,AoS,enabled,584622,425610,425341,418961,423780,421801,424424,425680,425692,419082,439498,439498,10
2025-10-02 14:44:15,30239,pairwise,LinkedCells,1.000000,lc_sliced,none,SoA,disabled,1926813,1720795,1709156,1673648,1673159,1682148,1643263,1657111,1645558,1643670,1697531,1697531,10
2025-10-02 14:44:15,30249,pairwise,LinkedCells,1.000000,lc_sliced,none,SoA,enabled,1770058,1653602,1654212,1671171,1639006,1655131,1694750,1642455,1648318,1638015,1666671,1666671,10
2025-10-02 14:44:15,30259,pairwise,LinkedCells,1.000000,lc_sliced_balanced,none,AoS,disabled,588149,450527,427105,431329,433315,427987,423748,422433,423537,427333,445545,445545,10
2025-10-02 14:44:15,30269,pairwise,LinkedCells,1.000000,lc_sliced_balanced,none,AoS,enabled,652213,427317,429596,423556,424348,425827,429498,427673,431421,424696,449614,449614,10
2025-10-02 14:44:15,30279,pairwise,LinkedCells,1.000000,lc_sliced_balanced,none,SoA,disabled,1937070,1682852,1594324,1606849,1570874,1610076,1625233,1587387,1601032,1580335,1639602,1639602,10
2025-10-02 14:44:15,30289,pairwise,LinkedCells,1.000000,lc_sliced_balanced,none,SoA,enabled,1645179,1630113,1575675,1603846,1617731,1620470,1619708,1612686,1573045,1597098,1609554,1609554,10
2025-10-02 14:44:15,30299,pairwise,LinkedCells,1.000000,lc_sliced_balanced,squared-particles-per-cell,AoS,disabled,1057742,915086,873630,864430,864437,867395,863441,867654,864293,863144,890125,890125,10
2025-10-02 14:44:15,30309,pairwise,LinkedCells,1.000000,lc_sliced_balanced,squared-particles-per-cell,AoS,enabled,874232,869233,864390,860469,866836,866133,862392,867303,860619,865404,865700,865700,10
2025-10-02 14:44:15,30319,pairwise,LinkedCells,1.000000,lc_sliced_balanced,squared-particles-per-cell,SoA,disabled,3024435,2847461,2836559,2822955,2751336,2750535,2808903,2821524,2739995,2737807,2814150,2814150,10
2025-10-02 14:44:15,30329,pairwise,LinkedCells,1.000000,lc_sliced_balanced,squared-particles-per-cell,SoA,enabled,2803302,2812279,2744376,2751168,2818360,2733276,2746830,2819045,2810892,2810834,2785035,2785035,10
2025-10-02 14:44:15,30339,pairwise,LinkedCells,1.000000,lc_sliced_c02,none,AoS,disabled,647501,480841,437062,421622,417399,416345,420936,418832,419978,414553,449506,449506,10
2025-10-02 14:44:15,30349,pairwise,LinkedCells,1.000000,lc_sliced_c02,none,AoS,enabled,415443,418381,423809,415839,416917,415167,412275,421700,420330,413399,417325,417325,10
2025-10-02 14:44:15,30359,pairwise,LinkedCells,1.000000,lc_sliced_c02,none,SoA,disabled,2013810,1802557,1715970,1706521,1717468,1706098,1697173,1703502,1706252,1698900,1746825,1746825,10
2025-10-02 14:44:15,30369,pairwise,LinkedCells,1.000000,lc_sliced_c02,none,SoA,enabled,1809855,1696119,1707002,1708023,1725182,1692673,1695991,1702116,1709205,1688430,1713459,1713459,10
2025-10-02 14:44:15,30379,pairwise,VerletClusterLists,1.000000,vcl_c01_balanced,none,AoS,disabled,154874,56311,53899,54939,53762,55950,55253,54376,54474,53399,64723,64723,10
2025-10-02 14:44:15,30389,pairwise,VerletClusterLists,1.000000,vcl_c01_balanced,none,SoA,disabled,111298,68330,65869,71445,65832,67739,67164,65155,66490,65522,71483,71483,10
2025-10-02 14:44:15,30399,pairwise,VerletClusterLists,1.000000,vcl_c06,none,AoS,disabled,111050,80332,82764,78926,76272,76867,81763,79431,76992,77536,82193,82193,10
2025-10-02 14:44:15,30409,pairwise,VerletClusterLists,1.000000,vcl_c06,none,AoS,enabled,103913,72989,78160,72242,73706,73903,75841,75943,74836,74546,77607,77607,10
2025-10-02 14:44:15,30419,pairwise,VerletClusterLists,1.000000,vcl_c06,none,SoA,disabled,125372,90671,90953,88930,94480,90005,86395,88367,86648,87037,92885,92885,10
2025-10-02 14:44:15,30429,pairwise,VerletClusterLists,1.000000,vcl_c06,none,SoA,enabled,124548,88197,84722,88707,87896,86471,102559,91114,90449,90847,93550,93550,10
2025-10-02 14:44:15,30439,pairwise,VerletClusterLists,1.000000,vcl_sliced,none,AoS,disabled,96919,62756,57541,57047,59828,57250,62647,59948,55933,62241,63210,63210,10
2025-10-02 14:44:15,30449,pairwise,VerletClusterLists,1.000000,vcl_sliced,none,AoS,enabled,82466,57050,55803,53192,55565,55528,60092,54957,55202,56110,58596,58596,10
2025-10-02 14:44:15,30459,pairwise,VerletClusterLists,1.000000,vcl_sliced,none,SoA,disabled,103597,75509,70449,67432,70704,67927,69577,68913,72466,68303,73487,73487,10
2025-10-02 14:44:15,30469,pairwise,VerletClusterLists,1.000000,vcl_sliced,none,SoA,enabled,101511,73084,69317,67277,70595,69548,69650,69832,69047,69704,72955,72955,10
2025-10-02 14:44:15,30479,pairwise,VerletClusterLists,1.000000,vcl_sliced_balanced,none,AoS,disabled,98521,61393,66038,62412,61133,62366,60417,59304,60525,59682,65178,65178,10
2025-10-02 14:44:15,30489,pairwise,VerletClusterLists,1.000000,vcl_sliced_balanced,none,AoS,enabled,86767,59669,58003,56975,57654,56220,56812,57851,56289,58193,60442,60442,10
2025-10-02 14:44:15,30499,pairwise,VerletClusterLists,1.000000,vcl_sliced_balanced,none,SoA,disabled,106382,75462,73736,74026,75196,73705,74211,74087,72863,74028,77369,77369,10
2025-10-02 14:44:15,30509,pairwise,VerletClusterLists,1.000000,vcl_sliced_balanced,none,SoA,enabled,103178,75941,71260,74649,74810,75047,74845,77556,73788,75196,77627,77627,10
2025-10-02 14:44:15,30519,pairwise,VerletClusterLists,1.000000,vcl_sliced_balanced,neighbor-list-length,AoS,disabled,119108,67790,62230,61874,60895,61080,62260,61862,61021,60637,67875,67875,10
2025-10-02 14:44:15,30529,pairwise,VerletClusterLists,1.000000,vcl_sliced_balanced,neighbor-list-length,AoS,enabled,85999,58041,60016,58030,58077,64460,57538,56340,58400,59609,61650,61650,10
2025-10-02 14:44:15,30539,pairwise,VerletClusterLists,1.000000,vcl_sliced_balanced,neighbor-list-length,SoA,disabled,110201,74831,73030,73140,71966,73848,76551,74982,77327,75407,78127,78127,10
2025-10-02 14:44:15,30549,pairwise,VerletClusterLists,1.000000,vcl_sliced_balanced,neighbor-list-length,SoA,enabled,100662,74050,72059,75649,72628,73495,74121,73408,73410,72569,76204,76204,10
2025-10-02 14:44:15,30559,pairwise,VerletClusterLists,1.000000,vcl_sliced_c02,none,AoS,disabled,116710,60505,60076,61318,61111,58599,60792,59674,61747,59331,65986,65986,10
2025-10-02 14:44:15,30569,pairwise,VerletClusterLists,1.000000,vcl_sliced_c02,none,AoS,enabled,86798,58170,59467,54994,56237,58397,55637,57881,57095,55237,59990,59990,10
2025-10-02 14:44:15,30579,pairwise,VerletClusterLists,1.000000,vcl_sliced_c02,none,SoA,disabled,109192,77017,72329,71792,74642,74074,74705,73799,70776,75077,77340,77340,10
2025-10-02 14:44:15,30589,pairwise,VerletClusterLists,1.000000,vcl_sliced_c02,none,SoA,enabled,99339,75987,74858,70637,72650,69775,72775,68459,72273,73510,75025,75025,10
2025-10-02 14:44:15,30599,pairwise,VerletLists,1.000000,vl_list_iteration,none,AoS,disabled,3929164,54131,51964,52720,52202,51802,51096,50543,49731,51664,439501,439501,10
2025-10-02 14:44:15,30609,pairwise,VerletLists,1.000000,vl_list_iteration,none,SoA,disabled,7192727,1636292,1592592,1585015,1595887,1600204,1592858,1597894,1594211,1593918,2158159,2158159,10
2025-10-02 14:44:15,30619,pairwise,VerletListsCells,1.000000,vlc_c01,none,AoS,disabled,21864943,1583826,1571528,1582086,1583880,1581918,1581494,1574157,1575198,1574226,3607325,3607325,10
2025-10-02 14:44:15,30629,pairwise,VerletListsCells,1.000000,vlc_c01,none,SoA,disabled,27270825,3192490,3133281,3121388,3126694,3124833,3127688,3126694,3117147,3128766,5546980,5546980,10
2025-10-02 14:44:15,30639,pairwise,VerletListsCells,1.000000,vlc_c18,none,AoS,disabled,14778416,1821137,1815494,1817367,1812475,1817132,1819129,1812715,1816505,1811414,3112177,3112177,10
2025-10-02 14:44:15,30649,pairwise,VerletListsCells,1.000000,vlc_c18,none,AoS,enabled,14131939,1814978,1817875,1813379,1815883,1819573,1822991,1817134,1817160,1816067,3048697,3048697,10
2025-10-02 14:44:15,30659,pairwise,VerletListsCells,1.000000,vlc_c18,none,SoA,disabled,18986497,3444890,3388703,3370201,3377784,3377876,3378543,3387175,3374394,3375239,4946129,4946129,10
2025-10-02 14:44:15,30669,pairwise,VerletListsCells,1.000000,vlc_c18,none,SoA,enabled,18404010,3424781,3370085,3379491,3375318,3378059,3369702,3369781,3378982,3376516,4882671,4882671,10
2025-10-02 14:44:15,30679,pairwise,VerletListsCells,1.000000,vlc_c08,none,AoS,disabled,10422703,1667139,1665275,1666010,1662936,1656695,1661015,1664310,1662103,1659059,2538723,2538723,10
2025-10-02 14:44:15,30689,pairwise,VerletListsCells,1.000000,vlc_c08,none,AoS,enabled,10022765,1664770,1658201,1665528,1661754,1672351,1661668,1665252,1660240,1660191,2499271,2499271,10
2025-10-02 14:44:16,30699,pairwise,VerletListsCells,1.000000,vlc_c08,none,SoA,disabled,14733824,3338275,3282314,3266591,3270534,3284918,3284324,3276551,3269858,3270836,4427802,4427802,10
2025-10-02 14:44:16,30709,pairwise,VerletListsCells,1.000000,vlc_c08,none,SoA,enabled,14405474,3313963,3280385,3266700,3252816,3258795,3261100,3262837,3271636,3282758,4385646,4385646,10
2025-10-02 14:44:16,30719,pairwise,VerletListsCells,1.000000,vlc_sliced,none,AoS,disabled,12797290,108406,107066,107361,101473,105943,101293,105551,102778,104702,1374185,1374185,10
2025-10-02 14:44:16,30729,pairwise,VerletListsCells,1.000000,vlc_sliced,none,AoS,enabled,12499655,104458,105883,102649,106700,100859,105751,102003,104849,99569,1343237,1343237,10
2025-10-02 14:44:16,30739,pairwise,VerletListsCells,1.000000,vlc_sliced,none,SoA,disabled,17320624,1815245,1753130,1736246,1743840,1741269,1727404,1714061,1724908,1716281,3299300,3299300,10
2025-10-02 14:44:16,30749,pairwise,VerletListsCells,1.000000,vlc_sliced,none,SoA,enabled,16770459,1802558,1744722,1749631,1734976,1744372,1726747,1723810,1720689,1707873,3242583,3242583,10
2025-10-02 14:44:16,30759,pairwise,VerletListsCells,1.000000,vlc_sliced_balanced,none,AoS,disabled,12949734,109845,108679,108491,104829,106103,107422,106403,105684,105744,1391293,1391293,10
2025-10-02 14:44:16,30769,pairwise,VerletListsCells,1.000000,vlc_sliced_balanced,none,AoS,enabled,12526076,106332,106498,106695,106874,106392,105026,107508,106463,109178,1348704,1348704,10
2025-10-02 14:44:16,30779,pairwise,VerletListsCells,1.000000,vlc_sliced_balanced,none,SoA,disabled,17362373,1802978,1772259,1754496,1744020,1743498,1745376,1735420,1737277,1731448,3312914,3312914,10
2025-10-02 14:44:16,30789,pairwise,VerletListsCells,1.000000,vlc_sliced_balanced,none,SoA,enabled,16829147,1812405,1776585,1756262,1741209,1745241,1737784,1735521,1725409,1737162,3259672,3259672,10
2025-10-02 14:44:16,30799,pairwise,VerletListsCells,1.000000,vlc_sliced_balanced,squared-particles-per-cell,AoS,disabled,12263350,199464,198378,197521,191486,192848,192773,198591,191758,192063,1401822,1401822,10
2025-10-02 14:44:16,30809,pairwise,VerletListsCells,1.000000,vlc_sliced_balanced,squared-particles-per-cell,AoS,enabled,12577250,197012,198148,196258,196366,197353,196348,196781,201577,197472,1435456,1435456,10
2025-10-02 14:44:16,30819,pairwise,VerletListsCells,1.000000,vlc_sliced_balanced,squared-particles-per-cell,SoA,disabled,16841076,1720301,1730958,1739114,1733773,1738210,1730855,1696224,1733135,1738650,3240229,3240229,10
2025-10-02 14:44:16,30829,pairwise,VerletListsCells,1.000000,vlc_sliced_balanced,squared-particles-per-cell,SoA,enabled,16670704,1729261,1706542,1736527,1740300,1715183,1734561,1735395,1713561,1739621,3222165,3222165,10
2025-10-02 14:44:16,30839,pairwise,VerletListsCells,1.000000,vlc_sliced_balanced,neighbor-list-length,AoS,disabled,12126332,182591,180487,177229,178151,175268,178140,180526,175232,172942,1372689,1372689,10
2025-10-02 14:44:16,30849,pairwise,VerletListsCells,1.000000,vlc_sliced_balanced,neighbor-list-length,AoS,enabled,12533271,127029,127292,125020,127335,125373,126943,125237,126248,127447,1367119,1367119,10
2025-10-02 14:44:16,30859,pairwise,VerletListsCells,1.000000,vlc_sliced_balanced,neighbor-list-length,SoA,disabled,16983534,1749014,1746859,1734001,1776923,1773459,1727052,1773246,1774801,1733468,3277235,3277235,10
2025-10-02 14:44:16,30869,pairwise,VerletListsCells,1.000000,vlc_sliced_balanced,neighbor-list-length,SoA,enabled,16724495,1792170,1773099,1676478,1665407,1768963,1768973,1670363,1756915,1768494,3236535,3236535,10
2025-10-02 14:44:16,30879,pairwise,VerletListsCells,1.000000,vlc_sliced_c02,none,AoS,disabled,12085844,117988,117155,114139,109262,110998,115172,108305,111023,109502,1309938,1309938,10
2025-10-02 14:44:16,30889,pairwise,VerletListsCells,1.000000,vlc_sliced_c02,none,AoS,enabled,12560139,116789,110499,107652,107927,109952,108472,111390,107440,109726,1354998,1354998,10
2025-10-02 14:44:16,30899,pairwise,VerletListsCells,1.000000,vlc_sliced_c02,none,SoA,disabled,17009819,1808387,1760727,1759664,1751998,1738925,1743154,1736601,1749096,1747962,3280633,3280633,10
2025-10-02 14:44:16,30909,pairwise,VerletListsCells,1.000000,vlc_sliced_c02,none,SoA,enabled,16645943,1803297,1750397,1762433,1758185,1747984,1752141,1758383,1752017,1752343,3248311,3248311,10
2025-10-02 14:44:16,30919,pairwise,PairwiseVerletLists,1.000000,vlp_c01,none,AoS,disabled,16767703,1805972,1808305,1801459,1797397,1801296,1798837,1798885,1794137,1799962,3297394,3297394,10
2025-10-02 14:44:16,30929,pairwise,PairwiseVerletLists,1.000000,vlp_c01,none,SoA,disabled,30880262,3758484,3460401,3395175,3392675,3394817,3404491,3410559,3396821,3398001,6189167,6189167,10
2025-10-02 14:44:16,30939,pairwise,PairwiseVerletLists,1.000000,vlp_c18,none,AoS,disabled,15204759,2103513,2074010,2064965,2069555,2061316,2053616,2068783,2060692,2047422,3380862,3380862,10
2025-10-02 14:44:16,30949,pairwise,PairwiseVerletLists,1.000000,vlp_c18,none,AoS,enabled,15105491,2082623,2078194,2063750,2058251,2071201,2062083,2066700,2069241,2063834,3372136,3372136,10
2025-10-02 14:44:16,30959,pairwise,PairwiseVerletLists,1.000000,vlp_c18,none,SoA,disabled,35230020,4203907,3968465,3940971,3910138,3913725,3901310,3895835,3908530,3913359,7078625,7078625,10
2025-10-02 14:44:17,30969,pairwise,PairwiseVerletLists,1.000000,vlp_c18,none,SoA,enabled,35431663,4224833,3998870,3929663,3937062,3928485,3910591,3901211,3924425,3927258,7111405,7111405,10
2025-10-02 14:44:17,30979,pairwise,PairwiseVerletLists,1.000000,vlp_sliced,none,AoS,disabled,13937939,775897,742602,723279,726953,723425,725450,711754,721488,709101,2049788,2049788,10
2025-10-02 14:44:17,30989,pairwise,PairwiseVerletLists,1.000000,vlp_sliced,none,AoS,enabled,13693382,766576,740339,733955,721821,722399,701991,741300,723231,723347,2026834,2026834,10
2025-10-02 14:44:17,30999,pairwise,PairwiseVerletLists,1.000000,vlp_sliced,none,SoA,disabled,33757505,2950392,2724186,2703477,2695747,2763637,2776085,2780438,2756820,2653128,5856141,5856141,10
2025-10-02 14:44:17,31009,pairwise,PairwiseVerletLists,1.000000,vlp_sliced,none,SoA,enabled,34250203,2981190,2713734,2734581,2771965,2723557,2794871,2723343,2738236,2767835,5919950,5919950,10
2025-10-02 14:44:17,31019,pairwise,PairwiseVerletLists,1.000000,vlp_sliced_balanced,none,AoS,disabled,13841756,815754,780044,744930,742730,746668,754446,743331,731151,740019,2064082,2064082,10
2025-10-02 14:44:17,31029,pairwise,PairwiseVerletLists,1.000000,vlp_sliced_balanced,none,AoS,enabled,13687227,790935,761806,731829,737174,744723,732750,737155,727259,734865,2038572,2038572,10
2025-10-02 14:44:17,31039,pairwise,PairwiseVerletLists,1.000000,vlp_sliced_balanced,none,SoA,disabled,34050213,2959081,2763676,2642225,2641564,2647660,2672117,2667524,2660845,2637490,5834239,5834239,10
2025-10-02 14:44:17,31049,pairwise,PairwiseVerletLists,1.000000,vlp_sliced_balanced,none,SoA,enabled,33907262,2935356,2686855,2637036,2709348,2603459,2617371,2574675,2635382,2612786,5791952,5791952,10
2025-10-02 14:44:17,31059,pairwise,PairwiseVerletLists,1.000000,vlp_sliced_c02,none,AoS,disabled,14062192,950728,919140,893518,901644,869372,889298,897262,900261,897189,2218059,2218059,10
2025-10-02 14:44:17,31069,pairwise,PairwiseVerletLists,1.000000,vlp_sliced_c02,none,AoS,enabled,13853944,934838,900114,889610,902247,900410,892437,903784,893089,889452,2195992,2195992,10
2025-10-02 14:44:17,31079,pairwise,PairwiseVerletLists,1.000000,vlp_sliced_c02,none,SoA,disabled,33949570,3111451,2887668,2821801,2816810,2847938,2812746,2797275,2742753,2838171,5962618,5962618,10
2025-10-02 14:44:17,31089,pairwise,PairwiseVerletLists,1.000000,vlp_sliced_c02,none,SoA,enabled,33731838,3150077,2971158,2837130,2858921,2786470,2989176,2860341,2923389,2834577,5994306,5994306,10
2025-10-02 14:44:17,31099,pairwise,PairwiseVerletLists,1.000000,vlp_c08,none,AoS,disabled,16653633,3386494,3361398,3358975,3365562,3357095,3356060,3363802,3355169,3362025,4692021,4692021,10
2025-10-02 14:44:17,31109,pairwise,PairwiseVerletLists,1.000000,vlp_c08,none,AoS,enabled,15382470,2446102,2400335,2392022,2381499,2380086,2388534,2380863,2391381,2387105,3693039,3693039,10
2025-10-02 14:44:17,31119,pairwise,PairwiseVerletLists,1.000000,vlp_c08,none,SoA,disabled,37010572,6242339,6203714,6202208,6180341,6187774,6195406,6187237,6201843,6197063,9280849,9280849,10
2025-10-02 14:44:17,31129,pairwise,PairwiseVerletLists,1.000000,vlp_c08,none,SoA,enabled,35594122,4773268,4530557,4490659,4502193,4481818,4491485,4472776,4480699,4494682,7631225,7631225,10
2025-10-02 14:46:07,35009,pairwise,LinkedCells,1.000000,lc_c01,none,AoS,disabled,1699380,1634159,1629483,1628636,1628091,1622761,1622982,1629331,1631756,1633036,1635961,1635961,10
2025-10-02 14:46:07,35019,pairwise,LinkedCells,1.000000,lc_c01,none,SoA,disabled,2681048,2621731,2585563,2551006,2560824,2575026,2567075,2562653,2562809,2562428,2583015,2583015,10
2025-10-02 14:46:07,35029,pairwise,LinkedCells,1.000000,lc_c01_combined_SoA,none,SoA,disabled,2218275,2239108,2222335,2229128,2220927,2239559,2222407,2230117,2229042,2227799,2227869,2227869,10
2025-10-02 14:46:07,35039,pairwise,LinkedCells,1.000000,lc_c04,none,AoS,disabled,551426,529172,525753,529272,529049,527668,524107,526218,526545,530035,529924,529924,10
2025-10-02 14:46:07,35049,pairwise,LinkedCells,1.000000,lc_c04,none,AoS,enabled,533141,529070,529685,529137,529113,529132,529906,524311,523323,526552,528336,528336,10
2025-10-02 14:46:07,35059,pairwise,LinkedCells,1.000000,lc_c04,none,SoA,disabled,1765952,1696077,1694840,1690486,1694132,1690642,1679673,1685578,1680317,1694080,1697177,1697177,10
2025-10-02 14:46:07,35069,pairwise,LinkedCells,1.000000,lc_c04,none,SoA,enabled,1739265,1702401,1692442,1684045,1679575,1680546,1687224,1684055,1692369,1686892,1692880,1692880,10
2025-10-02 14:46:07,35079,pairwise,LinkedCells,1.000000,lc_c04_HCP,none,AoS,disabled,621904,570490,563768,564488,564636,562409,561943,563903,567264,564206,570500,570500,10
2025-10-02 14:46:07,35089,pairwise,LinkedCells,1.000000,lc_c04_HCP,none,AoS,enabled,564762,563686,567093,568380,563140,565284,564629,565329,565417,563708,565142,565142,10
2025-10-02 14:46:08,35099,pairwise,LinkedCells,1.000000,lc_c04_HCP,none,SoA,disabled,1947666,1938417,1946140,1954921,1937486,1935185,1939359,1938102,1938928,1941854,1941805,1941805,10
2025-10-02 14:46:08,35109,pairwise,LinkedCells,1.000000,lc_c04_HCP,none,SoA,enabled,1959269,1941744,1943388,1932177,1938968,1936050,1932294,1940952,1937179,1946830,1940884,1940884,10
2025-10-02 14:46:08,35119,pairwise,LinkedCells,1.000000,lc_c04_combined_SoA,none,SoA,disabled,2541840,2467405,2471781,2439867,2462733,2463309,2464244,2446826,2467296,2445254,2467055,2467055,10
2025-10-02 14:46:08,35129,pairwise,LinkedCells,1.000000,lc_c04_combined_SoA,none,SoA,enabled,2271029,2273953,2276903,2270541,2279553,2270202,2272229,2283773,2283641,2267065,2274888,2274888,10
2025-10-02 14:46:08,35139,pairwise,LinkedCells,1.000000,lc_c08,none,AoS,disabled,1797731,1774984,1751943,1737038,1756895,1749367,1757060,1743527,1737968,1757263,1756376,1756376,10
2025-10-02 14:46:08,35149,pairwise,LinkedCells,1.000000,lc_c08,none,AoS,enabled,1762951,1750748,1755373,1758348,1747815,1751854,1753736,1759395,1745806,1753921,1753994,1753994,10
2025-10-02 14:46:08,35159,pairwise,LinkedCells,1.000000,lc_c08,none,SoA,disabled,2991775,2975690,2986034,2985183,2989229,2981083,2986371,2984934,2982863,2996473,2985962,2985962,10
2025-10-02 14:46:08,35169,pairwise,LinkedCells,1.000000,lc_c08,none,SoA,enabled,2997240,2987654,2985011,2989396,2973461,2978429,2982838,2991509,2987941,2979346,2985281,2985281,10
2025-10-02 14:46:08,35179,pairwise,LinkedCells,1.000000,lc_c18,none,AoS,disabled,1855957,1829725,1826251,1811085,1826666,1826953,1828488,1837228,1826961,1824322,1829362,1829362,10
2025-10-02 14:46:08,35189,pairwise,LinkedCells,1.000000,lc_c18,none,AoS,enabled,1838237,1820303,1833250,1826282,1829216,1833133,1817522,1808280,1822683,1831495,1826039,1826039,10
2025-10-02 14:46:08,35199,pairwise,LinkedCells,1.000000,lc_c18,none,SoA,disabled,2398407,2487118,2482168,2473876,2470861,2470371,2459037,2453985,2459105,2469186,2462411,2462411,10
2025-10-02 14:46:08,35209,pairwise,LinkedCells,1.000000,lc_c18,none,SoA,enabled,2448608,2459537,2457140,2449203,2456076,2451108,2452093,2450956,2452979,2452333,2453002,2453002,10
2025-10-02 14:46:08,35219,pairwise,LinkedCells,1.000000,lc_sliced,none,AoS,disabled,510586,459486,433744,432263,422019,421303,420692,425937,425963,425600,437758,437758,10
2025-10-02 14:46:08,35229,pairwise,LinkedCells,1.000000,lc_sliced,none,AoS,enabled,694747,428918,419079,421529,418862,423045,424325,425688,420563,422723,449947,449947,10
2025-10-02 14:46:08,35239,pairwise,LinkedCells,1.000000,lc_sliced,none,SoA,disabled,2055239,1736393,1680223,1656297,1645793,1657999,1673990,1664734,1657508,1635542,1706371,1706371,10
2025-10-02 14:46:08,35249,pairwise,LinkedCells,1.000000,lc_sliced,none,SoA,enabled,1735315,1656249,1645607,1644467,1652899,1623169,1773896,1652690,1649447,1643196,1667693,1667693,10
2025-10-02 14:46:08,35259,pairwise,LinkedCells,1.000000,lc_sliced_balanced,none,AoS,disabled,494867,447575,431324,429593,430884,427998,423560,425703,430425,427924,436985,436985,10
2025-10-02 14:46:08,35269,pairwise,LinkedCells,1.000000,lc_sliced_balanced,none,AoS,enabled,422590,426302,427733,425468,427839,427617,428668,423020,424289,422415,425593,425593,10
2025-10-02 14:46:08,35279,pairwise,LinkedCells,1.000000,lc_sliced_balanced,none,SoA,disabled,1712245,1704594,1708283,1680522,1718566,1671030,1695377,1586667,1665902,1736348,1687953,1687953,10
2025-10-02 14:46:08,35289,pairwise,LinkedCells,1.000000,lc_sliced_balanced,none,SoA,enabled,1626424,1684035,1683996,1698044,1626387,1751025,1616114,1667229,1672173,1683009,1670843,1670843,10
2025-10-02 14:46:08,35299,pairwise,LinkedCells,1.000000,lc_sliced_balanced,squared-particles-per-cell,AoS,disabled,1056599,820648,776231,773921,760770,772958,768749,760483,768941,769195,802849,802849,10
2025-10-02 14:46:08,35309,pairwise,LinkedCells,1.000000,lc_sliced_balanced,squared-particles-per-cell,AoS,enabled,772366,768564,767140,761953,768214,767509,763441,767585,768741,765894,767140,767140,10
2025-10-02 14:46:08,35319,pairwise,LinkedCells,1.000000,lc_sliced_balanced,squared-particles-per-cell,SoA,disabled,2809895,2747821,2602713,2602723,2599934,2596642,2579026,2588026,2684610,2593213,2640460,2640460,10
2025-10-02 14:46:08,35329,pairwise,LinkedCells,1.000000,lc_sliced_balanced,squared-particles-per-cell,SoA,enabled,2762027,2583709,2583166,2583451,2586695,2730017,2579671,2591203,2585848,2553106,2613888,2613888,10
2025-10-02 14:46:08,35339,pairwise,LinkedCells,1.000000,lc_sliced_c02,none,AoS,disabled,598830,489950,465157,421737,417589,416809,423932,418045,419810,418609,449046,449046,10
2025-10-02 14:46:08,35349,pairwise,LinkedCells,1.000000,lc_sliced_c02,none,AoS,enabled,413677,416050,421110,418104,412839,417974,411293,418815,417204,417668,416473,416473,10
2025-10-02 14:46:08,35359,pairwise,LinkedCells,1.000000,lc_sliced_c02,none,SoA,disabled,1817367,1680572,1648518,1656512,1641772,1639784,1635054,1631530,1611058,1640618,1660278,1660278,10
2025-10-02 14:46:08,35369,pairwise,LinkedCells,1.000000,lc_sliced_c02,none,SoA,enabled,1733657,1614238,1635298,1633128,1628983,1617489,1628931,1634737,1636705,1656059,1641921,1641921,10
2025-10-02 14:46:08,35379,pairwise,VerletClusterLists,1.000000,vcl_c01_balanced,none,AoS,disabled,167478,63401,62588,64496,63277,61437,62891,59617,59309,58602,72309,72309,10
2025-10-02 14:46:08,35389,pairwise,VerletClusterLists,1.000000,vcl_c01_balanced,none,SoA,disabled,115131,68471,68837,69048,67615,71423,67340,67171,70660,67814,73350,73350,10
2025-10-02 14:46:08,35399,pairwise,VerletClusterLists,1.000000,vcl_c06,none,AoS,disabled,113587,78462,76808,76219,77619,78771,77637,76483,77110,77500,81019,81019,10
2025-10-02 14:46:08,35409,pairwise,VerletClusterLists,1.000000,vcl_c06,none,AoS,enabled,104976,74580,73945,72723,71184,73775,74161,73297,73524,73153,76531,76531,10
2025-10-02 14:46:08,35419,pairwise,VerletClusterLists,1.000000,vcl_c06,none,SoA,disabled,126436,88849,89171,90765,94591,91050,89660,87217,91995,86447,93617,93617,10
2025-10-02 14:46:08,35429,pairwise,VerletClusterLists,1.000000,vcl_c06,none,SoA,enabled,122124,89375,90220,87248,91964,91425,85733,88316,87645,83429,91747,91747,10
2025-10-02 14:46:08,35439,pairwise,VerletClusterLists,1.000000,vcl_sliced,none,AoS,disabled,101393,68806,63084,69265,62804,64946,68536,66182,66780,64436,69623,69623,10
2025-10-02 14:46:08,35449,pairwise,VerletClusterLists,1.000000,vcl_sliced,none,AoS,enabled,90840,57972,58257,58664,57935,62116,55195,56777,55656,56694,61010,61010,10
2025-10-02 14:46:08,35459,pairwise,VerletClusterLists,1.000000,vcl_sliced,none,SoA,disabled,106065,71460,77138,74853,71971,72709,71614,74186,75883,68952,76482,76482,10
2025-10-02 14:46:08,35469,pairwise,VerletClusterLists,1.000000,vcl_sliced,none,SoA,enabled,98623,72323,75136,74152,70826,70507,72259,69282,67463,68174,73873,73873,10
2025-10-02 14:46:08,35479,pairwise,VerletClusterLists,1.000000,vcl_sliced_balanced,none,AoS,disabled,103146,73563,66575,66022,67674,65354,68542,65809,69182,65902,71176,71176,10
2025-10-02 14:46:08,35489,pairwise,VerletClusterLists,1.000000,vcl_sliced_balanced,none,AoS,enabled,89330,59790,59489,60191,59294,60882,61257,60987,61356,60193,63276,63276,10
2025-10-02 14:46:08,35499,pairwise,VerletClusterLists,1.000000,vcl_sliced_balanced,none,SoA,disabled,115602,84077,77806,76256,78259,79760,77250,75696,77904,75243,81784,81784,10
2025-10-02 14:46:08,35509,pairwise,VerletClusterLists,1.000000,vcl_sliced_balanced,none,SoA,enabled,105150,75272,72925,74022,73630,77677,73276,74352,72969,74020,77329,77329,10
2025-10-02 14:46:08,35519,pairwise,VerletClusterLists,1.000000,vcl_sliced_balanced,neighbor-list-length,AoS,disabled,123726,65981,66384,67172,65554,65559,71923,66763,65736,64389,72318,72318,10
2025-10-02 14:46:08,35529,pairwise,VerletClusterLists,1.000000,vcl_sliced_balanced,neighbor-list-length,AoS,enabled,91256,60188,60247,59125,58619,60061,59400,61146,61988,58935,63095,63095,10
2025-10-02 14:46:08,35539,pairwise,VerletClusterLists,1.000000,vcl_sliced_balanced,neighbor-list-length,SoA,disabled,113694,75036,76888,75706,74337,74502,81188,77283,73862,74035,79652,79652,10
2025-10-02 14:46:08,35549,pairwise,VerletClusterLists,1.000000,vcl_sliced_balanced,neighbor-list-length,SoA,enabled,104168,75010,80415,77054,73325,73611,73818,76227,71912,73326,77886,77886,10
2025-10-02 14:46:08,35559,pairwise,VerletClusterLists,1.000000,vcl_sliced_c02,none,AoS,disabled,127116,66645,62536,64920,66350,68332,65484,62856,67112,64729,71607,71607,10
2025-10-02 14:46:08,35569,pairwise,VerletClusterLists,1.000000,vcl_sliced_c02,none,AoS,enabled,88992,63732,62729,56364,61025,60865,59550,59801,59981,63143,63617,63617,10
2025-10-02 14:46:08,35579,pairwise,VerletClusterLists,1.000000,vcl_sliced_c02,none,SoA,disabled,113703,72945,76465,74681,77176,78014,74412,74614,73638,73684,78932,78932,10
2025-10-02 14:46:08,35589,pairwise,VerletClusterLists,1.000000,vcl_sliced_c02,none,SoA,enabled,103811,76578,76315,72763,75977,74198,72682,74396,70879,73264,77085,77085,10
2025-10-02 14:46:08,35599,pairwise,VerletLists,1.000000,vl_list_iteration,none,AoS,disabled,3952433,55566,52304,57600,53533,54864,54668,53589,53502,54021,444207,444207,10
2025-10-02 14:46:08,35609,pairwise,VerletLists,1.000000,vl_list_iteration,none,SoA,disabled,7204554,1642876,1596897,1576496,1576931,1572568,1581207,1582783,1581595,1588207,2150411,2150411,10
2025-10-02 14:46:08,35619,pairwise,VerletListsCells,1.000000,vlc_c01,none,AoS,disabled,21805748,1584635,1579232,1583736,1571054,1575106,1578222,1576949,1579099,1581698,3601547,3601547,10
2025-10-02 14:46:08,35629,pairwise,VerletListsCells,1.000000,vlc_c01,none,SoA,disabled,26985511,3216570,3140518,3128865,3127400,3130800,3132929,3127832,3130410,3135242,5525607,5525607,10
2025-10-02 14:46:08,35639,pairwise,VerletListsCells,1.000000,vlc_c18,none,AoS,disabled,14517097,1823189,1821911,1805968,1817488,1812062,1817356,1814731,1813601,1814750,3085814,3085814,10
2025-10-02 14:46:08,35649,pairwise,VerletListsCells,1.000000,vlc_c18,none,AoS,enabled,14033934,1820144,1813321,1813323,1815319,1812088,1814042,1814652,1814371,1810622,3036181,3036181,10
2025-10-02 14:46:08,35659,pairwise,VerletListsCells,1.000000,vlc_c18,none,SoA,disabled,18964900,3432005,3399754,3391996,3371832,3378233,3375369,3376683,3360799,3372196,4942376,4942376,10
2025-10-02 14:46:08,35669,pairwise,VerletListsCells,1.000000,vlc_c18,none,SoA,enabled,18384368,3424809,3402266,3392759,3376067,3376619,3367182,3390512,3376452,3382506,4887353,4887353,10
2025-10-02 14:46:09,35679,pairwise,VerletListsCells,1.000000,vlc_c08,none,AoS,disabled,10559897,1668058,1667165,1667789,1660819,1658705,1663635,1663811,1663858,1663936,2553767,2553767,10
2025-10-02 14:46:09,35689,pairwise,VerletListsCells,1.000000,vlc_c08,none,AoS,enabled,10135195,1664099,1667567,1658887,1668113,1658073,1656138,1656155,1662444,1658531,2508519,2508519,10
2025-10-02 14:46:09,35699,pairwise,VerletListsCells,1.000000,vlc_c08,none,SoA,disabled,14789509,3326300,3283190,3271733,3265720,3255973,3258677,3262541,3263840,3256097,4423357,4423357,10
2025-10-02 14:46:09,35709,pairwise,VerletListsCells,1.000000,vlc_c08,none,SoA,enabled,14408142,3309571,3273453,3259731,3261143,3268372,3267204,3258284,3266053,3260494,4383244,4383244,10
2025-10-02 14:46:09,35719,pairwise,VerletListsCells,1.000000,vlc_sliced,none,AoS,disabled,12678038,113321,105004,107925,105364,106347,101501,103909,100093,105748,1362725,1362725,10
2025-10-02 14:46:09,35729,pairwise,VerletListsCells,1.000000,vlc_sliced,none,AoS,enabled,12298479,103939,100482,101664,99515,101552,100963,100658,102192,101823,1321125,1321125,10
2025-10-02 14:46:09,35739,pairwise,VerletListsCells,1.000000,vlc_sliced,none,SoA,disabled,17317889,1825845,1776305,1746009,1761528,1746191,1749889,1754194,1735846,1740938,3315463,3315463,10
2025-10-02 14:46:09,35749,pairwise,VerletListsCells,1.000000,vlc_sliced,none,SoA,enabled,16707625,1781720,1734846,1765199,1737299,1739566,1754650,1743303,1749468,1733390,3244705,3244705,10
2025-10-02 14:46:09,35759,pairwise,VerletListsCells,1.000000,vlc_sliced_balanced,none,AoS,disabled,12809750,110047,107777,108544,105896,105918,108486,105271,105133,104778,1377159,1377159,10
2025-10-02 14:46:09,35769,pairwise,VerletListsCells,1.000000,vlc_sliced_balanced,none,AoS,enabled,12453991,107637,106950,107620,104823,105550,105747,106693,105753,107962,1341272,1341272,10
2025-10-02 14:46:09,35779,pairwise,VerletListsCells,1.000000,vlc_sliced_balanced,none,SoA,disabled,17295176,1816321,1782796,1775269,1762480,1749616,1754867,1749493,1739054,1762474,3318753,3318753,10
2025-10-02 14:46:09,35789,pairwise,VerletListsCells,1.000000,vlc_sliced_balanced,none,SoA,enabled,16836316,1814208,1779884,1769989,1760605,1745111,1750070,1748053,1732528,1753695,3269045,3269045,10
2025-10-02 14:46:09,35799,pairwise,VerletListsCells,1.000000,vlc_sliced_balanced,squared-particles-per-cell,AoS,disabled,12092221,184783,176187,177970,176692,174925,182027,175926,175258,175897,1369188,1369188,10
2025-10-02 14:46:09,35809,pairwise,VerletListsCells,1.000000,vlc_sliced_balanced,squared-particles-per-cell,AoS,enabled,12656103,183398,187347,178141,175640,178623,178306,182867,174297,175072,1426979,1426979,10
2025-10-02 14:46:09,35819,pairwise,VerletListsCells,1.000000,vlc_sliced_balanced,squared-particles-per-cell,SoA,disabled,16856031,1740777,1732148,1753325,1754225,1750977,1758097,1754195,1758332,1756211,3261431,3261431,10
2025-10-02 14:46:09,35829,pairwise,VerletListsCells,1.000000,vlc_sliced_balanced,squared-particles-per-cell,SoA,enabled,16630614,1740305,1729066,1751718,1750130,1728521,1751542,1756063,1731041,1752099,3232109,3232109,10
2025-10-02 14:46:09,35839,pairwise,VerletListsCells,1.000000,vlc_sliced_balanced,neighbor-list-length,AoS,disabled,12293609,210666,209279,207856,205089,203942,215052,205752,204868,211270,1416738,1416738,10
2025-10-02 14:46:09,35849,pairwise,VerletListsCells,1.000000,vlc_sliced_balanced,neighbor-list-length,AoS,enabled,12539588,130542,128242,126989,126241,126070,126820,127015,127173,127001,1368567,1368567,10
2025-10-02 14:46:09,35859,pairwise,VerletListsCells,1.000000,vlc_sliced_balanced,neighbor-list-length,SoA,disabled,17441778,1900857,1862558,1847670,1815870,1818141,1828413,1858452,1807699,1802704,3398413,3398413,10
2025-10-02 14:46:09,35869,pairwise,VerletListsCells,1.000000,vlc_sliced_balanced,neighbor-list-length,SoA,enabled,16984595,1887397,1834663,1827118,1813922,1753380,1810736,1810709,1766992,1807041,3329654,3329654,10
2025-10-02 14:46:09,35879,pairwise,VerletListsCells,1.000000,vlc_sliced_c02,none,AoS,disabled,12131123,117229,113163,111657,112329,111156,111435,111879,109392,107662,1313701,1313701,10
2025-10-02 14:46:09,35889,pairwise,VerletListsCells,1.000000,vlc_sliced_c02,none,AoS,enabled,12415070,111256,110306,109223,107898,109687,108342,110214,108951,111215,1340215,1340215,10
2025-10-02 14:46:09,35899,pairwise,VerletListsCells,1.000000,vlc_sliced_c02,none,SoA,disabled,16788769,1767660,1739736,1719815,1744084,1754673,1725517,1744890,1740541,1729124,3245480,3245480,10
2025-10-02 14:46:09,35909,pairwise,VerletListsCells,1.000000,vlc_sliced_c02,none,SoA,enabled,16614666,1770014,1748777,1725591,1741866,1754960,1752835,1755315,1762813,1756577,3238341,3238341,10
2025-10-02 14:46:09,35919,pairwise,PairwiseVerletLists,1.000000,vlp_c01,none,AoS,disabled,16773400,1809933,1800560,1798757,1795455,1798273,1797538,1799772,1794767,1796076,3296452,3296452,10
2025-10-02 14:46:09,35929,pairwise,PairwiseVerletLists,1.000000,vlp_c01,none,SoA,disabled,30559096,3771543,3471958,3429839,3432426,3414494,3418942,3422063,3409814,3418237,6174840,6174840,10
2025-10-02 14:46:09,35939,pairwise,PairwiseVerletLists,1.000000,vlp_c18,none,AoS,disabled,15221188,2095822,2070771,2068710,2055590,2063370,2056433,2059042,2058495,2057629,3380704,3380704,10
2025-10-02 14:46:09,35949,pairwise,PairwiseVerletLists,1.000000,vlp_c18,none,AoS,enabled,15081264,2090984,2064350,2070171,2061207,2054139,2055934,2060473,2056681,2071445,3366664,3366664,10
2025-10-02 14:46:10,35959,pairwise,PairwiseVerletLists,1.000000,vlp_c18,none,SoA,disabled,35712266,4230679,3980052,3928307,3924261,3927986,3912315,3899576,3884336,3898027,7129779,7129779,10
2025-10-02 14:46:10,35969,pairwise,PairwiseVerletLists,1.000000,vlp_c18,none,SoA,enabled,35612617,4229831,3967141,3932741,3918647,3919314,3901739,3908862,3920877,3921821,7123358,7123358,10
2025-10-02 14:46:10,35979,pairwise,PairwiseVerletLists,1.000000,vlp_sliced,none,AoS,disabled,13929514,789669,742038,740098,732192,718226,716071,722094,711603,714065,2051557,2051557,10
2025-10-02 14:46:10,35989,pairwise,PairwiseVerletLists,1.000000,vlp_sliced,none,AoS,enabled,13689617,760290,745713,720869,729300,738161,708071,712123,711406,719055,2023459,2023459,10
2025-10-02 14:46:10,35999,pairwise,PairwiseVerletLists,1.000000,vlp_sliced,none,SoA,disabled,33765059,2952124,2788479,2808991,2773365,2741478,2730514,2726019,2807640,2754487,5884814,5884814,10
2025-10-02 14:46:10,36009,pairwise,PairwiseVerletLists,1.000000,vlp_sliced,none,SoA,enabled,33689858,3020344,2791075,2753507,2761810,2740936,2714791,2713077,2726909,2773305,5868561,5868561,10
2025-10-02 14:46:10,36019,pairwise,PairwiseVerletLists,1.000000,vlp_sliced_balanced,none,AoS,disabled,13893953,826844,781174,754762,755372,751520,739441,741587,746513,740597,2073175,2073175,10
2025-10-02 14:46:10,36029,pairwise,PairwiseVerletLists,1.000000,vlp_sliced_balanced,none,AoS,enabled,13710960,780951,756618,745111,737269,734617,742129,741100,732492,738391,2041963,2041963,10
2025-10-02 14:46:10,36039,pairwise,PairwiseVerletLists,1.000000,vlp_sliced_balanced,none,SoA,disabled,34022091,3007967,2744538,2663218,2669306,2670417,2647525,2643111,2645206,2618756,5833213,5833213,10
2025-10-02 14:46:10,36049,pairwise,PairwiseVerletLists,1.000000,vlp_sliced_balanced,none,SoA,enabled,34131212,2979891,2742902,2686928,2663866,2638073,2633266,2633090,2643318,2623103,5837564,5837564,10
2025-10-02 14:46:10,36059,pairwise,PairwiseVerletLists,1.000000,vlp_sliced_c02,none,AoS,disabled,14094885,948573,938318,911268,894712,906757,905581,927574,898409,909020,2233509,2233509,10
2025-10-02 14:46:10,36069,pairwise,PairwiseVerletLists,1.000000,vlp_sliced_c02,none,AoS,enabled,13811794,942498,903579,877183,892997,901700,899188,899651,908970,898512,2193606,2193606,10
2025-10-02 14:46:10,36079,pairwise,PairwiseVerletLists,1.000000,vlp_sliced_c02,none,SoA,disabled,34262414,3107450,2869207,2801080,2863630,2818036,2761758,2835049,2806517,2779222,5990435,5990435,10
2025-10-02 14:46:10,36089,pairwise,PairwiseVerletLists,1.000000,vlp_sliced_c02,none,SoA,enabled,33796921,3102969,2910742,2900942,2933771,2930628,2912792,2820938,2810166,2736238,5985610,5985610,10
2025-10-02 14:46:10,36099,pairwise,PairwiseVerletLists,1.000000,vlp_c08,none,AoS,disabled,16642819,3376310,3360777,3369857,3361362,3355145,3359662,3353022,3357872,3358692,4689551,4689551,10
2025-10-02 14:46:10,36109,pairwise,PairwiseVerletLists,1.000000,vlp_c08,none,AoS,enabled,15410955,2445196,2403466,2399281,2395097,2383009,2381497,2394989,2393046,2399346,3700587,3700587,10
2025-10-02 14:46:10,36119,pairwise,PairwiseVerletLists,1.000000,vlp_c08,none,SoA,disabled,37036215,6233500,6189855,6191618,6198801,6185542,6172230,6188961,6190476,6184228,9277142,9277142,10
2025-10-02 14:46:10,36129,pairwise,PairwiseVerletLists,1.000000,vlp_c08,none,SoA,enabled,35534848,4781845,4568003,4510381,4494436,4502714,4498330,4475590,4486802,4501829,7635477,7635477,10
2025-10-02 14:48:03,40009,pairwise,LinkedCells,1.000000,lc_c01,none,AoS,disabled,1705412,1649395,1644601,1632753,1632819,1633160,1628649,1629900,1630951,1633395,1642103,1642103,10
2025-10-02 14:48:03,40019,pairwise,LinkedCells,1.000000,lc_c01,none,SoA,disabled,2732156,2588752,2577497,2551475,2532090,2538584,2537097,2562180,2525301,2520092,2566521,2566521,10
2025-10-02 14:48:03,40029,pairwise,LinkedCells,1.000000,lc_c01_combined_SoA,none,SoA,disabled,2247359,2262012,2258478,2269442,2261004,2276143,2264438,2265339,2252363,2254938,2261151,2261151,10
2025-10-02 14:48:03,40039,pairwise,LinkedCells,1.000000,lc_c04,none,AoS,disabled,561904,537360,535040,532042,534347,530383,531396,530453,527049,525489,534545,534545,10
2025-10-02 14:48:03,40049,pairwise,LinkedCells,1.000000,lc_c04,none,AoS,enabled,531335,527938,527598,526301,528296,529476,526977,530503,528141,529628,528618,528618,10
2025-10-02 14:48:03,40059,pairwise,LinkedCells,1.000000,lc_c04,none,SoA,disabled,1785987,1702213,1689682,1680967,1687967,1688681,1686871,1691940,1693839,1692042,1700018,1700018,10
2025-10-02 14:48:03,40069,pairwise,LinkedCells,1.000000,lc_c04,none,SoA,enabled,1725824,1690776,1681596,1682769,1692398,1688690,1683706,1677979,1681151,1685931,1689081,1689081,10
2025-10-02 14:48:03,40079,pairwise,LinkedCells,1.000000,lc_c04_HCP,none,AoS,disabled,626711,571669,571961,564289,567320,566558,561714,568498,570614,567867,573719,573719,10
2025-10-02 14:48:03,40089,pairwise,LinkedCells,1.000000,lc_c04_HCP,none,AoS,enabled,564884,559599,567068,561381,559965,558849,561764,559562,558966,562890,561492,561492,10
2025-10-02 14:48:03,40099,pairwise,LinkedCells,1.000000,lc_c04_HCP,none,SoA,disabled,1965342,1936864,1941121,1936430,1937080,1932636,1936671,1933533,1936877,1933214,1938976,1938976,10
2025-10-02 14:48:03,40109,pairwise,LinkedCells,1.000000,lc_c04_HCP,none,SoA,enabled,1960330,1926505,1934672,1931248,1929188,1933850,1930703,1935721,1923126,1929354,1933469,1933469,10
2025-10-02 14:48:03,40119,pairwise,LinkedCells,1.000000,lc_c04_combined_SoA,none,SoA,disabled,2480669,2463123,2466072,2462179,2443158,2460357,2457153,2473338,2445892,2455893,2460782,2460782,10
2025-10-02 14:48:03,40129,pairwise,LinkedCells,1.000000,lc_c04_combined_SoA,none,SoA,enabled,2244386,2237661,2251614,2251763,2248993,2260899,2261556,2267378,2261014,2249800,2253505,2253505,10
2025-10-02 14:48:03,40139,pairwise,LinkedCells,1.000000,lc_c08,none,AoS,disabled,1809039,1761758,1751502,1748233,1755117,1742475,1753611,1757020,1756158,1744279,1757919,1757919,10
2025-10-02 14:48:04,40149,pairwise,LinkedCells,1.000000,lc_c08,none,AoS,enabled,1762867,1760259,1744208,1750212,1755198,1747872,1754808,1756173,1755308,1747472,1753437,1753437,10
2025-10-02 14:48:04,40159,pairwise,LinkedCells,1.000000,lc_c08,none,SoA,disabled,2981722,2974694,2969813,2969849,2974534,2981344,2971987,2981431,2970071,2985130,2976057,2976057,10
2025-10-02 14:48:04,40169,pairwise,LinkedCells,1.000000,lc_c08,none,SoA,enabled,2982260,2973431,2978369,2975069,2972683,2971473,2977377,2982063,2964264,2970474,2974745,2974745,10
2025-10-02 14:48:04,40179,pairwise,LinkedCells,1.000000,lc_c18,none,AoS,disabled,1865059,1831004,1834823,1821719,1827211,1828614,1825347,1829000,1825458,1821666,1830989,1830989,10
2025-10-02 14:48:04,40189,pairwise,LinkedCells,1.000000,lc_c18,none,AoS,enabled,1850186,1831940,1824070,1819970,1831987,1827833,1817385,1816062,1827774,1823613,1827081,1827081,10
2025-10-02 14:48:04,40199,pairwise,LinkedCells,1.000000,lc_c18,none,SoA,disabled,2415640,2495792,2491348,2485002,2485612,2480491,2483758,2473256,2490624,2474119,2477563,2477563,10
2025-10-02 14:48:04,40209,pairwise,LinkedCells,1.000000,lc_c18,none,SoA,enabled,2480574,2475654,2475279,2468659,2471599,2473505,2473346,2465457,2474651,2475101,2473382,2473382,10
2025-10-02 14:48:04,40219,pairwise,LinkedCells,1.000000,lc_sliced,none,AoS,disabled,506559,461834,431170,428834,424737,424042,429112,425497,428366,421364,438150,438150,10
2025-10-02 14:48:04,40229,pairwise,LinkedCells,1.000000,lc_sliced,none,AoS,enabled,715755,422304,425153,424440,424685,426402,431068,422098,423423,426564,454188,454188,10
2025-10-02 14:48:04,40239,pairwise,LinkedCells,1.000000,lc_sliced,none,SoA,disabled,2037727,1727142,1698880,1673441,1667556,1647487,1667164,1651846,1662828,1671470,1710553,1710553,10
2025-10-02 14:48:04,40249,pairwise,LinkedCells,1.000000,lc_sliced,none,SoA,enabled,1690251,1654060,1668526,1665388,1664963,1655641,1656763,1657010,1659764,1670240,1664259,1664259,10
2025-10-02 14:48:04,40259,pairwise,LinkedCells,1.000000,lc_sliced_balanced,none,AoS,disabled,601414,455885,431335,426036,427333,431140,425739,429975,428635,425700,448318,448318,10
2025-10-02 14:48:04,40269,pairwise,LinkedCells,1.000000,lc_sliced_balanced,none,AoS,enabled,423013,424556,432306,428962,427515,425007,424155,425034,427705,427539,426578,426578,10
2025-10-02 14:48:04,40279,pairwise,LinkedCells,1.000000,lc_sliced_balanced,none,SoA,disabled,1753003,1622777,1602804,1593516,1590109,1582161,1592498,1578014,1583231,1578615,1607672,1607672,10
2025-10-02 14:48:04,40289,pairwise,LinkedCells,1.000000,lc_sliced_balanced,none,SoA,enabled,1614243,1582692,1580372,1581459,1579058,1579650,1579946,1582841,1589857,1590837,1586095,1586095,10
2025-10-02 14:48:04,40299,pairwise,LinkedCells,1.000000,lc_sliced_balanced,squared-particles-per-cell,AoS,disabled,1273367,1120622,1078838,1075927,1076280,1074444,1077429,1075555,1072284,1076366,1100110,1100110,10
2025-10-02 14:48:04,40309,pairwise,LinkedCells,1.000000,lc_sliced_balanced,squared-particles-per-cell,AoS,enabled,1085471,1077286,1078906,1075681,1072858,1076116,1074550,1072875,1075609,1077348,1076669,1076669,10
2025-10-02 14:48:04,40319,pairwise,LinkedCells,1.000000,lc_sliced_balanced,squared-particles-per-cell,SoA,disabled,3794044,3626168,3606067,3593508,3612499,3577995,3569416,3582044,3578213,3569862,3610981,3610981,10
2025-10-02 14:48:04,40329,pairwise,LinkedCells,1.000000,lc_sliced_balanced,squared-particles-per-cell,SoA,enabled,3589970,3586806,3601973,3577092,3577308,3576153,3586368,3589236,3584599,3582662,3585216,3585216,10
2025-10-02 14:48:04,40339,pairwise,LinkedCells,1.000000,lc_sliced_c02,none,AoS,disabled,629318,488771,438987,422371,419054,420256,421959,419401,417527,416366,449400,449400,10
2025-10-02 14:48:04,40349,pairwise,LinkedCells,1.000000,lc_sliced_c02,none,AoS,enabled,418960,421446,417844,423143,414567,415086,414709,418286,417844,415154,417703,417703,10
2025-10-02 14:48:04,40359,pairwise,LinkedCells,1.000000,lc_sliced_c02,none,SoA,disabled,1905325,1739747,1707045,1696092,1675531,1661166,1665620,1673722,1660813,1654062,1703912,1703912,10
2025-10-02 14:48:04,40369,pairwise,LinkedCells,1.000000,lc_sliced_c02,none,SoA,enabled,1813187,1654750,1683145,1679589,1656997,1694809,1672164,1663804,1648427,1677926,1684479,1684479,10
2025-10-02 14:48:04,40379,pairwise,VerletClusterLists,1.000000,vcl_c01_balanced,none,AoS,disabled,297454,95094,88762,87602,88834,87327,87145,94329,87886,89631,110406,110406,10
2025-10-02 14:48:04,40389,pairwise,VerletClusterLists,1.000000,vcl_c01_balanced,none,SoA,disabled,180071,87458,90007,83572,82179,83144,82799,82845,84173,86004,94224,94224,10
2025-10-02 14:48:04,40399,pairwise,VerletClusterLists,1.000000,vcl_c06,none,AoS,disabled,181393,99508,99055,102623,102517,101033,97726,96003,97215,100394,107746,107746,10
2025-10-02 14:48:04,40409,pairwise,VerletClusterLists,1.000000,vcl_c06,none,AoS,enabled,152207,87175,82944,81592,82118,81513,84191,84834,80692,83429,90069,90069,10
2025-10-02 14:48:04,40419,pairwise,VerletClusterLists,1.000000,vcl_c06,none,SoA,disabled,186929,110547,103743,103826,101416,101887,106743,106936,98752,99852,112062,112062,10
2025-10-02 14:48:04,40429,pairwise,VerletClusterLists,1.000000,vcl_c06,none,SoA,enabled,166997,94760,97882,95649,96356,95354,94815,95070,97717,95194,102979,102979,10
2025-10-02 14:48:04,40439,pairwise,VerletClusterLists,1.000000,vcl_sliced,none,AoS,disabled,160486,85416,82478,83736,84963,87375,86569,83992,86344,82729,92408,92408,10
2025-10-02 14:48:04,40449,pairwise,VerletClusterLists,1.000000,vcl_sliced,none,AoS,enabled,139259,71720,68819,68809,68270,68043,68769,69469,70056,70281,76349,76349,10
2025-10-02 14:48:04,40459,pairwise,VerletClusterLists,1.000000,vcl_sliced,none,SoA,disabled,154496,82787,81164,80635,84300,81244,80585,81374,83002,83120,89270,89270,10
2025-10-02 14:48:04,40469,pairwise,VerletClusterLists,1.000000,vcl_sliced,none,SoA,enabled,147616,82277,79536,80040,80616,78926,79876,78526,81092,76767,86526,86526,10
2025-10-02 14:48:04,40479,pairwise,VerletClusterLists,1.000000,vcl_sliced_balanced,none,AoS,disabled,168723,88564,93076,88901,86508,85678,96374,86611,92946,86330,97371,97371,10
2025-10-02 14:48:04,40489,pairwise,VerletClusterLists,1.000000,vcl_sliced_balanced,none,AoS,enabled,140793,80625,73029,74278,71289,71577,70532,70301,71516,69832,79377,79377,10
2025-10-02 14:48:04,40499,pairwise,VerletClusterLists,1.000000,vcl_sliced_balanced,none,SoA,disabled,169773,87652,85020,83487,85819,86783,81920,83262,85757,84552,93401,93401,10
2025-10-02 14:48:04,40509,pairwise,VerletClusterLists,1.000000,vcl_sliced_balanced,none,SoA,enabled,150026,89677,83820,82901,85126,81886,83206,80727,81257,85510,90413,90413,10
2025-10-02 14:48:04,40519,pairwise,VerletClusterLists,1.000000,vcl_sliced_balanced,neighbor-list-length,AoS,disabled,212871,88450,91020,87362,92302,88100,87512,86785,93774,96007,102417,102417,10
2025-10-02 14:48:04,40529,pairwise,VerletClusterLists,1.000000,vcl_sliced_balanced,neighbor-list-length,AoS,enabled,144467,70635,72967,70210,72380,71991,70287,70711,72380,70717,78674,78674,10
2025-10-02 14:48:04,40539,pairwise,VerletClusterLists,1.000000,vcl_sliced_balanced,neighbor-list-length,SoA,disabled,167396,87420,84120,83097,84418,90263,83944,84695,86487,88215,94005,94005,10
2025-10-02 14:48:04,40549,pairwise,VerletClusterLists,1.000000,vcl_sliced_balanced,neighbor-list-length,SoA,enabled,148761,84789,83635,82684,81373,82836,86366,83964,81581,83971,89995,89995,10
2025-10-02 14:48:04,40559,pairwise,VerletClusterLists,1.000000,vcl_sliced_c02,none,AoS,disabled,226846,93106,87672,88378,85729,83180,89482,87039,86809,84498,101273,101273,10
2025-10-02 14:48:04,40569,pairwise,VerletClusterLists,1.000000,vcl_sliced_c02,none,AoS,enabled,140990,72909,73016,72974,71891,69465,73514,70349,74663,71732,79150,79150,10
2025-10-02 14:48:04,40579,pairwise,VerletClusterLists,1.000000,vcl_sliced_c02,none,SoA,disabled,165966,87723,85322,85608,86568,86054,84326,83083,84500,82814,93195,93195,10
2025-10-02 14:48:04,40589,pairwise,VerletClusterLists,1.000000,vcl_sliced_c02,none,SoA,enabled,155663,83038,79677,84138,81539,81683,84943,80969,76267,78913,88682,88682,10
2025-10-02 14:48:04,40599,pairwise,VerletLists,1.000000,vl_list_iteration,none,AoS,disabled,4055699,61477,60625,62371,60973,63777,61173,60460,60442,60236,460722,460722,10
2025-10-02 14:48:04,40609,pairwise,VerletLists,1.000000,vl_list_iteration,none,SoA,disabled,7313795,1651589,1607589,1604511,1598436,1598196,1594355,1596744,1590018,1595977,2175120,2175120,10
2025-10-02 14:48:04,40619,pairwise,VerletListsCells,1.000000,vlc_c01,none,AoS,disabled,21617896,1576735,1589957,1581949,1571401,1573579,1575973,1578264,1572721,1568127,3580659,3580659,10
2025-10-02 14:48:04,40629,pairwise,VerletListsCells,1.000000,vlc_c01,none,SoA,disabled,26975330,3177141,3125167,3115450,3103824,3101302,3095771,3116117,3122345,3109816,5504226,5504226,10
2025-10-02 14:48:04,40639,pairwise,VerletListsCells,1.000000,vlc_c18,none,AoS,disabled,14346346,1816566,1816695,1802850,1812959,1813945,1814132,1812853,1816230,1812843,3066541,3066541,10
2025-10-02 14:48:04,40649,pairwise,VerletListsCells,1.000000,vlc_c18,none,AoS,enabled,13858312,1821533,1817013,1817752,1820153,1817817,1815015,1817070,1817027,1815729,3021741,3021741,10
2025-10-02 14:48:04,40659,pairwise,VerletListsCells,1.000000,vlc_c18,none,SoA,disabled,18739121,3389806,3359701,3358624,3359004,3365306,3367739,3360167,3365208,3367786,4903245,4903245,10
2025-10-02 14:48:04,40669,pairwise,VerletListsCells,1.000000,vlc_c18,none,SoA,enabled,18141946,3390392,3367197,3351715,3362361,3358815,3354554,3358546,3363818,3371496,4842083,4842083,10
2025-10-02 14:48:04,40679,pairwise,VerletListsCells,1.000000,vlc_c08,none,AoS,disabled,10619583,1665192,1662836,1662995,1654537,1661112,1659344,1660957,1661112,1661626,2556929,2556929,10
2025-10-02 14:48:04,40689,pairwise,VerletListsCells,1.000000,vlc_c08,none,AoS,enabled,10187794,1661615,1660755,1656974,1663415,1664795,1661948,1662254,1656954,1657284,2513378,2513378,10
2025-10-02 14:48:04,40699,pairwise,VerletListsCells,1.000000,vlc_c08,none,SoA,disabled,15051348,3285548,3262207,3250245,3250946,3261604,3255434,3255353,3249976,3251648,4437430,4437430,10
2025-10-02 14:48:05,40709,pairwise,VerletListsCells,1.000000,vlc_c08,none,SoA,enabled,14609710,3270885,3242073,3252244,3246936,3249739,3231804,3239396,3238095,3249207,4383008,4383008,10
2025-10-02 14:48:05,40719,pairwise,VerletListsCells,1.000000,vlc_sliced,none,AoS,disabled,12649280,109576,105548,102925,101316,103063,104477,101852,102468,102038,1358253,1358253,10
2025-10-02 14:48:05,40729,pairwise,VerletListsCells,1.000000,vlc_sliced,none,AoS,enabled,12328669,104320,101557,106633,103882,107161,100774,108054,102903,105652,1326960,1326960,10
2025-10-02 14:48:05,40739,pairwise,VerletListsCells,1.000000,vlc_sliced,none,SoA,disabled,17255472,1769710,1737379,1749893,1730724,1745521,1737885,1742144,1728151,1734471,3293134,3293134,10
2025-10-02 14:48:05,40749,pairwise,VerletListsCells,1.000000,vlc_sliced,none,SoA,enabled,16759517,1766747,1725913,1729327,1740927,1733606,1731305,1728247,1725318,1730912,3237181,3237181,10
2025-10-02 14:48:05,40759,pairwise,VerletListsCells,1.000000,vlc_sliced_balanced,none,AoS,disabled,12720461,109608,107113,106390,108440,104898,107273,105910,106546,105807,1368244,1368244,10
2025-10-02 14:48:05,40769,pairwise,VerletListsCells,1.000000,vlc_sliced_balanced,none,AoS,enabled,12380139,106543,106890,107903,106477,104902,106467,104344,106132,106538,1333633,1333633,10
2025-10-02 14:48:05,40779,pairwise,VerletListsCells,1.000000,vlc_sliced_balanced,none,SoA,disabled,17234646,1777726,1751970,1747254,1747610,1750478,1743217,1761761,1752118,1747619,3301439,3301439,10
2025-10-02 14:48:05,40789,pairwise,VerletListsCells,1.000000,vlc_sliced_balanced,none,SoA,enabled,16857594,1782653,1765196,1753834,1753436,1751531,1754179,1749826,1755032,1748866,3267214,3267214,10
2025-10-02 14:48:05,40799,pairwise,VerletListsCells,1.000000,vlc_sliced_balanced,squared-particles-per-cell,AoS,disabled,12178429,219945,221869,217006,211758,210376,210542,210436,212477,210241,1410307,1410307,10
2025-10-02 14:48:05,40809,pairwise,VerletListsCells,1.000000,vlc_sliced_balanced,squared-particles-per-cell,AoS,enabled,12577025,220550,215876,214372,213777,215291,218883,213306,213717,220228,1452302,1452302,10
2025-10-02 14:48:05,40819,pairwise,VerletListsCells,1.000000,vlc_sliced_balanced,squared-particles-per-cell,SoA,disabled,16941512,1786835,1771838,1801876,1761953,1791921,1788845,1765127,1773763,1795832,3297949,3297949,10
2025-10-02 14:48:05,40829,pairwise,VerletListsCells,1.000000,vlc_sliced_balanced,squared-particles-per-cell,SoA,enabled,16733464,1779451,1748270,1779598,1781169,1783565,1772305,1775139,1766898,1793161,3271301,3271301,10
2025-10-02 14:48:05,40839,pairwise,VerletListsCells,1.000000,vlc_sliced_balanced,neighbor-list-length,AoS,disabled,11996765,203241,200495,200659,196830,196925,196605,193811,201996,197057,1378438,1378438,10
2025-10-02 14:48:05,40849,pairwise,VerletListsCells,1.000000,vlc_sliced_balanced,neighbor-list-length,AoS,enabled,12413968,202027,194759,194065,197013,193121,202170,193421,193301,194237,1417807,1417807,10
2025-10-02 14:48:05,40859,pairwise,VerletListsCells,1.000000,vlc_sliced_balanced,neighbor-list-length,SoA,disabled,17134275,1818087,1780937,1774603,1766533,1766227,1758167,1766254,1752529,1756802,3307440,3307440,10
2025-10-02 14:48:05,40869,pairwise,VerletListsCells,1.000000,vlc_sliced_balanced,neighbor-list-length,SoA,enabled,16815005,1834013,1797711,1790511,1772234,1764726,1759782,1762031,1761350,1762829,3282019,3282019,10
2025-10-02 14:48:05,40879,pairwise,VerletListsCells,1.000000,vlc_sliced_c02,none,AoS,disabled,11785116,116682,117202,112217,114712,113232,120361,110282,116581,111924,1281830,1281830,10
2025-10-02 14:48:05,40889,pairwise,VerletListsCells,1.000000,vlc_sliced_c02,none,AoS,enabled,12252276,115091,115594,110646,112487,111091,109453,109277,113325,111391,1326062,1326062,10
2025-10-02 14:48:05,40899,pairwise,VerletListsCells,1.000000,vlc_sliced_c02,none,SoA,disabled,16793861,1807338,1757099,1763431,1761266,1765995,1751360,1754648,1744846,1749272,3264911,3264911,10
2025-10-02 14:48:05,40909,pairwise,VerletListsCells,1.000000,vlc_sliced_c02,none,SoA,enabled,16675417,1810551,1762566,1761306,1747228,1747978,1751057,1735916,1749732,1749148,3249089,3249089,10
2025-10-02 14:48:05,40919,pairwise,PairwiseVerletLists,1.000000,vlp_c01,none,AoS,disabled,16817450,1807156,1796674,1792877,1788113,1789510,1795944,1786957,1794671,1789725,3295907,3295907,10
2025-10-02 14:48:05,40929,pairwise,PairwiseVerletLists,1.000000,vlp_c01,none,SoA,disabled,30842811,3786982,3525391,3493049,3473167,3472883,3486794,3469812,3470422,3470726,6249203,6249203,10
2025-10-02 14:48:05,40939,pairwise,PairwiseVerletLists,1.000000,vlp_c18,none,AoS,disabled,15212820,2105183,2083908,2074793,2069307,2058030,2067059,2059065,2066238,2056586,3385298,3385298,10
2025-10-02 14:48:05,40949,pairwise,PairwiseVerletLists,1.000000,vlp_c18,none,AoS,enabled,15102561,2096848,2075970,2062344,2071137,2057481,2070393,2060243,2058145,2065015,3372013,3372013,10
2025-10-02 14:48:05,40959,pairwise,PairwiseVerletLists,1.000000,vlp_c18,none,SoA,disabled,35668457,4263608,4023954,3999866,3967300,3985276,3973529,3963428,3968219,3971612,7178524,7178524,10
2025-10-02 14:48:05,40969,pairwise,PairwiseVerletLists,1.000000,vlp_c18,none,SoA,enabled,35776994,4253537,4019236,3989965,3975756,3977260,3971447,3956099,3958337,3949261,7182788,7182788,10
2025-10-02 14:48:06,40979,pairwise,PairwiseVerletLists,1.000000,vlp_sliced,none,AoS,disabled,13926641,768163,756066,711531,734200,721108,728247,732978,723647,741222,2054380,2054380,10
2025-10-02 14:48:06,40989,pairwise,PairwiseVerletLists,1.000000,vlp_sliced,none,AoS,enabled,13707782,770262,766194,731259,730167,738077,721136,730467,733348,720983,2034967,2034967,10
2025-10-02 14:48:06,40999,pairwise,PairwiseVerletLists,1.000000,vlp_sliced,none,SoA,disabled,33869968,2947738,2815512,2764593,2673760,2753021,2686809,2752352,2795154,2826772,5888567,5888567,10
2025-10-02 14:48:06,41009,pairwise,PairwiseVerletLists,1.000000,vlp_sliced,none,SoA,enabled,33839284,2975363,2796988,2816677,2795322,2810089,2791054,2727035,2762753,2728477,5904303,5904303,10
2025-10-02 14:48:06,41019,pairwise,PairwiseVerletLists,1.000000,vlp_sliced_balanced,none,AoS,disabled,13842831,815428,785071,765694,750177,745218,745896,749714,737812,751024,2068886,2068886,10
2025-10-02 14:48:06,41029,pairwise,PairwiseVerletLists,1.000000,vlp_sliced_balanced,none,AoS,enabled,13683866,780989,766588,749808,739783,745616,757282,749540,741830,744416,2045971,2045971,10
2025-10-02 14:48:06,41039,pairwise,PairwiseVerletLists,1.000000,vlp_sliced_balanced,none,SoA,disabled,34249386,2925570,2717537,2693011,2672889,2650568,2705986,2708820,2677935,2708097,5870979,5870979,10
2025-10-02 14:48:06,41049,pairwise,PairwiseVerletLists,1.000000,vlp_sliced_balanced,none,SoA,enabled,34635458,2968000,2754220,2685621,2695376,2670956,2707317,2677134,2685610,2689335,5916902,5916902,10
2025-10-02 14:48:06,41059,pairwise,PairwiseVerletLists,1.000000,vlp_sliced_c02,none,AoS,disabled,14038108,936775,940418,890174,906946,917458,904844,918730,907893,916669,2227801,2227801,10
2025-10-02 14:48:06,41069,pairwise,PairwiseVerletLists,1.000000,vlp_sliced_c02,none,AoS,enabled,13862099,939730,941417,917536,926000,906650,923111,906382,904393,911399,2213871,2213871,10
2025-10-02 14:48:06,41079,pairwise,PairwiseVerletLists,1.000000,vlp_sliced_c02,none,SoA,disabled,34602818,3031050,2779263,2911159,2938881,2925530,2825966,2783242,2899783,2870149,6056783,6056783,10
2025-10-02 14:48:06,41089,pairwise,PairwiseVerletLists,1.000000,vlp_sliced_c02,none,SoA,enabled,33975230,3131605,2952976,2878217,2857332,2911505,2823749,2905499,2856426,2845138,6013767,6013767,10
2025-10-02 14:48:06,41099,pairwise,PairwiseVerletLists,1.000000,vlp_c08,none,AoS,disabled,16689328,3454753,3438582,3420122,3433231,3421653,3425933,3422029,3416500,3423754,4754588,4754588,10
2025-10-02 14:48:06,41109,pairwise,PairwiseVerletLists,1.000000,vlp_c08,none,AoS,enabled,15402855,2457474,2428792,2399617,2399247,2394660,2394756,2409890,2407413,2397912,3709261,3709261,10
2025-10-02 14:48:06,41119,pairwise,PairwiseVerletLists,1.000000,vlp_c08,none,SoA,disabled,37996064,6199155,6166990,6159326,6160104,6149091,6153710,6151191,6161253,6173607,9347048,9347048,10
2025-10-02 14:48:06,41129,pairwise,PairwiseVerletLists,1.000000,vlp_c08,none,SoA,enabled,36297325,4832660,4644529,4583502,4565677,4569030,4574972,4571998,4575539,4558714,7777394,7777394,10
2025-10-02 14:50:01,45009,pairwise,LinkedCells,1.000000,lc_c01,none,AoS,disabled,1713977,1670184,1663726,1654498,1661377,1647663,1647254,1649019,1653894,1649771,1661136,1661136,10
2025-10-02 14:50:01,45019,pairwise,LinkedCells,1.000000,lc_c01,none,SoA,disabled,2854900,2653292,2626745,2598351,2591312,2588318,2578480,2581521,2590499,2574709,2623812,2623812,10
2025-10-02 14:50:01,45029,pairwise,LinkedCells,1.000000,lc_c01_combined_SoA,none,SoA,disabled,2342408,2337852,2331523,2332567,2341823,2339857,2339409,2325274,2337574,2328813,2335709,2335709,10
2025-10-02 14:50:01,45039,pairwise,LinkedCells,1.000000,lc_c04,none,AoS,disabled,558520,534839,533622,532260,534109,532622,531263,533985,532754,537018,536099,536099,10
2025-10-02 14:50:01,45049,pairwise,LinkedCells,1.000000,lc_c04,none,AoS,enabled,539665,533929,530000,534416,531644,535626,533524,532857,532327,533168,533715,533715,10
2025-10-02 14:50:01,45059,pairwise,LinkedCells,1.000000,lc_c04,none,SoA,disabled,1815890,1727924,1727396,1710862,1705167,1711804,1713339,1726970,1709077,1708218,1725664,1725664,10
2025-10-02 14:50:01,45069,pairwise,LinkedCells,1.000000,lc_c04,none,SoA,enabled,1777704,1709179,1708410,1707941,1703321,1697729,1699938,1705183,1711423,1703792,1712461,1712461,10
2025-10-02 14:50:01,45079,pairwise,LinkedCells,1.000000,lc_c04_HCP,none,AoS,disabled,632443,572782,570736,566394,566527,567978,570195,564722,567387,564642,574380,574380,10
2025-10-02 14:50:01,45089,pairwise,LinkedCells,1.000000,lc_c04_HCP,none,AoS,enabled,575504,572823,569109,567139,574882,572736,569370,569255,572029,567711,571055,571055,10
2025-10-02 14:50:01,45099,pairwise,LinkedCells,1.000000,lc_c04_HCP,none,SoA,disabled,2023685,1977433,1984828,1983526,1979181,1982227,1977884,1985241,1974718,1987627,1985634,1985634,10
2025-10-02 14:50:01,45109,pairwise,LinkedCells,1.000000,lc_c04_HCP,none,SoA,enabled,2009949,1970908,1972285,1967707,1971993,1970749,1973726,1966758,1966748,1970441,1974126,1974126,10
2025-10-02 14:50:01,45119,pairwise,LinkedCells,1.000000,lc_c04_combined_SoA,none,SoA,disabled,2525176,2492704,2492419,2487071,2490976,2481484,2476104,2479489,2491796,2489444,2490665,2490665,10
2025-10-02 14:50:01,45129,pairwise,LinkedCells,1.000000,lc_c04_combined_SoA,none,SoA,enabled,2287575,2281900,2283162,2301589,2288845,2288858,2300309,2289783,2298915,2310177,2293110,2293110,10
2025-10-02 14:50:01,45139,pairwise,LinkedCells,1.000000,lc_c08,none,AoS,disabled,1803485,1755755,1764480,1758843,1743170,1752937,1754635,1747514,1757673,1749733,1758822,1758822,10
2025-10-02 14:50:01,45149,pairwise,LinkedCells,1.000000,lc_c08,none,AoS,enabled,1751310,1733546,1742751,1745910,1748302,1738625,1747072,1737588,1743342,1751487,1743993,1743993,10
2025-10-02 14:50:01,45159,pairwise,LinkedCells,1.000000,lc_c08,none,SoA,disabled,3025995,3017280,3015183,3011786,3016873,3004323,3009270,3014083,3023887,3010289,3014896,3014896,10
2025-10-02 14:50:01,45169,pairwise,LinkedCells,1.000000,lc_c08,none,SoA,enabled,3023046,2996033,2995595,2997871,3013791,2995945,3012019,3005071,3007639,3002684,3004968,3004968,10
2025-10-02 14:50:01,45179,pairwise,LinkedCells,1.000000,lc_c18,none,AoS,disabled,1865259,1853362,1830174,1824935,1832952,1825633,1833762,1834279,1838493,1832783,1837162,1837162,10
2025-10-02 14:50:01,45189,pairwise,LinkedCells,1.000000,lc_c18,none,AoS,enabled,1847142,1832311,1828663,1836220,1836634,1825676,1829724,1831667,1830766,1839669,1833847,1833847,10
2025-10-02 14:50:01,45199,pairwise,LinkedCells,1.000000,lc_c18,none,SoA,disabled,2476049,2520336,2505032,2506093,2508093,2496238,2498444,2504026,2501884,2505811,2502200,2502200,10
2025-10-02 14:50:01,45209,pairwise,LinkedCells,1.000000,lc_c18,none,SoA,enabled,2509122,2509334,2518862,2496742,2509155,2506500,2509530,2503748,2508993,2507478,2507945,2507945,10
2025-10-02 14:50:01,45219,pairwise,LinkedCells,1.000000,lc_sliced,none,AoS,disabled,501552,470664,437863,431682,432924,431551,432872,431285,437020,429028,443643,443643,10
2025-10-02 14:50:01,45229,pairwise,LinkedCells,1.000000,lc_sliced,none,AoS,enabled,694418,429991,427655,432308,427516,432514,431342,427986,428332,429078,456113,456113,10
2025-10-02 14:50:01,45239,pairwise,LinkedCells,1.000000,lc_sliced,none,SoA,disabled,1928924,1737570,1713225,1704124,1711491,1684155,1648746,1680295,1679748,1701814,1719008,1719008,10
2025-10-02 14:50:01,45249,pairwise,LinkedCells,1.000000,lc_sliced,none,SoA,enabled,1741239,1675968,1672292,1685387,1674334,1674981,1670279,1679500,1692641,1690245,1685686,1685686,10
2025-10-02 14:50:01,45259,pairwise,LinkedCells,1.000000,lc_sliced_balanced,none,AoS,disabled,472857,459035,440953,437053,439235,432218,432239,436853,436412,435963,442281,442281,10
2025-10-02 14:50:01,45269,pairwise,LinkedCells,1.000000,lc_sliced_balanced,none,AoS,enabled,724976,438570,434089,435891,429344,428939,429144,429077,432742,434696,461746,461746,10
2025-10-02 14:50:01,45279,pairwise,LinkedCells,1.000000,lc_sliced_balanced,none,SoA,disabled,1748148,1645680,1620562,1606196,1609833,1599768,1594873,1589856,1592954,1591143,1619900,1619900,10
2025-10-02 14:50:01,45289,pairwise,LinkedCells,1.000000,lc_sliced_balanced,none,SoA,enabled,1678126,1595958,1586255,1591006,1596615,1600326,1601803,1593086,1606478,1604813,1605446,1605446,10
2025-10-02 14:50:01,45299,pairwise,LinkedCells,1.000000,lc_sliced_balanced,squared-particles-per-cell,AoS,disabled,1218363,1049868,1010304,1001241,998776,999895,999945,999946,997269,997965,1027356,1027356,10
2025-10-02 14:50:01,45309,pairwise,LinkedCells,1.000000,lc_sliced_balanced,squared-particles-per-cell,AoS,enabled,1016737,1005287,1000974,1000980,997631,994502,999986,995302,995035,1003787,1001022,1001022,10
2025-10-02 14:50:01,45319,pairwise,LinkedCells,1.000000,lc_sliced_balanced,squared-particles-per-cell,SoA,disabled,3574136,3318854,3338821,3277062,3283062,3284038,3286755,3272933,3268356,3286912,3319092,3319092,10
2025-10-02 14:50:01,45329,pairwise,LinkedCells,1.000000,lc_sliced_balanced,squared-particles-per-cell,SoA,enabled,3333953,3297088,3283535,3280481,3281809,3270943,3297627,3273296,3291368,3274398,3288449,3288449,10
2025-10-02 14:50:02,45339,pairwise,LinkedCells,1.000000,lc_sliced_c02,none,AoS,disabled,610219,488457,439902,433829,424414,429657,428367,427376,424479,426940,453363,453363,10
2025-10-02 14:50:02,45349,pairwise,LinkedCells,1.000000,lc_sliced_c02,none,AoS,enabled,427224,425206,426148,425297,422210,423717,422236,427768,426353,423136,424929,424929,10
2025-10-02 14:50:02,45359,pairwise,LinkedCells,1.000000,lc_sliced_c02,none,SoA,disabled,1940916,1751451,1710899,1685436,1673145,1662569,1664018,1675262,1664842,1667717,1709625,1709625,10
2025-10-02 14:50:02,45369,pairwise,LinkedCells,1.000000,lc_sliced_c02,none,SoA,enabled,1771491,1668410,1677020,1662521,1680872,1662039,1671578,1660867,1670563,1663907,1678926,1678926,10
2025-10-02 14:50:02,45379,pairwise,VerletClusterLists,1.000000,vcl_c01_balanced,none,AoS,disabled,588776,184511,189184,179085,178696,176203,182667,177818,176463,176047,220944,220944,10
2025-10-02 14:50:02,45389,pairwise,VerletClusterLists,1.000000,vcl_c01_balanced,none,SoA,disabled,342680,125509,122973,129003,119192,122661,121232,122446,127750,122835,145627,145627,10
2025-10-02 14:50:02,45399,pairwise,VerletClusterLists,1.000000,vcl_c06,none,AoS,disabled,356948,169221,166942,163339,164867,167463,167545,168988,160775,164095,185018,185018,10
2025-10-02 14:50:02,45409,pairwise,VerletClusterLists,1.000000,vcl_c06,none,AoS,enabled,266129,116140,119978,124553,119207,120429,120517,118143,117032,117231,133935,133935,10
2025-10-02 14:50:02,45419,pairwise,VerletClusterLists,1.000000,vcl_c06,none,SoA,disabled,321578,133936,135298,131244,129570,131348,132251,127863,129661,128585,150133,150133,10
2025-10-02 14:50:02,45429,pairwise,VerletClusterLists,1.000000,vcl_c06,none,SoA,enabled,266560,119025,114668,113820,115687,114585,115521,113161,113589,112225,129883,129883,10
2025-10-02 14:50:02,45439,pairwise,VerletClusterLists,1.000000,vcl_sliced,none,AoS,disabled,361272,165189,168859,162592,159029,157855,156054,160076,164832,156597,181235,181235,10
2025-10-02 14:50:02,45449,pairwise,VerletClusterLists,1.000000,vcl_sliced,none,AoS,enabled,260129,111072,111233,110439,108543,107506,112187,106458,108935,105115,124161,124161,10
2025-10-02 14:50:02,45459,pairwise,VerletClusterLists,1.000000,vcl_sliced,none,SoA,disabled,305662,115305,115182,113187,111647,112863,108286,111787,113312,111048,131827,131827,10
2025-10-02 14:50:02,45469,pairwise,VerletClusterLists,1.000000,vcl_sliced,none,SoA,enabled,253123,104380,96762,100746,104935,100143,100567,102391,100330,100126,116350,116350,10
2025-10-02 14:50:02,45479,pairwise,VerletClusterLists,1.000000,vcl_sliced_balanced,none,AoS,disabled,342477,163199,161280,161112,160575,160201,158482,159198,159158,159145,178482,178482,10
2025-10-02 14:50:02,45489,pairwise,VerletClusterLists,1.000000,vcl_sliced_balanced,none,AoS,enabled,253392,111470,110856,108731,107984,112907,108483,108488,111146,107358,124080,124080,10
2025-10-02 14:50:02,45499,pairwise,VerletClusterLists,1.000000,vcl_sliced_balanced,none,SoA,disabled,295385,112843,108397,107327,107976,109572,106879,108865,108048,109056,127434,127434,10
2025-10-02 14:50:02,45509,pairwise,VerletClusterLists,1.000000,vcl_sliced_balanced,none,SoA,enabled,250104,99954,100826,99804,100650,99057,99714,100119,98667,103938,115283,115283,10
2025-10-02 14:50:02,45519,pairwise,VerletClusterLists,1.000000,vcl_sliced_balanced,neighbor-list-length,AoS,disabled,466081,159581,157527,156766,156469,158721,157219,157446,158208,155328,188333,188333,10
2025-10-02 14:50:02,45529,pairwise,VerletClusterLists,1.000000,vcl_sliced_balanced,neighbor-list-length,AoS,enabled,260124,108168,109553,110287,107873,107012,108256,107975,107681,111405,123833,123833,10
2025-10-02 14:50:02,45539,pairwise,VerletClusterLists,1.000000,vcl_sliced_balanced,neighbor-list-length,SoA,disabled,311356,109145,109420,111857,107512,107970,107052,110637,111304,108200,129445,129445,10
2025-10-02 14:50:02,45549,pairwise,VerletClusterLists,1.000000,vcl_sliced_balanced,neighbor-list-length,SoA,enabled,254532,99777,100098,94630,99693,102004,99150,99303,97613,96606,114339,114339,10
2025-10-02 14:50:02,45559,pairwise,VerletClusterLists,1.000000,vcl_sliced_c02,none,AoS,disabled,464596,169595,162503,157186,164734,160458,163887,162232,164364,164240,193379,193379,10
2025-10-02 14:50:02,45569,pairwise,VerletClusterLists,1.000000,vcl_sliced_c02,none,AoS,enabled,268684,112965,114772,108526,113749,112167,111624,112822,111029,110991,127732,127732,10
2025-10-02 14:50:02,45579,pairwise,VerletClusterLists,1.000000,vcl_sliced_c02,none,SoA,disabled,332082,118470,118778,115433,115281,114514,114568,111069,116051,117570,137381,137381,10
2025-10-02 14:50:02,45589,pairwise,VerletClusterLists,1.000000,vcl_sliced_c02,none,SoA,enabled,255002,103207,101679,101702,104328,106192,101359,101001,100133,98554,117315,117315,10
2025-10-02 14:50:02,45599,pairwise,VerletLists,1.000000,vl_list_iteration,none,AoS,disabled,4245327,77803,77578,75021,74404,77729,74469,73286,71155,74986,492175,492175,10
2025-10-02 14:50:02,45609,pairwise,VerletLists,1.000000,vl_list_iteration,none,SoA,disabled,7607967,1663229,1611878,1609894,1604753,1606167,1614319,1606387,1608867,1600190,2213364,2213364,10
2025-10-02 14:50:02,45619,pairwise,VerletListsCells,1.000000,vlc_c01,none,AoS,disabled,22031488,1580955,1588009,1567498,1577920,1584742,1576237,1573400,1573005,1580469,3623372,3623372,10
2025-10-02 14:50:02,45629,pairwise,VerletListsCells,1.000000,vlc_c01,none,SoA,disabled,27000399,3207515,3143047,3116751,3117002,3116686,3111422,3110945,3111219,3109331,5514431,5514431,10
2025-10-02 14:50:02,45639,pairwise,VerletListsCells,1.000000,vlc_c18,none,AoS,disabled,14440736,1825759,1828379,1820818,1821542,1821357,1815238,1816620,1819406,1819211,3082906,3082906,10
2025-10-02 14:50:02,45649,pairwise,VerletListsCells,1.000000,vlc_c18,none,AoS,enabled,13918742,1815439,1811257,1814809,1814526,1818075,1816390,1813756,1817489,1817461,3025793,3025793,10
2025-10-02 14:50:02,45659,pairwise,VerletListsCells,1.000000,vlc_c18,none,SoA,disabled,18977032,3425031,3371278,3364231,3360200,3362774,3360711,3368050,3363303,3365184,4931778,4931778,10
2025-10-02 14:50:02,45669,pairwise,VerletListsCells,1.000000,vlc_c18,none,SoA,enabled,18399469,3423573,3365728,3367736,3363197,3367782,3368865,3369311,3371952,3369438,4876704,4876704,10
2025-10-02 14:50:02,45679,pairwise,VerletListsCells,1.000000,vlc_c08,none,AoS,disabled,10523616,1663185,1665307,1665858,1665545,1667105,1663340,1661086,1662304,1663339,2550067,2550067,10
2025-10-02 14:50:02,45689,pairwise,VerletListsCells,1.000000,vlc_c08,none,AoS,enabled,10222182,1665480,1674826,1665001,1664672,1657906,1663988,1659781,1660631,1660615,2519507,2519507,10
2025-10-02 14:50:02,45699,pairwise,VerletListsCells,1.000000,vlc_c08,none,SoA,disabled,15217950,3281731,3250325,3243950,3245235,3241125,3229739,3245913,3246958,3233176,4443609,4443609,10
2025-10-02 14:50:02,45709,pairwise,VerletListsCells,1.000000,vlc_c08,none,SoA,enabled,14798798,3274239,3233626,3254852,3247070,3241849,3233502,3243790,3230847,3238969,4399753,4399753,10
2025-10-02 14:50:02,45719,pairwise,VerletListsCells,1.000000,vlc_sliced,none,AoS,disabled,12935101,117493,120776,112044,112618,109297,107798,109165,107821,104829,1393693,1393693,10
2025-10-02 14:50:02,45729,pairwise,VerletListsCells,1.000000,vlc_sliced,none,AoS,enabled,12705279,109834,106453,106212,105917,102160,107571,104561,105929,104831,1365873,1365873,10
2025-10-02 14:50:02,45739,pairwise,VerletListsCells,1.000000,vlc_sliced,none,SoA,disabled,17708049,1791528,1748644,1748159,1737288,1744042,1753697,1745207,1745700,1743396,3346570,3346570,10
2025-10-02 14:50:02,45749,pairwise,VerletListsCells,1.000000,vlc_sliced,none,SoA,enabled,17307019,1775328,1746729,1733101,1742666,1744924,1743180,1759980,1748503,1742807,3304423,3304423,10
2025-10-02 14:50:02,45759,pairwise,VerletListsCells,1.000000,vlc_sliced_balanced,none,AoS,disabled,13173546,115124,108284,108780,109125,108734,111054,108806,109896,110634,1416397,1416397,10
2025-10-02 14:50:02,45769,pairwise,VerletListsCells,1.000000,vlc_sliced_balanced,none,AoS,enabled,12734231,115440,107497,111704,108390,110652,107516,106880,108102,108122,1371853,1371853,10
2025-10-02 14:50:02,45779,pairwise,VerletListsCells,1.000000,vlc_sliced_balanced,none,SoA,disabled,17901065,1788051,1740535,1756325,1760426,1751868,1758756,1754690,1753180,1765578,3373047,3373047,10
2025-10-02 14:50:02,45789,pairwise,VerletListsCells,1.000000,vlc_sliced_balanced,none,SoA,enabled,17104005,1782879,1758480,1750867,1753160,1753948,1754557,1748085,1738743,1755242,3289995,3289995,10
2025-10-02 14:50:02,45799,pairwise,VerletListsCells,1.000000,vlc_sliced_balanced,squared-particles-per-cell,AoS,disabled,12366779,220742,215683,211279,213915,211610,209504,219292,211408,209994,1429020,1429020,10
2025-10-02 14:50:02,45809,pairwise,VerletListsCells,1.000000,vlc_sliced_balanced,squared-particles-per-cell,AoS,enabled,12582575,222479,215222,214986,213273,215551,219967,213913,214963,217627,1453055,1453055,10
2025-10-02 14:50:02,45819,pairwise,VerletListsCells,1.000000,vlc_sliced_balanced,squared-particles-per-cell,SoA,disabled,17116373,1779843,1762734,1765252,1777303,1768398,1772261,1809319,1775740,1779052,3310626,3310626,10
2025-10-02 14:50:02,45829,pairwise,VerletListsCells,1.000000,vlc_sliced_balanced,squared-particles-per-cell,SoA,enabled,16959782,1754703,1757071,1762116,1756822,1761371,1772172,1761045,1764232,1758079,3280738,3280738,10
2025-10-02 14:50:02,45839,pairwise,VerletListsCells,1.000000,vlc_sliced_balanced,neighbor-list-length,AoS,disabled,12027947,180042,169583,165672,164265,165340,165312,164352,171192,165345,1353904,1353904,10
2025-10-02 14:50:03,45849,pairwise,VerletListsCells,1.000000,vlc_sliced_balanced,neighbor-list-length,AoS,enabled,12353844,174994,165122,163084,163216,163116,162620,161378,167137,160380,1383488,1383488,10
2025-10-02 14:50:03,45859,pairwise,VerletListsCells,1.000000,vlc_sliced_balanced,neighbor-list-length,SoA,disabled,17188484,1829227,1807405,1816637,1826199,1759144,1823303,1794308,1727196,1783683,3335558,3335558,10
2025-10-02 14:50:03,45869,pairwise,VerletListsCells,1.000000,vlc_sliced_balanced,neighbor-list-length,SoA,enabled,17050160,1818643,1806980,1819001,1809173,1737681,1791842,1728498,1730814,1731955,3302474,3302474,10
2025-10-02 14:50:03,45879,pairwise,VerletListsCells,1.000000,vlc_sliced_c02,none,AoS,disabled,11862743,123490,122315,115999,117850,117504,116712,115635,116347,115903,1292449,1292449,10
2025-10-02 14:50:03,45889,pairwise,VerletListsCells,1.000000,vlc_sliced_c02,none,AoS,enabled,12288741,117617,116715,116478,115662,118492,111557,112359,113559,115425,1332660,1332660,10
2025-10-02 14:50:03,45899,pairwise,VerletListsCells,1.000000,vlc_sliced_c02,none,SoA,disabled,17197587,1833726,1781759,1788417,1780692,1783227,1782064,1773650,1777316,1783716,3328215,3328215,10
2025-10-02 14:50:03,45909,pairwise,VerletListsCells,1.000000,vlc_sliced_c02,none,SoA,enabled,16887691,1807029,1794924,1795366,1792988,1780955,1778821,1764845,1777782,1769786,3295018,3295018,10
2025-10-02 14:50:03,45919,pairwise,PairwiseVerletLists,1.000000,vlp_c01,none,AoS,disabled,16872377,1799388,1807361,1796417,1794221,1801867,1796899,1795030,1793949,1795736,3305324,3305324,10
2025-10-02 14:50:03,45929,pairwise,PairwiseVerletLists,1.000000,vlp_c01,none,SoA,disabled,30880646,3825754,3523470,3458409,3444133,3428207,3426780,3427390,3434711,3427198,6227669,6227669,10
2025-10-02 14:50:03,45939,pairwise,PairwiseVerletLists,1.000000,vlp_c18,none,AoS,disabled,15241353,2105638,2081351,2077767,2067963,2067170,2075732,2068602,2062612,2063457,3391163,3391163,10
2025-10-02 14:50:03,45949,pairwise,PairwiseVerletLists,1.000000,vlp_c18,none,AoS,enabled,15145558,2097861,2069013,2070258,2066977,2063400,2056619,2062723,2066246,2065351,3376400,3376400,10
2025-10-02 14:50:03,45959,pairwise,PairwiseVerletLists,1.000000,vlp_c18,none,SoA,disabled,36087992,4272404,4054980,4013021,3981909,3999839,3988919,3994331,3983982,3990552,7236792,7236792,10
2025-10-02 14:50:03,45969,pairwise,PairwiseVerletLists,1.000000,vlp_c18,none,SoA,enabled,36501261,4278161,4051470,4007495,3986945,3980900,3989654,3987132,3988702,3991843,7276355,7276355,10
2025-10-02 14:50:03,45979,pairwise,PairwiseVerletLists,1.000000,vlp_sliced,none,AoS,disabled,13949134,797688,761542,755538,722100,745674,731062,713742,741222,738251,2065595,2065595,10
2025-10-02 14:50:03,45989,pairwise,PairwiseVerletLists,1.000000,vlp_sliced,none,AoS,enabled,13750857,790943,754986,744244,706512,723230,734857,708150,715101,723544,2035242,2035242,10
2025-10-02 14:50:03,45999,pairwise,PairwiseVerletLists,1.000000,vlp_sliced,none,SoA,disabled,34421870,2974159,2845762,2822550,2789699,2791354,2761100,2808548,2779373,2760733,5975514,5975514,10
2025-10-02 14:50:03,46009,pairwise,PairwiseVerletLists,1.000000,vlp_sliced,none,SoA,enabled,34030323,2937104,2839261,2762619,2706678,2696666,2684072,2713809,2769725,2708398,5884865,5884865,10
2025-10-02 14:50:03,46019,pairwise,PairwiseVerletLists,1.000000,vlp_sliced_balanced,none,AoS,disabled,13898590,841798,806739,783382,781366,778952,760744,769295,747785,733583,2090222,2090222,10
2025-10-02 14:50:03,46029,pairwise,PairwiseVerletLists,1.000000,vlp_sliced_balanced,none,AoS,enabled,13770773,822070,790560,785429,768642,764978,729874,762578,758003,760218,2071312,2071312,10
2025-10-02 14:50:03,46039,pairwise,PairwiseVerletLists,1.000000,vlp_sliced_balanced,none,SoA,disabled,34692028,3024631,2822314,2762447,2724433,2719587,2723294,2731807,2750466,2737542,5968854,5968854,10
2025-10-02 14:50:03,46049,pairwise,PairwiseVerletLists,1.000000,vlp_sliced_balanced,none,SoA,enabled,34495000,3004107,2872338,2763503,2722345,2765982,2781586,2794337,2793416,2750854,5974346,5974346,10
2025-10-02 14:50:03,46059,pairwise,PairwiseVerletLists,1.000000,vlp_sliced_c02,none,AoS,disabled,14103585,977897,930475,944550,920329,933142,920139,909523,918384,941408,2249942,2249942,10
2025-10-02 14:50:03,46069,pairwise,PairwiseVerletLists,1.000000,vlp_sliced_c02,none,AoS,enabled,13982687,952692,954692,929829,912407,927096,931168,921865,928658,893456,2233454,2233454,10
2025-10-02 14:50:04,46079,pairwise,PairwiseVerletLists,1.000000,vlp_sliced_c02,none,SoA,disabled,34549302,3055615,2915283,2825264,2897526,2891669,2881740,2933373,2933605,2907847,6079122,6079122,10
2025-10-02 14:50:04,46089,pairwise,PairwiseVerletLists,1.000000,vlp_sliced_c02,none,SoA,enabled,34822223,3120886,2963042,2932168,2900223,2972688,2978200,2897242,2850839,2888340,6132584,6132584,10
2025-10-02 14:50:04,46099,pairwise,PairwiseVerletLists,1.000000,vlp_c08,none,AoS,disabled,16696111,3419137,3393229,3384907,3382657,3390983,3390431,3382996,3385086,3386273,4721180,4721180,10
2025-10-02 14:50:04,46109,pairwise,PairwiseVerletLists,1.000000,vlp_c08,none,AoS,enabled,15496697,2454859,2405688,2397343,2394173,2391722,2389138,2383906,2386710,2384198,3708443,3708443,10
2025-10-02 14:50:04,46119,pairwise,PairwiseVerletLists,1.000000,vlp_c08,none,SoA,disabled,38172827,6288949,6256135,6265939,6227030,6263458,6248565,6259285,6252099,6252496,9448678,9448678,10
2025-10-02 14:50:04,46129,pairwise,PairwiseVerletLists,1.000000,vlp_c08,none,SoA,enabled,36345871,4853971,4668336,4620400,4577932,4597836,4576501,4597682,4586938,4582338,7800779,7800779,10
2025-10-02 14:52:01,50009,pairwise,LinkedCells,1.000000,lc_c01,none,AoS,disabled,1773203,1719478,1719594,1716948,1715908,1713236,1719312,1722296,1714862,1712566,1722740,1722740,10
2025-10-02 14:52:01,50019,pairwise,LinkedCells,1.000000,lc_c01,none,SoA,disabled,3173491,2724005,2678821,2687489,2659164,2673243,2665110,2674463,2648366,2646076,2723022,2723022,10
2025-10-02 14:52:01,50029,pairwise,LinkedCells,1.000000,lc_c01_combined_SoA,none,SoA,disabled,2455189,2429495,2437554,2424802,2414498,2426089,2438149,2433592,2431675,2435948,2432698,2432698,10
2025-10-02 14:52:01,50039,pairwise,LinkedCells,1.000000,lc_c04,none,AoS,disabled,684741,660818,654600,647600,649035,647644,647736,648600,640612,649366,653074,653074,10
2025-10-02 14:52:01,50049,pairwise,LinkedCells,1.000000,lc_c04,none,AoS,enabled,585769,585785,578597,570870,572022,578303,578928,580656,574119,575068,578011,578011,10
2025-10-02 14:52:01,50059,pairwise,LinkedCells,1.000000,lc_c04,none,SoA,disabled,1854696,1760322,1746640,1736464,1739080,1745340,1739090,1745402,1734323,1738222,1753957,1753957,10
2025-10-02 14:52:01,50069,pairwise,LinkedCells,1.000000,lc_c04,none,SoA,enabled,1790808,1726547,1726735,1719733,1725175,1728962,1729110,1727620,1717432,1718897,1731101,1731101,10
2025-10-02 14:52:01,50079,pairwise,LinkedCells,1.000000,lc_c04_HCP,none,AoS,disabled,681814,632096,627501,618191,627761,623433,621663,626533,628818,623251,631105,631105,10
2025-10-02 14:52:01,50089,pairwise,LinkedCells,1.000000,lc_c04_HCP,none,AoS,enabled,589348,589735,589294,593470,589493,587430,586744,586750,588044,596651,589695,589695,10
2025-10-02 14:52:01,50099,pairwise,LinkedCells,1.000000,lc_c04_HCP,none,SoA,disabled,2055940,2005904,2004931,2004233,2002966,2004705,2002758,2004432,2000217,2006458,2009254,2009254,10
2025-10-02 14:52:01,50109,pairwise,LinkedCells,1.000000,lc_c04_HCP,none,SoA,enabled,2040640,1989796,1985545,1996362,1989625,1989490,1986849,1987648,1994575,1989049,1994957,1994957,10
2025-10-02 14:52:01,50119,pairwise,LinkedCells,1.000000,lc_c04_combined_SoA,none,SoA,disabled,2625257,2593118,2574575,2584851,2574929,2571910,2589705,2579652,2584574,2566945,2584550,2584550,10
2025-10-02 14:52:01,50129,pairwise,LinkedCells,1.000000,lc_c04_combined_SoA,none,SoA,enabled,2361054,2377591,2379638,2371204,2375047,2378178,2373562,2371816,2365624,2373091,2372680,2372680,10
2025-10-02 14:52:01,50139,pairwise,LinkedCells,1.000000,lc_c08,none,AoS,disabled,1837644,1814419,1803001,1799316,1790631,1791073,1787646,1795860,1798002,1803777,1802136,1802136,10
2025-10-02 14:52:01,50149,pairwise,LinkedCells,1.000000,lc_c08,none,AoS,enabled,1806187,1784346,1788459,1790029,1792007,1782139,1792167,1792319,1797351,1790124,1791512,1791512,10
2025-10-02 14:52:01,50159,pairwise,LinkedCells,1.000000,lc_c08,none,SoA,disabled,3098307,3061788,3066281,3055038,3059188,3061824,3051802,3056160,3055503,3055227,3062111,3062111,10
2025-10-02 14:52:01,50169,pairwise,LinkedCells,1.000000,lc_c08,none,SoA,enabled,3061164,3039616,3046115,3054081,3047054,3040687,3046845,3043111,3035797,3050809,3046527,3046527,10
2025-10-02 14:52:01,50179,pairwise,LinkedCells,1.000000,lc_c18,none,AoS,disabled,1936787,1906153,1906060,1903245,1885733,1905005,1899748,1888007,1905457,1886211,1902240,1902240,10
2025-10-02 14:52:01,50189,pairwise,LinkedCells,1.000000,lc_c18,none,AoS,enabled,1910483,1887801,1891169,1889727,1884587,1874949,1886952,1880755,1888338,1880145,1887489,1887489,10
2025-10-02 14:52:01,50199,pairwise,LinkedCells,1.000000,lc_c18,none,SoA,disabled,2584461,2578931,2568749,2573291,2560666,2546462,2555234,2559941,2552520,2557470,2563771,2563771,10
2025-10-02 14:52:01,50209,pairwise,LinkedCells,1.000000,lc_c18,none,SoA,enabled,2546950,2535897,2540291,2539966,2537185,2543387,2542779,2540400,2544001,2540476,2541132,2541132,10
2025-10-02 14:52:01,50219,pairwise,LinkedCells,1.000000,lc_sliced,none,AoS,disabled,635874,610108,582025,581963,568542,580553,554814,577284,579644,543826,581462,581462,10
2025-10-02 14:52:01,50229,pairwise,LinkedCells,1.000000,lc_sliced,none,AoS,enabled,622159,530306,524126,533305,520466,539976,536868,536739,541806,529581,541532,541532,10
2025-10-02 14:52:01,50239,pairwise,LinkedCells,1.000000,lc_sliced,none,SoA,disabled,2079360,1865357,1777605,1782011,1780697,1751760,1791579,1766253,1748955,1781721,1812529,1812529,10
2025-10-02 14:52:01,50249,pairwise,LinkedCells,1.000000,lc_sliced,none,SoA,enabled,1803040,1718711,1746575,1739748,1744026,1714769,1746933,1734265,1729585,1729758,1740740,1740740,10
2025-10-02 14:52:01,50259,pairwise,LinkedCells,1.000000,lc_sliced_balanced,none,AoS,disabled,667701,589152,572317,569367,565284,565848,564282,565758,562443,564127,578627,578627,10
2025-10-02 14:52:01,50269,pairwise,LinkedCells,1.000000,lc_sliced_balanced,none,AoS,enabled,649740,525023,522478,520540,521801,518047,517661,519719,514231,515520,532475,532475,10
2025-10-02 14:52:01,50279,pairwise,LinkedCells,1.000000,lc_sliced_balanced,none,SoA,disabled,1859988,1746640,1722849,1713783,1698643,1701135,1699211,1705863,1701171,1698604,1724788,1724788,10
2025-10-02 14:52:01,50289,pairwise,LinkedCells,1.000000,lc_sliced_balanced,none,SoA,enabled,1730889,1671269,1672387,1664610,1666986,1665852,1667821,1660362,1656713,1656020,1671290,1671290,10
2025-10-02 14:52:01,50299,pairwise,LinkedCells,1.000000,lc_sliced_balanced,squared-particles-per-cell,AoS,disabled,2182628,1827566,1765975,1760426,1754960,1750665,1757343,1758479,1754707,1751241,1806398,1806398,10
2025-10-02 14:52:01,50309,pairwise,LinkedCells,1.000000,lc_sliced_balanced,squared-particles-per-cell,AoS,enabled,1812078,1755473,1747395,1746309,1745962,1749932,1749399,1748500,1752927,1746621,1755459,1755459,10
2025-10-02 14:52:01,50319,pairwise,LinkedCells,1.000000,lc_sliced_balanced,squared-particles-per-cell,SoA,disabled,6371294,6081075,6080658,6093269,6085446,6092590,6104617,6060326,6072908,6060725,6110290,6110290,10
2025-10-02 14:52:01,50329,pairwise,LinkedCells,1.000000,lc_sliced_balanced,squared-particles-per-cell,SoA,enabled,6062767,6071422,6080457,6071729,6064710,6060189,6060491,6070165,6084600,6070170,6069670,6069670,10
2025-10-02 14:52:01,50339,pairwise,LinkedCells,1.000000,lc_sliced_c02,none,AoS,disabled,736786,611814,591029,565391,565541,571418,565360,557795,576365,567127,590861,590861,10
2025-10-02 14:52:01,50349,pairwise,LinkedCells,1.000000,lc_sliced_c02,none,AoS,enabled,526500,515971,518326,514228,521590,525187,530247,523683,529276,526992,523199,523199,10
2025-10-02 14:52:01,50359,pairwise,LinkedCells,1.000000,lc_sliced_c02,none,SoA,disabled,2140822,1845068,1806920,1781004,1774529,1754055,1790001,1761843,1752839,1748221,1815529,1815529,10
2025-10-02 14:52:01,50369,pairwise,LinkedCells,1.000000,lc_sliced_c02,none,SoA,enabled,1773976,1736601,1748767,1725664,1741348,1740782,1726568,1735137,1737482,1748960,1741528,1741528,10
2025-10-02 14:52:02,50379,pairwise,VerletClusterLists,1.000000,vcl_c01_balanced,none,AoS,disabled,2000169,781056,769652,769052,812924,782623,962269,772372,952050,759765,936192,936192,10
2025-10-02 14:52:02,50389,pairwise,VerletClusterLists,1.000000,vcl_c01_balanced,none,SoA,disabled,4954311,596058,1100125,582040,1226602,576788,1055533,606348,1142403,563659,1240386,1240386,10
2025-10-02 14:52:02,50399,pairwise,VerletClusterLists,1.000000,vcl_c06,none,AoS,disabled,1494871,772605,776536,769817,821019,762245,795140,756077,759673,769498,847747,847747,10
2025-10-02 14:52:02,50409,pairwise,VerletClusterLists,1.000000,vcl_c06,none,AoS,enabled,936331,444439,429273,425470,433725,424813,433512,426260,433116,424933,481186,481186,10
2025-10-02 14:52:02,50419,pairwise,VerletClusterLists,1.000000,vcl_c06,none,SoA,disabled,1127584,380939,413436,383312,394377,383706,397058,381332,382193,379465,462340,462340,10
2025-10-02 14:52:02,50429,pairwise,VerletClusterLists,1.000000,vcl_c06,none,SoA,enabled,734348,264683,282220,259714,261627,253051,262641,262609,252452,255248,308858,308858,10
2025-10-02 14:52:02,50439,pairwise,VerletClusterLists,1.000000,vcl_sliced,none,AoS,disabled,1357804,663496,699195,655791,664322,648527,643227,642769,650180,649225,727453,727453,10
2025-10-02 14:52:02,50449,pairwise,VerletClusterLists,1.000000,vcl_sliced,none,AoS,enabled,825243,360611,368692,366216,353147,362533,385838,375718,353457,361045,411249,411249,10
2025-10-02 14:52:02,50459,pairwise,VerletClusterLists,1.000000,vcl_sliced,none,SoA,disabled,1003431,302043,277769,269719,273863,267783,272109,266001,257662,261947,345232,345232,10
2025-10-02 14:52:02,50469,pairwise,VerletClusterLists,1.000000,vcl_sliced,none,SoA,enabled,666588,196012,181269,186321,185680,181399,174993,178626,172043,180773,230369,230369,10
2025-10-02 14:52:02,50479,pairwise,VerletClusterLists,1.000000,vcl_sliced_balanced,none,AoS,disabled,1365645,647433,636868,645672,642541,643552,644547,634626,651555,637454,714989,714989,10
2025-10-02 14:52:02,50489,pairwise,VerletClusterLists,1.000000,vcl_sliced_balanced,none,AoS,enabled,926824,355578,359946,352848,354851,349405,355863,351737,358214,352686,411794,411794,10
2025-10-02 14:52:02,50499,pairwise,VerletClusterLists,1.000000,vcl_sliced_balanced,none,SoA,disabled,1005579,286863,280916,279570,281702,274836,279136,271227,277462,275355,351264,351264,10
2025-10-02 14:52:02,50509,pairwise,VerletClusterLists,1.000000,vcl_sliced_balanced,none,SoA,enabled,674713,198468,196614,196921,188085,189307,178964,182056,178135,184165,236742,236742,10
2025-10-02 14:52:02,50519,pairwise,VerletClusterLists,1.000000,vcl_sliced_balanced,neighbor-list-length,AoS,disabled,1626243,656412,642630,639324,634912,637691,641282,638871,638290,637254,739290,739290,10
2025-10-02 14:52:02,50529,pairwise,VerletClusterLists,1.000000,vcl_sliced_balanced,neighbor-list-length,AoS,enabled,819024,362665,352443,358307,352579,359545,352894,353982,362745,353251,402743,402743,10
2025-10-02 14:52:02,50539,pairwise,VerletClusterLists,1.000000,vcl_sliced_balanced,neighbor-list-length,SoA,disabled,1037387,286192,283850,284067,274912,272070,266853,264704,271106,264141,350527,350527,10
2025-10-02 14:52:02,50549,pairwise,VerletClusterLists,1.000000,vcl_sliced_balanced,neighbor-list-length,SoA,enabled,664620,197387,193044,186602,181819,188740,189529,186895,183894,181419,235394,235394,10
2025-10-02 14:52:02,50559,pairwise,VerletClusterLists,1.000000,vcl_sliced_c02,none,AoS,disabled,1703539,750751,758838,744668,753544,753630,746648,745107,744977,734006,843570,843570,10
2025-10-02 14:52:02,50569,pairwise,VerletClusterLists,1.000000,vcl_sliced_c02,none,AoS,enabled,893710,418215,418728,410608,427906,408206,424722,421905,409549,416180,464972,464972,10
2025-10-02 14:52:02,50579,pairwise,VerletClusterLists,1.000000,vcl_sliced_c02,none,SoA,disabled,1061503,319300,313595,319190,323066,315767,320877,325507,328740,310591,393812,393812,10
2025-10-02 14:52:02,50589,pairwise,VerletClusterLists,1.000000,vcl_sliced_c02,none,SoA,enabled,690182,222005,213690,209181,204782,205620,208616,213764,207510,231612,260695,260695,10
2025-10-02 14:52:02,50599,pairwise,VerletLists,1.000000,vl_list_iteration,none,AoS,disabled,4656535,131041,120140,118120,120112,116768,118446,116215,117252,118622,573325,573325,10
2025-10-02 14:52:02,50609,pairwise,VerletLists,1.000000,vl_list_iteration,none,SoA,disabled,8477365,1694599,1648152,1629195,1625976,1627959,1627589,1627631,1619895,1624816,2320317,2320317,10
2025-10-02 14:52:02,50619,pairwise,VerletListsCells,1.000000,vlc_c01,none,AoS,disabled,22103863,1567407,1554836,1567250,1563639,1559250,1559183,1569670,1561548,1559304,3616594,3616594,10
2025-10-02 14:52:02,50629,pairwise,VerletListsCells,1.000000,vlc_c01,none,SoA,disabled,28056322,3093312,3080884,3082542,3082797,3088537,3085935,3082598,3097461,3088077,5583845,5583845,10
2025-10-02 14:52:02,50639,pairwise,VerletListsCells,1.000000,vlc_c18,none,AoS,disabled,14673803,1873074,1862602,1864017,1866064,1873103,1862593,1858790,1860365,1863622,3145802,3145802,10
2025-10-02 14:52:02,50649,pairwise,VerletListsCells,1.000000,vlc_c18,none,AoS,enabled,14080425,1861722,1858255,1854665,1857103,1862942,1859593,1853154,1854342,1857363,3079956,3079956,10
2025-10-02 14:52:02,50659,pairwise,VerletListsCells,1.000000,vlc_c18,none,SoA,disabled,20412558,3402828,3386348,3387409,3387357,3393331,3403054,3417970,3405589,3411582,5100802,5100802,10
2025-10-02 14:52:02,50669,pairwise,VerletListsCells,1.000000,vlc_c18,none,SoA,enabled,19406841,3386960,3378422,3389597,3394180,3402519,3392964,3400997,3405280,3416924,4997468,4997468,10
2025-10-02 14:52:02,50679,pairwise,VerletListsCells,1.000000,vlc_c08,none,AoS,disabled,10796458,1704471,1702312,1692209,1692247,1694026,1699633,1688869,1694262,1697349,2606183,2606183,10
2025-10-02 14:52:02,50689,pairwise,VerletListsCells,1.000000,vlc_c08,none,AoS,enabled,10565382,1696199,1693006,1689317,1687489,1690130,1686200,1692735,1686520,1692364,2577934,2577934,10
2025-10-02 14:52:02,50699,pairwise,VerletListsCells,1.000000,vlc_c08,none,SoA,disabled,16475929,3282131,3265602,3260599,3261339,3271012,3276485,3276777,3278876,3266694,4591544,4591544,10
2025-10-02 14:52:02,50709,pairwise,VerletListsCells,1.000000,vlc_c08,none,SoA,enabled,16072661,3270907,3257150,3263011,3267682,3265596,3264730,3258471,3274234,3270308,4546474,4546474,10
2025-10-02 14:52:02,50719,pairwise,VerletListsCells,1.000000,vlc_sliced,none,AoS,disabled,13363294,236995,226566,218960,215043,213909,208557,221769,214431,211561,1533108,1533108,10
2025-10-02 14:52:02,50729,pairwise,VerletListsCells,1.000000,vlc_sliced,none,AoS,enabled,12950444,169698,163910,160167,162264,160974,156942,160326,157037,155471,1439723,1439723,10
2025-10-02 14:52:02,50739,pairwise,VerletListsCells,1.000000,vlc_sliced,none,SoA,disabled,19184546,1908334,1920751,1872796,1923396,1928001,1913883,1902788,1907830,1928160,3639048,3639048,10
2025-10-02 14:52:02,50749,pairwise,VerletListsCells,1.000000,vlc_sliced,none,SoA,enabled,18323224,1838946,1845456,1818163,1822657,1849306,1829275,1826113,1835111,1822668,3481091,3481091,10
2025-10-02 14:52:02,50759,pairwise,VerletListsCells,1.000000,vlc_sliced_balanced,none,AoS,disabled,13489067,213085,212597,207843,206255,208150,206670,203016,204025,203126,1535383,1535383,10
2025-10-02 14:52:02,50769,pairwise,VerletListsCells,1.000000,vlc_sliced_balanced,none,AoS,enabled,12910089,158175,158590,154561,154022,151125,150455,150154,151124,150885,1428917,1428917,10
2025-10-02 14:52:02,50779,pairwise,VerletListsCells,1.000000,vlc_sliced_balanced,none,SoA,disabled,19408536,1905811,1881315,1877750,1881456,1876230,1883966,1894197,1885312,1893902,3638846,3638846,10
2025-10-02 14:52:02,50789,pairwise,VerletListsCells,1.000000,vlc_sliced_balanced,none,SoA,enabled,18301490,1840584,1830222,1828425,1830270,1825593,1822590,1826214,1832540,1829013,3476693,3476693,10
2025-10-02 14:52:02,50799,pairwise,VerletListsCells,1.000000,vlc_sliced_balanced,squared-particles-per-cell,AoS,disabled,12511915,308835,297127,297266,304412,297170,294444,294654,303339,294089,1520324,1520324,10
2025-10-02 14:52:02,50809,pairwise,VerletListsCells,1.000000,vlc_sliced_balanced,squared-particles-per-cell,AoS,enabled,12735815,298244,297536,304375,296533,296381,300605,298648,296506,297817,1542245,1542245,10
2025-10-02 14:52:02,50819,pairwise,VerletListsCells,1.000000,vlc_sliced_balanced,squared-particles-per-cell,SoA,disabled,18605227,1904695,1904113,1913712,1914204,1908997,1916073,1915307,1916087,1893537,3579195,3579195,10
2025-10-02 14:52:03,50829,pairwise,VerletListsCells,1.000000,vlc_sliced_balanced,squared-particles-per-cell,SoA,enabled,18012233,1839734,1846067,1852380,1851265,1857184,1860650,1841923,1865389,1859897,3468672,3468672,10
2025-10-02 14:52:03,50839,pairwise,VerletListsCells,1.000000,vlc_sliced_balanced,neighbor-list-length,AoS,disabled,12339797,325152,319142,303903,303829,309189,305646,300886,300223,306080,1511384,1511384,10
2025-10-02 14:52:03,50849,pairwise,VerletListsCells,1.000000,vlc_sliced_balanced,neighbor-list-length,AoS,enabled,12619827,299847,290655,286706,294230,284316,287721,292044,283982,284529,1522385,1522385,10
2025-10-02 14:52:03,50859,pairwise,VerletListsCells,1.000000,vlc_sliced_balanced,neighbor-list-length,SoA,disabled,18738908,1908694,1889230,1946918,1948993,1879834,1883780,1876749,1879550,1877606,3583025,3583025,10
2025-10-02 14:52:03,50869,pairwise,VerletListsCells,1.000000,vlc_sliced_balanced,neighbor-list-length,SoA,enabled,18199646,1886875,1870786,1901329,1851093,1856229,1851194,1852108,1863148,1855050,3498745,3498745,10
2025-10-02 14:52:03,50879,pairwise,VerletListsCells,1.000000,vlc_sliced_c02,none,AoS,disabled,12203039,274965,257533,247690,249834,250813,252305,261973,251261,246165,1449557,1449557,10
2025-10-02 14:52:03,50889,pairwise,VerletListsCells,1.000000,vlc_sliced_c02,none,AoS,enabled,12549170,201249,192961,187782,178977,183855,185794,180604,179941,181190,1422152,1422152,10
2025-10-02 14:52:03,50899,pairwise,VerletListsCells,1.000000,vlc_sliced_c02,none,SoA,disabled,18787261,1961829,1986023,1975709,1952204,1961224,1903838,1979108,1977819,1978743,3646375,3646375,10
2025-10-02 14:52:03,50909,pairwise,VerletListsCells,1.000000,vlc_sliced_c02,none,SoA,enabled,18127542,1953216,1913590,1911463,1899373,1891417,1894107,1872913,1882933,1888122,3523467,3523467,10
2025-10-02 14:52:03,50919,pairwise,PairwiseVerletLists,1.000000,vlp_c01,none,AoS,disabled,17398178,1817201,1816896,1806886,1810641,1809864,1797225,1814797,1803747,1807488,3368292,3368292,10
2025-10-02 14:52:03,50929,pairwise,PairwiseVerletLists,1.000000,vlp_c01,none,SoA,disabled,34380380,4094289,3565206,3498621,3491840,3460396,3483602,3468473,3458879,3469515,6637119,6637119,10
2025-10-02 14:52:03,50939,pairwise,PairwiseVerletLists,1.000000,vlp_c18,none,AoS,disabled,15522798,2167103,2154707,2146828,2146144,2140527,2137964,2139876,2148281,2144696,3484892,3484892,10
2025-10-02 14:52:03,50949,pairwise,PairwiseVerletLists,1.000000,vlp_c18,none,AoS,enabled,15449808,2150469,2138026,2138010,2126718,2127002,2124591,2128350,2128803,2129940,3464171,3464171,10
2025-10-02 14:52:03,50959,pairwise,PairwiseVerletLists,1.000000,vlp_c18,none,SoA,disabled,38798391,4339714,4095720,4060082,4048988,4045572,4053570,4059767,4051243,4049698,7560273,7560273,10
2025-10-02 14:52:03,50969,pairwise,PairwiseVerletLists,1.000000,vlp_c18,none,SoA,enabled,38075579,4359769,4097368,4049329,4061179,4046608,4062458,4036133,4053504,4058335,7490025,7490025,10
2025-10-02 14:52:03,50979,pairwise,PairwiseVerletLists,1.000000,vlp_sliced,none,AoS,disabled,14174564,770842,781143,753333,756448,760332,737924,745517,744772,742067,2096693,2096693,10
2025-10-02 14:52:03,50989,pairwise,PairwiseVerletLists,1.000000,vlp_sliced,none,AoS,enabled,13983521,747452,758746,755179,757736,720902,757472,740592,726117,782043,2072975,2072975,10
2025-10-02 14:52:03,50999,pairwise,PairwiseVerletLists,1.000000,vlp_sliced,none,SoA,disabled,36876671,3157452,3007576,2919781,2796080,2812441,2804617,2793023,2851716,2833630,6285298,6285298,10
2025-10-02 14:52:03,51009,pairwise,PairwiseVerletLists,1.000000,vlp_sliced,none,SoA,enabled,36032606,3075257,2874428,2856800,2898156,2827196,2843086,2826416,2763746,2804762,6180245,6180245,10
2025-10-02 14:52:03,51019,pairwise,PairwiseVerletLists,1.000000,vlp_sliced_balanced,none,AoS,disabled,14152917,830248,843113,753074,765884,773923,781328,793742,759721,759010,2121295,2121295,10
2025-10-02 14:52:03,51029,pairwise,PairwiseVerletLists,1.000000,vlp_sliced_balanced,none,AoS,enabled,14110638,832440,765620,802212,787169,792627,752536,765266,791873,751568,2115194,2115194,10
2025-10-02 14:52:03,51039,pairwise,PairwiseVerletLists,1.000000,vlp_sliced_balanced,none,SoA,disabled,37192794,3104657,2805844,2731006,2737971,2727515,2728304,2712060,2736304,2719584,6219603,6219603,10
2025-10-02 14:52:04,51049,pairwise,PairwiseVerletLists,1.000000,vlp_sliced_balanced,none,SoA,enabled,36552605,3033827,2781811,2714464,2677454,2683850,2703259,2702536,2690229,2669552,6120958,6120958,10
2025-10-02 14:52:04,51059,pairwise,PairwiseVerletLists,1.000000,vlp_sliced_c02,none,AoS,disabled,14340469,1003389,960511,940233,942646,925502,983200,928073,917312,923595,2286492,2286492,10
2025-10-02 14:52:04,51069,pairwise,PairwiseVerletLists,1.000000,vlp_sliced_c02,none,AoS,enabled,14105950,952069,909905,928553,906672,886952,900059,917499,900815,914117,2232259,2232259,10
2025-10-02 14:52:04,51079,pairwise,PairwiseVerletLists,1.000000,vlp_sliced_c02,none,SoA,disabled,37286507,3197183,3097491,3069834,3031282,3040613,3060795,3067927,3043282,2963617,6485852,6485852,10
2025-10-02 14:52:04,51089,pairwise,PairwiseVerletLists,1.000000,vlp_sliced_c02,none,SoA,enabled,36616105,3176805,2987503,2915237,2929973,2947812,2912625,2915926,2881905,2911832,6319571,6319571,10
2025-10-02 14:52:04,51099,pairwise,PairwiseVerletLists,1.000000,vlp_c08,none,AoS,disabled,16955269,3445694,3428421,3421795,3419899,3419102,3418961,3432454,3428176,3422263,4779203,4779203,10
2025-10-02 14:52:04,51109,pairwise,PairwiseVerletLists,1.000000,vlp_c08,none,AoS,enabled,15737323,2487486,2446124,2437447,2430150,2431106,2429566,2439606,2438387,2436876,3771406,3771406,10
2025-10-02 14:52:04,51119,pairwise,PairwiseVerletLists,1.000000,vlp_c08,none,SoA,disabled,40117857,6408212,6375099,6371191,6358302,6362109,6360474,6353158,6363514,6346926,9741683,9741683,10
2025-10-02 14:52:04,51129,pairwise,PairwiseVerletLists,1.000000,vlp_c08,none,SoA,enabled,38131136,4906358,4731712,4713425,4666708,4677371,4671994,4668499,4680535,4669983,8051771,8051771,10
2025-10-02 14:56:15,55009,pairwise,LinkedCells,1.000000,lc_c01,none,AoS,disabled,11675578,11297239,11293019,11285046,11274499,11277376,11272867,11279254,11265825,11272013,11319271,11319271,10
2025-10-02 14:56:15,55019,pairwise,LinkedCells,1.000000,lc_c01,none,SoA,disabled,8641341,7293791,7284908,7282765,7297111,7277712,7268023,7281780,7273324,7263859,7416460,7416460,10
2025-10-02 14:56:15,55029,pairwise,LinkedCells,1.000000,lc_c01_combined_SoA,none,SoA,disabled,6044983,5997943,6037277,6018288,5997776,6017414,5967576,5989367,6013753,6046931,6013130,6013130,10
2025-10-02 14:56:15,55039,pairwise,LinkedCells,1.000000,lc_c04,none,AoS,disabled,7917791,7796985,7740720,7836620,7874224,7853260,7859847,7795324,7831978,7815355,7832210,7832210,10
2025-10-02 14:56:15,55049,pairwise,LinkedCells,1.000000,lc_c04,none,AoS,enabled,5703201,5610647,5698807,5631815,5572596,5626389,5603746,5663447,5650185,5624069,5638490,5638490,10
2025-10-02 14:56:15,55059,pairwise,LinkedCells,1.000000,lc_c04,none,SoA,disabled,6306839,6396311,6370682,6387686,6345506,6406440,6384435,6325623,6326619,6328066,6357820,6357820,10
2025-10-02 14:56:15,55069,pairwise,LinkedCells,1.000000,lc_c04,none,SoA,enabled,4499686,4567907,4561374,4553769,4475589,4555054,4477650,4580022,4465321,4577036,4531340,4531340,10
2025-10-02 14:56:15,55079,pairwise,LinkedCells,1.000000,lc_c04_HCP,none,AoS,disabled,7239236,7170595,7163221,7168506,7165077,7162794,7148446,7176124,7162649,7166143,7172278,7172278,10
2025-10-02 14:56:15,55089,pairwise,LinkedCells,1.000000,lc_c04_HCP,none,AoS,enabled,5230224,5207459,5219837,5214973,5222378,5205896,5202201,5211273,5209840,5225884,5214996,5214996,10
2025-10-02 14:56:15,55099,pairwise,LinkedCells,1.000000,lc_c04_HCP,none,SoA,disabled,6456956,6430688,6478122,6476831,6550793,6516082,6465936,6473289,6486659,6491168,6482651,6482651,10
2025-10-02 14:56:15,55109,pairwise,LinkedCells,1.000000,lc_c04_HCP,none,SoA,enabled,4874968,4932184,4921872,4914254,4845760,4955358,4912374,4914600,4965193,4906784,4914334,4914334,10
2025-10-02 14:56:15,55119,pairwise,LinkedCells,1.000000,lc_c04_combined_SoA,none,SoA,disabled,7546031,7542743,7560585,7610326,7570462,7563695,7520512,7520876,7618756,7578858,7563284,7563284,10
2025-10-02 14:56:15,55129,pairwise,LinkedCells,1.000000,lc_c04_combined_SoA,none,SoA,enabled,5897791,5902949,5893916,5885605,5882326,5949605,5912085,5935128,5896113,5877705,5903321,5903321,10
2025-10-02 14:56:16,55139,pairwise,LinkedCells,1.000000,lc_c08,none,AoS,disabled,7742603,7675838,7684723,7694026,7683235,7684118,7683114,7680673,7686215,7695483,7691002,7691002,10
2025-10-02 14:56:16,55149,pairwise,LinkedCells,1.000000,lc_c08,none,AoS,enabled,5931364,5907684,5904716,5909383,5897232,5904971,5906157,5901808,5909639,5905090,5907803,5907803,10
2025-10-02 14:56:16,55159,pairwise,LinkedCells,1.000000,lc_c08,none,SoA,disabled,7976992,7948082,7927726,7926932,7929047,7944929,7930409,7924610,7930975,7951394,7939109,7939109,10
2025-10-02 14:56:16,55169,pairwise,LinkedCells,1.000000,lc_c08,none,SoA,enabled,6413127,6345116,6404282,6403238,6417485,6328893,6406785,6424586,6410289,6423499,6397729,6397729,10
2025-10-02 14:56:16,55179,pairwise,LinkedCells,1.000000,lc_c18,none,AoS,disabled,7661104,7637275,7622839,7614314,7617332,7622166,7614573,7625874,7630243,7638384,7628409,7628409,10
2025-10-02 14:56:16,55189,pairwise,LinkedCells,1.000000,lc_c18,none,AoS,enabled,5842992,5829838,5826266,5831445,5830756,5837237,5835064,5827797,5828471,5832880,5832273,5832273,10
2025-10-02 14:56:16,55199,pairwise,LinkedCells,1.000000,lc_c18,none,SoA,disabled,6960359,7011303,7021249,7004124,7019076,7004105,7005413,7003892,7010412,7007079,7004701,7004701,10
2025-10-02 14:56:16,55209,pairwise,LinkedCells,1.000000,lc_c18,none,SoA,enabled,5356913,5413481,5411528,5414807,5418064,5427570,5367614,5419997,5417159,5397569,5404469,5404469,10
2025-10-02 14:56:16,55219,pairwise,LinkedCells,1.000000,lc_sliced,none,AoS,disabled,12423307,12348858,12235044,12374866,12340000,12339833,12365338,12357104,12352155,12344163,12348066,12348066,10
2025-10-02 14:56:16,55229,pairwise,LinkedCells,1.000000,lc_sliced,none,AoS,enabled,8764164,8815704,8750527,8619266,8809240,8844029,8860149,8728857,8819215,8830670,8784181,8784181,10
2025-10-02 14:56:16,55239,pairwise,LinkedCells,1.000000,lc_sliced,none,SoA,disabled,9058875,9037038,8921350,8837391,8931773,9027480,9029132,8999814,8946817,8990101,8977976,8977976,10
2025-10-02 14:56:16,55249,pairwise,LinkedCells,1.000000,lc_sliced,none,SoA,enabled,5582979,5746992,5631215,5636733,5737224,5707946,5733483,5656383,5727937,5746604,5690749,5690749,10
2025-10-02 14:56:17,55259,pairwise,LinkedCells,1.000000,lc_sliced_balanced,none,AoS,disabled,12359979,12331941,12329353,12340908,12324966,12334000,12306612,12338324,12326867,12329468,12332241,12332241,10
2025-10-02 14:56:17,55269,pairwise,LinkedCells,1.000000,lc_sliced_balanced,none,AoS,enabled,8809374,8803008,8793154,8807557,8791456,8792844,8801279,8802716,8808823,8790104,8800031,8800031,10
2025-10-02 14:56:17,55279,pairwise,LinkedCells,1.000000,lc_sliced_balanced,none,SoA,disabled,8909811,9034710,9011579,8929632,8871456,9049616,8997701,8938190,8996139,9015780,8975460,8975460,10
2025-10-02 14:56:17,55289,pairwise,LinkedCells,1.000000,lc_sliced_balanced,none,SoA,enabled,5599287,5761674,5721905,5747849,5638487,5715065,5717987,5617093,5763929,5701441,5698471,5698471,10
2025-10-02 14:56:17,55299,pairwise,LinkedCells,1.000000,lc_sliced_balanced,squared-particles-per-cell,AoS,disabled,12593677,12363262,12350770,12326535,12330244,12328072,12327003,12341943,12329497,12332586,12362358,12362358,10
2025-10-02 14:56:17,55309,pairwise,LinkedCells,1.000000,lc_sliced_balanced,squared-particles-per-cell,AoS,enabled,8836023,8808824,8804708,8810820,8802223,8811134,8797296,8818303,8830887,8819422,8813964,8813964,10
2025-10-02 14:56:17,55319,pairwise,LinkedCells,1.000000,lc_sliced_balanced,squared-particles-per-cell,SoA,disabled,9834859,9024284,8863124,8969329,8873014,8859498,8884142,8970436,8998932,8908010,9018562,9018562,10
2025-10-02 14:56:17,55329,pairwise,LinkedCells,1.000000,lc_sliced_balanced,squared-particles-per-cell,SoA,enabled,7010761,6854169,6862824,6850298,6759121,6811420,6846229,6679888,6838725,6871466,6838489,6838489,10
2025-10-02 14:56:17,55339,pairwise,LinkedCells,1.000000,lc_sliced_c02,none,AoS,disabled,12556564,12358740,12367055,12327666,12320615,12266848,12284799,12286652,12371555,12323399,12346388,12346388,10
2025-10-02 14:56:17,55349,pairwise,LinkedCells,1.000000,lc_sliced_c02,none,AoS,enabled,8756496,8824812,8789625,8770015,8745536,8885342,8793092,8822676,8809000,8776675,8797326,8797326,10
2025-10-02 14:56:18,55359,pairwise,LinkedCells,1.000000,lc_sliced_c02,none,SoA,disabled,9941571,8959909,8905144,9005486,9011058,9008901,8805407,8921701,8916938,8902229,9037834,9037834,10
2025-10-02 14:56:18,55369,pairwise,LinkedCells,1.000000,lc_sliced_c02,none,SoA,enabled,5702115,5632121,5663874,5655039,5827931,5661948,5657538,5640982,5667182,5556223,5666494,5666494,10
2025-10-02 14:56:18,55379,pairwise,VerletClusterLists,1.000000,vcl_c01_balanced,none,AoS,disabled,78404579,16721011,16711864,16769071,16751747,16698787,16720787,16705615,16737102,16717872,22893843,22893843,10
2025-10-02 14:56:18,55389,pairwise,VerletClusterLists,1.000000,vcl_c01_balanced,none,SoA,disabled,55630327,5949748,5971734,5964830,5940916,5950231,5960531,5967684,5978003,5922215,10923621,10923621,10
2025-10-02 14:56:18,55399,pairwise,VerletClusterLists,1.000000,vcl_c06,none,AoS,disabled,89563313,39183204,39799617,40087551,39354498,40035010,39792141,39145617,39570391,39605624,44613695,44613695,10
2025-10-02 14:56:19,55409,pairwise,VerletClusterLists,1.000000,vcl_c06,none,AoS,enabled,48666373,22185813,21959502,22125821,22794957,22137628,22599064,22203489,22718167,22362329,24975313,24975313,10
2025-10-02 14:56:19,55419,pairwise,VerletClusterLists,1.000000,vcl_c06,none,SoA,disabled,63141613,13705100,14147495,13672360,13710735,13749049,13993643,13793207,14052747,14268098,18823404,18823404,10
2025-10-02 14:56:19,55429,pairwise,VerletClusterLists,1.000000,vcl_c06,none,SoA,enabled,35418975,8342816,8379624,8466596,8774036,8387240,8532966,8490131,8447212,8672578,11191217,11191217,10
2025-10-02 14:56:20,55439,pairwise,VerletClusterLists,1.000000,vcl_sliced,none,AoS,disabled,103207989,46793743,54180345,53591860,54197222,54090636,54217814,53501936,54231564,54162476,58217557,58217557,10
2025-10-02 14:56:20,55449,pairwise,VerletClusterLists,1.000000,vcl_sliced,none,AoS,enabled,52524208,27303193,27358701,28583236,25707953,26953015,27445576,27296060,27275125,27356369,29780343,29780343,10
2025-10-02 14:56:20,55459,pairwise,VerletClusterLists,1.000000,vcl_sliced,none,SoA,disabled,64227804,15151117,15154864,14422968,14958093,15062983,15136102,14972401,14968376,14919903,19897460,19897460,10
2025-10-02 14:56:20,55469,pairwise,VerletClusterLists,1.000000,vcl_sliced,none,SoA,enabled,35168459,8192588,8301200,8685052,8248967,8289861,7989598,8234417,8193856,8180921,10948491,10948491,10
2025-10-02 14:56:21,55479,pairwise,VerletClusterLists,1.000000,vcl_sliced_balanced,none,AoS,disabled,104358362,54555850,54536565,54525692,54525485,54556932,54523349,54521999,54486062,54560959,59515124,59515124,10
2025-10-02 14:56:21,55489,pairwise,VerletClusterLists,1.000000,vcl_sliced_balanced,none,AoS,enabled,54473203,27654825,27620632,27629560,27607713,27572715,27657124,27570728,27605968,27545995,30293846,30293846,10
2025-10-02 14:56:21,55499,pairwise,VerletClusterLists,1.000000,vcl_sliced_balanced,none,SoA,disabled,64055369,15067602,15094938,15073509,15088100,15080351,15109637,15049978,15100601,15128482,19984856,19984856,10
2025-10-02 14:56:22,55509,pairwise,VerletClusterLists,1.000000,vcl_sliced_balanced,none,SoA,enabled,35357599,8264203,8245674,8295963,8237247,8246833,8268698,8237283,8262784,8239239,10965551,10965551,10
2025-10-02 14:56:22,55519,pairwise,VerletClusterLists,1.000000,vcl_sliced_balanced,neighbor-list-length,AoS,disabled,113216114,54600082,54618278,54568032,54652703,54657807,54618933,54650194,54592601,54702741,60487748,60487748,10
2025-10-02 14:56:23,55529,pairwise,VerletClusterLists,1.000000,vcl_sliced_balanced,neighbor-list-length,AoS,enabled,54428755,27731198,27642151,27600471,27682549,27614401,27645533,27643195,27601171,27648976,30323839,30323839,10
2025-10-02 14:56:23,55539,pairwise,VerletClusterLists,1.000000,vcl_sliced_balanced,neighbor-list-length,SoA,disabled,64610727,16357102,15010461,15041889,16367109,15008905,15062682,15017602,14974819,15005133,20245642,20245642,10
2025-10-02 14:56:23,55549,pairwise,VerletClusterLists,1.000000,vcl_sliced_balanced,neighbor-list-length,SoA,enabled,34887231,8203375,8203567,10135288,8228392,8262141,10143752,10148272,8239807,8219879,11467170,11467170,10
2025-10-02 14:56:24,55559,pairwise,VerletClusterLists,1.000000,vcl_sliced_c02,none,AoS,disabled,126625680,67136167,67667863,66799075,67367889,68066878,67222110,67682112,60180623,66900273,72564867,72564867,10
2025-10-02 14:56:24,55569,pairwise,VerletClusterLists,1.000000,vcl_sliced_c02,none,AoS,enabled,60515190,35223419,35166000,32149824,34121398,35396918,35183476,35176308,34249086,33980097,37116171,37116171,10
2025-10-02 14:56:24,55579,pairwise,VerletClusterLists,1.000000,vcl_sliced_c02,none,SoA,disabled,67783916,19633000,19643539,19619035,19796820,19885998,19611051,19784882,19485048,19532724,24477600,24477600,10
2025-10-02 14:56:24,55589,pairwise,VerletClusterLists,1.000000,vcl_sliced_c02,none,SoA,enabled,37754218,10657591,10657444,10549744,11221080,10664350,10606265,10683760,11136561,10681806,13461281,13461281,10
2025-10-02 14:56:24,55599,pairwise,VerletLists,1.000000,vl_list_iteration,none,AoS,disabled,31845892,5285622,5260980,5254563,5252228,5258272,5246199,5250771,5243040,5263730,7916129,7916129,10
2025-10-02 14:56:25,55609,pairwise,VerletLists,1.000000,vl_list_iteration,none,SoA,disabled,105111930,6833578,6701829,6678251,6685276,6635294,6656147,6629358,6639086,6657923,16522867,16522867,10
2025-10-02 14:56:25,55619,pairwise,VerletListsCells,1.000000,vlc_c01,none,AoS,disabled,44817324,5242461,5232794,5238313,5227513,5220932,5225249,5219406,5227761,5226918,9187866,9187866,10
2025-10-02 14:56:25,55629,pairwise,VerletListsCells,1.000000,vlc_c01,none,SoA,disabled,119790293,8181510,8071427,8065446,8045512,8036684,8030023,8043039,8041774,8043156,19234886,19234886,10
2025-10-02 14:56:25,55639,pairwise,VerletListsCells,1.000000,vlc_c18,none,AoS,disabled,33042460,4928872,4927821,4933559,4927754,4940635,4928115,4933725,4928656,4928392,7741998,7741998,10
2025-10-02 14:56:25,55649,pairwise,VerletListsCells,1.000000,vlc_c18,none,AoS,enabled,24763967,3349049,3307329,3303813,3311942,3308941,3296589,3304412,3309087,3321481,5457660,5457660,10
2025-10-02 14:56:25,55659,pairwise,VerletListsCells,1.000000,vlc_c18,none,SoA,disabled,171070899,9553646,9512742,9499590,9488763,9485392,9511603,9482400,9496682,9476970,25657868,25657868,10
2025-10-02 14:56:26,55669,pairwise,VerletListsCells,1.000000,vlc_c18,none,SoA,enabled,110545800,8408060,8278874,7456656,7440949,7414137,7379569,7350542,7366329,7350376,17899128,17899128,10
2025-10-02 14:56:26,55679,pairwise,VerletListsCells,1.000000,vlc_c08,none,AoS,disabled,29033042,4976276,4979607,4978301,4977521,4964980,4979917,4975559,4983537,4976571,7382530,7382530,10
2025-10-02 14:56:26,55689,pairwise,VerletListsCells,1.000000,vlc_c08,none,AoS,enabled,24442404,3518197,3504948,3495733,3504727,3498607,3491638,3498738,3501192,3492437,5594861,5594861,10
2025-10-02 14:56:26,55699,pairwise,VerletListsCells,1.000000,vlc_c08,none,SoA,disabled,155782553,9264451,9235885,9217138,9224204,9223452,9223316,9206355,9213938,9219902,23881118,23881118,10
2025-10-02 14:56:26,55709,pairwise,VerletListsCells,1.000000,vlc_c08,none,SoA,enabled,113821096,8304015,8230834,8207265,8190507,8187403,8203823,8178735,8189660,8192438,18770576,18770576,10
2025-10-02 14:56:26,55719,pairwise,VerletListsCells,1.000000,vlc_sliced,none,AoS,disabled,38358627,10035328,9997130,9584689,10044239,9624293,9996300,10043395,9995371,10036911,12771627,12771627,10
2025-10-02 14:56:26,55729,pairwise,VerletListsCells,1.000000,vlc_sliced,none,AoS,enabled,27270571,4881740,4847919,4848919,4848850,4852715,4852170,4829490,4826770,4861138,7092027,7092027,10
2025-10-02 14:56:27,55739,pairwise,VerletListsCells,1.000000,vlc_sliced,none,SoA,disabled,179074462,13300664,13266257,13177316,13302352,12892619,13180848,13226680,13228181,13173349,29782272,29782272,10
2025-10-02 14:56:27,55749,pairwise,VerletListsCells,1.000000,vlc_sliced,none,SoA,enabled,108380052,9228986,8980311,8198295,8298198,8317936,8299772,8299684,8295352,8282065,18458064,18458064,10
2025-10-02 14:56:27,55759,pairwise,VerletListsCells,1.000000,vlc_sliced_balanced,none,AoS,disabled,37850288,10214313,10170921,10176559,10177678,10178902,10185630,10194255,10209752,10222822,12958111,12958111,10
2025-10-02 14:56:27,55769,pairwise,VerletListsCells,1.000000,vlc_sliced_balanced,none,AoS,enabled,26639697,4912144,4876821,4869878,4855415,4863186,4859344,4846279,4854150,4851453,7042836,7042836,10
2025-10-02 14:56:27,55779,pairwise,VerletListsCells,1.000000,vlc_sliced_balanced,none,SoA,disabled,175691554,13353298,13278887,13203521,13214948,13248110,13206860,13185657,13197426,13182368,29476262,29476262,10
2025-10-02 14:56:28,55789,pairwise,VerletListsCells,1.000000,vlc_sliced_balanced,none,SoA,enabled,107019249,9340269,9223244,8498121,8401184,8328768,8314181,8319859,8286882,8297258,18402900,18402900,10
2025-10-02 14:56:28,55799,pairwise,VerletListsCells,1.000000,vlc_sliced_balanced,squared-particles-per-cell,AoS,disabled,37618771,9744829,9677453,9658514,9652360,9643029,9674015,9664391,9651357,9661895,12464661,12464661,10
2025-10-02 14:56:28,55809,pairwise,VerletListsCells,1.000000,vlc_sliced_balanced,squared-particles-per-cell,AoS,enabled,26558545,5027381,4992206,4984070,4961889,4962497,4972023,4976969,4977201,4975333,7138811,7138811,10
2025-10-02 14:56:28,55819,pairwise,VerletListsCells,1.000000,vlc_sliced_balanced,squared-particles-per-cell,SoA,disabled,179558805,13306428,13302014,13267816,13232227,13279710,13259229,13232674,13226171,13235882,29890095,29890095,10
2025-10-02 14:56:28,55829,pairwise,VerletListsCells,1.000000,vlc_sliced_balanced,squared-particles-per-cell,SoA,enabled,129742172,9422238,9391593,8546498,8489198,8491508,8505495,8461990,8462726,8477607,20799102,20799102,10
2025-10-02 14:56:29,55839,pairwise,VerletListsCells,1.000000,vlc_sliced_balanced,neighbor-list-length,AoS,disabled,38026953,9814896,9820475,9818826,9817917,9815600,9799272,9781163,9771651,9761244,12622799,12622799,10
2025-10-02 14:56:29,55849,pairwise,VerletListsCells,1.000000,vlc_sliced_balanced,neighbor-list-length,AoS,enabled,26446314,4936557,4921411,4908205,4887003,4894602,4902579,4894878,4899997,4901764,7059330,7059330,10
2025-10-02 14:56:29,55859,pairwise,VerletListsCells,1.000000,vlc_sliced_balanced,neighbor-list-length,SoA,disabled,181743501,13914579,13821228,13828438,13765597,13787343,13733117,13761175,13726712,13732594,30581427,30581427,10
2025-10-02 14:56:29,55869,pairwise,VerletListsCells,1.000000,vlc_sliced_balanced,neighbor-list-length,SoA,enabled,133142731,9690311,9592373,9280068,8654910,8618428,8588779,8591774,8610933,8568218,21333851,21333851,10
2025-10-02 14:56:29,55879,pairwise,VerletListsCells,1.000000,vlc_sliced_c02,none,AoS,disabled,40126432,12399100,12405295,12247950,12248569,12495954,12244142,12408331,12451945,12509572,15153728,15153728,10
2025-10-02 14:56:30,55889,pairwise,VerletListsCells,1.000000,vlc_sliced_c02,none,AoS,enabled,28005926,6371852,6441861,6412028,6432297,6304465,6407668,6364326,6454171,6367252,8556184,8556184,10
2025-10-02 14:56:30,55899,pairwise,VerletListsCells,1.000000,vlc_sliced_c02,none,SoA,disabled,185794425,16539981,16272702,16279278,16341401,16158862,16340459,16332293,16334489,16310569,33270445,33270445,10
2025-10-02 14:56:30,55909,pairwise,VerletListsCells,1.000000,vlc_sliced_c02,none,SoA,enabled,133853475,11078995,10929060,10660314,10063332,9998622,9917550,9932298,9943348,9914973,22629196,22629196,10
2025-10-02 14:56:30,55919,pairwise,PairwiseVerletLists,1.000000,vlp_c01,none,AoS,disabled,49859787,6192292,6184413,6173376,6164283,6183997,6174895,6165897,6168907,6164677,10543251,10543251,10
2025-10-02 14:56:31,55929,pairwise,PairwiseVerletLists,1.000000,vlp_c01,none,SoA,disabled,331004691,12641979,12653459,12635008,12656095,12641276,12661443,12667735,12657334,12642311,44486132,44486132,10
2025-10-02 14:56:31,55939,pairwise,PairwiseVerletLists,1.000000,vlp_c18,none,AoS,disabled,46079981,6167672,6168953,6161069,6169571,6161124,6172408,6155595,6177763,6151958,10156608,10156608,10
2025-10-02 14:56:31,55949,pairwise,PairwiseVerletLists,1.000000,vlp_c18,none,AoS,enabled,46596439,4302063,4279607,4279202,4278068,4280007,4279551,4270323,4274892,4293039,8513318,8513318,10
2025-10-02 14:56:31,55959,pairwise,PairwiseVerletLists,1.000000,vlp_c18,none,SoA,disabled,386311465,12457199,12453858,12436380,12446198,12461367,12418299,12437121,12428350,12441112,49829134,49829134,10
2025-10-02 14:56:32,55969,pairwise,PairwiseVerletLists,1.000000,vlp_c18,none,SoA,enabled,284940819,10129571,10141933,10118466,10138160,10118800,10114471,10112776,10104864,10128040,37604790,37604790,10
2025-10-02 14:56:32,55979,pairwise,PairwiseVerletLists,1.000000,vlp_sliced,none,AoS,disabled,50907554,13193193,13132082,13163191,13150147,13225072,13121539,13185840,12864726,13088855,16903219,16903219,10
2025-10-02 14:56:32,55989,pairwise,PairwiseVerletLists,1.000000,vlp_sliced,none,AoS,enabled,54462279,6582973,6561109,6599319,6502072,6528604,6565095,6529613,6536915,6493062,11336103,11336103,10
2025-10-02 14:56:33,55999,pairwise,PairwiseVerletLists,1.000000,vlp_sliced,none,SoA,disabled,383319667,20345595,20329173,20426861,20422260,20536318,20349817,20458657,20203220,20320074,56671164,56671164,10
2025-10-02 14:56:33,56009,pairwise,PairwiseVerletLists,1.000000,vlp_sliced,none,SoA,enabled,294735994,14510230,14458747,14333887,14358673,14256112,14349169,14373876,14367754,14360625,42410506,42410506,10
2025-10-02 14:56:33,56019,pairwise,PairwiseVerletLists,1.000000,vlp_sliced_balanced,none,AoS,disabled,51360364,13301618,13321731,13285403,13293338,13254888,13217892,13236150,13243039,13214389,17072880,17072880,10
2025-10-02 14:56:33,56029,pairwise,PairwiseVerletLists,1.000000,vlp_sliced_balanced,none,AoS,enabled,54668302,6585263,6558836,6507981,6499480,6503090,6478323,6490898,6505688,6460627,11325848,11325848,10
2025-10-02 14:56:34,56039,pairwise,PairwiseVerletLists,1.000000,vlp_sliced_balanced,none,SoA,disabled,383182309,20428280,20309352,20317268,20365669,20367997,20335446,20347458,20311305,20330892,56629597,56629597,10
2025-10-02 14:56:34,56049,pairwise,PairwiseVerletLists,1.000000,vlp_sliced_balanced,none,SoA,enabled,295129100,14487906,14390944,14405408,14340293,14334699,14333604,14372334,14371006,14334307,42449960,42449960,10
2025-10-02 14:56:35,56059,pairwise,PairwiseVerletLists,1.000000,vlp_sliced_c02,none,AoS,disabled,56005252,17896919,17823487,17827214,17931343,16989486,17608764,17844439,17850815,17848263,21562597,21562597,10
2025-10-02 14:56:35,56069,pairwise,PairwiseVerletLists,1.000000,vlp_sliced_c02,none,AoS,enabled,56497120,8636198,8553244,8578188,8482886,8544612,8488484,8558425,8561841,8525380,13342637,13342637,10
2025-10-02 14:56:35,56079,pairwise,PairwiseVerletLists,1.000000,vlp_sliced_c02,none,SoA,disabled,385458265,25322987,25208042,25216790,25305233,24492954,25438866,25327325,24664947,25139378,61157478,61157478,10
2025-10-02 14:56:36,56089,pairwise,PairwiseVerletLists,1.000000,vlp_sliced_c02,none,SoA,enabled,296838638,17621999,17507675,17496287,17598205,17443161,17701977,17045572,17419847,17588750,45426211,45426211,10
2025-10-02 14:56:36,56099,pairwise,PairwiseVerletLists,1.000000,vlp_c08,none,AoS,disabled,47606629,9256098,9244424,9234004,9232053,9232378,9235988,9218388,9232039,9226924,13071892,13071892,10
2025-10-02 14:56:36,56109,pairwise,PairwiseVerletLists,1.000000,vlp_c08,none,AoS,enabled,53456314,5405079,5376118,5367140,5377111,5369121,5379851,5375977,5376955,5386064,10186972,10186972,10
2025-10-02 14:56:37,56119,pairwise,PairwiseVerletLists,1.000000,vlp_c08,none,SoA,disabled,378732788,15292478,15247660,15247443,15258577,15249120,15236658,15239504,15227745,15239929,51597189,51597189,10
2025-10-02 14:56:37,56129,pairwise,PairwiseVerletLists,1.000000,vlp_c08,none,SoA,enabled,292470064,11317133,11292608,11276002,11309276,11294225,11284957,11276934,11289945,11281769,39409290,39409290,10
2025-10-02 14:58:24,60009,pairwise,LinkedCells,1.000000,lc_c01,none,AoS,disabled,20967006,20840813,20822203,20828544,20807350,20825134,20806626,20803393,20803180,20804096,20830834,20830834,10
2025-10-02 14:58:24,60019,pairwise,LinkedCells,1.000000,lc_c01,none,SoA,disabled,12143754,12036131,12068183,12056091,12084670,12074397,12072186,12046402,12053309,12070806,12070592,12070592,10
2025-10-02 14:58:24,60029,pairwise,LinkedCells,1.000000,lc_c01_combined_SoA,none,SoA,disabled,10208367,10122293,10131445,10132239,10145444,10121308,10093928,10113875,10113450,10140644,10132299,10132299,10
2025-10-02 14:58:24,60039,pairwise,LinkedCells,1.000000,lc_c04,none,AoS,disabled,15711062,15585506,15683210,15506352,15602729,15540847,15686635,15694477,15456096,15680539,15614744,15614744,10
2025-10-02 14:58:24,60049,pairwise,LinkedCells,1.000000,lc_c04,none,AoS,enabled,11273487,11226855,11135897,11279386,11118908,11232972,11273258,11249469,11201808,11212781,11220481,11220481,10
2025-10-02 14:58:24,60059,pairwise,LinkedCells,1.000000,lc_c04,none,SoA,disabled,11665732,11517964,11496173,11631071,11510289,11588643,11582761,11616741,11573314,11542313,11572500,11572500,10
2025-10-02 14:58:25,60069,pairwise,LinkedCells,1.000000,lc_c04,none,SoA,enabled,7704924,7645753,7663933,7641664,7620054,7666869,7678158,7635261,7682567,7626332,7656550,7656550,10
2025-10-02 14:58:25,60079,pairwise,LinkedCells,1.000000,lc_c04_HCP,none,AoS,disabled,14194804,14178960,14171055,14178590,14182137,14190464,14183652,14192448,14193536,14183715,14184935,14184935,10
2025-10-02 14:58:25,60089,pairwise,LinkedCells,1.000000,lc_c04_HCP,none,AoS,enabled,10327796,10340502,10337658,10330354,10333039,10337534,10346462,10342481,10329891,10332699,10335841,10335841,10
2025-10-02 14:58:25,60099,pairwise,LinkedCells,1.000000,lc_c04_HCP,none,SoA,disabled,11436756,11376174,11329098,11361780,11308915,11315992,11312278,11322681,11321187,11334968,11341982,11341982,10
2025-10-02 14:58:25,60109,pairwise,LinkedCells,1.000000,lc_c04_HCP,none,SoA,enabled,8029381,7979019,7963034,7968106,7977360,7975710,7950275,7941295,7945456,7958561,7968819,7968819,10
2025-10-02 14:58:25,60119,pairwise,LinkedCells,1.000000,lc_c04_combined_SoA,none,SoA,disabled,13232916,13302108,13218417,13177658,13302348,13139783,13275959,13182601,13291021,13165201,13228801,13228801,10
2025-10-02 14:58:25,60129,pairwise,LinkedCells,1.000000,lc_c04_combined_SoA,none,SoA,enabled,10271160,10190510,10128919,10144167,10123386,10160889,10132956,10159456,10170963,10194042,10167644,10167644,10
2025-10-02 14:58:25,60139,pairwise,LinkedCells,1.000000,lc_c08,none,AoS,disabled,14966845,14904591,14883492,14895108,14897577,14895523,14899838,14899130,14895514,14898879,14903649,14903649,10
2025-10-02 14:58:26,60149,pairwise,LinkedCells,1.000000,lc_c08,none,AoS,enabled,11171092,11139201,11152852,11147896,11148406,11154369,11151891,11159168,11157451,11152981,11153530,11153530,10
2025-10-02 14:58:26,60159,pairwise,LinkedCells,1.000000,lc_c08,none,SoA,disabled,13757210,13639108,13590792,13577865,13568753,13594295,13574530,13556632,13561020,13555647,13597585,13597585,10
2025-10-02 14:58:26,60169,pairwise,LinkedCells,1.000000,lc_c08,none,SoA,enabled,10467168,10370069,10361708,10323125,10329301,10325809,10351136,10322116,10329021,10345773,10352522,10352522,10
2025-10-02 14:58:26,60179,pairwise,LinkedCells,1.000000,lc_c18,none,AoS,disabled,15105971,15065239,15049010,15062191,15062256,15060967,15046948,15051179,15052740,15077713,15063420,15063420,10
2025-10-02 14:58:26,60189,pairwise,LinkedCells,1.000000,lc_c18,none,AoS,enabled,11062512,11046408,11053566,11044837,11042850,11048394,11060592,11037812,11053647,11052497,11050310,11050310,10
2025-10-02 14:58:26,60199,pairwise,LinkedCells,1.000000,lc_c18,none,SoA,disabled,12627742,12514414,12481716,12483240,12489763,12504829,12524117,12510907,12503965,12506224,12514691,12514691,10
2025-10-02 14:58:26,60209,pairwise,LinkedCells,1.000000,lc_c18,none,SoA,enabled,8847266,8752399,8744994,8749157,8718764,8719756,8726105,8744301,8724863,8745801,8747339,8747339,10
2025-10-02 14:58:26,60219,pairwise,LinkedCells,1.000000,lc_sliced,none,AoS,disabled,15721028,15653280,15659939,15647113,15689651,15629003,15591353,15598645,15577192,15547215,15631441,15631441,10
2025-10-02 14:58:27,60229,pairwise,LinkedCells,1.000000,lc_sliced,none,AoS,enabled,11176484,11223953,11223801,11168738,11181000,11217733,11206917,11154086,11166871,11208948,11192852,11192852,10
2025-10-02 14:58:27,60239,pairwise,LinkedCells,1.000000,lc_sliced,none,SoA,disabled,11673246,11652847,11617496,11620155,11609470,11623977,11615581,11615522,11588426,11591428,11620814,11620814,10
2025-10-02 14:58:27,60249,pairwise,LinkedCells,1.000000,lc_sliced,none,SoA,enabled,7440225,7411663,7417239,7399669,7390059,7394520,7398580,7381642,7392326,7378328,7400424,7400424,10
2025-10-02 14:58:27,60259,pairwise,LinkedCells,1.000000,lc_sliced_balanced,none,AoS,disabled,15649387,15622317,15615389,15606972,15617946,15618139,15608138,15627931,15632924,15623300,15622243,15622243,10
2025-10-02 14:58:27,60269,pairwise,LinkedCells,1.000000,lc_sliced_balanced,none,AoS,enabled,11159230,11187929,11193327,11174600,11189526,11185748,11188461,11188710,11166149,11194908,11182858,11182858,10
2025-10-02 14:58:27,60279,pairwise,LinkedCells,1.000000,lc_sliced_balanced,none,SoA,disabled,11675507,11638512,11607467,11616170,11562037,11566106,11547007,11576889,11602911,11571722,11596432,11596432,10
2025-10-02 14:58:27,60289,pairwise,LinkedCells,1.000000,lc_sliced_balanced,none,SoA,enabled,7446718,7430667,7398278,7405101,7428670,7391071,7385029,7384111,7396452,7404291,7407038,7407038,10
2025-10-02 14:58:28,60299,pairwise,LinkedCells,1.000000,lc_sliced_balanced,squared-particles-per-cell,AoS,disabled,15878639,15619333,15602377,15593467,15598498,15615447,15584952,15595261,15582820,15602835,15627362,15627362,10
2025-10-02 14:58:28,60309,pairwise,LinkedCells,1.000000,lc_sliced_balanced,squared-particles-per-cell,AoS,enabled,11266304,11183493,11152170,11145630,11138239,11140000,11120272,11122536,11123593,11143262,11153549,11153549,10
2025-10-02 14:58:28,60319,pairwise,LinkedCells,1.000000,lc_sliced_balanced,squared-particles-per-cell,SoA,disabled,13168515,11515384,11460322,11486211,11442626,11489549,11507200,11461711,11493205,11470728,11649544,11649544,10
2025-10-02 14:58:28,60329,pairwise,LinkedCells,1.000000,lc_sliced_balanced,squared-particles-per-cell,SoA,enabled,7555194,7317157,7247340,7265836,7249805,7269639,7234773,7282729,7212442,7266050,7290096,7290096,10
2025-10-02 14:58:28,60339,pairwise,LinkedCells,1.000000,lc_sliced_c02,none,AoS,disabled,15704450,15556263,15505223,15504240,15510678,15519789,15472966,15498398,15464475,15511006,15524748,15524748,10
2025-10-02 14:58:28,60349,pairwise,LinkedCells,1.000000,lc_sliced_c02,none,AoS,enabled,11096442,11049293,11036247,11070912,11042600,11091698,11058428,11064622,11051515,11071159,11063291,11063291,10
2025-10-02 14:58:28,60359,pairwise,LinkedCells,1.000000,lc_sliced_c02,none,SoA,disabled,12837045,11509409,11434634,11385873,11343374,11516268,11442889,11384536,11408178,11416464,11567866,11567866,10
2025-10-02 14:58:28,60369,pairwise,LinkedCells,1.000000,lc_sliced_c02,none,SoA,enabled,7418561,7394752,7281925,7363772,7385758,7356154,7399427,7363291,7171428,7165922,7330098,7330098,10
2025-10-02 14:58:29,60379,pairwise,VerletClusterLists,1.000000,vcl_c01_balanced,none,AoS,disabled,136013381,32295160,32373404,32332945,32350734,32340002,32314016,32299665,32309636,32332913,42696185,42696185,10
2025-10-02 14:58:29,60389,pairwise,VerletClusterLists,1.000000,vcl_c01_balanced,none,SoA,disabled,95132458,11280295,11277762,11290294,11267987,11252526,11260781,11267380,11258967,11247997,19653643,19653643,10
2025-10-02 14:58:30,60399,pairwise,VerletClusterLists,1.000000,vcl_c06,none,AoS,disabled,124006786,40473344,41202199,40335910,40673004,40604775,40556089,40820518,40791541,40019907,48948406,48948406,10
2025-10-02 14:58:30,60409,pairwise,VerletClusterLists,1.000000,vcl_c06,none,AoS,enabled,66448878,20436564,20832549,20492259,20687779,20447057,21014577,20492830,20638848,20456635,25194796,25194796,10
2025-10-02 14:58:30,60419,pairwise,VerletClusterLists,1.000000,vcl_c06,none,SoA,disabled,97516657,13972947,14078995,14360253,14040272,14495878,14105735,14143284,14335386,14233343,22528274,22528274,10
2025-10-02 14:58:30,60429,pairwise,VerletClusterLists,1.000000,vcl_c06,none,SoA,enabled,54336091,7731788,7744250,7776951,7820156,7770788,7895906,7787753,7780034,7765123,12440884,12440884,10
2025-10-02 14:58:31,60439,pairwise,VerletClusterLists,1.000000,vcl_sliced,none,AoS,disabled,165114951,81677435,93093897,94062407,81672322,81643860,92805023,93055817,81621661,73637334,93838470,93838470,10
2025-10-02 14:58:32,60449,pairwise,VerletClusterLists,1.000000,vcl_sliced,none,AoS,enabled,93095312,46893240,44124095,46948510,44161995,47059863,46862358,43416929,43373205,47044509,50298000,50298000,10
2025-10-02 14:58:32,60459,pairwise,VerletClusterLists,1.000000,vcl_sliced,none,SoA,disabled,108371170,25769527,21776632,25691276,25710017,24840343,23574950,25727348,24852709,24825703,33113967,33113967,10
2025-10-02 14:58:32,60469,pairwise,VerletClusterLists,1.000000,vcl_sliced,none,SoA,enabled,60320444,13556756,14039666,14134777,14017727,13551084,12856673,12847119,13516674,14028985,18286989,18286989,10
2025-10-02 14:58:33,60479,pairwise,VerletClusterLists,1.000000,vcl_sliced_balanced,none,AoS,disabled,174125257,90874381,90763945,90953037,90915826,90804491,90762453,90749391,90633077,90710495,99129235,99129235,10
2025-10-02 14:58:34,60489,pairwise,VerletClusterLists,1.000000,vcl_sliced_balanced,none,AoS,enabled,92230630,46416089,46422379,46311755,46349264,46420956,46384769,46378518,46399317,46364999,50967867,50967867,10
2025-10-02 14:58:34,60499,pairwise,VerletClusterLists,1.000000,vcl_sliced_balanced,none,SoA,disabled,108646324,25335210,25313793,25343656,25313614,25319152,25320816,25349938,25336715,25289675,33656888,33656888,10
2025-10-02 14:58:34,60509,pairwise,VerletClusterLists,1.000000,vcl_sliced_balanced,none,SoA,enabled,60232535,13762460,13752874,13739059,13760757,13728514,13739102,13742239,13746215,13743031,18394677,18394677,10
2025-10-02 14:58:35,60519,pairwise,VerletClusterLists,1.000000,vcl_sliced_balanced,neighbor-list-length,AoS,disabled,189808007,90825465,90890513,90907167,90765685,90847537,90815450,90798766,90761591,90826331,100724650,100724650,10
2025-10-02 14:58:36,60529,pairwise,VerletClusterLists,1.000000,vcl_sliced_balanced,neighbor-list-length,AoS,enabled,92445640,46404492,46424022,46379831,46348437,46348489,46289733,46421893,46351236,46399466,50981323,50981323,10
2025-10-02 14:58:36,60539,pairwise,VerletClusterLists,1.000000,vcl_sliced_balanced,neighbor-list-length,SoA,disabled,108967071,25303496,25294123,25270379,25294797,25272468,25277815,25289726,25295291,25308546,33657370,33657370,10
2025-10-02 14:58:37,60549,pairwise,VerletClusterLists,1.000000,vcl_sliced_balanced,neighbor-list-length,SoA,enabled,60052303,13732563,13735762,13724793,13751798,13731514,13725859,13722612,13718520,13738451,18363417,18363417,10
2025-10-02 14:58:38,60559,pairwise,VerletClusterLists,1.000000,vcl_sliced_c02,none,AoS,disabled,210488258,99547561,99191333,107147482,107056365,99545348,107126884,107067705,99156769,111134703,114746240,114746240,10
2025-10-02 14:58:38,60569,pairwise,VerletClusterLists,1.000000,vcl_sliced_c02,none,AoS,enabled,99670691,51133518,51150300,47138531,51058239,50860629,56905099,51143476,51089348,54381624,56453145,56453145,10
2025-10-02 14:58:39,60579,pairwise,VerletClusterLists,1.000000,vcl_sliced_c02,none,SoA,disabled,115856853,31308707,32042384,32649026,30615559,32035931,31907273,30677683,32083533,32725279,40190222,40190222,10
2025-10-02 14:58:39,60589,pairwise,VerletClusterLists,1.000000,vcl_sliced_c02,none,SoA,enabled,63671858,17108759,16688993,17258324,17808246,17487166,16671588,17785862,17100192,17395129,21897611,21897611,10
2025-10-02 14:58:39,60599,pairwise,VerletLists,1.000000,vl_list_iteration,none,AoS,disabled,59274850,11407221,11398131,11376738,11386240,11369661,11386518,11384880,11383959,11384149,16175234,16175234,10
2025-10-02 14:58:39,60609,pairwise,VerletLists,1.000000,vl_list_iteration,none,SoA,disabled,209158523,11705737,11465550,11491384,11476571,11454549,11465550,11457357,11462459,11464566,31260224,31260224,10
2025-10-02 14:58:40,60619,pairwise,VerletListsCells,1.000000,vlc_c01,none,AoS,disabled,67353458,9165943,9160423,9160031,9159512,9151545,9160583,9152118,9154924,9169621,14978815,14978815,10
2025-10-02 14:58:40,60629,pairwise,VerletListsCells,1.000000,vlc_c01,none,SoA,disabled,221841402,12376612,12318217,12311572,12314958,12315920,12313102,12327104,12332527,12315783,33276719,33276719,10
2025-10-02 14:58:40,60639,pairwise,VerletListsCells,1.000000,vlc_c18,none,AoS,disabled,54263901,8778978,8757291,8757562,8756044,8777936,8742242,8755933,8763168,8771352,13312440,13312440,10
2025-10-02 14:58:40,60649,pairwise,VerletListsCells,1.000000,vlc_c18,none,AoS,enabled,37216696,5350934,5325782,5322487,5323195,5312020,5312586,5301715,5328552,5320459,8511442,8511442,10
2025-10-02 14:58:41,60659,pairwise,VerletListsCells,1.000000,vlc_c18,none,SoA,disabled,338411093,15519168,15503775,15498593,15505678,15518293,15494397,15524713,15508272,15507415,47799139,47799139,10
2025-10-02 14:58:41,60669,pairwise,VerletListsCells,1.000000,vlc_c18,none,SoA,enabled,209927407,12352570,12362831,12383503,12381629,11606652,11572667,11571505,11597678,11592488,31734892,31734892,10
2025-10-02 14:58:41,60679,pairwise,VerletListsCells,1.000000,vlc_c08,none,AoS,disabled,48472555,9113055,9102389,9080037,9090548,9086718,9085242,9077619,9079502,9088533,13027619,13027619,10
2025-10-02 14:58:41,60689,pairwise,VerletListsCells,1.000000,vlc_c08,none,AoS,enabled,42796816,5990262,5979058,5982482,5968133,5973774,5971025,5975379,5969530,5968168,9657462,9657462,10
2025-10-02 14:58:42,60699,pairwise,VerletListsCells,1.000000,vlc_c08,none,SoA,disabled,311172713,14970536,14975594,14969452,14976134,14967631,14935769,14972060,14950918,14962163,44585297,44585297,10
2025-10-02 14:58:42,60709,pairwise,VerletListsCells,1.000000,vlc_c08,none,SoA,enabled,228842101,13145549,13132886,13118139,13145686,13120267,13147184,13106557,13119106,13105639,34698311,34698311,10
2025-10-02 14:58:42,60719,pairwise,VerletListsCells,1.000000,vlc_sliced,none,AoS,disabled,59666476,13494574,13442379,13486814,13429461,13523610,13463056,13427032,13431561,13402242,18076720,18076720,10
2025-10-02 14:58:42,60729,pairwise,VerletListsCells,1.000000,vlc_sliced,none,AoS,enabled,39553565,6158562,6224899,6217186,6210326,6185883,6220325,6194141,6162881,6182788,9531055,9531055,10
2025-10-02 14:58:43,60739,pairwise,VerletListsCells,1.000000,vlc_sliced,none,SoA,disabled,357673480,18375131,18132013,18126981,18124518,18156569,18143151,18097899,18135472,18222297,52118750,52118750,10
2025-10-02 14:58:43,60749,pairwise,VerletListsCells,1.000000,vlc_sliced,none,SoA,enabled,209730542,12610805,12563681,12544466,12480358,11898791,11688231,11721877,11722938,11695572,31865725,31865725,10
2025-10-02 14:58:44,60759,pairwise,VerletListsCells,1.000000,vlc_sliced_balanced,none,AoS,disabled,57029149,12616997,12606855,12610208,12566620,12613714,12576680,12566892,12587396,12597652,17037216,17037216,10
2025-10-02 14:58:44,60769,pairwise,VerletListsCells,1.000000,vlc_sliced_balanced,none,AoS,enabled,38371335,6291990,6263132,6262707,6238724,6253370,6254304,6211212,6213827,6217036,9457763,9457763,10
2025-10-02 14:58:44,60779,pairwise,VerletListsCells,1.000000,vlc_sliced_balanced,none,SoA,disabled,348831197,19447066,19426242,19432908,19402052,19393833,19390142,19407713,19415227,19402198,52354857,52354857,10
2025-10-02 14:58:45,60789,pairwise,VerletListsCells,1.000000,vlc_sliced_balanced,none,SoA,enabled,204300094,12683257,12591161,12593563,12593524,11830915,11766529,11731651,11793504,11799488,31368368,31368368,10
2025-10-02 14:58:45,60799,pairwise,VerletListsCells,1.000000,vlc_sliced_balanced,squared-particles-per-cell,AoS,disabled,58188577,12637906,12634609,12606114,12616878,12616876,12602644,12616868,12646264,12612376,17177910,17177910,10
2025-10-02 14:58:45,60809,pairwise,VerletListsCells,1.000000,vlc_sliced_balanced,squared-particles-per-cell,AoS,enabled,38664953,6589189,6548137,6555449,6578218,6560798,6580381,6561212,6550652,6561233,9775021,9775021,10
2025-10-02 14:58:45,60819,pairwise,VerletListsCells,1.000000,vlc_sliced_balanced,squared-particles-per-cell,SoA,disabled,341828803,18497760,18396812,18401274,18414085,18399269,18421034,18400973,18401240,18409392,50757063,50757063,10
2025-10-02 14:58:46,60829,pairwise,VerletListsCells,1.000000,vlc_sliced_balanced,squared-particles-per-cell,SoA,enabled,226226461,12665821,12653724,12646795,12648649,12279240,11782918,11799754,11812607,11760563,33627652,33627652,10
2025-10-02 14:58:46,60839,pairwise,VerletListsCells,1.000000,vlc_sliced_balanced,neighbor-list-length,AoS,disabled,58830940,12766660,12772759,12758233,12764602,12759621,12764137,12765435,12770725,12775529,17372863,17372863,10
2025-10-02 14:58:46,60849,pairwise,VerletListsCells,1.000000,vlc_sliced_balanced,neighbor-list-length,AoS,enabled,38692820,6512340,6480544,6448902,6466429,6462506,6454339,6456894,6461725,6459238,9689573,9689573,10
2025-10-02 14:58:47,60859,pairwise,VerletListsCells,1.000000,vlc_sliced_balanced,neighbor-list-length,SoA,disabled,342176520,19354484,19266907,19245129,19230001,19242912,19215199,19214657,19178419,19240690,51536491,51536491,10
2025-10-02 14:58:47,60869,pairwise,VerletListsCells,1.000000,vlc_sliced_balanced,neighbor-list-length,SoA,enabled,230716431,12992672,12958894,12974892,12946612,12837496,12026896,12029651,12014349,12069170,34356706,34356706,10
2025-10-02 14:58:47,60879,pairwise,VerletListsCells,1.000000,vlc_sliced_c02,none,AoS,disabled,62231331,16385611,16326815,16320952,16273523,16339659,16344436,16356120,16349752,16228922,20915711,20915711,10
2025-10-02 14:58:47,60889,pairwise,VerletListsCells,1.000000,vlc_sliced_c02,none,AoS,enabled,40725476,8497071,8531092,8462402,8461946,8466912,8479920,8495239,8450943,8422638,11699363,11699363,10
2025-10-02 14:58:48,60899,pairwise,VerletListsCells,1.000000,vlc_sliced_c02,none,SoA,disabled,346537970,22389743,22238489,22441844,22381432,22400228,22433471,22415263,22290964,22430385,54795978,54795978,10
2025-10-02 14:58:48,60909,pairwise,VerletListsCells,1.000000,vlc_sliced_c02,none,SoA,enabled,231712639,14632052,14402019,14578556,14565781,14487381,13965642,13706565,13690053,13615960,35935664,35935664,10
2025-10-02 14:58:49,60919,pairwise,PairwiseVerletLists,1.000000,vlp_c01,none,AoS,disabled,78626112,11113879,11134308,11141066,11116265,11129625,11119264,11109164,11103576,11108344,17870160,17870160,10
2025-10-02 14:58:49,60929,pairwise,PairwiseVerletLists,1.000000,vlp_c01,none,SoA,disabled,615031012,22252227,22228748,22226355,22255722,22225943,22258265,22217857,22254053,22280131,81523030,81523030,10
2025-10-02 14:58:50,60939,pairwise,PairwiseVerletLists,1.000000,vlp_c18,none,AoS,disabled,73454113,11541034,11529505,11526836,11530127,11533827,11516281,11513549,11522453,11509854,17717757,17717757,10
2025-10-02 14:58:50,60949,pairwise,PairwiseVerletLists,1.000000,vlp_c18,none,AoS,enabled,92498791,7153307,7146623,7136364,7140946,7137666,7129508,7136305,7147468,7140707,15676768,15676768,10
2025-10-02 14:58:51,60959,pairwise,PairwiseVerletLists,1.000000,vlp_c18,none,SoA,disabled,765067892,21155652,21134446,21143094,21143098,21149868,21146961,21145970,21140855,21141177,95536901,95536901,10
2025-10-02 14:58:51,60969,pairwise,PairwiseVerletLists,1.000000,vlp_c18,none,SoA,enabled,535699404,15952085,15974243,15956521,15966839,15970626,15932010,15970311,15935162,15961412,67931860,67931860,10
2025-10-02 14:58:52,60979,pairwise,PairwiseVerletLists,1.000000,vlp_sliced,none,AoS,disabled,81867689,18251495,18275152,18240831,18267826,18276512,17606828,18301019,18310926,18263556,24566183,24566183,10
2025-10-02 14:58:52,60989,pairwise,PairwiseVerletLists,1.000000,vlp_sliced,none,AoS,enabled,93539036,8910470,8348030,8857532,8831792,8927251,8870453,8825757,8836843,8808170,17275532,17275532,10
2025-10-02 14:58:53,60999,pairwise,PairwiseVerletLists,1.000000,vlp_sliced,none,SoA,disabled,741328996,27214926,27313767,27030933,26863927,27262224,27070155,27003325,27192138,27122761,98540314,98540314,10
2025-10-02 14:58:54,61009,pairwise,PairwiseVerletLists,1.000000,vlp_sliced,none,SoA,enabled,540314882,19147105,19231713,19171663,19159642,19044267,19075146,19081781,19126136,19081114,71243344,71243344,10
2025-10-02 14:58:54,61019,pairwise,PairwiseVerletLists,1.000000,vlp_sliced_balanced,none,AoS,disabled,82199458,18646072,18601609,18557232,18584301,18589176,18591531,18609223,18617883,18621742,24961822,24961822,10
2025-10-02 14:58:54,61029,pairwise,PairwiseVerletLists,1.000000,vlp_sliced_balanced,none,AoS,enabled,94265605,8950734,8878339,8905266,8890752,8872667,8886715,8881562,8869137,8855649,17425642,17425642,10
2025-10-02 14:58:55,61039,pairwise,PairwiseVerletLists,1.000000,vlp_sliced_balanced,none,SoA,disabled,752069834,27509823,27478256,27504466,27422801,27490166,27461552,27476345,27447062,27470322,99933062,99933062,10
2025-10-02 14:58:56,61049,pairwise,PairwiseVerletLists,1.000000,vlp_sliced_balanced,none,SoA,enabled,536826941,19291482,19177579,19215783,19198196,19212802,19210366,19226590,19215201,19175335,70975026,70975026,10
2025-10-02 14:58:56,61059,pairwise,PairwiseVerletLists,1.000000,vlp_sliced_c02,none,AoS,disabled,87720831,23921796,24040567,24005107,24108065,24025634,23826805,24051080,24026806,23787915,30351460,30351460,10
2025-10-02 14:58:56,61069,pairwise,PairwiseVerletLists,1.000000,vlp_sliced_c02,none,AoS,enabled,96845525,11292771,11341732,11251644,11273107,11254098,11265662,11218577,11253877,11152510,19814949,19814949,10
2025-10-02 14:58:57,61079,pairwise,PairwiseVerletLists,1.000000,vlp_sliced_c02,none,SoA,disabled,753795893,33621029,33524381,33418910,33670574,33455024,33640180,33448770,33638877,33517547,105573117,105573117,10
2025-10-02 14:58:58,61089,pairwise,PairwiseVerletLists,1.000000,vlp_sliced_c02,none,SoA,enabled,545968704,23244649,23322028,23218641,23331515,23262874,23358160,23355398,23219230,23125305,75540649,75540649,10
2025-10-02 14:58:58,61099,pairwise,PairwiseVerletLists,1.000000,vlp_c08,none,AoS,disabled,79381282,15761773,15710309,15693602,15674575,15683036,15680360,15672176,15654715,15678406,22059022,22059022,10
2025-10-02 14:58:59,61109,pairwise,PairwiseVerletLists,1.000000,vlp_c08,none,AoS,enabled,94464509,8832345,8781933,8775126,8759319,8762640,8765447,8762156,8766141,8768421,17343803,17343803,10
2025-10-02 14:59:00,61119,pairwise,PairwiseVerletLists,1.000000,vlp_c08,none,SoA,disabled,742172324,24556081,24489996,24491858,24483101,24481994,24511382,24493095,24478129,24499162,96265711,96265711,10
2025-10-02 14:59:00,61129,pairwise,PairwiseVerletLists,1.000000,vlp_c08,none,SoA,enabled,532310004,17743991,17748278,17764549,17776480,17758115,17759775,17765381,17765310,17746956,69213883,69213883,10
2025-10-02 15:00:21,65009,pairwise,LinkedCells,1.000000,lc_c01,none,AoS,disabled,21111264,20885576,20878010,20885674,20864562,20868793,20868478,20866091,20863184,20867957,20895958,20895958,10
2025-10-02 15:00:21,65019,pairwise,LinkedCells,1.000000,lc_c01,none,SoA,disabled,13581973,12095624,12100240,12106168,12104329,12104924,12101961,12112304,12117445,12123075,12254804,12254804,10
2025-10-02 15:00:21,65029,pairwise,LinkedCells,1.000000,lc_c01_combined_SoA,none,SoA,disabled,10237177,10085787,10093880,10212253,10089941,10082170,10116790,10075192,10081858,10116903,10119195,10119195,10
2025-10-02 15:00:21,65039,pairwise,LinkedCells,1.000000,lc_c04,none,AoS,disabled,15303097,15296175,15150654,15229385,15108938,15323138,15342470,15163680,15175391,15182223,15227515,15227515,10
2025-10-02 15:00:22,65049,pairwise,LinkedCells,1.000000,lc_c04,none,AoS,enabled,10986596,10884774,10880732,10920182,11001119,10944101,10914720,10934528,10908129,10953663,10932854,10932854,10
2025-10-02 15:00:22,65059,pairwise,LinkedCells,1.000000,lc_c04,none,SoA,disabled,11466658,11352036,11375685,11341545,11348914,11395408,11397280,11397125,11336924,11361261,11377283,11377283,10
2025-10-02 15:00:22,65069,pairwise,LinkedCells,1.000000,lc_c04,none,SoA,enabled,7532720,7466158,7507561,7530312,7523078,7539610,7537108,7520164,7517336,7541137,7521517,7521517,10
2025-10-02 15:00:22,65079,pairwise,LinkedCells,1.000000,lc_c04_HCP,none,AoS,disabled,14134025,14081528,14119130,14099250,14092148,14100616,14092146,14109571,14100815,14102665,14103189,14103189,10
2025-10-02 15:00:22,65089,pairwise,LinkedCells,1.000000,lc_c04_HCP,none,AoS,enabled,10252631,10249067,10261677,10250417,10239112,10272157,10252251,10242474,10239911,10253751,10251344,10251344,10
2025-10-02 15:00:22,65099,pairwise,LinkedCells,1.000000,lc_c04_HCP,none,SoA,disabled,11260853,11268481,11213977,11209514,11200486,11213491,11221233,11180974,11206122,11187072,11216220,11216220,10
2025-10-02 15:00:22,65109,pairwise,LinkedCells,1.000000,lc_c04_HCP,none,SoA,enabled,7858678,7822543,7824336,7817091,7806877,7787697,7801596,7806966,7801306,7786470,7811356,7811356,10
2025-10-02 15:00:22,65119,pairwise,LinkedCells,1.000000,lc_c04_combined_SoA,none,SoA,disabled,12588215,12508703,12548075,12603132,12647977,12690818,12541151,12580554,12570813,12690517,12596995,12596995,10
2025-10-02 15:00:22,65129,pairwise,LinkedCells,1.000000,lc_c04_combined_SoA,none,SoA,enabled,9557924,9450214,9497065,9505625,9473463,9479192,9499669,9567848,9502214,9502518,9503573,9503573,10
2025-10-02 15:00:23,65139,pairwise,LinkedCells,1.000000,lc_c08,none,AoS,disabled,14851417,14785362,14790647,14790099,14776683,14784230,14776456,14779771,14781203,14784382,14790024,14790024,10
2025-10-02 15:00:23,65149,pairwise,LinkedCells,1.000000,lc_c08,none,AoS,enabled,11065434,11068485,11068799,11068016,11066038,11036908,11047842,11052056,11057295,11052322,11058319,11058319,10
2025-10-02 15:00:23,65159,pairwise,LinkedCells,1.000000,lc_c08,none,SoA,disabled,13443499,13347116,13314156,13263384,13252191,13237293,13239860,13267981,13277388,13248319,13289118,13289118,10
2025-10-02 15:00:23,65169,pairwise,LinkedCells,1.000000,lc_c08,none,SoA,enabled,10166244,10050799,10027201,10029989,10010347,10026773,10022512,10007216,10021936,10019537,10038255,10038255,10
2025-10-02 15:00:23,65179,pairwise,LinkedCells,1.000000,lc_c18,none,AoS,disabled,14785877,14744502,14746652,14737621,14748257,14756171,14754078,14750078,14748275,14739746,14751125,14751125,10
2025-10-02 15:00:23,65189,pairwise,LinkedCells,1.000000,lc_c18,none,AoS,enabled,10920613,10902319,10914290,10911397,10904291,10910202,10928803,10918587,10906264,10919420,10913618,10913618,10
2025-10-02 15:00:23,65199,pairwise,LinkedCells,1.000000,lc_c18,none,SoA,disabled,12754525,12638231,12652318,12639508,12641945,12644208,12655162,12642626,12642823,12660433,12657177,12657177,10
2025-10-02 15:00:23,65209,pairwise,LinkedCells,1.000000,lc_c18,none,SoA,enabled,9159982,9106478,9098321,9111699,9091266,9105074,9094940,9079894,9092951,9077170,9101777,9101777,10
2025-10-02 15:00:24,65219,pairwise,LinkedCells,1.000000,lc_sliced,none,AoS,disabled,15649064,15620927,15575882,15602836,15631035,15586984,15439806,15551758,15572746,15597227,15582825,15582825,10
2025-10-02 15:00:24,65229,pairwise,LinkedCells,1.000000,lc_sliced,none,AoS,enabled,11157752,11118082,11143676,11146181,11134780,11152838,11146715,11112090,11105377,11037896,11125538,11125538,10
2025-10-02 15:00:24,65239,pairwise,LinkedCells,1.000000,lc_sliced,none,SoA,disabled,11555494,11518003,11509851,11440384,11502482,11492974,11427599,11488194,11464086,11454614,11485367,11485367,10
2025-10-02 15:00:24,65249,pairwise,LinkedCells,1.000000,lc_sliced,none,SoA,enabled,7316634,7296168,7285895,7275922,7287129,7199449,7205565,7240865,7258628,7278538,7264479,7264479,10
2025-10-02 15:00:24,65259,pairwise,LinkedCells,1.000000,lc_sliced_balanced,none,AoS,disabled,15654675,15609793,15587156,15596162,15577559,15564015,15573066,15579372,15587458,15602323,15593157,15593157,10
2025-10-02 15:00:24,65269,pairwise,LinkedCells,1.000000,lc_sliced_balanced,none,AoS,enabled,11118468,11106352,11125080,11111587,11103768,11112410,11107469,11123500,11129525,11096701,11113485,11113485,10
2025-10-02 15:00:24,65279,pairwise,LinkedCells,1.000000,lc_sliced_balanced,none,SoA,disabled,11569417,11536987,11528011,11486809,11480883,11469751,11485193,11493614,11500437,11494520,11504562,11504562,10
2025-10-02 15:00:24,65289,pairwise,LinkedCells,1.000000,lc_sliced_balanced,none,SoA,enabled,7307855,7289711,7264175,7284839,7244503,7290402,7289512,7266798,7271945,7276024,7278576,7278576,10
2025-10-02 15:00:25,65299,pairwise,LinkedCells,1.000000,lc_sliced_balanced,squared-particles-per-cell,AoS,disabled,15963016,15762156,15717300,15711742,15718136,15724784,15743051,15729284,15719069,15721219,15750975,15750975,10
2025-10-02 15:00:25,65309,pairwise,LinkedCells,1.000000,lc_sliced_balanced,squared-particles-per-cell,AoS,enabled,11290969,11261058,11273298,11248280,11269946,11244621,11249864,11257785,11252706,11270400,11261892,11261892,10
2025-10-02 15:00:25,65319,pairwise,LinkedCells,1.000000,lc_sliced_balanced,squared-particles-per-cell,SoA,disabled,13161315,11643687,11630421,11579242,11633101,11575420,11590440,11639996,11568617,11568101,11759034,11759034,10
2025-10-02 15:00:25,65329,pairwise,LinkedCells,1.000000,lc_sliced_balanced,squared-particles-per-cell,SoA,enabled,7619332,7366864,7361755,7351086,7394867,7377803,7351449,7392906,7312094,7399601,7392775,7392775,10
2025-10-02 15:00:25,65339,pairwise,LinkedCells,1.000000,lc_sliced_c02,none,AoS,disabled,15852310,15653400,15616830,15590050,15573787,15592820,15566380,15548793,15563438,15611613,15616942,15616942,10
2025-10-02 15:00:25,65349,pairwise,LinkedCells,1.000000,lc_sliced_c02,none,AoS,enabled,11028250,11117372,11109424,11090884,11095601,11110758,11080406,10999314,11118794,11175441,11092624,11092624,10
2025-10-02 15:00:25,65359,pairwise,LinkedCells,1.000000,lc_sliced_c02,none,SoA,disabled,13021918,11510330,11652310,11514363,11499136,11476873,11464149,11462361,11594894,11477380,11667371,11667371,10
2025-10-02 15:00:26,65369,pairwise,LinkedCells,1.000000,lc_sliced_c02,none,SoA,enabled,7610135,7367035,7414120,7435475,7409890,7425347,7468011,7432174,7385729,7437900,7438581,7438581,10
2025-10-02 15:00:26,65379,pairwise,VerletClusterLists,1.000000,vcl_c01_balanced,none,AoS,disabled,136710420,32605445,32549153,32548996,32561775,32569381,32794237,32572961,32541983,32544421,42999876,42999876,10
2025-10-02 15:00:26,65389,pairwise,VerletClusterLists,1.000000,vcl_c01_balanced,none,SoA,disabled,95747803,11409944,11346478,11353411,11334989,11358124,11336447,11360428,11361666,11424568,19803385,19803385,10
2025-10-02 15:00:27,65399,pairwise,VerletClusterLists,1.000000,vcl_c06,none,AoS,disabled,123589117,39403276,39650585,39262443,39947195,39828551,39775480,39663540,39253498,39891479,48026515,48026515,10
2025-10-02 15:00:27,65409,pairwise,VerletClusterLists,1.000000,vcl_c06,none,AoS,enabled,66792173,19890270,20340043,19912900,19789694,20259352,19793488,20200329,19829887,19857815,24666594,24666594,10
2025-10-02 15:00:27,65419,pairwise,VerletClusterLists,1.000000,vcl_c06,none,SoA,disabled,97643509,13880349,13726477,13740690,13845618,13708519,13746232,13840285,13622240,13901744,22165566,22165566,10
2025-10-02 15:00:27,65429,pairwise,VerletClusterLists,1.000000,vcl_c06,none,SoA,enabled,54698612,7598264,7579383,7556845,7545564,7635022,7563814,7682462,7529650,7568277,12295788,12295788,10
2025-10-02 15:00:28,65439,pairwise,VerletClusterLists,1.000000,vcl_sliced,none,AoS,disabled,177926672,80264916,81789653,93774114,93508838,93658276,93747079,81696328,81977638,93582014,97192552,97192552,10
2025-10-02 15:00:29,65449,pairwise,VerletClusterLists,1.000000,vcl_sliced,none,AoS,enabled,90363395,40086437,42277492,47258748,40916751,40140994,43599109,43656343,47313257,43663843,47927636,47927636,10
2025-10-02 15:00:29,65459,pairwise,VerletClusterLists,1.000000,vcl_sliced,none,SoA,disabled,109072917,24883535,25948492,24986770,24864921,23341501,24830410,25848190,25866574,24848775,33449208,33449208,10
2025-10-02 15:00:29,65469,pairwise,VerletClusterLists,1.000000,vcl_sliced,none,SoA,enabled,60711215,12863154,13525738,14075709,14051926,14081984,14051335,13517593,13506150,14069139,18445394,18445394,10
2025-10-02 15:00:30,65479,pairwise,VerletClusterLists,1.000000,vcl_sliced_balanced,none,AoS,disabled,176212204,91951285,91919681,92029069,92012367,91979256,91914375,91982683,92068168,91947346,100401642,100401642,10
2025-10-02 15:00:31,65489,pairwise,VerletClusterLists,1.000000,vcl_sliced_balanced,none,AoS,enabled,93581569,46758928,46789406,46752611,46713294,46784054,46838177,46742543,46731697,46842510,51453478,51453478,10
2025-10-02 15:00:31,65499,pairwise,VerletClusterLists,1.000000,vcl_sliced_balanced,none,SoA,disabled,109656334,25540115,25567217,25538742,25522167,25543795,25533388,25642916,25538298,25627378,33971034,33971034,10
2025-10-02 15:00:32,65509,pairwise,VerletClusterLists,1.000000,vcl_sliced_balanced,none,SoA,enabled,61123489,13970850,13939708,13861405,13932398,13844160,13933195,13840597,13824772,13827982,18609855,18609855,10
2025-10-02 15:00:33,65519,pairwise,VerletClusterLists,1.000000,vcl_sliced_balanced,neighbor-list-length,AoS,disabled,191967904,92052765,92039172,92058840,92119203,92006852,92100918,92022660,92020356,92098107,102048677,102048677,10
2025-10-02 15:00:33,65529,pairwise,VerletClusterLists,1.000000,vcl_sliced_balanced,neighbor-list-length,AoS,enabled,93354803,46786360,46848623,46907657,46910726,46794469,46851195,46833937,46983899,46899981,51517164,51517164,10
2025-10-02 15:00:34,65539,pairwise,VerletClusterLists,1.000000,vcl_sliced_balanced,neighbor-list-length,SoA,disabled,109696223,25582321,25572742,25571119,25559425,25568223,25562275,25549858,25563863,25613922,33983996,33983996,10
2025-10-02 15:00:34,65549,pairwise,VerletClusterLists,1.000000,vcl_sliced_balanced,neighbor-list-length,SoA,enabled,60818101,13873287,13867732,13880894,13859282,13868805,13872297,13885405,13873223,13873290,18567231,18567231,10
2025-10-02 15:00:35,65559,pairwise,VerletClusterLists,1.000000,vcl_sliced_c02,none,AoS,disabled,199775718,105500953,106825248,104318006,99042027,104240079,98986192,106833710,112217125,106834489,114457354,114457354,10
2025-10-02 15:00:36,65569,pairwise,VerletClusterLists,1.000000,vcl_sliced_c02,none,AoS,enabled,103863127,54184187,57443566,55031746,50967866,57436369,51090194,55571502,54455544,51616802,59166089,59166089,10
2025-10-02 15:00:36,65579,pairwise,VerletClusterLists,1.000000,vcl_sliced_c02,none,SoA,disabled,117340791,30423785,32991839,31993133,28705013,30573256,28552642,33022186,30520028,30582880,39470554,39470554,10
2025-10-02 15:00:36,65589,pairwise,VerletClusterLists,1.000000,vcl_sliced_c02,none,SoA,enabled,64962951,16826506,17518142,18087968,16801328,17484968,17275233,18041051,17417557,16048172,22046387,22046387,10
2025-10-02 15:00:36,65599,pairwise,VerletLists,1.000000,vl_list_iteration,none,AoS,disabled,60821022,11452215,11437742,11428413,11438599,11437859,11437230,11439082,11434693,11442891,16376974,16376974,10
2025-10-02 15:00:37,65609,pairwise,VerletLists,1.000000,vl_list_iteration,none,SoA,disabled,212236932,11603313,11576985,11552919,11564148,11557167,11566905,11559252,11550951,11565078,31633365,31633365,10
2025-10-02 15:00:37,65619,pairwise,VerletListsCells,1.000000,vlc_c01,none,AoS,disabled,68589535,9237207,9238902,9228487,9236883,9231861,9225879,9224958,9233442,9241617,15168876,15168876,10
2025-10-02 15:00:37,65629,pairwise,VerletListsCells,1.000000,vlc_c01,none,SoA,disabled,227014790,12541705,12482152,12480620,12476698,12467962,12499614,12495399,12483933,12483375,33942624,33942624,10
2025-10-02 15:00:37,65639,pairwise,VerletListsCells,1.000000,vlc_c18,none,AoS,disabled,55333236,8702729,8708333,8687998,8700442,8690304,8690271,8704811,8700236,8698609,13361696,13361696,10
2025-10-02 15:00:38,65649,pairwise,VerletListsCells,1.000000,vlc_c18,none,AoS,enabled,37911289,5288427,5253889,5261749,5233581,5236007,5243164,5231434,5241042,5237794,8513837,8513837,10
2025-10-02 15:00:38,65659,pairwise,VerletListsCells,1.000000,vlc_c18,none,SoA,disabled,340930613,15929000,15929990,15906473,15937898,15928046,15906446,15895723,15909689,15887859,48416173,48416173,10
2025-10-02 15:00:38,65669,pairwise,VerletListsCells,1.000000,vlc_c18,none,SoA,enabled,211709202,12688611,12592673,12614308,12599505,11853411,11832554,11803528,11810155,11814574,32131851,32131851,10
2025-10-02 15:00:38,65679,pairwise,VerletListsCells,1.000000,vlc_c08,none,AoS,disabled,48341235,9036104,9030705,9021090,9011735,9013086,9023300,9012144,9036294,9007489,12953317,12953317,10
2025-10-02 15:00:39,65689,pairwise,VerletListsCells,1.000000,vlc_c08,none,AoS,enabled,40803140,5936839,5916322,5908463,5901676,5911999,5911182,5902703,5917911,5920055,9403028,9403028,10
2025-10-02 15:00:39,65699,pairwise,VerletListsCells,1.000000,vlc_c08,none,SoA,disabled,316291211,15445481,15429524,15424066,15427396,15435903,15435499,15446163,15419461,15424187,45517888,45517888,10
2025-10-02 15:00:39,65709,pairwise,VerletListsCells,1.000000,vlc_c08,none,SoA,enabled,223266072,13450351,13419096,13434843,13413635,13417533,13401096,13394803,13424466,13403982,34402587,34402587,10
2025-10-02 15:00:40,65719,pairwise,VerletListsCells,1.000000,vlc_sliced,none,AoS,disabled,60775605,13375178,13108871,13245088,13227261,13299173,13367987,13284087,13257596,13245700,18018654,18018654,10
2025-10-02 15:00:40,65729,pairwise,VerletListsCells,1.000000,vlc_sliced,none,AoS,enabled,40188880,6397809,6332283,6300001,6264538,6292432,6251861,6284554,6287758,6273374,9687349,9687349,10
2025-10-02 15:00:40,65739,pairwise,VerletListsCells,1.000000,vlc_sliced,none,SoA,disabled,356796880,18754250,18556004,18596267,18536437,18537704,18619241,18599555,18566434,18590241,52415300,52415300,10
2025-10-02 15:00:41,65749,pairwise,VerletListsCells,1.000000,vlc_sliced,none,SoA,enabled,212522230,12940227,12868703,12900874,12792122,12081010,12021917,11971573,12004361,12018062,32412107,32412107,10
2025-10-02 15:00:41,65759,pairwise,VerletListsCells,1.000000,vlc_sliced_balanced,none,AoS,disabled,58965351,12481878,12483216,12481864,12487246,12516470,12481069,12505980,12509103,12502247,17141442,17141442,10
2025-10-02 15:00:41,65769,pairwise,VerletListsCells,1.000000,vlc_sliced_balanced,none,AoS,enabled,39334719,6365501,6339150,6300024,6290805,6289522,6324868,6291018,6284684,6289075,9610936,9610936,10
2025-10-02 15:00:41,65779,pairwise,VerletListsCells,1.000000,vlc_sliced_balanced,none,SoA,disabled,348829698,19078558,18982179,18982967,18949366,18969652,18940042,18982654,18926665,18976096,51961787,51961787,10
2025-10-02 15:00:42,65789,pairwise,VerletListsCells,1.000000,vlc_sliced_balanced,none,SoA,enabled,214023870,12986036,12866933,12906645,12852103,12098605,12043774,12055192,12042164,12039153,32591447,32591447,10
2025-10-02 15:00:42,65799,pairwise,VerletListsCells,1.000000,vlc_sliced_balanced,squared-particles-per-cell,AoS,disabled,59261453,12434822,12399022,12463750,12484929,12407087,12382752,12412787,12409681,12385586,17104186,17104186,10
2025-10-02 15:00:42,65809,pairwise,VerletListsCells,1.000000,vlc_sliced_balanced,squared-particles-per-cell,AoS,enabled,39118853,6571414,6529158,6538213,6514559,6497919,6512714,6515900,6513364,6498092,9781018,9781018,10
2025-10-02 15:00:43,65819,pairwise,VerletListsCells,1.000000,vlc_sliced_balanced,squared-particles-per-cell,SoA,disabled,344688766,18997123,18893193,18890946,18897757,18865342,18884263,18874529,18872520,18891813,51475624,51475624,10
2025-10-02 15:00:43,65829,pairwise,VerletListsCells,1.000000,vlc_sliced_balanced,squared-particles-per-cell,SoA,enabled,228765351,12907774,12940459,12821915,12903771,12588466,12004092,11986613,12051752,12030407,34100059,34100059,10
2025-10-02 15:00:43,65839,pairwise,VerletListsCells,1.000000,vlc_sliced_balanced,neighbor-list-length,AoS,disabled,59824091,12854522,12872582,12918632,12921862,12910896,12909852,12849919,12819633,12815974,17569795,17569795,10
2025-10-02 15:00:43,65849,pairwise,VerletListsCells,1.000000,vlc_sliced_balanced,neighbor-list-length,AoS,enabled,39071394,6556560,6561847,6559027,6547675,6521409,6542723,6533228,6521721,6528190,9794376,9794376,10
2025-10-02 15:00:44,65859,pairwise,VerletListsCells,1.000000,vlc_sliced_balanced,neighbor-list-length,SoA,disabled,347993351,19651153,19546960,19565520,19494955,19461763,19461178,19476271,19474071,19487926,52361314,52361314,10
2025-10-02 15:00:44,65869,pairwise,VerletListsCells,1.000000,vlc_sliced_balanced,neighbor-list-length,SoA,enabled,234592458,13246165,13184573,13181057,13159737,13197385,12266227,12258635,12263943,12252950,34960312,34960312,10
2025-10-02 15:00:45,65879,pairwise,VerletListsCells,1.000000,vlc_sliced_c02,none,AoS,disabled,63212493,16205751,16208836,16154515,16035512,16099389,16112948,16217618,16080498,16138981,20846653,20846653,10
2025-10-02 15:00:45,65889,pairwise,VerletListsCells,1.000000,vlc_sliced_c02,none,AoS,enabled,41410392,8414550,8410725,8370740,8391284,8388828,8359094,8380336,8335524,8432203,11689367,11689367,10
2025-10-02 15:00:45,65899,pairwise,VerletListsCells,1.000000,vlc_sliced_c02,none,SoA,disabled,350905649,22981734,22914596,23028941,22855731,22501835,22822757,22815644,22908281,22496060,55623122,55623122,10
2025-10-02 15:00:46,65909,pairwise,VerletListsCells,1.000000,vlc_sliced_c02,none,SoA,enabled,234540316,14980353,14815305,14758089,14712512,14702946,14416192,13859230,13868434,13907068,36456044,36456044,10
2025-10-02 15:00:46,65919,pairwise,PairwiseVerletLists,1.000000,vlp_c01,none,AoS,disabled,82249781,11133488,11146133,11130905,11119394,11134100,11128595,11140054,11123483,11126338,18243226,18243226,10
2025-10-02 15:00:47,65929,pairwise,PairwiseVerletLists,1.000000,vlp_c01,none,SoA,disabled,615215713,22234775,22233170,22220516,22194304,22256170,22238227,22244780,22224775,22226073,81528850,81528850,10
2025-10-02 15:00:47,65939,pairwise,PairwiseVerletLists,1.000000,vlp_c18,none,AoS,disabled,76421308,11569470,11560471,11564032,11564661,11548243,11549643,11567534,11551450,11552181,18044898,18044898,10
2025-10-02 15:00:47,65949,pairwise,PairwiseVerletLists,1.000000,vlp_c18,none,AoS,enabled,88325663,7197652,7173918,7166451,7182844,7176892,7173891,7173223,7171632,7177974,15292013,15292013,10
2025-10-02 15:00:48,65959,pairwise,PairwiseVerletLists,1.000000,vlp_c18,none,SoA,disabled,778062911,21389046,21367255,21383780,21379111,21366878,21374053,21388461,21380320,21387451,97047926,97047926,10
2025-10-02 15:00:49,65969,pairwise,PairwiseVerletLists,1.000000,vlp_c18,none,SoA,enabled,533189947,16170395,16128057,16141006,16139870,16168073,16129573,16140182,16118202,16126287,67845158,67845158,10
2025-10-02 15:00:49,65979,pairwise,PairwiseVerletLists,1.000000,vlp_sliced,none,AoS,disabled,83897023,17919285,17782933,18029285,17839859,17983087,17854202,17957665,17877725,17949509,24509056,24509056,10
2025-10-02 15:00:49,65989,pairwise,PairwiseVerletLists,1.000000,vlp_sliced,none,AoS,enabled,93235120,8587020,8479628,8466100,8487716,8487822,8417587,8447867,8500274,8471281,16958041,16958041,10
2025-10-02 15:00:50,65999,pairwise,PairwiseVerletLists,1.000000,vlp_sliced,none,SoA,disabled,754890523,27386300,27780918,27623915,27532911,27746023,27766253,27613002,27562239,27703333,100360541,100360541,10
2025-10-02 15:00:51,66009,pairwise,PairwiseVerletLists,1.000000,vlp_sliced,none,SoA,enabled,538878391,19567689,19308344,19531414,19492184,19310183,19332316,19275716,19468361,19376512,71354110,71354110,10
2025-10-02 15:00:51,66019,pairwise,PairwiseVerletLists,1.000000,vlp_sliced_balanced,none,AoS,disabled,84231642,18070420,18058411,18046112,18013495,18000983,17995496,18007013,17956164,18005863,24638559,24638559,10
2025-10-02 15:00:51,66029,pairwise,PairwiseVerletLists,1.000000,vlp_sliced_balanced,none,AoS,enabled,94460345,8552434,8497124,8510305,8487951,8505561,8511435,8495879,8489100,8507426,17101755,17101755,10
2025-10-02 15:00:52,66039,pairwise,PairwiseVerletLists,1.000000,vlp_sliced_balanced,none,SoA,disabled,754746649,27887639,27856998,27817852,27799063,27815399,27837342,27863056,27813023,27826265,100526327,100526327,10
2025-10-02 15:00:53,66049,pairwise,PairwiseVerletLists,1.000000,vlp_sliced_balanced,none,SoA,enabled,539027402,19610232,19493966,19494728,19475869,19522638,19472152,19469745,19517508,19479136,71456337,71456337,10
2025-10-02 15:00:53,66059,pairwise,PairwiseVerletLists,1.000000,vlp_sliced_c02,none,AoS,disabled,88777907,23779344,23756497,23420363,23867527,23659780,23538085,23788221,23820801,23792937,30220145,30220145,10
2025-10-02 15:00:54,66069,pairwise,PairwiseVerletLists,1.000000,vlp_sliced_c02,none,AoS,enabled,96595450,10941835,11040784,10935031,10982732,10903334,10873329,10951146,10994130,10946801,19516456,19516456,10
2025-10-02 15:00:55,66079,pairwise,PairwiseVerletLists,1.000000,vlp_sliced_c02,none,SoA,disabled,757071522,34500104,34085596,34196563,34337023,34107927,34045336,34332212,34055629,34074867,106480677,106480677,10
2025-10-02 15:00:55,66089,pairwise,PairwiseVerletLists,1.000000,vlp_sliced_c02,none,SoA,enabled,546722068,23531863,23483492,23458899,23260404,23440557,23390940,23508652,23203612,23241297,75724177,75724177,10
2025-10-02 15:00:56,66099,pairwise,PairwiseVerletLists,1.000000,vlp_c08,none,AoS,disabled,81789938,15755371,15697413,15675111,15673159,15654159,15656088,15659260,15647520,15650649,22285866,22285866,10
2025-10-02 15:00:56,66109,pairwise,PairwiseVerletLists,1.000000,vlp_c08,none,AoS,enabled,95071469,8871990,8798458,8797432,8790397,8798506,8789079,8799970,8797847,8798084,17431322,17431322,10
2025-10-02 15:00:57,66119,pairwise,PairwiseVerletLists,1.000000,vlp_c08,none,SoA,disabled,759522846,24777840,24761391,24768798,24792823,24763622,24761768,24772399,24763337,24728483,98241330,98241330,10
2025-10-02 15:00:58,66129,pairwise,PairwiseVerletLists,1.000000,vlp_c08,none,SoA,enabled,548114318,17978699,17973786,17952778,17983460,17980704,17989198,17966508,17980442,17978477,70989836,70989836,10
2025-10-02 15:02:18,70009,pairwise,LinkedCells,1.000000,lc_c01,none,AoS,disabled,20978763,20869814,20861501,20856948,20867470,20846655,20838057,20843319,20834620,20844807,20864194,20864194,10
2025-10-02 15:02:18,70019,pairwise,LinkedCells,1.000000,lc_c01,none,SoA,disabled,12349719,12302868,12274362,12283586,12282374,12267890,12294003,12276223,12268304,12258847,12285817,12285817,10
2025-10-02 15:02:18,70029,pairwise,LinkedCells,1.000000,lc_c01_combined_SoA,none,SoA,disabled,10428191,10411355,10399976,10421761,10377056,10481675,10409111,10439884,10372513,10374982,10411649,10411649,10
2025-10-02 15:02:18,70039,pairwise,LinkedCells,1.000000,lc_c04,none,AoS,disabled,15215435,15227277,15180804,15131921,15347700,15267799,15169091,15335521,15090221,15197316,15216308,15216308,10
2025-10-02 15:02:19,70049,pairwise,LinkedCells,1.000000,lc_c04,none,AoS,enabled,11062261,10931211,10930350,11024783,10998090,10935855,10991159,10942470,10953651,10973091,10974291,10974291,10
2025-10-02 15:02:19,70059,pairwise,LinkedCells,1.000000,lc_c04,none,SoA,disabled,11694740,11570430,11547263,11524765,11581080,11584256,11587844,11564952,11576860,11577918,11581010,11581010,10
2025-10-02 15:02:19,70069,pairwise,LinkedCells,1.000000,lc_c04,none,SoA,enabled,7750107,7709037,7725886,7721386,7707677,7695427,7708285,7722172,7732655,7743961,7721658,7721658,10
2025-10-02 15:02:19,70079,pairwise,LinkedCells,1.000000,lc_c04_HCP,none,AoS,disabled,14281754,14251980,14234245,14247130,14238268,14270880,14241512,14236830,14247981,14259699,14251027,14251027,10
2025-10-02 15:02:19,70089,pairwise,LinkedCells,1.000000,lc_c04_HCP,none,AoS,enabled,10405593,10412895,10406494,10398126,10398326,10399104,10396904,10398958,10402144,10399348,10401788,10401788,10
2025-10-02 15:02:19,70099,pairwise,LinkedCells,1.000000,lc_c04_HCP,none,SoA,disabled,11637691,11607854,11566453,11560300,11535026,11540429,11541483,11536743,11536917,11517847,11558074,11558074,10
2025-10-02 15:02:19,70109,pairwise,LinkedCells,1.000000,lc_c04_HCP,none,SoA,enabled,8186252,8144488,8142840,8117327,8131709,8123667,8137989,8145811,8116308,8115582,8136196,8136196,10
2025-10-02 15:02:19,70119,pairwise,LinkedCells,1.000000,lc_c04_combined_SoA,none,SoA,disabled,13494706,13595635,13472752,13444174,13401811,13338252,13465470,13365761,13382452,13444041,13440505,13440505,10
2025-10-02 15:02:20,70129,pairwise,LinkedCells,1.000000,lc_c04_combined_SoA,none,SoA,enabled,10427239,10458327,10443013,10375228,10408218,10390232,10430914,10414837,10454851,10366659,10416951,10416951,10
2025-10-02 15:02:20,70139,pairwise,LinkedCells,1.000000,lc_c08,none,AoS,disabled,15032113,14955755,14948904,14976948,14964131,14962877,14960128,14950423,14966154,14964285,14968171,14968171,10
2025-10-02 15:02:20,70149,pairwise,LinkedCells,1.000000,lc_c08,none,AoS,enabled,11237437,11240447,11225896,11233615,11226517,11223349,11228416,11233450,11219320,11227012,11229545,11229545,10
2025-10-02 15:02:20,70159,pairwise,LinkedCells,1.000000,lc_c08,none,SoA,disabled,14053282,13920988,13873091,13855063,13846724,13843676,13851468,13828623,13828509,13831391,13873281,13873281,10
2025-10-02 15:02:20,70169,pairwise,LinkedCells,1.000000,lc_c08,none,SoA,enabled,10688476,10577039,10568779,10537021,10543547,10542406,10531326,10559130,10545277,10555382,10564837,10564837,10
2025-10-02 15:02:20,70179,pairwise,LinkedCells,1.000000,lc_c18,none,AoS,disabled,15021480,14990382,14989182,15000798,14976412,14994783,14967271,15003270,14987030,14979562,14991016,14991016,10
2025-10-02 15:02:20,70189,pairwise,LinkedCells,1.000000,lc_c18,none,AoS,enabled,11168160,11152337,11142554,11163820,11144558,11140441,11152485,11155429,11142007,11132633,11149441,11149441,10
2025-10-02 15:02:20,70199,pairwise,LinkedCells,1.000000,lc_c18,none,SoA,disabled,13049332,12979836,12970805,12959112,12966709,12976351,12967068,12953995,12968092,12962978,12975427,12975427,10
2025-10-02 15:02:21,70209,pairwise,LinkedCells,1.000000,lc_c18,none,SoA,enabled,9254237,9186502,9201715,9187787,9184344,9191616,9190145,9190580,9180976,9160940,9192884,9192884,10
2025-10-02 15:02:21,70219,pairwise,LinkedCells,1.000000,lc_sliced,none,AoS,disabled,15909342,15880185,15873935,15857978,15867992,15857702,15829638,15735687,15813254,15822361,15844806,15844806,10
2025-10-02 15:02:21,70229,pairwise,LinkedCells,1.000000,lc_sliced,none,AoS,enabled,11407698,11373384,11283996,11362932,11369749,11396045,11360473,11388518,11372435,11376023,11369124,11369124,10
2025-10-02 15:02:21,70239,pairwise,LinkedCells,1.000000,lc_sliced,none,SoA,disabled,11766033,11757795,11733392,11703250,11684647,11689680,11687244,11709549,11671208,11695031,11709782,11709782,10
2025-10-02 15:02:21,70249,pairwise,LinkedCells,1.000000,lc_sliced,none,SoA,enabled,7510171,7513219,7486927,7488435,7466800,7454544,7456322,7469599,7441363,7481855,7476923,7476923,10
2025-10-02 15:02:21,70259,pairwise,LinkedCells,1.000000,lc_sliced_balanced,none,AoS,disabled,15884191,15871819,15850397,15852082,15845852,15847560,15861635,15823361,15832127,15843390,15851241,15851241,10
2025-10-02 15:02:21,70269,pairwise,LinkedCells,1.000000,lc_sliced_balanced,none,AoS,enabled,11394630,11388163,11358291,11366681,11353733,11342312,11355956,11352886,11393201,11375969,11368181,11368181,10
2025-10-02 15:02:21,70279,pairwise,LinkedCells,1.000000,lc_sliced_balanced,none,SoA,disabled,11775588,11728529,11733227,11707801,11733504,11679881,11680616,11683330,11692400,11686258,11710113,11710113,10
2025-10-02 15:02:22,70289,pairwise,LinkedCells,1.000000,lc_sliced_balanced,none,SoA,enabled,7494214,7490234,7442768,7440658,7431772,7480006,7492584,7425591,7475698,7483952,7465747,7465747,10
2025-10-02 15:02:22,70299,pairwise,LinkedCells,1.000000,lc_sliced_balanced,squared-particles-per-cell,AoS,disabled,16018125,15803118,15761414,15762375,15779579,15754721,15749329,15749517,15743628,15748640,15787044,15787044,10
2025-10-02 15:02:22,70309,pairwise,LinkedCells,1.000000,lc_sliced_balanced,squared-particles-per-cell,AoS,enabled,11434504,11290586,11277795,11274705,11285531,11277016,11294708,11271343,11278662,11273958,11295880,11295880,10
2025-10-02 15:02:22,70319,pairwise,LinkedCells,1.000000,lc_sliced_balanced,squared-particles-per-cell,SoA,disabled,13427893,11722901,11616137,11567443,11603892,11636086,11597164,11645235,11644926,11654446,11811611,11811611,10
2025-10-02 15:02:22,70329,pairwise,LinkedCells,1.000000,lc_sliced_balanced,squared-particles-per-cell,SoA,enabled,7642156,7394203,7350096,7340731,7388174,7363820,7361306,7402527,7341506,7325462,7390997,7390997,10
2025-10-02 15:02:22,70339,pairwise,LinkedCells,1.000000,lc_sliced_c02,none,AoS,disabled,15994637,15803658,15777754,15775295,15749079,15764500,15755183,15732850,15750820,15723432,15782720,15782720,10
2025-10-02 15:02:22,70349,pairwise,LinkedCells,1.000000,lc_sliced_c02,none,AoS,enabled,11283480,11284598,11257598,11278749,11251971,11253681,11265190,11275183,11263504,11254997,11266894,11266894,10
2025-10-02 15:02:23,70359,pairwise,LinkedCells,1.000000,lc_sliced_c02,none,SoA,disabled,13137461,11729629,11645159,11518361,11596864,11475339,11518498,11559335,11651558,11577483,11740967,11740967,10
2025-10-02 15:02:23,70369,pairwise,LinkedCells,1.000000,lc_sliced_c02,none,SoA,enabled,7728646,7262535,7483668,7290674,7396678,7382038,7511209,7284268,7274174,7352527,7396641,7396641,10
2025-10-02 15:02:23,70379,pairwise,VerletClusterLists,1.000000,vcl_c01_balanced,none,AoS,disabled,133961108,32358794,32237751,32263349,32281051,32280667,32255697,32239754,32282618,32240818,42440160,42440160,10
2025-10-02 15:02:23,70389,pairwise,VerletClusterLists,1.000000,vcl_c01_balanced,none,SoA,disabled,94828093,11471446,11374555,11394784,11387777,11391419,11389362,11382226,11393041,11384699,19739739,19739739,10
2025-10-02 15:02:24,70399,pairwise,VerletClusterLists,1.000000,vcl_c06,none,AoS,disabled,120415343,38729093,39088835,38165065,38687642,38173869,39543625,38440046,38510209,38302026,46805575,46805575,10
2025-10-02 15:02:24,70409,pairwise,VerletClusterLists,1.000000,vcl_c06,none,AoS,enabled,65745522,19228080,19693517,19448070,19679399,19480969,19447507,19353881,19656323,19568174,24130143,24130143,10
2025-10-02 15:02:24,70419,pairwise,VerletClusterLists,1.000000,vcl_c06,none,SoA,disabled,96205035,13259002,13310549,13441340,13287545,13234294,13394192,13355375,13575926,13288476,21635173,21635173,10
2025-10-02 15:02:24,70429,pairwise,VerletClusterLists,1.000000,vcl_c06,none,SoA,enabled,54294038,7519886,7438406,7391116,7582993,7532170,7512950,7409780,7464597,7550347,12169628,12169628,10
2025-10-02 15:02:25,70439,pairwise,VerletClusterLists,1.000000,vcl_sliced,none,AoS,disabled,176339464,82944374,82892731,82988740,82863298,82919353,77846570,82828043,82903876,78090589,91261703,91261703,10
2025-10-02 15:02:26,70449,pairwise,VerletClusterLists,1.000000,vcl_sliced,none,AoS,enabled,93280968,41590384,47055729,43920086,46946922,39249558,47090613,43941979,44029014,47085518,49419076,49419076,10
2025-10-02 15:02:26,70459,pairwise,VerletClusterLists,1.000000,vcl_sliced,none,SoA,disabled,107733497,23283324,25887564,24914937,24836825,24804046,22502235,25818493,24806283,24823034,32941023,32941023,10
2025-10-02 15:02:27,70469,pairwise,VerletClusterLists,1.000000,vcl_sliced,none,SoA,enabled,60487699,13527116,13513627,13507004,13474715,13497464,14050349,13548523,13549785,13484681,18264095,18264095,10
2025-10-02 15:02:28,70479,pairwise,VerletClusterLists,1.000000,vcl_sliced_balanced,none,AoS,disabled,174517176,91628890,91769051,91576247,91722376,91515795,91616412,91604384,91671610,91639577,99926151,99926151,10
2025-10-02 15:02:28,70489,pairwise,VerletClusterLists,1.000000,vcl_sliced_balanced,none,AoS,enabled,92911017,46574847,46551807,46602106,46604211,46531158,46634510,46664298,46502290,46541623,51211785,51211785,10
2025-10-02 15:02:28,70499,pairwise,VerletClusterLists,1.000000,vcl_sliced_balanced,none,SoA,disabled,108452768,25431174,25415371,25420327,25418252,25421587,25419625,25396337,25410371,25390516,33717632,33717632,10
2025-10-02 15:02:29,70509,pairwise,VerletClusterLists,1.000000,vcl_sliced_balanced,none,SoA,enabled,60654863,13911819,13851527,13840588,13857051,13901244,13847213,13857126,13850516,13853108,18542504,18542504,10
2025-10-02 15:02:30,70519,pairwise,VerletClusterLists,1.000000,vcl_sliced_balanced,neighbor-list-length,AoS,disabled,190178894,91737544,91620671,91709798,91717072,91735413,91637259,91799722,91721866,91726221,101558445,101558445,10
2025-10-02 15:02:30,70529,pairwise,VerletClusterLists,1.000000,vcl_sliced_balanced,neighbor-list-length,AoS,enabled,92531296,46612383,46630983,46616197,46655252,46652399,46650036,46626165,46720248,46662286,51235723,51235723,10
2025-10-02 15:02:31,70539,pairwise,VerletClusterLists,1.000000,vcl_sliced_balanced,neighbor-list-length,SoA,disabled,108108652,25467448,25444064,25435215,25430977,25434757,25428894,25431835,25461284,25424627,33706775,33706775,10
2025-10-02 15:02:31,70549,pairwise,VerletClusterLists,1.000000,vcl_sliced_balanced,neighbor-list-length,SoA,enabled,60253687,13876861,13871366,13864385,13873039,13871496,13861657,13871523,13872860,13872874,18508974,18508974,10
2025-10-02 15:02:32,70559,pairwise,VerletClusterLists,1.000000,vcl_sliced_c02,none,AoS,disabled,204209878,104931966,105418813,98033356,104736060,105368438,105987429,104906415,95422971,98144556,112715987,112715987,10
2025-10-02 15:02:33,70569,pairwise,VerletClusterLists,1.000000,vcl_sliced_c02,none,AoS,enabled,99303310,51273284,46365732,57562635,57205597,50532992,53173407,53267295,50496232,50832925,57001340,57001340,10
2025-10-02 15:02:33,70579,pairwise,VerletClusterLists,1.000000,vcl_sliced_c02,none,SoA,disabled,115190391,33000862,31383730,33015519,30241417,31374759,28722894,32558094,30261198,31903860,39765271,39765271,10
2025-10-02 15:02:33,70589,pairwise,VerletClusterLists,1.000000,vcl_sliced_c02,none,SoA,enabled,63340926,16029999,15272290,16939569,17023828,16965980,16245815,16647839,17215537,16894306,21257608,21257608,10
2025-10-02 15:02:33,70599,pairwise,VerletLists,1.000000,vl_list_iteration,none,AoS,disabled,62979246,11492237,11486435,11489556,11479749,11488524,11478052,11485586,11487568,11500666,16636761,16636761,10
2025-10-02 15:02:34,70609,pairwise,VerletLists,1.000000,vl_list_iteration,none,SoA,disabled,215513606,11712682,11663609,11681211,11687106,11679883,11664485,11726622,11651975,11656404,32063757,32063757,10
2025-10-02 15:02:34,70619,pairwise,VerletListsCells,1.000000,vlc_c01,none,AoS,disabled,69365848,9225346,9223624,9239074,9226245,9227851,9226725,9237184,9225981,9222872,15242074,15242074,10
2025-10-02 15:02:34,70629,pairwise,VerletListsCells,1.000000,vlc_c01,none,SoA,disabled,228949175,12520711,12465886,12481918,12488605,12475360,12479237,12472140,12457019,12453331,34124338,34124338,10
2025-10-02 15:02:34,70639,pairwise,VerletListsCells,1.000000,vlc_c18,none,AoS,disabled,54490865,8833891,8812373,8815239,8824537,8853168,8834170,8830635,8837977,8815697,13394854,13394854,10
2025-10-02 15:02:35,70649,pairwise,VerletListsCells,1.000000,vlc_c18,none,AoS,enabled,38278720,5430927,5389684,5384417,5393545,5395423,5377334,5378438,5386232,5382949,8679766,8679766,10
2025-10-02 15:02:35,70659,pairwise,VerletListsCells,1.000000,vlc_c18,none,SoA,disabled,348316361,15725655,15732619,15712740,15686731,15722771,15712021,15715369,15717176,15705421,48974686,48974686,10
2025-10-02 15:02:35,70669,pairwise,VerletListsCells,1.000000,vlc_c18,none,SoA,enabled,212338369,12595364,12544376,12588931,12595057,12177899,11764153,11773366,11813437,11767501,32195845,32195845,10
2025-10-02 15:02:36,70679,pairwise,VerletListsCells,1.000000,vlc_c08,none,AoS,disabled,48109372,9153017,9126862,9128563,9119976,9131771,9124319,9143194,9136609,9140843,13031452,13031452,10
2025-10-02 15:02:36,70689,pairwise,VerletListsCells,1.000000,vlc_c08,none,AoS,enabled,42311666,6056396,6034728,6047285,6030926,6024064,6019271,6025749,6032963,6032429,9661547,9661547,10
2025-10-02 15:02:36,70699,pairwise,VerletListsCells,1.000000,vlc_c08,none,SoA,disabled,320592290,15216671,15231007,15209388,15242766,15243713,15206155,15239110,15245334,15203034,45762946,45762946,10
2025-10-02 15:02:36,70709,pairwise,VerletListsCells,1.000000,vlc_c08,none,SoA,enabled,233568406,13365774,13337972,13332872,13360452,13329527,13341879,13345498,13327969,13331841,35364218,35364218,10
2025-10-02 15:02:37,70719,pairwise,VerletListsCells,1.000000,vlc_sliced,none,AoS,disabled,60015828,13290368,13282742,13246770,13237380,13237938,13326538,13132691,13216772,13293006,17928003,17928003,10
2025-10-02 15:02:37,70729,pairwise,VerletListsCells,1.000000,vlc_sliced,none,AoS,enabled,40973199,6356886,6339676,6308005,6327614,6288284,6309356,6313262,6311177,6322360,9784981,9784981,10
2025-10-02 15:02:37,70739,pairwise,VerletListsCells,1.000000,vlc_sliced,none,SoA,disabled,360966071,18551433,18423718,18473883,18468329,18423962,18472122,18448959,18494774,18417948,52714119,52714119,10
2025-10-02 15:02:38,70749,pairwise,VerletListsCells,1.000000,vlc_sliced,none,SoA,enabled,207104055,12887713,12791468,12683033,12705405,11975898,11945870,11959034,11921469,11971693,31794563,31794563,10
2025-10-02 15:02:38,70759,pairwise,VerletListsCells,1.000000,vlc_sliced_balanced,none,AoS,disabled,58539789,12598578,12567759,12598388,12596954,12612223,12604058,12568073,12585360,12606867,17187804,17187804,10
2025-10-02 15:02:38,70769,pairwise,VerletListsCells,1.000000,vlc_sliced_balanced,none,AoS,enabled,39212107,6378390,6354520,6330041,6353405,6345121,6357410,6347347,6340477,6338242,9635705,9635705,10
2025-10-02 15:02:38,70779,pairwise,VerletListsCells,1.000000,vlc_sliced_balanced,none,SoA,disabled,355433652,19475506,19376574,19344979,19363891,19376325,19369352,19367215,19372233,19334389,52981411,52981411,10
2025-10-02 15:02:39,70789,pairwise,VerletListsCells,1.000000,vlc_sliced_balanced,none,SoA,enabled,212352869,12962809,12884404,12861651,12831012,12004076,12021897,12071366,12051883,12038327,32408029,32408029,10
2025-10-02 15:02:39,70799,pairwise,VerletListsCells,1.000000,vlc_sliced_balanced,squared-particles-per-cell,AoS,disabled,59725477,12928634,12905526,12892212,12892765,12877153,12882603,12866658,12870603,12864246,17570587,17570587,10
2025-10-02 15:02:39,70809,pairwise,VerletListsCells,1.000000,vlc_sliced_balanced,squared-particles-per-cell,AoS,enabled,39618650,6707153,6709208,6690462,6702712,6689107,6673237,6680056,6665559,6686138,9982227,9982227,10
2025-10-02 15:02:40,70819,pairwise,VerletListsCells,1.000000,vlc_sliced_balanced,squared-particles-per-cell,SoA,disabled,347946447,18992329,18970679,18963407,18912293,18907322,18962319,18949228,18924010,18894928,51842296,51842296,10
2025-10-02 15:02:40,70829,pairwise,VerletListsCells,1.000000,vlc_sliced_balanced,squared-particles-per-cell,SoA,enabled,231008731,12924945,12956686,12934612,12921888,12771006,12040609,12023814,12049605,12029792,34366168,34366168,10
2025-10-02 15:02:40,70839,pairwise,VerletListsCells,1.000000,vlc_sliced_balanced,neighbor-list-length,AoS,disabled,59053128,12959881,12964637,12932761,12969831,12938457,12938121,12933135,12920234,12948582,17555876,17555876,10
2025-10-02 15:02:40,70849,pairwise,VerletListsCells,1.000000,vlc_sliced_balanced,neighbor-list-length,AoS,enabled,39322186,6586004,6564136,6543993,6541267,6536576,6536867,6534352,6537221,6554266,9825686,9825686,10
2025-10-02 15:02:41,70859,pairwise,VerletListsCells,1.000000,vlc_sliced_balanced,neighbor-list-length,SoA,disabled,349504712,19962085,19853833,19780873,19785205,19774926,19806717,19783612,19788554,19789113,52782962,52782962,10
2025-10-02 15:02:41,70869,pairwise,VerletListsCells,1.000000,vlc_sliced_balanced,neighbor-list-length,SoA,enabled,234792514,13366833,13299863,13286688,13275508,13237056,12326518,12352474,12342016,12346101,35062556,35062556,10
2025-10-02 15:02:42,70879,pairwise,VerletListsCells,1.000000,vlc_sliced_c02,none,AoS,disabled,63669450,16227441,16234888,16338021,16316902,16363672,16257330,16289266,16308552,16233837,21023935,21023935,10
2025-10-02 15:02:42,70889,pairwise,VerletListsCells,1.000000,vlc_sliced_c02,none,AoS,enabled,41202413,8511553,8489970,8465127,8489797,8484105,8459077,8525399,8479656,8425906,11753299,11753299,10
2025-10-02 15:02:42,70899,pairwise,VerletListsCells,1.000000,vlc_sliced_c02,none,SoA,disabled,353205344,23352456,23103207,23144375,22844915,23126976,23203475,23231103,23077320,23116596,56140576,56140576,10
2025-10-02 15:02:43,70909,pairwise,VerletListsCells,1.000000,vlc_sliced_c02,none,SoA,enabled,235479000,15028490,14877520,14920592,14885975,15026803,14561231,14169050,13873984,13897650,36672029,36672029,10
2025-10-02 15:02:43,70919,pairwise,PairwiseVerletLists,1.000000,vlp_c01,none,AoS,disabled,83113855,11175888,11174110,11171988,11169646,11169216,11172984,11185359,11176658,11178228,18368792,18368792,10
2025-10-02 15:02:44,70929,pairwise,PairwiseVerletLists,1.000000,vlp_c01,none,SoA,disabled,618486212,22378581,22391384,22376975,22382387,22377686,22359055,22363751,22379515,22322416,81981795,81981795,10
2025-10-02 15:02:44,70939,pairwise,PairwiseVerletLists,1.000000,vlp_c18,none,AoS,disabled,75315482,11553924,11541610,11543383,11530988,11534370,11534233,11539865,11561916,11531721,17918748,17918748,10
2025-10-02 15:02:44,70949,pairwise,PairwiseVerletLists,1.000000,vlp_c18,none,AoS,enabled,90731935,7187218,7184738,7186402,7183800,7190122,7175991,7182153,7187417,7190809,15540058,15540058,10
2025-10-02 15:02:45,70959,pairwise,PairwiseVerletLists,1.000000,vlp_c18,none,SoA,disabled,802090012,21501753,21520700,21507072,21507085,21517548,21503759,21499468,21532461,21519490,99569934,99569934,10
2025-10-02 15:02:46,70969,pairwise,PairwiseVerletLists,1.000000,vlp_c18,none,SoA,enabled,546424081,16160463,16183723,16180328,16169548,16164282,16148551,16137883,16173699,16141142,69188369,69188369,10
2025-10-02 15:02:46,70979,pairwise,PairwiseVerletLists,1.000000,vlp_sliced,none,AoS,disabled,83607056,18687268,18610088,18767402,18687835,18737377,18691194,18674472,18602257,18568755,25163369,25163369,10
2025-10-02 15:02:46,70989,pairwise,PairwiseVerletLists,1.000000,vlp_sliced,none,AoS,enabled,95085312,9391423,9347720,9333864,9330165,9326170,9327419,9328947,9312793,9304075,17908788,17908788,10
2025-10-02 15:02:47,70999,pairwise,PairwiseVerletLists,1.000000,vlp_sliced,none,SoA,disabled,776463228,27791680,28052293,28011130,27911264,28008899,28134276,28049686,27931553,27887638,102824163,102824163,10
2025-10-02 15:02:48,71009,pairwise,PairwiseVerletLists,1.000000,vlp_sliced,none,SoA,enabled,557682481,19600031,19485159,19572433,19380856,19325394,19498410,19469399,19382206,19321700,73271806,73271806,10
2025-10-02 15:02:48,71019,pairwise,PairwiseVerletLists,1.000000,vlp_sliced_balanced,none,AoS,disabled,83902518,18871009,18820373,18855758,18854565,18882828,18862169,18863092,18880616,18883992,25367691,25367691,10
2025-10-02 15:02:49,71029,pairwise,PairwiseVerletLists,1.000000,vlp_sliced_balanced,none,AoS,enabled,95214623,9425187,9402673,9377019,9373431,9365506,9385569,9363981,9373471,9365528,17964698,17964698,10
2025-10-02 15:02:50,71039,pairwise,PairwiseVerletLists,1.000000,vlp_sliced_balanced,none,SoA,disabled,765536716,28222323,28144111,28147239,28114760,28139351,28153846,28104622,28116091,28112536,101879159,101879159,10
2025-10-02 15:02:50,71049,pairwise,PairwiseVerletLists,1.000000,vlp_sliced_balanced,none,SoA,enabled,552705918,19611779,19522052,19542401,19580171,19518185,19525304,19574671,19501856,19561795,72864412,72864412,10
2025-10-02 15:02:51,71059,pairwise,PairwiseVerletLists,1.000000,vlp_sliced_c02,none,AoS,disabled,88978206,24324442,24379135,24357106,24080487,24338985,24406604,24440050,24315283,24500819,30812111,30812111,10
2025-10-02 15:02:51,71069,pairwise,PairwiseVerletLists,1.000000,vlp_sliced_c02,none,AoS,enabled,97643310,11937286,11889538,11798520,11703296,11885939,11435454,11812563,11850766,11794018,20375068,20375068,10
2025-10-02 15:02:52,71079,pairwise,PairwiseVerletLists,1.000000,vlp_sliced_c02,none,SoA,disabled,774190636,34243104,34386937,34489651,34554129,34351164,34214123,33956070,34460514,34530437,108337676,108337676,10
2025-10-02 15:02:53,71089,pairwise,PairwiseVerletLists,1.000000,vlp_sliced_c02,none,SoA,enabled,557615140,23771996,23629536,23718959,23795184,23693674,23544636,23531597,23553166,23720761,77057464,77057464,10
2025-10-02 15:02:53,71099,pairwise,PairwiseVerletLists,1.000000,vlp_c08,none,AoS,disabled,81582785,15814061,15777227,15769473,15757027,15750481,15743807,15739815,15740649,15728688,22340401,22340401,10
2025-10-02 15:02:53,71109,pairwise,PairwiseVerletLists,1.000000,vlp_c08,none,AoS,enabled,94891980,8900071,8843038,8826032,8826034,8823953,8829003,8829670,8829278,8829947,17442900,17442900,10
2025-10-02 15:02:54,71119,pairwise,PairwiseVerletLists,1.000000,vlp_c08,none,SoA,disabled,767321918,24892461,24854553,24838995,24808184,24853385,24816641,24831899,24834301,24825033,99087736,99087736,10
2025-10-02 15:02:55,71129,pairwise,PairwiseVerletLists,1.000000,vlp_c08,none,SoA,enabled,543840974,18009613,17989329,17987626,17967367,17964728,17985987,17966165,17965096,17965559,70564244,70564244,10
2025-10-02 15:04:17,75009,pairwise,LinkedCells,1.000000,lc_c01,none,AoS,disabled,21215224,21049249,21042637,21037829,21033727,21021559,21008813,21017351,21021696,21019371,21046744,21046744,10
2025-10-02 15:04:17,75019,pairwise,LinkedCells,1.000000,lc_c01,none,SoA,disabled,14112729,12355076,12345188,12359113,12343462,12365962,12354823,12346341,12358927,12350214,12529183,12529183,10
2025-10-02 15:04:17,75029,pairwise,LinkedCells,1.000000,lc_c01_combined_SoA,none,SoA,disabled,10298564,10225849,10170908,10210746,10190941,10167682,10214865,10202673,10204398,10181135,10206775,10206775,10
2025-10-02 15:04:17,75039,pairwise,LinkedCells,1.000000,lc_c04,none,AoS,disabled,15380076,15155582,15318384,15342129,15217142,15206158,15212566,15192208,15131213,15306274,15246173,15246173,10
2025-10-02 15:04:17,75049,pairwise,LinkedCells,1.000000,lc_c04,none,AoS,enabled,10936224,10938406,10909715,10948849,10953876,10965011,10912118,10944305,10984687,10961175,10945436,10945436,10
2025-10-02 15:04:18,75059,pairwise,LinkedCells,1.000000,lc_c04,none,SoA,disabled,11550013,11477181,11490052,11501220,11563700,11552320,11534072,11552244,11470835,11520995,11521262,11521262,10
2025-10-02 15:04:18,75069,pairwise,LinkedCells,1.000000,lc_c04,none,SoA,enabled,7670388,7653479,7654605,7623157,7647369,7634217,7645682,7602680,7638357,7670710,7644063,7644063,10
2025-10-02 15:04:18,75079,pairwise,LinkedCells,1.000000,lc_c04_HCP,none,AoS,disabled,14214048,14126877,14120242,14140642,14122836,14151104,14143894,14158419,14159625,14142835,14148051,14148051,10
2025-10-02 15:04:18,75089,pairwise,LinkedCells,1.000000,lc_c04_HCP,none,AoS,enabled,10339434,10319457,10339930,10321056,10311304,10302746,10305107,10310866,10326753,10316403,10319305,10319305,10
2025-10-02 15:04:18,75099,pairwise,LinkedCells,1.000000,lc_c04_HCP,none,SoA,disabled,11558007,11525413,11482532,11484545,11471900,11464997,11472249,11465915,11480039,11463722,11486931,11486931,10
2025-10-02 15:04:18,75109,pairwise,LinkedCells,1.000000,lc_c04_HCP,none,SoA,enabled,8037252,8016553,8001133,7981318,7997071,7990651,7972823,7972605,7958400,7960899,7988869,7988869,10
2025-10-02 15:04:18,75119,pairwise,LinkedCells,1.000000,lc_c04_combined_SoA,none,SoA,disabled,12899435,12836255,12689191,12829492,12699303,12780472,12687800,12760701,12839482,12725859,12774798,12774798,10
2025-10-02 15:04:18,75129,pairwise,LinkedCells,1.000000,lc_c04_combined_SoA,none,SoA,enabled,9705178,9721685,9689606,9728914,9705701,9708714,9641953,9719488,9631354,9612217,9686480,9686480,10
2025-10-02 15:04:19,75139,pairwise,LinkedCells,1.000000,lc_c08,none,AoS,disabled,15058716,14973762,14999648,14986100,14989307,15002164,14997749,14988605,14999786,15003665,14999949,14999949,10
2025-10-02 15:04:19,75149,pairwise,LinkedCells,1.000000,lc_c08,none,AoS,enabled,11261131,11254986,11252433,11248600,11265651,11253669,11258424,11252972,11249876,11255339,11255308,11255308,10
2025-10-02 15:04:19,75159,pairwise,LinkedCells,1.000000,lc_c08,none,SoA,disabled,13822689,13710702,13655419,13641594,13626735,13668415,13609482,13645802,13610770,13622923,13661453,13661453,10
2025-10-02 15:04:19,75169,pairwise,LinkedCells,1.000000,lc_c08,none,SoA,enabled,10406230,10302361,10286734,10277770,10279000,10268905,10278717,10283007,10279838,10256246,10291880,10291880,10
2025-10-02 15:04:19,75179,pairwise,LinkedCells,1.000000,lc_c18,none,AoS,disabled,14883786,14854084,14859261,14853938,14863030,14872772,14860092,14853667,14873655,14860575,14863485,14863485,10
2025-10-02 15:04:19,75189,pairwise,LinkedCells,1.000000,lc_c18,none,AoS,enabled,11074086,11053826,11060096,11055067,11048286,11056481,11054997,11051966,11053228,11050034,11055806,11055806,10
2025-10-02 15:04:19,75199,pairwise,LinkedCells,1.000000,lc_c18,none,SoA,disabled,13224583,13156551,13151310,13147408,13151997,13158404,13163235,13161049,13171082,13172275,13165788,13165788,10
2025-10-02 15:04:19,75209,pairwise,LinkedCells,1.000000,lc_c18,none,SoA,enabled,9474573,9434159,9421808,9431810,9416877,9441497,9426335,9437667,9421098,9429966,9433578,9433578,10
2025-10-02 15:04:20,75219,pairwise,LinkedCells,1.000000,lc_sliced,none,AoS,disabled,15797571,15764014,15761264,15811506,15766546,15825164,15748259,15807811,15800664,15703039,15778583,15778583,10
2025-10-02 15:04:20,75229,pairwise,LinkedCells,1.000000,lc_sliced,none,AoS,enabled,11308175,11061156,11309262,11293178,11298991,11308508,11315340,11273377,11304963,11279334,11275227,11275227,10
2025-10-02 15:04:20,75239,pairwise,LinkedCells,1.000000,lc_sliced,none,SoA,disabled,11744461,11723957,11732686,11726957,11733822,11653431,11688088,11685699,11687651,11692945,11706969,11706969,10
2025-10-02 15:04:20,75249,pairwise,LinkedCells,1.000000,lc_sliced,none,SoA,enabled,7303274,7359643,7353353,7311310,7325827,7321293,7317408,7313485,7341327,7293607,7324052,7324052,10
2025-10-02 15:04:20,75259,pairwise,LinkedCells,1.000000,lc_sliced_balanced,none,AoS,disabled,15863417,15828013,15842026,15812009,15812141,15823020,15811397,15798942,15789921,15850169,15823105,15823105,10
2025-10-02 15:04:20,75269,pairwise,LinkedCells,1.000000,lc_sliced_balanced,none,AoS,enabled,11316432,11343503,11316964,11337998,11331572,11331971,11334734,11314515,11333004,11345511,11330619,11330619,10
2025-10-02 15:04:20,75279,pairwise,LinkedCells,1.000000,lc_sliced_balanced,none,SoA,disabled,11794631,11723585,11734414,11727804,11687188,11713335,11695578,11675788,11690862,11710443,11715362,11715362,10
2025-10-02 15:04:20,75289,pairwise,LinkedCells,1.000000,lc_sliced_balanced,none,SoA,enabled,7344179,7308568,7331532,7295860,7328192,7317308,7323409,7335937,7294046,7325177,7320420,7320420,10
2025-10-02 15:04:21,75299,pairwise,LinkedCells,1.000000,lc_sliced_balanced,squared-particles-per-cell,AoS,disabled,16026811,15783064,15782150,15780502,15779615,15778417,15782588,15757120,15772145,15759493,15800190,15800190,10
2025-10-02 15:04:21,75309,pairwise,LinkedCells,1.000000,lc_sliced_balanced,squared-particles-per-cell,AoS,enabled,11340757,11328112,11330653,11335520,11321092,11306557,11303669,11297470,11305653,11290234,11315971,11315971,10
2025-10-02 15:04:21,75319,pairwise,LinkedCells,1.000000,lc_sliced_balanced,squared-particles-per-cell,SoA,disabled,13706653,11732882,11716843,11701990,11682131,11673005,11686066,11732066,11630208,11744452,11900629,11900629,10
2025-10-02 15:04:21,75329,pairwise,LinkedCells,1.000000,lc_sliced_balanced,squared-particles-per-cell,SoA,enabled,7674933,7429853,7408635,7408997,7386053,7334851,7383154,7342713,7420551,7399570,7418930,7418930,10
2025-10-02 15:04:21,75339,pairwise,LinkedCells,1.000000,lc_sliced_c02,none,AoS,disabled,16075214,15841129,15743275,15730644,15811192,15819199,15731480,15795974,15805058,15869697,15822286,15822286,10
2025-10-02 15:04:21,75349,pairwise,LinkedCells,1.000000,lc_sliced_c02,none,AoS,enabled,11366546,11297163,11302576,11267176,11308535,11313605,11248438,11262653,11281044,11260307,11290803,11290803,10
2025-10-02 15:04:21,75359,pairwise,LinkedCells,1.000000,lc_sliced_c02,none,SoA,disabled,13539644,11767062,11781778,11781726,11672778,11627482,11710432,11819514,11741963,11693930,11913630,11913630,10
2025-10-02 15:04:22,75369,pairwise,LinkedCells,1.000000,lc_sliced_c02,none,SoA,enabled,7581141,7596367,7317702,7334806,7318934,7408564,7416492,7333883,7472490,7502986,7428336,7428336,10
2025-10-02 15:04:22,75379,pairwise,VerletClusterLists,1.000000,vcl_c01_balanced,none,AoS,disabled,137902043,32369585,32387439,32368182,32488472,32429430,32386953,32314353,32384913,32378669,42941003,42941003,10
2025-10-02 15:04:22,75389,pairwise,VerletClusterLists,1.000000,vcl_c01_balanced,none,SoA,disabled,96965609,11353524,11351366,11370012,11315360,11345303,11323186,11310097,11318002,11347064,19899951,19899951,10
2025-10-02 15:04:23,75399,pairwise,VerletClusterLists,1.000000,vcl_c06,none,AoS,disabled,123180168,38555782,38605380,38009668,38394282,37703773,38898510,38425554,38438317,38774498,46898592,46898592,10
2025-10-02 15:04:23,75409,pairwise,VerletClusterLists,1.000000,vcl_c06,none,AoS,enabled,66145954,19646756,19276823,19547137,19376175,19314049,19371166,19086633,19740815,19251059,24075656,24075656,10
2025-10-02 15:04:23,75419,pairwise,VerletClusterLists,1.000000,vcl_c06,none,SoA,disabled,98567937,13223816,13264404,13215745,13349771,13124196,13408165,13177374,13502503,13347810,21818171,21818171,10
2025-10-02 15:04:23,75429,pairwise,VerletClusterLists,1.000000,vcl_c06,none,SoA,enabled,54586333,7334090,7399477,7592883,7386617,7433247,7301167,7417917,7492259,7334952,12127893,12127893,10
2025-10-02 15:04:24,75439,pairwise,VerletClusterLists,1.000000,vcl_sliced,none,AoS,disabled,161636345,76456155,79824152,84587382,93663851,76419037,86646263,93818240,84540122,93759319,93135086,93135086,10
2025-10-02 15:04:25,75449,pairwise,VerletClusterLists,1.000000,vcl_sliced,none,AoS,enabled,91053006,41054056,47149394,47176942,44262485,47146302,44230664,47250158,44920515,47112114,50135563,50135563,10
2025-10-02 15:04:25,75459,pairwise,VerletClusterLists,1.000000,vcl_sliced,none,SoA,disabled,110966802,20588741,25935157,24843549,24844863,24853024,24833125,24835245,25862830,24803288,33236662,33236662,10
2025-10-02 15:04:25,75469,pairwise,VerletClusterLists,1.000000,vcl_sliced,none,SoA,enabled,61207111,13483719,12532872,12250191,12521359,13487543,14068952,13309896,12515216,14038360,17941521,17941521,10
2025-10-02 15:04:26,75479,pairwise,VerletClusterLists,1.000000,vcl_sliced_balanced,none,AoS,disabled,177794825,92683667,92654893,92765786,92603852,92777848,92658110,92700276,92696540,92665798,101200159,101200159,10
2025-10-02 15:04:27,75489,pairwise,VerletClusterLists,1.000000,vcl_sliced_balanced,none,AoS,enabled,93631719,46998965,47017390,47028283,46988321,46960690,47030363,46982968,46964447,46938764,51654190,51654190,10
2025-10-02 15:04:27,75499,pairwise,VerletClusterLists,1.000000,vcl_sliced_balanced,none,SoA,disabled,110686488,25723707,25609428,25586219,25615511,25596468,25603120,25600326,25655748,25598857,34127586,34127586,10
2025-10-02 15:04:28,75509,pairwise,VerletClusterLists,1.000000,vcl_sliced_balanced,none,SoA,enabled,61058028,13919090,13921602,13931211,13927917,13930142,13911570,13920992,13915819,13926735,18636310,18636310,10
2025-10-02 15:04:29,75519,pairwise,VerletClusterLists,1.000000,vcl_sliced_balanced,neighbor-list-length,AoS,disabled,194207939,92643659,92628001,92679163,92587379,92624626,92680450,92681264,92617868,92622455,102797279,102797279,10
2025-10-02 15:04:29,75529,pairwise,VerletClusterLists,1.000000,vcl_sliced_balanced,neighbor-list-length,AoS,enabled,93896684,46958522,46906977,47023678,46975960,46966712,46995315,46998099,46991790,47096613,51681034,51681034,10
2025-10-02 15:04:29,75539,pairwise,VerletClusterLists,1.000000,vcl_sliced_balanced,neighbor-list-length,SoA,disabled,110883969,25627602,25673653,25652554,25628221,25638600,25644790,25651130,25636760,25631762,34166903,34166903,10
2025-10-02 15:04:30,75549,pairwise,VerletClusterLists,1.000000,vcl_sliced_balanced,neighbor-list-length,SoA,enabled,61110078,14002981,13987417,14003506,13973362,13968439,14012689,13998524,14017579,13995505,18707007,18707007,10
2025-10-02 15:04:31,75559,pairwise,VerletClusterLists,1.000000,vcl_sliced_c02,none,AoS,disabled,206630165,101566008,95952825,103561712,103490878,99272034,107023031,99167918,106933502,112502568,113610063,113610063,10
2025-10-02 15:04:31,75569,pairwise,VerletClusterLists,1.000000,vcl_sliced_c02,none,AoS,enabled,104216119,55184615,52946822,55266845,55153829,48432641,52604015,50617554,52923912,52717402,58006375,58006375,10
2025-10-02 15:04:32,75579,pairwise,VerletClusterLists,1.000000,vcl_sliced_c02,none,SoA,disabled,115849637,30976654,29632376,30990876,32093472,29692921,29598473,32987601,33048059,30874220,39574428,39574428,10
2025-10-02 15:04:32,75589,pairwise,VerletClusterLists,1.000000,vcl_sliced_c02,none,SoA,enabled,62902770,17569356,16548508,16705472,16700160,17479945,17519077,17829708,17015591,17553030,21782361,21782361,10
2025-10-02 15:04:32,75599,pairwise,VerletLists,1.000000,vl_list_iteration,none,AoS,disabled,63829820,11517056,11531380,11513880,11516292,11512462,11507761,11524318,11517541,11524421,16749492,16749492,10
2025-10-02 15:04:33,75609,pairwise,VerletLists,1.000000,vl_list_iteration,none,SoA,disabled,219769436,11914498,11803401,11872012,11833459,11832952,11827160,11752460,11733888,11850772,32619003,32619003,10
2025-10-02 15:04:33,75619,pairwise,VerletListsCells,1.000000,vlc_c01,none,AoS,disabled,68505211,9237030,9249248,9249476,9243383,9241088,9249261,9258227,9243321,9234443,15171068,15171068,10
2025-10-02 15:04:33,75629,pairwise,VerletListsCells,1.000000,vlc_c01,none,SoA,disabled,229799556,12456601,12432956,12440901,12431076,12465364,12443880,12438256,12455604,12428664,34179285,34179285,10
2025-10-02 15:04:33,75639,pairwise,VerletListsCells,1.000000,vlc_c18,none,AoS,disabled,54131030,8754858,8768672,8768230,8778132,8764249,8767511,8768111,8771803,8767272,13303986,13303986,10
2025-10-02 15:04:34,75649,pairwise,VerletListsCells,1.000000,vlc_c18,none,AoS,enabled,37933358,5405036,5375397,5374444,5358439,5365486,5361438,5363909,5368793,5367309,8627360,8627360,10
2025-10-02 15:04:34,75659,pairwise,VerletListsCells,1.000000,vlc_c18,none,SoA,disabled,350046646,15951008,15952645,15954005,15971898,15995686,15957941,15953334,15938987,15960424,49368256,49368256,10
2025-10-02 15:04:34,75669,pairwise,VerletListsCells,1.000000,vlc_c18,none,SoA,enabled,218102077,12705587,12728810,12723910,12721613,12512907,11898145,11940671,11900592,11923620,32915792,32915792,10
2025-10-02 15:04:34,75679,pairwise,VerletListsCells,1.000000,vlc_c08,none,AoS,disabled,48776017,9141536,9123252,9131718,9132399,9123698,9126169,9114135,9113834,9127374,13091012,13091012,10
2025-10-02 15:04:35,75689,pairwise,VerletListsCells,1.000000,vlc_c08,none,AoS,enabled,41680726,6007701,5971110,5967326,5978589,5977866,5977402,5978448,5973932,5976256,9548935,9548935,10
2025-10-02 15:04:35,75699,pairwise,VerletListsCells,1.000000,vlc_c08,none,SoA,disabled,319555760,15408109,15355552,15419771,15385567,15396713,15390702,15373329,15395944,15385855,45806729,45806729,10
2025-10-02 15:04:35,75709,pairwise,VerletListsCells,1.000000,vlc_c08,none,SoA,enabled,234375128,13507331,13507802,13508826,13530670,13495407,13500509,13526813,13497704,13533249,35598343,35598343,10
2025-10-02 15:04:36,75719,pairwise,VerletListsCells,1.000000,vlc_sliced,none,AoS,disabled,60138019,14175192,14192238,14102171,14134859,13215620,14123884,14202518,14170552,14231342,18668638,18668638,10
2025-10-02 15:04:36,75729,pairwise,VerletListsCells,1.000000,vlc_sliced,none,AoS,enabled,40006462,6393060,6380569,6378759,6347255,6315493,6362955,6326113,6319738,6279228,9710962,9710962,10
2025-10-02 15:04:36,75739,pairwise,VerletListsCells,1.000000,vlc_sliced,none,SoA,disabled,364795998,18886543,18734293,18717052,18701327,18757604,18754095,18693780,18744403,18686704,53347179,53347179,10
2025-10-02 15:04:37,75749,pairwise,VerletListsCells,1.000000,vlc_sliced,none,SoA,enabled,216607998,12916889,12889102,12886518,12855387,12664163,12043828,11993838,12002817,12020528,32888106,32888106,10
2025-10-02 15:04:37,75759,pairwise,VerletListsCells,1.000000,vlc_sliced_balanced,none,AoS,disabled,58204346,13293885,13249688,13293821,13293541,13280034,13273657,13247741,13242562,13254028,17763330,17763330,10
2025-10-02 15:04:37,75769,pairwise,VerletListsCells,1.000000,vlc_sliced_balanced,none,AoS,enabled,38855781,6441129,6388753,6368152,6381486,6369804,6368391,6357425,6364337,6355809,9625106,9625106,10
2025-10-02 15:04:37,75779,pairwise,VerletListsCells,1.000000,vlc_sliced_balanced,none,SoA,disabled,353637719,19149235,19081721,19069326,19087125,19106881,19058552,19024465,19080061,19047957,52534304,52534304,10
2025-10-02 15:04:38,75789,pairwise,VerletListsCells,1.000000,vlc_sliced_balanced,none,SoA,enabled,217925229,12959301,12901321,12907167,12866159,12147098,12075308,12127852,12043874,12055904,33000921,33000921,10
2025-10-02 15:04:38,75799,pairwise,VerletListsCells,1.000000,vlc_sliced_balanced,squared-particles-per-cell,AoS,disabled,58562619,12471748,12462110,12435936,12437309,12417501,12441068,12454436,12424856,12442326,17054990,17054990,10
2025-10-02 15:04:38,75809,pairwise,VerletListsCells,1.000000,vlc_sliced_balanced,squared-particles-per-cell,AoS,enabled,39081008,6534833,6519817,6513163,6511978,6489237,6493441,6485049,6480194,6490323,9759903,9759903,10
2025-10-02 15:04:39,75819,pairwise,VerletListsCells,1.000000,vlc_sliced_balanced,squared-particles-per-cell,SoA,disabled,344830887,19087571,19012298,19012580,18967889,18967439,19010185,18980968,18986028,18940766,51579660,51579660,10
2025-10-02 15:04:39,75829,pairwise,VerletListsCells,1.000000,vlc_sliced_balanced,squared-particles-per-cell,SoA,enabled,233104257,12960390,12982946,12987238,12937107,12983019,11999880,12038926,12062003,12031065,34608682,34608682,10
2025-10-02 15:04:39,75839,pairwise,VerletListsCells,1.000000,vlc_sliced_balanced,neighbor-list-length,AoS,disabled,58409833,13503112,13506579,13483269,13467296,13504791,13468338,13496891,13494693,13487129,17982193,17982193,10
2025-10-02 15:04:39,75849,pairwise,VerletListsCells,1.000000,vlc_sliced_balanced,neighbor-list-length,AoS,enabled,39142570,6754748,6765050,6751050,6760811,6729488,6735518,6721336,6744988,6737952,9984351,9984351,10
2025-10-02 15:04:40,75859,pairwise,VerletListsCells,1.000000,vlc_sliced_balanced,neighbor-list-length,SoA,disabled,350994023,19975644,19886678,19875522,19810831,19869348,19829872,19826856,19880718,19805618,52975511,52975511,10
2025-10-02 15:04:40,75869,pairwise,VerletListsCells,1.000000,vlc_sliced_balanced,neighbor-list-length,SoA,enabled,235392106,13340063,13241524,13255981,13253114,13238718,12335230,12291268,12293149,12287234,35092838,35092838,10
2025-10-02 15:04:41,75879,pairwise,VerletListsCells,1.000000,vlc_sliced_c02,none,AoS,disabled,60985916,16320730,16239756,16254356,16246938,16280752,16254715,16297273,16243332,16277097,20740085,20740085,10
2025-10-02 15:04:41,75889,pairwise,VerletListsCells,1.000000,vlc_sliced_c02,none,AoS,enabled,40936132,8428917,8443194,8443171,8407196,8453247,8282180,8414299,8402803,8414795,11662593,11662593,10
2025-10-02 15:04:41,75899,pairwise,VerletListsCells,1.000000,vlc_sliced_c02,none,SoA,disabled,350564936,23291126,23285581,23207947,23127926,23229399,23155050,22551558,23253415,23280862,55894779,55894779,10
2025-10-02 15:04:42,75909,pairwise,VerletListsCells,1.000000,vlc_sliced_c02,none,SoA,enabled,235059939,15021154,14877991,14819168,14957587,14951749,14692076,14077266,13991154,14033531,36648161,36648161,10
2025-10-02 15:04:42,75919,pairwise,PairwiseVerletLists,1.000000,vlp_c01,none,AoS,disabled,79319890,11156404,11159191,11181645,11174071,11170225,11173682,11162118,11169014,11174002,17984024,17984024,10
2025-10-02 15:04:43,75929,pairwise,PairwiseVerletLists,1.000000,vlp_c01,none,SoA,disabled,637438421,22676414,22726850,22757556,22710971,22704430,22715378,22714110,22706256,22690627,84184101,84184101,10
2025-10-02 15:04:43,75939,pairwise,PairwiseVerletLists,1.000000,vlp_c18,none,AoS,disabled,73682371,11673239,11664546,11668406,11672067,11669458,11675042,11660863,11669479,11668974,17870444,17870444,10
2025-10-02 15:04:43,75949,pairwise,PairwiseVerletLists,1.000000,vlp_c18,none,AoS,enabled,84684446,7284050,7264962,7272363,7275060,7268474,7275812,7261738,7273584,7261031,15012152,15012152,10
2025-10-02 15:04:44,75959,pairwise,PairwiseVerletLists,1.000000,vlp_c18,none,SoA,disabled,822518466,21816868,21845645,21816194,21803644,21796250,21777584,21828105,21813820,21806223,101882279,101882279,10
2025-10-02 15:04:45,75969,pairwise,PairwiseVerletLists,1.000000,vlp_c18,none,SoA,enabled,553541127,16468502,16440190,16425418,16449884,16446425,16444802,16440999,16456044,16443576,70155696,70155696,10
2025-10-02 15:04:45,75979,pairwise,PairwiseVerletLists,1.000000,vlp_sliced,none,AoS,disabled,81172411,18052709,18048444,18016804,18054100,17828509,18073246,18056446,17983173,18098844,24338468,24338468,10
2025-10-02 15:04:45,75989,pairwise,PairwiseVerletLists,1.000000,vlp_sliced,none,AoS,enabled,93749516,8711879,8620830,8625397,8553433,8590024,8658061,8533180,8539086,8649849,17123125,17123125,10
2025-10-02 15:04:46,75999,pairwise,PairwiseVerletLists,1.000000,vlp_sliced,none,SoA,disabled,793938631,28084301,28164198,28257967,28172878,28181909,28186317,27877077,28326130,28166664,104735606,104735606,10
2025-10-02 15:04:47,76009,pairwise,PairwiseVerletLists,1.000000,vlp_sliced,none,SoA,enabled,564426685,19803698,19599415,19641551,19629415,19523798,19653244,19685287,19552141,19623400,74113863,74113863,10
2025-10-02 15:04:47,76019,pairwise,PairwiseVerletLists,1.000000,vlp_sliced_balanced,none,AoS,disabled,81085052,18235508,18238653,18272522,18250287,18257158,18275913,18199672,18176415,18206410,24519758,24519758,10
2025-10-02 15:04:48,76029,pairwise,PairwiseVerletLists,1.000000,vlp_sliced_balanced,none,AoS,enabled,94423472,8716011,8693336,8688486,8695178,8683034,8683996,8685450,8680005,8665999,17261495,17261495,10
2025-10-02 15:04:49,76039,pairwise,PairwiseVerletLists,1.000000,vlp_sliced_balanced,none,SoA,disabled,797993110,28418726,28432639,28337618,28387632,28354548,28350513,28349177,28355116,28342292,105332136,105332136,10
2025-10-02 15:04:49,76049,pairwise,PairwiseVerletLists,1.000000,vlp_sliced_balanced,none,SoA,enabled,568365268,19800364,19749956,19739491,19715502,19720459,19731503,19698982,19697101,19731557,74595018,74595018,10
2025-10-02 15:04:50,76059,pairwise,PairwiseVerletLists,1.000000,vlp_sliced_c02,none,AoS,disabled,86781215,24139870,24116289,23752262,24159381,24220967,24144217,23889174,24068174,24274153,30354570,30354570,10
2025-10-02 15:04:50,76069,pairwise,PairwiseVerletLists,1.000000,vlp_sliced_c02,none,AoS,enabled,96648815,11211045,11232212,11089154,11184425,11133133,11179635,11215075,11129195,11156854,19717953,19717953,10
2025-10-02 15:04:51,76079,pairwise,PairwiseVerletLists,1.000000,vlp_sliced_c02,none,SoA,disabled,805548782,35193621,35098483,34928125,34741357,34854165,34972869,34830314,34854383,34967953,111999004,111999004,10
2025-10-02 15:04:52,76089,pairwise,PairwiseVerletLists,1.000000,vlp_sliced_c02,none,SoA,enabled,571221399,24012154,23971260,23868860,24004075,24048757,24070419,23937968,23870040,23774625,78677955,78677955,10
2025-10-02 15:04:52,76099,pairwise,PairwiseVerletLists,1.000000,vlp_c08,none,AoS,disabled,78764892,15886288,15848270,15835148,15817057,15812934,15806461,15809027,15805547,15801711,22118732,22118732,10
2025-10-02 15:04:52,76109,pairwise,PairwiseVerletLists,1.000000,vlp_c08,none,AoS,enabled,94808681,8987498,8920006,8908474,8907687,8907678,8912383,8895187,8908044,8899754,17505539,17505539,10
2025-10-02 15:04:53,76119,pairwise,PairwiseVerletLists,1.000000,vlp_c08,none,SoA,disabled,794189155,25295625,25153075,25155605,25160643,25173590,25148213,25156872,25183739,25132772,102074928,102074928,10
2025-10-02 15:04:54,76129,pairwise,PairwiseVerletLists,1.000000,vlp_c08,none,SoA,enabled,564512672,18347123,18354250,18328316,18335574,18351840,18325193,18338664,18307480,18329338,72953044,72953044,10
2025-10-02 15:06:18,80009,pairwise,LinkedCells,1.000000,lc_c01,none,AoS,disabled,20839271,20692799,20685707,20680574,20676854,20679848,20679772,20664255,20660744,20657003,20691682,20691682,10
2025-10-02 15:06:18,80019,pairwise,LinkedCells,1.000000,lc_c01,none,SoA,disabled,12195874,12132440,12132753,12142433,12122203,12118366,12136874,12137115,12131385,12136266,12138570,12138570,10
2025-10-02 15:06:18,80029,pairwise,LinkedCells,1.000000,lc_c01_combined_SoA,none,SoA,disabled,9995424,10047439,10024071,10087904,10077225,10059439,10096273,10292218,10093856,10058710,10083255,10083255,10
2025-10-02 15:06:18,80039,pairwise,LinkedCells,1.000000,lc_c04,none,AoS,disabled,15341575,15330930,15351387,15169629,15186948,15186174,15406769,15223549,15301283,15192479,15269071,15269071,10
2025-10-02 15:06:18,80049,pairwise,LinkedCells,1.000000,lc_c04,none,AoS,enabled,11078619,10973748,11034496,10991200,11030518,11079900,11028483,11029977,10989815,10974709,11021145,11021145,10
2025-10-02 15:06:19,80059,pairwise,LinkedCells,1.000000,lc_c04,none,SoA,disabled,11687096,11682914,11698132,11667052,11763185,11682161,11678150,11652891,11684972,11684321,11688086,11688086,10
2025-10-02 15:06:19,80069,pairwise,LinkedCells,1.000000,lc_c04,none,SoA,enabled,7727373,7668897,7682854,7678431,7648138,7677822,7660746,7694581,7685409,7659019,7678326,7678326,10
2025-10-02 15:06:19,80079,pairwise,LinkedCells,1.000000,lc_c04_HCP,none,AoS,disabled,13931453,13900629,13892645,13907559,13898785,13904756,13899114,13886790,13908403,13923730,13905386,13905386,10
2025-10-02 15:06:19,80089,pairwise,LinkedCells,1.000000,lc_c04_HCP,none,AoS,enabled,10204517,10201450,10182333,10180195,10192377,10184677,10191024,10195750,10204871,10203061,10194024,10194024,10
2025-10-02 15:06:19,80099,pairwise,LinkedCells,1.000000,lc_c04_HCP,none,SoA,disabled,11572487,11517685,11483060,11461457,11423576,11430036,11429318,11427255,11426510,11432455,11460383,11460383,10
2025-10-02 15:06:19,80109,pairwise,LinkedCells,1.000000,lc_c04_HCP,none,SoA,enabled,8059429,8019602,8009122,8006395,8006357,8004882,8004658,7997037,8011456,8003297,8012223,8012223,10
2025-10-02 15:06:19,80119,pairwise,LinkedCells,1.000000,lc_c04_combined_SoA,none,SoA,disabled,13207555,13166777,13380020,13270282,13220379,13248289,13066013,13110899,13215349,13196106,13208166,13208166,10
2025-10-02 15:06:19,80129,pairwise,LinkedCells,1.000000,lc_c04_combined_SoA,none,SoA,enabled,10296751,10213492,10227963,10158463,10214970,10185386,10216090,10239246,10198046,10259789,10221019,10221019,10
2025-10-02 15:06:20,80139,pairwise,LinkedCells,1.000000,lc_c08,none,AoS,disabled,14808859,14729145,14734871,14725523,14727614,14736854,14730979,14718532,14729718,14728613,14737070,14737070,10
2025-10-02 15:06:20,80149,pairwise,LinkedCells,1.000000,lc_c08,none,AoS,enabled,11112023,11100702,11098502,11093511,11102357,11105752,11095841,11094581,11096894,11099566,11099972,11099972,10
2025-10-02 15:06:20,80159,pairwise,LinkedCells,1.000000,lc_c08,none,SoA,disabled,13929743,13764734,13706299,13672849,13663978,13672006,13689685,13684343,13649123,13661318,13709407,13709407,10
2025-10-02 15:06:20,80169,pairwise,LinkedCells,1.000000,lc_c08,none,SoA,enabled,10523235,10415672,10393436,10398653,10402249,10378844,10368164,10368489,10380736,10365262,10399473,10399473,10
2025-10-02 15:06:20,80179,pairwise,LinkedCells,1.000000,lc_c18,none,AoS,disabled,14694773,14626551,14603434,14625814,14621138,14628957,14629932,14639600,14627329,14636576,14633410,14633410,10
2025-10-02 15:06:20,80189,pairwise,LinkedCells,1.000000,lc_c18,none,AoS,enabled,10993286,10951804,10952909,10941578,10957511,10950510,10949429,10951703,10959680,10958650,10956705,10956705,10
2025-10-02 15:06:20,80199,pairwise,LinkedCells,1.000000,lc_c18,none,SoA,disabled,12783663,12710672,12702285,12706774,12696207,12691578,12696285,12717275,12721932,12702009,12712867,12712867,10
2025-10-02 15:06:20,80209,pairwise,LinkedCells,1.000000,lc_c18,none,SoA,enabled,8923620,8851120,8858263,8849566,8851768,8867972,8844974,8863034,8855004,8866477,8863179,8863179,10
2025-10-02 15:06:21,80219,pairwise,LinkedCells,1.000000,lc_sliced,none,AoS,disabled,15979950,15961218,15940319,15970446,15934775,15954789,15948051,15945321,15970402,15941073,15954633,15954633,10
2025-10-02 15:06:21,80229,pairwise,LinkedCells,1.000000,lc_sliced,none,AoS,enabled,11494563,11472994,11467868,11468729,11481100,11469086,11479871,11476188,11423140,11479671,11471320,11471320,10
2025-10-02 15:06:21,80239,pairwise,LinkedCells,1.000000,lc_sliced,none,SoA,disabled,11927840,11899053,11928758,11892247,11844536,11826951,11876413,11875706,11873192,11886563,11883125,11883125,10
2025-10-02 15:06:21,80249,pairwise,LinkedCells,1.000000,lc_sliced,none,SoA,enabled,7540510,7482771,7450310,7520868,7450428,7495203,7489813,7499584,7497478,7477356,7490431,7490431,10
2025-10-02 15:06:21,80259,pairwise,LinkedCells,1.000000,lc_sliced_balanced,none,AoS,disabled,15978534,15952431,15942806,15935334,15916424,15920559,15930623,15930436,15917402,15914550,15933909,15933909,10
2025-10-02 15:06:21,80269,pairwise,LinkedCells,1.000000,lc_sliced_balanced,none,AoS,enabled,11464658,11473016,11453357,11450397,11465566,11448541,11463546,11482141,11496526,11464482,11466222,11466222,10
2025-10-02 15:06:21,80279,pairwise,LinkedCells,1.000000,lc_sliced_balanced,none,SoA,disabled,11918993,11868386,11877929,11817393,11829810,11838361,11847504,11847337,11786416,11811738,11844386,11844386,10
2025-10-02 15:06:21,80289,pairwise,LinkedCells,1.000000,lc_sliced_balanced,none,SoA,enabled,7476998,7485453,7438587,7506803,7457423,7466718,7451064,7442930,7464080,7458480,7464853,7464853,10
2025-10-02 15:06:22,80299,pairwise,LinkedCells,1.000000,lc_sliced_balanced,squared-particles-per-cell,AoS,disabled,16184312,15917894,15884627,15881561,15890192,15882967,15882797,15883341,15876244,15900887,15918481,15918481,10
2025-10-02 15:06:22,80309,pairwise,LinkedCells,1.000000,lc_sliced_balanced,squared-particles-per-cell,AoS,enabled,11609720,11433518,11432426,11425303,11435443,11441756,11446281,11434259,11427256,11415637,11450159,11450159,10
2025-10-02 15:06:22,80319,pairwise,LinkedCells,1.000000,lc_sliced_balanced,squared-particles-per-cell,SoA,disabled,13871438,11793345,11718975,11738087,11753758,11705776,11691257,11715411,11724217,11708466,11942072,11942072,10
2025-10-02 15:06:22,80329,pairwise,LinkedCells,1.000000,lc_sliced_balanced,squared-particles-per-cell,SoA,enabled,7636663,7429077,7364964,7359800,7336876,7348952,7352793,7371717,7335928,7358766,7389553,7389553,10
2025-10-02 15:06:22,80339,pairwise,LinkedCells,1.000000,lc_sliced_c02,none,AoS,disabled,16145577,15965401,16033695,15939227,15960368,15983527,15865054,15980860,15993395,15916253,15978335,15978335,10
2025-10-02 15:06:22,80349,pairwise,LinkedCells,1.000000,lc_sliced_c02,none,AoS,enabled,11496984,11400273,11353397,11392173,11457065,11397763,11381372,11422412,11424575,11400897,11412690,11412690,10
2025-10-02 15:06:22,80359,pairwise,LinkedCells,1.000000,lc_sliced_c02,none,SoA,disabled,13584009,11819310,11904814,11747803,11702644,11971671,11761843,11714765,11925864,11710979,11984369,11984369,10
2025-10-02 15:06:23,80369,pairwise,LinkedCells,1.000000,lc_sliced_c02,none,SoA,enabled,7525144,7325191,7313843,7329774,7318559,7305758,7294288,7303205,7287583,7314674,7331801,7331801,10
2025-10-02 15:06:23,80379,pairwise,VerletClusterLists,1.000000,vcl_c01_balanced,none,AoS,disabled,140229980,31905212,31878204,31870903,31888397,31820731,31885066,31835249,31894299,31810832,42701886,42701886,10
2025-10-02 15:06:23,80389,pairwise,VerletClusterLists,1.000000,vcl_c01_balanced,none,SoA,disabled,100466806,11292657,11261117,11242839,11282780,11331066,11261790,11276187,11331739,11274092,20202106,20202106,10
2025-10-02 15:06:24,80399,pairwise,VerletClusterLists,1.000000,vcl_c06,none,AoS,disabled,126875265,37721238,38845168,38564724,38039549,37242138,38281031,37551764,38297816,37911844,46933053,46933053,10
2025-10-02 15:06:24,80409,pairwise,VerletClusterLists,1.000000,vcl_c06,none,AoS,enabled,68808930,19223576,19675555,19566987,19443547,19152360,19364694,19382439,19528503,19298145,24344473,24344473,10
2025-10-02 15:06:24,80419,pairwise,VerletClusterLists,1.000000,vcl_c06,none,SoA,disabled,102245173,13451031,13548305,13411882,13561460,13363818,13515954,13507512,13232834,13594370,22343233,22343233,10
2025-10-02 15:06:24,80429,pairwise,VerletClusterLists,1.000000,vcl_c06,none,SoA,enabled,57247429,7477516,7461986,7405229,7452408,7487278,7552460,7640002,7524406,7402130,12465084,12465084,10
2025-10-02 15:06:25,80439,pairwise,VerletClusterLists,1.000000,vcl_sliced,none,AoS,disabled,162058356,73188636,91554778,73400173,77265244,91587479,73217679,91576983,73278788,91551216,89867933,89867933,10
2025-10-02 15:06:26,80449,pairwise,VerletClusterLists,1.000000,vcl_sliced,none,AoS,enabled,93159564,41797440,37179090,43389844,45926591,45969995,45966793,37046237,43403780,46104172,47994350,47994350,10
2025-10-02 15:06:26,80459,pairwise,VerletClusterLists,1.000000,vcl_sliced,none,SoA,disabled,113420572,24192889,24255647,24249755,25195315,25169607,25195600,24231361,20879952,25159839,33195053,33195053,10
2025-10-02 15:06:26,80469,pairwise,VerletClusterLists,1.000000,vcl_sliced,none,SoA,enabled,63486339,13756782,11759609,13345196,13684053,11772136,13282243,13765461,13223241,13265964,18134102,18134102,10
2025-10-02 15:06:27,80479,pairwise,VerletClusterLists,1.000000,vcl_sliced_balanced,none,AoS,disabled,180503851,91027433,90981356,91197414,91053745,91169608,91094644,91088377,90966736,91124199,100020736,100020736,10
2025-10-02 15:06:28,80489,pairwise,VerletClusterLists,1.000000,vcl_sliced_balanced,none,AoS,enabled,95682530,46155958,45996267,46050907,46083759,46034390,46096476,46141754,46128457,46094307,51046480,51046480,10
2025-10-02 15:06:28,80499,pairwise,VerletClusterLists,1.000000,vcl_sliced_balanced,none,SoA,disabled,114289476,25088059,25069227,25070790,25082202,25071098,25058159,25075893,25067458,25116857,33998921,33998921,10
2025-10-02 15:06:28,80509,pairwise,VerletClusterLists,1.000000,vcl_sliced_balanced,none,SoA,enabled,63369218,13720648,13721905,13665900,13654562,13672141,13661890,13667559,13715020,13669708,18651854,18651854,10
2025-10-02 15:06:30,80519,pairwise,VerletClusterLists,1.000000,vcl_sliced_balanced,neighbor-list-length,AoS,disabled,196891847,91097989,91085931,90886124,90926761,91039625,91006087,91011815,91063902,91066954,101607703,101607703,10
2025-10-02 15:06:30,80529,pairwise,VerletClusterLists,1.000000,vcl_sliced_balanced,neighbor-list-length,AoS,enabled,95272659,46136401,46000833,46097495,46116006,46087464,46084199,46118421,46058016,46119270,51009075,51009075,10
2025-10-02 15:06:30,80539,pairwise,VerletClusterLists,1.000000,vcl_sliced_balanced,neighbor-list-length,SoA,disabled,114390989,25109293,25103723,25095908,25092329,25118162,25119114,25108482,25107680,25097985,34034365,34034365,10
2025-10-02 15:06:31,80549,pairwise,VerletClusterLists,1.000000,vcl_sliced_balanced,neighbor-list-length,SoA,enabled,63504966,13730775,13694107,13702357,13683724,13716403,13691089,13695079,13691865,13686068,18679642,18679642,10
2025-10-02 15:06:32,80559,pairwise,VerletClusterLists,1.000000,vcl_sliced_c02,none,AoS,disabled,200773475,106970564,106940079,110510523,110454247,89858488,110555327,106936234,90506994,110557205,114406313,114406313,10
2025-10-02 15:06:32,80569,pairwise,VerletClusterLists,1.000000,vcl_sliced_c02,none,AoS,enabled,104869305,54747644,56014118,49712269,50971742,56022915,46184873,50997781,50994550,50974867,57149006,57149006,10
2025-10-02 15:06:33,80579,pairwise,VerletClusterLists,1.000000,vcl_sliced_c02,none,SoA,disabled,119200611,29277053,31824074,29262402,29549100,29625419,32458655,29635304,29652806,29479630,38996505,38996505,10
2025-10-02 15:06:33,80589,pairwise,VerletClusterLists,1.000000,vcl_sliced_c02,none,SoA,enabled,65971175,16511891,16295419,17338545,17310608,16599075,16704937,15886983,17321704,17592254,21753258,21753258,10
2025-10-02 15:06:33,80599,pairwise,VerletLists,1.000000,vl_list_iteration,none,AoS,disabled,62386302,11309487,11311940,11307424,11315995,11322496,11305714,11305204,11311109,11304099,16417976,16417976,10
2025-10-02 15:06:34,80609,pairwise,VerletLists,1.000000,vl_list_iteration,none,SoA,disabled,215336237,11599161,11603459,11601751,11576717,11574395,11553557,11526170,11603007,11554861,31952930,31952930,10
2025-10-02 15:06:34,80619,pairwise,VerletListsCells,1.000000,vlc_c01,none,AoS,disabled,66537637,9079901,9081885,9066288,9060035,9070180,9068010,9066098,9068149,9070985,14816916,14816916,10
2025-10-02 15:06:34,80629,pairwise,VerletListsCells,1.000000,vlc_c01,none,SoA,disabled,228348099,12353366,12347675,12314181,12313121,12314578,12328635,12322938,12322536,12306584,33927171,33927171,10
2025-10-02 15:06:34,80639,pairwise,VerletListsCells,1.000000,vlc_c18,none,AoS,disabled,51775532,8620693,8606799,8614479,8616283,8618184,8612527,8608864,8607997,8607381,12928873,12928873,10
2025-10-02 15:06:34,80649,pairwise,VerletListsCells,1.000000,vlc_c18,none,AoS,enabled,36726191,5298457,5275504,5280160,5254929,5263964,5255684,5255578,5255824,5252730,8411902,8411902,10
2025-10-02 15:06:35,80659,pairwise,VerletListsCells,1.000000,vlc_c18,none,SoA,disabled,343319306,15676693,15689841,15697443,15692016,15704114,15708219,15666693,15652233,15686658,48449321,48449321,10
2025-10-02 15:06:35,80669,pairwise,VerletListsCells,1.000000,vlc_c18,none,SoA,enabled,214703947,12505769,12519340,12542550,12541646,12356046,11744732,11740872,11724059,11747504,32412646,32412646,10
2025-10-02 15:06:35,80679,pairwise,VerletListsCells,1.000000,vlc_c08,none,AoS,disabled,48459425,8973807,8960748,8953464,8962242,8968948,8959586,8956209,8947122,8942919,12908446,12908446,10
2025-10-02 15:06:35,80689,pairwise,VerletListsCells,1.000000,vlc_c08,none,AoS,enabled,42677192,5916028,5887853,5890569,5884803,5887258,5894969,5896889,5898002,5893727,9572728,9572728,10
2025-10-02 15:06:36,80699,pairwise,VerletListsCells,1.000000,vlc_c08,none,SoA,disabled,318950709,15143920,15144225,15174799,15146086,15147790,15167777,15125986,15143882,15124258,45526942,45526942,10
2025-10-02 15:06:36,80709,pairwise,VerletListsCells,1.000000,vlc_c08,none,SoA,enabled,235941582,13276123,13276062,13243971,13281415,13258591,13256919,13272146,13259064,13271102,35533696,35533696,10
2025-10-02 15:06:36,80719,pairwise,VerletListsCells,1.000000,vlc_sliced,none,AoS,disabled,58167418,13778603,13847826,13691736,13867225,13678297,13800577,13857628,13772764,13849826,18231189,18231189,10
2025-10-02 15:06:37,80729,pairwise,VerletListsCells,1.000000,vlc_sliced,none,AoS,enabled,39478553,6234502,6355355,6257294,6368051,6236149,6292617,6296517,6314456,6305179,9613866,9613866,10
2025-10-02 15:06:37,80739,pairwise,VerletListsCells,1.000000,vlc_sliced,none,SoA,disabled,365076276,19244326,19122270,19053720,18740093,18957371,18938158,18958970,19026824,18934718,53605272,53605272,10
2025-10-02 15:06:37,80749,pairwise,VerletListsCells,1.000000,vlc_sliced,none,SoA,enabled,212110004,12778927,12758406,12742809,12764182,12548075,11932600,11980743,11958420,11963927,32353808,32353808,10
2025-10-02 15:06:38,80759,pairwise,VerletListsCells,1.000000,vlc_sliced_balanced,none,AoS,disabled,55774409,12550127,12544200,12533378,12583813,12589595,12559305,12583917,12561397,12532378,16881251,16881251,10
2025-10-02 15:06:38,80769,pairwise,VerletListsCells,1.000000,vlc_sliced_balanced,none,AoS,enabled,38064723,6374638,6370499,6333045,6335492,6321720,6313270,6322406,6322448,6296489,9505473,9505473,10
2025-10-02 15:06:38,80779,pairwise,VerletListsCells,1.000000,vlc_sliced_balanced,none,SoA,disabled,352646099,19614038,19529669,19520091,19557026,19543827,19525029,19536174,19535822,19515452,52852322,52852322,10
2025-10-02 15:06:39,80789,pairwise,VerletListsCells,1.000000,vlc_sliced_balanced,none,SoA,enabled,214187322,12879192,12803384,12817026,12838055,11998209,12004209,11976501,12014222,11975527,32549364,32549364,10
2025-10-02 15:06:39,80799,pairwise,VerletListsCells,1.000000,vlc_sliced_balanced,squared-particles-per-cell,AoS,disabled,56928519,12499251,12508252,12473876,12460278,12478808,12544679,12456227,12460280,12494543,16930470,16930470,10
2025-10-02 15:06:39,80809,pairwise,VerletListsCells,1.000000,vlc_sliced_balanced,squared-particles-per-cell,AoS,enabled,38407534,6572623,6529090,6524849,6507029,6515230,6497703,6503869,6499975,6494909,9705280,9705280,10
2025-10-02 15:06:40,80819,pairwise,VerletListsCells,1.000000,vlc_sliced_balanced,squared-particles-per-cell,SoA,disabled,346138611,19406323,19322173,19341766,19283617,19356559,19314021,19311694,19253618,19358627,52008700,52008700,10
2025-10-02 15:06:40,80829,pairwise,VerletListsCells,1.000000,vlc_sliced_balanced,squared-particles-per-cell,SoA,enabled,229897465,13002324,13012067,13039223,12998525,13045267,12133971,12124131,12148729,12138237,34353993,34353993,10
2025-10-02 15:06:40,80839,pairwise,VerletListsCells,1.000000,vlc_sliced_balanced,neighbor-list-length,AoS,disabled,58624412,13163933,13181691,13184451,13160623,13127185,13135830,13148256,13174764,13157577,17705871,17705871,10
2025-10-02 15:06:40,80849,pairwise,VerletListsCells,1.000000,vlc_sliced_balanced,neighbor-list-length,AoS,enabled,38432331,6622636,6600020,6583735,6580361,6580062,6569790,6560892,6561633,6545283,9763674,9763674,10
2025-10-02 15:06:41,80859,pairwise,VerletListsCells,1.000000,vlc_sliced_balanced,neighbor-list-length,SoA,disabled,343495377,20267341,20159154,20135581,20137629,20105266,20105351,20134961,20103590,20135703,52477994,52477994,10
2025-10-02 15:06:41,80869,pairwise,VerletListsCells,1.000000,vlc_sliced_balanced,neighbor-list-length,SoA,enabled,232609992,13415325,13384108,13383523,13335405,13408431,12502520,12491351,12456453,12433402,34942050,34942050,10
2025-10-02 15:06:41,80879,pairwise,VerletListsCells,1.000000,vlc_sliced_c02,none,AoS,disabled,59764337,16485735,16342799,16273533,16432510,16395522,15569024,16403435,16307202,16378102,20635219,20635219,10
2025-10-02 15:06:42,80889,pairwise,VerletListsCells,1.000000,vlc_sliced_c02,none,AoS,enabled,40350124,8402010,8565469,8528714,8524154,8539196,8468909,8521404,8514390,8536020,11695038,11695038,10
2025-10-02 15:06:42,80899,pairwise,VerletListsCells,1.000000,vlc_sliced_c02,none,SoA,disabled,350071564,23689312,23607422,23006140,23548453,23579856,23420399,23418090,23587272,23606581,56153508,56153508,10
2025-10-02 15:06:43,80909,pairwise,VerletListsCells,1.000000,vlc_sliced_c02,none,SoA,enabled,232871756,15005039,14793846,14928488,14941932,14854830,14831516,13950311,13815846,13991602,36398516,36398516,10
2025-10-02 15:06:43,80919,pairwise,PairwiseVerletLists,1.000000,vlp_c01,none,AoS,disabled,77416511,11005547,11017159,11006073,11014379,11017488,11003110,11000587,11007536,11001638,17649002,17649002,10
2025-10-02 15:06:44,80929,pairwise,PairwiseVerletLists,1.000000,vlp_c01,none,SoA,disabled,649286018,21851409,21851596,21824292,21831642,21821342,21835663,21836220,21812479,21817397,84576805,84576805,10
2025-10-02 15:06:44,80939,pairwise,PairwiseVerletLists,1.000000,vlp_c18,none,AoS,disabled,71886053,11465223,11448814,11440015,11444012,11454888,11441394,11437595,11452174,11462497,17493266,17493266,10
2025-10-02 15:06:44,80949,pairwise,PairwiseVerletLists,1.000000,vlp_c18,none,AoS,enabled,85951359,7184566,7153301,7164547,7159054,7159913,7167960,7179040,7170259,7171684,15046167,15046167,10
2025-10-02 15:06:45,80959,pairwise,PairwiseVerletLists,1.000000,vlp_c18,none,SoA,disabled,840127266,22125429,21668985,21691315,21670458,21663216,21644932,21682999,21668719,21648699,103559201,103559201,10
2025-10-02 15:06:46,80969,pairwise,PairwiseVerletLists,1.000000,vlp_c18,none,SoA,enabled,558910803,16376844,16344305,16345654,16352898,16339874,16344980,16344544,16348314,16343280,70605148,70605148,10
2025-10-02 15:06:46,80979,pairwise,PairwiseVerletLists,1.000000,vlp_sliced,none,AoS,disabled,79635877,18549301,18528653,18395908,18562584,18562831,18576118,18256444,18511800,18741516,24632102,24632102,10
2025-10-02 15:06:46,80989,pairwise,PairwiseVerletLists,1.000000,vlp_sliced,none,AoS,enabled,92517644,8698140,8669739,8707640,8638238,8635105,8649409,8655608,8637318,8610636,17041947,17041947,10
2025-10-02 15:06:47,80999,pairwise,PairwiseVerletLists,1.000000,vlp_sliced,none,SoA,disabled,810194484,28770987,28269465,28757898,28495298,28729616,28483598,28529518,28681130,28442728,106735471,106735471,10
2025-10-02 15:06:48,81009,pairwise,PairwiseVerletLists,1.000000,vlp_sliced,none,SoA,enabled,562876000,20083635,19971535,20129384,19919145,19925246,19958790,19994420,20054857,19718274,74263128,74263128,10
2025-10-02 15:06:48,81019,pairwise,PairwiseVerletLists,1.000000,vlp_sliced_balanced,none,AoS,disabled,79952593,18876518,18848042,18830779,18864568,18828358,18824765,18830911,18849091,18817128,24952274,24952274,10
2025-10-02 15:06:48,81029,pairwise,PairwiseVerletLists,1.000000,vlp_sliced_balanced,none,AoS,enabled,93180267,8732252,8681596,8686567,8687050,8641359,8670919,8652380,8624131,8643679,17120019,17120019,10
2025-10-02 15:06:50,81039,pairwise,PairwiseVerletLists,1.000000,vlp_sliced_balanced,none,SoA,disabled,810519260,28787635,28738926,28747738,28775448,28748031,28700724,28705755,28753467,28768301,106924528,106924528,10
2025-10-02 15:06:50,81049,pairwise,PairwiseVerletLists,1.000000,vlp_sliced_balanced,none,SoA,enabled,571612081,20020693,19980703,19919984,19922443,19977949,19976916,19910115,19946688,19923709,75119127,75119127,10
2025-10-02 15:06:51,81059,pairwise,PairwiseVerletLists,1.000000,vlp_sliced_c02,none,AoS,disabled,86235446,24399279,24243501,24246425,24099867,24235499,24098348,24452991,24116148,24404706,30453221,30453221,10
2025-10-02 15:06:51,81069,pairwise,PairwiseVerletLists,1.000000,vlp_sliced_c02,none,AoS,enabled,95688836,11109161,11077130,11139393,11074690,11005567,11072874,11034413,11120792,11068395,19539125,19539125,10
2025-10-02 15:06:52,81079,pairwise,PairwiseVerletLists,1.000000,vlp_sliced_c02,none,SoA,disabled,817591887,35716028,35184194,35367187,35245661,35107228,35124653,35003257,35033437,35169171,113454270,113454270,10
2025-10-02 15:06:53,81089,pairwise,PairwiseVerletLists,1.000000,vlp_sliced_c02,none,SoA,enabled,574268003,24435639,24282466,24343215,24189282,24214607,24041807,24280043,24065394,24213975,79233443,79233443,10
2025-10-02 15:06:53,81099,pairwise,PairwiseVerletLists,1.000000,vlp_c08,none,AoS,disabled,77168291,15814068,15764322,15747718,15736208,15740678,15732174,15735113,15728613,15726407,21889358,21889358,10
2025-10-02 15:06:53,81109,pairwise,PairwiseVerletLists,1.000000,vlp_c08,none,AoS,enabled,93872488,8893593,8826983,8814914,8820489,8819789,8805960,8813901,8808419,8815432,17329196,17329196,10
2025-10-02 15:06:54,81119,pairwise,PairwiseVerletLists,1.000000,vlp_c08,none,SoA,disabled,806947961,25460149,25023608,25037138,25044282,24998643,24977110,24996987,25009058,25011048,103250597,103250597,10
2025-10-02 15:06:55,81129,pairwise,PairwiseVerletLists,1.000000,vlp_c08,none,SoA,enabled,568329969,18042817,18011986,17973193,18005125,17989762,18009583,18005550,18032725,17999525,73040023,73040023,10
2025-10-02 15:08:43,85009,pairwise,LinkedCells,1.000000,lc_c01,none,AoS,disabled,15683508,15280867,15252788,15254319,15244262,15234934,15241534,15244006,15235184,15249616,15292101,15292101,10
2025-10-02 15:08:43,85019,pairwise,LinkedCells,1.000000,lc_c01,none,SoA,disabled,9010185,8990277,8976982,8953707,8988506,8958806,8969283,8961551,8965561,8974166,8974902,8974902,10
2025-10-02 15:08:43,85029,pairwise,LinkedCells,1.000000,lc_c01_combined_SoA,none,SoA,disabled,7726959,7770011,7728873,7723436,7766366,7727692,7772933,7762764,7781148,7720786,7748096,7748096,10
2025-10-02 15:08:43,85039,pairwise,LinkedCells,1.000000,lc_c04,none,AoS,disabled,11283604,11020297,11116692,11037642,11178472,11043955,11045169,11056413,11091363,11093431,11096703,11096703,10
2025-10-02 15:08:43,85049,pairwise,LinkedCells,1.000000,lc_c04,none,AoS,enabled,7937493,7965667,7922307,8003970,7930066,7983211,8020868,8072716,7947209,7929814,7971332,7971332,10
2025-10-02 15:08:44,85059,pairwise,LinkedCells,1.000000,lc_c04,none,SoA,disabled,8630202,8575549,8595697,8493789,8567983,8555531,8608754,8555746,8485690,8586963,8565590,8565590,10
2025-10-02 15:08:44,85069,pairwise,LinkedCells,1.000000,lc_c04,none,SoA,enabled,5985049,5918452,5889131,5902227,5939092,5914541,5899939,5924586,5940126,5913178,5922631,5922631,10
2025-10-02 15:08:44,85079,pairwise,LinkedCells,1.000000,lc_c04_HCP,none,AoS,disabled,9752659,9726605,9735397,9721913,9746205,9726315,9721117,9737489,9730105,9733628,9733142,9733142,10
2025-10-02 15:08:44,85089,pairwise,LinkedCells,1.000000,lc_c04_HCP,none,AoS,enabled,7093683,7087683,7096269,7098920,7085090,7077484,7081970,7092734,7089514,7087580,7089092,7089092,10
2025-10-02 15:08:44,85099,pairwise,LinkedCells,1.000000,lc_c04_HCP,none,SoA,disabled,8400358,8355091,8335432,8331131,8331711,8337952,8329979,8330824,8329808,8314797,8339707,8339707,10
2025-10-02 15:08:44,85109,pairwise,LinkedCells,1.000000,lc_c04_HCP,none,SoA,enabled,6170610,6159655,6150807,6144915,6140471,6141819,6129718,6134502,6141398,6141606,6145549,6145549,10
2025-10-02 15:08:44,85119,pairwise,LinkedCells,1.000000,lc_c04_combined_SoA,none,SoA,disabled,10474451,10506598,10483772,10373529,10423968,10645671,10561688,10466514,10611290,10569451,10511693,10511693,10
2025-10-02 15:08:44,85129,pairwise,LinkedCells,1.000000,lc_c04_combined_SoA,none,SoA,enabled,8206425,8227882,8154000,8156733,8175443,8210150,8204547,8167700,8210195,8152422,8186549,8186549,10
2025-10-02 15:08:44,85139,pairwise,LinkedCells,1.000000,lc_c08,none,AoS,disabled,10419163,10353754,10346178,10341352,10343711,10347067,10354389,10352886,10361077,10363230,10358280,10358280,10
2025-10-02 15:08:44,85149,pairwise,LinkedCells,1.000000,lc_c08,none,AoS,enabled,7876843,7856688,7854396,7838397,7847353,7844929,7841423,7836253,7844471,7847847,7848859,7848859,10
2025-10-02 15:08:45,85159,pairwise,LinkedCells,1.000000,lc_c08,none,SoA,disabled,10454465,10340477,10283016,10288389,10274844,10265151,10277211,10272087,10277843,10257763,10299124,10299124,10
2025-10-02 15:08:45,85169,pairwise,LinkedCells,1.000000,lc_c08,none,SoA,enabled,8211016,8132736,8108015,8134017,8113511,8102757,8113473,8119024,8111452,8108240,8125423,8125423,10
2025-10-02 15:08:45,85179,pairwise,LinkedCells,1.000000,lc_c18,none,AoS,disabled,10385543,10345151,10350131,10342350,10340732,10356298,10340207,10348104,10340071,10337592,10348617,10348617,10
2025-10-02 15:08:45,85189,pairwise,LinkedCells,1.000000,lc_c18,none,AoS,enabled,7751355,7735857,7733645,7735155,7729235,7729238,7729733,7739443,7739247,7738569,7736147,7736147,10
2025-10-02 15:08:45,85199,pairwise,LinkedCells,1.000000,lc_c18,none,SoA,disabled,8992800,8968077,8956717,8960291,8961396,8947002,8974160,8957399,8976818,8959122,8965377,8965377,10
2025-10-02 15:08:45,85209,pairwise,LinkedCells,1.000000,lc_c18,none,SoA,enabled,6655348,6563697,6595222,6565637,6572533,6591810,6566190,6598067,6579205,6575674,6586337,6586337,10
2025-10-02 15:08:45,85219,pairwise,LinkedCells,1.000000,lc_sliced,none,AoS,disabled,12151128,12065693,12102698,12076340,11958749,12083393,12067144,12068223,12071799,12061328,12070649,12070649,10
2025-10-02 15:08:45,85229,pairwise,LinkedCells,1.000000,lc_sliced,none,AoS,enabled,8605717,8606427,8619023,8603619,8652512,8564057,8573968,8567420,8504529,8595700,8589296,8589296,10
2025-10-02 15:08:45,85239,pairwise,LinkedCells,1.000000,lc_sliced,none,SoA,disabled,8970339,8915464,8884034,8873715,8849454,8873793,8840874,8871861,8847134,8869770,8879643,8879643,10
2025-10-02 15:08:45,85249,pairwise,LinkedCells,1.000000,lc_sliced,none,SoA,enabled,5815139,5767927,5815492,5771869,5861120,5758426,5795103,5791757,5783762,5742506,5790309,5790309,10
2025-10-02 15:08:45,85259,pairwise,LinkedCells,1.000000,lc_sliced_balanced,none,AoS,disabled,12085503,12078242,12046076,12047761,12040008,12066251,12040552,12038570,12050355,12038471,12053178,12053178,10
2025-10-02 15:08:46,85269,pairwise,LinkedCells,1.000000,lc_sliced_balanced,none,AoS,enabled,8573453,8580174,8567120,8571523,8577484,8558553,8573659,8566258,8570110,8577466,8571579,8571579,10
2025-10-02 15:08:46,85279,pairwise,LinkedCells,1.000000,lc_sliced_balanced,none,SoA,disabled,8883403,8863389,8835368,8868279,8871770,8836736,8845242,8856513,8822516,8897579,8858078,8858078,10
2025-10-02 15:08:46,85289,pairwise,LinkedCells,1.000000,lc_sliced_balanced,none,SoA,enabled,5746137,5792880,5766034,5797664,5783596,5785717,5742612,5773208,5815711,5790281,5779383,5779383,10
2025-10-02 15:08:46,85299,pairwise,LinkedCells,1.000000,lc_sliced_balanced,squared-particles-per-cell,AoS,disabled,12401324,12116239,12106017,12101600,12103696,12091208,12094442,12086976,12104365,12085924,12129178,12129178,10
2025-10-02 15:08:46,85309,pairwise,LinkedCells,1.000000,lc_sliced_balanced,squared-particles-per-cell,AoS,enabled,8765036,8624783,8602286,8617831,8604633,8613682,8611749,8600928,8618054,8615786,8627476,8627476,10
2025-10-02 15:08:46,85319,pairwise,LinkedCells,1.000000,lc_sliced_balanced,squared-particles-per-cell,SoA,disabled,10126730,8843360,8802719,8807998,8800094,8789173,8773213,8788075,8777315,8771522,8928019,8928019,10
2025-10-02 15:08:46,85329,pairwise,LinkedCells,1.000000,lc_sliced_balanced,squared-particles-per-cell,SoA,enabled,6221020,6105083,5987214,5970942,5968399,6054886,6026131,6030431,6049062,6031382,6044454,6044454,10
2025-10-02 15:08:46,85339,pairwise,LinkedCells,1.000000,lc_sliced_c02,none,AoS,disabled,12257715,12078795,12033678,12051205,11948643,12023607,11875287,12020967,11944849,12050429,12028517,12028517,10
2025-10-02 15:08:46,85349,pairwise,LinkedCells,1.000000,lc_sliced_c02,none,AoS,enabled,8577315,8549247,8526985,8546620,8549169,8538458,8541633,8555176,8489122,8530598,8540432,8540432,10
2025-10-02 15:08:47,85359,pairwise,LinkedCells,1.000000,lc_sliced_c02,none,SoA,disabled,9977587,8823628,8798950,8893987,8822253,8744677,8728626,8772054,8801628,8612608,8897599,8897599,10
2025-10-02 15:08:47,85369,pairwise,LinkedCells,1.000000,lc_sliced_c02,none,SoA,enabled,5847580,5677056,5647320,5781506,5669886,5728096,5668249,5651422,5670200,5687105,5702842,5702842,10
2025-10-02 15:08:47,85379,pairwise,VerletClusterLists,1.000000,vcl_c01_balanced,none,AoS,disabled,122216521,22918373,22903201,22909909,22951272,22909084,22899529,22837703,22874888,22905119,32832559,32832559,10
2025-10-02 15:08:47,85389,pairwise,VerletClusterLists,1.000000,vcl_c01_balanced,none,SoA,disabled,93128258,8151724,8120001,8114150,8113906,8119311,8128226,8092801,8164349,8118779,16625150,16625150,10
2025-10-02 15:08:48,85399,pairwise,VerletClusterLists,1.000000,vcl_c06,none,AoS,disabled,128143315,45328366,44264628,46647048,42683115,43133379,46233992,43950173,45635472,43773960,52979344,52979344,10
2025-10-02 15:08:48,85409,pairwise,VerletClusterLists,1.000000,vcl_c06,none,AoS,enabled,61705797,21763297,21577441,21460871,21350205,20758166,21187708,21633958,22293252,22246329,25597701,25597701,10
2025-10-02 15:08:48,85419,pairwise,VerletClusterLists,1.000000,vcl_c06,none,SoA,disabled,98176350,15193213,15457207,15788288,15030862,16193259,15832306,15736809,15528554,15650156,23858699,23858699,10
2025-10-02 15:08:48,85429,pairwise,VerletClusterLists,1.000000,vcl_c06,none,SoA,enabled,50007015,8174645,8240605,7918300,8224215,7883485,8355609,7825807,7717407,8143982,12249106,12249106,10
2025-10-02 15:08:49,85439,pairwise,VerletClusterLists,1.000000,vcl_sliced,none,AoS,disabled,136023210,56267484,56306576,56468698,56274783,58738934,56252366,58884361,56298879,58930542,65044583,65044583,10
2025-10-02 15:08:49,85449,pairwise,VerletClusterLists,1.000000,vcl_sliced,none,AoS,enabled,71440096,28797765,28786770,29768316,29682658,28921737,29089475,28821751,27839054,29022194,33216980,33216980,10
2025-10-02 15:08:50,85459,pairwise,VerletClusterLists,1.000000,vcl_sliced,none,SoA,disabled,99536325,16177234,16009406,16076489,16393037,16058978,16371753,16388223,16188548,16427402,24562739,24562739,10
2025-10-02 15:08:50,85469,pairwise,VerletClusterLists,1.000000,vcl_sliced,none,SoA,enabled,50862342,8986750,8846431,8962365,8912706,8966566,8974149,8860522,8953465,8767020,13109231,13109231,10
2025-10-02 15:08:50,85479,pairwise,VerletClusterLists,1.000000,vcl_sliced_balanced,none,AoS,disabled,141489839,56635425,56537017,56629742,56372755,56587028,56485979,56474612,56584372,56499664,65029643,65029643,10
2025-10-02 15:08:51,85489,pairwise,VerletClusterLists,1.000000,vcl_sliced_balanced,none,AoS,enabled,70494333,29088076,29093096,29170137,29112805,29125699,29150356,29123767,29076460,29143757,33257848,33257848,10
2025-10-02 15:08:51,85499,pairwise,VerletClusterLists,1.000000,vcl_sliced_balanced,none,SoA,disabled,98134486,16174376,16123543,16075415,16114414,16060294,16058962,16053227,16044883,16039788,24287938,24287938,10
2025-10-02 15:08:51,85509,pairwise,VerletClusterLists,1.000000,vcl_sliced_balanced,none,SoA,enabled,50915411,8845190,8844350,8857950,8835650,8838131,8822083,8895853,8852817,8828941,13053636,13053636,10
2025-10-02 15:08:52,85519,pairwise,VerletClusterLists,1.000000,vcl_sliced_balanced,neighbor-list-length,AoS,disabled,151967645,56423648,56486656,56443391,56393386,56467502,56477690,56486962,56553975,56502656,66020350,66020350,10
2025-10-02 15:08:52,85529,pairwise,VerletClusterLists,1.000000,vcl_sliced_balanced,neighbor-list-length,AoS,enabled,70663748,29197489,29169957,29114265,29182439,29130903,29109581,29115396,29146019,29142994,33297278,33297278,10
2025-10-02 15:08:53,85539,pairwise,VerletClusterLists,1.000000,vcl_sliced_balanced,neighbor-list-length,SoA,disabled,98179918,16055656,16054806,16041391,16058295,16022796,16052182,16052208,16071941,16052360,24264154,24264154,10
2025-10-02 15:08:53,85549,pairwise,VerletClusterLists,1.000000,vcl_sliced_balanced,neighbor-list-length,SoA,enabled,50899805,9868101,8810301,8809673,8816338,8806554,8808762,8812446,8814735,8810565,13125727,13125727,10
2025-10-02 15:08:53,85559,pairwise,VerletClusterLists,1.000000,vcl_sliced_c02,none,AoS,disabled,163562765,71828078,69896811,70229051,71679406,68973479,71152371,71119895,71693273,69946570,80008169,80008169,10
2025-10-02 15:08:54,85569,pairwise,VerletClusterLists,1.000000,vcl_sliced_c02,none,AoS,enabled,78096901,35771732,36287245,35480388,35905549,34450563,35448169,35982316,35061018,35954626,39843850,39843850,10
2025-10-02 15:08:54,85579,pairwise,VerletClusterLists,1.000000,vcl_sliced_c02,none,SoA,disabled,104537604,20995962,20576972,20700724,21068827,20743977,20656143,20984475,20697541,21148629,29211085,29211085,10
2025-10-02 15:08:54,85589,pairwise,VerletClusterLists,1.000000,vcl_sliced_c02,none,SoA,enabled,53196542,11356809,11269042,11068708,11404630,11496179,11510896,11402262,11254194,11372616,15533187,15533187,10
2025-10-02 15:08:55,85599,pairwise,VerletLists,1.000000,vl_list_iteration,none,AoS,disabled,45412454,8478031,8458692,8447218,8436093,8441254,8433238,8436917,8447162,8444774,12143583,12143583,10
2025-10-02 15:08:55,85609,pairwise,VerletLists,1.000000,vl_list_iteration,none,SoA,disabled,149306759,8856979,8800882,8775652,8761057,8755680,8765170,8768390,8761950,8775849,22832836,22832836,10
2025-10-02 15:08:55,85619,pairwise,VerletListsCells,1.000000,vlc_c01,none,AoS,disabled,56408714,6765764,6776497,6757482,6770326,6758890,6766163,6755907,6758868,6761037,11727964,11727964,10
2025-10-02 15:08:55,85629,pairwise,VerletListsCells,1.000000,vlc_c01,none,SoA,disabled,165835554,9893243,9834297,9839318,9840652,9844460,9839184,9814575,9821929,9818557,25438176,25438176,10
2025-10-02 15:08:55,85639,pairwise,VerletListsCells,1.000000,vlc_c18,none,AoS,disabled,42540152,6229064,6238732,6238676,6226110,6227239,6229436,6219356,6223691,6218907,9859136,9859136,10
2025-10-02 15:08:55,85649,pairwise,VerletListsCells,1.000000,vlc_c18,none,AoS,enabled,32139242,3973418,3938139,3924315,3930409,3931543,3936878,3929620,3916167,3921008,6754073,6754073,10
2025-10-02 15:08:56,85659,pairwise,VerletListsCells,1.000000,vlc_c18,none,SoA,disabled,242257190,11979781,11951167,11922326,11932933,11943369,11923131,11949875,11935961,11936271,34973200,34973200,10
2025-10-02 15:08:56,85669,pairwise,VerletListsCells,1.000000,vlc_c18,none,SoA,enabled,153962707,9976163,9878803,9881226,9088273,9065728,9049456,9030925,9024497,9032486,23799026,23799026,10
2025-10-02 15:08:56,85679,pairwise,VerletListsCells,1.000000,vlc_c08,none,AoS,disabled,37420438,6393663,6386460,6378687,6367780,6387513,6394353,6369793,6379942,6379828,9485845,9485845,10
2025-10-02 15:08:56,85689,pairwise,VerletListsCells,1.000000,vlc_c08,none,AoS,enabled,34282746,4371023,4343378,4352448,4346626,4339808,4340335,4345477,4350689,4347991,7342051,7342051,10
2025-10-02 15:08:57,85699,pairwise,VerletListsCells,1.000000,vlc_c08,none,SoA,disabled,225916017,11579127,11562142,11578112,11557648,11554346,11545452,11566094,11558689,11572380,32999000,32999000,10
2025-10-02 15:08:57,85709,pairwise,VerletListsCells,1.000000,vlc_c08,none,SoA,enabled,167544530,10317369,10239357,10234242,10235431,10231044,10243836,10221821,10243308,10234548,25974548,25974548,10
2025-10-02 15:08:57,85719,pairwise,VerletListsCells,1.000000,vlc_sliced,none,AoS,disabled,47272210,9727101,9731960,9676644,9647255,9758654,9662191,9716207,9741305,9760402,13469392,13469392,10
2025-10-02 15:08:57,85729,pairwise,VerletListsCells,1.000000,vlc_sliced,none,AoS,enabled,34499467,4766914,4756708,4738239,4751076,4755844,4781604,4742585,4764294,4731101,7728782,7728782,10
2025-10-02 15:08:57,85739,pairwise,VerletListsCells,1.000000,vlc_sliced,none,SoA,disabled,255675317,14370431,14431883,14350928,14494815,14346443,14319540,14481886,14389194,14440799,38530122,38530122,10
2025-10-02 15:08:58,85749,pairwise,VerletListsCells,1.000000,vlc_sliced,none,SoA,enabled,153104159,10282478,10185430,9618506,9353943,9414876,9366630,9343148,9316656,9266081,23925190,23925190,10
2025-10-02 15:08:58,85759,pairwise,VerletListsCells,1.000000,vlc_sliced_balanced,none,AoS,disabled,45669016,9393005,9373017,9365499,9406142,9402922,9388890,9399054,9398498,9405183,13020121,13020121,10
2025-10-02 15:08:58,85769,pairwise,VerletListsCells,1.000000,vlc_sliced_balanced,none,AoS,enabled,32603045,4804028,4787137,4775251,4788329,4774942,4786986,4776292,4790844,4785505,7567235,7567235,10
2025-10-02 15:08:58,85779,pairwise,VerletListsCells,1.000000,vlc_sliced_balanced,none,SoA,disabled,247012764,14399469,14316046,14320815,14353429,14308436,14352041,14309544,14341116,14309436,37602309,37602309,10
2025-10-02 15:08:59,85789,pairwise,VerletListsCells,1.000000,vlc_sliced_balanced,none,SoA,enabled,155539304,10331390,10239829,10288308,9406645,9395161,9375999,9374451,9382046,9397646,24273077,24273077,10
2025-10-02 15:08:59,85799,pairwise,VerletListsCells,1.000000,vlc_sliced_balanced,squared-particles-per-cell,AoS,disabled,48677834,9705723,9685455,9693154,9692033,9674258,9671715,9687416,9684788,9687195,13585956,13585956,10
2025-10-02 15:08:59,85809,pairwise,VerletListsCells,1.000000,vlc_sliced_balanced,squared-particles-per-cell,AoS,enabled,32894476,5028824,4996183,5007828,4995371,4985073,4998521,5000341,4998765,5017272,7792264,7792264,10
2025-10-02 15:08:59,85819,pairwise,VerletListsCells,1.000000,vlc_sliced_balanced,squared-particles-per-cell,SoA,disabled,256349221,15442650,15366708,15358926,15388414,15360058,15374650,15367767,15385016,15363250,39475665,39475665,10
2025-10-02 15:09:00,85829,pairwise,VerletListsCells,1.000000,vlc_sliced_balanced,squared-particles-per-cell,SoA,enabled,185030239,10459818,10351455,10359457,9449021,9408582,9391149,9395123,9431140,9378876,27265486,27265486,10
2025-10-02 15:09:00,85839,pairwise,VerletListsCells,1.000000,vlc_sliced_balanced,neighbor-list-length,AoS,disabled,46554794,9936763,9958577,9942063,9941671,9925147,9931175,9945278,9923917,9926176,13598555,13598555,10
2025-10-02 15:09:00,85849,pairwise,VerletListsCells,1.000000,vlc_sliced_balanced,neighbor-list-length,AoS,enabled,32598051,4967938,4973303,4968562,4957934,4957534,4969895,4969496,4957185,4947898,7726779,7726779,10
2025-10-02 15:09:00,85859,pairwise,VerletListsCells,1.000000,vlc_sliced_balanced,neighbor-list-length,SoA,disabled,264332867,16141279,16048451,16029651,16008114,15990944,15979268,15966354,15990058,15980866,40846784,40846784,10
2025-10-02 15:09:01,85869,pairwise,VerletListsCells,1.000000,vlc_sliced_balanced,neighbor-list-length,SoA,enabled,192768351,10773829,10612255,10566389,10019936,9582668,9565578,9578025,9567613,9553122,28258776,28258776,10
2025-10-02 15:09:01,85879,pairwise,VerletListsCells,1.000000,vlc_sliced_c02,none,AoS,disabled,49361477,12563581,12492157,12408285,12467093,12269198,12421206,12420331,12446058,12429034,16127841,16127841,10
2025-10-02 15:09:01,85889,pairwise,VerletListsCells,1.000000,vlc_sliced_c02,none,AoS,enabled,34038667,6379559,6366580,6369787,6424290,6363449,6365322,6410224,6390453,6429576,9153790,9153790,10
2025-10-02 15:09:01,85899,pairwise,VerletListsCells,1.000000,vlc_sliced_c02,none,SoA,disabled,266999142,18736950,18711867,18726334,18681529,18563509,18695563,18806279,18562790,18760419,43524437,43524437,10
2025-10-02 15:09:02,85909,pairwise,VerletListsCells,1.000000,vlc_sliced_c02,none,SoA,enabled,192269967,12054862,11857944,11680936,11909791,10872315,10927636,10820729,10956820,10926549,29427754,29427754,10
2025-10-02 15:09:02,85919,pairwise,PairwiseVerletLists,1.000000,vlp_c01,none,AoS,disabled,69120410,8167553,8159942,8157364,8158762,8157724,8149545,8153810,8164494,8158386,14254799,14254799,10
2025-10-02 15:09:02,85929,pairwise,PairwiseVerletLists,1.000000,vlp_c01,none,SoA,disabled,450659546,16640351,16647736,16663883,16662839,16663268,16655551,16670341,16662562,16653059,60057913,60057913,10
2025-10-02 15:09:03,85939,pairwise,PairwiseVerletLists,1.000000,vlp_c18,none,AoS,disabled,60569590,8123144,8120565,8141828,8129188,8108178,8121135,8140130,8121632,8123535,13369891,13369891,10
2025-10-02 15:09:03,85949,pairwise,PairwiseVerletLists,1.000000,vlp_c18,none,AoS,enabled,72477047,5299640,5286463,5286151,5290517,5283474,5280341,5277701,5294641,5278139,12005410,12005410,10
2025-10-02 15:09:03,85959,pairwise,PairwiseVerletLists,1.000000,vlp_c18,none,SoA,disabled,564132603,16049062,16025018,16022662,15998595,16028852,16035923,15992521,16027198,16040299,70835272,70835272,10
2025-10-02 15:09:04,85969,pairwise,PairwiseVerletLists,1.000000,vlp_c18,none,SoA,enabled,404982750,12557762,12569564,12564197,12563800,12533185,12548628,12549860,12534583,12545082,51794940,51794940,10
2025-10-02 15:09:04,85979,pairwise,PairwiseVerletLists,1.000000,vlp_sliced,none,AoS,disabled,66895062,13977925,13890952,13954931,13689554,13633939,13737109,13944208,13862684,13846462,19143282,19143282,10
2025-10-02 15:09:04,85989,pairwise,PairwiseVerletLists,1.000000,vlp_sliced,none,AoS,enabled,78876277,7351875,7311324,7296321,7279897,7260587,7307924,7370176,7363237,7276359,14469397,14469397,10
2025-10-02 15:09:05,85999,pairwise,PairwiseVerletLists,1.000000,vlp_sliced,none,SoA,disabled,540773624,20925977,21018538,21020528,21024698,21199471,21064388,20965111,21428486,21175368,73059618,73059618,10
2025-10-02 15:09:06,86009,pairwise,PairwiseVerletLists,1.000000,vlp_sliced,none,SoA,enabled,409616649,15236042,15236591,15308360,15351389,15240155,15125031,15231405,15215789,15126562,54668797,54668797,10
2025-10-02 15:09:06,86019,pairwise,PairwiseVerletLists,1.000000,vlp_sliced_balanced,none,AoS,disabled,67101970,14116041,14065075,14070377,14071729,14089824,14064878,14059936,14030671,14011367,19368186,19368186,10
2025-10-02 15:09:06,86029,pairwise,PairwiseVerletLists,1.000000,vlp_sliced_balanced,none,AoS,enabled,78831154,7426977,7384490,7353069,7349681,7333702,7317283,7302853,7293492,7304110,14489680,14489680,10
2025-10-02 15:09:07,86039,pairwise,PairwiseVerletLists,1.000000,vlp_sliced_balanced,none,SoA,disabled,542010892,21250643,21242763,21204677,21210525,21211106,21224628,21221622,21207683,21203555,73298809,73298809,10
2025-10-02 15:09:07,86049,pairwise,PairwiseVerletLists,1.000000,vlp_sliced_balanced,none,SoA,enabled,413452748,15331760,15250233,15218189,15215119,15225098,15210180,15206509,15213672,15198932,55052243,55052243,10
2025-10-02 15:09:08,86059,pairwise,PairwiseVerletLists,1.000000,vlp_sliced_c02,none,AoS,disabled,70700802,18018406,17951232,17992052,17954612,17898871,18119258,18119826,17863092,17897022,23251516,23251516,10
2025-10-02 15:09:08,86069,pairwise,PairwiseVerletLists,1.000000,vlp_sliced_c02,none,AoS,enabled,81678697,9496173,9184866,9385835,9322780,9332707,9348784,9255725,9286335,9303375,16559527,16559527,10
2025-10-02 15:09:09,86079,pairwise,PairwiseVerletLists,1.000000,vlp_sliced_c02,none,SoA,disabled,546516731,25660131,26635250,25744624,25794731,26292880,26708839,25474643,25495655,26548004,78087148,78087148,10
2025-10-02 15:09:09,86089,pairwise,PairwiseVerletLists,1.000000,vlp_sliced_c02,none,SoA,enabled,414310044,18525154,18351957,18371079,18485279,18309132,18372484,18312443,18453329,18386921,57987781,57987781,10
2025-10-02 15:09:09,86099,pairwise,PairwiseVerletLists,1.000000,vlp_c08,none,AoS,disabled,64297686,11728343,11704158,11698685,11698169,11695337,11698274,11683848,11694238,11682921,16958165,16958165,10
2025-10-02 15:09:09,86109,pairwise,PairwiseVerletLists,1.000000,vlp_c08,none,AoS,enabled,81182719,6769886,6764983,6759171,6744087,6747453,6742682,6751769,6749217,6745832,14195779,14195779,10
2025-10-02 15:09:10,86119,pairwise,PairwiseVerletLists,1.000000,vlp_c08,none,SoA,disabled,539414253,19097474,19075836,19082422,19076146,19045891,19081234,19046014,19049547,19047543,71101635,71101635,10
2025-10-02 15:09:11,86129,pairwise,PairwiseVerletLists,1.000000,vlp_c08,none,SoA,enabled,407160592,14078060,14079032,14064610,14075800,14069396,14078573,14058566,14064605,14073072,53380230,53380230,10
2025-10-02 15:11:34,90009,pairwise,LinkedCells,1.000000,lc_c01,none,AoS,disabled,16124962,15886357,15893339,15883293,15885100,15865063,15864936,15865615,15862264,15867891,15899881,15899881,10
2025-10-02 15:11:34,90019,pairwise,LinkedCells,1.000000,lc_c01,none,SoA,disabled,10422249,10401887,10371667,10385910,10369004,10373281,10371101,10378787,10368195,10358742,10380082,10380082,10
2025-10-02 15:11:34,90029,pairwise,LinkedCells,1.000000,lc_c01_combined_SoA,none,SoA,disabled,8709177,8718808,8705892,8753283,8737583,8717044,8702458,8730861,8719511,8725793,8722040,8722040,10
2025-10-02 15:11:34,90039,pairwise,LinkedCells,1.000000,lc_c04,none,AoS,disabled,10597212,10630761,10604239,10617322,10588911,10639641,10538241,10577504,10629218,10596588,10601963,10601963,10
2025-10-02 15:11:34,90049,pairwise,LinkedCells,1.000000,lc_c04,none,AoS,enabled,7837210,7895567,7853074,7923517,7843050,7853147,7890778,7899426,7916988,7878010,7879076,7879076,10
2025-10-02 15:11:34,90059,pairwise,LinkedCells,1.000000,lc_c04,none,SoA,disabled,9654868,9629191,9572830,9648240,9581372,9637632,9630291,9555371,9663056,9619602,9619245,9619245,10
2025-10-02 15:11:34,90069,pairwise,LinkedCells,1.000000,lc_c04,none,SoA,enabled,6748497,6718984,6726110,6736346,6720052,6729902,6744405,6725755,6728273,6737210,6731552,6731552,10
2025-10-02 15:11:34,90079,pairwise,LinkedCells,1.000000,lc_c04_HCP,none,AoS,disabled,9950340,9915200,9913009,9917208,9914618,9909078,9911024,9913354,9906917,9919292,9917004,9917004,10
2025-10-02 15:11:34,90089,pairwise,LinkedCells,1.000000,lc_c04_HCP,none,AoS,enabled,7510307,7504948,7511915,7508880,7506248,7508260,7513493,7511323,7518291,7522264,7511592,7511592,10
2025-10-02 15:11:35,90099,pairwise,LinkedCells,1.000000,lc_c04_HCP,none,SoA,disabled,9863988,9836220,9802409,9779018,9784300,9794362,9760861,9780387,9769444,9771407,9794238,9794238,10
2025-10-02 15:11:35,90109,pairwise,LinkedCells,1.000000,lc_c04_HCP,none,SoA,enabled,7283068,7243301,7237568,7229294,7219122,7219519,7219724,7233135,7215563,7217633,7231792,7231792,10
2025-10-02 15:11:35,90119,pairwise,LinkedCells,1.000000,lc_c04_combined_SoA,none,SoA,disabled,11126765,11000557,11038093,10996221,10976669,11070013,11032166,10950986,10980091,10998528,11017008,11017008,10
2025-10-02 15:11:35,90129,pairwise,LinkedCells,1.000000,lc_c04_combined_SoA,none,SoA,enabled,9169243,9088814,9034724,9026089,8998036,9005210,9011101,8998898,9038424,9037442,9040797,9040797,10
2025-10-02 15:11:35,90139,pairwise,LinkedCells,1.000000,lc_c08,none,AoS,disabled,10709284,10641003,10634500,10637263,10640988,10637402,10627793,10638673,10628745,10637910,10643355,10643355,10
2025-10-02 15:11:35,90149,pairwise,LinkedCells,1.000000,lc_c08,none,AoS,enabled,8303074,8275077,8275239,8279577,8276796,8280339,8280040,8284881,8290563,8283396,8282897,8282897,10
2025-10-02 15:11:35,90159,pairwise,LinkedCells,1.000000,lc_c08,none,SoA,disabled,12280055,12150072,12122430,12065147,12052148,12046370,12053562,12052010,12032212,12022509,12087651,12087651,10
2025-10-02 15:11:35,90169,pairwise,LinkedCells,1.000000,lc_c08,none,SoA,enabled,9703531,9621619,9578918,9573432,9566751,9576850,9576581,9564036,9582464,9567383,9591156,9591156,10
2025-10-02 15:11:35,90179,pairwise,LinkedCells,1.000000,lc_c18,none,AoS,disabled,10703356,10654681,10626558,10633893,10647891,10644949,10621991,10650783,10650166,10640408,10647466,10647466,10
2025-10-02 15:11:35,90189,pairwise,LinkedCells,1.000000,lc_c18,none,AoS,enabled,8298236,8261017,8256063,8271426,8246599,8243971,8265132,8263646,8264161,8267654,8263790,8263790,10
2025-10-02 15:11:36,90199,pairwise,LinkedCells,1.000000,lc_c18,none,SoA,disabled,11305781,11266461,11258300,11276229,11282022,11265655,11268468,11276522,11262550,11277948,11273993,11273993,10
2025-10-02 15:11:36,90209,pairwise,LinkedCells,1.000000,lc_c18,none,SoA,enabled,7992330,7894630,7892854,7927416,7912180,7906042,7886860,7894297,7902950,7887028,7909658,7909658,10
2025-10-02 15:11:36,90219,pairwise,LinkedCells,1.000000,lc_sliced,none,AoS,disabled,12467706,12393440,12045981,12414670,12329685,12364042,12385908,12360863,12372902,12382668,12351786,12351786,10
2025-10-02 15:11:36,90229,pairwise,LinkedCells,1.000000,lc_sliced,none,AoS,enabled,9057709,9055295,9026717,9041073,9044323,9043506,9039490,9003610,8994041,9061338,9036710,9036710,10
2025-10-02 15:11:36,90239,pairwise,LinkedCells,1.000000,lc_sliced,none,SoA,disabled,10456875,10476362,10381638,10420762,10423737,10445579,10408987,10426089,10434989,10386007,10426102,10426102,10
2025-10-02 15:11:36,90249,pairwise,LinkedCells,1.000000,lc_sliced,none,SoA,enabled,6799846,6814848,6796603,6746872,6771949,6791344,6765640,6785323,6807385,6747346,6782715,6782715,10
2025-10-02 15:11:36,90259,pairwise,LinkedCells,1.000000,lc_sliced_balanced,none,AoS,disabled,12394694,12357359,12346930,12340610,12338233,12325233,12340606,12338307,12335280,12355383,12347263,12347263,10
2025-10-02 15:11:36,90269,pairwise,LinkedCells,1.000000,lc_sliced_balanced,none,AoS,enabled,9028355,9038444,9016422,9020851,9045065,9039650,9051065,9035996,9065649,9053181,9039467,9039467,10
2025-10-02 15:11:36,90279,pairwise,LinkedCells,1.000000,lc_sliced_balanced,none,SoA,disabled,10463524,10419203,10395569,10415100,10372409,10411575,10410573,10376585,10380571,10370957,10401605,10401605,10
2025-10-02 15:11:37,90289,pairwise,LinkedCells,1.000000,lc_sliced_balanced,none,SoA,enabled,6804845,6799645,6756061,6765421,6777027,6765234,6753557,6752337,6785661,6780022,6773980,6773980,10
2025-10-02 15:11:37,90299,pairwise,LinkedCells,1.000000,lc_sliced_balanced,squared-particles-per-cell,AoS,disabled,12616711,12344613,12325169,12314540,12301634,12305973,12304911,12276994,12303306,12289064,12338291,12338291,10
2025-10-02 15:11:37,90309,pairwise,LinkedCells,1.000000,lc_sliced_balanced,squared-particles-per-cell,AoS,enabled,9183172,9050659,9028288,9022512,9008811,9014979,9016428,9007442,9007319,9019294,9035889,9035889,10
2025-10-02 15:11:37,90319,pairwise,LinkedCells,1.000000,lc_sliced_balanced,squared-particles-per-cell,SoA,disabled,12881386,10499275,10458549,10414466,10379558,10395249,10438955,10407345,10444769,10397214,10671676,10671676,10
2025-10-02 15:11:37,90329,pairwise,LinkedCells,1.000000,lc_sliced_balanced,squared-particles-per-cell,SoA,enabled,7043648,6860633,6814395,6804061,6827693,6812740,6798775,6812896,6814319,6804529,6839368,6839368,10
2025-10-02 15:11:37,90339,pairwise,LinkedCells,1.000000,lc_sliced_c02,none,AoS,disabled,12450656,12262909,12280743,12253849,11959913,12244013,12100154,12133705,12023385,12157645,12186696,12186696,10
2025-10-02 15:11:37,90349,pairwise,LinkedCells,1.000000,lc_sliced_c02,none,AoS,enabled,8932788,8907589,8903534,8936092,8899133,8821212,8871474,8932823,8927017,8838066,8896972,8896972,10
2025-10-02 15:11:37,90359,pairwise,LinkedCells,1.000000,lc_sliced_c02,none,SoA,disabled,12333585,10706232,10319050,10579485,10225201,10331245,10339562,10119753,10386352,10416356,10575681,10575681,10
2025-10-02 15:11:38,90369,pairwise,LinkedCells,1.000000,lc_sliced_c02,none,SoA,enabled,6885831,6687498,6684184,6606069,6638322,6608441,6637448,6636762,6659810,6627592,6667194,6667194,10
2025-10-02 15:11:38,90379,pairwise,VerletClusterLists,1.000000,vcl_c01_balanced,none,AoS,disabled,108861574,21798782,21800990,21808476,21790004,21715515,21794861,21766847,21768789,21772961,30487879,30487879,10
2025-10-02 15:11:38,90389,pairwise,VerletClusterLists,1.000000,vcl_c01_balanced,none,SoA,disabled,77628054,7671014,7660225,7649211,7664225,7650679,7649918,7650683,7634681,7651067,14650975,14650975,10
2025-10-02 15:11:38,90399,pairwise,VerletClusterLists,1.000000,vcl_c06,none,AoS,disabled,99606447,31669163,31182816,30085711,32034858,31749508,31157446,30313813,31525632,30796410,38012180,38012180,10
2025-10-02 15:11:39,90409,pairwise,VerletClusterLists,1.000000,vcl_c06,none,AoS,enabled,53987441,16470948,16453503,16614335,16617603,17011894,16181685,16655112,16792690,16143355,20292855,20292855,10
2025-10-02 15:11:39,90419,pairwise,VerletClusterLists,1.000000,vcl_c06,none,SoA,disabled,80762957,10887180,11316779,11063063,11345607,10881315,11300585,11138788,10784518,11360366,18084115,18084115,10
2025-10-02 15:11:39,90429,pairwise,VerletClusterLists,1.000000,vcl_c06,none,SoA,enabled,44407787,6462346,6454365,6374401,6385485,6208335,6278131,6590921,6596879,6527642,10228629,10228629,10
2025-10-02 15:11:40,90439,pairwise,VerletClusterLists,1.000000,vcl_sliced,none,AoS,disabled,124931312,56118206,56117510,56176618,51317156,56128577,56044144,49300436,55970625,57861255,61996583,61996583,10
2025-10-02 15:11:40,90449,pairwise,VerletClusterLists,1.000000,vcl_sliced,none,AoS,enabled,66299475,28955851,29297608,28937559,29080498,29014069,29377548,29196032,29015134,29062756,32823652,32823652,10
2025-10-02 15:11:40,90459,pairwise,VerletClusterLists,1.000000,vcl_sliced,none,SoA,disabled,85677890,16231278,16236713,16033592,16008123,15704161,16245495,16167850,16000354,16035298,23034074,23034074,10
2025-10-02 15:11:40,90469,pairwise,VerletClusterLists,1.000000,vcl_sliced,none,SoA,enabled,46432064,8937653,8930453,8916665,8932369,8923580,8969646,8925073,8949446,8974854,12689180,12689180,10
2025-10-02 15:11:41,90479,pairwise,VerletClusterLists,1.000000,vcl_sliced_balanced,none,AoS,disabled,130925619,61515626,61564348,61489751,61520566,61621515,61639732,61460968,61586788,61576648,68490155,68490155,10
2025-10-02 15:11:41,90489,pairwise,VerletClusterLists,1.000000,vcl_sliced_balanced,none,AoS,enabled,68937375,31531197,31521085,31564844,31568528,31551771,31612555,31516408,31528441,31565765,35289796,35289796,10
2025-10-02 15:11:42,90499,pairwise,VerletClusterLists,1.000000,vcl_sliced_balanced,none,SoA,disabled,87094668,17994998,17966393,17948624,17975198,17960444,17964440,17973544,17960042,17985382,24882373,24882373,10
2025-10-02 15:11:42,90509,pairwise,VerletClusterLists,1.000000,vcl_sliced_balanced,none,SoA,enabled,47728236,9809104,9860612,9901281,9790228,9790304,9767813,9763465,9779250,9753827,13594411,13594411,10
2025-10-02 15:11:43,90519,pairwise,VerletClusterLists,1.000000,vcl_sliced_balanced,neighbor-list-length,AoS,disabled,145232488,61567166,61524802,61548504,61526631,61580645,61497430,61498092,61452272,61435101,69886312,69886312,10
2025-10-02 15:11:43,90529,pairwise,VerletClusterLists,1.000000,vcl_sliced_balanced,neighbor-list-length,AoS,enabled,68680608,31646573,31640787,31588448,31572760,31604627,31528332,31511641,31543983,31459707,35277746,35277746,10
2025-10-02 15:11:43,90539,pairwise,VerletClusterLists,1.000000,vcl_sliced_balanced,neighbor-list-length,SoA,disabled,87043931,17994524,17971257,18018483,17963857,18001565,17999644,17964856,17986868,17960662,24890564,24890564,10
2025-10-02 15:11:43,90549,pairwise,VerletClusterLists,1.000000,vcl_sliced_balanced,neighbor-list-length,SoA,enabled,47478964,9831725,9832811,9793969,9823471,9837734,9795275,9826203,9786872,9794978,13580199,13580199,10
2025-10-02 15:11:44,90559,pairwise,VerletClusterLists,1.000000,vcl_sliced_c02,none,AoS,disabled,148208804,63065044,66296722,61829879,67766567,64757339,62868269,61485193,64782582,63057903,72411830,72411830,10
2025-10-02 15:11:45,90569,pairwise,VerletClusterLists,1.000000,vcl_sliced_c02,none,AoS,enabled,67963573,30904105,31075772,33750351,31873546,32929728,31782751,33672788,34366908,31954036,36027355,36027355,10
2025-10-02 15:11:45,90579,pairwise,VerletClusterLists,1.000000,vcl_sliced_c02,none,SoA,disabled,89180291,18375891,19747559,18345292,18404499,19200637,19749149,19555592,17821914,19388730,25976954,25976954,10
2025-10-02 15:11:45,90589,pairwise,VerletClusterLists,1.000000,vcl_sliced_c02,none,SoA,enabled,48340787,9856074,10712592,10092176,10603267,9770191,10574938,10046247,9920653,10112980,14002989,14002989,10
2025-10-02 15:11:45,90599,pairwise,VerletLists,1.000000,vl_list_iteration,none,AoS,disabled,50370511,8899402,8884525,8878543,8874842,8872391,8859954,8854171,8858123,8873722,13022617,13022617,10
2025-10-02 15:11:45,90609,pairwise,VerletLists,1.000000,vl_list_iteration,none,SoA,disabled,165975323,9442563,9356066,9359912,9343264,9358353,9359365,9337432,9359721,9343671,25023566,25023566,10
2025-10-02 15:11:46,90619,pairwise,VerletListsCells,1.000000,vlc_c01,none,AoS,disabled,56855327,6629955,6621382,6622003,6613279,6621476,6614369,6611743,6628710,6626182,11644442,11644442,10
2025-10-02 15:11:46,90629,pairwise,VerletListsCells,1.000000,vlc_c01,none,SoA,disabled,178704597,10465600,10395025,10389346,10367023,10407984,10397321,10383282,10389930,10393506,27229360,27229360,10
2025-10-02 15:11:46,90639,pairwise,VerletListsCells,1.000000,vlc_c18,none,AoS,disabled,42579529,6318715,6321142,6310321,6316346,6311662,6312680,6310277,6324855,6334513,9944003,9944003,10
2025-10-02 15:11:46,90649,pairwise,VerletListsCells,1.000000,vlc_c18,none,AoS,enabled,31425038,4207010,4161960,4158196,4156907,4149986,4143460,4146340,4141849,4137653,6882839,6882839,10
2025-10-02 15:11:46,90659,pairwise,VerletListsCells,1.000000,vlc_c18,none,SoA,disabled,266114770,12862908,12866662,12863502,12863715,12859586,12859257,12860379,12846819,12847425,38184502,38184502,10
2025-10-02 15:11:47,90669,pairwise,VerletListsCells,1.000000,vlc_c18,none,SoA,enabled,171393522,10767383,10752369,10812708,10806756,10043004,10022221,10014628,10021336,10026398,26466032,26466032,10
2025-10-02 15:11:47,90679,pairwise,VerletListsCells,1.000000,vlc_c08,none,AoS,disabled,38287036,6460148,6458814,6455415,6443222,6445178,6462629,6467574,6448637,6464904,9639355,9639355,10
2025-10-02 15:11:47,90689,pairwise,VerletListsCells,1.000000,vlc_c08,none,AoS,enabled,34172985,4486217,4468322,4453983,4453409,4455291,4459645,4456307,4467269,4456876,7433030,7433030,10
2025-10-02 15:11:47,90699,pairwise,VerletListsCells,1.000000,vlc_c08,none,SoA,disabled,248123946,12563056,12559127,12536762,12544614,12543234,12563835,12540639,12530805,12532277,36103828,36103828,10
2025-10-02 15:11:48,90709,pairwise,VerletListsCells,1.000000,vlc_c08,none,SoA,enabled,194207956,11421022,11358482,11341656,11336724,11360146,11339683,11344764,11374049,11348217,29643269,29643269,10
2025-10-02 15:11:48,90719,pairwise,VerletListsCells,1.000000,vlc_sliced,none,AoS,disabled,47025513,10003352,10025119,9955379,10022244,10002198,9986159,9836935,9973421,9980239,13681055,13681055,10
2025-10-02 15:11:48,90729,pairwise,VerletListsCells,1.000000,vlc_sliced,none,AoS,enabled,34712850,4680187,4601977,4719244,4708498,4705528,4550370,4680969,4663142,4688159,7671091,7671091,10
2025-10-02 15:11:48,90739,pairwise,VerletListsCells,1.000000,vlc_sliced,none,SoA,disabled,280772809,15263015,15359290,15197561,15359469,15176727,15410324,15313518,15305174,15335210,41849309,41849309,10
2025-10-02 15:11:49,90749,pairwise,VerletListsCells,1.000000,vlc_sliced,none,SoA,enabled,172327794,10811883,10743698,10793263,10789645,9865968,9993581,9986386,10009907,9841239,26516336,26516336,10
2025-10-02 15:11:49,90759,pairwise,VerletListsCells,1.000000,vlc_sliced_balanced,none,AoS,disabled,46139163,9811746,9784317,9776310,9749311,9777726,9750577,9731362,9753484,9764568,13403856,13403856,10
2025-10-02 15:11:49,90769,pairwise,VerletListsCells,1.000000,vlc_sliced_balanced,none,AoS,enabled,32447232,4790977,4762996,4731844,4713330,4706045,4720482,4709636,4716171,4715483,7501419,7501419,10
2025-10-02 15:11:49,90779,pairwise,VerletListsCells,1.000000,vlc_sliced_balanced,none,SoA,disabled,273598425,15497650,15374328,15416711,15389104,15350911,15364873,15327207,15341235,15347346,41200778,41200778,10
2025-10-02 15:11:49,90789,pairwise,VerletListsCells,1.000000,vlc_sliced_balanced,none,SoA,enabled,173499199,10882441,10828367,10881929,10563623,10039795,10013469,10032541,9987327,10001099,26672978,26672978,10
2025-10-02 15:11:50,90799,pairwise,VerletListsCells,1.000000,vlc_sliced_balanced,squared-particles-per-cell,AoS,disabled,45831687,9239116,9233084,9252307,9223535,9243725,9208609,9216917,9205297,9215584,12886985,12886985,10
2025-10-02 15:11:50,90809,pairwise,VerletListsCells,1.000000,vlc_sliced_balanced,squared-particles-per-cell,AoS,enabled,32570111,4992544,4943796,4933783,4912232,4913305,4937001,4914510,4907369,4908347,7693299,7693299,10
2025-10-02 15:11:50,90819,pairwise,VerletListsCells,1.000000,vlc_sliced_balanced,squared-particles-per-cell,SoA,disabled,275822477,15288309,15253361,15259713,15208052,15237857,15242187,15237828,15256845,15288293,41309491,41309491,10
2025-10-02 15:11:50,90829,pairwise,VerletListsCells,1.000000,vlc_sliced_balanced,squared-particles-per-cell,SoA,enabled,195440108,10763410,10912519,10850035,10946354,10007029,9993356,9951980,9960543,9982017,28880735,28880735,10
2025-10-02 15:11:51,90839,pairwise,VerletListsCells,1.000000,vlc_sliced_balanced,neighbor-list-length,AoS,disabled,47179533,9716404,9707963,9710494,9691187,9682518,9681987,9692804,9700169,9677210,13444026,13444026,10
2025-10-02 15:11:51,90849,pairwise,VerletListsCells,1.000000,vlc_sliced_balanced,neighbor-list-length,AoS,enabled,32950570,5046588,5005964,5007407,4982800,4963189,4968085,4940631,4958982,4952335,7777654,7777654,10
2025-10-02 15:11:51,90859,pairwise,VerletListsCells,1.000000,vlc_sliced_balanced,neighbor-list-length,SoA,disabled,277356594,16079796,15993210,15975247,15959040,15949246,15940192,15956623,15917013,15902042,42102900,42102900,10
2025-10-02 15:11:52,90869,pairwise,VerletListsCells,1.000000,vlc_sliced_balanced,neighbor-list-length,SoA,enabled,199093800,11255633,11233963,11228879,11218663,10442608,10330701,10280224,10278904,10335711,29569908,29569908,10
2025-10-02 15:11:52,90879,pairwise,VerletListsCells,1.000000,vlc_sliced_c02,none,AoS,disabled,48645221,11848004,11809329,11732395,11813987,11841703,11310671,11744744,11866488,11829653,15444219,15444219,10
2025-10-02 15:11:52,90889,pairwise,VerletListsCells,1.000000,vlc_sliced_c02,none,AoS,enabled,33828179,6336294,6260715,6229506,6231239,6242622,6254080,6260864,6267269,6207707,9011847,9011847,10
2025-10-02 15:11:52,90899,pairwise,VerletListsCells,1.000000,vlc_sliced_c02,none,SoA,disabled,280732028,18356748,18238500,18259210,18093180,18279698,18211085,18295771,18314723,18264278,44504521,44504521,10
2025-10-02 15:11:53,90909,pairwise,VerletListsCells,1.000000,vlc_sliced_c02,none,SoA,enabled,199758006,12327237,12441240,12346262,12390494,11897131,11562630,11389748,11466215,11471897,30705085,30705085,10
2025-10-02 15:11:53,90919,pairwise,PairwiseVerletLists,1.000000,vlp_c01,none,AoS,disabled,67140023,8330411,8321764,8328000,8319461,8314108,8313361,8315509,8321830,8328238,14203270,14203270,10
2025-10-02 15:11:54,90929,pairwise,PairwiseVerletLists,1.000000,vlp_c01,none,SoA,disabled,599951879,18507406,18479023,18489263,18508887,18480546,18477710,18476995,18493727,18465254,76633068,76633068,10
2025-10-02 15:11:54,90939,pairwise,PairwiseVerletLists,1.000000,vlp_c18,none,AoS,disabled,59224184,8561042,8563858,8556201,8568758,8574798,8556137,8563328,8568486,8555944,13629273,13629273,10
2025-10-02 15:11:54,90949,pairwise,PairwiseVerletLists,1.000000,vlp_c18,none,AoS,enabled,74510128,5713453,5689214,5692908,5694252,5694184,5683013,5694835,5701550,5687436,12576097,12576097,10
2025-10-02 15:11:55,90959,pairwise,PairwiseVerletLists,1.000000,vlp_c18,none,SoA,disabled,756336641,17961362,17094923,17100544,17110785,17110962,17077484,17070285,17090007,17064041,91101703,91101703,10
2025-10-02 15:11:55,90969,pairwise,PairwiseVerletLists,1.000000,vlp_c18,none,SoA,enabled,488622447,13467678,13468283,13488428,13456347,13463270,13457367,13455363,13433568,13454382,60976712,60976712,10
2025-10-02 15:11:56,90979,pairwise,PairwiseVerletLists,1.000000,vlp_sliced,none,AoS,disabled,65075156,13402771,13410302,13273381,13304916,13349073,13414832,13273017,13249308,13318401,18507115,18507115,10
2025-10-02 15:11:56,90989,pairwise,PairwiseVerletLists,1.000000,vlp_sliced,none,AoS,enabled,76904221,6652739,6800867,6773658,6650982,6777113,6793540,6786280,6804393,6788566,13773235,13773235,10
2025-10-02 15:11:57,90999,pairwise,PairwiseVerletLists,1.000000,vlp_sliced,none,SoA,disabled,728872525,23334113,22736468,22587769,22524951,22657605,22446389,22552381,22631049,21997770,93234101,93234101,10
2025-10-02 15:11:57,91009,pairwise,PairwiseVerletLists,1.000000,vlp_sliced,none,SoA,enabled,495066019,16099724,16120874,16077484,16079075,15952082,16088755,16123348,15981657,15947344,63953635,63953635,10
2025-10-02 15:11:58,91019,pairwise,PairwiseVerletLists,1.000000,vlp_sliced_balanced,none,AoS,disabled,65105511,13453514,13402950,13388307,13411578,13400842,13385567,13369625,13397973,13399201,18571506,18571506,10
2025-10-02 15:11:58,91029,pairwise,PairwiseVerletLists,1.000000,vlp_sliced_balanced,none,AoS,enabled,77100748,6838593,6801938,6744593,6795269,6774560,6769245,6760825,6765012,6770452,13812123,13812123,10
2025-10-02 15:11:59,91039,pairwise,PairwiseVerletLists,1.000000,vlp_sliced_balanced,none,SoA,disabled,730137007,23308736,22697430,22666025,22645970,22690864,22655573,22682144,22619069,22654052,93475686,93475686,10
2025-10-02 15:11:59,91049,pairwise,PairwiseVerletLists,1.000000,vlp_sliced_balanced,none,SoA,enabled,497155454,16155127,16072463,16031989,16010748,16062139,15997595,16042051,16030066,16025555,64158317,64158317,10
2025-10-02 15:12:00,91059,pairwise,PairwiseVerletLists,1.000000,vlp_sliced_c02,none,AoS,disabled,68511895,16751457,17229788,15636018,17301751,17262391,17376153,17005575,17255314,17147089,22147742,22147742,10
2025-10-02 15:12:00,91069,pairwise,PairwiseVerletLists,1.000000,vlp_sliced_c02,none,AoS,enabled,79070879,8642955,8693526,8666233,8629322,8676057,8546425,8648516,8553547,8661031,15678848,15678848,10
2025-10-02 15:12:01,91079,pairwise,PairwiseVerletLists,1.000000,vlp_sliced_c02,none,SoA,disabled,731251749,28237090,26903104,27628860,27441153,27586435,27434430,27291441,27500854,27631615,97890672,97890672,10
2025-10-02 15:12:01,91089,pairwise,PairwiseVerletLists,1.000000,vlp_sliced_c02,none,SoA,enabled,498231831,19114783,19197166,19170033,19077074,19121889,19158178,19212009,19223940,18993066,67049996,67049996,10
2025-10-02 15:12:02,91099,pairwise,PairwiseVerletLists,1.000000,vlp_c08,none,AoS,disabled,63901373,12496481,12456097,12454092,12449045,12441293,12431641,12438767,12433485,12438065,17594033,17594033,10
2025-10-02 15:12:02,91109,pairwise,PairwiseVerletLists,1.000000,vlp_c08,none,AoS,enabled,77865692,7221350,7180648,7177847,7172680,7178226,7183509,7175841,7175256,7175714,14250676,14250676,10
2025-10-02 15:12:03,91119,pairwise,PairwiseVerletLists,1.000000,vlp_c08,none,SoA,disabled,726784097,21134041,20575369,20552375,20560540,20553434,20559139,20571303,20550977,20574645,91241591,91241591,10
2025-10-02 15:12:03,91129,pairwise,PairwiseVerletLists,1.000000,vlp_c08,none,SoA,enabled,495211059,15453469,15408773,15422492,15441095,15404650,15407440,15412322,15413751,15403373,63397842,63397842,10
2025-10-02 15:14:04,95009,pairwise,LinkedCells,1.000000,lc_c01,none,AoS,disabled,17529369,17317608,17311088,17297864,17309405,17288684,17296018,17298092,17300625,17301198,17324994,17324994,10
2025-10-02 15:14:04,95019,pairwise,LinkedCells,1.000000,lc_c01,none,SoA,disabled,11792468,11734709,11743410,11701459,11720016,11730583,11716574,11721077,11717007,11721216,11729851,11729851,10
2025-10-02 15:14:05,95029,pairwise,LinkedCells,1.000000,lc_c01_combined_SoA,none,SoA,disabled,10035818,10037313,10030626,10034643,10032840,10054665,10010023,10015084,10019878,10008189,10027907,10027907,10
2025-10-02 15:14:05,95039,pairwise,LinkedCells,1.000000,lc_c04,none,AoS,disabled,11842974,11812363,11840683,11744123,11846558,11814264,11812317,11796803,11823177,11828431,11816169,11816169,10
2025-10-02 15:14:05,95049,pairwise,LinkedCells,1.000000,lc_c04,none,AoS,enabled,8769822,8715102,8715648,8724857,8728621,8735504,8739785,8723005,8717689,8680406,8725043,8725043,10
2025-10-02 15:14:05,95059,pairwise,LinkedCells,1.000000,lc_c04,none,SoA,disabled,10810453,10797235,10793377,10801739,10797087,10816467,10826557,10768646,10743697,10780211,10793546,10793546,10
2025-10-02 15:14:05,95069,pairwise,LinkedCells,1.000000,lc_c04,none,SoA,enabled,7631943,7587710,7583044,7577867,7581135,7565056,7586520,7597421,7596176,7598291,7590516,7590516,10
2025-10-02 15:14:05,95079,pairwise,LinkedCells,1.000000,lc_c04_HCP,none,AoS,disabled,11182434,11132241,11120155,11119238,11114248,11119610,11125840,11112064,11112492,11119198,11125752,11125752,10
2025-10-02 15:14:05,95089,pairwise,LinkedCells,1.000000,lc_c04_HCP,none,AoS,enabled,8421232,8421376,8438015,8422173,8429574,8423988,8423920,8425685,8429128,8417271,8425236,8425236,10
2025-10-02 15:14:05,95099,pairwise,LinkedCells,1.000000,lc_c04_HCP,none,SoA,disabled,11185905,11193506,11165375,11139865,11133672,11120444,11121120,11120542,11121929,11124650,11142700,11142700,10
2025-10-02 15:14:05,95109,pairwise,LinkedCells,1.000000,lc_c04_HCP,none,SoA,enabled,8302201,8285780,8289997,8259168,8261774,8249062,8252066,8261857,8233839,8243528,8263926,8263926,10
2025-10-02 15:14:05,95119,pairwise,LinkedCells,1.000000,lc_c04_combined_SoA,none,SoA,disabled,12547363,12466661,12485640,12515200,12456011,12492045,12433168,12432169,12564599,12404176,12479702,12479702,10
2025-10-02 15:14:06,95129,pairwise,LinkedCells,1.000000,lc_c04_combined_SoA,none,SoA,enabled,10454852,10399759,10407462,10376861,10379594,10348975,10389611,10403470,10368832,10360433,10388984,10388984,10
2025-10-02 15:14:06,95139,pairwise,LinkedCells,1.000000,lc_c08,none,AoS,disabled,11891058,11792852,11783636,11786001,11785663,11789972,11778302,11788800,11776856,11773873,11794701,11794701,10
2025-10-02 15:14:06,95149,pairwise,LinkedCells,1.000000,lc_c08,none,AoS,enabled,9143883,9118600,9111445,9107520,9111894,9114127,9114518,9107600,9134333,9121452,9118537,9118537,10
2025-10-02 15:14:06,95159,pairwise,LinkedCells,1.000000,lc_c08,none,SoA,disabled,13912049,13758411,13713118,13695889,13698724,13673048,13646856,13650994,13659013,13636779,13704487,13704487,10
2025-10-02 15:14:06,95169,pairwise,LinkedCells,1.000000,lc_c08,none,SoA,enabled,11018767,10904972,10912769,10906528,10900552,10893915,10879030,10881654,10898178,10886914,10908327,10908327,10
2025-10-02 15:14:06,95179,pairwise,LinkedCells,1.000000,lc_c18,none,AoS,disabled,11951426,11864997,11887173,11884282,11883373,11892734,11888669,11876912,11871940,11902692,11890419,11890419,10
2025-10-02 15:14:06,95189,pairwise,LinkedCells,1.000000,lc_c18,none,AoS,enabled,9226723,9198852,9202974,9183739,9198168,9197964,9197194,9197817,9209034,9189771,9200223,9200223,10
2025-10-02 15:14:06,95199,pairwise,LinkedCells,1.000000,lc_c18,none,SoA,disabled,13666927,13603246,13621457,13623135,13635568,13609505,13630286,13608187,13618783,13588244,13620533,13620533,10
2025-10-02 15:14:07,95209,pairwise,LinkedCells,1.000000,lc_c18,none,SoA,enabled,9447412,9383192,9384432,9366006,9375948,9364787,9383927,9363986,9353965,9342021,9376567,9376567,10
2025-10-02 15:14:07,95219,pairwise,LinkedCells,1.000000,lc_sliced,none,AoS,disabled,15692141,15610969,15590380,15561653,15696961,15631102,15618533,15624464,15564684,15095782,15568666,15568666,10
2025-10-02 15:14:07,95229,pairwise,LinkedCells,1.000000,lc_sliced,none,AoS,enabled,11138048,11322478,11435380,11398481,11406737,10815776,11441841,11210324,11363473,11388994,11292153,11292153,10
2025-10-02 15:14:07,95239,pairwise,LinkedCells,1.000000,lc_sliced,none,SoA,disabled,13024361,12801797,12996063,12924787,12898916,12950383,12947650,12896490,12919047,12637439,12899693,12899693,10
2025-10-02 15:14:07,95249,pairwise,LinkedCells,1.000000,lc_sliced,none,SoA,enabled,8254729,8229263,8239193,8239351,8106059,8234811,8173816,8110455,8192126,8209994,8198979,8198979,10
2025-10-02 15:14:07,95259,pairwise,LinkedCells,1.000000,lc_sliced_balanced,none,AoS,disabled,15611290,15571287,15567063,15562117,15570704,15588312,15563973,15575718,15567091,15587394,15576494,15576494,10
2025-10-02 15:14:07,95269,pairwise,LinkedCells,1.000000,lc_sliced_balanced,none,AoS,enabled,11424345,11431566,11409677,11433853,11446619,11411894,11433810,11421743,11458985,11426371,11429886,11429886,10
2025-10-02 15:14:08,95279,pairwise,LinkedCells,1.000000,lc_sliced_balanced,none,SoA,disabled,12954959,12927410,12903006,12936475,12917187,12919462,12910201,12928338,12902237,12915570,12921484,12921484,10
2025-10-02 15:14:08,95289,pairwise,LinkedCells,1.000000,lc_sliced_balanced,none,SoA,enabled,8251442,8233266,8230080,8232503,8219319,8221070,8240934,8209164,8212961,8194399,8224513,8224513,10
2025-10-02 15:14:08,95299,pairwise,LinkedCells,1.000000,lc_sliced_balanced,squared-particles-per-cell,AoS,disabled,16008198,15666498,15630319,15615025,15638714,15616311,15640980,15636112,15622545,15616402,15669110,15669110,10
2025-10-02 15:14:08,95309,pairwise,LinkedCells,1.000000,lc_sliced_balanced,squared-particles-per-cell,AoS,enabled,11700648,11487237,11436931,11440977,11436925,11432555,11417416,11426174,11422371,11429510,11463074,11463074,10
2025-10-02 15:14:08,95319,pairwise,LinkedCells,1.000000,lc_sliced_balanced,squared-particles-per-cell,SoA,disabled,15631515,13006568,12948602,12930052,12911252,12930550,12889245,12894556,12910245,12925900,13197848,13197848,10
2025-10-02 15:14:08,95329,pairwise,LinkedCells,1.000000,lc_sliced_balanced,squared-particles-per-cell,SoA,enabled,9198790,8984381,8979776,8978104,8941105,8972202,8946800,8939077,8881672,8953065,8977497,8977497,10
2025-10-02 15:14:08,95339,pairwise,LinkedCells,1.000000,lc_sliced_c02,none,AoS,disabled,15730409,15498067,15042900,15412556,15394411,15147214,15444725,15433772,15447512,15100801,15365236,15365236,10
2025-10-02 15:14:09,95349,pairwise,LinkedCells,1.000000,lc_sliced_c02,none,AoS,enabled,11195559,11253700,11257962,10992497,11158222,11254744,11203308,11002420,11235701,11361631,11191573,11191573,10
2025-10-02 15:14:09,95359,pairwise,LinkedCells,1.000000,lc_sliced_c02,none,SoA,disabled,15164544,12624431,12858351,12777538,12831694,12824380,12699633,12862712,12777888,12806926,13022809,13022809,10
2025-10-02 15:14:09,95369,pairwise,LinkedCells,1.000000,lc_sliced_c02,none,SoA,enabled,8375438,8293431,8024990,8171622,8257591,7977584,8224078,8004450,7940380,8110798,8138036,8138036,10
2025-10-02 15:14:09,95379,pairwise,VerletClusterLists,1.000000,vcl_c01_balanced,none,AoS,disabled,99922561,23209660,23217319,23244149,23168131,23250487,23230692,23200373,23215630,23185605,30884460,30884460,10
2025-10-02 15:14:09,95389,pairwise,VerletClusterLists,1.000000,vcl_c01_balanced,none,SoA,disabled,66710767,8299927,8214379,8270876,8221792,8242798,8197695,8271206,8198859,8214835,14084312,14084312,10
2025-10-02 15:14:10,95399,pairwise,VerletClusterLists,1.000000,vcl_c06,none,AoS,disabled,89272327,30898061,30500232,31330651,30760192,30410241,30316395,31351692,30907331,31081107,36682822,36682822,10
2025-10-02 15:14:10,95409,pairwise,VerletClusterLists,1.000000,vcl_c06,none,AoS,enabled,48078446,15359946,15695473,15423337,15470492,15782272,15506216,15664200,15371320,15468811,18782051,18782051,10
2025-10-02 15:14:10,95419,pairwise,VerletClusterLists,1.000000,vcl_c06,none,SoA,disabled,69063886,11197055,11678112,11144271,11069370,10942273,11097581,11352548,11350733,11324531,17022035,17022035,10
2025-10-02 15:14:10,95429,pairwise,VerletClusterLists,1.000000,vcl_c06,none,SoA,enabled,38821784,6161486,6250723,6253909,6086337,6234996,6150792,6265553,6300695,6047162,9457343,9457343,10
2025-10-02 15:14:11,95439,pairwise,VerletClusterLists,1.000000,vcl_sliced,none,AoS,disabled,107459439,52974362,49956750,50235263,50208141,50059416,50105804,50137648,49912192,50080342,56112935,56112935,10
2025-10-02 15:14:11,95449,pairwise,VerletClusterLists,1.000000,vcl_sliced,none,AoS,enabled,57916986,25617313,26001922,25961498,25647126,25666472,25952028,25937358,25625203,23480166,28780606,28780606,10
2025-10-02 15:14:11,95459,pairwise,VerletClusterLists,1.000000,vcl_sliced,none,SoA,disabled,73588380,15555497,15070255,15591795,15059730,15604555,15086982,15639252,13861554,15618040,21067603,21067603,10
2025-10-02 15:14:11,95469,pairwise,VerletClusterLists,1.000000,vcl_sliced,none,SoA,enabled,41308040,8582787,8738137,8799477,8707008,8695900,8682557,8888844,8738017,8808824,11994959,11994959,10
2025-10-02 15:14:12,95479,pairwise,VerletClusterLists,1.000000,vcl_sliced_balanced,none,AoS,disabled,107254277,49037769,49012167,49126148,49002343,49037371,49033785,49038983,49081232,49003865,54862793,54862793,10
2025-10-02 15:14:12,95489,pairwise,VerletClusterLists,1.000000,vcl_sliced_balanced,none,AoS,enabled,56882274,24814145,24707580,24723646,24745619,24719111,24734157,24757752,24764807,24786081,27963517,27963517,10
2025-10-02 15:14:13,95499,pairwise,VerletClusterLists,1.000000,vcl_sliced_balanced,none,SoA,disabled,71784219,13782434,13780952,13717122,13730670,13739708,13658604,13759592,13765432,13655449,19537418,19537418,10
2025-10-02 15:14:13,95509,pairwise,VerletClusterLists,1.000000,vcl_sliced_balanced,none,SoA,enabled,40781614,8110723,8095293,8058480,8129348,8132586,8050041,8087219,8089801,8038825,11357392,11357392,10
2025-10-02 15:14:13,95519,pairwise,VerletClusterLists,1.000000,vcl_sliced_balanced,neighbor-list-length,AoS,disabled,120685602,49093553,49139963,49179367,49118656,49123101,49069049,49092493,49100120,49144084,56274598,56274598,10
2025-10-02 15:14:14,95529,pairwise,VerletClusterLists,1.000000,vcl_sliced_balanced,neighbor-list-length,AoS,enabled,57092226,24800478,24831726,24791559,24747480,24827399,24780784,24717931,24778744,24833112,28020143,28020143,10
2025-10-02 15:14:14,95539,pairwise,VerletClusterLists,1.000000,vcl_sliced_balanced,neighbor-list-length,SoA,disabled,72179201,13718220,13699470,13722917,13737305,14909852,13728606,13773706,13680519,13727216,19687700,19687700,10
2025-10-02 15:14:14,95549,pairwise,VerletClusterLists,1.000000,vcl_sliced_balanced,neighbor-list-length,SoA,enabled,40652731,8120510,9202244,8031137,8068921,8080570,8069025,8059968,8063838,8050987,11439992,11439992,10
2025-10-02 15:14:15,95559,pairwise,VerletClusterLists,1.000000,vcl_sliced_c02,none,AoS,disabled,136343635,60698366,60626291,65057363,66874222,60711656,60718204,61200993,66811716,64654535,70369697,70369697,10
2025-10-02 15:14:15,95569,pairwise,VerletClusterLists,1.000000,vcl_sliced_c02,none,AoS,enabled,63581594,31278138,33262031,33835591,30752224,33322604,34492292,31251607,31392551,30745319,35391394,35391394,10
2025-10-02 15:14:15,95579,pairwise,VerletClusterLists,1.000000,vcl_sliced_c02,none,SoA,disabled,77753567,18028592,20020980,19899252,19980522,20147586,19750986,20061047,20017055,17846981,25350656,25350656,10
2025-10-02 15:14:15,95589,pairwise,VerletClusterLists,1.000000,vcl_sliced_c02,none,SoA,enabled,43647304,10419621,11045867,11278793,10429108,10924595,10055112,10978198,10955402,10938563,14067256,14067256,10
2025-10-02 15:14:16,95599,pairwise,VerletLists,1.000000,vl_list_iteration,none,AoS,disabled,58484366,9754737,9726924,9734072,9740663,9735117,9732130,9716116,9725057,9702489,14605166,14605166,10
2025-10-02 15:14:16,95609,pairwise,VerletLists,1.000000,vl_list_iteration,none,SoA,disabled,193779315,10555861,10523234,10385845,10363586,10385797,10377177,10378150,10350202,10371047,28747020,28747020,10
2025-10-02 15:14:16,95619,pairwise,VerletListsCells,1.000000,vlc_c01,none,AoS,disabled,59624421,7222847,7223415,7223228,7216616,7221823,7218921,7214182,7201071,7211832,12457834,12457834,10
2025-10-02 15:14:17,95629,pairwise,VerletListsCells,1.000000,vlc_c01,none,SoA,disabled,195094173,11320338,11268961,11282332,11227131,11243106,11258422,11257069,11258334,11245144,29645500,29645500,10
2025-10-02 15:14:17,95639,pairwise,VerletListsCells,1.000000,vlc_c18,none,AoS,disabled,45213455,7029773,7023950,7039573,7011011,7026352,7016510,7016870,7023483,7014814,10841578,10841578,10
2025-10-02 15:14:17,95649,pairwise,VerletListsCells,1.000000,vlc_c18,none,AoS,enabled,33594226,4576297,4522845,4528125,4517451,4521159,4513554,4517901,4518284,4525456,7433529,7433529,10
2025-10-02 15:14:17,95659,pairwise,VerletListsCells,1.000000,vlc_c18,none,SoA,disabled,291903286,14199542,14196084,14211709,14178800,14211921,14216736,14203171,14184170,14180495,41968590,41968590,10
2025-10-02 15:14:17,95669,pairwise,VerletListsCells,1.000000,vlc_c18,none,SoA,enabled,190527249,11828669,11795757,11818652,11818603,11016781,10990979,11017729,11006533,11033426,29285437,29285437,10
2025-10-02 15:14:18,95679,pairwise,VerletListsCells,1.000000,vlc_c08,none,AoS,disabled,40459670,7044932,7048807,7040022,7037895,7041948,7041826,7042889,7045604,7044372,10384795,10384795,10
2025-10-02 15:14:18,95689,pairwise,VerletListsCells,1.000000,vlc_c08,none,AoS,enabled,37244476,4839296,4806362,4817152,4817504,4812012,4822853,4808418,4824274,4811815,8060415,8060415,10
2025-10-02 15:14:18,95699,pairwise,VerletListsCells,1.000000,vlc_c08,none,SoA,disabled,270826463,13728498,13733328,13706853,13724159,13733079,13709269,13716366,13712036,13719181,39430922,39430922,10
2025-10-02 15:14:18,95709,pairwise,VerletListsCells,1.000000,vlc_c08,none,SoA,enabled,213556438,12432828,12400697,12397153,12388134,12385634,12420545,12385356,12399307,12386180,32515227,32515227,10
2025-10-02 15:14:19,95719,pairwise,VerletListsCells,1.000000,vlc_sliced,none,AoS,disabled,52176525,12577707,12475871,12492380,12483415,12387501,11981582,12496765,12401214,12461369,16393432,16393432,10
2025-10-02 15:14:19,95729,pairwise,VerletListsCells,1.000000,vlc_sliced,none,AoS,enabled,36045047,6103161,5858385,6051390,6062367,6052811,6062544,6066166,5867264,6069623,9023875,9023875,10
2025-10-02 15:14:19,95739,pairwise,VerletListsCells,1.000000,vlc_sliced,none,SoA,disabled,306957443,18651081,18555508,18487523,18082333,18300820,18527734,18529732,18554229,18539778,47318617,47318617,10
2025-10-02 15:14:19,95749,pairwise,VerletListsCells,1.000000,vlc_sliced,none,SoA,enabled,189707467,12497886,12615036,12637800,12619277,11856178,11802718,11844624,11802817,11832009,29921580,29921580,10
2025-10-02 15:14:20,95759,pairwise,VerletListsCells,1.000000,vlc_sliced_balanced,none,AoS,disabled,50904660,12432501,12414308,12409704,12388227,12397464,12413557,12420641,12401548,12388428,16257103,16257103,10
2025-10-02 15:14:20,95769,pairwise,VerletListsCells,1.000000,vlc_sliced_balanced,none,AoS,enabled,35160095,6170317,6099158,6119249,6112584,6077116,6070839,6073764,6090413,6070511,9004403,9004403,10
2025-10-02 15:14:20,95779,pairwise,VerletListsCells,1.000000,vlc_sliced_balanced,none,SoA,disabled,302757544,18678238,18601490,18547598,18552830,18521503,18515513,18578172,18527351,18516194,46979642,46979642,10
2025-10-02 15:14:21,95789,pairwise,VerletListsCells,1.000000,vlc_sliced_balanced,none,SoA,enabled,194829724,12720302,12643595,12605080,12714279,11905760,11860405,11844297,11875022,11838848,30483730,30483730,10
2025-10-02 15:14:21,95799,pairwise,VerletListsCells,1.000000,vlc_sliced_balanced,squared-particles-per-cell,AoS,disabled,49693898,11806124,11756649,11746887,11730696,11724496,11754384,11745396,11761551,11768854,15548893,15548893,10
2025-10-02 15:14:21,95809,pairwise,VerletListsCells,1.000000,vlc_sliced_balanced,squared-particles-per-cell,AoS,enabled,35536901,6383929,6321092,6314208,6300771,6297075,6291918,6277406,6291796,6291613,9230670,9230670,10
2025-10-02 15:14:21,95819,pairwise,VerletListsCells,1.000000,vlc_sliced_balanced,squared-particles-per-cell,SoA,disabled,288280610,18485902,18481866,18422282,18392713,18429188,18395342,18432646,18442087,18395351,45415798,45415798,10
2025-10-02 15:14:22,95829,pairwise,VerletListsCells,1.000000,vlc_sliced_balanced,squared-particles-per-cell,SoA,enabled,189198554,12557057,12584331,12619568,12579239,11914541,11766875,11770235,11741052,11738427,29846987,29846987,10
2025-10-02 15:14:22,95839,pairwise,VerletListsCells,1.000000,vlc_sliced_balanced,neighbor-list-length,AoS,disabled,51177431,12397734,12372306,12361627,12340942,12363562,12360901,12405422,12379538,12397527,16255698,16255698,10
2025-10-02 15:14:22,95849,pairwise,VerletListsCells,1.000000,vlc_sliced_balanced,neighbor-list-length,AoS,enabled,35492409,6430884,6402236,6404842,6376381,6391173,6366225,6397515,6366679,6372051,9300039,9300039,10
2025-10-02 15:14:22,95859,pairwise,VerletListsCells,1.000000,vlc_sliced_balanced,neighbor-list-length,SoA,disabled,289727366,19528266,19248224,19271112,19239635,19192555,19182067,19198732,19236842,19233708,46305850,46305850,10
2025-10-02 15:14:23,95869,pairwise,VerletListsCells,1.000000,vlc_sliced_balanced,neighbor-list-length,SoA,enabled,196954715,12947462,12897076,12911300,12907921,12255195,12035839,12087652,12037883,12022379,30905741,30905741,10
2025-10-02 15:14:23,95879,pairwise,VerletListsCells,1.000000,vlc_sliced_c02,none,AoS,disabled,53916762,15097831,15061729,14981614,15029180,15123517,15142578,14889871,14398643,15067805,18870952,18870952,10
2025-10-02 15:14:23,95889,pairwise,VerletListsCells,1.000000,vlc_sliced_c02,none,AoS,enabled,37164935,8115453,8073363,7811367,8030587,7994772,7893592,7658158,7975336,8052130,10876969,10876969,10
2025-10-02 15:14:24,95899,pairwise,VerletListsCells,1.000000,vlc_sliced_c02,none,SoA,disabled,291122382,22386758,22311053,22257593,22415290,21585004,21476615,22142734,22405512,21620888,48972382,48972382,10
2025-10-02 15:14:24,95909,pairwise,VerletListsCells,1.000000,vlc_sliced_c02,none,SoA,enabled,197911968,14383209,13682578,14448925,14326596,14356232,13667526,13255893,13604181,13552208,32318931,32318931,10
2025-10-02 15:14:24,95919,pairwise,PairwiseVerletLists,1.000000,vlp_c01,none,AoS,disabled,63206540,9074334,9084704,9068613,9084046,9077375,9089666,9073414,9094893,9082092,14493567,14493567,10
2025-10-02 15:14:25,95929,pairwise,PairwiseVerletLists,1.000000,vlp_c01,none,SoA,disabled,622290194,19930417,19918240,19927247,19896485,19885677,19900867,19911152,19890940,19893470,80144468,80144468,10
2025-10-02 15:14:25,95939,pairwise,PairwiseVerletLists,1.000000,vlp_c18,none,AoS,disabled,60765064,9639476,9636895,9645517,9616695,9630277,9630410,9640355,9626438,9642885,14747400,14747400,10
2025-10-02 15:14:25,95949,pairwise,PairwiseVerletLists,1.000000,vlp_c18,none,AoS,enabled,78931474,6294531,6264241,6274750,6268160,6282671,6276676,6280606,6265231,6260221,13539855,13539855,10
2025-10-02 15:14:26,95959,pairwise,PairwiseVerletLists,1.000000,vlp_c18,none,SoA,disabled,817804761,18756085,18736418,18721671,18738198,18735444,18748392,18732445,18730123,18723095,98642662,98642662,10
2025-10-02 15:14:27,95969,pairwise,PairwiseVerletLists,1.000000,vlp_c18,none,SoA,enabled,507768194,15180516,14577364,14554063,14544156,14546163,14548184,14537382,14542769,14554432,63935321,63935321,10
2025-10-02 15:14:27,95979,pairwise,PairwiseVerletLists,1.000000,vlp_sliced,none,AoS,disabled,69055850,17449215,17250296,16986952,17334953,17434612,17387837,17417042,17447660,17294934,22505934,22505934,10
2025-10-02 15:14:27,95989,pairwise,PairwiseVerletLists,1.000000,vlp_sliced,none,AoS,enabled,82090890,8408787,8349158,8418278,8348794,8388379,8421251,8400279,8149493,8352537,15732783,15732783,10
2025-10-02 15:14:29,95999,pairwise,PairwiseVerletLists,1.000000,vlp_sliced,none,SoA,disabled,798273060,28525618,28378069,28015279,28186277,27527694,27636240,27188665,27542216,27466694,104873981,104873981,10
2025-10-02 15:14:29,96009,pairwise,PairwiseVerletLists,1.000000,vlp_sliced,none,SoA,enabled,523640744,19686697,19168580,19074271,19095434,18992529,19083717,19138231,19061931,18792229,69573436,69573436,10
2025-10-02 15:14:29,96019,pairwise,PairwiseVerletLists,1.000000,vlp_sliced_balanced,none,AoS,disabled,69686360,18109862,18104451,18102675,18094322,18064926,18067464,18071712,18106821,18100417,23250900,23250900,10
2025-10-02 15:14:30,96029,pairwise,PairwiseVerletLists,1.000000,vlp_sliced_balanced,none,AoS,enabled,82615269,8434863,8403567,8361159,8367233,8365544,8376331,8326332,8334842,8356026,15794116,15794116,10
2025-10-02 15:14:31,96039,pairwise,PairwiseVerletLists,1.000000,vlp_sliced_balanced,none,SoA,disabled,794626040,28420886,28355093,28357044,28228270,28082209,27585711,27594148,27570264,27584616,104640428,104640428,10
2025-10-02 15:14:31,96049,pairwise,PairwiseVerletLists,1.000000,vlp_sliced_balanced,none,SoA,enabled,522526971,19672616,19070424,19107691,19069584,19056792,19036926,19053285,19048147,19055873,69469830,69469830,10
2025-10-02 15:14:32,96059,pairwise,PairwiseVerletLists,1.000000,vlp_sliced_c02,none,AoS,disabled,74414445,22900166,22873985,21552145,22641840,22729723,22807801,22836356,21811045,22860976,27742848,27742848,10
2025-10-02 15:14:32,96069,pairwise,PairwiseVerletLists,1.000000,vlp_sliced_c02,none,AoS,enabled,84983624,10776708,10743933,10724885,10752205,10713881,10801370,10681301,10773270,10687482,18163865,18163865,10
2025-10-02 15:14:33,96079,pairwise,PairwiseVerletLists,1.000000,vlp_sliced_c02,none,SoA,disabled,797967096,34391034,34577370,34594154,32922268,34159492,34045962,33671496,33933049,34084355,110434627,110434627,10
2025-10-02 15:14:34,96089,pairwise,PairwiseVerletLists,1.000000,vlp_sliced_c02,none,SoA,enabled,524108321,23658040,22801305,22491211,23177265,23085390,23033839,22329942,22953638,23105706,73074464,73074464,10
2025-10-02 15:14:34,96099,pairwise,PairwiseVerletLists,1.000000,vlp_c08,none,AoS,disabled,65619803,13709353,13663260,13647329,13634678,13635601,13635072,13624664,13626081,13624581,18842042,18842042,10
2025-10-02 15:14:34,96109,pairwise,PairwiseVerletLists,1.000000,vlp_c08,none,AoS,enabled,82264874,7773550,7705618,7690090,7696313,7703038,7684411,7692345,7696662,7692587,15159948,15159948,10
2025-10-02 15:14:35,96119,pairwise,PairwiseVerletLists,1.000000,vlp_c08,none,SoA,disabled,788948820,23015043,22989495,23020045,22857360,22806397,22247552,22244457,22254587,22242682,99262643,99262643,10
2025-10-02 15:14:36,96129,pairwise,PairwiseVerletLists,1.000000,vlp_c08,none,SoA,enabled,518531442,17157818,16560160,16543148,16551630,16523832,16536886,16551374,16543453,16520379,66802011,66802011,10
2025-10-02 15:16:21,100009,pairwise,LinkedCells,1.000000,lc_c01,none,AoS,disabled,18616988,18401971,18391885,18396790,18394176,18390435,18386427,18373366,18366350,18369032,18408741,18408741,10
2025-10-02 15:16:21,100019,pairwise,LinkedCells,1.000000,lc_c01,none,SoA,disabled,15100794,12615377,12615236,12618758,12601306,12608483,12613094,12607721,12617369,12615511,12861364,12861364,10
2025-10-02 15:16:21,100029,pairwise,LinkedCells,1.000000,lc_c01_combined_SoA,none,SoA,disabled,10760008,10661241,10682884,10664429,10692576,10668503,10642896,10668459,10666101,10663916,10677100,10677100,10
2025-10-02 15:16:21,100039,pairwise,LinkedCells,1.000000,lc_c04,none,AoS,disabled,12285726,12283352,12233193,12304831,12225576,12261175,12202189,12254017,12244562,12280897,12257551,12257551,10
2025-10-02 15:16:21,100049,pairwise,LinkedCells,1.000000,lc_c04,none,AoS,enabled,9056312,9073025,9109873,9091025,9091137,9068969,9061481,9069654,9048489,9069117,9073907,9073907,10
2025-10-02 15:16:21,100059,pairwise,LinkedCells,1.000000,lc_c04,none,SoA,disabled,11409576,11378137,11349150,11393501,11360146,11365485,11381940,11376769,11370312,11411635,11379664,11379664,10
2025-10-02 15:16:22,100069,pairwise,LinkedCells,1.000000,lc_c04,none,SoA,enabled,7985900,7964773,7969694,7962566,7956583,7974084,7964797,7964094,7970248,7951870,7966460,7966460,10
2025-10-02 15:16:22,100079,pairwise,LinkedCells,1.000000,lc_c04_HCP,none,AoS,disabled,11788566,11756726,11760589,11751691,11751756,11756758,11759064,11759354,11731946,11755768,11757221,11757221,10
2025-10-02 15:16:22,100089,pairwise,LinkedCells,1.000000,lc_c04_HCP,none,AoS,enabled,8891015,8901793,8895410,8904736,8891443,8888127,8897845,8893537,8890622,8898595,8895311,8895311,10
2025-10-02 15:16:22,100099,pairwise,LinkedCells,1.000000,lc_c04_HCP,none,SoA,disabled,11710433,11707639,11684637,11703748,11677918,11655398,11664235,11654518,11622631,11675370,11675652,11675652,10
2025-10-02 15:16:22,100109,pairwise,LinkedCells,1.000000,lc_c04_HCP,none,SoA,enabled,8630531,8631575,8600043,8601179,8586959,8590065,8591024,8568256,8574767,8573873,8594827,8594827,10
2025-10-02 15:16:22,100119,pairwise,LinkedCells,1.000000,lc_c04_combined_SoA,none,SoA,disabled,12566121,12567548,12566133,12521173,12556358,12537207,12560241,12503581,12530173,12554404,12546293,12546293,10
2025-10-02 15:16:22,100129,pairwise,LinkedCells,1.000000,lc_c04_combined_SoA,none,SoA,enabled,10327548,10286788,10256386,10255817,10276665,10279530,10258142,10249816,10257477,10233704,10268186,10268186,10
2025-10-02 15:16:22,100139,pairwise,LinkedCells,1.000000,lc_c08,none,AoS,disabled,12546758,12439991,12439801,12443194,12443991,12441700,12448759,12431875,12442414,12447970,12452645,12452645,10
2025-10-02 15:16:23,100149,pairwise,LinkedCells,1.000000,lc_c08,none,AoS,enabled,9622126,9609858,9608927,9616699,9609561,9608944,9605441,9605223,9620846,9615767,9612338,9612338,10
2025-10-02 15:16:23,100159,pairwise,LinkedCells,1.000000,lc_c08,none,SoA,disabled,14527098,14421090,14356956,14337635,14342368,14340949,14338559,14322126,14315098,14331701,14363357,14363357,10
2025-10-02 15:16:23,100169,pairwise,LinkedCells,1.000000,lc_c08,none,SoA,enabled,11533945,11450650,11454779,11430563,11449977,11422815,11434607,11428342,11427852,11456830,11449035,11449035,10
2025-10-02 15:16:23,100179,pairwise,LinkedCells,1.000000,lc_c18,none,AoS,disabled,12586374,12539162,12548806,12540847,12540638,12535606,12548215,12534601,12539709,12533560,12544751,12544751,10
2025-10-02 15:16:23,100189,pairwise,LinkedCells,1.000000,lc_c18,none,AoS,enabled,9662999,9664525,9659347,9654253,9650964,9663177,9652338,9652088,9662930,9648108,9657072,9657072,10
2025-10-02 15:16:23,100199,pairwise,LinkedCells,1.000000,lc_c18,none,SoA,disabled,15159650,15069381,15088389,15085258,15087295,15075773,15076145,15085815,15096605,15082601,15090691,15090691,10
2025-10-02 15:16:23,100209,pairwise,LinkedCells,1.000000,lc_c18,none,SoA,enabled,10972948,10937610,10918511,10935674,10932568,10919983,10914040,10940987,10923145,10923165,10931863,10931863,10
2025-10-02 15:16:24,100219,pairwise,LinkedCells,1.000000,lc_sliced,none,AoS,disabled,17745848,16380319,18855725,18381023,17632505,17184151,18754119,18694075,18816907,18750576,18119524,18119524,10
2025-10-02 15:16:24,100229,pairwise,LinkedCells,1.000000,lc_sliced,none,AoS,enabled,13763871,13779616,13711349,13718394,13720626,13730344,13670192,13678446,13668488,13766408,13720772,13720772,10
2025-10-02 15:16:24,100239,pairwise,LinkedCells,1.000000,lc_sliced,none,SoA,disabled,15119350,15093089,15025580,15035609,14932829,15179900,15012235,15042954,15021361,15162575,15062547,15062547,10
2025-10-02 15:16:24,100249,pairwise,LinkedCells,1.000000,lc_sliced,none,SoA,enabled,9058939,9340230,9327229,9285461,9254314,9250577,9297636,9271696,9353677,9227831,9266758,9266758,10
2025-10-02 15:16:24,100259,pairwise,LinkedCells,1.000000,lc_sliced_balanced,none,AoS,disabled,18834269,18813293,18810653,18793337,18825682,18822403,18825250,18814958,18826519,18831405,18819776,18819776,10
2025-10-02 15:16:24,100269,pairwise,LinkedCells,1.000000,lc_sliced_balanced,none,AoS,enabled,13739755,13736727,13774748,13728110,13740297,13733119,13769717,13747730,13744232,13730664,13744509,13744509,10
2025-10-02 15:16:24,100279,pairwise,LinkedCells,1.000000,lc_sliced_balanced,none,SoA,disabled,15260580,15203334,15155536,15188611,15153293,15133708,15149445,15141964,15153595,15155151,15169521,15169521,10
2025-10-02 15:16:25,100289,pairwise,LinkedCells,1.000000,lc_sliced_balanced,none,SoA,enabled,9329615,9317817,9286864,9296133,9293130,9315957,9295705,9246434,9272089,9301284,9295502,9295502,10
2025-10-02 15:16:25,100299,pairwise,LinkedCells,1.000000,lc_sliced_balanced,squared-particles-per-cell,AoS,disabled,19056029,18752571,18724518,18749795,18773469,18776641,18733914,18754163,18760635,18751387,18783311,18783311,10
2025-10-02 15:16:25,100309,pairwise,LinkedCells,1.000000,lc_sliced_balanced,squared-particles-per-cell,AoS,enabled,13801827,13688039,13692036,13695569,13707376,13663687,13663585,13668077,13682892,13716789,13697987,13697987,10
2025-10-02 15:16:25,100319,pairwise,LinkedCells,1.000000,lc_sliced_balanced,squared-particles-per-cell,SoA,disabled,17584109,15166118,15123542,15093881,15051467,15054860,15016291,15086931,15054382,15108991,15334056,15334056,10
2025-10-02 15:16:25,100329,pairwise,LinkedCells,1.000000,lc_sliced_balanced,squared-particles-per-cell,SoA,enabled,9491535,9269838,9328178,9277539,9268363,9263201,9314748,9307764,9280575,9326619,9312835,9312835,10
2025-10-02 15:16:25,100339,pairwise,LinkedCells,1.000000,lc_sliced_c02,none,AoS,disabled,19006471,18975127,18479865,18447339,18594409,18811519,18204598,18675716,18520207,18746817,18646206,18646206,10
2025-10-02 15:16:26,100349,pairwise,LinkedCells,1.000000,lc_sliced_c02,none,AoS,enabled,13583035,13698302,13700705,13714225,13585472,13662632,13268316,13474010,13543639,13555802,13578613,13578613,10
2025-10-02 15:16:26,100359,pairwise,LinkedCells,1.000000,lc_sliced_c02,none,SoA,disabled,17705080,15375796,14921460,14762885,15229003,15014266,14945036,15122549,15108738,15059604,15324441,15324441,10
2025-10-02 15:16:26,100369,pairwise,LinkedCells,1.000000,lc_sliced_c02,none,SoA,enabled,9512485,9333988,9285666,9426195,9110802,9341194,9244612,9279976,9498724,9299300,9333294,9333294,10
2025-10-02 15:16:26,100379,pairwise,VerletClusterLists,1.000000,vcl_c01_balanced,none,AoS,disabled,92946442,24149757,24136463,24169163,24048836,24147722,24118400,24148650,24137695,24246474,31024959,31024959,10
2025-10-02 15:16:26,100389,pairwise,VerletClusterLists,1.000000,vcl_c01_balanced,none,SoA,disabled,58803091,8518024,8522569,8495216,8513504,8533972,8483899,8528398,8523970,8502787,13542542,13542542,10
2025-10-02 15:16:27,100399,pairwise,VerletClusterLists,1.000000,vcl_c06,none,AoS,disabled,79726659,30057576,30426893,30418114,30564243,29753596,30958835,30277295,29885268,30169699,35223817,35223817,10
2025-10-02 15:16:27,100409,pairwise,VerletClusterLists,1.000000,vcl_c06,none,AoS,enabled,44801953,15258623,15434737,15399987,15703653,15697041,15628706,15297467,15635911,15647437,18450551,18450551,10
2025-10-02 15:16:27,100419,pairwise,VerletClusterLists,1.000000,vcl_c06,none,SoA,disabled,60631019,10754854,10921764,10965940,10847251,10827397,11054329,10943032,10921127,10772970,15863967,15863967,10
2025-10-02 15:16:27,100429,pairwise,VerletClusterLists,1.000000,vcl_c06,none,SoA,enabled,35681434,6246878,6158579,6255008,6304669,6230219,6279118,6023308,6206051,6226881,9161214,9161214,10
2025-10-02 15:16:28,100439,pairwise,VerletClusterLists,1.000000,vcl_sliced,none,AoS,disabled,105661647,54937865,54792167,54803474,54869856,54341393,56672213,54699779,53339660,54787091,59890514,59890514,10
2025-10-02 15:16:28,100449,pairwise,VerletClusterLists,1.000000,vcl_sliced,none,AoS,enabled,56470754,28874789,27662142,27716295,29469934,27149740,30362978,28836765,27162408,27166977,31087278,31087278,10
2025-10-02 15:16:28,100459,pairwise,VerletClusterLists,1.000000,vcl_sliced,none,SoA,disabled,66368077,16495818,16515886,16302864,16332142,17214609,16608573,16474636,16381841,16483029,21517747,21517747,10
2025-10-02 15:16:29,100469,pairwise,VerletClusterLists,1.000000,vcl_sliced,none,SoA,enabled,38664253,9665078,9329354,9309349,9238086,9308687,8522670,9370159,9248085,9303615,12195933,12195933,10
2025-10-02 15:16:29,100479,pairwise,VerletClusterLists,1.000000,vcl_sliced_balanced,none,AoS,disabled,98544582,48499824,48693116,48723378,48663843,48620205,48780431,48625908,48667571,48656480,53647533,53647533,10
2025-10-02 15:16:29,100489,pairwise,VerletClusterLists,1.000000,vcl_sliced_balanced,none,AoS,enabled,53512664,24700393,24610735,24650032,24664542,24577335,24561744,24719692,24563360,24657826,27521832,27521832,10
2025-10-02 15:16:30,100499,pairwise,VerletClusterLists,1.000000,vcl_sliced_balanced,none,SoA,disabled,64375037,14413491,14343866,14284489,14361335,14320764,14391848,14339588,14280191,14401737,19351233,19351233,10
2025-10-02 15:16:30,100509,pairwise,VerletClusterLists,1.000000,vcl_sliced_balanced,none,SoA,enabled,38304305,8737732,8695374,8745165,8782994,8689327,8774289,8713296,8712241,8706688,11686140,11686140,10
2025-10-02 15:16:30,100519,pairwise,VerletClusterLists,1.000000,vcl_sliced_balanced,neighbor-list-length,AoS,disabled,113129665,48814537,48773818,48788500,48828844,48765326,48809338,48776164,48810632,48711497,55220831,55220831,10
2025-10-02 15:16:31,100529,pairwise,VerletClusterLists,1.000000,vcl_sliced_balanced,neighbor-list-length,AoS,enabled,53511513,24693391,24719902,24689462,24735085,24729944,24679630,24661568,24681589,24689046,27579112,27579112,10
2025-10-02 15:16:31,100539,pairwise,VerletClusterLists,1.000000,vcl_sliced_balanced,neighbor-list-length,SoA,disabled,64490355,14372271,14371392,15431504,14359519,14347566,14377843,14364417,14349218,14348865,19481294,19481294,10
2025-10-02 15:16:31,100549,pairwise,VerletClusterLists,1.000000,vcl_sliced_balanced,neighbor-list-length,SoA,enabled,38229798,8779619,8756890,8752843,8758303,8766757,8786586,8758753,8758904,8744350,11709280,11709280,10
2025-10-02 15:16:32,100559,pairwise,VerletClusterLists,1.000000,vcl_sliced_c02,none,AoS,disabled,125352236,64949236,64499658,69113325,64338168,69048734,64323961,63897960,64188659,64701942,71441387,71441387,10
2025-10-02 15:16:32,100569,pairwise,VerletClusterLists,1.000000,vcl_sliced_c02,none,AoS,enabled,59305221,33281532,33748450,33531106,33389193,33564998,33646899,30272990,30632864,33682239,35505549,35505549,10
2025-10-02 15:16:32,100579,pairwise,VerletClusterLists,1.000000,vcl_sliced_c02,none,SoA,disabled,67679742,20202564,18806239,18743733,21665338,21540608,18805220,20867710,20947023,19513365,24877154,24877154,10
2025-10-02 15:16:33,100589,pairwise,VerletClusterLists,1.000000,vcl_sliced_c02,none,SoA,enabled,40920599,12210948,11721046,12170710,11450992,10992226,11721440,11745059,11474839,11270032,14567789,14567789,10
2025-10-02 15:16:33,100599,pairwise,VerletLists,1.000000,vl_list_iteration,none,AoS,disabled,59611853,10206723,10201678,10183889,10186967,10182183,10190435,10191296,10193662,10197749,15134643,15134643,10
2025-10-02 15:16:33,100609,pairwise,VerletLists,1.000000,vl_list_iteration,none,SoA,disabled,208724187,11189045,11146410,11175347,11164495,11113018,11149385,11142907,11143780,11137206,30908577,30908577,10
2025-10-02 15:16:33,100619,pairwise,VerletListsCells,1.000000,vlc_c01,none,AoS,disabled,60251280,7577416,7583675,7565336,7586120,7563067,7567774,7576691,7571429,7572040,12841482,12841482,10
2025-10-02 15:16:34,100629,pairwise,VerletListsCells,1.000000,vlc_c01,none,SoA,disabled,207381696,11757028,11663453,11633379,11640119,11668580,11634099,11615673,11631578,11642704,31226830,31226830,10
2025-10-02 15:16:34,100639,pairwise,VerletListsCells,1.000000,vlc_c18,none,AoS,disabled,46088113,7375307,7368573,7371125,7362195,7377158,7371185,7366364,7368886,7373708,11242261,11242261,10
2025-10-02 15:16:34,100649,pairwise,VerletListsCells,1.000000,vlc_c18,none,AoS,enabled,34009300,4743033,4699323,4696120,4697953,4693698,4694220,4691066,4689758,4697375,7631183,7631183,10
2025-10-02 15:16:34,100659,pairwise,VerletListsCells,1.000000,vlc_c18,none,SoA,disabled,309851802,14777201,14796070,14783802,14764871,14783635,14786565,14785409,14735694,14783002,44284805,44284805,10
2025-10-02 15:16:35,100669,pairwise,VerletListsCells,1.000000,vlc_c18,none,SoA,enabled,201820777,12287295,12314796,12190916,12187432,11410834,11398996,11412967,11378774,11404633,30780741,30780741,10
2025-10-02 15:16:35,100679,pairwise,VerletListsCells,1.000000,vlc_c08,none,AoS,disabled,41939768,7346316,7337654,7334329,7316251,7336339,7330298,7329203,7337078,7337733,10794496,10794496,10
2025-10-02 15:16:35,100689,pairwise,VerletListsCells,1.000000,vlc_c08,none,AoS,enabled,37075876,5000663,4969219,4977430,4973563,4977185,4982871,4978745,4983002,4977109,8189566,8189566,10
2025-10-02 15:16:35,100699,pairwise,VerletListsCells,1.000000,vlc_c08,none,SoA,disabled,290640936,14242439,14202231,14269503,14262225,14238776,14240321,14259673,14256406,14210224,41882273,41882273,10
2025-10-02 15:16:36,100709,pairwise,VerletListsCells,1.000000,vlc_c08,none,SoA,enabled,228787888,12917063,12886049,12880490,12852741,12835411,12850373,12894700,12870309,12889077,34466409,34466409,10
2025-10-02 15:16:36,100719,pairwise,VerletListsCells,1.000000,vlc_sliced,none,AoS,disabled,55516597,15114380,15080879,15088846,15102046,13091915,14957871,14919164,14980588,15083168,18893545,18893545,10
2025-10-02 15:16:36,100729,pairwise,VerletListsCells,1.000000,vlc_sliced,none,AoS,enabled,37607330,7492563,7461340,7453777,7473435,7307501,7427284,7422357,7146811,7448363,10424075,10424075,10
2025-10-02 15:16:37,100739,pairwise,VerletListsCells,1.000000,vlc_sliced,none,SoA,disabled,333154657,21758357,21539504,21610334,21521533,21704332,21596240,21401801,21231668,21517468,52703588,52703588,10
2025-10-02 15:16:37,100749,pairwise,VerletListsCells,1.000000,vlc_sliced,none,SoA,enabled,203456796,13895756,14265432,14180314,13574822,13185816,13157445,12673295,13181631,13220548,32479185,32479185,10
2025-10-02 15:16:37,100759,pairwise,VerletListsCells,1.000000,vlc_sliced_balanced,none,AoS,disabled,53395307,14139809,14087402,14108950,14084124,14069292,14074619,14055223,14088388,14075252,18017836,18017836,10
2025-10-02 15:16:37,100769,pairwise,VerletListsCells,1.000000,vlc_sliced_balanced,none,AoS,enabled,36826591,7546879,7484347,7488994,7472800,7450658,7481389,7447237,7471073,7461138,10413110,10413110,10
2025-10-02 15:16:38,100779,pairwise,VerletListsCells,1.000000,vlc_sliced_balanced,none,SoA,disabled,325388567,21776261,21650487,21686005,21651821,21703761,21620349,21650422,21618171,21621087,52036692,52036692,10
2025-10-02 15:16:38,100789,pairwise,VerletListsCells,1.000000,vlc_sliced_balanced,none,SoA,enabled,202481834,14098412,14042201,13987345,13975132,13252809,13241649,13160918,13195057,13204287,32463964,32463964,10
2025-10-02 15:16:38,100799,pairwise,VerletListsCells,1.000000,vlc_sliced_balanced,squared-particles-per-cell,AoS,disabled,53763051,14395742,14392183,14393411,14387891,14364306,14406117,14418683,14426032,14360547,18330796,18330796,10
2025-10-02 15:16:38,100809,pairwise,VerletListsCells,1.000000,vlc_sliced_balanced,squared-particles-per-cell,AoS,enabled,37375000,7759077,7731217,7715332,7705400,7674385,7687532,7660228,7654224,7668889,10663127,10663127,10
2025-10-02 15:16:39,100819,pairwise,VerletListsCells,1.000000,vlc_sliced_balanced,squared-particles-per-cell,SoA,disabled,308541396,21760524,21765018,21685978,21633908,21720177,21672208,21671120,21665887,21710478,50382669,50382669,10
2025-10-02 15:16:39,100829,pairwise,VerletListsCells,1.000000,vlc_sliced_balanced,squared-particles-per-cell,SoA,enabled,207788761,14099937,14163855,14121362,14149107,14214163,13287482,13326392,13278435,13321102,33175059,33175059,10
2025-10-02 15:16:40,100839,pairwise,VerletListsCells,1.000000,vlc_sliced_balanced,neighbor-list-length,AoS,disabled,54376317,14707628,14619893,14645460,14687958,14692807,14679007,14689804,14696630,14661553,18645705,18645705,10
2025-10-02 15:16:40,100849,pairwise,VerletListsCells,1.000000,vlc_sliced_balanced,neighbor-list-length,AoS,enabled,36911757,7689663,7624878,7643020,7593994,7608985,7569516,7604958,7572667,7587075,10540650,10540650,10
2025-10-02 15:16:40,100859,pairwise,VerletListsCells,1.000000,vlc_sliced_balanced,neighbor-list-length,SoA,disabled,308184771,22658696,22549505,22522067,22559472,22541477,22530376,22543231,22543032,22533619,51116624,51116624,10
2025-10-02 15:16:41,100869,pairwise,VerletListsCells,1.000000,vlc_sliced_balanced,neighbor-list-length,SoA,enabled,209760614,14606012,14552880,14546106,14554345,14374145,13596854,13549763,13504524,13468792,33651403,33651403,10
2025-10-02 15:16:41,100879,pairwise,VerletListsCells,1.000000,vlc_sliced_c02,none,AoS,disabled,58254848,17993660,17896239,17877656,18266947,18126422,18103291,18215046,17901244,18070777,22070612,22070612,10
2025-10-02 15:16:41,100889,pairwise,VerletListsCells,1.000000,vlc_sliced_c02,none,AoS,enabled,39343803,9649424,9606228,9593960,9762444,9711639,9582492,9556516,9571085,9733967,12611155,12611155,10
2025-10-02 15:16:42,100899,pairwise,VerletListsCells,1.000000,vlc_sliced_c02,none,SoA,disabled,312639859,24623982,25833367,25874160,25817276,26108944,26058969,25865211,25513183,25850204,54418515,54418515,10
2025-10-02 15:16:42,100909,pairwise,VerletListsCells,1.000000,vlc_sliced_c02,none,SoA,enabled,211325785,16379192,16173609,16289845,16059852,15850180,15422601,15381980,15363584,15161544,35340816,35340816,10
2025-10-02 15:16:42,100919,pairwise,PairwiseVerletLists,1.000000,vlp_c01,none,AoS,disabled,65979497,9504779,9496392,9510757,9494590,9499748,9511195,9512786,9501278,9498166,15150918,15150918,10
2025-10-02 15:16:43,100929,pairwise,PairwiseVerletLists,1.000000,vlp_c01,none,SoA,disabled,681142532,21176422,21181135,21160489,21170282,21149075,21124476,21150022,21179009,21105177,87153861,87153861,10
2025-10-02 15:16:43,100939,pairwise,PairwiseVerletLists,1.000000,vlp_c18,none,AoS,disabled,62819714,10137980,10127331,10121775,10131649,10129978,10115294,10134962,10125976,10131946,15397660,15397660,10
2025-10-02 15:16:43,100949,pairwise,PairwiseVerletLists,1.000000,vlp_c18,none,AoS,enabled,80236439,6560844,6523594,6519192,6524894,6522803,6529022,6525711,6529045,6516320,13898786,13898786,10
2025-10-02 15:16:44,100959,pairwise,PairwiseVerletLists,1.000000,vlp_c18,none,SoA,disabled,884739476,19806521,19787075,19760715,19775457,19773561,19784894,19764014,19783098,19780551,106275535,106275535,10
2025-10-02 15:16:45,100969,pairwise,PairwiseVerletLists,1.000000,vlp_c18,none,SoA,enabled,540913418,15372830,15367351,15374972,15367631,15370752,15338479,15354570,15391587,15353846,67920542,67920542,10
2025-10-02 15:16:45,100979,pairwise,PairwiseVerletLists,1.000000,vlp_sliced,none,AoS,disabled,75065037,21230601,21292952,21220371,21073373,21293874,21099016,21242717,21211268,21147066,26587626,26587626,10
2025-10-02 15:16:46,100989,pairwise,PairwiseVerletLists,1.000000,vlp_sliced,none,AoS,enabled,86958104,10026826,9971463,9992618,9344359,9888267,9868660,9941901,9853446,9953318,17579895,17579895,10
2025-10-02 15:16:47,100999,pairwise,PairwiseVerletLists,1.000000,vlp_sliced,none,SoA,disabled,869491474,33108989,31367611,32538250,32309809,32262510,30812790,32377096,32592445,32408254,115926922,115926922,10
2025-10-02 15:16:48,101009,pairwise,PairwiseVerletLists,1.000000,vlp_sliced,none,SoA,enabled,558158161,20404291,21926407,21884732,22033133,21844807,21977952,21775406,22013866,22081372,75410012,75410012,10
2025-10-02 15:16:48,101019,pairwise,PairwiseVerletLists,1.000000,vlp_sliced_balanced,none,AoS,disabled,75567582,21422614,21393141,21381438,21390172,21379330,21381757,21376170,21369787,21401359,26806334,26806334,10
2025-10-02 15:16:48,101029,pairwise,PairwiseVerletLists,1.000000,vlp_sliced_balanced,none,AoS,enabled,87711133,9993193,9961800,9911404,9933793,9929701,9942762,9943582,9945826,9946304,17721949,17721949,10
2025-10-02 15:16:49,101039,pairwise,PairwiseVerletLists,1.000000,vlp_sliced_balanced,none,SoA,disabled,873688649,33491989,32641988,32630128,32615257,32533209,32602726,32626718,32593279,32586845,116801078,116801078,10
2025-10-02 15:16:50,101049,pairwise,PairwiseVerletLists,1.000000,vlp_sliced_balanced,none,SoA,enabled,558779427,22250691,22136038,22100764,22098732,22087849,22106734,22131680,22092906,22150763,75793557,75793557,10
2025-10-02 15:16:50,101059,pairwise,PairwiseVerletLists,1.000000,vlp_sliced_c02,none,AoS,disabled,81508302,27191005,27225391,24524198,27576982,26998318,27621012,27016310,27416664,27215944,32429412,32429412,10
2025-10-02 15:16:50,101069,pairwise,PairwiseVerletLists,1.000000,vlp_sliced_c02,none,AoS,enabled,91190867,12274506,12528631,12758269,12874690,12744080,12760200,12794706,12539767,12303898,20476960,20476960,10
2025-10-02 15:16:52,101079,pairwise,PairwiseVerletLists,1.000000,vlp_sliced_c02,none,SoA,disabled,876545501,40170346,39369963,39631461,39711460,39634503,39568143,38049203,37401041,35787298,122586891,122586891,10
2025-10-02 15:16:53,101089,pairwise,PairwiseVerletLists,1.000000,vlp_sliced_c02,none,SoA,enabled,562623671,26942620,26909008,26689845,26198988,26587873,26628759,24968320,26566588,26456187,80057185,80057185,10
2025-10-02 15:16:53,101099,pairwise,PairwiseVerletLists,1.000000,vlp_c08,none,AoS,disabled,68600981,14273056,14232912,14215481,14204734,14200539,14199740,14199516,14193852,14174591,19649540,19649540,10
2025-10-02 15:16:53,101109,pairwise,PairwiseVerletLists,1.000000,vlp_c08,none,AoS,enabled,85967974,8062291,7994691,7990303,7986305,7974567,7981242,7984996,7980989,7996003,15791935,15791935,10
2025-10-02 15:16:54,101119,pairwise,PairwiseVerletLists,1.000000,vlp_c08,none,SoA,disabled,863424222,24080115,23348779,23310679,23323804,23313531,23302075,23302402,23333641,23316878,107405611,107405611,10
2025-10-02 15:16:55,101129,pairwise,PairwiseVerletLists,1.000000,vlp_c08,none,SoA,enabled,553992271,17367753,17362228,17360539,17381491,17346968,17345405,17400146,17377799,17382798,71031739,71031739,10
2025-10-02 15:18:32,105009,pairwise,LinkedCells,1.000000,lc_c01,none,AoS,disabled,19048319,18850540,18832867,18851503,18837695,18842224,18837463,18842134,18842349,18843580,18862866,18862866,10
2025-10-02 15:18:32,105019,pairwise,LinkedCells,1.000000,lc_c01,none,SoA,disabled,15652609,13074294,13051765,13055876,13049866,13063953,13051347,13053018,13054601,13053434,13316075,13316075,10
2025-10-02 15:18:32,105029,pairwise,LinkedCells,1.000000,lc_c01_combined_SoA,none,SoA,disabled,11147640,11073261,11093451,11083872,11049473,11066552,11076578,11084077,11105872,11050857,11083163,11083163,10
2025-10-02 15:18:33,105039,pairwise,LinkedCells,1.000000,lc_c04,none,AoS,disabled,12751617,12715495,12696837,12668617,12681795,12718687,12687329,12722495,12727988,12733313,12710416,12710416,10
2025-10-02 15:18:33,105049,pairwise,LinkedCells,1.000000,lc_c04,none,AoS,enabled,9390791,9355079,9356427,9374614,9331721,9374920,9404466,9371457,9352829,9379467,9369176,9369176,10
2025-10-02 15:18:33,105059,pairwise,LinkedCells,1.000000,lc_c04,none,SoA,disabled,11887075,11839575,11847596,11832389,11848363,11806021,11800849,11826263,11823142,11809291,11832056,11832056,10
2025-10-02 15:18:33,105069,pairwise,LinkedCells,1.000000,lc_c04,none,SoA,enabled,8294603,8293695,8272987,8302488,8271336,8292179,8271311,8294573,8272854,8288542,8285456,8285456,10
2025-10-02 15:18:33,105079,pairwise,LinkedCells,1.000000,lc_c04_HCP,none,AoS,disabled,12199282,12153708,12151844,12145787,12155839,12152229,12153296,12160073,12162945,12159448,12159444,12159444,10
2025-10-02 15:18:33,105089,pairwise,LinkedCells,1.000000,lc_c04_HCP,none,AoS,enabled,9185781,9182044,9186051,9191618,9183216,9186262,9191920,9192017,9176571,9195804,9187128,9187128,10
2025-10-02 15:18:33,105099,pairwise,LinkedCells,1.000000,lc_c04_HCP,none,SoA,disabled,12152043,12135216,12127504,12125398,12123385,12119052,12102582,12104972,12115210,12107418,12121277,12121277,10
2025-10-02 15:18:33,105109,pairwise,LinkedCells,1.000000,lc_c04_HCP,none,SoA,enabled,8951607,8936655,8929232,8914013,8918288,8900011,8914488,8897290,8885250,8885728,8913256,8913256,10
2025-10-02 15:18:34,105119,pairwise,LinkedCells,1.000000,lc_c04_combined_SoA,none,SoA,disabled,12951255,12918696,12945851,12891399,12940331,12927364,12947015,12909917,12913079,12897596,12924249,12924249,10
2025-10-02 15:18:34,105129,pairwise,LinkedCells,1.000000,lc_c04_combined_SoA,none,SoA,enabled,10692500,10655218,10640766,10660521,10643200,10649387,10623727,10614203,10628345,10638285,10644614,10644614,10
2025-10-02 15:18:34,105139,pairwise,LinkedCells,1.000000,lc_c08,none,AoS,disabled,12929047,12842369,12824544,12830169,12825105,12823733,12828793,12822427,12834268,12823987,12838444,12838444,10
2025-10-02 15:18:34,105149,pairwise,LinkedCells,1.000000,lc_c08,none,AoS,enabled,9919071,9894222,9905526,9901415,9900930,9898995,9892945,9905633,9888994,9901505,9900923,9900923,10
2025-10-02 15:18:34,105159,pairwise,LinkedCells,1.000000,lc_c08,none,SoA,disabled,14998048,14909919,14874182,14835351,14834312,14833648,14825816,14838185,14833740,14825684,14860888,14860888,10
2025-10-02 15:18:34,105169,pairwise,LinkedCells,1.000000,lc_c08,none,SoA,enabled,11911552,11858510,11832727,11817376,11810475,11825191,11820243,11808441,11807055,11817015,11830858,11830858,10
2025-10-02 15:18:34,105179,pairwise,LinkedCells,1.000000,lc_c18,none,AoS,disabled,12983733,12952521,12941154,12938554,12943675,12925841,12929159,12944914,12939361,12939680,12943858,12943858,10
2025-10-02 15:18:34,105189,pairwise,LinkedCells,1.000000,lc_c18,none,AoS,enabled,9977950,9939797,9954364,9957047,9959879,9951035,9949771,9946689,9944483,9964609,9954561,9954561,10
2025-10-02 15:18:35,105199,pairwise,LinkedCells,1.000000,lc_c18,none,SoA,disabled,15891299,15840281,15818802,15802422,15821181,15802877,15818099,15841945,15826051,15810343,15827329,15827329,10
2025-10-02 15:18:35,105209,pairwise,LinkedCells,1.000000,lc_c18,none,SoA,enabled,11444126,11400611,11409679,11422091,11406807,11396496,11400318,11403667,11409532,11403432,11409675,11409675,10
2025-10-02 15:18:35,105219,pairwise,LinkedCells,1.000000,lc_sliced,none,AoS,disabled,20585271,20720727,20734151,20490999,20696264,20530562,20493290,20734285,20566802,20058891,20561124,20561124,10
2025-10-02 15:18:35,105229,pairwise,LinkedCells,1.000000,lc_sliced,none,AoS,enabled,15231439,15142431,14600536,14977685,15262320,14751556,14753108,15068315,15039265,14997217,14982386,14982386,10
2025-10-02 15:18:35,105239,pairwise,LinkedCells,1.000000,lc_sliced,none,SoA,disabled,16333738,16305383,16302637,16414431,16254403,16436240,16448087,16261693,16438638,16311470,16350671,16350671,10
2025-10-02 15:18:35,105249,pairwise,LinkedCells,1.000000,lc_sliced,none,SoA,enabled,9853973,9985508,9864368,9888231,9821647,9906824,9945512,9859765,9855597,9816444,9879786,9879786,10
2025-10-02 15:18:36,105259,pairwise,LinkedCells,1.000000,lc_sliced_balanced,none,AoS,disabled,20799583,20750192,20786450,20757137,20740277,20768364,20747195,20749125,20809846,20744256,20765241,20765241,10
2025-10-02 15:18:36,105269,pairwise,LinkedCells,1.000000,lc_sliced_balanced,none,AoS,enabled,15127278,15127631,15137936,15149966,15154768,15166359,15162331,15152002,15140524,15145262,15146405,15146405,10
2025-10-02 15:18:36,105279,pairwise,LinkedCells,1.000000,lc_sliced_balanced,none,SoA,disabled,16478309,16444046,16476363,16455592,16447391,16442427,16437648,16444473,16417928,16463168,16450733,16450733,10
2025-10-02 15:18:36,105289,pairwise,LinkedCells,1.000000,lc_sliced_balanced,none,SoA,enabled,9952819,9992440,9921053,9920150,9917988,9946204,9875734,9934667,9936210,9926497,9932375,9932375,10
2025-10-02 15:18:36,105299,pairwise,LinkedCells,1.000000,lc_sliced_balanced,squared-particles-per-cell,AoS,disabled,20979716,20761964,20758964,20709857,20702640,20701825,20754545,20701524,20720751,20698250,20749002,20749002,10
2025-10-02 15:18:36,105309,pairwise,LinkedCells,1.000000,lc_sliced_balanced,squared-particles-per-cell,AoS,enabled,15196819,15133813,15119394,15145682,15122984,15155074,15133448,15131124,15114391,15120925,15137365,15137365,10
2025-10-02 15:18:37,105319,pairwise,LinkedCells,1.000000,lc_sliced_balanced,squared-particles-per-cell,SoA,disabled,18981692,16431789,16375926,16373576,16401414,16371012,16443293,16461402,16414971,16366926,16662199,16662199,10
2025-10-02 15:18:37,105329,pairwise,LinkedCells,1.000000,lc_sliced_balanced,squared-particles-per-cell,SoA,enabled,10665932,10489863,10441306,10416931,10434050,10437508,10424895,10455384,10424780,10437090,10462773,10462773,10
2025-10-02 15:18:37,105339,pairwise,LinkedCells,1.000000,lc_sliced_c02,none,AoS,disabled,19909425,20774961,20514691,20198310,20210109,20704227,20723892,20472867,20456205,20699690,20466437,20466437,10
2025-10-02 15:18:37,105349,pairwise,LinkedCells,1.000000,lc_sliced_c02,none,AoS,enabled,14760427,14905089,14805006,14961817,14892190,15030240,14791202,14327923,15092991,15083836,14865071,14865071,10
2025-10-02 15:18:37,105359,pairwise,LinkedCells,1.000000,lc_sliced_c02,none,SoA,disabled,19055298,16461724,16466439,15848922,16454322,15797346,16315316,16246129,15645789,16126504,16441778,16441778,10
2025-10-02 15:18:37,105369,pairwise,LinkedCells,1.000000,lc_sliced_c02,none,SoA,enabled,10065694,10029226,9871374,9902559,10092196,9874090,9951706,9852159,9866638,9863249,9936888,9936888,10
2025-10-02 15:18:38,105379,pairwise,VerletClusterLists,1.000000,vcl_c01_balanced,none,AoS,disabled,92854068,25167849,25031030,25066196,25092489,25000413,25057114,24977155,25176345,25048005,31847065,31847065,10
2025-10-02 15:18:38,105389,pairwise,VerletClusterLists,1.000000,vcl_c01_balanced,none,SoA,disabled,56712360,8861126,8885682,8933244,8879365,8886688,8835006,8826576,8880176,8829903,13653012,13653012,10
2025-10-02 15:18:38,105399,pairwise,VerletClusterLists,1.000000,vcl_c06,none,AoS,disabled,78724253,31800702,31680725,31529802,31408188,31220547,31881337,31739469,31131233,31871565,36298781,36298781,10
2025-10-02 15:18:39,105409,pairwise,VerletClusterLists,1.000000,vcl_c06,none,AoS,enabled,44555557,15837166,16178422,16097715,15775046,16001688,15677115,15702490,15793049,16083218,18770146,18770146,10
2025-10-02 15:18:39,105419,pairwise,VerletClusterLists,1.000000,vcl_c06,none,SoA,disabled,58994542,11471378,11659535,11381507,11450371,11275221,11385089,11373272,11261683,11539485,16179208,16179208,10
2025-10-02 15:18:39,105429,pairwise,VerletClusterLists,1.000000,vcl_c06,none,SoA,enabled,35472004,6456107,6450377,6523652,6419955,6449794,6467948,6351573,6453036,6571813,9361625,9361625,10
2025-10-02 15:18:40,105439,pairwise,VerletClusterLists,1.000000,vcl_sliced,none,AoS,disabled,107690808,60114540,54262879,54104611,60093543,61941861,54025155,60038576,55817517,59951114,62804060,62804060,10
2025-10-02 15:18:40,105449,pairwise,VerletClusterLists,1.000000,vcl_sliced,none,AoS,enabled,57005593,28222666,27572734,27665288,31107955,31223565,31155109,31128821,28434128,31206232,32472208,32472208,10
2025-10-02 15:18:40,105459,pairwise,VerletClusterLists,1.000000,vcl_sliced,none,SoA,disabled,64651982,16814213,16713279,16745925,17790034,15975612,17738137,17660897,18178993,16750733,21901980,21901980,10
2025-10-02 15:18:40,105469,pairwise,VerletClusterLists,1.000000,vcl_sliced,none,SoA,enabled,37735954,9902038,9965707,9699073,10043004,9581625,9971977,9631992,9700378,9916882,12614862,12614862,10
2025-10-02 15:18:41,105479,pairwise,VerletClusterLists,1.000000,vcl_sliced_balanced,none,AoS,disabled,99550718,51932837,51888325,51852362,51866321,51835643,51884413,51857667,51834693,51846175,56634914,56634914,10
2025-10-02 15:18:41,105489,pairwise,VerletClusterLists,1.000000,vcl_sliced_balanced,none,AoS,enabled,54987992,26221527,26165982,26281430,26283362,26202860,26215877,26234069,26298885,26226579,29111856,29111856,10
2025-10-02 15:18:41,105499,pairwise,VerletClusterLists,1.000000,vcl_sliced_balanced,none,SoA,disabled,62513733,14742455,14772117,14748793,14778231,14754755,14719281,14751568,14716146,14698053,19519512,19519512,10
2025-10-02 15:18:42,105509,pairwise,VerletClusterLists,1.000000,vcl_sliced_balanced,none,SoA,enabled,38009807,8859520,8885019,8892192,8839546,8896863,8854557,8853658,8935797,8832158,11785911,11785911,10
2025-10-02 15:18:42,105519,pairwise,VerletClusterLists,1.000000,vcl_sliced_balanced,neighbor-list-length,AoS,disabled,115671469,51976754,51864017,51870915,51877684,51854286,51928865,51914836,51837624,51927917,58272436,58272436,10
2025-10-02 15:18:42,105529,pairwise,VerletClusterLists,1.000000,vcl_sliced_balanced,neighbor-list-length,AoS,enabled,54395827,26306298,26231736,26183335,26218182,26223006,26239670,26231352,26316593,26254403,29060039,29060039,10
2025-10-02 15:18:43,105539,pairwise,VerletClusterLists,1.000000,vcl_sliced_balanced,neighbor-list-length,SoA,disabled,62306992,14770441,14773740,14764383,14760373,14759922,14765830,14753408,14754953,14781160,19519120,19519120,10
2025-10-02 15:18:43,105549,pairwise,VerletClusterLists,1.000000,vcl_sliced_balanced,neighbor-list-length,SoA,enabled,37614172,8943660,9998792,8893332,8899048,8873117,8878281,8877748,8884166,8860107,11872241,11872241,10
2025-10-02 15:18:44,105559,pairwise,VerletClusterLists,1.000000,vcl_sliced_c02,none,AoS,disabled,130012896,68263250,72956406,67407580,68363366,67618999,72873247,68334876,67481001,73039611,75635122,75635122,10
2025-10-02 15:18:44,105569,pairwise,VerletClusterLists,1.000000,vcl_sliced_c02,none,AoS,enabled,59430038,34474022,37965819,30406134,35041057,34981069,31361088,32445249,35228707,35317630,36665080,36665080,10
2025-10-02 15:18:44,105579,pairwise,VerletClusterLists,1.000000,vcl_sliced_c02,none,SoA,disabled,67636133,21647959,22637706,20746933,20766298,22838933,20660588,21780103,18590574,20584404,25788962,25788962,10
2025-10-02 15:18:44,105589,pairwise,VerletClusterLists,1.000000,vcl_sliced_c02,none,SoA,enabled,40763250,12235388,12642900,12151933,10929075,11221221,11776045,12247896,11643202,12697912,14830882,14830882,10
2025-10-02 15:18:45,105599,pairwise,VerletLists,1.000000,vl_list_iteration,none,AoS,disabled,59125731,10518412,10492125,10494755,10497741,10496979,10497818,10499453,10496343,10496177,15361553,15361553,10
2025-10-02 15:18:45,105609,pairwise,VerletLists,1.000000,vl_list_iteration,none,SoA,disabled,216199241,11524113,11493181,11489343,11481270,11493298,11462075,11475941,11482254,11475959,31957667,31957667,10
2025-10-02 15:18:45,105619,pairwise,VerletListsCells,1.000000,vlc_c01,none,AoS,disabled,61819417,7799914,7824123,7787252,7784041,7788815,7784569,7788597,7783859,7785734,13194631,13194631,10
2025-10-02 15:18:46,105629,pairwise,VerletListsCells,1.000000,vlc_c01,none,SoA,disabled,214108635,12079734,12070111,12062299,12054981,12032325,12053768,12071199,12053145,12045460,32263165,32263165,10
2025-10-02 15:18:46,105639,pairwise,VerletListsCells,1.000000,vlc_c18,none,AoS,disabled,47292621,7548781,7538118,7540516,7530898,7536586,7551789,7529407,7549710,7528916,11514733,11514733,10
2025-10-02 15:18:46,105649,pairwise,VerletListsCells,1.000000,vlc_c18,none,AoS,enabled,34654918,4843183,4793685,4805746,4784770,4784819,4789112,4788616,4787190,4790219,7782225,7782225,10
2025-10-02 15:18:46,105659,pairwise,VerletListsCells,1.000000,vlc_c18,none,SoA,disabled,322160657,15252087,15239524,15235950,15212199,15249762,15175067,15212674,15231262,15198200,45916737,45916737,10
2025-10-02 15:18:47,105669,pairwise,VerletListsCells,1.000000,vlc_c18,none,SoA,enabled,202416458,12502168,12538046,12551855,12577983,12611376,11784781,11812280,11782216,11799631,31237679,31237679,10
2025-10-02 15:18:47,105679,pairwise,VerletListsCells,1.000000,vlc_c08,none,AoS,disabled,42066994,7503381,7505942,7496159,7498213,7495771,7497829,7504882,7501674,7492842,10956368,10956368,10
2025-10-02 15:18:47,105689,pairwise,VerletListsCells,1.000000,vlc_c08,none,AoS,enabled,37597221,5116464,5091058,5083860,5091304,5086054,5080623,5080578,5093136,5076817,8339711,8339711,10
2025-10-02 15:18:47,105699,pairwise,VerletListsCells,1.000000,vlc_c08,none,SoA,disabled,297423775,14655633,14642731,14643756,14676615,14662879,14633940,14632324,14630103,14637002,42923875,42923875,10
2025-10-02 15:18:48,105709,pairwise,VerletListsCells,1.000000,vlc_c08,none,SoA,enabled,235028508,13241996,13243137,13242879,13242099,13250130,13237021,13229811,13215967,13236407,35416795,35416795,10
2025-10-02 15:18:48,105719,pairwise,VerletListsCells,1.000000,vlc_sliced,none,AoS,disabled,57733895,16163652,16128329,16198505,16098340,16179866,15841226,16149722,16148035,16171425,20281299,20281299,10
2025-10-02 15:18:48,105729,pairwise,VerletListsCells,1.000000,vlc_sliced,none,AoS,enabled,39926959,7636332,7270655,7942752,7977007,7946615,7760909,7941584,7924886,7944951,11027264,11027264,10
2025-10-02 15:18:49,105739,pairwise,VerletListsCells,1.000000,vlc_sliced,none,SoA,disabled,338489340,23445316,23363954,23212655,23305828,21837790,23280119,23357689,23283276,23251090,54682705,54682705,10
2025-10-02 15:18:49,105749,pairwise,VerletListsCells,1.000000,vlc_sliced,none,SoA,enabled,207886952,14941579,15002031,14486177,14952309,14970992,14242277,14153214,14150834,14173662,33896002,33896002,10
2025-10-02 15:18:49,105759,pairwise,VerletListsCells,1.000000,vlc_sliced_balanced,none,AoS,disabled,56221053,15873692,15814220,15834453,15813405,15811939,15840975,15805280,15806024,15817379,19863841,19863841,10
2025-10-02 15:18:49,105769,pairwise,VerletListsCells,1.000000,vlc_sliced_balanced,none,AoS,enabled,38135481,8060594,8039351,7999621,7968319,7966043,7955217,7947475,7946349,7964951,10998339,10998339,10
2025-10-02 15:18:50,105779,pairwise,VerletListsCells,1.000000,vlc_sliced_balanced,none,SoA,disabled,333370392,23323503,23283595,23261167,23283566,23250973,23272256,23230132,23362367,23282344,54292029,54292029,10
2025-10-02 15:18:50,105789,pairwise,VerletListsCells,1.000000,vlc_sliced_balanced,none,SoA,enabled,205917108,14782198,14784294,14806059,14798608,14767637,13991920,14000488,13990165,13988355,33582682,33582682,10
2025-10-02 15:18:50,105799,pairwise,VerletListsCells,1.000000,vlc_sliced_balanced,squared-particles-per-cell,AoS,disabled,56427468,15747150,15737925,15736448,15703216,15697270,15709937,15750202,15705087,15712452,19792715,19792715,10
2025-10-02 15:18:50,105809,pairwise,VerletListsCells,1.000000,vlc_sliced_balanced,squared-particles-per-cell,AoS,enabled,38765300,8460432,8412695,8409879,8382558,8387563,8382322,8386434,8376177,8390644,11435399,11435399,10
2025-10-02 15:18:51,105819,pairwise,VerletListsCells,1.000000,vlc_sliced_balanced,squared-particles-per-cell,SoA,disabled,319808341,23424640,23394338,23334296,23319814,23372081,23356447,23375503,23309811,23419272,53011453,53011453,10
2025-10-02 15:18:51,105829,pairwise,VerletListsCells,1.000000,vlc_sliced_balanced,squared-particles-per-cell,SoA,enabled,215265411,14873387,14933408,14959093,14953433,14988249,14164957,14151520,14129357,14150840,34656965,34656965,10
2025-10-02 15:18:52,105839,pairwise,VerletListsCells,1.000000,vlc_sliced_balanced,neighbor-list-length,AoS,disabled,56883012,16025772,15967701,15923615,15965247,15973779,16012149,15924075,15947267,15949581,20057219,20057219,10
2025-10-02 15:18:52,105849,pairwise,VerletListsCells,1.000000,vlc_sliced_balanced,neighbor-list-length,AoS,enabled,38585725,8352762,8282341,8282598,8284931,8275843,8252665,8269368,8257883,8250049,11309416,11309416,10
2025-10-02 15:18:52,105859,pairwise,VerletListsCells,1.000000,vlc_sliced_balanced,neighbor-list-length,SoA,disabled,320238576,24136930,24188104,24148447,24120963,24054089,24155533,24133613,24138416,24094521,53740918,53740918,10
2025-10-02 15:18:53,105869,pairwise,VerletListsCells,1.000000,vlc_sliced_balanced,neighbor-list-length,SoA,enabled,216226608,15338016,15376853,15339750,15413763,15412564,14623514,14546444,14548087,14564035,35138963,35138963,10
2025-10-02 15:18:53,105879,pairwise,VerletListsCells,1.000000,vlc_sliced_c02,none,AoS,disabled,60469555,19845542,19590026,19607689,19749538,19776004,19484418,19579734,19531993,19579696,23721419,23721419,10
2025-10-02 15:18:53,105889,pairwise,VerletListsCells,1.000000,vlc_sliced_c02,none,AoS,enabled,41081487,10263228,10467098,10546969,10489941,10203892,10567437,10567378,10447765,10435048,13507024,13507024,10
2025-10-02 15:18:54,105899,pairwise,VerletListsCells,1.000000,vlc_sliced_c02,none,SoA,disabled,321870605,28213143,27614652,28261648,28437578,28250712,28484941,28134391,28279353,28204552,57575156,57575156,10
2025-10-02 15:18:54,105909,pairwise,VerletListsCells,1.000000,vlc_sliced_c02,none,SoA,enabled,217314251,17039736,17331521,16926660,16823734,17183338,16444326,16593883,16569124,16129151,36835571,36835571,10
2025-10-02 15:18:54,105919,pairwise,PairwiseVerletLists,1.000000,vlp_c01,none,AoS,disabled,67206437,9801583,9785193,9793444,9802292,9787487,9784815,9783608,9785434,9791008,15532129,15532129,10
2025-10-02 15:18:55,105929,pairwise,PairwiseVerletLists,1.000000,vlp_c01,none,SoA,disabled,698882093,21712438,21709324,21704927,21662043,21713086,21688873,21694733,21701658,21685135,89415431,89415431,10
2025-10-02 15:18:55,105939,pairwise,PairwiseVerletLists,1.000000,vlp_c18,none,AoS,disabled,64440956,10467016,10470411,10468065,10465241,10469566,10457979,10466008,10456970,10450812,15861302,15861302,10
2025-10-02 15:18:56,105949,pairwise,PairwiseVerletLists,1.000000,vlp_c18,none,AoS,enabled,76944819,6710090,6686516,6687611,6686727,6699023,6679434,6683354,6695087,6688703,13716136,13716136,10
2025-10-02 15:18:57,105959,pairwise,PairwiseVerletLists,1.000000,vlp_c18,none,SoA,disabled,915568341,21146739,20383036,20380973,20357235,20336055,20357305,20348178,20363790,20351451,109959309,109959309,10
2025-10-02 15:18:57,105969,pairwise,PairwiseVerletLists,1.000000,vlp_c18,none,SoA,enabled,563686316,15728683,15729751,15747697,15753056,15738456,15771169,15761972,15718004,15720955,70535605,70535605,10
2025-10-02 15:18:58,105979,pairwise,PairwiseVerletLists,1.000000,vlp_sliced,none,AoS,disabled,77807489,22855352,20534171,23508391,23497000,23477381,23697183,21184586,23731339,23390801,28368368,28368368,10
2025-10-02 15:18:58,105989,pairwise,PairwiseVerletLists,1.000000,vlp_sliced,none,AoS,enabled,90191101,10443770,10998432,11043940,10998765,11006131,10998534,10927962,10036190,10923208,18756803,18756803,10
2025-10-02 15:18:59,105999,pairwise,PairwiseVerletLists,1.000000,vlp_sliced,none,SoA,disabled,889139973,35965922,35172666,34702482,34930981,34649370,34917236,31279361,34819180,34764036,120034119,120034119,10
2025-10-02 15:19:00,106009,pairwise,PairwiseVerletLists,1.000000,vlp_sliced,none,SoA,enabled,581253022,23953825,23678005,23689083,23765084,23961372,23867272,23782336,23656420,23738396,79534481,79534481,10
2025-10-02 15:19:00,106019,pairwise,PairwiseVerletLists,1.000000,vlp_sliced_balanced,none,AoS,disabled,78515357,23721310,23707727,23660625,23712346,23684929,23659802,23729084,23648262,23672911,29171235,29171235,10
2025-10-02 15:19:00,106029,pairwise,PairwiseVerletLists,1.000000,vlp_sliced_balanced,none,AoS,enabled,90777497,11103811,11040689,11041330,11044445,11027201,11008709,10988175,11018879,11011856,19006259,19006259,10
2025-10-02 15:19:02,106039,pairwise,PairwiseVerletLists,1.000000,vlp_sliced_balanced,none,SoA,disabled,899417387,36012019,35194174,35195657,35165711,35123283,35178392,35230102,35120696,35121272,121675869,121675869,10
2025-10-02 15:19:03,106049,pairwise,PairwiseVerletLists,1.000000,vlp_sliced_balanced,none,SoA,enabled,584602665,23850677,23823949,23791659,23802843,23776284,23782413,23746923,23788147,23799581,79876513,79876513,10
2025-10-02 15:19:03,106059,pairwise,PairwiseVerletLists,1.000000,vlp_sliced_c02,none,AoS,disabled,84177249,26470419,30796876,30552783,30517720,30698488,30126493,30912488,30473670,30572174,35529835,35529835,10
2025-10-02 15:19:03,106069,pairwise,PairwiseVerletLists,1.000000,vlp_sliced_c02,none,AoS,enabled,93986025,14189066,13954878,13594180,13941511,13516079,13958104,13953612,13907678,13931427,21893255,21893255,10
2025-10-02 15:19:04,106079,pairwise,PairwiseVerletLists,1.000000,vlp_sliced_c02,none,SoA,disabled,900469912,43931170,42911741,42738632,38319952,42543135,42258178,42313759,38469727,42581767,127653797,127653797,10
2025-10-02 15:19:05,106089,pairwise,PairwiseVerletLists,1.000000,vlp_sliced_c02,none,SoA,enabled,586358641,28088947,28708768,28765489,28653820,28997626,28072761,29053509,28623483,28779058,84410209,84410209,10
2025-10-02 15:19:05,106099,pairwise,PairwiseVerletLists,1.000000,vlp_c08,none,AoS,disabled,69723087,14655406,14602808,14565170,14576762,14567841,14570657,14564065,14571860,14562426,20096007,20096007,10
2025-10-02 15:19:06,106109,pairwise,PairwiseVerletLists,1.000000,vlp_c08,none,AoS,enabled,88360852,8247090,8173660,8164673,8182416,8180991,8163140,8172387,8169806,8164768,16197978,16197978,10
2025-10-02 15:19:07,106119,pairwise,PairwiseVerletLists,1.000000,vlp_c08,none,SoA,disabled,880360032,24714299,23914608,23909290,23874988,23880061,23883739,23891823,23868623,23889044,109618650,109618650,10
2025-10-02 15:19:08,106129,pairwise,PairwiseVerletLists,1.000000,vlp_c08,none,SoA,enabled,574936282,17785088,17803343,17775815,17794004,17794155,17791925,17767741,17777643,17786897,73501289,73501289,10
2025-10-02 15:20:40,110009,pairwise,LinkedCells,1.000000,lc_c01,none,AoS,disabled,19448487,19254468,19251077,19243555,19238353,19234902,19236445,19241762,19243080,19226718,19261884,19261884,10
2025-10-02 15:20:40,110019,pairwise,LinkedCells,1.000000,lc_c01,none,SoA,disabled,15802676,13353235,13336722,13344454,13336324,13342327,13330131,13351594,13341977,13330645,13587008,13587008,10
2025-10-02 15:20:40,110029,pairwise,LinkedCells,1.000000,lc_c01_combined_SoA,none,SoA,disabled,11502385,11369090,11391090,11408071,11395084,11388624,11367365,11401422,11398971,11399367,11402146,11402146,10
2025-10-02 15:20:40,110039,pairwise,LinkedCells,1.000000,lc_c04,none,AoS,disabled,13137220,13111498,13106748,13073807,13060136,13113769,13038835,13073397,13027851,13108306,13085155,13085155,10
2025-10-02 15:20:40,110049,pairwise,LinkedCells,1.000000,lc_c04,none,AoS,enabled,9665259,9682663,9644886,9622464,9622268,9628097,9631191,9670643,9592369,9645582,9640541,9640541,10
2025-10-02 15:20:40,110059,pairwise,LinkedCells,1.000000,lc_c04,none,SoA,disabled,12194072,12179834,12179377,12143602,12138785,12131029,12184265,12167930,12153666,12160882,12163344,12163344,10
2025-10-02 15:20:40,110069,pairwise,LinkedCells,1.000000,lc_c04,none,SoA,enabled,8504724,8501331,8499240,8505332,8492065,8498215,8486310,8455466,8472449,8503853,8491898,8491898,10
2025-10-02 15:20:40,110079,pairwise,LinkedCells,1.000000,lc_c04_HCP,none,AoS,disabled,12537737,12491469,12496659,12513935,12507692,12507263,12500415,12495047,12500991,12505104,12505630,12505630,10
2025-10-02 15:20:41,110089,pairwise,LinkedCells,1.000000,lc_c04_HCP,none,AoS,enabled,9448162,9455642,9463459,9448554,9451646,9447373,9457705,9453799,9444595,9445113,9451604,9451604,10
2025-10-02 15:20:41,110099,pairwise,LinkedCells,1.000000,lc_c04_HCP,none,SoA,disabled,12503442,12489462,12466381,12464210,12462268,12466296,12435739,12424718,12437303,12421371,12457119,12457119,10
2025-10-02 15:20:41,110109,pairwise,LinkedCells,1.000000,lc_c04_HCP,none,SoA,enabled,9188908,9188386,9177396,9172939,9150524,9156161,9163288,9151533,9140999,9144105,9163423,9163423,10
2025-10-02 15:20:41,110119,pairwise,LinkedCells,1.000000,lc_c04_combined_SoA,none,SoA,disabled,13309639,13298795,13275229,13280100,13296829,13286051,13327825,13249451,13291070,13233333,13284831,13284831,10
2025-10-02 15:20:41,110129,pairwise,LinkedCells,1.000000,lc_c04_combined_SoA,none,SoA,enabled,11059000,11020500,11002366,10979902,10970146,10974444,10989306,11004617,10981357,10950832,10993246,10993246,10
2025-10-02 15:20:41,110139,pairwise,LinkedCells,1.000000,lc_c08,none,AoS,disabled,13223420,13126688,13114581,13123536,13121738,13118793,13110217,13114704,13125782,13117670,13129712,13129712,10
2025-10-02 15:20:41,110149,pairwise,LinkedCells,1.000000,lc_c08,none,AoS,enabled,10110732,10105042,10082907,10115271,10098743,10093014,10093357,10097477,10101424,10100562,10099852,10099852,10
2025-10-02 15:20:41,110159,pairwise,LinkedCells,1.000000,lc_c08,none,SoA,disabled,15394859,15296830,15272741,15246848,15257008,15257604,15243311,15235999,15222198,15218958,15264635,15264635,10
2025-10-02 15:20:42,110169,pairwise,LinkedCells,1.000000,lc_c08,none,SoA,enabled,12224817,12175944,12162211,12162193,12148899,12152753,12147111,12161818,12137560,12137398,12161070,12161070,10
2025-10-02 15:20:42,110179,pairwise,LinkedCells,1.000000,lc_c18,none,AoS,disabled,13240591,13181336,13195431,13199681,13208908,13206858,13202706,13189392,13200705,13205397,13203099,13203099,10
2025-10-02 15:20:42,110189,pairwise,LinkedCells,1.000000,lc_c18,none,AoS,enabled,10126205,10126535,10115600,10115069,10128869,10118064,10120399,10117727,10127500,10118861,10121482,10121482,10
2025-10-02 15:20:42,110199,pairwise,LinkedCells,1.000000,lc_c18,none,SoA,disabled,16451854,16399208,16401758,16400208,16412361,16401811,16399067,16385868,16405738,16399667,16405753,16405753,10
2025-10-02 15:20:42,110209,pairwise,LinkedCells,1.000000,lc_c18,none,SoA,enabled,11841319,11803494,11798648,11792839,11806076,11793377,11815357,11806232,11796721,11795022,11804907,11804907,10
2025-10-02 15:20:42,110219,pairwise,LinkedCells,1.000000,lc_sliced,none,AoS,disabled,20988144,21004331,20890356,21058611,20966210,20955406,21121122,21119528,21086816,21010989,21020150,21020150,10
2025-10-02 15:20:42,110229,pairwise,LinkedCells,1.000000,lc_sliced,none,AoS,enabled,15385925,15412985,15278489,15411460,15446425,15538447,15384452,15449890,14652196,15342386,15330265,15330265,10
2025-10-02 15:20:43,110239,pairwise,LinkedCells,1.000000,lc_sliced,none,SoA,disabled,16817209,16735439,16698814,16755063,16756630,16668960,16689133,16581953,16657054,16439015,16679926,16679926,10
2025-10-02 15:20:43,110249,pairwise,LinkedCells,1.000000,lc_sliced,none,SoA,enabled,10179653,10152230,10152081,10133187,10142197,10107521,10080333,10149109,10105644,10108555,10131050,10131050,10
2025-10-02 15:20:43,110259,pairwise,LinkedCells,1.000000,lc_sliced_balanced,none,AoS,disabled,21063014,20963463,20973052,20941107,20967195,21006760,20967243,20938519,20965121,20927593,20971306,20971306,10
2025-10-02 15:20:43,110269,pairwise,LinkedCells,1.000000,lc_sliced_balanced,none,AoS,enabled,15333698,15296937,15314434,15294499,15341832,15327537,15319288,15325222,15361870,15304656,15321997,15321997,10
2025-10-02 15:20:43,110279,pairwise,LinkedCells,1.000000,lc_sliced_balanced,none,SoA,disabled,16799377,16773886,16777441,16766022,16749243,16759113,16772086,16747690,16751821,16733430,16763010,16763010,10
2025-10-02 15:20:43,110289,pairwise,LinkedCells,1.000000,lc_sliced_balanced,none,SoA,enabled,10185943,10193482,10158260,10163835,10164562,10132236,10189634,10143075,10139807,10152839,10162366,10162366,10
2025-10-02 15:20:44,110299,pairwise,LinkedCells,1.000000,lc_sliced_balanced,squared-particles-per-cell,AoS,disabled,21328332,21048871,21058432,21024265,21026684,21031874,21009457,20995219,20985837,21002932,21051189,21051189,10
2025-10-02 15:20:44,110309,pairwise,LinkedCells,1.000000,lc_sliced_balanced,squared-particles-per-cell,AoS,enabled,15439310,15358523,15333204,15343329,15360872,15375765,15395123,15354857,15362733,15366634,15369034,15369034,10
2025-10-02 15:20:44,110319,pairwise,LinkedCells,1.000000,lc_sliced_balanced,squared-particles-per-cell,SoA,disabled,19478633,16868700,16858905,16898216,16882348,16826951,16828583,16829793,16805429,16795321,17107287,17107287,10
2025-10-02 15:20:44,110329,pairwise,LinkedCells,1.000000,lc_sliced_balanced,squared-particles-per-cell,SoA,enabled,10857020,10685817,10674011,10650233,10643878,10664749,10683334,10666656,10678824,10666030,10687055,10687055,10
2025-10-02 15:20:44,110339,pairwise,LinkedCells,1.000000,lc_sliced_c02,none,AoS,disabled,21062533,21001252,21003538,18900460,20773505,21062683,21022826,21014648,21032856,21028214,20790251,20790251,10
2025-10-02 15:20:45,110349,pairwise,LinkedCells,1.000000,lc_sliced_c02,none,AoS,enabled,15260093,15353159,15361210,15335500,15182086,14756103,15193619,15343583,15222784,15027370,15203550,15203550,10
2025-10-02 15:20:45,110359,pairwise,LinkedCells,1.000000,lc_sliced_c02,none,SoA,disabled,19323930,16894373,16565167,16657116,16826955,16614661,16735774,16717799,16490283,16562545,16938859,16938859,10
2025-10-02 15:20:45,110369,pairwise,LinkedCells,1.000000,lc_sliced_c02,none,SoA,enabled,10260887,10128070,10119985,10106679,10214678,10156277,10103559,10095837,10047029,10136219,10136921,10136921,10
2025-10-02 15:20:45,110379,pairwise,VerletClusterLists,1.000000,vcl_c01_balanced,none,AoS,disabled,92980578,25914793,25852127,25796074,25801917,25875146,25813624,25798665,25852652,25875261,32556083,32556083,10
2025-10-02 15:20:45,110389,pairwise,VerletClusterLists,1.000000,vcl_c01_balanced,none,SoA,disabled,56269375,9249340,9212945,9214093,9247063,9213995,9214626,9255163,9221079,9227407,13932508,13932508,10
2025-10-02 15:20:46,110399,pairwise,VerletClusterLists,1.000000,vcl_c06,none,AoS,disabled,78395910,32410972,31226022,31557361,31035671,31627037,30941264,31914147,32121325,31575521,36280522,36280522,10
2025-10-02 15:20:46,110409,pairwise,VerletClusterLists,1.000000,vcl_c06,none,AoS,enabled,44210331,16050532,15896328,16127233,16437603,15764767,15956361,15738715,16044059,15898190,18812411,18812411,10
2025-10-02 15:20:46,110419,pairwise,VerletClusterLists,1.000000,vcl_c06,none,SoA,disabled,58339173,11361811,11266616,11417806,11289551,11336097,11454962,11413132,11276151,11272276,16042756,16042756,10
2025-10-02 15:20:46,110429,pairwise,VerletClusterLists,1.000000,vcl_c06,none,SoA,enabled,34835979,6512644,6564374,6404314,6542965,6567536,6485971,6525535,6575046,6461878,9347623,9347623,10
2025-10-02 15:20:47,110439,pairwise,VerletClusterLists,1.000000,vcl_sliced,none,AoS,disabled,111545659,64569198,55724412,64756022,64684306,55916179,64440059,64511227,55828658,55819140,65779485,65779485,10
2025-10-02 15:20:47,110449,pairwise,VerletClusterLists,1.000000,vcl_sliced,none,AoS,enabled,56809793,32807940,28817703,33207173,28712807,33242852,28473871,33218122,33266825,29226142,33778322,33778322,10
2025-10-02 15:20:48,110459,pairwise,VerletClusterLists,1.000000,vcl_sliced,none,SoA,disabled,63896584,18631213,17195476,17048139,18674074,18629039,18646105,17077207,15870645,17176646,22284512,22284512,10
2025-10-02 15:20:48,110469,pairwise,VerletClusterLists,1.000000,vcl_sliced,none,SoA,enabled,38725534,10012421,10483364,10464721,9919193,9896288,9944269,10512714,10481694,9940080,13038027,13038027,10
2025-10-02 15:20:48,110479,pairwise,VerletClusterLists,1.000000,vcl_sliced_balanced,none,AoS,disabled,103237733,56300179,56398326,56417344,56362224,56432931,56470533,56452088,56359882,56402837,61083407,61083407,10
2025-10-02 15:20:49,110489,pairwise,VerletClusterLists,1.000000,vcl_sliced_balanced,none,AoS,enabled,56347301,28402395,28367597,28477440,28345016,28386008,28421298,28455493,28493518,28419161,31211522,31211522,10
2025-10-02 15:20:49,110499,pairwise,VerletClusterLists,1.000000,vcl_sliced_balanced,none,SoA,disabled,62464421,16075878,16065734,16050956,16117220,16050268,16106997,16121199,16048501,16146299,20724746,20724746,10
2025-10-02 15:20:49,110509,pairwise,VerletClusterLists,1.000000,vcl_sliced_balanced,none,SoA,enabled,37699620,9320197,9309506,9384007,9319001,9371744,9363919,9302890,9302251,9318359,12169149,12169149,10
2025-10-02 15:20:50,110519,pairwise,VerletClusterLists,1.000000,vcl_sliced_balanced,neighbor-list-length,AoS,disabled,118188937,56473497,56483349,56400726,56452046,56397025,56358370,56312702,56280890,56387041,62573457,62573457,10
2025-10-02 15:20:50,110529,pairwise,VerletClusterLists,1.000000,vcl_sliced_balanced,neighbor-list-length,AoS,enabled,56287542,28449841,28403483,28489041,28453019,28350008,28501633,28379382,28435240,28391380,31214056,31214056,10
2025-10-02 15:20:50,110539,pairwise,VerletClusterLists,1.000000,vcl_sliced_balanced,neighbor-list-length,SoA,disabled,62971726,15998001,15992200,15986195,15998229,15986682,15998267,15992044,15994565,15987430,20690533,20690533,10
2025-10-02 15:20:51,110549,pairwise,VerletClusterLists,1.000000,vcl_sliced_balanced,neighbor-list-length,SoA,enabled,37563276,9318006,9299931,9883902,9316877,9348015,9313588,9311980,9325854,9319520,12200094,12200094,10
2025-10-02 15:20:51,110559,pairwise,VerletClusterLists,1.000000,vcl_sliced_c02,none,AoS,disabled,134648564,77349666,67549738,72185585,77293913,69181378,66510803,64512124,66361454,77340700,77293391,77293391,10
2025-10-02 15:20:52,110569,pairwise,VerletClusterLists,1.000000,vcl_sliced_c02,none,AoS,enabled,64733517,39867916,34279639,34284834,34015867,36815152,37080591,36826483,39974514,36882116,39476062,39476062,10
2025-10-02 15:20:52,110579,pairwise,VerletClusterLists,1.000000,vcl_sliced_c02,none,SoA,disabled,70937624,20639177,22397814,21996698,20687151,19937023,22420831,20541894,21996481,23679617,26523430,26523430,10
2025-10-02 15:20:52,110589,pairwise,VerletClusterLists,1.000000,vcl_sliced_c02,none,SoA,enabled,40625781,11812591,12701506,12223811,12718740,13128479,13100254,13234773,12235950,13243915,15502579,15502579,10
2025-10-02 15:20:52,110599,pairwise,VerletLists,1.000000,vl_list_iteration,none,AoS,disabled,60573091,10755031,10743642,10746131,10745065,10741871,10743607,10736886,10742839,10739067,15726722,15726722,10
2025-10-02 15:20:53,110609,pairwise,VerletLists,1.000000,vl_list_iteration,none,SoA,disabled,224930732,11781478,11760207,11736297,11759044,11740317,11710638,11732132,11726189,11746551,33062358,33062358,10
2025-10-02 15:20:53,110619,pairwise,VerletListsCells,1.000000,vlc_c01,none,AoS,disabled,62825775,7968163,7957779,7957371,7955250,7962376,7969844,7966371,7956821,7960423,13448016,13448016,10
2025-10-02 15:20:53,110629,pairwise,VerletListsCells,1.000000,vlc_c01,none,SoA,disabled,219760639,12365799,12335967,12272090,12320276,12304895,12293240,12273733,12293017,12300684,33052033,33052033,10
2025-10-02 15:20:53,110639,pairwise,VerletListsCells,1.000000,vlc_c18,none,AoS,disabled,47678515,7782818,7779516,7780038,7782703,7778326,7774114,7786302,7783784,7784683,11771079,11771079,10
2025-10-02 15:20:54,110649,pairwise,VerletListsCells,1.000000,vlc_c18,none,AoS,enabled,35353638,4907839,4871144,4861372,4853324,4857715,4861180,4851786,4856534,4861570,7913610,7913610,10
2025-10-02 15:20:54,110659,pairwise,VerletListsCells,1.000000,vlc_c18,none,SoA,disabled,330606841,15527448,15545786,15539138,15522211,15547778,15513885,15560269,15529157,15532897,47042540,47042540,10
2025-10-02 15:20:54,110669,pairwise,VerletListsCells,1.000000,vlc_c18,none,SoA,enabled,213439910,12758001,12784936,12805725,12813845,12822682,12032074,12051640,12027056,12010830,32554669,32554669,10
2025-10-02 15:20:55,110679,pairwise,VerletListsCells,1.000000,vlc_c08,none,AoS,disabled,43028216,7687196,7656999,7669695,7660841,7673152,7656490,7659439,7651063,7667586,11201066,11201066,10
2025-10-02 15:20:55,110689,pairwise,VerletListsCells,1.000000,vlc_c08,none,AoS,enabled,39195528,5179465,5169551,5159084,5159395,5160099,5150688,5151149,5155782,5163583,8564432,8564432,10
2025-10-02 15:20:55,110699,pairwise,VerletListsCells,1.000000,vlc_c08,none,SoA,disabled,308161588,14946871,14980056,14970133,14981352,14992370,14945801,14970600,14981570,14948393,44287872,44287872,10
2025-10-02 15:20:55,110709,pairwise,VerletListsCells,1.000000,vlc_c08,none,SoA,enabled,240615719,13478757,13441553,13464239,13449746,13430891,13447515,13456051,13458102,13438759,36168132,36168132,10
2025-10-02 15:20:56,110719,pairwise,VerletListsCells,1.000000,vlc_sliced,none,AoS,disabled,58160113,16671879,16099291,16664732,16600900,15013568,16714436,16652038,15837514,16644091,20505855,20505855,10
2025-10-02 15:20:56,110729,pairwise,VerletListsCells,1.000000,vlc_sliced,none,AoS,enabled,39591659,8109628,7703455,8028726,7764552,8035443,8058274,7994333,7986612,8010052,11128273,11128273,10
2025-10-02 15:20:56,110739,pairwise,VerletListsCells,1.000000,vlc_sliced,none,SoA,disabled,351926113,23711878,23129142,23785537,23738960,23733812,23663142,23618280,22539786,23647892,56349454,56349454,10
2025-10-02 15:20:57,110749,pairwise,VerletListsCells,1.000000,vlc_sliced,none,SoA,enabled,215459470,15237673,15254369,15008339,15212677,15300932,14465185,14415909,14473662,14506467,34933467,34933467,10
2025-10-02 15:20:57,110759,pairwise,VerletListsCells,1.000000,vlc_sliced_balanced,none,AoS,disabled,55711378,15588117,15585761,15581038,15553818,15595262,15566357,15591358,15564718,15535708,19587350,19587350,10
2025-10-02 15:20:57,110769,pairwise,VerletListsCells,1.000000,vlc_sliced_balanced,none,AoS,enabled,38535385,8101264,8053627,8046430,8055975,8040485,8011137,8057411,8029151,8018195,11094905,11094905,10
2025-10-02 15:20:58,110779,pairwise,VerletListsCells,1.000000,vlc_sliced_balanced,none,SoA,disabled,343809901,23799261,23751628,23717699,23713767,23745838,23675714,23713109,23714359,23713585,55735485,55735485,10
2025-10-02 15:20:58,110789,pairwise,VerletListsCells,1.000000,vlc_sliced_balanced,none,SoA,enabled,217836599,15155050,15079306,15091127,15069253,14897471,14281081,14276981,14275351,14288793,35025100,35025100,10
2025-10-02 15:20:58,110799,pairwise,VerletListsCells,1.000000,vlc_sliced_balanced,squared-particles-per-cell,AoS,disabled,56415439,16042406,16084472,16025459,16084588,16065349,16038915,16015660,16032442,15997296,20080202,20080202,10
2025-10-02 15:20:58,110809,pairwise,VerletListsCells,1.000000,vlc_sliced_balanced,squared-particles-per-cell,AoS,enabled,39108931,8585206,8550913,8515075,8534257,8530085,8537044,8542256,8520263,8535666,11595968,11595968,10
2025-10-02 15:20:59,110819,pairwise,VerletListsCells,1.000000,vlc_sliced_balanced,squared-particles-per-cell,SoA,disabled,328050022,23767240,23710783,23748102,23747114,23692594,23667557,23675525,23648671,23670786,54137839,54137839,10
2025-10-02 15:20:59,110829,pairwise,VerletListsCells,1.000000,vlc_sliced_balanced,squared-particles-per-cell,SoA,enabled,220321895,15111861,15139920,15168116,15184416,15220450,14410162,14352337,14326844,14345899,35358189,35358189,10
2025-10-02 15:21:00,110839,pairwise,VerletListsCells,1.000000,vlc_sliced_balanced,neighbor-list-length,AoS,disabled,57012350,16319979,16291851,16329127,16282064,16277814,16297981,16280027,16328483,16342061,20376173,20376173,10
2025-10-02 15:21:00,110849,pairwise,VerletListsCells,1.000000,vlc_sliced_balanced,neighbor-list-length,AoS,enabled,38876509,8519569,8456891,8467098,8417681,8418789,8419277,8435837,8434927,8432371,11487894,11487894,10
2025-10-02 15:21:00,110859,pairwise,VerletListsCells,1.000000,vlc_sliced_balanced,neighbor-list-length,SoA,disabled,332185218,24680711,24649393,24602964,24598579,24600884,24552774,24554907,24574725,24459780,55345992,55345992,10
2025-10-02 15:21:01,110869,pairwise,VerletListsCells,1.000000,vlc_sliced_balanced,neighbor-list-length,SoA,enabled,224311916,15639001,15654628,15613472,15665758,15515416,14875990,14804688,14797910,14820346,36169912,36169912,10
2025-10-02 15:21:01,110879,pairwise,VerletListsCells,1.000000,vlc_sliced_c02,none,AoS,disabled,60733372,19972056,20115850,20185485,20171528,19983513,19883570,19950202,20138616,19924618,24105880,24105880,10
2025-10-02 15:21:01,110889,pairwise,VerletListsCells,1.000000,vlc_sliced_c02,none,AoS,enabled,41111212,10770387,10760408,10749939,10731371,10329356,10789371,10628205,10700196,10653414,13722385,13722385,10
2025-10-02 15:21:02,110899,pairwise,VerletListsCells,1.000000,vlc_sliced_c02,none,SoA,disabled,333353294,28318579,27870022,28888788,26916655,27139529,28745122,28709173,28693618,28922739,58755751,58755751,10
2025-10-02 15:21:02,110909,pairwise,VerletListsCells,1.000000,vlc_sliced_c02,none,SoA,enabled,225705352,17606877,17423590,17240884,17515337,17373704,17767215,16750873,16893721,16633787,38091133,38091133,10
2025-10-02 15:21:02,110919,pairwise,PairwiseVerletLists,1.000000,vlp_c01,none,AoS,disabled,68211920,10166405,10180664,10174127,10176025,10176249,10172693,10173229,10173479,10171991,15977677,15977677,10
2025-10-02 15:21:03,110929,pairwise,PairwiseVerletLists,1.000000,vlp_c01,none,SoA,disabled,742697759,22205606,22195925,22206571,22199472,22179715,22192763,22190726,22179999,22204711,94245324,94245324,10
2025-10-02 15:21:04,110939,pairwise,PairwiseVerletLists,1.000000,vlp_c18,none,AoS,disabled,65951876,10972607,10982770,10987950,10987067,10981531,10990304,10973517,10979175,10979525,16478632,16478632,10
2025-10-02 15:21:04,110949,pairwise,PairwiseVerletLists,1.000000,vlp_c18,none,AoS,enabled,77518052,7002279,6962939,6963823,6965343,6967593,6961248,6972852,6962683,6957651,14023446,14023446,10
2025-10-02 15:21:05,110959,pairwise,PairwiseVerletLists,1.000000,vlp_c18,none,SoA,disabled,979996176,20838253,20789911,20803592,20793756,20846178,20799351,20826371,20810411,20795432,116729942,116729942,10
2025-10-02 15:21:06,110969,pairwise,PairwiseVerletLists,1.000000,vlp_c18,none,SoA,enabled,590739507,16156932,16136769,16147327,16128221,16126741,16138160,16136660,16126571,16124108,73596099,73596099,10
2025-10-02 15:21:06,110979,pairwise,PairwiseVerletLists,1.000000,vlp_sliced,none,AoS,disabled,79749062,23999800,23894599,24068766,24021808,23851011,23970331,24113820,23895713,23877549,29544245,29544245,10
2025-10-02 15:21:06,110989,pairwise,PairwiseVerletLists,1.000000,vlp_sliced,none,AoS,enabled,93680364,11151516,11070349,11126711,11109248,11092017,11124892,11112587,11110440,11139391,19371751,19371751,10
2025-10-02 15:21:07,110999,pairwise,PairwiseVerletLists,1.000000,vlp_sliced,none,SoA,disabled,944674023,34921349,36414016,36197315,32187185,35448017,35327252,35240205,35784173,35343728,126153725,126153725,10
2025-10-02 15:21:08,111009,pairwise,PairwiseVerletLists,1.000000,vlp_sliced,none,SoA,enabled,606033915,23935845,22198991,23884824,24097522,24077417,24018199,24070361,23683137,23870855,81987106,81987106,10
2025-10-02 15:21:09,111019,pairwise,PairwiseVerletLists,1.000000,vlp_sliced_balanced,none,AoS,disabled,80393610,24447810,24425924,24457555,24422796,24407479,24392287,24440067,24449455,24468642,30030562,30030562,10
2025-10-02 15:21:09,111029,pairwise,PairwiseVerletLists,1.000000,vlp_sliced_balanced,none,AoS,enabled,94153272,11164034,11162649,11154433,11148801,11128115,11128437,11129787,11081794,11134051,19438537,19438537,10
2025-10-02 15:21:10,111039,pairwise,PairwiseVerletLists,1.000000,vlp_sliced_balanced,none,SoA,disabled,950025196,36697659,36651170,36654701,36697610,35900498,35879043,35913274,35886998,35904763,127621090,127621090,10
2025-10-02 15:21:11,111049,pairwise,PairwiseVerletLists,1.000000,vlp_sliced_balanced,none,SoA,enabled,607956988,24102489,24038839,24034648,23990246,23964061,23942053,24026720,24030017,23977250,82406330,82406330,10
2025-10-02 15:21:11,111059,pairwise,PairwiseVerletLists,1.000000,vlp_sliced_c02,none,AoS,disabled,88158853,31727991,31637280,31502463,31785396,31945397,31419339,31354512,31675880,31600973,37280808,37280808,10
2025-10-02 15:21:12,111069,pairwise,PairwiseVerletLists,1.000000,vlp_sliced_c02,none,AoS,enabled,97402016,14212600,14266892,14228274,14313306,13454085,14246653,14139198,14089899,14173611,22452653,22452653,10
2025-10-02 15:21:13,111079,pairwise,PairwiseVerletLists,1.000000,vlp_sliced_c02,none,SoA,disabled,956273895,44031013,44215081,44113973,41620897,43127247,43569074,43050001,43869616,43563089,134743388,134743388,10
2025-10-02 15:21:14,111089,pairwise,PairwiseVerletLists,1.000000,vlp_sliced_c02,none,SoA,enabled,612995388,29136918,29168164,29078535,29240215,29037109,29001981,27394887,29309294,28941014,87330350,87330350,10
2025-10-02 15:21:14,111099,pairwise,PairwiseVerletLists,1.000000,vlp_c08,none,AoS,disabled,71148556,15159449,15107036,15081615,15074182,15068888,15063187,15070377,15059551,15066496,20689933,20689933,10
2025-10-02 15:21:14,111109,pairwise,PairwiseVerletLists,1.000000,vlp_c08,none,AoS,enabled,92065734,8545194,8454437,8441971,8449994,8435368,8441347,8434189,8436075,8443903,16814820,16814820,10
2025-10-02 15:21:15,111119,pairwise,PairwiseVerletLists,1.000000,vlp_c08,none,SoA,disabled,933179407,25076245,25170116,25122896,25210028,24396491,24418532,24393262,24387941,24426101,115578101,115578101,10
2025-10-02 15:21:16,111129,pairwise,PairwiseVerletLists,1.000000,vlp_c08,none,SoA,enabled,600742537,18218566,18185442,18137116,18146128,18143673,18149770,18138660,18166593,18145198,76417368,76417368,10
2025-10-02 15:22:43,115009,pairwise,LinkedCells,1.000000,lc_c01,none,AoS,disabled,20020310,19824015,19814895,19816396,19807143,19810761,19800227,19797460,19803727,19806046,19830097,19830097,10
2025-10-02 15:22:43,115019,pairwise,LinkedCells,1.000000,lc_c01,none,SoA,disabled,16310736,13732356,13720676,13733705,13719656,13736968,13750924,13736675,13717313,13747928,13990693,13990693,10
2025-10-02 15:22:44,115029,pairwise,LinkedCells,1.000000,lc_c01_combined_SoA,none,SoA,disabled,11782850,11656889,11638309,11687268,11638023,11647279,11696286,11680570,11677024,11698038,11680253,11680253,10
2025-10-02 15:22:44,115039,pairwise,LinkedCells,1.000000,lc_c04,none,AoS,disabled,13486329,13367264,13350506,13346018,13367289,13349302,13336337,13353960,13355200,13333989,13364619,13364619,10
2025-10-02 15:22:44,115049,pairwise,LinkedCells,1.000000,lc_c04,none,AoS,enabled,9918245,9868062,9877482,9933540,9873581,9859454,9880542,9903406,9930981,9857679,9890296,9890296,10
2025-10-02 15:22:44,115059,pairwise,LinkedCells,1.000000,lc_c04,none,SoA,disabled,12500555,12448268,12465596,12489036,12422550,12425723,12464054,12439741,12491383,12431395,12457829,12457829,10
2025-10-02 15:22:44,115069,pairwise,LinkedCells,1.000000,lc_c04,none,SoA,enabled,8709035,8708119,8723809,8686918,8696681,8681200,8710399,8708743,8701718,8736862,8706347,8706347,10
2025-10-02 15:22:44,115079,pairwise,LinkedCells,1.000000,lc_c04_HCP,none,AoS,disabled,12862390,12830248,12812522,12812645,12809921,12820670,12824132,12819188,12826026,12819765,12823750,12823750,10
2025-10-02 15:22:44,115089,pairwise,LinkedCells,1.000000,lc_c04_HCP,none,AoS,enabled,9703689,9709696,9703379,9691683,9698517,9705126,9706230,9706992,9712097,9698993,9703639,9703639,10
2025-10-02 15:22:44,115099,pairwise,LinkedCells,1.000000,lc_c04_HCP,none,SoA,disabled,12806992,12789026,12774310,12739688,12769594,12720163,12739677,12732230,12739185,12716610,12752747,12752747,10
2025-10-02 15:22:44,115109,pairwise,LinkedCells,1.000000,lc_c04_HCP,none,SoA,enabled,9391876,9398521,9396704,9392882,9365030,9374154,9365191,9365911,9366004,9359149,9377541,9377541,10
2025-10-02 15:22:45,115119,pairwise,LinkedCells,1.000000,lc_c04_combined_SoA,none,SoA,disabled,13495539,13483846,13520720,13498963,13487021,13473366,13492234,13467977,13449100,13485271,13485403,13485403,10
2025-10-02 15:22:45,115129,pairwise,LinkedCells,1.000000,lc_c04_combined_SoA,none,SoA,enabled,11221773,11168592,11200550,11180397,11159159,11167655,11142109,11175454,11164647,11154051,11173438,11173438,10
2025-10-02 15:22:45,115139,pairwise,LinkedCells,1.000000,lc_c08,none,AoS,disabled,13636446,13539330,13527098,13527342,13527416,13526230,13525221,13533942,13541148,13533969,13541813,13541813,10
2025-10-02 15:22:45,115149,pairwise,LinkedCells,1.000000,lc_c08,none,AoS,enabled,10437367,10435409,10440599,10421175,10430585,10422679,10444175,10428094,10430531,10421251,10431185,10431185,10
2025-10-02 15:22:45,115159,pairwise,LinkedCells,1.000000,lc_c08,none,SoA,disabled,15761903,15681420,15655181,15639059,15615593,15599243,15616050,15593324,15598901,15591272,15635193,15635193,10
2025-10-02 15:22:45,115169,pairwise,LinkedCells,1.000000,lc_c08,none,SoA,enabled,12517273,12466686,12466775,12432082,12437440,12442021,12422879,12435875,12428110,12419757,12446889,12446889,10
2025-10-02 15:22:45,115179,pairwise,LinkedCells,1.000000,lc_c18,none,AoS,disabled,13744503,13672160,13680505,13687596,13667717,13680397,13680684,13679240,13687185,13702072,13688205,13688205,10
2025-10-02 15:22:46,115189,pairwise,LinkedCells,1.000000,lc_c18,none,AoS,enabled,10516741,10514773,10530647,10502939,10523886,10526828,10512768,10515023,10522133,10501956,10516768,10516768,10
2025-10-02 15:22:46,115199,pairwise,LinkedCells,1.000000,lc_c18,none,SoA,disabled,17055180,17023995,17007359,17014638,17019938,17029907,16999081,16993145,17015057,16997710,17015600,17015600,10
2025-10-02 15:22:46,115209,pairwise,LinkedCells,1.000000,lc_c18,none,SoA,enabled,12412779,12352717,12352569,12342631,12352740,12331454,12346419,12342994,12349364,12357130,12354079,12354079,10
2025-10-02 15:22:46,115219,pairwise,LinkedCells,1.000000,lc_sliced,none,AoS,disabled,20730590,21298023,21383183,21330984,21190445,21338879,21169804,21382576,21324059,21294699,21244323,21244323,10
2025-10-02 15:22:46,115229,pairwise,LinkedCells,1.000000,lc_sliced,none,AoS,enabled,15610483,15536273,15478536,15600521,15598762,15733966,15545928,15441459,15617266,15608396,15577158,15577158,10
2025-10-02 15:22:46,115239,pairwise,LinkedCells,1.000000,lc_sliced,none,SoA,disabled,17075754,17020268,16871764,17018066,16985709,17056723,17034744,17016095,17059956,16978378,17011745,17011745,10
2025-10-02 15:22:47,115249,pairwise,LinkedCells,1.000000,lc_sliced,none,SoA,enabled,10362560,10323238,10366560,10301857,10329783,10387758,10310612,10345842,10366861,10297822,10339288,10339288,10
2025-10-02 15:22:47,115259,pairwise,LinkedCells,1.000000,lc_sliced_balanced,none,AoS,disabled,21407120,21331262,21344242,21389391,21358842,21378057,21351550,21353652,21369886,21356272,21364027,21364027,10
2025-10-02 15:22:47,115269,pairwise,LinkedCells,1.000000,lc_sliced_balanced,none,AoS,enabled,15690947,15681484,15650138,15674509,15679955,15685735,15668755,15668325,15665730,15642340,15670791,15670791,10
2025-10-02 15:22:47,115279,pairwise,LinkedCells,1.000000,lc_sliced_balanced,none,SoA,disabled,17133152,17116690,17074086,17073159,17094655,17107173,17087884,17108373,17061459,17113530,17097016,17097016,10
2025-10-02 15:22:47,115289,pairwise,LinkedCells,1.000000,lc_sliced_balanced,none,SoA,enabled,10360464,10381629,10339925,10356998,10338890,10358525,10361550,10360789,10351241,10368674,10357868,10357868,10
2025-10-02 15:22:48,115299,pairwise,LinkedCells,1.000000,lc_sliced_balanced,squared-particles-per-cell,AoS,disabled,21671298,21400188,21385476,21398464,21426495,21372129,21404584,21412386,21408101,21431347,21431046,21431046,10
2025-10-02 15:22:48,115309,pairwise,LinkedCells,1.000000,lc_sliced_balanced,squared-particles-per-cell,AoS,enabled,15765921,15679124,15685209,15674629,15690018,15706319,15692574,15693584,15675711,15711951,15697503,15697503,10
2025-10-02 15:22:48,115319,pairwise,LinkedCells,1.000000,lc_sliced_balanced,squared-particles-per-cell,SoA,disabled,19841687,17152205,17163578,17102496,17078130,17044146,17098116,17077507,17034235,17063412,17365551,17365551,10
2025-10-02 15:22:48,115329,pairwise,LinkedCells,1.000000,lc_sliced_balanced,squared-particles-per-cell,SoA,enabled,10741758,10588472,10547288,10540960,10533296,10550880,10522102,10523907,10558477,10576909,10568404,10568404,10
2025-10-02 15:22:48,115339,pairwise,LinkedCells,1.000000,lc_sliced_c02,none,AoS,disabled,21469872,21283213,21292208,20772750,21300310,21139199,20656635,21137808,21349894,21255427,21165731,21165731,10
2025-10-02 15:22:48,115349,pairwise,LinkedCells,1.000000,lc_sliced_c02,none,AoS,enabled,15652253,15481367,15477135,15486120,15473111,15433745,15489168,15588684,15615066,15491439,15518808,15518808,10
2025-10-02 15:22:49,115359,pairwise,LinkedCells,1.000000,lc_sliced_c02,none,SoA,disabled,19661856,17193689,17088131,17028672,17139526,16972991,17069545,16981002,17044578,17016550,17319653,17319653,10
2025-10-02 15:22:49,115369,pairwise,LinkedCells,1.000000,lc_sliced_c02,none,SoA,enabled,10604843,10550697,10500935,10285982,10501539,10305640,10341789,10247930,10431256,10366721,10413732,10413732,10
2025-10-02 15:22:49,115379,pairwise,VerletClusterLists,1.000000,vcl_c01_balanced,none,AoS,disabled,93357697,26413960,26404957,26389255,26324739,26312773,26405895,26461746,26362451,26393820,33082728,33082728,10
2025-10-02 15:22:49,115389,pairwise,VerletClusterLists,1.000000,vcl_c01_balanced,none,SoA,disabled,55868536,9515823,9471556,9484362,9493146,9497521,9500061,9523477,9520971,9520067,14139551,14139551,10
2025-10-02 15:22:50,115399,pairwise,VerletClusterLists,1.000000,vcl_c06,none,AoS,disabled,77517466,31100926,31993891,31592958,31894099,31028921,30544115,31323231,31426211,31579006,36000081,36000081,10
2025-10-02 15:22:50,115409,pairwise,VerletClusterLists,1.000000,vcl_c06,none,AoS,enabled,43688779,15859104,15813129,15827858,15915519,16041994,15753789,15931531,16198822,15967877,18699839,18699839,10
2025-10-02 15:22:50,115419,pairwise,VerletClusterLists,1.000000,vcl_c06,none,SoA,disabled,57269020,11122297,11295168,11202377,11290800,11080343,11260467,11253613,11261133,11210428,15824564,15824564,10
2025-10-02 15:22:50,115429,pairwise,VerletClusterLists,1.000000,vcl_c06,none,SoA,enabled,34539059,6470575,6473453,6460037,6533895,6442496,6479427,6348979,6362845,6496914,9260768,9260768,10
2025-10-02 15:22:51,115439,pairwise,VerletClusterLists,1.000000,vcl_sliced,none,AoS,disabled,113147130,58068738,58062748,56077480,67291248,61364737,67306161,67167848,60576413,67227789,67629028,67629028,10
2025-10-02 15:22:51,115449,pairwise,VerletClusterLists,1.000000,vcl_sliced,none,AoS,enabled,57967853,28354614,31552287,29139689,30248669,34232143,34314388,34393694,30230206,34244370,34467791,34467791,10
2025-10-02 15:22:51,115459,pairwise,VerletClusterLists,1.000000,vcl_sliced,none,SoA,disabled,65256444,19286568,19395034,17733690,17298745,17742860,19283173,19285593,17732451,16494370,22950892,22950892,10
2025-10-02 15:22:52,115469,pairwise,VerletClusterLists,1.000000,vcl_sliced,none,SoA,enabled,38762746,10779482,9138259,10756429,10773152,10802297,10771864,10782534,9980321,10783898,13333097,13333097,10
2025-10-02 15:22:52,115479,pairwise,VerletClusterLists,1.000000,vcl_sliced_balanced,none,AoS,disabled,104444426,58451675,58472820,58471322,58341382,58294801,58348545,58475744,58385797,58354686,63004119,63004119,10
2025-10-02 15:22:53,115489,pairwise,VerletClusterLists,1.000000,vcl_sliced_balanced,none,AoS,enabled,58133853,30470820,30453855,30375456,30430154,30458757,30363908,30464641,30485841,30432092,33206937,33206937,10
2025-10-02 15:22:53,115499,pairwise,VerletClusterLists,1.000000,vcl_sliced_balanced,none,SoA,disabled,63784884,17775899,17760284,17793610,17782257,17782632,17735191,17778269,17765118,17748249,22370638,22370638,10
2025-10-02 15:22:53,115509,pairwise,VerletClusterLists,1.000000,vcl_sliced_balanced,none,SoA,enabled,38297135,10013520,10006968,9994078,10001214,10017628,10000368,10003779,10012658,10001038,12834838,12834838,10
2025-10-02 15:22:54,115519,pairwise,VerletClusterLists,1.000000,vcl_sliced_balanced,neighbor-list-length,AoS,disabled,120329422,58534899,58455862,58385205,58389238,58483113,58471072,58526212,58339402,58430418,64634483,64634483,10
2025-10-02 15:22:54,115529,pairwise,VerletClusterLists,1.000000,vcl_sliced_balanced,neighbor-list-length,AoS,enabled,58145020,30418691,30385417,30453047,30451479,30422117,30430005,30443513,30395506,30465578,33201036,33201036,10
2025-10-02 15:22:54,115539,pairwise,VerletClusterLists,1.000000,vcl_sliced_balanced,neighbor-list-length,SoA,disabled,63882721,17790264,17754008,17742724,17776309,17767082,17766726,17761398,17777649,17771444,22379032,22379032,10
2025-10-02 15:22:54,115549,pairwise,VerletClusterLists,1.000000,vcl_sliced_balanced,neighbor-list-length,SoA,enabled,38152234,10036909,10027806,10036237,10051358,10050083,10060056,10051037,10034843,10056773,12855733,12855733,10
2025-10-02 15:22:55,115559,pairwise,VerletClusterLists,1.000000,vcl_sliced_c02,none,AoS,disabled,136654949,73904540,69420852,75251694,79777416,74290368,79638434,73771024,66827285,80588274,81012483,81012483,10
2025-10-02 15:22:56,115569,pairwise,VerletClusterLists,1.000000,vcl_sliced_c02,none,AoS,enabled,65431224,37486736,40893162,37609374,37537178,39032723,37523224,33911702,35577361,39004673,40400735,40400735,10
2025-10-02 15:22:56,115579,pairwise,VerletClusterLists,1.000000,vcl_sliced_c02,none,SoA,disabled,67880595,22842215,22791703,24345063,21609960,22910178,21287780,22873131,22795034,22608749,27194440,27194440,10
2025-10-02 15:22:56,115589,pairwise,VerletClusterLists,1.000000,vcl_sliced_c02,none,SoA,enabled,40286542,13023102,13081434,12927822,13504883,12569438,12010987,13310004,12464820,13593345,15677237,15677237,10
2025-10-02 15:22:56,115599,pairwise,VerletLists,1.000000,vl_list_iteration,none,AoS,disabled,61498903,10985842,10965933,10966291,10953692,10957922,10962204,10966372,10967871,10968375,16019339,16019339,10
2025-10-02 15:22:57,115609,pairwise,VerletLists,1.000000,vl_list_iteration,none,SoA,disabled,225587183,12080572,12130301,12076661,12105109,12122102,12084410,12088891,12091844,12078718,33444578,33444578,10
2025-10-02 15:22:57,115619,pairwise,VerletListsCells,1.000000,vlc_c01,none,AoS,disabled,64356943,8131838,8138661,8127809,8127262,8135965,8132431,8124620,8129985,8128223,13753372,13753372,10
2025-10-02 15:22:57,115629,pairwise,VerletListsCells,1.000000,vlc_c01,none,SoA,disabled,221943498,12520163,12508980,12498289,12483222,12498429,12474324,12508591,12486057,12483140,33440469,33440469,10
2025-10-02 15:22:58,115639,pairwise,VerletListsCells,1.000000,vlc_c18,none,AoS,disabled,49441710,8000757,7985995,7988649,7978161,7976529,7990537,7987825,7991515,7985080,12132675,12132675,10
2025-10-02 15:22:58,115649,pairwise,VerletListsCells,1.000000,vlc_c18,none,AoS,enabled,36236246,4987829,4961780,4946213,4951799,4961188,4946189,4938861,4942716,4954446,8082725,8082725,10
2025-10-02 15:22:58,115659,pairwise,VerletListsCells,1.000000,vlc_c18,none,SoA,disabled,337748840,15915185,15894776,15885623,15884473,15900743,15870351,15883569,15905292,15899488,48078833,48078833,10
2025-10-02 15:22:58,115669,pairwise,VerletListsCells,1.000000,vlc_c18,none,SoA,enabled,209876084,12976689,12976144,13010371,13032198,13035468,12295015,12234174,12240010,12210575,32388672,32388672,10
2025-10-02 15:22:59,115679,pairwise,VerletListsCells,1.000000,vlc_c08,none,AoS,disabled,43410337,7826449,7824484,7839573,7808000,7830720,7827058,7815093,7814641,7829833,11382618,11382618,10
2025-10-02 15:22:59,115689,pairwise,VerletListsCells,1.000000,vlc_c08,none,AoS,enabled,39594354,5288526,5259484,5241651,5246557,5238595,5246646,5244263,5251978,5245259,8685730,8685730,10
2025-10-02 15:22:59,115699,pairwise,VerletListsCells,1.000000,vlc_c08,none,SoA,disabled,312804603,15241715,15223707,15213157,15241475,15210458,15228337,15206621,15187802,15221898,44977977,44977977,10
2025-10-02 15:23:00,115709,pairwise,VerletListsCells,1.000000,vlc_c08,none,SoA,enabled,245593335,13700892,13690946,13693874,13677779,13682940,13697083,13696204,13691527,13659949,36878452,36878452,10
2025-10-02 15:23:00,115719,pairwise,VerletListsCells,1.000000,vlc_sliced,none,AoS,disabled,59898079,16867602,16786508,16752404,16820358,16821329,16783704,16741840,16825243,16798216,21109528,21109528,10
2025-10-02 15:23:00,115729,pairwise,VerletListsCells,1.000000,vlc_sliced,none,AoS,enabled,40998638,8369811,8157004,8300466,8273959,8251861,8291736,8300222,8265688,8242763,11545214,11545214,10
2025-10-02 15:23:00,115739,pairwise,VerletListsCells,1.000000,vlc_sliced,none,SoA,disabled,362675507,24349719,24181066,24210981,24223923,24233758,24087210,24281644,24181845,23859170,58028481,58028481,10
2025-10-02 15:23:01,115749,pairwise,VerletListsCells,1.000000,vlc_sliced,none,SoA,enabled,221850530,15586922,15618751,15568678,15539921,15323077,14756780,14690368,14722279,14752716,35841001,35841001,10
2025-10-02 15:23:01,115759,pairwise,VerletListsCells,1.000000,vlc_sliced_balanced,none,AoS,disabled,57831145,16247598,16227582,16192960,16185118,16161009,16180474,16167124,16142800,16172725,20350852,20350852,10
2025-10-02 15:23:01,115769,pairwise,VerletListsCells,1.000000,vlc_sliced_balanced,none,AoS,enabled,39804978,8375341,8319565,8322176,8334481,8293312,8330957,8292636,8302262,8295174,11467087,11467087,10
2025-10-02 15:23:02,115779,pairwise,VerletListsCells,1.000000,vlc_sliced_balanced,none,SoA,disabled,349940267,24204389,24214145,24200155,24197144,24201174,24210904,24189426,24215592,24167747,56774094,56774094,10
2025-10-02 15:23:02,115789,pairwise,VerletListsCells,1.000000,vlc_sliced_balanced,none,SoA,enabled,213614949,15435178,15491114,15401467,15383148,15270353,14621899,14578302,14611902,14609239,34901754,34901754,10
2025-10-02 15:23:02,115799,pairwise,VerletListsCells,1.000000,vlc_sliced_balanced,squared-particles-per-cell,AoS,disabled,58280845,16262630,16274118,16261025,16293840,16261052,16233612,16219320,16235216,16197348,20451900,20451900,10
2025-10-02 15:23:03,115809,pairwise,VerletListsCells,1.000000,vlc_sliced_balanced,squared-particles-per-cell,AoS,enabled,40266762,8742754,8690656,8705468,8665748,8664227,8663315,8666372,8620414,8661020,11834673,11834673,10
2025-10-02 15:23:03,115819,pairwise,VerletListsCells,1.000000,vlc_sliced_balanced,squared-particles-per-cell,SoA,disabled,337617904,24275794,24216143,24234432,24272691,24226390,24278469,24235418,24244453,24267461,55586915,55586915,10
2025-10-02 15:23:03,115829,pairwise,VerletListsCells,1.000000,vlc_sliced_balanced,squared-particles-per-cell,SoA,enabled,226430549,15395216,15437971,15494449,15496149,15478497,14675407,14636227,14617063,14628445,36228996,36228996,10
2025-10-02 15:23:04,115839,pairwise,VerletListsCells,1.000000,vlc_sliced_balanced,neighbor-list-length,AoS,disabled,59134351,16712214,16637271,16640748,16637806,16672259,16681576,16678233,16638529,16706009,20913898,20913898,10
2025-10-02 15:23:04,115849,pairwise,VerletListsCells,1.000000,vlc_sliced_balanced,neighbor-list-length,AoS,enabled,39952265,8721402,8688160,8682392,8647278,8640028,8636596,8644317,8635106,8667409,11791494,11791494,10
2025-10-02 15:23:04,115859,pairwise,VerletListsCells,1.000000,vlc_sliced_balanced,neighbor-list-length,SoA,disabled,335772897,25179791,25126687,25215422,25116271,25077646,25080821,25139103,25132260,25029690,56187058,56187058,10
2025-10-02 15:23:05,115869,pairwise,VerletListsCells,1.000000,vlc_sliced_balanced,neighbor-list-length,SoA,enabled,227749194,15866798,15870783,15897526,15893554,15879786,15149988,15095497,15097717,15067345,36756818,36756818,10
2025-10-02 15:23:05,115879,pairwise,VerletListsCells,1.000000,vlc_sliced_c02,none,AoS,disabled,63143516,20895429,20610388,20626977,20603889,20688106,20807683,20796972,20891489,20773483,24983793,24983793,10
2025-10-02 15:23:05,115889,pairwise,VerletListsCells,1.000000,vlc_sliced_c02,none,AoS,enabled,42534499,11014989,11119969,11054949,11090059,11041226,10960260,10826349,11049435,10647314,14133904,14133904,10
2025-10-02 15:23:06,115899,pairwise,VerletListsCells,1.000000,vlc_sliced_c02,none,SoA,disabled,340884513,29518520,29564695,29344474,29652517,29670375,29549944,29540477,29730779,29389753,60684604,60684604,10
2025-10-02 15:23:06,115909,pairwise,VerletListsCells,1.000000,vlc_sliced_c02,none,SoA,enabled,230392203,18003176,17919703,17988271,18100930,18019656,17956755,17225552,17192030,17152942,38995121,38995121,10
2025-10-02 15:23:07,115919,pairwise,PairwiseVerletLists,1.000000,vlp_c01,none,AoS,disabled,70683526,10409241,10414312,10415904,10420805,10403110,10414200,10419314,10406431,10405576,16439241,16439241,10
2025-10-02 15:23:08,115929,pairwise,PairwiseVerletLists,1.000000,vlp_c01,none,SoA,disabled,776666766,22712824,22721510,22712905,22708140,22705529,22711261,22725057,22702117,22701337,98106744,98106744,10
2025-10-02 15:23:08,115939,pairwise,PairwiseVerletLists,1.000000,vlp_c18,none,AoS,disabled,67683696,11190279,11208583,11199191,11213285,11201379,11208971,11205618,11204893,11209286,16852517,16852517,10
2025-10-02 15:23:08,115949,pairwise,PairwiseVerletLists,1.000000,vlp_c18,none,AoS,enabled,83700126,7112387,7090880,7090146,7092792,7098022,7095537,7097586,7095653,7091177,14756430,14756430,10
2025-10-02 15:23:09,115959,pairwise,PairwiseVerletLists,1.000000,vlp_c18,none,SoA,disabled,1035344256,21367205,21375419,21377168,21338416,21351771,21341746,21353265,21330766,21324133,122750413,122750413,10
2025-10-02 15:23:10,115969,pairwise,PairwiseVerletLists,1.000000,vlp_c18,none,SoA,enabled,609880308,16986318,16684705,16435415,16393316,16384058,16441965,16430654,16410904,16391490,75843913,75843913,10
2025-10-02 15:23:10,115979,pairwise,PairwiseVerletLists,1.000000,vlp_sliced,none,AoS,disabled,80804762,25089985,25132488,25042240,23290464,24795056,24855460,24796858,25190260,24731694,30372926,30372926,10
2025-10-02 15:23:11,115989,pairwise,PairwiseVerletLists,1.000000,vlp_sliced,none,AoS,enabled,96259833,11619904,11592783,11559462,11538194,11563398,10715207,11551610,11524158,11571719,19949626,19949626,10
2025-10-02 15:23:12,115999,pairwise,PairwiseVerletLists,1.000000,vlp_sliced,none,SoA,disabled,988864502,37417132,37340051,37225893,37325953,37211780,37081255,36841726,36406880,36312697,132202786,132202786,10
2025-10-02 15:23:13,116009,pairwise,PairwiseVerletLists,1.000000,vlp_sliced,none,SoA,enabled,624891141,24239902,24898512,24887000,24867104,24775295,24688908,24696661,24827110,24888508,84766014,84766014,10
2025-10-02 15:23:13,116019,pairwise,PairwiseVerletLists,1.000000,vlp_sliced_balanced,none,AoS,disabled,83000260,25354969,25261329,25250753,25221933,25247993,25219032,25228137,25274527,25213335,31027226,31027226,10
2025-10-02 15:23:13,116029,pairwise,PairwiseVerletLists,1.000000,vlp_sliced_balanced,none,AoS,enabled,96868997,11678129,11663652,11641022,11626169,11631147,11602207,11618505,11618758,11634827,20158341,20158341,10
2025-10-02 15:23:15,116039,pairwise,PairwiseVerletLists,1.000000,vlp_sliced_balanced,none,SoA,disabled,993335238,37684083,37682920,37662109,37661141,37653409,37688665,37566098,36906569,36922989,133076322,133076322,10
2025-10-02 15:23:15,116049,pairwise,PairwiseVerletLists,1.000000,vlp_sliced_balanced,none,SoA,enabled,625028947,25414616,24880928,24897788,24847350,24848111,24842665,24840976,24926985,24851575,84937993,84937993,10
2025-10-02 15:23:16,116059,pairwise,PairwiseVerletLists,1.000000,vlp_sliced_c02,none,AoS,disabled,90003027,32888052,32683324,32853374,32745465,30811030,32050270,32457059,32585483,32352039,38142912,38142912,10
2025-10-02 15:23:16,116069,pairwise,PairwiseVerletLists,1.000000,vlp_sliced_c02,none,AoS,enabled,99867000,13995626,14820244,14828195,14988551,14845243,14942350,14849741,15016867,14514968,23266877,23266877,10
2025-10-02 15:23:18,116079,pairwise,PairwiseVerletLists,1.000000,vlp_sliced_c02,none,SoA,disabled,999781597,45481093,45515873,45508232,46329220,45806206,45623504,45386199,44799560,42942818,140717430,140717430,10
2025-10-02 15:23:18,116089,pairwise,PairwiseVerletLists,1.000000,vlp_sliced_c02,none,SoA,enabled,628893385,30818635,29556286,29160844,30240135,30267972,30109423,29976391,30181902,30042182,89924714,89924714,10
2025-10-02 15:23:19,116099,pairwise,PairwiseVerletLists,1.000000,vlp_c08,none,AoS,disabled,72951233,15456989,15406455,15382166,15369208,15358478,15357269,15350474,15362061,15343547,21133787,21133787,10
2025-10-02 15:23:19,116109,pairwise,PairwiseVerletLists,1.000000,vlp_c08,none,AoS,enabled,94036752,8661574,8609076,8592766,8589073,8583409,8592372,8574163,8589350,8582164,17141069,17141069,10
2025-10-02 15:23:20,116119,pairwise,PairwiseVerletLists,1.000000,vlp_c08,none,SoA,disabled,980739144,25563873,25610446,25572375,25595630,25592597,25626004,25417183,24864954,24916695,120949889,120949889,10
2025-10-02 15:23:21,116129,pairwise,PairwiseVerletLists,1.000000,vlp_c08,none,SoA,enabled,619187900,19062425,18774876,18486810,18470856,18489813,18486221,18487931,18463507,18503711,78641404,78641404,10
2025-10-02 15:26:38,120009,pairwise,LinkedCells,1.000000,lc_c01,none,AoS,disabled,20173322,19944323,19940839,19945938,19941440,19942214,19931364,19943583,19921784,19928252,19961305,19961305,10
2025-10-02 15:26:38,120019,pairwise,LinkedCells,1.000000,lc_c01,none,SoA,disabled,16493636,13812499,13808933,13811620,13811554,13813400,13829738,13808550,13817781,13815532,14082323,14082323,10
2025-10-02 15:26:38,120029,pairwise,LinkedCells,1.000000,lc_c01_combined_SoA,none,SoA,disabled,11993643,11813960,11821689,11798907,11817376,11828482,11810731,11786246,11760677,11789926,11822163,11822163,10
2025-10-02 15:26:38,120039,pairwise,LinkedCells,1.000000,lc_c04,none,AoS,disabled,13473245,13425135,13378512,13416411,13370950,13401221,13518921,13408828,13434987,13421249,13424945,13424945,10
2025-10-02 15:26:38,120049,pairwise,LinkedCells,1.000000,lc_c04,none,AoS,enabled,9929617,9869550,9916312,9890136,9888470,9896590,9914443,9864174,9928406,9909215,9900691,9900691,10
2025-10-02 15:26:39,120059,pairwise,LinkedCells,1.000000,lc_c04,none,SoA,disabled,12606277,12581889,12603236,12559571,12569527,12561512,12607000,12560442,12549373,12544358,12574318,12574318,10
2025-10-02 15:26:39,120069,pairwise,LinkedCells,1.000000,lc_c04,none,SoA,enabled,8822839,8850765,8827063,8812319,8817232,8808266,8815175,8834380,8812931,8813424,8821438,8821438,10
2025-10-02 15:26:39,120079,pairwise,LinkedCells,1.000000,lc_c04_HCP,none,AoS,disabled,13052242,13010613,13001653,12996071,13005984,13007311,13011729,13031409,13027190,13016221,13016042,13016042,10
2025-10-02 15:26:39,120089,pairwise,LinkedCells,1.000000,lc_c04_HCP,none,AoS,enabled,9829730,9814363,9813223,9813867,9810858,9797151,9817037,9828302,9800117,9807676,9813232,9813232,10
2025-10-02 15:26:39,120099,pairwise,LinkedCells,1.000000,lc_c04_HCP,none,SoA,disabled,12957356,12948566,12924934,12919337,12913346,12892494,12882134,12889915,12888698,12878040,12909481,12909481,10
2025-10-02 15:26:39,120109,pairwise,LinkedCells,1.000000,lc_c04_HCP,none,SoA,enabled,9541046,9528386,9514458,9503172,9490381,9501548,9482141,9496963,9499155,9483309,9504055,9504055,10
2025-10-02 15:26:39,120119,pairwise,LinkedCells,1.000000,lc_c04_combined_SoA,none,SoA,disabled,13623417,13605628,13622969,13569373,13579332,13606269,13589641,13593908,13545667,13572794,13590899,13590899,10
2025-10-02 15:26:39,120129,pairwise,LinkedCells,1.000000,lc_c04_combined_SoA,none,SoA,enabled,11376208,11289464,11293898,11310500,11287889,11299397,11280262,11287687,11256668,11260446,11294241,11294241,10
2025-10-02 15:26:40,120139,pairwise,LinkedCells,1.000000,lc_c08,none,AoS,disabled,13731396,13633611,13636877,13641432,13642213,13632255,13636977,13644721,13628603,13642026,13647011,13647011,10
2025-10-02 15:26:40,120149,pairwise,LinkedCells,1.000000,lc_c08,none,AoS,enabled,10486082,10463035,10475131,10445640,10460569,10468441,10456963,10460298,10459413,10461788,10463735,10463735,10
2025-10-02 15:26:40,120159,pairwise,LinkedCells,1.000000,lc_c08,none,SoA,disabled,15891198,15826004,15796208,15766649,15783800,15770412,15760310,15770967,15756508,15756105,15787815,15787815,10
2025-10-02 15:26:40,120169,pairwise,LinkedCells,1.000000,lc_c08,none,SoA,enabled,12632187,12598661,12568333,12575164,12545262,12556328,12541427,12529615,12558871,12541918,12564776,12564776,10
2025-10-02 15:26:40,120179,pairwise,LinkedCells,1.000000,lc_c18,none,AoS,disabled,13789919,13748502,13740040,13743186,13727384,13754096,13755970,13753243,13753425,13756013,13752177,13752177,10
2025-10-02 15:26:40,120189,pairwise,LinkedCells,1.000000,lc_c18,none,AoS,enabled,10538849,10533493,10515784,10528906,10531587,10894666,10518443,10525037,10529199,10509376,10562533,10562533,10
2025-10-02 15:26:40,120199,pairwise,LinkedCells,1.000000,lc_c18,none,SoA,disabled,17247713,17133186,17170566,17165888,17178056,17175631,17173547,17151583,17172215,17142472,17171085,17171085,10
2025-10-02 15:26:41,120209,pairwise,LinkedCells,1.000000,lc_c18,none,SoA,enabled,12470544,12399986,12416695,12432990,12433813,12415529,12408347,12438452,12406723,12405284,12422835,12422835,10
2025-10-02 15:26:41,120219,pairwise,LinkedCells,1.000000,lc_sliced,none,AoS,disabled,21922431,21925990,22008496,22155580,22066238,21853575,20884792,22025873,22071017,22065352,21897933,21897933,10
2025-10-02 15:26:41,120229,pairwise,LinkedCells,1.000000,lc_sliced,none,AoS,enabled,15769531,16123658,15983306,15990690,16240116,16206308,16178564,15993449,16154205,16092269,16073209,16073209,10
2025-10-02 15:26:41,120239,pairwise,LinkedCells,1.000000,lc_sliced,none,SoA,disabled,17645980,17625843,17518817,17560748,17557395,17597630,17661317,17621317,17505969,17550906,17584591,17584591,10
2025-10-02 15:26:41,120249,pairwise,LinkedCells,1.000000,lc_sliced,none,SoA,enabled,10596107,10520659,10680284,10650395,10592257,10639576,10616454,10586755,10630071,10599669,10611222,10611222,10
2025-10-02 15:26:41,120259,pairwise,LinkedCells,1.000000,lc_sliced_balanced,none,AoS,disabled,22130551,22062489,22041421,22043090,22028934,22055905,22024677,22048200,22029459,22033822,22049854,22049854,10
2025-10-02 15:26:42,120269,pairwise,LinkedCells,1.000000,lc_sliced_balanced,none,AoS,enabled,16124258,16127237,16105556,16125640,16097702,16149289,16125507,16105358,16119026,16097195,16117676,16117676,10
2025-10-02 15:26:42,120279,pairwise,LinkedCells,1.000000,lc_sliced_balanced,none,SoA,disabled,17663775,17651682,17640059,17629291,17663355,17600137,17612352,17624552,17623258,17650698,17635915,17635915,10
2025-10-02 15:26:42,120289,pairwise,LinkedCells,1.000000,lc_sliced_balanced,none,SoA,enabled,10665758,10662449,10664709,10666398,10688072,10682476,10671618,10704048,10691393,10648490,10674541,10674541,10
2025-10-02 15:26:42,120299,pairwise,LinkedCells,1.000000,lc_sliced_balanced,squared-particles-per-cell,AoS,disabled,22343118,22123447,22100189,22125564,22099192,22092938,22096168,22113426,22144264,22098836,22133714,22133714,10
2025-10-02 15:26:42,120309,pairwise,LinkedCells,1.000000,lc_sliced_balanced,squared-particles-per-cell,AoS,enabled,16288106,16222527,16210878,16227505,16218291,16224799,16214265,16206490,16179897,16202102,16219485,16219485,10
2025-10-02 15:26:43,120319,pairwise,LinkedCells,1.000000,lc_sliced_balanced,squared-particles-per-cell,SoA,disabled,20531803,17719820,17705164,17663135,17663928,17697241,17656509,17686003,17677800,17689748,17969115,17969115,10
2025-10-02 15:26:43,120329,pairwise,LinkedCells,1.000000,lc_sliced_balanced,squared-particles-per-cell,SoA,enabled,10973828,10758897,10781379,10785436,10743985,10731877,10745633,10784790,10776677,10783629,10786612,10786612,10
2025-10-02 15:26:43,120339,pairwise,LinkedCells,1.000000,lc_sliced_c02,none,AoS,disabled,22078888,22085763,21873490,21510181,21962296,22062733,22049229,21473228,21805913,21862125,21876384,21876384,10
2025-10-02 15:26:43,120349,pairwise,LinkedCells,1.000000,lc_sliced_c02,none,AoS,enabled,15955348,15676719,16020649,15960907,15922514,15977799,15986085,15815587,15960434,15945878,15922192,15922192,10
2025-10-02 15:26:43,120359,pairwise,LinkedCells,1.000000,lc_sliced_c02,none,SoA,disabled,20274311,17672391,17637706,17490641,17553483,17575328,17564640,17332027,17531456,17617744,17824972,17824972,10
2025-10-02 15:26:43,120369,pairwise,LinkedCells,1.000000,lc_sliced_c02,none,SoA,enabled,10811778,10764229,10642146,10717456,10491556,10672201,10642032,10570270,10633864,10480781,10642631,10642631,10
2025-10-02 15:26:44,120379,pairwise,VerletClusterLists,1.000000,vcl_c01_balanced,none,AoS,disabled,92605936,26530753,26491148,26530500,26510163,26531332,26467492,26475965,26519087,26633049,33129542,33129542,10
2025-10-02 15:26:44,120389,pairwise,VerletClusterLists,1.000000,vcl_c01_balanced,none,SoA,disabled,54207406,9593341,9571946,9564785,9552763,9522296,9534527,9553825,9541430,9558918,14020123,14020123,10
2025-10-02 15:26:44,120399,pairwise,VerletClusterLists,1.000000,vcl_c06,none,AoS,disabled,74538765,30839278,30436523,30738803,30950285,30647557,30440296,30335886,30273693,31118011,35031909,35031909,10
2025-10-02 15:26:45,120409,pairwise,VerletClusterLists,1.000000,vcl_c06,none,AoS,enabled,43268902,15673460,15725673,15584142,15832460,15631850,15589824,15717393,15665547,15674298,18436354,18436354,10
2025-10-02 15:26:45,120419,pairwise,VerletClusterLists,1.000000,vcl_c06,none,SoA,disabled,55468416,10916065,10833594,11040761,10875358,10769592,10986410,10941126,10889739,10971238,15369229,15369229,10
2025-10-02 15:26:45,120429,pairwise,VerletClusterLists,1.000000,vcl_c06,none,SoA,enabled,34193743,6310103,6372497,6401904,6300418,6310183,6358892,6310133,6371430,6314934,9124423,9124423,10
2025-10-02 15:26:46,120439,pairwise,VerletClusterLists,1.000000,vcl_sliced,none,AoS,disabled,100921130,67708685,67634745,67651642,60472303,58701649,57204027,67615612,58708898,58860012,66547870,66547870,10
2025-10-02 15:26:46,120449,pairwise,VerletClusterLists,1.000000,vcl_sliced,none,AoS,enabled,62072630,34517364,34456098,30412421,30470186,34433210,30355959,34440432,30505052,34534905,35619825,35619825,10
2025-10-02 15:26:46,120459,pairwise,VerletClusterLists,1.000000,vcl_sliced,none,SoA,disabled,62621431,17937452,16623447,16992629,17933571,17087605,19412806,18577493,17878965,19363243,22442864,22442864,10
2025-10-02 15:26:46,120469,pairwise,VerletClusterLists,1.000000,vcl_sliced,none,SoA,enabled,38105391,10948333,10134448,10893061,10114507,10903719,10144185,10878764,10831242,10076588,13303023,13303023,10
2025-10-02 15:26:47,120479,pairwise,VerletClusterLists,1.000000,vcl_sliced_balanced,none,AoS,disabled,103704119,58879150,58998929,59033662,59028747,59089685,59063692,59063041,59019504,58996064,63487658,63487658,10
2025-10-02 15:26:47,120489,pairwise,VerletClusterLists,1.000000,vcl_sliced_balanced,none,AoS,enabled,58370488,30681459,30663054,30654208,30663443,30627988,30695503,30585892,30710041,30656653,33430872,33430872,10
2025-10-02 15:26:48,120499,pairwise,VerletClusterLists,1.000000,vcl_sliced_balanced,none,SoA,disabled,62635614,18010486,17890590,17945311,17982029,17947404,17941651,17945498,17945935,17896420,22414093,22414093,10
2025-10-02 15:26:48,120509,pairwise,VerletClusterLists,1.000000,vcl_sliced_balanced,none,SoA,enabled,38146220,10193646,10064865,10143125,10135518,10072535,10191220,10190516,10168601,10189324,12949556,12949556,10
2025-10-02 15:26:49,120519,pairwise,VerletClusterLists,1.000000,vcl_sliced_balanced,neighbor-list-length,AoS,disabled,120746211,59094324,59021263,58984393,59086667,58999255,59089230,58992368,58976391,59113603,65210370,65210370,10
2025-10-02 15:26:49,120529,pairwise,VerletClusterLists,1.000000,vcl_sliced_balanced,neighbor-list-length,AoS,enabled,57704290,30668727,30641287,30682295,30661156,30656383,30667577,30657913,30666393,30651773,33365779,33365779,10
2025-10-02 15:26:49,120539,pairwise,VerletClusterLists,1.000000,vcl_sliced_balanced,neighbor-list-length,SoA,disabled,62328523,17912224,17901876,17902313,17898185,17847298,17953113,17910809,17907561,17868536,22343043,22343043,10
2025-10-02 15:26:49,120549,pairwise,VerletClusterLists,1.000000,vcl_sliced_balanced,neighbor-list-length,SoA,enabled,37897011,10105871,10100561,10098696,10127940,10137007,10067755,10104457,10116631,10076098,12883202,12883202,10
2025-10-02 15:26:50,120559,pairwise,VerletClusterLists,1.000000,vcl_sliced_c02,none,AoS,disabled,141028182,79920448,72165738,79883146,78239895,69227933,75258041,72183963,73167501,73903623,81497846,81497846,10
2025-10-02 15:26:51,120569,pairwise,VerletClusterLists,1.000000,vcl_sliced_c02,none,AoS,enabled,68234505,39184906,40499861,37969629,40487440,40436220,37083072,41057904,37557164,37887694,42039839,42039839,10
2025-10-02 15:26:51,120579,pairwise,VerletClusterLists,1.000000,vcl_sliced_c02,none,SoA,disabled,68721130,20799700,22540580,22616374,22522204,22859117,22523140,22518983,22552281,22540810,27019431,27019431,10
2025-10-02 15:26:51,120589,pairwise,VerletClusterLists,1.000000,vcl_sliced_c02,none,SoA,enabled,39996434,12677686,13393240,12956555,13519712,12545948,12897257,13191028,13382824,12906600,15746727,15746727,10
2025-10-02 15:26:51,120599,pairwise,VerletLists,1.000000,vl_list_iteration,none,AoS,disabled,62769659,11124072,11111947,11105996,11105325,11094599,11100678,11104663,11092847,11100926,16271070,16271070,10
2025-10-02 15:26:52,120609,pairwise,VerletLists,1.000000,vl_list_iteration,none,SoA,disabled,229489813,12222753,12157953,12194443,12159379,12184904,12164383,12186864,12167540,12163266,33909129,33909129,10
2025-10-02 15:26:52,120619,pairwise,VerletListsCells,1.000000,vlc_c01,none,AoS,disabled,64241415,8230769,8230628,8232521,8227470,8238042,8241348,8222504,8245109,8229599,13833940,13833940,10
2025-10-02 15:26:52,120629,pairwise,VerletListsCells,1.000000,vlc_c01,none,SoA,disabled,225849040,12705028,12639690,12631775,12651055,12649901,12599718,12625361,12626414,12619166,33959714,33959714,10
2025-10-02 15:26:52,120639,pairwise,VerletListsCells,1.000000,vlc_c18,none,AoS,disabled,49396897,8108330,8097287,8095119,8092182,8090893,8096033,8094849,8091182,8102854,12226562,12226562,10
2025-10-02 15:26:52,120649,pairwise,VerletListsCells,1.000000,vlc_c18,none,AoS,enabled,36250609,5064916,5022972,5019822,5022714,5014038,5007545,5022770,5019781,5007432,8145259,8145259,10
2025-10-02 15:26:53,120659,pairwise,VerletListsCells,1.000000,vlc_c18,none,SoA,disabled,342237672,16086173,16083747,16054932,16115968,16063924,16086981,16090092,16086940,16066622,48697304,48697304,10
2025-10-02 15:26:53,120669,pairwise,VerletListsCells,1.000000,vlc_c18,none,SoA,enabled,221164621,13148431,13174894,13211115,13216830,13222379,12487626,12448381,12435918,12432094,33694228,33694228,10
2025-10-02 15:26:53,120679,pairwise,VerletListsCells,1.000000,vlc_c08,none,AoS,disabled,44149096,7942572,7917945,7905380,7913701,7922837,7924268,7918102,7909268,7916107,11541926,11541926,10
2025-10-02 15:26:54,120689,pairwise,VerletListsCells,1.000000,vlc_c08,none,AoS,enabled,39632855,5322935,5297346,5304658,5305825,5308599,5302410,5293704,5296457,5290948,8735573,8735573,10
2025-10-02 15:26:54,120699,pairwise,VerletListsCells,1.000000,vlc_c08,none,SoA,disabled,318091280,15432691,15374012,15420484,15399769,15415169,15436339,15410581,15407962,15441033,45682931,45682931,10
2025-10-02 15:26:54,120709,pairwise,VerletListsCells,1.000000,vlc_c08,none,SoA,enabled,240589944,13879779,13869342,13876983,13886806,13872686,13871324,13861106,13867421,13822434,36539782,36539782,10
2025-10-02 15:26:55,120719,pairwise,VerletListsCells,1.000000,vlc_sliced,none,AoS,disabled,60840231,17835965,17884963,17792762,17849744,17323312,17571985,17887125,17898361,17878931,22076337,22076337,10
2025-10-02 15:26:55,120729,pairwise,VerletListsCells,1.000000,vlc_sliced,none,AoS,enabled,40926243,8672958,8603581,8489781,8566126,8514106,8558868,8593305,8572791,8551653,11804941,11804941,10
2025-10-02 15:26:55,120739,pairwise,VerletListsCells,1.000000,vlc_sliced,none,SoA,disabled,364564429,25048640,25066012,24942286,24979055,24944365,24929847,24963066,25069451,24900982,58940812,58940812,10
2025-10-02 15:26:56,120749,pairwise,VerletListsCells,1.000000,vlc_sliced,none,SoA,enabled,216723703,15901024,15879165,15897415,15890714,15937904,14747135,14609609,14966214,15132514,35568539,35568539,10
2025-10-02 15:26:56,120759,pairwise,VerletListsCells,1.000000,vlc_sliced_balanced,none,AoS,disabled,58728521,17380117,17333897,17351781,17371050,17384177,17369829,17359345,17330680,17353156,21496254,21496254,10
2025-10-02 15:26:56,120769,pairwise,VerletListsCells,1.000000,vlc_sliced_balanced,none,AoS,enabled,39916103,8716213,8624624,8630487,8622034,8615761,8629341,8604242,8623278,8630646,11761272,11761272,10
2025-10-02 15:26:57,120779,pairwise,VerletListsCells,1.000000,vlc_sliced_balanced,none,SoA,disabled,356903743,25011320,24898003,24939324,24953120,25023680,24946567,24937496,24867439,24964944,58144563,58144563,10
2025-10-02 15:26:57,120789,pairwise,VerletListsCells,1.000000,vlc_sliced_balanced,none,SoA,enabled,226834663,15838908,15805387,15803236,15880292,15848774,14999660,15010091,15008435,15015433,36604487,36604487,10
2025-10-02 15:26:57,120799,pairwise,VerletListsCells,1.000000,vlc_sliced_balanced,squared-particles-per-cell,AoS,disabled,58526564,16795376,16710963,16691143,16789195,16743749,16702335,16733519,16692149,16691646,20907663,20907663,10
2025-10-02 15:26:57,120809,pairwise,VerletListsCells,1.000000,vlc_sliced_balanced,squared-particles-per-cell,AoS,enabled,40271986,9011314,8943488,8934612,8925029,8910125,8935002,8898437,8891610,8893101,12061469,12061469,10
2025-10-02 15:26:58,120819,pairwise,VerletListsCells,1.000000,vlc_sliced_balanced,squared-particles-per-cell,SoA,disabled,340865677,24890374,24922819,24857639,24929571,24860528,24817549,24872682,24832685,24929956,56477947,56477947,10
2025-10-02 15:26:58,120829,pairwise,VerletListsCells,1.000000,vlc_sliced_balanced,squared-particles-per-cell,SoA,enabled,228997402,15737141,15756266,15898588,15786087,15812757,14993224,14947492,14960118,14928509,36781757,36781757,10
2025-10-02 15:26:59,120839,pairwise,VerletListsCells,1.000000,vlc_sliced_balanced,neighbor-list-length,AoS,disabled,59799355,17481989,17452392,17455941,17473356,17442337,17435596,17473203,17479542,17479610,21697332,21697332,10
2025-10-02 15:26:59,120849,pairwise,VerletListsCells,1.000000,vlc_sliced_balanced,neighbor-list-length,AoS,enabled,40193598,9112780,9050032,9063789,9022466,9021568,9026469,9029821,9030740,9010570,12156183,12156183,10
2025-10-02 15:26:59,120859,pairwise,VerletListsCells,1.000000,vlc_sliced_balanced,neighbor-list-length,SoA,disabled,342391549,25754991,25764753,25750258,25606120,25745300,25737912,25730259,25734653,25709953,57392574,57392574,10
2025-10-02 15:27:00,120869,pairwise,VerletListsCells,1.000000,vlc_sliced_balanced,neighbor-list-length,SoA,enabled,232572884,16185671,16175891,16246140,16297010,16218370,15480600,15368321,15418318,15413716,37537691,37537691,10
2025-10-02 15:27:00,120879,pairwise,VerletListsCells,1.000000,vlc_sliced_c02,none,AoS,disabled,64205515,21691189,21609560,21604792,22004327,20730552,20751120,21918479,21923522,21968264,25840731,25840731,10
2025-10-02 15:27:00,120889,pairwise,VerletListsCells,1.000000,vlc_sliced_c02,none,AoS,enabled,42731689,11600366,11644300,11570770,11073288,11622997,11588835,11494095,11380182,11204716,14591123,14591123,10
2025-10-02 15:27:01,120899,pairwise,VerletListsCells,1.000000,vlc_sliced_c02,none,SoA,disabled,347549718,30641225,29863884,30457410,30718461,30466039,30460542,30424501,29187938,28407532,61817724,61817724,10
2025-10-02 15:27:01,120909,pairwise,VerletListsCells,1.000000,vlc_sliced_c02,none,SoA,enabled,232789251,18381770,18417707,18477735,18143275,18425211,18514791,17730886,17766431,17871369,39651842,39651842,10
2025-10-02 15:27:02,120919,pairwise,PairwiseVerletLists,1.000000,vlp_c01,none,AoS,disabled,70462486,10574012,10568290,10578259,10568089,10575544,10561202,10569033,10566208,10559884,16558300,16558300,10
2025-10-02 15:27:03,120929,pairwise,PairwiseVerletLists,1.000000,vlp_c01,none,SoA,disabled,810697916,22850156,22838924,22837266,22853315,22832292,22834356,22835506,22816633,22810491,101620685,101620685,10
2025-10-02 15:27:03,120939,pairwise,PairwiseVerletLists,1.000000,vlp_c18,none,AoS,disabled,67728367,11387646,11366220,11382801,11371806,11375869,11364400,11370297,11382405,11367216,17009702,17009702,10
2025-10-02 15:27:03,120949,pairwise,PairwiseVerletLists,1.000000,vlp_c18,none,AoS,enabled,82175494,7201198,7181603,7166673,7172113,7162020,7164495,7174989,7162604,7171635,14673281,14673281,10
2025-10-02 15:27:04,120959,pairwise,PairwiseVerletLists,1.000000,vlp_c18,none,SoA,disabled,1072663982,21290001,21298114,21306048,21308207,21309637,21318441,21287387,21301716,21280581,126436410,126436410,10
2025-10-02 15:27:05,120969,pairwise,PairwiseVerletLists,1.000000,vlp_c18,none,SoA,enabled,628163074,16535042,16508599,16535488,16543893,16510125,16508938,16504602,16496961,16557343,77686406,77686406,10
2025-10-02 15:27:05,120979,pairwise,PairwiseVerletLists,1.000000,vlp_sliced,none,AoS,disabled,82959162,25632974,25622843,25810383,25571373,25736663,25675453,25620947,24199903,23846944,31067664,31067664,10
2025-10-02 15:27:06,120989,pairwise,PairwiseVerletLists,1.000000,vlp_sliced,none,AoS,enabled,96575869,11746292,11749191,11740734,11707466,11698927,11684536,11758010,11691125,11715858,20206800,20206800,10
2025-10-02 15:27:07,120999,pairwise,PairwiseVerletLists,1.000000,vlp_sliced,none,SoA,disabled,1027422120,37868569,37622875,37248135,37168021,36707592,36956673,36838728,36899019,36979974,136171170,136171170,10
2025-10-02 15:27:08,121009,pairwise,PairwiseVerletLists,1.000000,vlp_sliced,none,SoA,enabled,642589297,25269198,25153787,25087020,25017650,23958535,25238447,25261492,25345125,25274791,86819533,86819533,10
2025-10-02 15:27:08,121019,pairwise,PairwiseVerletLists,1.000000,vlp_sliced_balanced,none,AoS,disabled,83352818,25822819,25818587,25779724,25831790,25828820,25797474,25783546,25756665,25825198,31559744,31559744,10
2025-10-02 15:27:08,121029,pairwise,PairwiseVerletLists,1.000000,vlp_sliced_balanced,none,AoS,enabled,97115217,11804095,11767880,11774389,11761143,11799627,11711152,11710837,11735011,11758141,20293748,20293748,10
2025-10-02 15:27:10,121039,pairwise,PairwiseVerletLists,1.000000,vlp_sliced_balanced,none,SoA,disabled,1032065072,37960068,37988238,37555871,37207314,37176535,37215581,37194249,37272410,37217060,136885239,136885239,10
2025-10-02 15:27:11,121049,pairwise,PairwiseVerletLists,1.000000,vlp_sliced_balanced,none,SoA,enabled,645753090,25372807,25354820,25340393,25283111,25276155,25283523,25273393,25290067,25289626,87351698,87351698,10
2025-10-02 15:27:11,121059,pairwise,PairwiseVerletLists,1.000000,vlp_sliced_c02,none,AoS,disabled,91122003,33557660,33855369,33731083,31572617,33996063,33143769,33661236,33828737,33987703,39245623,39245623,10
2025-10-02 15:27:11,121069,pairwise,PairwiseVerletLists,1.000000,vlp_sliced_c02,none,AoS,enabled,99848383,15357189,15151727,15218475,15287070,14886368,15248205,15185832,15202037,15193034,23657831,23657831,10
2025-10-02 15:27:13,121079,pairwise,PairwiseVerletLists,1.000000,vlp_sliced_c02,none,SoA,disabled,1036331122,46674061,46903310,45791051,45458504,46267667,44286924,46216177,45773989,46073667,144977647,144977647,10
2025-10-02 15:27:14,121089,pairwise,PairwiseVerletLists,1.000000,vlp_sliced_c02,none,SoA,enabled,651657369,30934867,31197489,30045678,31314053,31087959,30195298,30071379,30969493,31206821,92868040,92868040,10
2025-10-02 15:27:14,121099,pairwise,PairwiseVerletLists,1.000000,vlp_c08,none,AoS,disabled,73019171,15563558,15511202,15488215,15489247,15463752,15473521,15477708,15475613,15472463,21243444,21243444,10
2025-10-02 15:27:14,121109,pairwise,PairwiseVerletLists,1.000000,vlp_c08,none,AoS,enabled,93895258,8748763,8692586,8668258,8680316,8666633,8683050,8665545,8664643,8671732,17203677,17203677,10
2025-10-02 15:27:15,121119,pairwise,PairwiseVerletLists,1.000000,vlp_c08,none,SoA,disabled,1021367622,25659798,25653270,25208086,24900383,24894437,24904663,24900936,24909933,24918257,124731738,124731738,10
2025-10-02 15:27:16,121129,pairwise,PairwiseVerletLists,1.000000,vlp_c08,none,SoA,enabled,636500221,18658325,18662500,18604658,18626903,18594633,18620099,18634227,18607167,18633875,80414260,80414260,10
2025-10-02 15:30:19,125009,pairwise,LinkedCells,1.000000,lc_c01,none,AoS,disabled,20223513,20036406,20025983,20024216,20021616,20024880,20012106,20019635,20017599,20017522,20042347,20042347,10
2025-10-02 15:30:19,125019,pairwise,LinkedCells,1.000000,lc_c01,none,SoA,disabled,16456519,13820768,13810849,13795873,13817757,13805522,13831262,13825740,13799985,13792733,14075700,14075700,10
2025-10-02 15:30:19,125029,pairwise,LinkedCells,1.000000,lc_c01_combined_SoA,none,SoA,disabled,12028284,11815917,11793731,11774387,11784031,11780655,11785941,11776660,11770698,11779810,11809010,11809010,10
2025-10-02 15:30:19,125039,pairwise,LinkedCells,1.000000,lc_c04,none,AoS,disabled,13812671,13803109,13693912,13739330,13700486,13800747,13704721,13814422,13770408,13785470,13762527,13762527,10
2025-10-02 15:30:19,125049,pairwise,LinkedCells,1.000000,lc_c04,none,AoS,enabled,10147662,10143286,10147999,10125210,10156286,10192556,10135966,10148297,10190501,10146300,10153405,10153405,10
2025-10-02 15:30:19,125059,pairwise,LinkedCells,1.000000,lc_c04,none,SoA,disabled,12765445,12779988,12770975,12741246,12712969,12757038,12736315,12740147,12792994,12726479,12752359,12752359,10
2025-10-02 15:30:19,125069,pairwise,LinkedCells,1.000000,lc_c04,none,SoA,enabled,8917028,8932737,8935168,8922365,8936511,8912973,8917016,8916251,8941691,8920316,8925205,8925205,10
2025-10-02 15:30:20,125079,pairwise,LinkedCells,1.000000,lc_c04_HCP,none,AoS,disabled,13152483,13108430,13107246,13113572,13087650,13083311,13107546,13102190,13104324,13115095,13108184,13108184,10
2025-10-02 15:30:20,125089,pairwise,LinkedCells,1.000000,lc_c04_HCP,none,AoS,enabled,9880461,9892975,9879626,9887672,9877518,9883431,9877733,9883460,9883507,9887286,9883366,9883366,10
2025-10-02 15:30:20,125099,pairwise,LinkedCells,1.000000,lc_c04_HCP,none,SoA,disabled,13008857,12979701,12951984,12927990,12899652,12906646,12928289,12909175,12907964,12901084,12932133,12932133,10
2025-10-02 15:30:20,125109,pairwise,LinkedCells,1.000000,lc_c04_HCP,none,SoA,enabled,9553195,9538097,9508301,9533698,9529405,9522644,9532703,9502647,9544767,9515363,9528081,9528081,10
2025-10-02 15:30:20,125119,pairwise,LinkedCells,1.000000,lc_c04_combined_SoA,none,SoA,disabled,13637330,13644531,13627703,13578477,13589630,13547016,13574018,13583727,13594987,13562113,13593952,13593952,10
2025-10-02 15:30:20,125129,pairwise,LinkedCells,1.000000,lc_c04_combined_SoA,none,SoA,enabled,11348298,11312944,11309891,11311278,11298523,11293070,11291584,11278325,11304268,11284228,11303240,11303240,10
2025-10-02 15:30:20,125139,pairwise,LinkedCells,1.000000,lc_c08,none,AoS,disabled,13885697,13778810,13764269,13765668,13759425,13756996,13761959,13753248,13758518,13757909,13774249,13774249,10
2025-10-02 15:30:20,125149,pairwise,LinkedCells,1.000000,lc_c08,none,AoS,enabled,10590879,10571113,10565205,10560589,10568587,10572687,10571418,10567874,10562707,10571275,10570233,10570233,10
2025-10-02 15:30:21,125159,pairwise,LinkedCells,1.000000,lc_c08,none,SoA,disabled,16023729,15910780,15882761,15858876,15854121,15852538,15857940,15825166,15843622,15849889,15875941,15875941,10
2025-10-02 15:30:21,125169,pairwise,LinkedCells,1.000000,lc_c08,none,SoA,enabled,12787282,12707747,12705586,12687672,12696939,12694430,12704601,12684700,12689907,12673282,12703213,12703213,10
2025-10-02 15:30:21,125179,pairwise,LinkedCells,1.000000,lc_c18,none,AoS,disabled,13904371,13840084,13836015,13836097,13830613,13836932,13853730,13855133,13858991,13847110,13849907,13849907,10
2025-10-02 15:30:21,125189,pairwise,LinkedCells,1.000000,lc_c18,none,AoS,enabled,10609353,10602842,10597234,10604033,10602009,10609006,10595229,10593619,10600796,10595217,10600933,10600933,10
2025-10-02 15:30:21,125199,pairwise,LinkedCells,1.000000,lc_c18,none,SoA,disabled,17307926,17227475,17213511,17239413,17215935,17270514,17247545,17219829,17220899,17243402,17240644,17240644,10
2025-10-02 15:30:21,125209,pairwise,LinkedCells,1.000000,lc_c18,none,SoA,enabled,12722497,12701617,12698725,12687281,12694345,12696937,12664412,12701293,12677728,12688437,12693327,12693327,10
2025-10-02 15:30:22,125219,pairwise,LinkedCells,1.000000,lc_sliced,none,AoS,disabled,23665223,23558621,23662238,23629161,23531647,23480678,23656619,23644251,23614565,23506663,23594966,23594966,10
2025-10-02 15:30:22,125229,pairwise,LinkedCells,1.000000,lc_sliced,none,AoS,enabled,17232585,17136390,17376811,17199243,17364371,17114849,17140943,17205672,17243918,17325404,17234017,17234017,10
2025-10-02 15:30:22,125239,pairwise,LinkedCells,1.000000,lc_sliced,none,SoA,disabled,18534125,17812149,18493791,18459249,18421662,18437595,18426600,18459321,18390150,18420022,18385465,18385465,10
2025-10-02 15:30:22,125249,pairwise,LinkedCells,1.000000,lc_sliced,none,SoA,enabled,11111113,11046044,11033237,11027546,10645111,10866668,11045795,11090193,11032162,11098277,10999613,10999613,10
2025-10-02 15:30:22,125259,pairwise,LinkedCells,1.000000,lc_sliced_balanced,none,AoS,disabled,23718388,23612622,23641587,23607408,23564683,23608464,23605363,23647233,23585242,23594213,23618519,23618519,10
2025-10-02 15:30:22,125269,pairwise,LinkedCells,1.000000,lc_sliced_balanced,none,AoS,enabled,17283724,17253980,17275156,17247097,17284753,17263062,17253923,17259678,17250435,17250705,17262250,17262250,10
2025-10-02 15:30:23,125279,pairwise,LinkedCells,1.000000,lc_sliced_balanced,none,SoA,disabled,18493999,18495327,18472894,18454569,18502563,18457888,18464735,18455640,18454966,18453493,18470607,18470607,10
2025-10-02 15:30:23,125289,pairwise,LinkedCells,1.000000,lc_sliced_balanced,none,SoA,enabled,11076934,11071474,11089809,11093084,11057122,11076807,11074284,11061604,11075721,11046980,11072381,11072381,10
2025-10-02 15:30:23,125299,pairwise,LinkedCells,1.000000,lc_sliced_balanced,squared-particles-per-cell,AoS,disabled,23793587,23530592,23538167,23532162,23531807,23555519,23523163,23534485,23552047,23564549,23565607,23565607,10
2025-10-02 15:30:23,125309,pairwise,LinkedCells,1.000000,lc_sliced_balanced,squared-particles-per-cell,AoS,enabled,17313551,17250094,17246958,17207274,17262970,17208777,17213561,17207423,17186380,17195227,17229221,17229221,10
2025-10-02 15:30:23,125319,pairwise,LinkedCells,1.000000,lc_sliced_balanced,squared-particles-per-cell,SoA,disabled,21301190,18508421,18499689,18460302,18512416,18478755,18450668,18463855,18429478,18449120,18755388,18755388,10
2025-10-02 15:30:24,125329,pairwise,LinkedCells,1.000000,lc_sliced_balanced,squared-particles-per-cell,SoA,enabled,11571192,11397144,11401809,11409568,11399600,11397023,11399834,11341319,11383132,11376747,11407736,11407736,10
2025-10-02 15:30:24,125339,pairwise,LinkedCells,1.000000,lc_sliced_c02,none,AoS,disabled,23665023,23696330,23450138,22737454,23428536,23642222,23660954,23644065,23336133,23355303,23461615,23461615,10
2025-10-02 15:30:24,125349,pairwise,LinkedCells,1.000000,lc_sliced_c02,none,AoS,enabled,17176563,17280443,17347327,17234126,17198310,17245563,17118775,17113241,17334597,17188429,17223737,17223737,10
2025-10-02 15:30:24,125359,pairwise,LinkedCells,1.000000,lc_sliced_c02,none,SoA,disabled,21234787,18595390,18437591,18513151,18046866,18513136,18534177,18367937,18399780,18648528,18729133,18729133,10
2025-10-02 15:30:24,125369,pairwise,LinkedCells,1.000000,lc_sliced_c02,none,SoA,enabled,11322992,11047123,11056687,10999290,10967522,10971706,11061813,11086006,10885759,11102802,11050169,11050169,10
2025-10-02 15:30:25,125379,pairwise,VerletClusterLists,1.000000,vcl_c01_balanced,none,AoS,disabled,92221928,26679959,26720692,26659221,26743700,26665861,26801229,26682477,26681945,26656679,33251368,33251368,10
2025-10-02 15:30:25,125389,pairwise,VerletClusterLists,1.000000,vcl_c01_balanced,none,SoA,disabled,53446629,9550232,9503000,9506048,9477114,9486663,9496955,9499990,9496160,9487774,13895056,13895056,10
2025-10-02 15:30:25,125399,pairwise,VerletClusterLists,1.000000,vcl_c06,none,AoS,disabled,73849507,30578584,30704122,30348843,30833366,30622662,30554288,30421409,30915793,30633391,34946196,34946196,10
2025-10-02 15:30:26,125409,pairwise,VerletClusterLists,1.000000,vcl_c06,none,AoS,enabled,43059876,15550754,15430261,15763767,15762936,15658797,15715225,15673983,15906741,15603241,18412557,18412557,10
2025-10-02 15:30:26,125419,pairwise,VerletClusterLists,1.000000,vcl_c06,none,SoA,disabled,54424589,10987044,10845842,10803942,10875563,10936367,10987716,10886672,10796144,10884331,15242820,15242820,10
2025-10-02 15:30:26,125429,pairwise,VerletClusterLists,1.000000,vcl_c06,none,SoA,enabled,33944448,6243989,6235368,6264501,6311051,6313286,6223157,6189962,6322513,6312692,9036096,9036096,10
2025-10-02 15:30:27,125439,pairwise,VerletClusterLists,1.000000,vcl_sliced,none,AoS,disabled,102800736,59302978,65482306,59448009,64088782,65461045,65403559,59382944,64067916,59309791,66474806,66474806,10
2025-10-02 15:30:27,125449,pairwise,VerletClusterLists,1.000000,vcl_sliced,none,AoS,enabled,59312918,33303167,32374820,33240788,33267559,33322175,33278786,33304098,30556438,33268863,35522960,35522960,10
2025-10-02 15:30:27,125459,pairwise,VerletClusterLists,1.000000,vcl_sliced,none,SoA,disabled,61291295,17941403,18709768,17887756,18245638,18731131,18312563,17865077,18748140,17801982,22553475,22553475,10
2025-10-02 15:30:27,125469,pairwise,VerletClusterLists,1.000000,vcl_sliced,none,SoA,enabled,36991305,9968957,10151366,9877620,10456087,9881795,10442785,10111078,9989474,9955523,12782598,12782598,10
2025-10-02 15:30:28,125479,pairwise,VerletClusterLists,1.000000,vcl_sliced_balanced,none,AoS,disabled,102575470,59294447,59432481,59312360,59496112,59290539,59436029,59385406,59429277,59355736,63700785,63700785,10
2025-10-02 15:30:28,125489,pairwise,VerletClusterLists,1.000000,vcl_sliced_balanced,none,AoS,enabled,58226726,30897163,30987215,30975578,30914156,30894050,30886171,30893441,30846912,30949270,33647068,33647068,10
2025-10-02 15:30:29,125499,pairwise,VerletClusterLists,1.000000,vcl_sliced_balanced,none,SoA,disabled,61206205,17767064,17772802,17894703,17840850,17874465,17859871,17783265,17781175,17878083,22165847,22165847,10
2025-10-02 15:30:29,125509,pairwise,VerletClusterLists,1.000000,vcl_sliced_balanced,none,SoA,enabled,37590429,9871537,9864186,9865518,9854792,9855421,9853643,9852567,9967252,9854454,12642979,12642979,10
2025-10-02 15:30:29,125519,pairwise,VerletClusterLists,1.000000,vcl_sliced_balanced,neighbor-list-length,AoS,disabled,117888988,59251065,59240465,59374087,59303910,59329281,59284424,59252875,59367611,59355765,65164846,65164846,10
2025-10-02 15:30:30,125529,pairwise,VerletClusterLists,1.000000,vcl_sliced_balanced,neighbor-list-length,AoS,enabled,57672274,30960331,30863334,30893915,30978915,30928021,30880859,30889861,30962419,30961020,33599094,33599094,10
2025-10-02 15:30:30,125539,pairwise,VerletClusterLists,1.000000,vcl_sliced_balanced,neighbor-list-length,SoA,disabled,61140300,17857148,17844543,17849594,17841798,17853568,17845379,17835925,17820546,17812181,22170097,22170097,10
2025-10-02 15:30:30,125549,pairwise,VerletClusterLists,1.000000,vcl_sliced_balanced,neighbor-list-length,SoA,enabled,37518898,9941554,9931317,9926994,9947212,9954577,9941780,9941636,9930382,9942515,12697686,12697686,10
2025-10-02 15:30:31,125559,pairwise,VerletClusterLists,1.000000,vcl_sliced_c02,none,AoS,disabled,137250155,74066146,78459446,79685284,72598322,80305289,79638644,78512499,77933020,78127745,83657654,83657654,10
2025-10-02 15:30:31,125569,pairwise,VerletClusterLists,1.000000,vcl_sliced_c02,none,AoS,enabled,62890180,38728349,40261904,39691473,36054800,40071651,34514544,38278446,36136994,39517373,40614570,40614570,10
2025-10-02 15:30:32,125579,pairwise,VerletClusterLists,1.000000,vcl_sliced_c02,none,SoA,disabled,67283802,23285827,23797289,23730220,23272310,23635939,23389384,23274143,23298759,23600118,27856778,27856778,10
2025-10-02 15:30:32,125589,pairwise,VerletClusterLists,1.000000,vcl_sliced_c02,none,SoA,enabled,40334299,12818506,12859836,12991504,12962994,12959029,12903184,12831604,12837021,12963000,15646097,15646097,10
2025-10-02 15:30:32,125599,pairwise,VerletLists,1.000000,vl_list_iteration,none,AoS,disabled,64308732,11028348,11027208,11028483,11016750,11020863,11033548,11026514,11015373,11023272,16352908,16352908,10
2025-10-02 15:30:33,125609,pairwise,VerletLists,1.000000,vl_list_iteration,none,SoA,disabled,226891254,12271276,12257121,12241260,12222230,12238362,12233305,12229749,12215062,12179270,33697888,33697888,10
2025-10-02 15:30:33,125619,pairwise,VerletListsCells,1.000000,vlc_c01,none,AoS,disabled,63780744,8253556,8257352,8258148,8261925,8254577,8250130,8253772,8254535,8262611,13808734,13808734,10
2025-10-02 15:30:33,125629,pairwise,VerletListsCells,1.000000,vlc_c01,none,SoA,disabled,225315102,12684064,12645394,12687333,12651619,12666000,12679208,12633140,12672631,12677843,33931233,33931233,10
2025-10-02 15:30:33,125639,pairwise,VerletListsCells,1.000000,vlc_c18,none,AoS,disabled,48821427,8098963,8100430,8104146,8099027,8104584,8092438,8100014,8109122,8105312,12173545,12173545,10
2025-10-02 15:30:33,125649,pairwise,VerletListsCells,1.000000,vlc_c18,none,AoS,enabled,35730756,5060922,5022960,5010902,5011165,5004196,4998696,5000251,5013103,5007194,8086014,8086014,10
2025-10-02 15:30:34,125659,pairwise,VerletListsCells,1.000000,vlc_c18,none,SoA,disabled,338779882,16117015,16147766,16083198,16117757,16102593,16113291,16105290,16124904,16089838,48378152,48378152,10
2025-10-02 15:30:34,125669,pairwise,VerletListsCells,1.000000,vlc_c18,none,SoA,enabled,211127027,13212031,13230964,13264610,13268899,13282877,12481630,12457945,12506932,12442414,32727532,32727532,10
2025-10-02 15:30:34,125679,pairwise,VerletListsCells,1.000000,vlc_c08,none,AoS,disabled,43432721,7896528,7907965,7905996,7902628,7907935,7895398,7907488,7904848,7906693,11456819,11456819,10
2025-10-02 15:30:34,125689,pairwise,VerletListsCells,1.000000,vlc_c08,none,AoS,enabled,39481326,5305672,5280383,5277660,5280201,5274729,5277022,5270096,5277980,5271020,8699608,8699608,10
2025-10-02 15:30:35,125699,pairwise,VerletListsCells,1.000000,vlc_c08,none,SoA,disabled,313404168,15419471,15430429,15394738,15409430,15421611,15434981,15420594,15404707,15402626,45214275,45214275,10
2025-10-02 15:30:35,125709,pairwise,VerletListsCells,1.000000,vlc_c08,none,SoA,enabled,238961679,13897099,13900004,13905444,13874016,13887436,13861409,13866293,13839609,13868549,36386153,36386153,10
2025-10-02 15:30:35,125719,pairwise,VerletListsCells,1.000000,vlc_sliced,none,AoS,disabled,59885313,18657888,18699636,18641596,18536880,18763368,18713714,18722871,18719038,18635001,22797529,22797529,10
2025-10-02 15:30:36,125729,pairwise,VerletListsCells,1.000000,vlc_sliced,none,AoS,enabled,41044764,9171570,9127746,9120060,9124388,9159702,9153281,9126257,9075117,9073927,12317681,12317681,10
2025-10-02 15:30:36,125739,pairwise,VerletListsCells,1.000000,vlc_sliced,none,SoA,disabled,365046160,26169393,26361552,26076532,26273039,26209899,24712476,26119344,26279236,26002076,59924970,59924970,10
2025-10-02 15:30:37,125749,pairwise,VerletListsCells,1.000000,vlc_sliced,none,SoA,enabled,223090826,16369271,16505830,16434233,16433818,16517860,15728070,15647071,15094607,15614255,36743584,36743584,10
2025-10-02 15:30:37,125759,pairwise,VerletListsCells,1.000000,vlc_sliced_balanced,none,AoS,disabled,58683967,17618495,17674307,17600036,17618990,17558828,17583623,17545108,17565065,17585122,21703354,21703354,10
2025-10-02 15:30:37,125769,pairwise,VerletListsCells,1.000000,vlc_sliced_balanced,none,AoS,enabled,40015732,9256252,9218118,9184191,9175246,9171357,9177146,9168101,9171743,9191367,12272925,12272925,10
2025-10-02 15:30:38,125779,pairwise,VerletListsCells,1.000000,vlc_sliced_balanced,none,SoA,disabled,355626337,26270994,26176896,26213466,26130981,26216645,26106187,26185102,26174647,26194472,59129572,59129572,10
2025-10-02 15:30:38,125789,pairwise,VerletListsCells,1.000000,vlc_sliced_balanced,none,SoA,enabled,225539725,16377483,16354509,16322746,16388784,16397387,15574793,15531023,15539608,15547534,36957359,36957359,10
2025-10-02 15:30:38,125799,pairwise,VerletListsCells,1.000000,vlc_sliced_balanced,squared-particles-per-cell,AoS,disabled,59667412,18201996,18114178,18078933,18079608,18078850,18063253,18160478,18049049,18102201,22259595,22259595,10
2025-10-02 15:30:38,125809,pairwise,VerletListsCells,1.000000,vlc_sliced_balanced,squared-particles-per-cell,AoS,enabled,40522386,9682788,9641194,9609411,9587267,9592348,9588559,9580247,9581751,9586096,12697203,12697203,10
2025-10-02 15:30:39,125819,pairwise,VerletListsCells,1.000000,vlc_sliced_balanced,squared-particles-per-cell,SoA,disabled,337431590,26020090,26056091,26000211,26018475,26013363,25966940,25992238,26043761,25953312,57149606,57149606,10
2025-10-02 15:30:39,125829,pairwise,VerletListsCells,1.000000,vlc_sliced_balanced,squared-particles-per-cell,SoA,enabled,220179904,16192949,16239447,16290412,16411556,16274740,15516210,15434872,15425536,15488159,36345378,36345378,10
2025-10-02 15:30:40,125839,pairwise,VerletListsCells,1.000000,vlc_sliced_balanced,neighbor-list-length,AoS,disabled,60275625,18359392,18373672,18423704,18423545,18375016,18322014,18357070,18306862,18357954,22557485,22557485,10
2025-10-02 15:30:40,125849,pairwise,VerletListsCells,1.000000,vlc_sliced_balanced,neighbor-list-length,AoS,enabled,40102084,9495256,9457942,9427130,9454203,9424375,9414031,9418458,9404224,9430564,12502826,12502826,10
2025-10-02 15:30:40,125859,pairwise,VerletListsCells,1.000000,vlc_sliced_balanced,neighbor-list-length,SoA,disabled,338456284,27100524,27025238,27000086,26959617,27011107,26933532,27008052,26979990,26983749,58145817,58145817,10
2025-10-02 15:30:41,125869,pairwise,VerletListsCells,1.000000,vlc_sliced_balanced,neighbor-list-length,SoA,enabled,231152628,16786357,16768869,16838773,16817074,16820017,16051485,16016217,15981974,16018704,37925209,37925209,10
2025-10-02 15:30:41,125879,pairwise,VerletListsCells,1.000000,vlc_sliced_c02,none,AoS,disabled,64767077,22556930,22588142,22231297,22338013,22821255,22829354,22541257,22533561,22782093,26798897,26798897,10
2025-10-02 15:30:41,125889,pairwise,VerletListsCells,1.000000,vlc_sliced_c02,none,AoS,enabled,43057205,12175598,12103783,12144689,11992500,12022887,11590860,12117267,12000200,12014486,15121947,15121947,10
2025-10-02 15:30:42,125899,pairwise,VerletListsCells,1.000000,vlc_sliced_c02,none,SoA,disabled,341648915,32044909,32009198,32056462,31525895,31703515,31930845,31741252,31751727,31859589,62827230,62827230,10
2025-10-02 15:30:42,125909,pairwise,VerletListsCells,1.000000,vlc_sliced_c02,none,SoA,enabled,233499342,19209853,19057698,19000124,18588318,19104013,19268598,18306549,18236845,18283289,40255462,40255462,10
2025-10-02 15:30:43,125919,pairwise,PairwiseVerletLists,1.000000,vlp_c01,none,AoS,disabled,70876207,10687075,10677809,10675849,10671994,10670464,10680458,10671974,10680514,10670467,16696280,16696280,10
2025-10-02 15:30:44,125929,pairwise,PairwiseVerletLists,1.000000,vlp_c01,none,SoA,disabled,781116259,22912762,22893473,22868491,22871411,22873544,22880117,22867903,22883093,22891074,98705812,98705812,10
2025-10-02 15:30:44,125939,pairwise,PairwiseVerletLists,1.000000,vlp_c18,none,AoS,disabled,67608567,11353361,11363614,11356686,11351580,11357528,11356912,11365783,11346120,11340362,16980050,16980050,10
2025-10-02 15:30:44,125949,pairwise,PairwiseVerletLists,1.000000,vlp_c18,none,AoS,enabled,81072421,7189186,7166152,7171485,7179321,7159616,7159724,7170357,7164263,7159230,14559174,14559174,10
2025-10-02 15:30:45,125959,pairwise,PairwiseVerletLists,1.000000,vlp_c18,none,SoA,disabled,1030450923,21522410,21473719,21480566,21460654,21477199,21457057,21462207,21487601,21490601,122376293,122376293,10
2025-10-02 15:30:46,125969,pairwise,PairwiseVerletLists,1.000000,vlp_c18,none,SoA,enabled,617365113,16781649,16587193,16561926,16592497,16578066,16881302,16581953,16567567,16577275,76707453,76707453,10
2025-10-02 15:30:46,125979,pairwise,PairwiseVerletLists,1.000000,vlp_sliced,none,AoS,disabled,84068101,27180770,27238543,27073292,27146947,27343915,23894883,27227524,27170720,27348776,32569346,32569346,10
2025-10-02 15:30:47,125989,pairwise,PairwiseVerletLists,1.000000,vlp_sliced,none,AoS,enabled,94325770,12653344,12430214,12520158,12449510,12563714,12404951,12475091,12530262,12495063,20684807,20684807,10
2025-10-02 15:30:48,125999,pairwise,PairwiseVerletLists,1.000000,vlp_sliced,none,SoA,disabled,1001348474,40016869,40165589,40408037,40237900,39797166,39142916,39525828,39016006,39586343,135924512,135924512,10
2025-10-02 15:30:49,126009,pairwise,PairwiseVerletLists,1.000000,vlp_sliced,none,SoA,enabled,632674272,26669548,26631227,26538840,26560289,26554948,24856116,25980148,26569885,26708597,86974386,86974386,10
2025-10-02 15:30:49,126019,pairwise,PairwiseVerletLists,1.000000,vlp_sliced_balanced,none,AoS,disabled,84078414,26623297,26598131,26660679,26628865,26665614,26599759,26711267,26576910,26592971,32373590,32373590,10
2025-10-02 15:30:49,126029,pairwise,PairwiseVerletLists,1.000000,vlp_sliced_balanced,none,AoS,enabled,95078806,12587564,12555020,12548421,12532270,12519953,12545637,12508814,12526800,12544529,20794780,20794780,10
2025-10-02 15:30:51,126039,pairwise,PairwiseVerletLists,1.000000,vlp_sliced_balanced,none,SoA,disabled,1000707264,40554708,40552814,40611892,40568949,40002413,39813621,39905440,39852736,39803315,136237314,136237314,10
2025-10-02 15:30:52,126049,pairwise,PairwiseVerletLists,1.000000,vlp_sliced_balanced,none,SoA,enabled,632017888,26562644,26459538,26449246,26474542,26466758,26489745,26446430,26558206,26521167,87044615,87044615,10
2025-10-02 15:30:52,126059,pairwise,PairwiseVerletLists,1.000000,vlp_sliced_c02,none,AoS,disabled,90552535,34843998,34885659,34672038,34278629,34193800,32380287,34364055,34432060,34365176,39896823,39896823,10
2025-10-02 15:30:52,126069,pairwise,PairwiseVerletLists,1.000000,vlp_sliced_c02,none,AoS,enabled,98295424,16096725,16242821,16127392,16175526,16196149,15185153,16029199,15383140,16195913,24192744,24192744,10
2025-10-02 15:30:54,126079,pairwise,PairwiseVerletLists,1.000000,vlp_sliced_c02,none,SoA,disabled,1011472912,48833274,49084216,49238086,49436832,45262280,48454104,48408047,49084014,48901616,144817537,144817537,10
2025-10-02 15:30:55,126089,pairwise,PairwiseVerletLists,1.000000,vlp_sliced_c02,none,SoA,enabled,637096533,32321020,32094579,32380798,32069234,32029890,32368576,32207456,32538356,32295296,92740173,92740173,10
2025-10-02 15:30:55,126099,pairwise,PairwiseVerletLists,1.000000,vlp_c08,none,AoS,disabled,72885670,15468494,15408706,15382341,15372492,15377848,15355829,15359509,15357586,15365904,21133437,21133437,10
2025-10-02 15:30:55,126109,pairwise,PairwiseVerletLists,1.000000,vlp_c08,none,AoS,enabled,91415366,8784822,8706273,8695955,8694516,8687736,8687152,8675465,8692034,8674741,16971405,16971405,10
2025-10-02 15:30:56,126119,pairwise,PairwiseVerletLists,1.000000,vlp_c08,none,SoA,disabled,987042623,25729618,26129331,25885393,25769639,25247304,25014503,24996849,25038500,25037142,121589089,121589089,10
2025-10-02 15:30:57,126129,pairwise,PairwiseVerletLists,1.000000,vlp_c08,none,SoA,enabled,623893923,18863301,18642801,18646949,18658879,18653088,18680715,18682610,18621464,18662154,79200587,79200587,10
