Date,Iteration,Interaction Type,Container,CellSizeFactor,Traversal,Load Estimator,Data Layout,Newton 3,sample0,sample1,sample2,sample3,sample4,sample5,sample6,sample7,sample8,sample9,Reduced,Smoothed,Mean Rebuild Frequency
2025-10-02 14:28:04,9,pairwise,LinkedCells,1.000000,lc_c01,none,AoS,disabled,1670265,1561634,1542010,1538015,1542633,1544521,1535350,1540573,1546760,1543628,1556538,1556538,10
2025-10-02 14:28:04,19,pairwise,LinkedCells,1.000000,lc_c01,none,SoA,disabled,2693573,2528172,2503781,2508915,2567720,2490578,2531179,2479616,2521613,2481497,2530664,2530664,10
2025-10-02 14:28:04,29,pairwise,LinkedCells,1.000000,lc_c01_combined_SoA,none,SoA,disabled,2274013,2210536,2204940,2215181,2240958,2241408,2241252,2236051,2226175,2232636,2232314,2232314,10
2025-10-02 14:28:04,39,pairwise,LinkedCells,1.000000,lc_c04,none,AoS,disabled,564662,543169,536333,540068,539328,532254,539586,539028,532636,531713,539876,539876,10
2025-10-02 14:28:04,49,pairwise,LinkedCells,1.000000,lc_c04,none,AoS,enabled,534416,856232,529430,529687,526218,532735,531886,532599,529714,531766,563468,563468,10
2025-10-02 14:28:04,59,pairwise,LinkedCells,1.000000,lc_c04,none,SoA,disabled,1770737,1718789,1709815,1725685,1733403,1722498,1726364,1718594,1720342,1685550,1723177,1723177,10
2025-10-02 14:28:04,69,pairwise,LinkedCells,1.000000,lc_c04,none,SoA,enabled,1709878,1714329,1722079,1691902,1718726,1729028,1714900,1706596,1706135,1688601,1710217,1710217,10
2025-10-02 14:28:04,79,pairwise,LinkedCells,1.000000,lc_c04_HCP,none,AoS,disabled,622817,574100,575771,567521,572812,568065,568630,568568,565205,563881,574736,574736,10
2025-10-02 14:28:04,89,pairwise,LinkedCells,1.000000,lc_c04_HCP,none,AoS,enabled,564369,576842,574029,575995,573032,568850,562759,567920,563344,562374,568950,568950,10
2025-10-02 14:28:05,99,pairwise,LinkedCells,1.000000,lc_c04_HCP,none,SoA,disabled,1983971,1980917,1967069,1963238,1980543,1974192,1956486,1968906,1980860,1952585,1970876,1970876,10
2025-10-02 14:28:05,109,pairwise,LinkedCells,1.000000,lc_c04_HCP,none,SoA,enabled,1942653,1955856,1962672,1970635,1962946,1969254,1985452,1953255,1958995,1966967,1962867,1962867,10
2025-10-02 14:28:05,119,pairwise,LinkedCells,1.000000,lc_c04_combined_SoA,none,SoA,disabled,2435096,2624570,2424593,2589684,2578905,2610847,2606824,2583225,2588019,2594249,2563600,2563600,10
2025-10-02 14:28:05,129,pairwise,LinkedCells,1.000000,lc_c04_combined_SoA,none,SoA,enabled,2212227,2203362,2230490,2220047,2210975,2233019,2191981,2219617,2220780,2266320,2220881,2220881,10
2025-10-02 14:28:05,139,pairwise,LinkedCells,1.000000,lc_c08,none,AoS,disabled,1882258,1804383,1776254,1781399,1766038,1760734,1771412,1769305,1772419,1770978,1785517,1785517,10
2025-10-02 14:28:05,149,pairwise,LinkedCells,1.000000,lc_c08,none,AoS,enabled,1770474,1786898,1765316,1756762,1765891,1764095,1765377,1773735,1767578,1779290,1769541,1769541,10
2025-10-02 14:28:05,159,pairwise,LinkedCells,1.000000,lc_c08,none,SoA,disabled,2861178,2914459,2952267,2943366,2933695,2941837,2944298,2945260,2963295,2958364,2935801,2935801,10
2025-10-02 14:28:05,169,pairwise,LinkedCells,1.000000,lc_c08,none,SoA,enabled,2942388,2947793,2988081,2963662,2980380,2949505,2924637,2946049,2945326,2940939,2952875,2952875,10
2025-10-02 14:28:05,179,pairwise,LinkedCells,1.000000,lc_c18,none,AoS,disabled,1875671,1847580,1826845,1822548,1819262,1834960,1816605,1816829,1834028,1823668,1831799,1831799,10
2025-10-02 14:28:05,189,pairwise,LinkedCells,1.000000,lc_c18,none,AoS,enabled,1844776,1822356,1827910,1820782,1833455,1819315,1837503,1823373,1835746,1833632,1829884,1829884,10
2025-10-02 14:28:05,199,pairwise,LinkedCells,1.000000,lc_c18,none,SoA,disabled,2439318,2529499,2527589,2499955,2458109,2460412,2454239,2446175,2507769,2458251,2478131,2478131,10
2025-10-02 14:28:05,209,pairwise,LinkedCells,1.000000,lc_c18,none,SoA,enabled,2444357,2476831,2462449,2469852,2464144,2471729,2487040,2487497,2485180,2483567,2473264,2473264,10
2025-10-02 14:28:05,219,pairwise,LinkedCells,1.000000,lc_sliced,none,AoS,disabled,491086,748561,431057,425284,422405,425206,424870,420072,420912,419729,462917,462917,10
2025-10-02 14:28:05,229,pairwise,LinkedCells,1.000000,lc_sliced,none,AoS,enabled,476143,424989,422673,420620,418942,420149,421242,423123,426410,425750,428003,428003,10
2025-10-02 14:28:05,239,pairwise,LinkedCells,1.000000,lc_sliced,none,SoA,disabled,1950044,1843189,1703168,1629934,1716620,1633109,1638844,1629070,1743583,1703092,1719065,1719065,10
2025-10-02 14:28:05,249,pairwise,LinkedCells,1.000000,lc_sliced,none,SoA,enabled,1696803,1771734,1732666,1770551,1633737,1682475,1746778,1764648,1765859,1661103,1722634,1722634,10
2025-10-02 14:28:05,259,pairwise,LinkedCells,1.000000,lc_sliced_balanced,none,AoS,disabled,460934,453575,429703,426294,423228,424296,428591,425756,426371,422182,432092,432092,10
2025-10-02 14:28:05,269,pairwise,LinkedCells,1.000000,lc_sliced_balanced,none,AoS,enabled,421289,428691,427257,429782,426413,423565,421676,421934,428281,425295,425418,425418,10
2025-10-02 14:28:05,279,pairwise,LinkedCells,1.000000,lc_sliced_balanced,none,SoA,disabled,1879381,1596519,1645597,1624020,1631684,1609393,1639512,1615769,1567906,1614583,1642436,1642436,10
2025-10-02 14:28:05,289,pairwise,LinkedCells,1.000000,lc_sliced_balanced,none,SoA,enabled,1689399,1575105,1631985,1617298,1698926,1590928,1554559,1813409,1610068,1626657,1640833,1640833,10
2025-10-02 14:28:05,299,pairwise,LinkedCells,1.000000,lc_sliced_balanced,squared-particles-per-cell,AoS,disabled,976480,788406,742393,741015,737925,738299,736702,735070,736974,736093,766935,766935,10
2025-10-02 14:28:05,309,pairwise,LinkedCells,1.000000,lc_sliced_balanced,squared-particles-per-cell,AoS,enabled,804152,725878,736412,735834,729362,726765,727902,729780,729986,726201,737227,737227,10
2025-10-02 14:28:05,319,pairwise,LinkedCells,1.000000,lc_sliced_balanced,squared-particles-per-cell,SoA,disabled,2672903,2579029,2566782,2551290,2701798,2606579,2652821,2556110,2576954,2590602,2605486,2605486,10
2025-10-02 14:28:05,329,pairwise,LinkedCells,1.000000,lc_sliced_balanced,squared-particles-per-cell,SoA,enabled,2612979,2599547,2556422,2551874,2653502,2547550,2527085,2548078,2551055,2712852,2586094,2586094,10
2025-10-02 14:28:05,339,pairwise,LinkedCells,1.000000,lc_sliced_c02,none,AoS,disabled,591753,483367,444014,427183,426079,421256,421680,415328,414461,414499,445962,445962,10
2025-10-02 14:28:05,349,pairwise,LinkedCells,1.000000,lc_sliced_c02,none,AoS,enabled,426258,414182,414327,413659,409401,413949,416379,415978,410744,411539,414640,414640,10
2025-10-02 14:28:05,359,pairwise,LinkedCells,1.000000,lc_sliced_c02,none,SoA,disabled,1988752,1677116,1649520,1637827,1616475,1614955,1610252,1607862,1642072,1621894,1666671,1666671,10
2025-10-02 14:28:05,369,pairwise,LinkedCells,1.000000,lc_sliced_c02,none,SoA,enabled,1814858,1621425,1638702,1629460,1610707,1606449,1615228,1599879,1607014,1635233,1637895,1637895,10
2025-10-02 14:28:05,379,pairwise,VerletClusterLists,1.000000,vcl_c01_balanced,none,AoS,disabled,109899,49616,47981,48390,49193,47462,46590,49096,52822,46243,54729,54729,10
2025-10-02 14:28:05,389,pairwise,VerletClusterLists,1.000000,vcl_c01_balanced,none,SoA,disabled,93908,63274,66844,66114,62802,64056,64177,62754,63065,65610,67259,67259,10
2025-10-02 14:28:05,399,pairwise,VerletClusterLists,1.000000,vcl_c06,none,AoS,disabled,97436,73983,72670,70067,73464,71257,72537,72517,71794,74241,74996,74996,10
2025-10-02 14:28:05,409,pairwise,VerletClusterLists,1.000000,vcl_c06,none,AoS,enabled,94255,70163,69738,76174,70623,73919,72741,71014,71700,77337,74766,74766,10
2025-10-02 14:28:05,419,pairwise,VerletClusterLists,1.000000,vcl_c06,none,SoA,disabled,106417,87626,88469,84484,84386,90613,89704,86354,86780,85148,88997,88997,10
2025-10-02 14:28:05,429,pairwise,VerletClusterLists,1.000000,vcl_c06,none,SoA,enabled,108315,85429,87571,86063,87079,89293,90772,85709,93952,85789,89996,89996,10
2025-10-02 14:28:05,439,pairwise,VerletClusterLists,1.000000,vcl_sliced,none,AoS,disabled,75462,60349,50607,50549,52140,52369,49367,49282,50906,50200,54123,54123,10
2025-10-02 14:28:05,449,pairwise,VerletClusterLists,1.000000,vcl_sliced,none,AoS,enabled,70025,51588,52627,50965,54212,52389,53013,49689,52756,52302,53956,53956,10
2025-10-02 14:28:05,459,pairwise,VerletClusterLists,1.000000,vcl_sliced,none,SoA,disabled,85809,66469,67187,66278,65106,64580,67345,63622,66948,65608,67894,67894,10
2025-10-02 14:28:05,469,pairwise,VerletClusterLists,1.000000,vcl_sliced,none,SoA,enabled,82372,66225,66209,65362,64010,64085,64706,64999,65339,69599,67289,67289,10
2025-10-02 14:28:05,479,pairwise,VerletClusterLists,1.000000,vcl_sliced_balanced,none,AoS,disabled,74474,56754,56630,55722,56441,56361,54968,54809,54061,54700,57491,57491,10
2025-10-02 14:28:05,489,pairwise,VerletClusterLists,1.000000,vcl_sliced_balanced,none,AoS,enabled,69614,52666,53836,52747,53790,53097,56443,53546,54692,54798,55522,55522,10
2025-10-02 14:28:05,499,pairwise,VerletClusterLists,1.000000,vcl_sliced_balanced,none,SoA,disabled,90784,72345,69815,69005,69579,71484,68360,68378,69508,67026,71628,71628,10
2025-10-02 14:28:05,509,pairwise,VerletClusterLists,1.000000,vcl_sliced_balanced,none,SoA,enabled,88942,68998,68184,68565,69278,71842,69475,67878,68302,69087,71054,71054,10
2025-10-02 14:28:05,519,pairwise,VerletClusterLists,1.000000,vcl_sliced_balanced,neighbor-list-length,AoS,disabled,84815,55204,56605,54575,53816,53625,53455,60643,55448,53252,58143,58143,10
2025-10-02 14:28:05,529,pairwise,VerletClusterLists,1.000000,vcl_sliced_balanced,neighbor-list-length,AoS,enabled,70665,53797,55825,57035,54723,53963,54793,53598,54672,53793,56285,56285,10
2025-10-02 14:28:05,539,pairwise,VerletClusterLists,1.000000,vcl_sliced_balanced,neighbor-list-length,SoA,disabled,88093,70254,70617,69478,68657,68164,69218,72936,68537,67905,71385,71385,10
2025-10-02 14:28:05,549,pairwise,VerletClusterLists,1.000000,vcl_sliced_balanced,neighbor-list-length,SoA,enabled,86310,69793,69902,74963,69619,68031,69086,69107,69021,67457,71328,71328,10
2025-10-02 14:28:05,559,pairwise,VerletClusterLists,1.000000,vcl_sliced_c02,none,AoS,disabled,82809,55443,56374,52822,51597,52298,53324,54039,54420,53138,56626,56626,10
2025-10-02 14:28:05,569,pairwise,VerletClusterLists,1.000000,vcl_sliced_c02,none,AoS,enabled,70360,52978,55704,52124,51519,51299,53027,54046,53943,54556,54955,54955,10
2025-10-02 14:28:05,579,pairwise,VerletClusterLists,1.000000,vcl_sliced_c02,none,SoA,disabled,92723,69017,68936,68160,66905,69075,66651,69043,67884,66702,70509,70509,10
2025-10-02 14:28:05,589,pairwise,VerletClusterLists,1.000000,vcl_sliced_c02,none,SoA,enabled,84721,70164,70480,74649,66378,68537,66227,69291,66252,68131,70483,70483,10
2025-10-02 14:28:05,599,pairwise,VerletLists,1.000000,vl_list_iteration,none,AoS,disabled,3758116,52890,51732,51121,52888,50570,51055,49689,52308,49918,422028,422028,10
2025-10-02 14:28:05,609,pairwise,VerletLists,1.000000,vl_list_iteration,none,SoA,disabled,6934725,1303211,1216211,1176931,1160720,1151102,1157990,1169742,1139987,1136595,1754721,1754721,10
2025-10-02 14:28:05,619,pairwise,VerletListsCells,1.000000,vlc_c01,none,AoS,disabled,21804761,1714631,1500392,1512753,1498869,1497507,1503742,1496271,1503517,1503825,3553626,3553626,10
2025-10-02 14:28:05,629,pairwise,VerletListsCells,1.000000,vlc_c01,none,SoA,disabled,26368032,2723338,2670036,2685043,2679817,2672007,2686154,2643053,2626762,2661098,5041533,5041533,10
2025-10-02 14:28:05,639,pairwise,VerletListsCells,1.000000,vlc_c18,none,AoS,disabled,13974026,1813232,1811035,1818478,1812491,1815940,1815370,1806183,1804540,1804664,3027595,3027595,10
2025-10-02 14:28:05,649,pairwise,VerletListsCells,1.000000,vlc_c18,none,AoS,enabled,13451188,1816449,1814637,1811372,1812463,1812201,1815696,1810124,1815001,1814487,2977361,2977361,10
2025-10-02 14:28:05,659,pairwise,VerletListsCells,1.000000,vlc_c18,none,SoA,disabled,17132769,2967077,2936197,2980726,2997392,3004036,3030892,3004366,3005245,3005422,4406411,4406411,10
2025-10-02 14:28:05,669,pairwise,VerletListsCells,1.000000,vlc_c18,none,SoA,enabled,17147394,2987657,2977822,2984206,3011032,3018553,3024370,3011582,2958847,2963007,4408446,4408446,10
2025-10-02 14:28:06,679,pairwise,VerletListsCells,1.000000,vlc_c08,none,AoS,disabled,10299735,1673282,1675236,1670485,1672994,1667997,1675006,1675377,1673496,1668300,2535190,2535190,10
2025-10-02 14:28:06,689,pairwise,VerletListsCells,1.000000,vlc_c08,none,AoS,enabled,9821615,1672946,1665254,1669262,1668133,1670269,1666531,1669615,1669742,1668817,2484218,2484218,10
2025-10-02 14:28:06,699,pairwise,VerletListsCells,1.000000,vlc_c08,none,SoA,disabled,13774001,2962062,2959337,2905010,2893312,2934810,2956916,3018731,2962042,2913566,4027978,4027978,10
2025-10-02 14:28:06,709,pairwise,VerletListsCells,1.000000,vlc_c08,none,SoA,enabled,13510293,2963103,2942016,2950515,2950587,2944953,2977526,2983306,3037817,2961408,4022151,4022151,10
2025-10-02 14:28:06,719,pairwise,VerletListsCells,1.000000,vlc_sliced,none,AoS,disabled,12044298,105181,102007,102069,99331,106186,100372,104738,100921,98014,1296311,1296311,10
2025-10-02 14:28:06,729,pairwise,VerletListsCells,1.000000,vlc_sliced,none,AoS,enabled,12032736,99737,98183,101055,100251,100341,100289,96762,98111,97663,1292512,1292512,10
2025-10-02 14:28:06,739,pairwise,VerletListsCells,1.000000,vlc_sliced,none,SoA,disabled,16088470,1392425,1326626,1312221,1292786,1282935,1266836,1269009,1255172,1268891,2775536,2775536,10
2025-10-02 14:28:06,749,pairwise,VerletListsCells,1.000000,vlc_sliced,none,SoA,enabled,15740204,1376614,1315502,1281134,1281315,1260822,1253306,1237474,1240211,1242213,2722879,2722879,10
2025-10-02 14:28:06,759,pairwise,VerletListsCells,1.000000,vlc_sliced_balanced,none,AoS,disabled,12266858,108753,109848,102885,103016,103482,103205,102071,102226,103391,1320572,1320572,10
2025-10-02 14:28:06,769,pairwise,VerletListsCells,1.000000,vlc_sliced_balanced,none,AoS,enabled,11863785,104230,102785,100567,101253,101087,103251,102116,101637,102049,1278275,1278275,10
2025-10-02 14:28:06,779,pairwise,VerletListsCells,1.000000,vlc_sliced_balanced,none,SoA,disabled,16231144,1397118,1315238,1295056,1260998,1271508,1269234,1259086,1282345,1276532,2785825,2785825,10
2025-10-02 14:28:06,789,pairwise,VerletListsCells,1.000000,vlc_sliced_balanced,none,SoA,enabled,15715253,1404318,1323090,1306672,1283257,1269076,1266814,1265863,1254447,1262052,2735084,2735084,10
2025-10-02 14:28:06,799,pairwise,VerletListsCells,1.000000,vlc_sliced_balanced,squared-particles-per-cell,AoS,disabled,11513825,158622,142282,142438,140202,140360,462937,139869,144734,145104,1313036,1313036,10
2025-10-02 14:28:06,809,pairwise,VerletListsCells,1.000000,vlc_sliced_balanced,squared-particles-per-cell,AoS,enabled,11965195,149766,147631,148063,145599,144802,146284,142986,143538,142566,1327642,1327642,10
2025-10-02 14:28:06,819,pairwise,VerletListsCells,1.000000,vlc_sliced_balanced,squared-particles-per-cell,SoA,disabled,15616295,1271025,1251702,1253892,1245547,1242628,1232789,1231282,1237619,1240423,2682319,2682319,10
2025-10-02 14:28:06,829,pairwise,VerletListsCells,1.000000,vlc_sliced_balanced,squared-particles-per-cell,SoA,enabled,15496351,1256465,1244304,1246863,1239009,1240668,1236745,1241365,1241505,1239449,2668272,2668272,10
2025-10-02 14:28:06,839,pairwise,VerletListsCells,1.000000,vlc_sliced_balanced,neighbor-list-length,AoS,disabled,11551494,133149,123317,121792,122063,122679,122867,124946,124488,127891,1267468,1267468,10
2025-10-02 14:28:06,849,pairwise,VerletListsCells,1.000000,vlc_sliced_balanced,neighbor-list-length,AoS,enabled,12010811,128519,133852,127852,131342,124390,124656,122673,124873,126466,1315543,1315543,10
2025-10-02 14:28:06,859,pairwise,VerletListsCells,1.000000,vlc_sliced_balanced,neighbor-list-length,SoA,disabled,15942267,1407749,1354369,1330316,1333067,1326549,1319952,1321802,1345209,1315576,2799684,2799684,10
2025-10-02 14:28:06,869,pairwise,VerletListsCells,1.000000,vlc_sliced_balanced,neighbor-list-length,SoA,enabled,15659745,1420440,1383104,1354988,1315882,1311913,1317354,1309900,1318663,1302271,2769425,2769425,10
2025-10-02 14:28:06,879,pairwise,VerletListsCells,1.000000,vlc_sliced_c02,none,AoS,disabled,11446903,111749,100491,101143,97733,99011,98142,99249,97938,96501,1234885,1234885,10
2025-10-02 14:28:06,889,pairwise,VerletListsCells,1.000000,vlc_sliced_c02,none,AoS,enabled,11874684,103173,98470,102600,96268,101729,95771,101463,97995,101085,1277323,1277323,10
2025-10-02 14:28:06,899,pairwise,VerletListsCells,1.000000,vlc_sliced_c02,none,SoA,disabled,15708739,1298689,1241316,1243254,1237065,1233917,1231118,1224479,1222919,1224703,2686619,2686619,10
2025-10-02 14:28:06,909,pairwise,VerletListsCells,1.000000,vlc_sliced_c02,none,SoA,enabled,15465234,1288173,1244099,1230622,1221910,1210293,1214228,1218181,1199192,1197925,2648985,2648985,10
2025-10-02 14:28:06,919,pairwise,PairwiseVerletLists,1.000000,vlp_c01,none,AoS,disabled,26930695,1855570,1836441,1821282,1822896,1816288,1824045,1823917,1805947,1813739,4335081,4335081,10
2025-10-02 14:28:06,929,pairwise,PairwiseVerletLists,1.000000,vlp_c01,none,SoA,disabled,42516003,4050551,3541072,3399476,3343515,3346689,3302784,3306555,3366030,3405179,7357784,7357784,10
2025-10-02 14:28:06,939,pairwise,PairwiseVerletLists,1.000000,vlp_c18,none,AoS,disabled,15180045,2126078,2107485,2094456,2091477,2092782,2093791,2090956,2091053,2095668,3406379,3406379,10
2025-10-02 14:28:06,949,pairwise,PairwiseVerletLists,1.000000,vlp_c18,none,AoS,enabled,15041837,2125662,2103931,2087048,2109685,2089075,2088219,2091773,2094335,2091827,3392338,3392338,10
2025-10-02 14:28:06,959,pairwise,PairwiseVerletLists,1.000000,vlp_c18,none,SoA,disabled,40118762,4157607,3991082,3866686,3781697,3727726,3744702,3734788,3726582,3789006,7463863,7463863,10
2025-10-02 14:28:07,969,pairwise,PairwiseVerletLists,1.000000,vlp_c18,none,SoA,enabled,35180698,4160692,3907468,3860138,3829268,3811783,3754547,3747375,3729536,3829069,6981057,6981057,10
2025-10-02 14:28:07,979,pairwise,PairwiseVerletLists,1.000000,vlp_sliced,none,AoS,disabled,13796877,822864,787794,758679,751081,734726,736521,748267,744356,759582,2064074,2064074,10
2025-10-02 14:28:07,989,pairwise,PairwiseVerletLists,1.000000,vlp_sliced,none,AoS,enabled,13722641,841658,763235,850362,782093,740823,837273,807337,724143,826122,2089568,2089568,10
2025-10-02 14:28:07,999,pairwise,PairwiseVerletLists,1.000000,vlp_sliced,none,SoA,disabled,34266377,2958726,2784582,2772998,2805488,2715813,2698594,2669232,2707840,2639352,5901899,5901899,10
2025-10-02 14:28:07,1009,pairwise,PairwiseVerletLists,1.000000,vlp_sliced,none,SoA,enabled,33493645,2921416,2726099,2709221,2682738,2720579,2729284,2717974,2684208,2643291,5802845,5802845,10
2025-10-02 14:28:07,1019,pairwise,PairwiseVerletLists,1.000000,vlp_sliced_balanced,none,AoS,disabled,13854459,831802,780430,771565,776714,754987,763894,761250,760771,763435,2081930,2081930,10
2025-10-02 14:28:07,1029,pairwise,PairwiseVerletLists,1.000000,vlp_sliced_balanced,none,AoS,enabled,13692390,808793,797503,761151,793011,757016,782812,766732,774347,773695,2070744,2070744,10
2025-10-02 14:28:07,1039,pairwise,PairwiseVerletLists,1.000000,vlp_sliced_balanced,none,SoA,disabled,34155452,2977171,2651022,2612758,2564437,2566427,2565785,2560727,2547135,2560752,5776166,5776166,10
2025-10-02 14:28:07,1049,pairwise,PairwiseVerletLists,1.000000,vlp_sliced_balanced,none,SoA,enabled,33776753,2935351,2674524,2583759,2628455,2570955,2513223,2628980,2563207,2540631,5741583,5741583,10
2025-10-02 14:28:07,1059,pairwise,PairwiseVerletLists,1.000000,vlp_sliced_c02,none,AoS,disabled,13992127,966195,956021,950227,913345,915619,922616,919464,906877,914549,2235703,2235703,10
2025-10-02 14:28:07,1069,pairwise,PairwiseVerletLists,1.000000,vlp_sliced_c02,none,AoS,enabled,13783572,941052,952711,923518,905548,962707,926377,980680,922327,945362,2224385,2224385,10
2025-10-02 14:28:07,1079,pairwise,PairwiseVerletLists,1.000000,vlp_sliced_c02,none,SoA,disabled,33939633,3066372,2890713,2779846,2945805,2809060,2793934,2822461,2909330,2874039,5983119,5983119,10
2025-10-02 14:28:07,1089,pairwise,PairwiseVerletLists,1.000000,vlp_sliced_c02,none,SoA,enabled,33640733,3054038,2751649,2573296,2643397,2813558,2757922,2789292,2729569,2774044,5852749,5852749,10
2025-10-02 14:28:07,1099,pairwise,PairwiseVerletLists,1.000000,vlp_c08,none,AoS,disabled,16580908,3429530,3409250,3399864,3403836,3405501,3405284,3402961,3410023,3414626,4726178,4726178,10
2025-10-02 14:28:07,1109,pairwise,PairwiseVerletLists,1.000000,vlp_c08,none,AoS,enabled,15418661,2484642,2447874,2442727,2431447,2427393,2440227,2438770,2442220,2435307,3740926,3740926,10
2025-10-02 14:28:07,1119,pairwise,PairwiseVerletLists,1.000000,vlp_c08,none,SoA,disabled,37825420,6218222,6166529,6070870,6100731,6091333,6057475,6147191,6169045,6157129,9300394,9300394,10
2025-10-02 14:28:07,1129,pairwise,PairwiseVerletLists,1.000000,vlp_c08,none,SoA,enabled,35761199,4922011,4792470,4781570,4778225,4765047,4746441,4759432,4746275,4749536,7880220,7880220,10
2025-10-02 14:30:55,5009,pairwise,LinkedCells,1.000000,lc_c01,none,AoS,disabled,1594360,1552619,1547715,1542137,1539106,1534345,1541151,1540884,1538031,1538547,1546889,1546889,10
2025-10-02 14:30:55,5019,pairwise,LinkedCells,1.000000,lc_c01,none,SoA,disabled,2575418,2568048,2494081,2551591,2539714,2546011,2530056,2597038,2659978,2541085,2560301,2560301,10
2025-10-02 14:30:55,5029,pairwise,LinkedCells,1.000000,lc_c01_combined_SoA,none,SoA,disabled,2233411,2235834,2248711,2231044,2247631,2251671,2254634,2251089,2231737,2242960,2242871,2242871,10
2025-10-02 14:30:55,5039,pairwise,LinkedCells,1.000000,lc_c04,none,AoS,disabled,569028,550225,544628,540639,539994,540189,545388,534323,538495,532281,543518,543518,10
2025-10-02 14:30:55,5049,pairwise,LinkedCells,1.000000,lc_c04,none,AoS,enabled,535028,532321,542796,536635,542022,537441,542825,540307,547672,536500,539354,539354,10
2025-10-02 14:30:55,5059,pairwise,LinkedCells,1.000000,lc_c04,none,SoA,disabled,1773430,1801586,1759041,1751900,1720720,1730768,1742955,1749223,1777891,1744156,1755166,1755166,10
2025-10-02 14:30:55,5069,pairwise,LinkedCells,1.000000,lc_c04,none,SoA,enabled,1751739,1722196,1732693,1750783,1778549,1727703,1766119,1770547,1756526,1771595,1752844,1752844,10
2025-10-02 14:30:55,5079,pairwise,LinkedCells,1.000000,lc_c04_HCP,none,AoS,disabled,637005,575033,568641,572224,576990,573345,572117,571384,575210,575017,579696,579696,10
2025-10-02 14:30:55,5089,pairwise,LinkedCells,1.000000,lc_c04_HCP,none,AoS,enabled,572423,568133,568341,571968,567993,573902,575896,582732,585773,565485,573264,573264,10
2025-10-02 14:30:55,5099,pairwise,LinkedCells,1.000000,lc_c04_HCP,none,SoA,disabled,2024260,2014920,2009080,2001097,2005720,2000610,1996652,2017572,2007971,2037014,2011489,2011489,10
2025-10-02 14:30:55,5109,pairwise,LinkedCells,1.000000,lc_c04_HCP,none,SoA,enabled,2013257,2026014,2000524,1996626,2000547,2020466,2020016,2023721,1989241,2022054,2011246,2011246,10
2025-10-02 14:30:55,5119,pairwise,LinkedCells,1.000000,lc_c04_combined_SoA,none,SoA,disabled,2834512,2463345,2468731,2459396,2483881,2467813,2459220,2462467,2454225,2436971,2499055,2499055,10
2025-10-02 14:30:55,5129,pairwise,LinkedCells,1.000000,lc_c04_combined_SoA,none,SoA,enabled,2409491,2273447,2252942,2274418,2297304,2270301,2270425,2267052,2281915,2277946,2287523,2287523,10
2025-10-02 14:30:55,5139,pairwise,LinkedCells,1.000000,lc_c08,none,AoS,disabled,1823216,1777227,1763805,1761489,1775113,1766129,1765034,1775028,1761324,1762210,1773057,1773057,10
2025-10-02 14:30:55,5149,pairwise,LinkedCells,1.000000,lc_c08,none,AoS,enabled,1776346,1758038,1765703,1760834,1763216,1773560,1754770,1759745,1782287,1765626,1766012,1766012,10
2025-10-02 14:30:55,5159,pairwise,LinkedCells,1.000000,lc_c08,none,SoA,disabled,2943546,2946895,2960358,2959071,2967677,2970748,2970533,2978545,2981952,3010128,2968944,2968944,10
2025-10-02 14:30:55,5169,pairwise,LinkedCells,1.000000,lc_c08,none,SoA,enabled,2973285,2991960,2979625,2986295,2988600,2991470,2998183,2986041,2990626,2903913,2978999,2978999,10
2025-10-02 14:30:55,5179,pairwise,LinkedCells,1.000000,lc_c18,none,AoS,disabled,1861796,1822531,1826123,1818362,1820483,2125450,1823219,1819865,1835826,1838120,1859177,1859177,10
2025-10-02 14:30:55,5189,pairwise,LinkedCells,1.000000,lc_c18,none,AoS,enabled,1832786,1838853,1824593,1815702,1830758,1820552,1818916,1830592,1832580,1849243,1829456,1829456,10
2025-10-02 14:30:55,5199,pairwise,LinkedCells,1.000000,lc_c18,none,SoA,disabled,2394985,2487185,2486997,2485149,2480652,2475518,2492566,2495235,2489508,2488953,2477674,2477674,10
2025-10-02 14:30:55,5209,pairwise,LinkedCells,1.000000,lc_c18,none,SoA,enabled,2492393,2504155,2506516,2491012,2499736,2507673,2487198,2502901,2473050,2469527,2493415,2493415,10
2025-10-02 14:30:55,5219,pairwise,LinkedCells,1.000000,lc_sliced,none,AoS,disabled,483594,461922,455258,445107,437531,438938,432252,429150,432919,433394,445006,445006,10
2025-10-02 14:30:55,5229,pairwise,LinkedCells,1.000000,lc_sliced,none,AoS,enabled,443727,434389,437256,428892,437473,445186,438790,439146,441083,435934,438187,438187,10
2025-10-02 14:30:56,5239,pairwise,LinkedCells,1.000000,lc_sliced,none,SoA,disabled,2074922,1720393,1685583,1935328,1694148,1926332,1839924,1785525,1730966,1742936,1813605,1813605,10
2025-10-02 14:30:56,5249,pairwise,LinkedCells,1.000000,lc_sliced,none,SoA,enabled,1937622,1823440,1743343,1684659,1719712,1845344,1715569,1664264,1645136,1876784,1765587,1765587,10
2025-10-02 14:30:56,5259,pairwise,LinkedCells,1.000000,lc_sliced_balanced,none,AoS,disabled,610881,454013,439015,436228,430102,429413,428200,429508,432096,434625,452408,452408,10
2025-10-02 14:30:56,5269,pairwise,LinkedCells,1.000000,lc_sliced_balanced,none,AoS,enabled,424459,430258,430714,431255,435169,433579,435836,430775,432568,432698,431731,431731,10
2025-10-02 14:30:56,5279,pairwise,LinkedCells,1.000000,lc_sliced_balanced,none,SoA,disabled,1882048,1791725,1648288,1642215,1660332,1606094,1616357,1706636,1659193,1669205,1688208,1688208,10
2025-10-02 14:30:56,5289,pairwise,LinkedCells,1.000000,lc_sliced_balanced,none,SoA,enabled,1749910,1857484,1647151,1651841,1783057,1629314,1669690,1666330,1774636,1638530,1706793,1706793,10
2025-10-02 14:30:56,5299,pairwise,LinkedCells,1.000000,lc_sliced_balanced,squared-particles-per-cell,AoS,disabled,919787,788588,757690,749375,741368,745013,741937,741910,741399,738529,766559,766559,10
2025-10-02 14:30:56,5309,pairwise,LinkedCells,1.000000,lc_sliced_balanced,squared-particles-per-cell,AoS,enabled,796363,735014,735076,731479,734832,739218,730903,732649,735781,733806,740511,740511,10
2025-10-02 14:30:56,5319,pairwise,LinkedCells,1.000000,lc_sliced_balanced,squared-particles-per-cell,SoA,disabled,2670884,2517617,2503157,2473282,2499143,2499279,2489449,2476172,2485419,2466776,2508117,2508117,10
2025-10-02 14:30:56,5329,pairwise,LinkedCells,1.000000,lc_sliced_balanced,squared-particles-per-cell,SoA,enabled,2539980,2486937,2490116,2476573,2472345,2514041,2468037,2461529,2462514,2460387,2483245,2483245,10
2025-10-02 14:30:56,5339,pairwise,LinkedCells,1.000000,lc_sliced_c02,none,AoS,disabled,599895,501054,459583,441082,432084,425418,428547,429434,434462,431214,458277,458277,10
2025-10-02 14:30:56,5349,pairwise,LinkedCells,1.000000,lc_sliced_c02,none,AoS,enabled,427048,426376,422327,426960,432921,429657,435024,424589,426992,426800,427868,427868,10
2025-10-02 14:30:56,5359,pairwise,LinkedCells,1.000000,lc_sliced_c02,none,SoA,disabled,2072951,1703740,1673783,1667743,1647121,1660230,1682756,1660001,1653001,1654207,1707552,1707552,10
2025-10-02 14:30:56,5369,pairwise,LinkedCells,1.000000,lc_sliced_c02,none,SoA,enabled,1688905,1649338,1640018,1660073,1644370,1661282,1655038,1649803,1648906,1665826,1656355,1656355,10
2025-10-02 14:30:56,5379,pairwise,VerletClusterLists,1.000000,vcl_c01_balanced,none,AoS,disabled,111476,50719,46726,47311,47458,48523,47588,46945,47952,47940,54263,54263,10
2025-10-02 14:30:56,5389,pairwise,VerletClusterLists,1.000000,vcl_c01_balanced,none,SoA,disabled,101288,62298,62832,65243,60837,61936,63633,67278,59977,60438,66575,66575,10
2025-10-02 14:30:56,5399,pairwise,VerletClusterLists,1.000000,vcl_c06,none,AoS,disabled,90197,74082,73781,75471,74711,74196,71765,76413,72484,75668,75876,75876,10
2025-10-02 14:30:56,5409,pairwise,VerletClusterLists,1.000000,vcl_c06,none,AoS,enabled,94709,75985,75168,70572,73841,70163,71350,70147,70081,71072,74308,74308,10
2025-10-02 14:30:56,5419,pairwise,VerletClusterLists,1.000000,vcl_c06,none,SoA,disabled,103772,83704,84772,87562,83041,86290,85484,88327,84463,90243,87765,87765,10
2025-10-02 14:30:56,5429,pairwise,VerletClusterLists,1.000000,vcl_c06,none,SoA,enabled,103814,82793,91040,87238,86618,85037,90994,85959,90393,83101,88698,88698,10
2025-10-02 14:30:56,5439,pairwise,VerletClusterLists,1.000000,vcl_sliced,none,AoS,disabled,72333,52464,50161,49324,55551,51902,51257,51814,57771,51366,54394,54394,10
2025-10-02 14:30:56,5449,pairwise,VerletClusterLists,1.000000,vcl_sliced,none,AoS,enabled,66930,50106,49619,49949,50658,50199,48292,50497,50471,51394,51810,51810,10
2025-10-02 14:30:56,5459,pairwise,VerletClusterLists,1.000000,vcl_sliced,none,SoA,disabled,84572,63999,67954,66181,64668,65315,65086,64668,65049,68140,67562,67562,10
2025-10-02 14:30:56,5469,pairwise,VerletClusterLists,1.000000,vcl_sliced,none,SoA,enabled,83006,66082,68186,65119,65116,64720,66348,63561,64129,67742,67400,67400,10
2025-10-02 14:30:56,5479,pairwise,VerletClusterLists,1.000000,vcl_sliced_balanced,none,AoS,disabled,75277,55077,54966,53220,53203,54901,345886,53104,54121,55729,85547,85547,10
2025-10-02 14:30:56,5489,pairwise,VerletClusterLists,1.000000,vcl_sliced_balanced,none,AoS,enabled,69501,53775,53638,56514,54226,54644,53300,53139,53550,52749,55503,55503,10
2025-10-02 14:30:56,5499,pairwise,VerletClusterLists,1.000000,vcl_sliced_balanced,none,SoA,disabled,87084,68435,68182,68109,72295,67084,68319,66775,68111,69254,70364,70364,10
2025-10-02 14:30:56,5509,pairwise,VerletClusterLists,1.000000,vcl_sliced_balanced,none,SoA,enabled,84705,69043,68562,68497,69613,70234,69150,75846,70468,66955,71306,71306,10
2025-10-02 14:30:56,5519,pairwise,VerletClusterLists,1.000000,vcl_sliced_balanced,neighbor-list-length,AoS,disabled,86441,55615,54752,53608,53609,54943,55290,54752,52742,55979,57772,57772,10
2025-10-02 14:30:56,5529,pairwise,VerletClusterLists,1.000000,vcl_sliced_balanced,neighbor-list-length,AoS,enabled,73302,54156,52573,53932,53437,54693,52662,53973,52002,51995,55272,55272,10
2025-10-02 14:30:56,5539,pairwise,VerletClusterLists,1.000000,vcl_sliced_balanced,neighbor-list-length,SoA,disabled,90991,69414,70028,68823,72756,68267,69439,70328,70716,69316,72007,72007,10
2025-10-02 14:30:56,5549,pairwise,VerletClusterLists,1.000000,vcl_sliced_balanced,neighbor-list-length,SoA,enabled,90648,69634,67228,68644,67267,67793,69072,70975,68235,67887,70738,70738,10
2025-10-02 14:30:56,5559,pairwise,VerletClusterLists,1.000000,vcl_sliced_c02,none,AoS,disabled,82271,54319,53228,57804,53496,52629,52778,53576,57474,57680,57525,57525,10
2025-10-02 14:30:56,5569,pairwise,VerletClusterLists,1.000000,vcl_sliced_c02,none,AoS,enabled,73088,53756,53442,53488,53487,53245,54674,52599,52429,51512,55171,55171,10
2025-10-02 14:30:56,5579,pairwise,VerletClusterLists,1.000000,vcl_sliced_c02,none,SoA,disabled,86251,67166,68768,66542,73176,66802,67401,71848,69024,67316,70429,70429,10
2025-10-02 14:30:56,5589,pairwise,VerletClusterLists,1.000000,vcl_sliced_c02,none,SoA,enabled,88999,68321,68448,68071,68032,67127,65644,69002,69520,67220,70037,70037,10
2025-10-02 14:30:56,5599,pairwise,VerletLists,1.000000,vl_list_iteration,none,AoS,disabled,3851105,52107,52353,52096,49187,50203,51654,52040,54267,51577,431658,431658,10
2025-10-02 14:30:56,5609,pairwise,VerletLists,1.000000,vl_list_iteration,none,SoA,disabled,6912019,1403378,1315709,1274925,1251523,1249458,1255491,1246998,1243150,1245764,1839841,1839841,10
2025-10-02 14:30:56,5619,pairwise,VerletListsCells,1.000000,vlc_c01,none,AoS,disabled,21254597,1507737,1508139,1501229,1502146,1501355,1496962,1495446,1502236,1498280,3476812,3476812,10
2025-10-02 14:30:56,5629,pairwise,VerletListsCells,1.000000,vlc_c01,none,SoA,disabled,25756765,2754324,2774561,2674137,2673907,2659122,2647076,2638874,2622317,2633784,4983486,4983486,10
2025-10-02 14:30:56,5639,pairwise,VerletListsCells,1.000000,vlc_c18,none,AoS,disabled,14106426,1819808,1886601,1819122,1811220,1812869,1809238,1811327,1816835,1816492,3050993,3050993,10
2025-10-02 14:30:56,5649,pairwise,VerletListsCells,1.000000,vlc_c18,none,AoS,enabled,14011027,1811821,1815761,1818755,1809219,1810533,1810909,1815119,1813722,1817225,3033408,3033408,10
2025-10-02 14:30:56,5659,pairwise,VerletListsCells,1.000000,vlc_c18,none,SoA,disabled,18057859,3088179,3062092,3026713,2995378,3027267,3039330,3023174,3017228,3007016,4534423,4534423,10
2025-10-02 14:30:56,5669,pairwise,VerletListsCells,1.000000,vlc_c18,none,SoA,enabled,17174241,3077192,3052344,3020656,2995617,2982291,2968573,2959939,2956452,2974674,4416197,4416197,10
2025-10-02 14:30:56,5679,pairwise,VerletListsCells,1.000000,vlc_c08,none,AoS,disabled,10326815,1677829,1668244,1669354,1666688,1664898,1670128,1671475,1665970,1671454,2535285,2535285,10
2025-10-02 14:30:56,5689,pairwise,VerletListsCells,1.000000,vlc_c08,none,AoS,enabled,9645571,1675227,1672300,1668113,1670130,1664045,1666917,1670982,1673174,1672158,2467861,2467861,10
2025-10-02 14:30:56,5699,pairwise,VerletListsCells,1.000000,vlc_c08,none,SoA,disabled,13474550,3008665,3000411,3250536,2957720,2958725,2957442,2960262,2951908,2940972,4046118,4046118,10
2025-10-02 14:30:56,5709,pairwise,VerletListsCells,1.000000,vlc_c08,none,SoA,enabled,13294164,2997729,2989138,2989470,2972413,2946540,2931374,2928743,2927323,2926539,3990342,3990342,10
2025-10-02 14:30:56,5719,pairwise,VerletListsCells,1.000000,vlc_sliced,none,AoS,disabled,12128343,99663,99104,98204,99490,100989,100316,99207,102997,96882,1302519,1302519,10
2025-10-02 14:30:56,5729,pairwise,VerletListsCells,1.000000,vlc_sliced,none,AoS,enabled,11972579,98348,98448,97835,97131,98760,97072,96097,102864,96025,1285515,1285515,10
2025-10-02 14:30:56,5739,pairwise,VerletListsCells,1.000000,vlc_sliced,none,SoA,disabled,16171734,1351533,1309799,1301912,1303115,1323493,1314034,1299179,1302948,1296319,2797406,2797406,10
2025-10-02 14:30:56,5749,pairwise,VerletListsCells,1.000000,vlc_sliced,none,SoA,enabled,15693538,1368945,1328915,1321691,1318760,1313823,1311588,1303618,1296881,1308036,2756578,2756578,10
2025-10-02 14:30:56,5759,pairwise,VerletListsCells,1.000000,vlc_sliced_balanced,none,AoS,disabled,12842671,112405,116546,111623,115030,110906,109148,112344,111042,110905,1385261,1385261,10
2025-10-02 14:30:56,5769,pairwise,VerletListsCells,1.000000,vlc_sliced_balanced,none,AoS,enabled,12345543,112778,109673,110806,109135,111208,112819,111115,112003,111447,1334652,1334652,10
2025-10-02 14:30:56,5779,pairwise,VerletListsCells,1.000000,vlc_sliced_balanced,none,SoA,disabled,16432136,1370649,1334121,1312217,1310172,1314088,1307832,1307736,1304154,1315675,2830877,2830877,10
2025-10-02 14:30:56,5789,pairwise,VerletListsCells,1.000000,vlc_sliced_balanced,none,SoA,enabled,15758953,1391752,1337264,1307020,1307937,1306908,1304824,1307516,1295904,1300882,2761895,2761895,10
2025-10-02 14:30:57,5799,pairwise,VerletListsCells,1.000000,vlc_sliced_balanced,squared-particles-per-cell,AoS,disabled,11641543,167721,150266,151001,152164,151254,148096,147092,150935,147646,1300771,1300771,10
2025-10-02 14:30:57,5809,pairwise,VerletListsCells,1.000000,vlc_sliced_balanced,squared-particles-per-cell,AoS,enabled,12117174,159842,153252,155309,150300,150670,149062,149486,148348,147002,1348044,1348044,10
2025-10-02 14:30:57,5819,pairwise,VerletListsCells,1.000000,vlc_sliced_balanced,squared-particles-per-cell,SoA,disabled,16368441,1352964,1330928,1329785,1327770,1337143,1340211,1316762,1326602,1318395,2834899,2834899,10
2025-10-02 14:30:57,5829,pairwise,VerletListsCells,1.000000,vlc_sliced_balanced,squared-particles-per-cell,SoA,enabled,15757390,1350866,1331619,1321312,1322520,1326571,1326052,1331245,1331088,1320705,2771936,2771936,10
2025-10-02 14:30:57,5839,pairwise,VerletListsCells,1.000000,vlc_sliced_balanced,neighbor-list-length,AoS,disabled,12107801,136166,131159,135770,132546,132991,132234,134244,134946,132937,1331078,1331078,10
2025-10-02 14:30:57,5849,pairwise,VerletListsCells,1.000000,vlc_sliced_balanced,neighbor-list-length,AoS,enabled,12588641,135660,136415,136077,135877,135333,138231,135121,137494,136304,1381515,1381515,10
2025-10-02 14:30:57,5859,pairwise,VerletListsCells,1.000000,vlc_sliced_balanced,neighbor-list-length,SoA,disabled,16353065,1431506,1395822,1388281,1375358,1366219,1367036,1359052,1345525,1347441,2872929,2872929,10
2025-10-02 14:30:57,5869,pairwise,VerletListsCells,1.000000,vlc_sliced_balanced,neighbor-list-length,SoA,enabled,16163524,1436883,1395431,1378033,1377090,1364346,1354141,1358034,1366129,1365654,2855926,2855926,10
2025-10-02 14:30:57,5879,pairwise,VerletListsCells,1.000000,vlc_sliced_c02,none,AoS,disabled,11530623,104720,103658,103597,101153,100095,98106,102091,98716,109839,1245259,1245259,10
2025-10-02 14:30:57,5889,pairwise,VerletListsCells,1.000000,vlc_sliced_c02,none,AoS,enabled,12041163,107243,97129,103826,98289,99732,97042,97761,98858,100066,1294110,1294110,10
2025-10-02 14:30:57,5899,pairwise,VerletListsCells,1.000000,vlc_sliced_c02,none,SoA,disabled,15972984,1377506,1351910,1349389,1346440,1323718,1325961,1324831,1329304,1333208,2803524,2803524,10
2025-10-02 14:30:57,5909,pairwise,VerletListsCells,1.000000,vlc_sliced_c02,none,SoA,enabled,15924093,1398785,1355037,1343237,1336357,1333851,1323257,1326421,1333992,1323398,2799842,2799842,10
2025-10-02 14:30:57,5919,pairwise,PairwiseVerletLists,1.000000,vlp_c01,none,AoS,disabled,16366556,1831358,1829221,1822215,1819520,1809652,1802594,1810055,1811122,1803979,3270627,3270627,10
2025-10-02 14:30:57,5929,pairwise,PairwiseVerletLists,1.000000,vlp_c01,none,SoA,disabled,40463761,3941756,3480325,3459163,3468310,3450506,3455985,3460284,3459532,3438277,7207789,7207789,10
2025-10-02 14:30:57,5939,pairwise,PairwiseVerletLists,1.000000,vlp_c18,none,AoS,disabled,15169483,2133117,2098427,2082330,2086176,2084838,2090607,2083449,2088314,2087023,3400375,3400375,10
2025-10-02 14:30:57,5949,pairwise,PairwiseVerletLists,1.000000,vlp_c18,none,AoS,enabled,15116496,2117789,2100872,2095452,2088317,2091771,2076750,2083273,2083083,2091387,3394518,3394518,10
2025-10-02 14:30:57,5959,pairwise,PairwiseVerletLists,1.000000,vlp_c18,none,SoA,disabled,41956186,4218195,4019392,3982882,3972942,3979406,3941098,3943833,3843142,3775438,7763251,7763251,10
2025-10-02 14:30:57,5969,pairwise,PairwiseVerletLists,1.000000,vlp_c18,none,SoA,enabled,38110781,4232886,4024122,3962857,3971648,3942600,3942033,3953077,3878516,3799027,7381754,7381754,10
2025-10-02 14:30:57,5979,pairwise,PairwiseVerletLists,1.000000,vlp_sliced,none,AoS,disabled,13785710,840975,886670,745061,726036,851489,748639,744722,821147,750470,2090091,2090091,10
2025-10-02 14:30:57,5989,pairwise,PairwiseVerletLists,1.000000,vlp_sliced,none,AoS,enabled,13547650,805236,769659,767424,764971,767878,753347,753379,761467,759454,2045046,2045046,10
2025-10-02 14:30:57,5999,pairwise,PairwiseVerletLists,1.000000,vlp_sliced,none,SoA,disabled,34201558,2919748,2705643,2700514,2752642,2790119,2757530,2716534,2714656,2729200,5898814,5898814,10
2025-10-02 14:30:57,6009,pairwise,PairwiseVerletLists,1.000000,vlp_sliced,none,SoA,enabled,34311438,2897991,2806997,2737195,2749708,2722330,2705717,2715588,2775894,2758474,5918132,5918132,10
2025-10-02 14:30:57,6019,pairwise,PairwiseVerletLists,1.000000,vlp_sliced_balanced,none,AoS,disabled,13851796,844343,811150,801579,787481,800700,782572,797748,774610,779583,2103155,2103155,10
2025-10-02 14:30:57,6029,pairwise,PairwiseVerletLists,1.000000,vlp_sliced_balanced,none,AoS,enabled,13563301,815820,782642,799261,781087,774134,795551,778510,784429,780930,2065566,2065566,10
2025-10-02 14:30:57,6039,pairwise,PairwiseVerletLists,1.000000,vlp_sliced_balanced,none,SoA,disabled,34297003,2970095,2719297,2647719,2580441,2605468,2633412,2606064,2643642,2584169,5828730,5828730,10
2025-10-02 14:30:58,6049,pairwise,PairwiseVerletLists,1.000000,vlp_sliced_balanced,none,SoA,enabled,34301767,2860328,2733913,2644747,2656910,2649545,2592275,2616596,2574315,2607633,5823802,5823802,10
2025-10-02 14:30:58,6059,pairwise,PairwiseVerletLists,1.000000,vlp_sliced_c02,none,AoS,disabled,13853845,1016215,927249,924994,928974,860027,948877,911935,963664,904060,2223983,2223983,10
2025-10-02 14:30:58,6069,pairwise,PairwiseVerletLists,1.000000,vlp_sliced_c02,none,AoS,enabled,13705159,962754,949958,917238,848267,925108,943612,947234,898359,923663,2202134,2202134,10
2025-10-02 14:30:58,6079,pairwise,PairwiseVerletLists,1.000000,vlp_sliced_c02,none,SoA,disabled,34081997,3011252,2752285,2767226,2814461,2803153,2741069,2847190,2802736,2805325,5942669,5942669,10
2025-10-02 14:30:58,6089,pairwise,PairwiseVerletLists,1.000000,vlp_sliced_c02,none,SoA,enabled,34028604,3112455,2800896,2730752,2743546,2703955,2814437,2863596,2833509,2895216,5952696,5952696,10
2025-10-02 14:30:58,6099,pairwise,PairwiseVerletLists,1.000000,vlp_c08,none,AoS,disabled,16534559,3403205,3393465,3386229,3383887,3390877,3384263,3376255,3385105,3393206,4703105,4703105,10
2025-10-02 14:30:58,6109,pairwise,PairwiseVerletLists,1.000000,vlp_c08,none,AoS,enabled,15420999,2481782,2437774,2431328,2443274,2430245,2417072,2419560,2420139,2420373,3732254,3732254,10
2025-10-02 14:30:58,6119,pairwise,PairwiseVerletLists,1.000000,vlp_c08,none,SoA,disabled,41628045,6360731,6313332,6291762,6291524,6309961,6314086,6317062,6308124,6320659,9845527,9845527,10
2025-10-02 14:30:58,6129,pairwise,PairwiseVerletLists,1.000000,vlp_c08,none,SoA,enabled,36065605,5010016,4866447,4828964,4829297,4830778,4799428,4793418,4778216,4796079,7959824,7959824,10
2025-10-02 14:33:20,10009,pairwise,LinkedCells,1.000000,lc_c01,none,AoS,disabled,1587356,1547545,1549116,1534685,1539999,1539368,1538944,1535022,1540996,1540752,1545378,1545378,10
2025-10-02 14:33:20,10019,pairwise,LinkedCells,1.000000,lc_c01,none,SoA,disabled,2711394,2545327,2535544,2543026,2544632,2535040,2555852,2510112,2522785,2518196,2552190,2552190,10
2025-10-02 14:33:20,10029,pairwise,LinkedCells,1.000000,lc_c01_combined_SoA,none,SoA,disabled,2240689,2249116,2242472,2240614,2257228,2253239,2255092,2272453,2331842,2281949,2262469,2262469,10
2025-10-02 14:33:20,10039,pairwise,LinkedCells,1.000000,lc_c04,none,AoS,disabled,581407,555281,539083,545235,540754,546238,543749,541647,533313,532951,545965,545965,10
2025-10-02 14:33:20,10049,pairwise,LinkedCells,1.000000,lc_c04,none,AoS,enabled,541884,536017,538884,536596,536896,536126,543780,539582,542070,537664,538949,538949,10
2025-10-02 14:33:20,10059,pairwise,LinkedCells,1.000000,lc_c04,none,SoA,disabled,1791136,1738280,1749832,1748886,1766079,1727032,1736724,1728034,1769450,1727624,1748307,1748307,10
2025-10-02 14:33:20,10069,pairwise,LinkedCells,1.000000,lc_c04,none,SoA,enabled,1763141,1719636,1732287,1730908,1775521,1726719,1732377,1754847,1735980,1729549,1740096,1740096,10
2025-10-02 14:33:20,10079,pairwise,LinkedCells,1.000000,lc_c04_HCP,none,AoS,disabled,656811,594088,585236,587821,590539,575308,566386,570324,570332,573433,587027,587027,10
2025-10-02 14:33:20,10089,pairwise,LinkedCells,1.000000,lc_c04_HCP,none,AoS,enabled,577067,571211,572140,570393,570975,570783,581045,592875,569402,563271,573916,573916,10
2025-10-02 14:33:20,10099,pairwise,LinkedCells,1.000000,lc_c04_HCP,none,SoA,disabled,2013526,2007046,2001419,2011903,2004041,1989602,1999896,2009789,2024865,2030035,2009211,2009211,10
2025-10-02 14:33:20,10109,pairwise,LinkedCells,1.000000,lc_c04_HCP,none,SoA,enabled,2019204,2011268,2018554,2011869,2031938,2038847,2000904,2023857,2003916,1995511,2015586,2015586,10
2025-10-02 14:33:20,10119,pairwise,LinkedCells,1.000000,lc_c04_combined_SoA,none,SoA,disabled,2684440,2587689,2626958,2598143,2665797,2585686,2648971,2568361,2635203,2597024,2619827,2619827,10
2025-10-02 14:33:20,10129,pairwise,LinkedCells,1.000000,lc_c04_combined_SoA,none,SoA,enabled,2425216,2333700,2354263,2358000,2375953,2330232,2364878,2344156,2374755,2445697,2370685,2370685,10
2025-10-02 14:33:20,10139,pairwise,LinkedCells,1.000000,lc_c08,none,AoS,disabled,1826723,1778638,1769121,1770616,1765517,1766606,1772972,1780039,1762888,1771508,1776462,1776462,10
2025-10-02 14:33:20,10149,pairwise,LinkedCells,1.000000,lc_c08,none,AoS,enabled,1769645,1779655,1753072,1766781,1782212,1761601,1769798,1777205,1785701,1798566,1774423,1774423,10
2025-10-02 14:33:20,10159,pairwise,LinkedCells,1.000000,lc_c08,none,SoA,disabled,2990351,2985087,2977278,2985675,2991820,3023746,2969877,2973359,2950309,2935772,2978327,2978327,10
2025-10-02 14:33:21,10169,pairwise,LinkedCells,1.000000,lc_c08,none,SoA,enabled,2934479,2938538,3006044,2942357,2934968,2933391,2937621,2928632,2895304,2889615,2934094,2934094,10
2025-10-02 14:33:21,10179,pairwise,LinkedCells,1.000000,lc_c18,none,AoS,disabled,1852600,1832420,1826211,1822001,1819063,1820706,1819850,1825022,1829633,1826868,1827436,1827436,10
2025-10-02 14:33:21,10189,pairwise,LinkedCells,1.000000,lc_c18,none,AoS,enabled,1828808,1809970,1821293,1826485,1837104,2117241,1825774,1839017,1893444,1843766,1864289,1864289,10
2025-10-02 14:33:21,10199,pairwise,LinkedCells,1.000000,lc_c18,none,SoA,disabled,2440168,2505634,2497559,2498602,2513581,2498035,2485272,2480464,2460906,2485187,2486540,2486540,10
2025-10-02 14:33:21,10209,pairwise,LinkedCells,1.000000,lc_c18,none,SoA,enabled,2485673,2483512,2508832,2479608,2484941,2476911,2499554,2487264,2452750,2457272,2481631,2481631,10
2025-10-02 14:33:21,10219,pairwise,LinkedCells,1.000000,lc_sliced,none,AoS,disabled,537985,454813,434230,432103,426317,425600,435555,434292,436068,424243,444120,444120,10
2025-10-02 14:33:21,10229,pairwise,LinkedCells,1.000000,lc_sliced,none,AoS,enabled,723288,430287,428090,426478,430358,435042,429547,433290,426671,428597,459164,459164,10
2025-10-02 14:33:21,10239,pairwise,LinkedCells,1.000000,lc_sliced,none,SoA,disabled,2013062,1821296,1868246,1670037,1649464,1687398,1722357,1855278,1745214,1698275,1773062,1773062,10
2025-10-02 14:33:21,10249,pairwise,LinkedCells,1.000000,lc_sliced,none,SoA,enabled,1732368,1639692,1688457,1807528,1661223,1649156,1655485,1842440,1725739,1724487,1712657,1712657,10
2025-10-02 14:33:21,10259,pairwise,LinkedCells,1.000000,lc_sliced_balanced,none,AoS,disabled,458068,456015,444161,438738,442348,437589,440555,441438,438590,441797,443929,443929,10
2025-10-02 14:33:21,10269,pairwise,LinkedCells,1.000000,lc_sliced_balanced,none,AoS,enabled,432175,443725,443804,442415,441994,438553,437469,439379,434555,444485,439854,439854,10
2025-10-02 14:33:21,10279,pairwise,LinkedCells,1.000000,lc_sliced_balanced,none,SoA,disabled,1805539,1743346,1803264,1915471,1793366,1698866,1730326,1758347,1924204,1730735,1790346,1790346,10
2025-10-02 14:33:21,10289,pairwise,LinkedCells,1.000000,lc_sliced_balanced,none,SoA,enabled,1785892,1684347,1720057,1759595,1926849,1711067,1902512,1772719,1938916,1922524,1812447,1812447,10
2025-10-02 14:33:21,10299,pairwise,LinkedCells,1.000000,lc_sliced_balanced,squared-particles-per-cell,AoS,disabled,946939,802869,764369,758851,755908,755698,753666,746811,751458,753656,779022,779022,10
2025-10-02 14:33:21,10309,pairwise,LinkedCells,1.000000,lc_sliced_balanced,squared-particles-per-cell,AoS,enabled,767514,742230,743883,743970,740865,743423,746207,743797,746907,744782,746357,746357,10
2025-10-02 14:33:21,10319,pairwise,LinkedCells,1.000000,lc_sliced_balanced,squared-particles-per-cell,SoA,disabled,2743674,2581505,2548805,2561388,2539846,2521289,2583575,2580884,2529170,2527683,2571781,2571781,10
2025-10-02 14:33:21,10329,pairwise,LinkedCells,1.000000,lc_sliced_balanced,squared-particles-per-cell,SoA,enabled,2604704,2534925,2527041,2531452,2540373,2542704,2528523,2544897,2544806,2525688,2542511,2542511,10
2025-10-02 14:33:21,10339,pairwise,LinkedCells,1.000000,lc_sliced_c02,none,AoS,disabled,630595,478599,446173,430325,424004,422063,422467,423269,420880,415602,451396,451396,10
2025-10-02 14:33:21,10349,pairwise,LinkedCells,1.000000,lc_sliced_c02,none,AoS,enabled,417875,423003,421621,422023,420586,416511,416210,416675,425033,421156,420069,420069,10
2025-10-02 14:33:21,10359,pairwise,LinkedCells,1.000000,lc_sliced_c02,none,SoA,disabled,1988592,1692990,1647615,1648498,1638278,1637961,1656336,1650411,1661836,1649208,1687172,1687172,10
2025-10-02 14:33:21,10369,pairwise,LinkedCells,1.000000,lc_sliced_c02,none,SoA,enabled,1814602,1648131,1643216,1643848,1641214,1643281,1653677,1650135,1644040,1645018,1662716,1662716,10
2025-10-02 14:33:21,10379,pairwise,VerletClusterLists,1.000000,vcl_c01_balanced,none,AoS,disabled,100263,47879,47507,48571,49470,46579,46556,46737,46221,47193,52697,52697,10
2025-10-02 14:33:21,10389,pairwise,VerletClusterLists,1.000000,vcl_c01_balanced,none,SoA,disabled,94689,64465,62077,62708,63721,63698,61961,64150,64468,61775,66370,66370,10
2025-10-02 14:33:21,10399,pairwise,VerletClusterLists,1.000000,vcl_c06,none,AoS,disabled,90280,73950,73712,76345,76046,76666,71807,73833,74561,76661,76385,76385,10
2025-10-02 14:33:21,10409,pairwise,VerletClusterLists,1.000000,vcl_c06,none,AoS,enabled,88995,71772,72899,72767,71017,69900,71434,71254,70533,74289,73485,73485,10
2025-10-02 14:33:21,10419,pairwise,VerletClusterLists,1.000000,vcl_c06,none,SoA,disabled,109540,89382,87078,85083,84342,89377,91288,88306,88808,84715,89791,89791,10
2025-10-02 14:33:21,10429,pairwise,VerletClusterLists,1.000000,vcl_c06,none,SoA,enabled,106592,87913,87998,92025,85255,86401,86351,91549,89097,90527,90370,90370,10
2025-10-02 14:33:21,10439,pairwise,VerletClusterLists,1.000000,vcl_sliced,none,AoS,disabled,74872,50536,54922,54897,51608,51944,57454,51559,55539,52381,55570,55570,10
2025-10-02 14:33:21,10449,pairwise,VerletClusterLists,1.000000,vcl_sliced,none,AoS,enabled,72043,51988,53024,50905,49079,50106,51481,54220,51742,51542,53612,53612,10
2025-10-02 14:33:21,10459,pairwise,VerletClusterLists,1.000000,vcl_sliced,none,SoA,disabled,86373,67788,65841,65967,66572,68356,67827,67493,66800,67882,69089,69089,10
2025-10-02 14:33:21,10469,pairwise,VerletClusterLists,1.000000,vcl_sliced,none,SoA,enabled,83140,66360,68472,66024,63794,66515,71115,67205,66319,63541,68247,68247,10
2025-10-02 14:33:21,10479,pairwise,VerletClusterLists,1.000000,vcl_sliced_balanced,none,AoS,disabled,75733,54258,56939,52785,54747,53976,53125,55901,55177,54881,56752,56752,10
2025-10-02 14:33:21,10489,pairwise,VerletClusterLists,1.000000,vcl_sliced_balanced,none,AoS,enabled,73941,53793,53614,53169,53551,53104,54483,53376,54690,56167,55988,55988,10
2025-10-02 14:33:21,10499,pairwise,VerletClusterLists,1.000000,vcl_sliced_balanced,none,SoA,disabled,85504,69513,68243,68539,68942,67539,70337,69778,68932,68833,70615,70615,10
2025-10-02 14:33:21,10509,pairwise,VerletClusterLists,1.000000,vcl_sliced_balanced,none,SoA,enabled,87399,69355,68049,69271,68355,67732,67679,67474,68292,68874,70247,70247,10
2025-10-02 14:33:21,10519,pairwise,VerletClusterLists,1.000000,vcl_sliced_balanced,neighbor-list-length,AoS,disabled,85833,55548,55390,53175,54549,54154,53452,53333,54947,59863,58023,58023,10
2025-10-02 14:33:21,10529,pairwise,VerletClusterLists,1.000000,vcl_sliced_balanced,neighbor-list-length,AoS,enabled,70122,55276,52704,53470,54679,54899,56816,53314,54191,53363,55883,55883,10
2025-10-02 14:33:21,10539,pairwise,VerletClusterLists,1.000000,vcl_sliced_balanced,neighbor-list-length,SoA,disabled,87707,69693,69088,72331,68326,68698,70670,69224,69135,75578,72044,72044,10
2025-10-02 14:33:21,10549,pairwise,VerletClusterLists,1.000000,vcl_sliced_balanced,neighbor-list-length,SoA,enabled,84665,71251,68243,71246,71660,76503,68814,68707,67951,67686,71672,71672,10
2025-10-02 14:33:21,10559,pairwise,VerletClusterLists,1.000000,vcl_sliced_c02,none,AoS,disabled,82308,59398,56058,58855,55946,56052,56666,53391,55194,55192,58905,58905,10
2025-10-02 14:33:21,10569,pairwise,VerletClusterLists,1.000000,vcl_sliced_c02,none,AoS,enabled,69798,54362,52039,52564,52079,54082,54945,54744,52991,51070,54867,54867,10
2025-10-02 14:33:21,10579,pairwise,VerletClusterLists,1.000000,vcl_sliced_c02,none,SoA,disabled,85303,66145,71521,68823,67339,69394,71278,68283,67363,68823,70426,70426,10
2025-10-02 14:33:21,10589,pairwise,VerletClusterLists,1.000000,vcl_sliced_c02,none,SoA,enabled,84780,68686,69287,68672,66341,73638,69136,68839,68389,66946,70470,70470,10
2025-10-02 14:33:21,10599,pairwise,VerletLists,1.000000,vl_list_iteration,none,AoS,disabled,3756305,51893,49354,50655,50485,55449,53129,50945,51693,52085,422199,422199,10
2025-10-02 14:33:21,10609,pairwise,VerletLists,1.000000,vl_list_iteration,none,SoA,disabled,6924689,1396705,1304740,1245588,1225445,1220167,1220111,1229154,1207004,1219663,1819326,1819326,10
2025-10-02 14:33:21,10619,pairwise,VerletListsCells,1.000000,vlc_c01,none,AoS,disabled,21270515,1506956,1505001,1507708,1502868,1501956,1502797,1502782,1500798,1500742,3480212,3480212,10
2025-10-02 14:33:21,10629,pairwise,VerletListsCells,1.000000,vlc_c01,none,SoA,disabled,25604704,2753670,2689813,2683795,2678342,2688103,2697675,2700370,2663902,2651939,4981231,4981231,10
2025-10-02 14:33:21,10639,pairwise,VerletListsCells,1.000000,vlc_c18,none,AoS,disabled,14538083,1819438,1817683,1808032,1811150,1818947,1810357,1816922,1814328,1808945,3086388,3086388,10
2025-10-02 14:33:21,10649,pairwise,VerletListsCells,1.000000,vlc_c18,none,AoS,enabled,13959214,1821452,1810185,1816952,1814709,1815402,1810653,1814452,2131356,1814811,3060917,3060917,10
2025-10-02 14:33:21,10659,pairwise,VerletListsCells,1.000000,vlc_c18,none,SoA,disabled,17642518,2991486,3000895,3021594,3087003,3038444,3030849,2997816,3003141,2998132,4481187,4481187,10
2025-10-02 14:33:21,10669,pairwise,VerletListsCells,1.000000,vlc_c18,none,SoA,enabled,16920147,3011964,2991160,3013404,3015269,3084445,3038838,3017118,3003188,2982506,4407803,4407803,10
2025-10-02 14:33:21,10679,pairwise,VerletListsCells,1.000000,vlc_c08,none,AoS,disabled,10325685,1672079,1663949,1671894,1667872,1668360,1670831,1669071,1664657,1670448,2534484,2534484,10
2025-10-02 14:33:21,10689,pairwise,VerletListsCells,1.000000,vlc_c08,none,AoS,enabled,9772998,1669512,1672854,1671591,1674835,1669718,1669528,1669833,1669807,1663840,2480451,2480451,10
2025-10-02 14:33:21,10699,pairwise,VerletListsCells,1.000000,vlc_c08,none,SoA,disabled,13572442,2949126,2952397,2924409,2922609,2963083,2974870,2976610,2931663,2929340,4009654,4009654,10
2025-10-02 14:33:21,10709,pairwise,VerletListsCells,1.000000,vlc_c08,none,SoA,enabled,13227953,2997733,2977610,2947966,2947311,2944827,2974399,3059494,2967651,2961712,4000665,4000665,10
2025-10-02 14:33:21,10719,pairwise,VerletListsCells,1.000000,vlc_sliced,none,AoS,disabled,12149329,106239,99794,100633,97760,100179,97224,98056,101273,100565,1305104,1305104,10
2025-10-02 14:33:21,10729,pairwise,VerletListsCells,1.000000,vlc_sliced,none,AoS,enabled,11901395,100581,97184,101536,97701,101081,98419,99142,96148,95662,1278884,1278884,10
2025-10-02 14:33:22,10739,pairwise,VerletListsCells,1.000000,vlc_sliced,none,SoA,disabled,16141013,1370795,1337656,1326905,1327269,1324863,1314966,1308476,1302769,1306001,2806071,2806071,10
2025-10-02 14:33:22,10749,pairwise,VerletListsCells,1.000000,vlc_sliced,none,SoA,enabled,15700003,1369411,1312530,1311137,1309311,1303095,1300598,1283083,1298771,1291237,2747917,2747917,10
2025-10-02 14:33:22,10759,pairwise,VerletListsCells,1.000000,vlc_sliced_balanced,none,AoS,disabled,12729010,108847,103524,104703,103033,102877,101747,101472,101234,103408,1365985,1365985,10
2025-10-02 14:33:22,10769,pairwise,VerletListsCells,1.000000,vlc_sliced_balanced,none,AoS,enabled,12403699,101936,101074,100610,102270,101986,100719,102088,101289,105399,1332106,1332106,10
2025-10-02 14:33:22,10779,pairwise,VerletListsCells,1.000000,vlc_sliced_balanced,none,SoA,disabled,16177307,1359007,1311249,1310403,1300303,1301011,1289743,1289717,1294489,1295088,2792831,2792831,10
2025-10-02 14:33:22,10789,pairwise,VerletListsCells,1.000000,vlc_sliced_balanced,none,SoA,enabled,15727414,1381819,1337384,1329537,1306971,1303528,1295586,1297896,1296081,1299278,2757549,2757549,10
2025-10-02 14:33:22,10799,pairwise,VerletListsCells,1.000000,vlc_sliced_balanced,squared-particles-per-cell,AoS,disabled,11680569,154889,141835,138744,146136,140225,140639,141028,137637,138681,1296037,1296037,10
2025-10-02 14:33:22,10809,pairwise,VerletListsCells,1.000000,vlc_sliced_balanced,squared-particles-per-cell,AoS,enabled,12565392,152771,148318,140992,141099,142895,141380,140739,140645,145204,1385943,1385943,10
2025-10-02 14:33:22,10819,pairwise,VerletListsCells,1.000000,vlc_sliced_balanced,squared-particles-per-cell,SoA,disabled,15927975,1338232,1322457,1320193,1295694,1286037,1277714,1269310,1281227,1285716,2760454,2760454,10
2025-10-02 14:33:22,10829,pairwise,VerletListsCells,1.000000,vlc_sliced_balanced,squared-particles-per-cell,SoA,enabled,16155602,1324399,1303138,1302943,1301901,1297082,1298847,1300047,1291254,1290779,2786598,2786598,10
2025-10-02 14:33:22,10839,pairwise,VerletListsCells,1.000000,vlc_sliced_balanced,neighbor-list-length,AoS,disabled,11575895,127679,125733,124940,126289,124226,124582,122569,123400,125688,1270099,1270099,10
2025-10-02 14:33:22,10849,pairwise,VerletListsCells,1.000000,vlc_sliced_balanced,neighbor-list-length,AoS,enabled,12576780,127897,132220,122827,124341,128359,124414,123756,127091,123726,1371141,1371141,10
2025-10-02 14:33:22,10859,pairwise,VerletListsCells,1.000000,vlc_sliced_balanced,neighbor-list-length,SoA,disabled,16320388,1411182,1376602,1369321,1366432,1358574,1366127,1364232,1357612,1343949,2863441,2863441,10
2025-10-02 14:33:22,10869,pairwise,VerletListsCells,1.000000,vlc_sliced_balanced,neighbor-list-length,SoA,enabled,16071473,1410677,1389589,1354454,1350719,1359249,1349327,1349593,1355210,1360528,2835081,2835081,10
2025-10-02 14:33:22,10879,pairwise,VerletListsCells,1.000000,vlc_sliced_c02,none,AoS,disabled,11609902,103471,103825,97511,99295,98890,98035,98393,98109,101551,1250897,1250897,10
2025-10-02 14:33:22,10889,pairwise,VerletListsCells,1.000000,vlc_sliced_c02,none,AoS,enabled,12036685,99094,97052,103408,99030,103204,98713,103794,98234,104701,1294391,1294391,10
2025-10-02 14:33:22,10899,pairwise,VerletListsCells,1.000000,vlc_sliced_c02,none,SoA,disabled,16005542,1433280,1322818,1325469,1323690,1309040,1307848,1303051,1301520,1302774,2793502,2793502,10
2025-10-02 14:33:22,10909,pairwise,VerletListsCells,1.000000,vlc_sliced_c02,none,SoA,enabled,15826576,1358402,1319779,1319400,1319621,1316147,1309658,1293888,1294652,1302784,2766090,2766090,10
2025-10-02 14:33:22,10919,pairwise,PairwiseVerletLists,1.000000,vlp_c01,none,AoS,disabled,16736719,1829962,1813045,1805115,1820638,1800811,1791557,1796765,1795021,1797490,3298711,3298711,10
2025-10-02 14:33:22,10929,pairwise,PairwiseVerletLists,1.000000,vlp_c01,none,SoA,disabled,30339318,3844479,3570144,3500876,3480878,3481189,3473977,3471313,3403072,3394858,6196009,6196009,10
2025-10-02 14:33:22,10939,pairwise,PairwiseVerletLists,1.000000,vlp_c18,none,AoS,disabled,15112417,2128706,2121036,2100403,2102798,2094359,2086206,2100276,2085051,2092479,3402373,3402373,10
2025-10-02 14:33:22,10949,pairwise,PairwiseVerletLists,1.000000,vlp_c18,none,AoS,enabled,15139455,2128450,2118720,2093933,2093703,2089681,2090677,2095578,2088329,2091531,3403005,3403005,10
2025-10-02 14:33:22,10959,pairwise,PairwiseVerletLists,1.000000,vlp_c18,none,SoA,disabled,39402247,4076528,3980360,3985411,3917286,3780030,3768291,3835832,3751967,3750725,7424867,7424867,10
2025-10-02 14:33:22,10969,pairwise,PairwiseVerletLists,1.000000,vlp_c18,none,SoA,enabled,35126934,4147857,3969305,3902398,3865035,3840681,3801335,3789036,3769880,3737045,6994950,6994950,10
2025-10-02 14:33:22,10979,pairwise,PairwiseVerletLists,1.000000,vlp_sliced,none,AoS,disabled,13933784,833284,780087,759921,747764,763502,749512,735950,731828,724362,2075998,2075998,10
2025-10-02 14:33:22,10989,pairwise,PairwiseVerletLists,1.000000,vlp_sliced,none,AoS,enabled,13696363,791242,834359,809111,747076,790684,812125,721089,801805,813429,2081728,2081728,10
2025-10-02 14:33:22,10999,pairwise,PairwiseVerletLists,1.000000,vlp_sliced,none,SoA,disabled,35950194,2877264,2714077,2658217,2659648,2679751,2680868,2668501,2653989,2745613,6028812,6028812,10
2025-10-02 14:33:23,11009,pairwise,PairwiseVerletLists,1.000000,vlp_sliced,none,SoA,enabled,33526570,2922978,2706545,2679727,2701003,2701564,2717114,2693221,2717695,2711970,5807838,5807838,10
2025-10-02 14:33:23,11019,pairwise,PairwiseVerletLists,1.000000,vlp_sliced_balanced,none,AoS,disabled,13791600,837032,805403,771741,767123,769878,760944,764597,758136,772519,2079897,2079897,10
2025-10-02 14:33:23,11029,pairwise,PairwiseVerletLists,1.000000,vlp_sliced_balanced,none,AoS,enabled,13694334,807126,773152,767747,779493,775268,768228,781285,762825,766104,2067556,2067556,10
2025-10-02 14:33:23,11039,pairwise,PairwiseVerletLists,1.000000,vlp_sliced_balanced,none,SoA,disabled,34187600,2891439,2660885,2620849,2577743,2586368,2525824,2625386,2623519,2626206,5792581,5792581,10
2025-10-02 14:33:23,11049,pairwise,PairwiseVerletLists,1.000000,vlp_sliced_balanced,none,SoA,enabled,33850580,2898647,2674058,2660856,2582342,2595781,2616205,2558386,2564801,2617209,5761886,5761886,10
2025-10-02 14:33:23,11059,pairwise,PairwiseVerletLists,1.000000,vlp_sliced_c02,none,AoS,disabled,13970234,1025879,942611,962694,919273,915489,935112,902172,909674,926651,2240978,2240978,10
2025-10-02 14:33:23,11069,pairwise,PairwiseVerletLists,1.000000,vlp_sliced_c02,none,AoS,enabled,13781377,971337,940287,929788,920366,905736,921885,929917,920707,909462,2213085,2213085,10
2025-10-02 14:33:23,11079,pairwise,PairwiseVerletLists,1.000000,vlp_sliced_c02,none,SoA,disabled,34137275,3076408,2786142,2771176,2875835,2913609,2872205,2826184,2800967,2772773,5983257,5983257,10
2025-10-02 14:33:23,11089,pairwise,PairwiseVerletLists,1.000000,vlp_sliced_c02,none,SoA,enabled,33552332,3053589,2934460,2798203,2789993,2837096,2827854,2742717,2748123,2788916,5907328,5907328,10
2025-10-02 14:33:23,11099,pairwise,PairwiseVerletLists,1.000000,vlp_c08,none,AoS,disabled,16623063,3417932,3413831,3400501,3396949,3407560,3402779,3391900,3405217,3405925,4726565,4726565,10
2025-10-02 14:33:23,11109,pairwise,PairwiseVerletLists,1.000000,vlp_c08,none,AoS,enabled,15424662,2487840,2444214,2432388,2438756,2433745,2422718,2422539,2432717,2543065,3748263,3748263,10
2025-10-02 14:33:23,11119,pairwise,PairwiseVerletLists,1.000000,vlp_c08,none,SoA,disabled,37858325,6320834,6278997,6242436,6214227,6150504,6162018,6196428,6254221,6245816,9392379,9392379,10
2025-10-02 14:33:23,11129,pairwise,PairwiseVerletLists,1.000000,vlp_c08,none,SoA,enabled,35717678,4966070,4835320,4794018,4810624,4825421,4796778,4779537,4794859,4780412,7910071,7910071,10
2025-10-02 14:35:47,15009,pairwise,LinkedCells,1.000000,lc_c01,none,AoS,disabled,1592079,1545456,1546776,1538650,1536881,1539190,1535164,1534586,1533391,1539350,1544152,1544152,10
2025-10-02 14:35:47,15019,pairwise,LinkedCells,1.000000,lc_c01,none,SoA,disabled,2614727,2511309,2537681,2533506,2531159,2550898,2538897,2541133,2534792,2522593,2541669,2541669,10
2025-10-02 14:35:47,15029,pairwise,LinkedCells,1.000000,lc_c01_combined_SoA,none,SoA,disabled,2243514,2255702,2256164,2241065,2257072,2253683,2249665,2239979,2254275,2269364,2252047,2252047,10
2025-10-02 14:35:47,15039,pairwise,LinkedCells,1.000000,lc_c04,none,AoS,disabled,567895,549385,535943,540305,541881,537159,540556,536195,537847,539004,542616,542616,10
2025-10-02 14:35:47,15049,pairwise,LinkedCells,1.000000,lc_c04,none,AoS,enabled,545097,542533,539477,541977,540804,539760,535377,534700,535273,534062,538905,538905,10
2025-10-02 14:35:47,15059,pairwise,LinkedCells,1.000000,lc_c04,none,SoA,disabled,1794151,1774692,1735480,1768462,1743464,1734228,1750482,1747146,1720169,1733071,1750133,1750133,10
2025-10-02 14:35:47,15069,pairwise,LinkedCells,1.000000,lc_c04,none,SoA,enabled,1730816,1729743,1749949,1763129,1752280,1762402,1734825,1749281,1747464,1742093,1746197,1746197,10
2025-10-02 14:35:47,15079,pairwise,LinkedCells,1.000000,lc_c04_HCP,none,AoS,disabled,629061,583488,587265,591648,570590,570667,571825,569053,566758,567577,580793,580793,10
2025-10-02 14:35:47,15089,pairwise,LinkedCells,1.000000,lc_c04_HCP,none,AoS,enabled,564542,565082,565833,560840,564960,566379,563986,565107,565576,562364,564466,564466,10
2025-10-02 14:35:47,15099,pairwise,LinkedCells,1.000000,lc_c04_HCP,none,SoA,disabled,2000134,2016163,2004982,2015249,2031741,2001778,2005868,2011675,2005551,2005147,2009828,2009828,10
2025-10-02 14:35:47,15109,pairwise,LinkedCells,1.000000,lc_c04_HCP,none,SoA,enabled,2010598,2004772,2012197,2012539,2002221,2016392,2016878,2012650,2007120,2015007,2011037,2011037,10
2025-10-02 14:35:47,15119,pairwise,LinkedCells,1.000000,lc_c04_combined_SoA,none,SoA,disabled,2490389,2516034,2469986,2512123,2455858,2460782,2521284,2513431,2504166,2515770,2495981,2495981,10
2025-10-02 14:35:47,15129,pairwise,LinkedCells,1.000000,lc_c04_combined_SoA,none,SoA,enabled,2307910,2285384,2310600,2295282,2324200,2334377,2337929,2323220,2313752,2392658,2322530,2322530,10
2025-10-02 14:35:47,15139,pairwise,LinkedCells,1.000000,lc_c08,none,AoS,disabled,1815799,1785007,1764495,1767768,1772436,1772322,1763753,1774310,1765772,1772910,1775456,1775456,10
2025-10-02 14:35:47,15149,pairwise,LinkedCells,1.000000,lc_c08,none,AoS,enabled,1771189,1763998,1778426,1770547,1762640,1764672,1772395,1764163,1771568,1778689,1769828,1769828,10
2025-10-02 14:35:48,15159,pairwise,LinkedCells,1.000000,lc_c08,none,SoA,disabled,2932355,2969913,2940811,2947845,2958716,2935865,2943805,2956247,2950431,2984073,2952005,2952005,10
2025-10-02 14:35:48,15169,pairwise,LinkedCells,1.000000,lc_c08,none,SoA,enabled,2977598,3009004,2985947,3032134,3010642,3021920,2978379,2999122,2895566,2864520,2977482,2977482,10
2025-10-02 14:35:48,15179,pairwise,LinkedCells,1.000000,lc_c18,none,AoS,disabled,1860662,1834154,1813746,1833065,1822847,1828214,1829229,1839041,1836265,1826182,1832339,1832339,10
2025-10-02 14:35:48,15189,pairwise,LinkedCells,1.000000,lc_c18,none,AoS,enabled,1822783,1819842,1825668,1825258,1819727,1827059,1816245,1807824,1837533,1837202,1823913,1823913,10
2025-10-02 14:35:48,15199,pairwise,LinkedCells,1.000000,lc_c18,none,SoA,disabled,2413516,2489786,2492803,2480662,2473836,2477689,2474144,2480893,2459948,2456854,2470012,2470012,10
2025-10-02 14:35:48,15209,pairwise,LinkedCells,1.000000,lc_c18,none,SoA,enabled,2467072,2465497,2478361,2508424,2501176,2502789,2529559,2503689,2464807,2458266,2487963,2487963,10
2025-10-02 14:35:48,15219,pairwise,LinkedCells,1.000000,lc_sliced,none,AoS,disabled,487964,465535,442034,442093,429772,426960,426310,424174,427759,432630,440522,440522,10
2025-10-02 14:35:48,15229,pairwise,LinkedCells,1.000000,lc_sliced,none,AoS,enabled,424633,426402,429910,425010,432009,429654,432152,426664,426549,427973,428095,428095,10
2025-10-02 14:35:48,15239,pairwise,LinkedCells,1.000000,lc_sliced,none,SoA,disabled,1950121,1690952,1749863,1689025,1803611,1734978,1725026,1798361,1743661,1652196,1753778,1753778,10
2025-10-02 14:35:48,15249,pairwise,LinkedCells,1.000000,lc_sliced,none,SoA,enabled,1875776,1668295,1721272,1764346,1643469,1861407,1858487,1650500,1741316,1857627,1764248,1764248,10
2025-10-02 14:35:48,15259,pairwise,LinkedCells,1.000000,lc_sliced_balanced,none,AoS,disabled,550319,448714,433374,431805,431261,432197,437508,434793,438583,428944,446749,446749,10
2025-10-02 14:35:48,15269,pairwise,LinkedCells,1.000000,lc_sliced_balanced,none,AoS,enabled,425760,430942,436916,434817,442891,436512,428075,428278,429219,428711,432212,432212,10
2025-10-02 14:35:48,15279,pairwise,LinkedCells,1.000000,lc_sliced_balanced,none,SoA,disabled,1743586,1632804,1662783,1667718,1640232,1706659,1579370,1612401,1612861,1758848,1661725,1661725,10
2025-10-02 14:35:48,15289,pairwise,LinkedCells,1.000000,lc_sliced_balanced,none,SoA,enabled,1715306,1672095,1880625,1810215,1610594,1620877,1618760,1616823,1650086,1683788,1687916,1687916,10
2025-10-02 14:35:48,15299,pairwise,LinkedCells,1.000000,lc_sliced_balanced,squared-particles-per-cell,AoS,disabled,969829,786174,733632,737069,734142,734748,732713,735482,729475,731055,762431,762431,10
2025-10-02 14:35:48,15309,pairwise,LinkedCells,1.000000,lc_sliced_balanced,squared-particles-per-cell,AoS,enabled,785615,722312,719771,723752,723116,722864,726778,726436,720327,729293,730025,730025,10
2025-10-02 14:35:48,15319,pairwise,LinkedCells,1.000000,lc_sliced_balanced,squared-particles-per-cell,SoA,disabled,2689127,2563028,2664284,2519049,2522226,2522241,2571257,2524506,2554643,2513168,2564352,2564352,10
2025-10-02 14:35:48,15329,pairwise,LinkedCells,1.000000,lc_sliced_balanced,squared-particles-per-cell,SoA,enabled,2688912,2545070,2525138,2563473,2574270,2516680,2703336,2507166,2529381,2543038,2569645,2569645,10
2025-10-02 14:35:48,15339,pairwise,LinkedCells,1.000000,lc_sliced_c02,none,AoS,disabled,625500,486550,444657,430644,423237,426612,424468,417552,415879,418620,451371,451371,10
2025-10-02 14:35:48,15349,pairwise,LinkedCells,1.000000,lc_sliced_c02,none,AoS,enabled,415167,423227,419940,421891,414551,416723,416441,418868,420745,417249,418479,418479,10
2025-10-02 14:35:48,15359,pairwise,LinkedCells,1.000000,lc_sliced_c02,none,SoA,disabled,1895277,1686096,1656375,1639166,1643365,1652136,1644291,1625415,1638013,1645629,1672575,1672575,10
2025-10-02 14:35:48,15369,pairwise,LinkedCells,1.000000,lc_sliced_c02,none,SoA,enabled,1778619,1636790,1643168,1648464,1635360,1628618,1650230,1638011,1638366,1640937,1653855,1653855,10
2025-10-02 14:35:48,15379,pairwise,VerletClusterLists,1.000000,vcl_c01_balanced,none,AoS,disabled,105892,49269,48267,47718,47713,47710,47136,47501,46985,57311,54549,54549,10
2025-10-02 14:35:48,15389,pairwise,VerletClusterLists,1.000000,vcl_c01_balanced,none,SoA,disabled,88939,63302,62610,60973,63152,69248,63789,62284,63399,61863,65955,65955,10
2025-10-02 14:35:48,15399,pairwise,VerletClusterLists,1.000000,vcl_c06,none,AoS,disabled,91260,82657,70961,69250,69610,77986,70182,74745,71724,69408,74778,74778,10
2025-10-02 14:35:48,15409,pairwise,VerletClusterLists,1.000000,vcl_c06,none,AoS,enabled,90335,70537,70414,69934,73107,72870,74415,70655,70982,70960,73420,73420,10
2025-10-02 14:35:48,15419,pairwise,VerletClusterLists,1.000000,vcl_c06,none,SoA,disabled,108260,87457,85412,87722,85225,89258,86790,88605,86109,87493,89233,89233,10
2025-10-02 14:35:48,15429,pairwise,VerletClusterLists,1.000000,vcl_c06,none,SoA,enabled,106564,87361,86226,87653,86706,86832,92524,88787,86211,85430,89428,89428,10
2025-10-02 14:35:48,15439,pairwise,VerletClusterLists,1.000000,vcl_sliced,none,AoS,disabled,74449,53015,55620,54053,52487,52493,50981,50767,49941,50850,54465,54465,10
2025-10-02 14:35:48,15449,pairwise,VerletClusterLists,1.000000,vcl_sliced,none,AoS,enabled,72391,50182,53040,49030,51593,50457,50873,50961,48996,51743,52925,52925,10
2025-10-02 14:35:48,15459,pairwise,VerletClusterLists,1.000000,vcl_sliced,none,SoA,disabled,86608,64567,74863,70289,64388,64808,63119,67210,65480,65881,68720,68720,10
2025-10-02 14:35:48,15469,pairwise,VerletClusterLists,1.000000,vcl_sliced,none,SoA,enabled,82733,65646,65504,65792,64025,64492,71216,63941,64921,64565,67282,67282,10
2025-10-02 14:35:48,15479,pairwise,VerletClusterLists,1.000000,vcl_sliced_balanced,none,AoS,disabled,79198,58633,56536,55293,53039,54468,56320,54838,53971,57070,57936,57936,10
2025-10-02 14:35:48,15489,pairwise,VerletClusterLists,1.000000,vcl_sliced_balanced,none,AoS,enabled,70608,55578,55834,55053,56427,55034,53753,53196,52877,53586,56194,56194,10
2025-10-02 14:35:48,15499,pairwise,VerletClusterLists,1.000000,vcl_sliced_balanced,none,SoA,disabled,85027,68665,68845,69364,69037,69348,67592,75643,70335,68086,71194,71194,10
2025-10-02 14:35:48,15509,pairwise,VerletClusterLists,1.000000,vcl_sliced_balanced,none,SoA,enabled,86627,68106,68376,72490,68281,70533,68852,71917,69383,68041,71260,71260,10
2025-10-02 14:35:48,15519,pairwise,VerletClusterLists,1.000000,vcl_sliced_balanced,neighbor-list-length,AoS,disabled,83892,55736,55197,55160,55229,53280,60204,54300,55594,53637,58222,58222,10
2025-10-02 14:35:48,15529,pairwise,VerletClusterLists,1.000000,vcl_sliced_balanced,neighbor-list-length,AoS,enabled,70764,53280,53074,53214,53463,53531,52246,54149,53074,53688,55048,55048,10
2025-10-02 14:35:48,15539,pairwise,VerletClusterLists,1.000000,vcl_sliced_balanced,neighbor-list-length,SoA,disabled,88740,69162,68078,69702,69542,70988,74556,70435,69326,70392,72091,72091,10
2025-10-02 14:35:48,15549,pairwise,VerletClusterLists,1.000000,vcl_sliced_balanced,neighbor-list-length,SoA,enabled,86648,67977,67200,69135,68163,68877,68441,71600,68810,74074,71092,71092,10
2025-10-02 14:35:48,15559,pairwise,VerletClusterLists,1.000000,vcl_sliced_c02,none,AoS,disabled,84945,54572,54093,52463,52567,54580,52963,53778,54345,52578,56687,56687,10
2025-10-02 14:35:48,15569,pairwise,VerletClusterLists,1.000000,vcl_sliced_c02,none,AoS,enabled,68312,53755,53818,53418,55109,52295,52459,54732,52829,56039,55276,55276,10
2025-10-02 14:35:48,15579,pairwise,VerletClusterLists,1.000000,vcl_sliced_c02,none,SoA,disabled,86385,68870,70993,66999,66078,68569,68186,66348,70180,67237,69984,69984,10
2025-10-02 14:35:48,15589,pairwise,VerletClusterLists,1.000000,vcl_sliced_c02,none,SoA,enabled,83444,68237,66268,67578,67738,68983,66636,66771,67741,68240,69162,69162,10
2025-10-02 14:35:48,15599,pairwise,VerletLists,1.000000,vl_list_iteration,none,AoS,disabled,3743459,51332,53751,50987,51150,50119,49914,50681,52128,51744,420525,420525,10
2025-10-02 14:35:48,15609,pairwise,VerletLists,1.000000,vl_list_iteration,none,SoA,disabled,6879254,1361320,1282429,1255787,1255871,1224642,1208562,1225316,1221367,1225091,1813963,1813963,10
2025-10-02 14:35:48,15619,pairwise,VerletListsCells,1.000000,vlc_c01,none,AoS,disabled,21248455,1501418,1501863,1493651,1500342,1503364,1506002,1506507,1557360,1508120,3482707,3482707,10
2025-10-02 14:35:48,15629,pairwise,VerletListsCells,1.000000,vlc_c01,none,SoA,disabled,25345245,2647177,2645135,2748495,2733586,2675569,2650059,2665181,2638746,2607268,4935645,4935645,10
2025-10-02 14:35:48,15639,pairwise,VerletListsCells,1.000000,vlc_c18,none,AoS,disabled,14571354,1814817,1814766,1816572,1811806,1816027,1815413,1822381,1812530,1812524,3090819,3090819,10
2025-10-02 14:35:48,15649,pairwise,VerletListsCells,1.000000,vlc_c18,none,AoS,enabled,13976259,1820128,1810136,1810378,1815228,1807021,1809564,1812956,1852219,1832475,3034635,3034635,10
2025-10-02 14:35:48,15659,pairwise,VerletListsCells,1.000000,vlc_c18,none,SoA,disabled,17172337,2923023,2907389,2901403,2971319,3040303,2976335,2998870,2987980,2954591,4383355,4383355,10
2025-10-02 14:35:48,15669,pairwise,VerletListsCells,1.000000,vlc_c18,none,SoA,enabled,16991285,2993956,2952065,2941986,2946655,2981115,2993871,3005898,3002254,2988307,4379738,4379738,10
2025-10-02 14:35:48,15679,pairwise,VerletListsCells,1.000000,vlc_c08,none,AoS,disabled,10335053,1678284,1670629,1676205,1667113,1673274,1675397,1669274,1673502,1669292,2538802,2538802,10
2025-10-02 14:35:48,15689,pairwise,VerletListsCells,1.000000,vlc_c08,none,AoS,enabled,9814742,1679236,1672299,1676181,1664745,1667280,1668558,1675958,1667887,1668991,2485587,2485587,10
2025-10-02 14:35:48,15699,pairwise,VerletListsCells,1.000000,vlc_c08,none,SoA,disabled,13920217,2962394,2898267,2875484,2899994,2871949,2892781,2922699,2951743,2951102,4014662,4014662,10
2025-10-02 14:35:48,15709,pairwise,VerletListsCells,1.000000,vlc_c08,none,SoA,enabled,13190102,2972594,2931371,2919580,2894181,2887455,2871548,2904953,2943250,2933081,3944811,3944811,10
2025-10-02 14:35:48,15719,pairwise,VerletListsCells,1.000000,vlc_sliced,none,AoS,disabled,12166108,99019,96791,98583,100944,101644,97700,96342,96956,95979,1305006,1305006,10
2025-10-02 14:35:49,15729,pairwise,VerletListsCells,1.000000,vlc_sliced,none,AoS,enabled,11911403,101754,100879,98297,98442,95560,96682,97388,99587,99951,1279993,1279993,10
2025-10-02 14:35:49,15739,pairwise,VerletListsCells,1.000000,vlc_sliced,none,SoA,disabled,16081417,1337884,1273096,1268459,1255895,1244073,1228322,1227220,1228666,1231701,2737673,2737673,10
2025-10-02 14:35:49,15749,pairwise,VerletListsCells,1.000000,vlc_sliced,none,SoA,enabled,15699015,1333401,1278500,1273365,1269274,1244112,1223721,1229129,1232790,1223011,2700631,2700631,10
2025-10-02 14:35:49,15759,pairwise,VerletListsCells,1.000000,vlc_sliced_balanced,none,AoS,disabled,12796735,108147,107975,105862,106778,105666,104941,107196,103885,105284,1375246,1375246,10
2025-10-02 14:35:49,15769,pairwise,VerletListsCells,1.000000,vlc_sliced_balanced,none,AoS,enabled,12425430,109791,108912,105067,105675,104950,104417,106037,105011,105546,1338083,1338083,10
2025-10-02 14:35:49,15779,pairwise,VerletListsCells,1.000000,vlc_sliced_balanced,none,SoA,disabled,16604294,1363241,1306384,1277143,1263047,1264183,1259049,1247546,1252385,1247306,2808457,2808457,10
2025-10-02 14:35:49,15789,pairwise,VerletListsCells,1.000000,vlc_sliced_balanced,none,SoA,enabled,15771719,1353721,1299511,1265067,1258972,1258343,1255860,1250530,1241471,1246091,2720127,2720127,10
2025-10-02 14:35:49,15799,pairwise,VerletListsCells,1.000000,vlc_sliced_balanced,squared-particles-per-cell,AoS,disabled,11649434,156188,142479,139516,140652,139096,139888,140928,144625,139121,1293192,1293192,10
2025-10-02 14:35:49,15809,pairwise,VerletListsCells,1.000000,vlc_sliced_balanced,squared-particles-per-cell,AoS,enabled,12506343,148525,143793,142372,142903,145475,148444,139289,143338,144986,1380546,1380546,10
2025-10-02 14:35:49,15819,pairwise,VerletListsCells,1.000000,vlc_sliced_balanced,squared-particles-per-cell,SoA,disabled,16232663,1328238,1312043,1308049,1311368,1306743,1295201,1314526,1330750,1309935,2804951,2804951,10
2025-10-02 14:35:49,15829,pairwise,VerletListsCells,1.000000,vlc_sliced_balanced,squared-particles-per-cell,SoA,enabled,15698332,1352895,1335253,1326464,1302579,1294746,1294729,1297469,1302495,1294038,2749899,2749899,10
2025-10-02 14:35:49,15839,pairwise,VerletListsCells,1.000000,vlc_sliced_balanced,neighbor-list-length,AoS,disabled,12134079,132657,129806,127575,129011,125993,127855,127141,127982,128947,1329103,1329103,10
2025-10-02 14:35:49,15849,pairwise,VerletListsCells,1.000000,vlc_sliced_balanced,neighbor-list-length,AoS,enabled,12418398,128569,132652,125502,130955,125041,129399,129645,126214,129572,1357594,1357594,10
2025-10-02 14:35:49,15859,pairwise,VerletListsCells,1.000000,vlc_sliced_balanced,neighbor-list-length,SoA,disabled,16323529,1360343,1321293,1298207,1292163,1286110,1294458,1302750,1299635,1290642,2806912,2806912,10
2025-10-02 14:35:49,15869,pairwise,VerletListsCells,1.000000,vlc_sliced_balanced,neighbor-list-length,SoA,enabled,16085891,1357515,1316295,1303607,1302399,1293327,1300770,1288816,1292393,1288964,2782997,2782997,10
2025-10-02 14:35:49,15879,pairwise,VerletListsCells,1.000000,vlc_sliced_c02,none,AoS,disabled,11589309,107255,99091,102104,98939,99329,98325,100027,97774,98286,1249043,1249043,10
2025-10-02 14:35:49,15889,pairwise,VerletListsCells,1.000000,vlc_sliced_c02,none,AoS,enabled,12071911,100491,103856,98055,102255,98374,102928,100768,98781,99482,1297689,1297689,10
2025-10-02 14:35:49,15899,pairwise,VerletListsCells,1.000000,vlc_sliced_c02,none,SoA,disabled,15935911,1359685,1337074,1315618,1306721,1300569,1301572,1293828,1301576,1283780,2773633,2773633,10
2025-10-02 14:35:49,15909,pairwise,VerletListsCells,1.000000,vlc_sliced_c02,none,SoA,enabled,15767944,1375912,1327065,1329335,1326778,1335035,1302062,1288255,1291666,1291528,2763557,2763557,10
2025-10-02 14:35:49,15919,pairwise,PairwiseVerletLists,1.000000,vlp_c01,none,AoS,disabled,16682418,1851408,1833555,1812864,1815602,1818012,1819209,1810770,1814569,1807829,3306623,3306623,10
2025-10-02 14:35:49,15929,pairwise,PairwiseVerletLists,1.000000,vlp_c01,none,SoA,disabled,30155166,3813101,3492163,3459530,3442137,3427597,3434068,3434184,3429340,3422927,6151021,6151021,10
2025-10-02 14:35:49,15939,pairwise,PairwiseVerletLists,1.000000,vlp_c18,none,AoS,disabled,15212587,2142683,2107780,2096757,2113072,2092028,2102520,2103876,2097473,2104699,3417347,3417347,10
2025-10-02 14:35:49,15949,pairwise,PairwiseVerletLists,1.000000,vlp_c18,none,AoS,enabled,15071195,2123809,2094788,2096654,2092456,2103128,2102153,2080507,2104687,2095898,3396527,3396527,10
2025-10-02 14:35:49,15959,pairwise,PairwiseVerletLists,1.000000,vlp_c18,none,SoA,disabled,37453730,3946297,3824672,3710902,3850862,3913084,3906053,4052435,3746576,3702109,7210671,7210671,10
2025-10-02 14:35:49,15969,pairwise,PairwiseVerletLists,1.000000,vlp_c18,none,SoA,enabled,35039996,4227457,3972602,3855467,3840533,3824433,3845540,3846970,3858382,3860092,7017146,7017146,10
2025-10-02 14:35:49,15979,pairwise,PairwiseVerletLists,1.000000,vlp_sliced,none,AoS,disabled,13996136,932917,761681,769679,759294,740028,751747,732888,759387,740744,2094449,2094449,10
2025-10-02 14:35:49,15989,pairwise,PairwiseVerletLists,1.000000,vlp_sliced,none,AoS,enabled,13720974,773271,751382,749899,755342,747669,760658,831858,784429,752283,2062776,2062776,10
2025-10-02 14:35:49,15999,pairwise,PairwiseVerletLists,1.000000,vlp_sliced,none,SoA,disabled,36109389,2805918,2656958,2693994,2711801,2729631,2696312,2677475,2618088,2635614,6033517,6033517,10
2025-10-02 14:35:50,16009,pairwise,PairwiseVerletLists,1.000000,vlp_sliced,none,SoA,enabled,33482999,2955448,2706309,2753150,2679086,2703235,2760806,2674478,2665143,2710757,5809141,5809141,10
2025-10-02 14:35:50,16019,pairwise,PairwiseVerletLists,1.000000,vlp_sliced_balanced,none,AoS,disabled,13890513,839940,818589,771122,767950,756656,766874,781447,769921,778655,2094166,2094166,10
2025-10-02 14:35:50,16029,pairwise,PairwiseVerletLists,1.000000,vlp_sliced_balanced,none,AoS,enabled,13754612,802340,776751,762529,767638,758761,759241,776803,763231,768655,2069056,2069056,10
2025-10-02 14:35:50,16039,pairwise,PairwiseVerletLists,1.000000,vlp_sliced_balanced,none,SoA,disabled,34247235,2922852,2696660,2593970,2631387,2607453,2535126,2602670,2555599,2566862,5795981,5795981,10
2025-10-02 14:35:50,16049,pairwise,PairwiseVerletLists,1.000000,vlp_sliced_balanced,none,SoA,enabled,34331022,2896091,2714862,2592121,2622665,2602448,2558868,2614653,2599217,2592909,5812485,5812485,10
2025-10-02 14:35:50,16059,pairwise,PairwiseVerletLists,1.000000,vlp_sliced_c02,none,AoS,disabled,14241612,978663,984062,917088,967358,923550,945386,911390,926688,919460,2271525,2271525,10
2025-10-02 14:35:50,16069,pairwise,PairwiseVerletLists,1.000000,vlp_sliced_c02,none,AoS,enabled,13751156,950042,917979,906092,922012,935149,923607,914771,912685,922910,2205640,2205640,10
2025-10-02 14:35:50,16079,pairwise,PairwiseVerletLists,1.000000,vlp_sliced_c02,none,SoA,disabled,34217134,3065020,2919638,2829260,2702332,2820726,2836912,2765485,2910410,2963792,6003070,6003070,10
2025-10-02 14:35:50,16089,pairwise,PairwiseVerletLists,1.000000,vlp_sliced_c02,none,SoA,enabled,33659094,3085300,2934905,2749955,2752216,2741677,2834757,2859086,2784057,2648250,5904929,5904929,10
2025-10-02 14:35:50,16099,pairwise,PairwiseVerletLists,1.000000,vlp_c08,none,AoS,disabled,16685585,3443244,3432001,3426512,3423479,3418661,3423499,3432846,3424098,3410218,4752014,4752014,10
2025-10-02 14:35:50,16109,pairwise,PairwiseVerletLists,1.000000,vlp_c08,none,AoS,enabled,15484037,2563932,2460999,2449105,2449961,2443005,2450226,2439958,2439317,2442613,3762314,3762314,10
2025-10-02 14:35:50,16119,pairwise,PairwiseVerletLists,1.000000,vlp_c08,none,SoA,disabled,37554409,6220098,6211520,6181573,6182237,6137416,6039982,6056691,6062590,6062912,9270942,9270942,10
2025-10-02 14:35:50,16129,pairwise,PairwiseVerletLists,1.000000,vlp_c08,none,SoA,enabled,36005498,4931649,4799833,4786859,4751871,4733190,4746005,4740086,4742470,4756176,7899362,7899362,10
2025-10-02 14:38:14,20009,pairwise,LinkedCells,1.000000,lc_c01,none,AoS,disabled,1588264,1541222,1542339,1542554,1540381,1536130,1532415,1538862,1542017,1535261,1543944,1543944,10
2025-10-02 14:38:14,20019,pairwise,LinkedCells,1.000000,lc_c01,none,SoA,disabled,2581403,2592861,2533511,2619733,2575434,2528729,2564523,2542091,2563299,2551374,2565295,2565295,10
2025-10-02 14:38:14,20029,pairwise,LinkedCells,1.000000,lc_c01_combined_SoA,none,SoA,disabled,2276574,2281961,2272156,2246910,2265661,2267930,2262148,2268418,2262578,2264785,2266911,2266911,10
2025-10-02 14:38:14,20039,pairwise,LinkedCells,1.000000,lc_c04,none,AoS,disabled,565916,545413,544510,539058,540626,549691,538581,545332,543851,539016,545198,545198,10
2025-10-02 14:38:14,20049,pairwise,LinkedCells,1.000000,lc_c04,none,AoS,enabled,536070,533374,539805,539413,542594,539729,539097,537597,538526,536187,538239,538239,10
2025-10-02 14:38:14,20059,pairwise,LinkedCells,1.000000,lc_c04,none,SoA,disabled,1795299,1751650,1729050,1731275,1760164,1721311,1730740,1736918,1746471,1756120,1745899,1745899,10
2025-10-02 14:38:14,20069,pairwise,LinkedCells,1.000000,lc_c04,none,SoA,enabled,1729892,1720412,1749783,1713874,1724672,1757660,1759509,1742723,1741086,1722902,1736250,1736250,10
2025-10-02 14:38:14,20079,pairwise,LinkedCells,1.000000,lc_c04_HCP,none,AoS,disabled,631683,576880,577659,577112,569772,578672,576080,584122,580086,574853,582691,582691,10
2025-10-02 14:38:14,20089,pairwise,LinkedCells,1.000000,lc_c04_HCP,none,AoS,enabled,566470,568403,565723,581209,582735,582183,565866,569585,566387,582192,573075,573075,10
2025-10-02 14:38:14,20099,pairwise,LinkedCells,1.000000,lc_c04_HCP,none,SoA,disabled,2027103,2013988,2018950,2024092,2009898,2024804,1994305,2004557,2004060,2024712,2014646,2014646,10
2025-10-02 14:38:14,20109,pairwise,LinkedCells,1.000000,lc_c04_HCP,none,SoA,enabled,2005736,2018646,2014769,1998454,2005820,2013132,1997025,1999253,2016286,2016001,2008511,2008511,10
2025-10-02 14:38:14,20119,pairwise,LinkedCells,1.000000,lc_c04_combined_SoA,none,SoA,disabled,2527435,2529110,2519725,2529617,2505132,2508514,2515408,2487820,2488859,2500333,2511194,2511194,10
2025-10-02 14:38:14,20129,pairwise,LinkedCells,1.000000,lc_c04_combined_SoA,none,SoA,enabled,2328352,2300771,2323043,2326989,2316094,2349004,2299807,2314673,2350745,2313477,2322295,2322295,10
2025-10-02 14:38:14,20139,pairwise,LinkedCells,1.000000,lc_c08,none,AoS,disabled,1829850,1849940,1786653,1837966,1817572,1777588,1759043,1766583,1765422,1772331,1796294,1796294,10
2025-10-02 14:38:14,20149,pairwise,LinkedCells,1.000000,lc_c08,none,AoS,enabled,1775817,1761291,1767189,1772511,1763315,1768069,1770793,1767381,1765719,1766668,1767874,1767874,10
2025-10-02 14:38:14,20159,pairwise,LinkedCells,1.000000,lc_c08,none,SoA,disabled,2929929,2864281,2918974,2945251,2953325,2949021,2962336,2951856,2990565,2949218,2941475,2941475,10
2025-10-02 14:38:14,20169,pairwise,LinkedCells,1.000000,lc_c08,none,SoA,enabled,2993566,2949610,2959604,2981349,2977652,2977195,2984931,2992129,2993445,2996332,2980580,2980580,10
2025-10-02 14:38:14,20179,pairwise,LinkedCells,1.000000,lc_c18,none,AoS,disabled,1867446,1858875,1845604,1830421,1818210,1818036,1829257,1829810,1826844,1819585,1834408,1834408,10
2025-10-02 14:38:14,20189,pairwise,LinkedCells,1.000000,lc_c18,none,AoS,enabled,1826440,1832593,1828900,1831437,1819539,1831063,1825198,2189667,1836568,1835675,1865707,1865707,10
2025-10-02 14:38:14,20199,pairwise,LinkedCells,1.000000,lc_c18,none,SoA,disabled,2409141,2525186,2504610,2479075,2507661,2480905,2537999,2484750,2483580,2497514,2491041,2491041,10
2025-10-02 14:38:14,20209,pairwise,LinkedCells,1.000000,lc_c18,none,SoA,enabled,2481449,2491232,2496644,2485642,2496465,2483381,2492669,2552995,2504656,2494027,2497915,2497915,10
2025-10-02 14:38:14,20219,pairwise,LinkedCells,1.000000,lc_sliced,none,AoS,disabled,505454,462474,449547,433514,433572,427355,425904,430821,430025,434761,443342,443342,10
2025-10-02 14:38:14,20229,pairwise,LinkedCells,1.000000,lc_sliced,none,AoS,enabled,690408,430319,432678,430544,426408,427650,426958,425908,432825,436802,456049,456049,10
2025-10-02 14:38:14,20239,pairwise,LinkedCells,1.000000,lc_sliced,none,SoA,disabled,2006201,1893222,1887868,1753974,1711192,1659592,1660920,1784754,1739058,1792380,1788915,1788915,10
2025-10-02 14:38:14,20249,pairwise,LinkedCells,1.000000,lc_sliced,none,SoA,enabled,1714022,1752689,1864159,1726499,1665131,1863573,1761064,1758882,1695462,1690616,1749209,1749209,10
2025-10-02 14:38:14,20259,pairwise,LinkedCells,1.000000,lc_sliced_balanced,none,AoS,disabled,464190,458186,437525,433836,432775,435217,428341,429758,430095,434211,438413,438413,10
2025-10-02 14:38:14,20269,pairwise,LinkedCells,1.000000,lc_sliced_balanced,none,AoS,enabled,612688,432713,432493,428829,428576,427532,428746,434270,433522,435226,449459,449459,10
2025-10-02 14:38:14,20279,pairwise,LinkedCells,1.000000,lc_sliced_balanced,none,SoA,disabled,1925670,1809020,1844165,1732698,1760772,1726207,1746947,1745040,1756035,1755720,1780227,1780227,10
2025-10-02 14:38:14,20289,pairwise,LinkedCells,1.000000,lc_sliced_balanced,none,SoA,enabled,1718830,1679204,1699117,1741382,1710699,1893135,1780419,1784262,1843710,1920524,1777127,1777127,10
2025-10-02 14:38:14,20299,pairwise,LinkedCells,1.000000,lc_sliced_balanced,squared-particles-per-cell,AoS,disabled,947333,733787,700803,692946,685294,682462,686919,684338,681817,682685,717838,717838,10
2025-10-02 14:38:14,20309,pairwise,LinkedCells,1.000000,lc_sliced_balanced,squared-particles-per-cell,AoS,enabled,819000,682289,676021,675541,677915,670195,679922,680762,673390,674914,690994,690994,10
2025-10-02 14:38:14,20319,pairwise,LinkedCells,1.000000,lc_sliced_balanced,squared-particles-per-cell,SoA,disabled,2388316,2419428,2417456,2420085,2394927,2455565,2383700,2359499,2423197,2370278,2403244,2403244,10
2025-10-02 14:38:14,20329,pairwise,LinkedCells,1.000000,lc_sliced_balanced,squared-particles-per-cell,SoA,enabled,2524075,2401601,2415084,2397882,2371874,2379206,2406456,2409414,2419011,2384924,2410952,2410952,10
2025-10-02 14:38:14,20339,pairwise,LinkedCells,1.000000,lc_sliced_c02,none,AoS,disabled,630631,481786,472797,443624,422635,421432,417123,418556,422745,422607,455392,455392,10
2025-10-02 14:38:14,20349,pairwise,LinkedCells,1.000000,lc_sliced_c02,none,AoS,enabled,418461,416496,416821,422795,425281,420326,415203,415757,414353,415829,418131,418131,10
2025-10-02 14:38:14,20359,pairwise,LinkedCells,1.000000,lc_sliced_c02,none,SoA,disabled,2045889,1671020,1648637,1645442,1651952,1660049,1636508,1639915,1639110,1637873,1687639,1687639,10
2025-10-02 14:38:14,20369,pairwise,LinkedCells,1.000000,lc_sliced_c02,none,SoA,enabled,1659224,1646788,1634090,1652688,1637203,1638280,1635823,1638547,1638890,1646186,1642771,1642771,10
2025-10-02 14:38:14,20379,pairwise,VerletClusterLists,1.000000,vcl_c01_balanced,none,AoS,disabled,112486,48669,50471,49636,46762,46906,46805,47769,47078,48205,54478,54478,10
2025-10-02 14:38:14,20389,pairwise,VerletClusterLists,1.000000,vcl_c01_balanced,none,SoA,disabled,90393,64480,63113,60834,61303,62556,61183,62725,66132,63221,65593,65593,10
2025-10-02 14:38:14,20399,pairwise,VerletClusterLists,1.000000,vcl_c06,none,AoS,disabled,93743,79320,74472,73261,73178,73917,77096,75887,72244,70703,76382,76382,10
2025-10-02 14:38:14,20409,pairwise,VerletClusterLists,1.000000,vcl_c06,none,AoS,enabled,88769,73535,71541,78051,72805,70623,73552,73190,71356,71806,74522,74522,10
2025-10-02 14:38:14,20419,pairwise,VerletClusterLists,1.000000,vcl_c06,none,SoA,disabled,102061,86952,86201,86043,86025,95487,84768,85181,85916,86023,88465,88465,10
2025-10-02 14:38:14,20429,pairwise,VerletClusterLists,1.000000,vcl_c06,none,SoA,enabled,104262,87185,86091,85645,84453,87572,87450,85211,86296,88094,88225,88225,10
2025-10-02 14:38:14,20439,pairwise,VerletClusterLists,1.000000,vcl_sliced,none,AoS,disabled,81491,56369,57971,52717,51551,50776,50161,49884,53343,51956,55621,55621,10
2025-10-02 14:38:14,20449,pairwise,VerletClusterLists,1.000000,vcl_sliced,none,AoS,enabled,68726,50912,49109,53017,53008,51125,49820,49406,53228,50341,52868,52868,10
2025-10-02 14:38:14,20459,pairwise,VerletClusterLists,1.000000,vcl_sliced,none,SoA,disabled,82400,65479,66553,70091,65686,64841,64612,64766,64756,64167,67334,67334,10
2025-10-02 14:38:14,20469,pairwise,VerletClusterLists,1.000000,vcl_sliced,none,SoA,enabled,81801,64925,65904,65134,64303,64951,62888,64817,69984,66002,67070,67070,10
2025-10-02 14:38:14,20479,pairwise,VerletClusterLists,1.000000,vcl_sliced_balanced,none,AoS,disabled,76400,56971,56376,56163,55571,53911,55556,54874,54997,55451,57626,57626,10
2025-10-02 14:38:14,20489,pairwise,VerletClusterLists,1.000000,vcl_sliced_balanced,none,AoS,enabled,73349,55422,55293,54334,52878,53167,54983,55244,55430,55574,56566,56566,10
2025-10-02 14:38:14,20499,pairwise,VerletClusterLists,1.000000,vcl_sliced_balanced,none,SoA,disabled,86777,70577,69273,73630,67504,70402,68464,70413,69558,70950,71754,71754,10
2025-10-02 14:38:14,20509,pairwise,VerletClusterLists,1.000000,vcl_sliced_balanced,none,SoA,enabled,86049,68424,67823,67813,69360,69565,68813,69806,70846,69791,70828,70828,10
2025-10-02 14:38:14,20519,pairwise,VerletClusterLists,1.000000,vcl_sliced_balanced,neighbor-list-length,AoS,disabled,91420,55442,54314,54083,54433,55772,55056,54997,54562,57354,58742,58742,10
2025-10-02 14:38:14,20529,pairwise,VerletClusterLists,1.000000,vcl_sliced_balanced,neighbor-list-length,AoS,enabled,71673,52975,53208,53090,55057,55627,56767,56789,55079,55319,56558,56558,10
2025-10-02 14:38:14,20539,pairwise,VerletClusterLists,1.000000,vcl_sliced_balanced,neighbor-list-length,SoA,disabled,93527,71627,70263,69492,69392,67430,68905,67127,71102,68897,71775,71775,10
2025-10-02 14:38:14,20549,pairwise,VerletClusterLists,1.000000,vcl_sliced_balanced,neighbor-list-length,SoA,enabled,86137,68391,69083,69322,68755,70408,68476,71395,67348,68377,70768,70768,10
2025-10-02 14:38:14,20559,pairwise,VerletClusterLists,1.000000,vcl_sliced_c02,none,AoS,disabled,80568,56780,55084,54312,52723,55787,53166,52273,54540,53697,56892,56892,10
2025-10-02 14:38:14,20569,pairwise,VerletClusterLists,1.000000,vcl_sliced_c02,none,AoS,enabled,69927,54197,53853,54796,53606,52266,54449,51385,53776,54339,55258,55258,10
2025-10-02 14:38:14,20579,pairwise,VerletClusterLists,1.000000,vcl_sliced_c02,none,SoA,disabled,86996,75848,71606,65418,73822,67650,66372,66416,66609,65707,70643,70643,10
2025-10-02 14:38:14,20589,pairwise,VerletClusterLists,1.000000,vcl_sliced_c02,none,SoA,enabled,82143,67880,66139,67992,69463,65941,65732,70208,67403,67317,69021,69021,10
2025-10-02 14:38:14,20599,pairwise,VerletLists,1.000000,vl_list_iteration,none,AoS,disabled,4098490,53843,50645,49133,49651,50831,52693,49021,51068,58799,456416,456416,10
2025-10-02 14:38:14,20609,pairwise,VerletLists,1.000000,vl_list_iteration,none,SoA,disabled,6935282,1359582,1288434,1251180,1238570,1260630,1254229,1266272,1235921,1261166,1835126,1835126,10
2025-10-02 14:38:15,20619,pairwise,VerletListsCells,1.000000,vlc_c01,none,AoS,disabled,21291032,1508663,1501755,1498330,1506432,1499968,1504111,1505809,1502229,1499980,3481830,3481830,10
2025-10-02 14:38:15,20629,pairwise,VerletListsCells,1.000000,vlc_c01,none,SoA,disabled,25723900,2731944,2696097,2686910,2690072,2670695,2693248,2694864,2699643,2678572,4996594,4996594,10
2025-10-02 14:38:15,20639,pairwise,VerletListsCells,1.000000,vlc_c18,none,AoS,disabled,14610735,1815970,1814390,1811453,1813060,1813767,1809744,1817772,1820371,1811127,3093838,3093838,10
2025-10-02 14:38:15,20649,pairwise,VerletListsCells,1.000000,vlc_c18,none,AoS,enabled,13645600,1820244,1818777,1812470,1816226,1812871,1811529,1813241,1809705,1812171,2997283,2997283,10
2025-10-02 14:38:15,20659,pairwise,VerletListsCells,1.000000,vlc_c18,none,SoA,disabled,17505075,3066326,3045724,3047847,3043004,3060211,3027922,3003871,3015301,3014686,4482996,4482996,10
2025-10-02 14:38:15,20669,pairwise,VerletListsCells,1.000000,vlc_c18,none,SoA,enabled,17419635,3069281,3048775,3055015,3067613,3028557,2977070,2975660,2970828,2969414,4458184,4458184,10
2025-10-02 14:38:15,20679,pairwise,VerletListsCells,1.000000,vlc_c08,none,AoS,disabled,10283503,1674234,1667987,1667421,1669013,1671718,1665134,1666104,1680330,1670433,2531587,2531587,10
2025-10-02 14:38:15,20689,pairwise,VerletListsCells,1.000000,vlc_c08,none,AoS,enabled,9802211,1673636,1675477,1669129,1662652,1667909,1704236,1704603,1674236,1669332,2490341,2490341,10
2025-10-02 14:38:15,20699,pairwise,VerletListsCells,1.000000,vlc_c08,none,SoA,disabled,13778811,3008489,2977704,2971692,2948273,2961227,2965476,2977948,2980571,2982136,4055232,4055232,10
2025-10-02 14:38:15,20709,pairwise,VerletListsCells,1.000000,vlc_c08,none,SoA,enabled,13632604,2993468,2948991,2934559,2941359,2953834,2956683,2961414,2970414,2996466,4028978,4028978,10
2025-10-02 14:38:15,20719,pairwise,VerletListsCells,1.000000,vlc_sliced,none,AoS,disabled,12196568,106814,105605,97505,103103,101209,104216,98505,105328,101885,1312073,1312073,10
2025-10-02 14:38:15,20729,pairwise,VerletListsCells,1.000000,vlc_sliced,none,AoS,enabled,11856528,98729,97472,96749,96683,98304,95801,97821,96590,96550,1273122,1273122,10
2025-10-02 14:38:15,20739,pairwise,VerletListsCells,1.000000,vlc_sliced,none,SoA,disabled,15751852,1264594,1283259,1266715,1257381,1288486,1301698,1299961,1332768,1319655,2736636,2736636,10
2025-10-02 14:38:15,20749,pairwise,VerletListsCells,1.000000,vlc_sliced,none,SoA,enabled,15607189,1337034,1268398,1307603,1268457,1283598,1239132,1281675,1236550,1269687,2709931,2709931,10
2025-10-02 14:38:15,20759,pairwise,VerletListsCells,1.000000,vlc_sliced_balanced,none,AoS,disabled,12814754,103540,108256,100502,101484,101612,104978,106164,103505,101747,1374654,1374654,10
2025-10-02 14:38:15,20769,pairwise,VerletListsCells,1.000000,vlc_sliced_balanced,none,AoS,enabled,11927327,105995,111787,106403,104043,104421,106962,105284,106367,106597,1288517,1288517,10
2025-10-02 14:38:15,20779,pairwise,VerletListsCells,1.000000,vlc_sliced_balanced,none,SoA,disabled,16335367,1345335,1290510,1295893,1312493,1308709,1305709,1305447,1311726,1319246,2813043,2813043,10
2025-10-02 14:38:15,20789,pairwise,VerletListsCells,1.000000,vlc_sliced_balanced,none,SoA,enabled,16203872,1399877,1345701,1325042,1305148,1314962,1329306,1306247,1311932,1306960,2814904,2814904,10
2025-10-02 14:38:15,20799,pairwise,VerletListsCells,1.000000,vlc_sliced_balanced,squared-particles-per-cell,AoS,disabled,11639631,160636,143091,143037,139913,139956,146479,140306,146018,141384,1294044,1294044,10
2025-10-02 14:38:15,20809,pairwise,VerletListsCells,1.000000,vlc_sliced_balanced,squared-particles-per-cell,AoS,enabled,12134697,150302,143433,142293,142557,146965,141783,142503,142595,143222,1343034,1343034,10
2025-10-02 14:38:15,20819,pairwise,VerletListsCells,1.000000,vlc_sliced_balanced,squared-particles-per-cell,SoA,disabled,15872419,1311659,1293503,1298578,1292216,1294218,1290011,1296719,1290432,1287642,2752739,2752739,10
2025-10-02 14:38:15,20829,pairwise,VerletListsCells,1.000000,vlc_sliced_balanced,squared-particles-per-cell,SoA,enabled,15713748,1327103,1299431,1296867,1302387,1310279,1296874,1303090,1291295,1293884,2743495,2743495,10
2025-10-02 14:38:15,20839,pairwise,VerletListsCells,1.000000,vlc_sliced_balanced,neighbor-list-length,AoS,disabled,11650499,133104,125752,124709,124504,127758,128262,122852,124621,122231,1278429,1278429,10
2025-10-02 14:38:15,20849,pairwise,VerletListsCells,1.000000,vlc_sliced_balanced,neighbor-list-length,AoS,enabled,12091643,123896,126360,123665,125465,122399,120987,139247,123358,123546,1322055,1322055,10
2025-10-02 14:38:15,20859,pairwise,VerletListsCells,1.000000,vlc_sliced_balanced,neighbor-list-length,SoA,disabled,16031104,1417626,1366372,1359428,1360735,1356685,1364922,1365248,1356193,1358786,2833709,2833709,10
2025-10-02 14:38:15,20869,pairwise,VerletListsCells,1.000000,vlc_sliced_balanced,neighbor-list-length,SoA,enabled,16152820,1421123,1379087,1365187,1360782,1384010,1373878,1375066,1349895,1343534,2850537,2850537,10
2025-10-02 14:38:15,20879,pairwise,VerletListsCells,1.000000,vlc_sliced_c02,none,AoS,disabled,11510341,108500,103771,104032,97548,98141,99694,102794,97467,104756,1242703,1242703,10
2025-10-02 14:38:15,20889,pairwise,VerletListsCells,1.000000,vlc_sliced_c02,none,AoS,enabled,12045730,102322,98172,99210,101679,98865,95914,98285,98930,96807,1293591,1293591,10
2025-10-02 14:38:15,20899,pairwise,VerletListsCells,1.000000,vlc_sliced_c02,none,SoA,disabled,15977151,1369802,1335930,1314599,1304339,1309739,1293392,1293008,1289778,1291037,2777877,2777877,10
2025-10-02 14:38:15,20909,pairwise,VerletListsCells,1.000000,vlc_sliced_c02,none,SoA,enabled,15782683,1379578,1327743,1316563,1317432,1334646,1325717,1314598,1294810,1293584,2768735,2768735,10
2025-10-02 14:38:16,20919,pairwise,PairwiseVerletLists,1.000000,vlp_c01,none,AoS,disabled,16440460,1849209,1831152,1821315,1818072,1821320,1810892,1833752,1825442,1815531,3286714,3286714,10
2025-10-02 14:38:16,20929,pairwise,PairwiseVerletLists,1.000000,vlp_c01,none,SoA,disabled,30347907,3829468,3523070,3506071,3488103,3468660,3483671,3484954,3476022,3485649,6209357,6209357,10
2025-10-02 14:38:16,20939,pairwise,PairwiseVerletLists,1.000000,vlp_c18,none,AoS,disabled,15162956,2124969,2104200,2098017,2088318,2091681,2095319,2080827,2082369,2091487,3402014,3402014,10
2025-10-02 14:38:16,20949,pairwise,PairwiseVerletLists,1.000000,vlp_c18,none,AoS,enabled,15084067,2108729,2089294,2093343,2087689,2080858,2076526,2100093,2094617,2087825,3390304,3390304,10
2025-10-02 14:38:16,20959,pairwise,PairwiseVerletLists,1.000000,vlp_c18,none,SoA,disabled,35231235,4296100,4019078,3988007,3982648,4115295,3769091,3746117,3764418,3823054,7073503,7073503,10
2025-10-02 14:38:16,20969,pairwise,PairwiseVerletLists,1.000000,vlp_c18,none,SoA,enabled,36246481,4227665,3987810,3912191,3830126,3772153,3749797,3764866,3898896,3954253,7134423,7134423,10
2025-10-02 14:38:16,20979,pairwise,PairwiseVerletLists,1.000000,vlp_sliced,none,AoS,disabled,13963048,883031,869107,782843,827521,744376,829666,806282,807028,802783,2131567,2131567,10
2025-10-02 14:38:16,20989,pairwise,PairwiseVerletLists,1.000000,vlp_sliced,none,AoS,enabled,13667067,774869,775431,852308,821430,823539,779897,819703,743408,825690,2088333,2088333,10
2025-10-02 14:38:16,20999,pairwise,PairwiseVerletLists,1.000000,vlp_sliced,none,SoA,disabled,34429449,2999969,2829187,2748552,2759890,2714081,2594937,2534344,2611472,2645275,5886714,5886714,10
2025-10-02 14:38:16,21009,pairwise,PairwiseVerletLists,1.000000,vlp_sliced,none,SoA,enabled,35937755,2948746,2828591,2753169,2683957,2673990,2726029,2759988,2728992,2633262,6067447,6067447,10
2025-10-02 14:38:16,21019,pairwise,PairwiseVerletLists,1.000000,vlp_sliced_balanced,none,AoS,disabled,13957695,878622,826396,867350,779258,775634,840604,791971,776253,847385,2134116,2134116,10
2025-10-02 14:38:16,21029,pairwise,PairwiseVerletLists,1.000000,vlp_sliced_balanced,none,AoS,enabled,13897657,815233,787025,779459,776150,771843,761378,766728,775775,778675,2090991,2090991,10
2025-10-02 14:38:16,21039,pairwise,PairwiseVerletLists,1.000000,vlp_sliced_balanced,none,SoA,disabled,34529601,2964262,2674321,2609244,2563618,2568866,2567784,2578883,2551278,2562548,5817040,5817040,10
2025-10-02 14:38:16,21049,pairwise,PairwiseVerletLists,1.000000,vlp_sliced_balanced,none,SoA,enabled,34309761,2940478,2666621,2599641,2592159,2600604,2591066,2615346,2591961,2597134,5810477,5810477,10
2025-10-02 14:38:16,21059,pairwise,PairwiseVerletLists,1.000000,vlp_sliced_c02,none,AoS,disabled,13942679,987516,948092,950890,916972,946501,925962,939549,898687,943619,2240046,2240046,10
2025-10-02 14:38:16,21069,pairwise,PairwiseVerletLists,1.000000,vlp_sliced_c02,none,AoS,enabled,13838739,849310,944334,917140,912767,921130,930414,925355,899144,872310,2201064,2201064,10
2025-10-02 14:38:16,21079,pairwise,PairwiseVerletLists,1.000000,vlp_sliced_c02,none,SoA,disabled,34191681,3028867,2881177,2832116,2806462,2764820,2762451,2733799,2768685,2787508,5955756,5955756,10
2025-10-02 14:38:16,21089,pairwise,PairwiseVerletLists,1.000000,vlp_sliced_c02,none,SoA,enabled,33999071,3099028,2916880,2879760,2875927,2839386,2818343,2888543,2888075,2823151,6002816,6002816,10
2025-10-02 14:38:16,21099,pairwise,PairwiseVerletLists,1.000000,vlp_c08,none,AoS,disabled,16667683,3436158,3406293,3416622,3402497,3405312,3413903,3400552,3408429,3403731,4736117,4736117,10
2025-10-02 14:38:16,21109,pairwise,PairwiseVerletLists,1.000000,vlp_c08,none,AoS,enabled,15490120,2494972,2447282,2436965,2439232,2434261,2434817,2436313,2431154,2427496,3747261,3747261,10
2025-10-02 14:38:17,21119,pairwise,PairwiseVerletLists,1.000000,vlp_c08,none,SoA,disabled,36936014,6337708,6289160,6294306,6293114,6286114,6307082,6556536,6283230,6269048,9385231,9385231,10
2025-10-02 14:38:17,21129,pairwise,PairwiseVerletLists,1.000000,vlp_c08,none,SoA,enabled,35812842,4989272,4902660,4837041,4807802,4812604,4780557,4784873,4809986,4771568,7930920,7930920,10
2025-10-02 14:41:54,25009,pairwise,LinkedCells,1.000000,lc_c01,none,AoS,disabled,1605881,1555567,1553337,1548733,1544816,1572987,1540492,1544930,1560514,1546052,1557330,1557330,10
2025-10-02 14:41:54,25019,pairwise,LinkedCells,1.000000,lc_c01,none,SoA,disabled,2660622,2619905,2589776,2642910,2640073,2605925,2561051,2589414,2561348,2556425,2602744,2602744,10
2025-10-02 14:41:54,25029,pairwise,LinkedCells,1.000000,lc_c01_combined_SoA,none,SoA,disabled,2273719,2317423,2284237,2307413,2326996,2347576,2389600,2374620,2391277,2367910,2338077,2338077,10
2025-10-02 14:41:54,25039,pairwise,LinkedCells,1.000000,lc_c04,none,AoS,disabled,573840,549634,540904,542021,544390,543484,542997,538312,541405,536821,545380,545380,10
2025-10-02 14:41:54,25049,pairwise,LinkedCells,1.000000,lc_c04,none,AoS,enabled,542590,541868,540579,544305,536044,539952,546546,539769,542950,545592,542019,542019,10
2025-10-02 14:41:54,25059,pairwise,LinkedCells,1.000000,lc_c04,none,SoA,disabled,1817116,1735871,1735287,1748250,1731339,1722458,1730468,1712287,1728971,1713977,1737601,1737601,10
2025-10-02 14:41:54,25069,pairwise,LinkedCells,1.000000,lc_c04,none,SoA,enabled,1750188,1707163,1729277,1711677,1721932,1704975,1723476,1718454,1717314,1713717,1719816,1719816,10
2025-10-02 14:41:54,25079,pairwise,LinkedCells,1.000000,lc_c04_HCP,none,AoS,disabled,622982,599814,590978,587143,583477,572631,572329,576793,581408,587049,587459,587459,10
2025-10-02 14:41:54,25089,pairwise,LinkedCells,1.000000,lc_c04_HCP,none,AoS,enabled,578459,568647,570808,573715,572768,566559,570237,569435,572660,576193,571947,571947,10
2025-10-02 14:41:55,25099,pairwise,LinkedCells,1.000000,lc_c04_HCP,none,SoA,disabled,2015392,1987029,1997245,1995060,1988235,2011574,2004503,2019497,2020165,2016731,2005542,2005542,10
2025-10-02 14:41:55,25109,pairwise,LinkedCells,1.000000,lc_c04_HCP,none,SoA,enabled,2026455,2001550,2007885,2009256,1993534,1998140,1986663,1996104,2213311,1992270,2022516,2022516,10
2025-10-02 14:41:55,25119,pairwise,LinkedCells,1.000000,lc_c04_combined_SoA,none,SoA,disabled,2515954,2549299,2476965,2533991,2531016,2510213,2523549,2534602,2533774,2545204,2525456,2525456,10
2025-10-02 14:41:55,25129,pairwise,LinkedCells,1.000000,lc_c04_combined_SoA,none,SoA,enabled,2323308,2305359,2328659,2328107,2299614,2314878,2293400,2333385,2336132,2312722,2317556,2317556,10
2025-10-02 14:41:55,25139,pairwise,LinkedCells,1.000000,lc_c08,none,AoS,disabled,1819503,1814504,1795442,1774839,1768896,1754813,1766076,1823184,1764867,1773523,1785564,1785564,10
2025-10-02 14:41:55,25149,pairwise,LinkedCells,1.000000,lc_c08,none,AoS,enabled,1760052,1766278,1769439,1759992,1826563,1827734,1777861,1788007,1801941,1765139,1784299,1784299,10
2025-10-02 14:41:55,25159,pairwise,LinkedCells,1.000000,lc_c08,none,SoA,disabled,3079729,3034499,3024675,3042494,3100549,3092395,3038093,3063857,3063951,3044895,3058513,3058513,10
2025-10-02 14:41:55,25169,pairwise,LinkedCells,1.000000,lc_c08,none,SoA,enabled,3057324,3032772,3021555,3039678,3015107,3053235,3030751,3060492,3027683,3031007,3036959,3036959,10
2025-10-02 14:41:55,25179,pairwise,LinkedCells,1.000000,lc_c18,none,AoS,disabled,1913586,1853131,1856996,1851580,1836096,1853182,1833122,1862366,1867233,1881670,1860895,1860895,10
2025-10-02 14:41:55,25189,pairwise,LinkedCells,1.000000,lc_c18,none,AoS,enabled,2152234,1834737,1855652,1830095,1847462,1830312,1835467,1849810,1839015,1845536,1872031,1872031,10
2025-10-02 14:41:55,25199,pairwise,LinkedCells,1.000000,lc_c18,none,SoA,disabled,2467294,2504025,2485294,2490094,2479848,2517328,2507224,2480857,2502343,2505671,2493997,2493997,10
2025-10-02 14:41:55,25209,pairwise,LinkedCells,1.000000,lc_c18,none,SoA,enabled,2532854,2492364,2514426,2471716,2543006,2527736,2472707,2520751,2487468,2474698,2503772,2503772,10
2025-10-02 14:41:55,25219,pairwise,LinkedCells,1.000000,lc_sliced,none,AoS,disabled,493730,477281,448677,449914,435301,433455,433353,431240,432267,433664,446887,446887,10
2025-10-02 14:41:55,25229,pairwise,LinkedCells,1.000000,lc_sliced,none,AoS,enabled,690629,435474,436083,434886,431618,430473,428709,429247,435586,431433,458413,458413,10
2025-10-02 14:41:55,25239,pairwise,LinkedCells,1.000000,lc_sliced,none,SoA,disabled,1945246,1921363,1952209,1690087,1819952,1895938,1856554,1678264,1913573,1704788,1837796,1837796,10
2025-10-02 14:41:55,25249,pairwise,LinkedCells,1.000000,lc_sliced,none,SoA,enabled,1966823,1709861,1832288,1938203,1924654,1746990,1716741,1699344,1901010,1827851,1826376,1826376,10
2025-10-02 14:41:55,25259,pairwise,LinkedCells,1.000000,lc_sliced_balanced,none,AoS,disabled,615972,455483,433757,438159,437538,437628,430535,426352,429133,427977,453252,453252,10
2025-10-02 14:41:55,25269,pairwise,LinkedCells,1.000000,lc_sliced_balanced,none,AoS,enabled,439066,432119,434690,435077,430226,428576,429559,428414,431928,432243,432189,432189,10
2025-10-02 14:41:55,25279,pairwise,LinkedCells,1.000000,lc_sliced_balanced,none,SoA,disabled,1935907,1678355,1776007,1783710,1722809,1664307,1709797,1739288,1778287,1721220,1750968,1750968,10
2025-10-02 14:41:55,25289,pairwise,LinkedCells,1.000000,lc_sliced_balanced,none,SoA,enabled,1676142,1755421,1682267,1808600,1694268,1702535,1740751,1662549,1736859,1664323,1712371,1712371,10
2025-10-02 14:41:55,25299,pairwise,LinkedCells,1.000000,lc_sliced_balanced,squared-particles-per-cell,AoS,disabled,1732585,1419751,1348908,1351014,1366978,1347109,1490329,1338427,1349457,1347951,1409250,1409250,10
2025-10-02 14:41:55,25309,pairwise,LinkedCells,1.000000,lc_sliced_balanced,squared-particles-per-cell,AoS,enabled,1348126,1354421,1369892,1339432,1352106,1348964,1340571,1353227,1354702,1349468,1351090,1351090,10
2025-10-02 14:41:55,25319,pairwise,LinkedCells,1.000000,lc_sliced_balanced,squared-particles-per-cell,SoA,disabled,4709858,4578166,4460921,4616994,4613700,4503398,4505372,4435496,4506370,4507538,4543781,4543781,10
2025-10-02 14:41:55,25329,pairwise,LinkedCells,1.000000,lc_sliced_balanced,squared-particles-per-cell,SoA,enabled,4512059,4563764,4524020,4411210,4539860,4494296,4504260,4724798,4518792,4594717,4538777,4538777,10
2025-10-02 14:41:55,25339,pairwise,LinkedCells,1.000000,lc_sliced_c02,none,AoS,disabled,628124,494423,447740,434699,433019,430058,432276,431247,428743,422021,458234,458234,10
2025-10-02 14:41:55,25349,pairwise,LinkedCells,1.000000,lc_sliced_c02,none,AoS,enabled,426049,427312,428712,434971,431463,425275,424934,427827,424993,426158,427768,427768,10
2025-10-02 14:41:55,25359,pairwise,LinkedCells,1.000000,lc_sliced_c02,none,SoA,disabled,1989127,1715855,1679653,1729955,1689391,1679265,1675848,1666528,1711701,1996228,1753354,1753354,10
2025-10-02 14:41:55,25369,pairwise,LinkedCells,1.000000,lc_sliced_c02,none,SoA,enabled,2019004,1706161,1679084,1684868,1672510,1673917,1678225,1692668,1662048,1672916,1714139,1714139,10
2025-10-02 14:41:55,25379,pairwise,VerletClusterLists,1.000000,vcl_c01_balanced,none,AoS,disabled,161313,60415,59227,59880,58795,58324,61143,59276,59470,57178,69501,69501,10
2025-10-02 14:41:55,25389,pairwise,VerletClusterLists,1.000000,vcl_c01_balanced,none,SoA,disabled,123565,73468,70224,70040,72115,71044,72241,74959,69918,70152,76772,76772,10
2025-10-02 14:41:55,25399,pairwise,VerletClusterLists,1.000000,vcl_c06,none,AoS,disabled,120940,87388,84409,81403,82399,82641,83635,86894,82819,84746,87727,87727,10
2025-10-02 14:41:55,25409,pairwise,VerletClusterLists,1.000000,vcl_c06,none,AoS,enabled,108272,79869,78472,77504,77147,77673,76694,79816,82174,80906,81852,81852,10
2025-10-02 14:41:55,25419,pairwise,VerletClusterLists,1.000000,vcl_c06,none,SoA,disabled,128340,96855,94107,93225,98103,93160,97555,92949,99272,99766,99333,99333,10
2025-10-02 14:41:55,25429,pairwise,VerletClusterLists,1.000000,vcl_c06,none,SoA,enabled,124584,93246,90739,92496,97174,93330,89461,89346,92443,91375,95418,95418,10
2025-10-02 14:41:55,25439,pairwise,VerletClusterLists,1.000000,vcl_sliced,none,AoS,disabled,105512,69340,60329,65336,60013,58153,64098,65517,59707,59307,66731,66731,10
2025-10-02 14:41:55,25449,pairwise,VerletClusterLists,1.000000,vcl_sliced,none,AoS,enabled,86272,55999,67424,55405,54031,54771,57893,54511,55497,54989,59678,59678,10
2025-10-02 14:41:55,25459,pairwise,VerletClusterLists,1.000000,vcl_sliced,none,SoA,disabled,101543,71194,69612,70753,72872,72700,70695,70242,69628,69558,73879,73879,10
2025-10-02 14:41:55,25469,pairwise,VerletClusterLists,1.000000,vcl_sliced,none,SoA,enabled,100399,77894,69269,70624,66748,69419,67672,68240,69446,71138,73084,73084,10
2025-10-02 14:41:55,25479,pairwise,VerletClusterLists,1.000000,vcl_sliced_balanced,none,AoS,disabled,100557,64230,63340,63693,64841,63262,62290,61806,62768,62530,66931,66931,10
2025-10-02 14:41:55,25489,pairwise,VerletClusterLists,1.000000,vcl_sliced_balanced,none,AoS,enabled,91720,58615,58001,59966,56972,59762,59004,66888,58217,58496,62763,62763,10
2025-10-02 14:41:55,25499,pairwise,VerletClusterLists,1.000000,vcl_sliced_balanced,none,SoA,disabled,105402,72510,71590,76471,71651,72225,72254,74686,72878,73870,76353,76353,10
2025-10-02 14:41:55,25509,pairwise,VerletClusterLists,1.000000,vcl_sliced_balanced,none,SoA,enabled,100193,75941,71437,71753,71227,71012,72186,72053,75284,74056,75514,75514,10
2025-10-02 14:41:55,25519,pairwise,VerletClusterLists,1.000000,vcl_sliced_balanced,neighbor-list-length,AoS,disabled,118975,69620,64124,63019,62956,63448,63262,64255,63794,64354,69780,69780,10
2025-10-02 14:41:55,25529,pairwise,VerletClusterLists,1.000000,vcl_sliced_balanced,neighbor-list-length,AoS,enabled,87863,58399,59003,59014,61919,57730,57529,57942,58212,58307,61591,61591,10
2025-10-02 14:41:55,25539,pairwise,VerletClusterLists,1.000000,vcl_sliced_balanced,neighbor-list-length,SoA,disabled,109191,74710,72537,72055,71474,72433,75853,73528,73154,75261,77019,77019,10
2025-10-02 14:41:55,25549,pairwise,VerletClusterLists,1.000000,vcl_sliced_balanced,neighbor-list-length,SoA,enabled,100374,75125,74416,73121,71719,75541,75458,70792,70376,77519,76443,76443,10
2025-10-02 14:41:55,25559,pairwise,VerletClusterLists,1.000000,vcl_sliced_c02,none,AoS,disabled,114595,62619,62383,61510,61598,59773,61004,59314,60185,58036,66101,66101,10
2025-10-02 14:41:55,25569,pairwise,VerletClusterLists,1.000000,vcl_sliced_c02,none,AoS,enabled,83517,59330,56050,54705,54827,56319,58014,56132,55345,56004,59023,59023,10
2025-10-02 14:41:55,25579,pairwise,VerletClusterLists,1.000000,vcl_sliced_c02,none,SoA,disabled,105805,71807,71353,70690,71213,70571,68642,69424,69808,71672,74098,74098,10
2025-10-02 14:41:55,25589,pairwise,VerletClusterLists,1.000000,vcl_sliced_c02,none,SoA,enabled,95143,71719,69699,71378,68310,69235,69089,75611,69924,68441,72854,72854,10
2025-10-02 14:41:55,25599,pairwise,VerletLists,1.000000,vl_list_iteration,none,AoS,disabled,3892772,61010,57281,57762,54834,55165,60836,54327,56656,55195,440583,440583,10
2025-10-02 14:41:55,25609,pairwise,VerletLists,1.000000,vl_list_iteration,none,SoA,disabled,7027318,1403299,1333702,1286520,1266295,1262078,1256931,1262927,1275763,1244017,1861885,1861885,10
2025-10-02 14:41:55,25619,pairwise,VerletListsCells,1.000000,vlc_c01,none,AoS,disabled,21202432,1507286,1504724,1504728,1514343,1512939,1509146,1512330,1502381,1511077,3478138,3478138,10
2025-10-02 14:41:55,25629,pairwise,VerletListsCells,1.000000,vlc_c01,none,SoA,disabled,25835148,2716468,2663888,2640181,2629281,2645218,2651649,2642118,2634152,2867289,4992538,4992538,10
2025-10-02 14:41:55,25639,pairwise,VerletListsCells,1.000000,vlc_c18,none,AoS,disabled,14302447,1828868,1817573,1835693,1825043,1824213,1813179,1812427,1814934,1805075,3067945,3067945,10
2025-10-02 14:41:55,25649,pairwise,VerletListsCells,1.000000,vlc_c18,none,AoS,enabled,13941244,1816609,1812696,1815914,1815550,1810196,1812751,1809776,1814876,1810036,3025964,3025964,10
2025-10-02 14:41:55,25659,pairwise,VerletListsCells,1.000000,vlc_c18,none,SoA,disabled,17738150,3038990,2999626,2987877,2986466,2988756,2989992,2989553,2978946,2979744,4467809,4467809,10
2025-10-02 14:41:56,25669,pairwise,VerletListsCells,1.000000,vlc_c18,none,SoA,enabled,17600631,3071407,3021342,2990163,3004774,2999291,2989457,3090820,3009274,3004851,4478200,4478200,10
2025-10-02 14:41:56,25679,pairwise,VerletListsCells,1.000000,vlc_c08,none,AoS,disabled,10330462,1688027,1674584,1680088,1668150,1678679,1677593,1680209,1670750,1678741,2542727,2542727,10
2025-10-02 14:41:56,25689,pairwise,VerletListsCells,1.000000,vlc_c08,none,AoS,enabled,9912891,1684112,1674347,1679742,1675168,1687752,1686710,1681799,1681700,1672749,2503696,2503696,10
2025-10-02 14:41:56,25699,pairwise,VerletListsCells,1.000000,vlc_c08,none,SoA,disabled,14001673,3005766,2965584,2948696,2948236,2939296,2927938,2923146,2927165,2929754,4051724,4051724,10
2025-10-02 14:41:56,25709,pairwise,VerletListsCells,1.000000,vlc_c08,none,SoA,enabled,13755915,3000932,2957307,2939387,2934998,2935754,2934998,2915281,2975764,2915946,4026627,4026627,10
2025-10-02 14:41:56,25719,pairwise,VerletListsCells,1.000000,vlc_sliced,none,AoS,disabled,12318653,102507,101309,97952,98716,97857,100163,97777,97935,98268,1321112,1321112,10
2025-10-02 14:41:56,25729,pairwise,VerletListsCells,1.000000,vlc_sliced,none,AoS,enabled,12111666,101762,98636,98841,98606,99220,104821,99043,98768,99412,1301077,1301077,10
2025-10-02 14:41:56,25739,pairwise,VerletListsCells,1.000000,vlc_sliced,none,SoA,disabled,16224863,1317345,1268070,1291570,1277069,1264435,1248674,1270960,1256252,1224793,2764402,2764402,10
2025-10-02 14:41:56,25749,pairwise,VerletListsCells,1.000000,vlc_sliced,none,SoA,enabled,15899576,1308889,1251548,1250209,1480737,1235867,1232132,1227290,1223467,1218571,2732828,2732828,10
2025-10-02 14:41:56,25759,pairwise,VerletListsCells,1.000000,vlc_sliced_balanced,none,AoS,disabled,12503185,106677,109015,111818,106315,111592,104729,104359,104042,106108,1346783,1346783,10
2025-10-02 14:41:56,25769,pairwise,VerletListsCells,1.000000,vlc_sliced_balanced,none,AoS,enabled,12190969,101067,104440,100469,100914,106038,102154,106989,105411,103921,1312237,1312237,10
2025-10-02 14:41:56,25779,pairwise,VerletListsCells,1.000000,vlc_sliced_balanced,none,SoA,disabled,16267447,1289088,1264096,1242567,1244370,1240403,1245059,1238113,1223899,1245001,2750004,2750004,10
2025-10-02 14:41:56,25789,pairwise,VerletListsCells,1.000000,vlc_sliced_balanced,none,SoA,enabled,16111036,1320743,1267190,1252051,1265161,1268604,1239528,1238927,1242436,1245063,2745073,2745073,10
2025-10-02 14:41:56,25799,pairwise,VerletListsCells,1.000000,vlc_sliced_balanced,squared-particles-per-cell,AoS,disabled,12061486,199981,191818,182915,184799,189495,187701,187760,188541,185457,1375994,1375994,10
2025-10-02 14:41:56,25809,pairwise,VerletListsCells,1.000000,vlc_sliced_balanced,squared-particles-per-cell,AoS,enabled,12724376,194007,189734,186273,193529,186452,183203,187342,187476,192151,1442453,1442453,10
2025-10-02 14:41:56,25819,pairwise,VerletListsCells,1.000000,vlc_sliced_balanced,squared-particles-per-cell,SoA,disabled,16786580,1430254,1406671,1387691,1383116,1389669,1377023,1376534,1371647,1378232,2928740,2928740,10
2025-10-02 14:41:56,25829,pairwise,VerletListsCells,1.000000,vlc_sliced_balanced,squared-particles-per-cell,SoA,enabled,16558365,1408466,1378201,1365491,1381888,1365979,1355600,1374149,1374155,1353222,2891550,2891550,10
2025-10-02 14:41:56,25839,pairwise,VerletListsCells,1.000000,vlc_sliced_balanced,neighbor-list-length,AoS,disabled,12189660,209101,208024,215380,204693,202991,212260,204820,203010,200611,1405054,1405054,10
2025-10-02 14:41:56,25849,pairwise,VerletListsCells,1.000000,vlc_sliced_balanced,neighbor-list-length,AoS,enabled,12628507,208880,203264,208639,199811,199662,199671,205677,210405,200557,1446506,1446506,10
2025-10-02 14:41:56,25859,pairwise,VerletListsCells,1.000000,vlc_sliced_balanced,neighbor-list-length,SoA,disabled,16496589,1437649,1409467,1416822,1397574,1390671,1397183,1399380,1391126,1383146,2911960,2911960,10
2025-10-02 14:41:56,25869,pairwise,VerletListsCells,1.000000,vlc_sliced_balanced,neighbor-list-length,SoA,enabled,16291237,1451821,1424610,1410067,1405448,1401076,1399433,1394681,1391642,1391509,2896151,2896151,10
2025-10-02 14:41:56,25879,pairwise,VerletListsCells,1.000000,vlc_sliced_c02,none,AoS,disabled,12331018,106884,114659,104011,100979,98577,98525,98698,100368,100153,1325386,1325386,10
2025-10-02 14:41:56,25889,pairwise,VerletListsCells,1.000000,vlc_sliced_c02,none,AoS,enabled,12771103,101307,100115,100780,99462,100310,104277,98281,102839,99913,1367838,1367838,10
2025-10-02 14:41:56,25899,pairwise,VerletListsCells,1.000000,vlc_sliced_c02,none,SoA,disabled,16858745,1392694,1390232,1448363,1334787,1339789,1333476,1324126,1339062,1327491,2908876,2908876,10
2025-10-02 14:41:56,25909,pairwise,VerletListsCells,1.000000,vlc_sliced_c02,none,SoA,enabled,16467787,1402814,1372801,1350222,1333693,1333612,1328223,1344642,1344624,1325460,2860387,2860387,10
2025-10-02 14:41:56,25919,pairwise,PairwiseVerletLists,1.000000,vlp_c01,none,AoS,disabled,16676634,1847711,1828834,1828439,1811484,1801717,1813849,1817245,1822775,1814889,3306357,3306357,10
2025-10-02 14:41:56,25929,pairwise,PairwiseVerletLists,1.000000,vlp_c01,none,SoA,disabled,30352054,3817435,3505224,3452233,3431084,3430929,3495768,3441695,3427369,3428072,6178186,6178186,10
2025-10-02 14:41:56,25939,pairwise,PairwiseVerletLists,1.000000,vlp_c18,none,AoS,disabled,15074503,2128512,2099446,2103196,2082558,2089357,2094737,2086389,2100283,2078562,3393754,3393754,10
2025-10-02 14:41:56,25949,pairwise,PairwiseVerletLists,1.000000,vlp_c18,none,AoS,enabled,14968179,2119826,2108891,2109828,2091912,2079661,2091641,2088467,2077662,2088693,3382475,3382475,10
2025-10-02 14:41:57,25959,pairwise,PairwiseVerletLists,1.000000,vlp_c18,none,SoA,disabled,35021572,4242898,3983112,3938460,3913009,3927108,3925624,3918513,3920733,3900760,7069178,7069178,10
2025-10-02 14:41:57,25969,pairwise,PairwiseVerletLists,1.000000,vlp_c18,none,SoA,enabled,35237439,4265165,3984592,3966430,3932017,3912707,3933631,3908799,3932886,3917476,7099113,7099113,10
2025-10-02 14:41:57,25979,pairwise,PairwiseVerletLists,1.000000,vlp_sliced,none,AoS,disabled,13845809,802361,747189,771341,740138,748581,742219,742834,748346,760512,2064932,2064932,10
2025-10-02 14:41:57,25989,pairwise,PairwiseVerletLists,1.000000,vlp_sliced,none,AoS,enabled,13578452,791188,776838,754069,743421,746558,754458,750337,746427,726015,2036775,2036775,10
2025-10-02 14:41:57,25999,pairwise,PairwiseVerletLists,1.000000,vlp_sliced,none,SoA,disabled,33613353,2921875,2707473,2707152,2677907,2646372,2622568,2615905,2621741,2602545,5773689,5773689,10
2025-10-02 14:41:57,26009,pairwise,PairwiseVerletLists,1.000000,vlp_sliced,none,SoA,enabled,33420317,2882602,2758223,2763846,2744806,2727978,2699309,2674510,2644159,2748942,5806468,5806468,10
2025-10-02 14:41:57,26019,pairwise,PairwiseVerletLists,1.000000,vlp_sliced_balanced,none,AoS,disabled,13820594,819915,787259,777480,760494,762530,754962,762291,764863,768561,2077894,2077894,10
2025-10-02 14:41:57,26029,pairwise,PairwiseVerletLists,1.000000,vlp_sliced_balanced,none,AoS,enabled,13627603,810143,781732,770009,761903,749600,763567,760880,778981,768996,2057340,2057340,10
2025-10-02 14:41:57,26039,pairwise,PairwiseVerletLists,1.000000,vlp_sliced_balanced,none,SoA,disabled,33962662,2915931,2631986,2555043,2559607,2535104,2536630,2542068,2546512,2531718,5731725,5731725,10
2025-10-02 14:41:57,26049,pairwise,PairwiseVerletLists,1.000000,vlp_sliced_balanced,none,SoA,enabled,33920163,2890796,2662420,2565075,2558743,2547551,2565723,2558406,2564905,2543752,5737752,5737752,10
2025-10-02 14:41:57,26059,pairwise,PairwiseVerletLists,1.000000,vlp_sliced_c02,none,AoS,disabled,13956656,971348,945500,919686,929700,913704,920578,919295,906325,922649,2230543,2230543,10
2025-10-02 14:41:57,26069,pairwise,PairwiseVerletLists,1.000000,vlp_sliced_c02,none,AoS,enabled,13772682,946844,935348,906482,929401,917856,924798,917321,912459,929698,2209288,2209288,10
2025-10-02 14:41:57,26079,pairwise,PairwiseVerletLists,1.000000,vlp_sliced_c02,none,SoA,disabled,33825504,3031959,2807843,2815730,2808624,2762216,2731046,2748275,2767139,2767173,5906550,5906550,10
2025-10-02 14:41:57,26089,pairwise,PairwiseVerletLists,1.000000,vlp_sliced_c02,none,SoA,enabled,33550321,3101049,2921290,2908580,2807651,2799580,2760297,2809113,2779274,2762049,5919919,5919919,10
2025-10-02 14:41:57,26099,pairwise,PairwiseVerletLists,1.000000,vlp_c08,none,AoS,disabled,16584860,3400454,3392400,3383246,3381652,3382661,3389627,3398674,3400983,3388576,4710313,4710313,10
2025-10-02 14:41:57,26109,pairwise,PairwiseVerletLists,1.000000,vlp_c08,none,AoS,enabled,15301697,2488114,2446514,2433917,2423678,2420598,2431253,2423066,2416571,2417382,3720278,3720278,10
2025-10-02 14:41:57,26119,pairwise,PairwiseVerletLists,1.000000,vlp_c08,none,SoA,disabled,37715804,6258073,6226918,6222236,6208922,6217817,6209114,6211901,6188580,6184315,9364367,9364367,10
2025-10-02 14:41:57,26129,pairwise,PairwiseVerletLists,1.000000,vlp_c08,none,SoA,enabled,35405988,4963255,4811911,4789917,4767203,4780264,4786298,4790354,4799621,4800582,7869538,7869538,10
2025-10-02 14:44:14,30009,pairwise,LinkedCells,1.000000,lc_c01,none,AoS,disabled,1608302,1570844,1607964,1548808,1590685,1573197,1547763,1544212,1543461,1546856,1568208,1568208,10
2025-10-02 14:44:14,30019,pairwise,LinkedCells,1.000000,lc_c01,none,SoA,disabled,2703992,2617200,2602030,2629405,2623308,2613623,2591932,2612119,2572143,2564889,2613064,2613064,10
2025-10-02 14:44:14,30029,pairwise,LinkedCells,1.000000,lc_c01_combined_SoA,none,SoA,disabled,2259404,2280300,2569456,2282108,2299149,2312319,2319807,2309070,2269116,2291407,2319213,2319213,10
2025-10-02 14:44:14,30039,pairwise,LinkedCells,1.000000,lc_c04,none,AoS,disabled,573521,544832,540609,539409,540137,537869,535858,533703,535246,534171,541535,541535,10
2025-10-02 14:44:14,30049,pairwise,LinkedCells,1.000000,lc_c04,none,AoS,enabled,541763,535298,535478,539824,537145,538303,537217,538051,537252,543017,538334,538334,10
2025-10-02 14:44:14,30059,pairwise,LinkedCells,1.000000,lc_c04,none,SoA,disabled,1832604,1739174,1725612,1761807,1732909,1738629,1737633,1711565,1706034,1721087,1740705,1740705,10
2025-10-02 14:44:14,30069,pairwise,LinkedCells,1.000000,lc_c04,none,SoA,enabled,1796821,1757778,1736756,1739556,1754239,1749251,1735383,1710639,1714713,1745154,1744028,1744028,10
2025-10-02 14:44:14,30079,pairwise,LinkedCells,1.000000,lc_c04_HCP,none,AoS,disabled,640919,582850,575245,591939,576430,584196,583139,586994,567899,572090,586169,586169,10
2025-10-02 14:44:14,30089,pairwise,LinkedCells,1.000000,lc_c04_HCP,none,AoS,enabled,571805,567967,569074,567393,567453,565927,571475,575740,570730,567941,569550,569550,10
2025-10-02 14:44:14,30099,pairwise,LinkedCells,1.000000,lc_c04_HCP,none,SoA,disabled,2047890,2008884,1991551,1985955,1967539,1979895,1984578,1989928,1996222,2005938,1995837,1995837,10
2025-10-02 14:44:14,30109,pairwise,LinkedCells,1.000000,lc_c04_HCP,none,SoA,enabled,2047256,2006719,1991103,2000647,1989149,1992818,2008516,1998969,1991001,2009245,2003542,2003542,10
2025-10-02 14:44:14,30119,pairwise,LinkedCells,1.000000,lc_c04_combined_SoA,none,SoA,disabled,2584783,2496481,2496993,2482997,2501342,2466519,2486756,2481599,2480657,2473120,2495124,2495124,10
2025-10-02 14:44:15,30129,pairwise,LinkedCells,1.000000,lc_c04_combined_SoA,none,SoA,enabled,2310885,2286606,2275009,2271042,2295744,2281975,2555040,2271590,2270778,2290871,2310953,2310953,10
2025-10-02 14:44:15,30139,pairwise,LinkedCells,1.000000,lc_c08,none,AoS,disabled,1822679,1785106,1770564,1778678,1779767,1764327,1762921,1772158,1780865,1776983,1779404,1779404,10
2025-10-02 14:44:15,30149,pairwise,LinkedCells,1.000000,lc_c08,none,AoS,enabled,1772986,1771022,1776941,1770998,1786265,1771254,1769845,1781208,1782949,1785088,1776855,1776855,10
2025-10-02 14:44:15,30159,pairwise,LinkedCells,1.000000,lc_c08,none,SoA,disabled,3037935,3087817,3029005,3050985,3093140,3035313,3094564,3075010,3044997,3084557,3063332,3063332,10
2025-10-02 14:44:15,30169,pairwise,LinkedCells,1.000000,lc_c08,none,SoA,enabled,3030656,3058341,3098280,3019772,3056133,3079196,3076635,3090108,3075231,3107006,3069135,3069135,10
2025-10-02 14:44:15,30179,pairwise,LinkedCells,1.000000,lc_c18,none,AoS,disabled,1942566,1849682,1894263,1869662,1851952,1853436,1839299,1822635,1834784,1833487,1859176,1859176,10
2025-10-02 14:44:15,30189,pairwise,LinkedCells,1.000000,lc_c18,none,AoS,enabled,1827967,1834093,1822631,1826570,1832555,1826456,1823165,1829805,1823749,1816671,1826365,1826365,10
2025-10-02 14:44:15,30199,pairwise,LinkedCells,1.000000,lc_c18,none,SoA,disabled,2459352,2542613,2474355,2467180,2470290,2472459,2472924,2466066,2477528,2472302,2477506,2477506,10
2025-10-02 14:44:15,30209,pairwise,LinkedCells,1.000000,lc_c18,none,SoA,enabled,2748316,2471711,2455971,2471855,2461555,2469567,2461472,2461259,2472428,2471060,2494518,2494518,10
2025-10-02 14:44:15,30219,pairwise,LinkedCells,1.000000,lc_sliced,none,AoS,disabled,500773,452506,442647,438832,440401,439058,437060,429721,428937,426160,443609,443609,10
2025-10-02 14:44:15,30229,pairwise,LinkedCells,1.000000,lc_sliced,none,AoS,enabled,706092,431782,433747,430718,433133,432644,432980,429225,435718,434537,460057,460057,10
2025-10-02 14:44:15,30239,pairwise,LinkedCells,1.000000,lc_sliced,none,SoA,disabled,1895740,1992278,1688226,1690030,1660053,1826546,1646241,1662183,1877076,1662810,1760118,1760118,10
2025-10-02 14:44:15,30249,pairwise,LinkedCells,1.000000,lc_sliced,none,SoA,enabled,1709039,1821234,1667823,1658501,1646239,1680287,1642758,1681485,1639439,1925792,1707259,1707259,10
2025-10-02 14:44:15,30259,pairwise,LinkedCells,1.000000,lc_sliced_balanced,none,AoS,disabled,548438,452859,435419,438154,437012,434625,433633,430497,429186,429654,446947,446947,10
2025-10-02 14:44:15,30269,pairwise,LinkedCells,1.000000,lc_sliced_balanced,none,AoS,enabled,430053,433880,430936,428889,430825,430370,433922,434498,432155,430801,431632,431632,10
2025-10-02 14:44:15,30279,pairwise,LinkedCells,1.000000,lc_sliced_balanced,none,SoA,disabled,1920330,1660842,1641296,1629073,1847259,1637805,1639663,1630776,1629907,1701649,1693859,1693859,10
2025-10-02 14:44:15,30289,pairwise,LinkedCells,1.000000,lc_sliced_balanced,none,SoA,enabled,1650861,1642265,1641292,1646706,1629341,1809989,1633052,1607931,1798028,1623141,1668259,1668259,10
2025-10-02 14:44:15,30299,pairwise,LinkedCells,1.000000,lc_sliced_balanced,squared-particles-per-cell,AoS,disabled,1590944,1301726,1232892,1217888,1219454,1223650,1219393,1231779,1221176,1213502,1267240,1267240,10
2025-10-02 14:44:15,30309,pairwise,LinkedCells,1.000000,lc_sliced_balanced,squared-particles-per-cell,AoS,enabled,1247834,1206691,1221227,1215379,1209149,1209437,1210341,1215138,1212771,1207188,1215515,1215515,10
2025-10-02 14:44:15,30319,pairwise,LinkedCells,1.000000,lc_sliced_balanced,squared-particles-per-cell,SoA,disabled,4331046,4320450,4356987,4234051,4386793,4204769,4218039,4318291,4255672,4315155,4294125,4294125,10
2025-10-02 14:44:15,30329,pairwise,LinkedCells,1.000000,lc_sliced_balanced,squared-particles-per-cell,SoA,enabled,4217417,4262340,4348571,4320878,4309802,4210887,4187585,4312049,4176580,4166042,4251214,4251214,10
2025-10-02 14:44:15,30339,pairwise,LinkedCells,1.000000,lc_sliced_c02,none,AoS,disabled,616298,511970,462779,434121,430551,425286,425132,431127,428955,425992,459221,459221,10
2025-10-02 14:44:15,30349,pairwise,LinkedCells,1.000000,lc_sliced_c02,none,AoS,enabled,433116,420639,427607,431822,433617,432465,431611,432398,427466,427739,429847,429847,10
2025-10-02 14:44:15,30359,pairwise,LinkedCells,1.000000,lc_sliced_c02,none,SoA,disabled,2049858,1730768,1706565,1693506,1691531,1684140,1670119,1659793,1664098,1661969,1721234,1721234,10
2025-10-02 14:44:15,30369,pairwise,LinkedCells,1.000000,lc_sliced_c02,none,SoA,enabled,1750511,1697178,1678579,1678691,1681609,1676842,1675748,1677313,1666048,1677369,1685988,1685988,10
2025-10-02 14:44:15,30379,pairwise,VerletClusterLists,1.000000,vcl_c01_balanced,none,AoS,disabled,166707,59800,58781,60532,60910,61081,59565,60717,59547,60650,70828,70828,10
2025-10-02 14:44:15,30389,pairwise,VerletClusterLists,1.000000,vcl_c01_balanced,none,SoA,disabled,119391,70421,69357,69516,71077,69822,70168,68369,69141,68538,74580,74580,10
2025-10-02 14:44:15,30399,pairwise,VerletClusterLists,1.000000,vcl_c06,none,AoS,disabled,119152,83473,84434,83390,84047,84063,80104,80516,81585,82468,86322,86322,10
2025-10-02 14:44:15,30409,pairwise,VerletClusterLists,1.000000,vcl_c06,none,AoS,enabled,107769,79000,77129,77150,74715,77600,78072,74603,76547,76338,79891,79891,10
2025-10-02 14:44:15,30419,pairwise,VerletClusterLists,1.000000,vcl_c06,none,SoA,disabled,128293,92916,92746,87999,89692,94357,93192,93570,100479,92831,96606,96606,10
2025-10-02 14:44:15,30429,pairwise,VerletClusterLists,1.000000,vcl_c06,none,SoA,enabled,124122,94842,93160,92195,94156,91113,88413,94037,90796,93235,95606,95606,10
2025-10-02 14:44:15,30439,pairwise,VerletClusterLists,1.000000,vcl_sliced,none,AoS,disabled,108461,69551,61976,62573,62601,61027,65180,64254,63253,61797,68067,68067,10
2025-10-02 14:44:15,30449,pairwise,VerletClusterLists,1.000000,vcl_sliced,none,AoS,enabled,86337,57574,62430,55925,54578,56828,57829,59336,56494,65466,61279,61279,10
2025-10-02 14:44:15,30459,pairwise,VerletClusterLists,1.000000,vcl_sliced,none,SoA,disabled,107856,72696,70274,69406,74251,75221,70406,71611,68470,74026,75420,75420,10
2025-10-02 14:44:15,30469,pairwise,VerletClusterLists,1.000000,vcl_sliced,none,SoA,enabled,100029,74358,69083,68793,69970,70755,69227,68848,68799,71117,73097,73097,10
2025-10-02 14:44:15,30479,pairwise,VerletClusterLists,1.000000,vcl_sliced_balanced,none,AoS,disabled,106068,65364,64885,65421,64244,64573,64236,66156,64844,65562,69134,69134,10
2025-10-02 14:44:15,30489,pairwise,VerletClusterLists,1.000000,vcl_sliced_balanced,none,AoS,enabled,94068,60666,59733,59697,61872,61310,59817,59571,60974,59571,63727,63727,10
2025-10-02 14:44:15,30499,pairwise,VerletClusterLists,1.000000,vcl_sliced_balanced,none,SoA,disabled,109700,76411,73075,77090,75679,73726,73285,73059,74412,82873,78930,78930,10
2025-10-02 14:44:15,30509,pairwise,VerletClusterLists,1.000000,vcl_sliced_balanced,none,SoA,enabled,105317,74829,75747,73488,74853,79101,72113,72053,73897,71713,77310,77310,10
2025-10-02 14:44:15,30519,pairwise,VerletClusterLists,1.000000,vcl_sliced_balanced,neighbor-list-length,AoS,disabled,126623,68254,64905,66672,66932,64603,64788,69382,64182,68645,72497,72497,10
2025-10-02 14:44:15,30529,pairwise,VerletClusterLists,1.000000,vcl_sliced_balanced,neighbor-list-length,AoS,enabled,89326,61602,60634,60179,59402,58754,60820,58378,60255,59759,62910,62910,10
2025-10-02 14:44:15,30539,pairwise,VerletClusterLists,1.000000,vcl_sliced_balanced,neighbor-list-length,SoA,disabled,118038,75422,73991,77485,75424,75222,74102,74018,75040,75269,79401,79401,10
2025-10-02 14:44:15,30549,pairwise,VerletClusterLists,1.000000,vcl_sliced_balanced,neighbor-list-length,SoA,enabled,102332,72823,72335,74149,71558,73071,73053,74892,75207,74483,76389,76389,10
2025-10-02 14:44:15,30559,pairwise,VerletClusterLists,1.000000,vcl_sliced_c02,none,AoS,disabled,119049,63321,61872,63554,60085,59179,60049,62888,62992,59550,67253,67253,10
2025-10-02 14:44:15,30569,pairwise,VerletClusterLists,1.000000,vcl_sliced_c02,none,AoS,enabled,89274,59366,58756,58498,56454,55327,55044,57465,55975,57650,60380,60380,10
2025-10-02 14:44:15,30579,pairwise,VerletClusterLists,1.000000,vcl_sliced_c02,none,SoA,disabled,109366,75176,71787,71726,70514,69823,70870,71406,73056,73141,75686,75686,10
2025-10-02 14:44:15,30589,pairwise,VerletClusterLists,1.000000,vcl_sliced_c02,none,SoA,enabled,99260,70513,70839,71400,70952,76026,69062,69980,70153,72661,74084,74084,10
2025-10-02 14:44:15,30599,pairwise,VerletLists,1.000000,vl_list_iteration,none,AoS,disabled,4131202,56518,56084,54999,55920,56533,55240,53808,54448,55937,463068,463068,10
2025-10-02 14:44:15,30609,pairwise,VerletLists,1.000000,vl_list_iteration,none,SoA,disabled,7091204,1393944,1315534,1296794,1303083,1292464,1256988,1252539,1250692,1240933,1869417,1869417,10
2025-10-02 14:44:15,30619,pairwise,VerletListsCells,1.000000,vlc_c01,none,AoS,disabled,21736493,1506087,1547941,1516481,1506883,1507976,1506077,1508681,1502080,1501969,3534066,3534066,10
2025-10-02 14:44:15,30629,pairwise,VerletListsCells,1.000000,vlc_c01,none,SoA,disabled,26274847,2718953,2654700,2652000,2635555,2641624,2648517,2643874,2632206,2646348,5014861,5014861,10
2025-10-02 14:44:15,30639,pairwise,VerletListsCells,1.000000,vlc_c18,none,AoS,disabled,14443248,1822501,1819748,1823160,1813291,1823065,1817222,1823191,1821887,1835527,3084283,3084283,10
2025-10-02 14:44:15,30649,pairwise,VerletListsCells,1.000000,vlc_c18,none,AoS,enabled,14063285,1876436,1865653,1833766,1823552,1815631,1822151,1822876,2129145,1816946,3086943,3086943,10
2025-10-02 14:44:15,30659,pairwise,VerletListsCells,1.000000,vlc_c18,none,SoA,disabled,18226920,3070875,3013946,3001941,3066276,3074079,2990318,2990891,2998859,3004676,4543878,4543878,10
2025-10-02 14:44:15,30669,pairwise,VerletListsCells,1.000000,vlc_c18,none,SoA,enabled,17693187,3046710,3003586,2996178,3002527,2976021,2989741,2983471,2986872,3002211,4468049,4468049,10
2025-10-02 14:44:15,30679,pairwise,VerletListsCells,1.000000,vlc_c08,none,AoS,disabled,10343378,1683716,1681177,1677493,1673710,1671354,1672743,1684437,1721501,1693459,2550296,2550296,10
2025-10-02 14:44:16,30689,pairwise,VerletListsCells,1.000000,vlc_c08,none,AoS,enabled,9933910,1685065,1686018,1674438,1686470,1677971,1671145,1669419,1673071,1676010,2503351,2503351,10
2025-10-02 14:44:16,30699,pairwise,VerletListsCells,1.000000,vlc_c08,none,SoA,disabled,14033042,3005844,2969679,2921297,2928417,2929794,2944696,2923646,3006693,2988941,4065204,4065204,10
2025-10-02 14:44:16,30709,pairwise,VerletListsCells,1.000000,vlc_c08,none,SoA,enabled,13693143,3002276,3010090,2947176,2946612,2943509,2942565,2938496,2955367,2927885,4030711,4030711,10
2025-10-02 14:44:16,30719,pairwise,VerletListsCells,1.000000,vlc_sliced,none,AoS,disabled,12955498,105136,101464,98681,98944,98859,99866,98354,97921,96369,1385108,1385108,10
2025-10-02 14:44:16,30729,pairwise,VerletListsCells,1.000000,vlc_sliced,none,AoS,enabled,12705864,101673,99969,101917,102076,104169,97006,103583,99325,101986,1361756,1361756,10
2025-10-02 14:44:16,30739,pairwise,VerletListsCells,1.000000,vlc_sliced,none,SoA,disabled,16435425,1297691,1242460,1239880,1233266,1256034,1238174,1225158,1197489,1189881,2755545,2755545,10
2025-10-02 14:44:16,30749,pairwise,VerletListsCells,1.000000,vlc_sliced,none,SoA,enabled,16318279,1291708,1270047,1236920,1240885,1233427,1259354,1245294,1229424,1219052,2754438,2754438,10
2025-10-02 14:44:16,30759,pairwise,VerletListsCells,1.000000,vlc_sliced_balanced,none,AoS,disabled,12819326,109493,102320,99990,100905,100803,102777,102527,105047,102873,1374605,1374605,10
2025-10-02 14:44:16,30769,pairwise,VerletListsCells,1.000000,vlc_sliced_balanced,none,AoS,enabled,12593816,104764,100218,103088,101733,102638,103522,111120,101737,105585,1352821,1352821,10
2025-10-02 14:44:16,30779,pairwise,VerletListsCells,1.000000,vlc_sliced_balanced,none,SoA,disabled,16676037,1312494,1269081,1247999,1248854,1247452,1233036,1243972,1252079,1239038,2797003,2797003,10
2025-10-02 14:44:16,30789,pairwise,VerletListsCells,1.000000,vlc_sliced_balanced,none,SoA,enabled,16204421,1316881,1293206,1282814,1244930,1241212,1244262,1242824,1234198,1226396,2753113,2753113,10
2025-10-02 14:44:16,30799,pairwise,VerletListsCells,1.000000,vlc_sliced_balanced,squared-particles-per-cell,AoS,disabled,12210947,198888,179940,175185,183491,177560,174735,174185,177765,183408,1383610,1383610,10
2025-10-02 14:44:16,30809,pairwise,VerletListsCells,1.000000,vlc_sliced_balanced,squared-particles-per-cell,AoS,enabled,12741451,187356,182179,186539,177281,178050,177986,188075,187560,177876,1438434,1438434,10
2025-10-02 14:44:16,30819,pairwise,VerletListsCells,1.000000,vlc_sliced_balanced,squared-particles-per-cell,SoA,disabled,16457119,1414775,1388923,1366547,1364096,1389467,1378401,1354796,1353040,1380090,2884724,2884724,10
2025-10-02 14:44:16,30829,pairwise,VerletListsCells,1.000000,vlc_sliced_balanced,squared-particles-per-cell,SoA,enabled,16256964,1413145,1388428,1360415,1364685,1361843,1353002,1358696,1356338,1356438,2856995,2856995,10
2025-10-02 14:44:16,30839,pairwise,VerletListsCells,1.000000,vlc_sliced_balanced,neighbor-list-length,AoS,disabled,12078885,222626,217302,221609,221785,216217,214537,218726,215041,214912,1404163,1404163,10
2025-10-02 14:44:16,30849,pairwise,VerletListsCells,1.000000,vlc_sliced_balanced,neighbor-list-length,AoS,enabled,12707050,208901,207927,202967,213406,206573,208555,210258,203963,204308,1457390,1457390,10
2025-10-02 14:44:16,30859,pairwise,VerletListsCells,1.000000,vlc_sliced_balanced,neighbor-list-length,SoA,disabled,16351013,1439797,1410124,1377478,1382669,1383638,1382533,1378953,1376044,1375813,2885806,2885806,10
2025-10-02 14:44:16,30869,pairwise,VerletListsCells,1.000000,vlc_sliced_balanced,neighbor-list-length,SoA,enabled,16271557,1447737,1411570,1416261,1406084,1381824,1378591,1373926,1367724,1365165,2882043,2882043,10
2025-10-02 14:44:16,30879,pairwise,VerletListsCells,1.000000,vlc_sliced_c02,none,AoS,disabled,12253328,113019,108882,105406,104790,102262,99000,99166,99861,100767,1318647,1318647,10
2025-10-02 14:44:16,30889,pairwise,VerletListsCells,1.000000,vlc_sliced_c02,none,AoS,enabled,12408090,99439,99466,100998,100872,101590,99329,102399,102433,99105,1331371,1331371,10
2025-10-02 14:44:16,30899,pairwise,VerletListsCells,1.000000,vlc_sliced_c02,none,SoA,disabled,16372926,1351219,1323029,1311937,1306217,1338058,1326494,1301226,1296901,1318240,2824623,2824623,10
2025-10-02 14:44:16,30909,pairwise,VerletListsCells,1.000000,vlc_sliced_c02,none,SoA,enabled,16189906,1360066,1337677,1295035,1307693,1309607,1294595,1301781,1275631,1311699,2798368,2798368,10
2025-10-02 14:44:16,30919,pairwise,PairwiseVerletLists,1.000000,vlp_c01,none,AoS,disabled,17372301,1855216,1859129,1836966,1829451,1818793,1819004,1810776,1816102,1812145,3382988,3382988,10
2025-10-02 14:44:16,30929,pairwise,PairwiseVerletLists,1.000000,vlp_c01,none,SoA,disabled,30397177,3803727,3499906,3450059,3457858,3461604,3516678,3451215,3449244,3456506,6194396,6194396,10
2025-10-02 14:44:16,30939,pairwise,PairwiseVerletLists,1.000000,vlp_c18,none,AoS,disabled,15238634,2134311,2101517,2092132,2098272,2089706,2093994,2089153,2081685,2085011,3410440,3410440,10
2025-10-02 14:44:16,30949,pairwise,PairwiseVerletLists,1.000000,vlp_c18,none,AoS,enabled,14993337,2120755,2110156,2124875,2115252,2133044,2114584,2088049,2098598,2089914,3398855,3398855,10
2025-10-02 14:44:16,30959,pairwise,PairwiseVerletLists,1.000000,vlp_c18,none,SoA,disabled,35288792,4283127,3980230,3941978,3937175,3937607,3943658,3939880,3965909,3912713,7113106,7113106,10
2025-10-02 14:44:17,30969,pairwise,PairwiseVerletLists,1.000000,vlp_c18,none,SoA,enabled,36064474,4197224,3953819,3933905,3905646,3983223,3885064,3914465,3933565,3922458,7169383,7169383,10
2025-10-02 14:44:17,30979,pairwise,PairwiseVerletLists,1.000000,vlp_sliced,none,AoS,disabled,13899633,836452,819613,773975,760870,775554,796886,742660,756192,774644,2093647,2093647,10
2025-10-02 14:44:17,30989,pairwise,PairwiseVerletLists,1.000000,vlp_sliced,none,AoS,enabled,13684784,820533,817810,766875,770659,782218,765836,792562,774572,770830,2074667,2074667,10
2025-10-02 14:44:17,30999,pairwise,PairwiseVerletLists,1.000000,vlp_sliced,none,SoA,disabled,35079252,2866710,2617183,2572152,2522414,2623397,2678227,2562942,2575641,2643120,5874103,5874103,10
2025-10-02 14:44:17,31009,pairwise,PairwiseVerletLists,1.000000,vlp_sliced,none,SoA,enabled,33499120,2939540,2793726,2744338,2648789,2647587,2561506,2618236,2719816,2688819,5786147,5786147,10
2025-10-02 14:44:17,31019,pairwise,PairwiseVerletLists,1.000000,vlp_sliced_balanced,none,AoS,disabled,13814443,825770,796326,780186,776103,773812,774305,762784,780953,761952,2084662,2084662,10
2025-10-02 14:44:17,31029,pairwise,PairwiseVerletLists,1.000000,vlp_sliced_balanced,none,AoS,enabled,13543917,814016,782210,764193,761121,764476,750668,761236,757450,754735,2045401,2045401,10
2025-10-02 14:44:17,31039,pairwise,PairwiseVerletLists,1.000000,vlp_sliced_balanced,none,SoA,disabled,33972799,2918331,2636341,2567283,2563083,2533718,2820140,2538335,2538254,2531221,5761949,5761949,10
2025-10-02 14:44:17,31049,pairwise,PairwiseVerletLists,1.000000,vlp_sliced_balanced,none,SoA,enabled,33724697,2920497,2680218,2616205,2564243,2544919,2587395,2584693,2559653,2551413,5733392,5733392,10
2025-10-02 14:44:17,31059,pairwise,PairwiseVerletLists,1.000000,vlp_sliced_c02,none,AoS,disabled,14035631,984717,953406,915434,910703,920360,918408,910814,894536,921626,2236563,2236563,10
2025-10-02 14:44:17,31069,pairwise,PairwiseVerletLists,1.000000,vlp_sliced_c02,none,AoS,enabled,13877026,987803,1004786,910804,911829,900396,898726,919778,898621,927766,2223753,2223753,10
2025-10-02 14:44:17,31079,pairwise,PairwiseVerletLists,1.000000,vlp_sliced_c02,none,SoA,disabled,34012920,3060908,2866232,2808478,2756109,2737767,2778728,2744868,2779168,2697675,5924284,5924284,10
2025-10-02 14:44:17,31089,pairwise,PairwiseVerletLists,1.000000,vlp_sliced_c02,none,SoA,enabled,34073513,3074944,2838389,2781059,2786650,2799403,2835742,2704115,2743543,2710884,5934824,5934824,10
2025-10-02 14:44:17,31099,pairwise,PairwiseVerletLists,1.000000,vlp_c08,none,AoS,disabled,16608229,3436600,3401562,3420266,3382398,3408492,3393574,3426397,3395649,3379990,4725315,4725315,10
2025-10-02 14:44:17,31109,pairwise,PairwiseVerletLists,1.000000,vlp_c08,none,AoS,enabled,15375540,2475469,2446875,2438954,2432653,2426449,2438482,2417909,2426619,2445143,3732409,3732409,10
2025-10-02 14:44:17,31119,pairwise,PairwiseVerletLists,1.000000,vlp_c08,none,SoA,disabled,36882340,6239998,6227083,6234570,6326631,6190571,6203623,6202658,6233242,6191186,9293190,9293190,10
2025-10-02 14:44:17,31129,pairwise,PairwiseVerletLists,1.000000,vlp_c08,none,SoA,enabled,35419079,4940796,4854282,4796335,4779442,4783987,4765594,4782193,4767529,4840004,7872923,7872923,10
2025-10-02 14:46:07,35009,pairwise,LinkedCells,1.000000,lc_c01,none,AoS,disabled,1608532,1555409,1555720,1550500,1587562,1560733,1552843,1542489,1554846,1550834,1561946,1561946,10
2025-10-02 14:46:07,35019,pairwise,LinkedCells,1.000000,lc_c01,none,SoA,disabled,2678299,2650359,2663867,2596546,2620355,2611309,2600197,2583364,2584901,2572626,2616181,2616181,10
2025-10-02 14:46:07,35029,pairwise,LinkedCells,1.000000,lc_c01_combined_SoA,none,SoA,disabled,2267176,2280852,2282751,2296742,2284707,2288429,2315273,2325396,2394186,2332066,2306757,2306757,10
2025-10-02 14:46:07,35039,pairwise,LinkedCells,1.000000,lc_c04,none,AoS,disabled,571879,548183,538559,541498,541734,539010,535789,539096,538275,537822,543184,543184,10
2025-10-02 14:46:07,35049,pairwise,LinkedCells,1.000000,lc_c04,none,AoS,enabled,541595,536737,538026,538150,543044,537741,540816,537896,545807,545010,540481,540481,10
2025-10-02 14:46:07,35059,pairwise,LinkedCells,1.000000,lc_c04,none,SoA,disabled,1820704,1739032,1724515,1747503,1717578,1719708,1716808,1729472,1991423,1720083,1762681,1762681,10
2025-10-02 14:46:07,35069,pairwise,LinkedCells,1.000000,lc_c04,none,SoA,enabled,1786510,1721038,1700424,1702279,1719488,1720947,1721030,1711925,1717883,1715675,1721719,1721719,10
2025-10-02 14:46:07,35079,pairwise,LinkedCells,1.000000,lc_c04_HCP,none,AoS,disabled,636775,580702,569383,575131,570411,569853,567697,572891,584884,591172,581889,581889,10
2025-10-02 14:46:08,35089,pairwise,LinkedCells,1.000000,lc_c04_HCP,none,AoS,enabled,573215,569976,573337,583464,584932,577883,582662,588810,577554,575987,578781,578781,10
2025-10-02 14:46:08,35099,pairwise,LinkedCells,1.000000,lc_c04_HCP,none,SoA,disabled,2054769,1992078,2012268,2017190,1974427,1989969,1974316,1973047,1984774,2007721,1998055,1998055,10
2025-10-02 14:46:08,35109,pairwise,LinkedCells,1.000000,lc_c04_HCP,none,SoA,enabled,2027889,1994906,2003897,1995873,2002544,2005217,1997715,2008092,1971330,1995488,2000295,2000295,10
2025-10-02 14:46:08,35119,pairwise,LinkedCells,1.000000,lc_c04_combined_SoA,none,SoA,disabled,2523862,2502632,2538629,2512514,2493144,2496073,2527168,2498966,2516886,2515940,2512581,2512581,10
2025-10-02 14:46:08,35129,pairwise,LinkedCells,1.000000,lc_c04_combined_SoA,none,SoA,enabled,2281330,2337883,2319266,2311165,2358119,2374493,2325296,2337806,2314185,2326534,2328607,2328607,10
2025-10-02 14:46:08,35139,pairwise,LinkedCells,1.000000,lc_c08,none,AoS,disabled,1881959,1838726,1826651,1835281,1828642,1796779,1761897,1792661,1790822,1766280,1811969,1811969,10
2025-10-02 14:46:08,35149,pairwise,LinkedCells,1.000000,lc_c08,none,AoS,enabled,1768415,1774250,1776575,1765401,1761783,1764718,1770045,1774716,1764558,1819003,1773946,1773946,10
2025-10-02 14:46:08,35159,pairwise,LinkedCells,1.000000,lc_c08,none,SoA,disabled,3044329,3077883,3042284,3039446,3055716,3036230,3060029,3085962,3090509,3031443,3056382,3056382,10
2025-10-02 14:46:08,35169,pairwise,LinkedCells,1.000000,lc_c08,none,SoA,enabled,3081202,3087752,3081771,3043243,3067007,3040030,3036013,3104736,3084378,3049657,3067578,3067578,10
2025-10-02 14:46:08,35179,pairwise,LinkedCells,1.000000,lc_c18,none,AoS,disabled,1883275,1900991,1908593,1843827,1840962,1841552,1836355,1835447,1834004,1829154,1855415,1855415,10
2025-10-02 14:46:08,35189,pairwise,LinkedCells,1.000000,lc_c18,none,AoS,enabled,1832526,1847684,1830154,1836968,1844476,1843725,1845763,1834800,1834407,1846651,1839715,1839715,10
2025-10-02 14:46:08,35199,pairwise,LinkedCells,1.000000,lc_c18,none,SoA,disabled,2465834,2530646,2498672,2559489,2492233,2517123,2481046,2485697,2491829,2483853,2500641,2500641,10
2025-10-02 14:46:08,35209,pairwise,LinkedCells,1.000000,lc_c18,none,SoA,enabled,2474512,2502090,2492103,2498875,2510228,2475951,2515054,2524986,2482053,2523416,2499926,2499926,10
2025-10-02 14:46:08,35219,pairwise,LinkedCells,1.000000,lc_sliced,none,AoS,disabled,738405,450544,439513,431266,434997,429339,428877,428087,429234,432002,464226,464226,10
2025-10-02 14:46:08,35229,pairwise,LinkedCells,1.000000,lc_sliced,none,AoS,enabled,431709,432181,432073,431314,435657,434946,432827,430244,429737,429641,432032,432032,10
2025-10-02 14:46:08,35239,pairwise,LinkedCells,1.000000,lc_sliced,none,SoA,disabled,2066175,1702625,1677491,1689336,1705789,1919556,1698562,1688538,1646309,1675203,1746957,1746957,10
2025-10-02 14:46:08,35249,pairwise,LinkedCells,1.000000,lc_sliced,none,SoA,enabled,1710877,1681967,1688683,1652371,1644151,1637330,1657506,1672051,1666831,1670482,1668224,1668224,10
2025-10-02 14:46:08,35259,pairwise,LinkedCells,1.000000,lc_sliced_balanced,none,AoS,disabled,485329,451980,434222,430501,433645,426188,428296,426586,428885,429371,437500,437500,10
2025-10-02 14:46:08,35269,pairwise,LinkedCells,1.000000,lc_sliced_balanced,none,AoS,enabled,430460,427821,430677,430461,428513,431801,434765,432825,431540,434254,431311,431311,10
2025-10-02 14:46:08,35279,pairwise,LinkedCells,1.000000,lc_sliced_balanced,none,SoA,disabled,1980006,1621315,1635660,1634886,1621320,1612943,1615750,1609087,1622308,1608458,1656172,1656172,10
2025-10-02 14:46:08,35289,pairwise,LinkedCells,1.000000,lc_sliced_balanced,none,SoA,enabled,1946161,1609790,1621286,1616368,1609282,1610592,1615400,1619147,1612016,1614304,1647433,1647433,10
2025-10-02 14:46:08,35299,pairwise,LinkedCells,1.000000,lc_sliced_balanced,squared-particles-per-cell,AoS,disabled,1256724,1076976,1043717,1036673,1032412,1027512,1023447,1029603,1033652,1024817,1058553,1058553,10
2025-10-02 14:46:08,35309,pairwise,LinkedCells,1.000000,lc_sliced_balanced,squared-particles-per-cell,AoS,enabled,1035321,1030215,1025863,1025143,1026786,1025516,1022342,1023210,1025045,1021895,1026132,1026132,10
2025-10-02 14:46:08,35319,pairwise,LinkedCells,1.000000,lc_sliced_balanced,squared-particles-per-cell,SoA,disabled,3520229,3336198,3300515,3288349,3295188,3304935,3303640,3327885,3295394,3280667,3325299,3325299,10
2025-10-02 14:46:08,35329,pairwise,LinkedCells,1.000000,lc_sliced_balanced,squared-particles-per-cell,SoA,enabled,3283826,3298400,3279598,3280570,3280489,3278425,3309454,3319624,3296812,3291799,3291899,3291899,10
2025-10-02 14:46:08,35339,pairwise,LinkedCells,1.000000,lc_sliced_c02,none,AoS,disabled,644714,492121,463379,438379,437999,429380,433853,426980,425973,423390,461616,461616,10
2025-10-02 14:46:08,35349,pairwise,LinkedCells,1.000000,lc_sliced_c02,none,AoS,enabled,424671,422596,422295,420768,422840,428632,421652,421661,420386,417902,422340,422340,10
2025-10-02 14:46:08,35359,pairwise,LinkedCells,1.000000,lc_sliced_c02,none,SoA,disabled,1870007,1727757,1683488,1682016,1686072,1678306,1670267,1658414,1673067,1650211,1697960,1697960,10
2025-10-02 14:46:08,35369,pairwise,LinkedCells,1.000000,lc_sliced_c02,none,SoA,enabled,1796879,1686419,1671359,1670461,1664568,1677485,1678406,1671287,1667399,1675930,1686018,1686018,10
2025-10-02 14:46:08,35379,pairwise,VerletClusterLists,1.000000,vcl_c01_balanced,none,AoS,disabled,174947,63152,61772,61209,60735,60674,61335,60254,61383,62564,72802,72802,10
2025-10-02 14:46:08,35389,pairwise,VerletClusterLists,1.000000,vcl_c01_balanced,none,SoA,disabled,123471,69655,69102,69495,70711,69822,68992,70233,69019,69046,74953,74953,10
2025-10-02 14:46:08,35399,pairwise,VerletClusterLists,1.000000,vcl_c06,none,AoS,disabled,125149,83331,85313,84678,83534,81527,87878,82215,80794,82837,87725,87725,10
2025-10-02 14:46:08,35409,pairwise,VerletClusterLists,1.000000,vcl_c06,none,AoS,enabled,115116,76625,76882,76708,78916,77364,77977,75292,77287,80196,81235,81235,10
2025-10-02 14:46:08,35419,pairwise,VerletClusterLists,1.000000,vcl_c06,none,SoA,disabled,129618,95283,93189,90009,91140,90275,91914,91341,90875,88796,95243,95243,10
2025-10-02 14:46:08,35429,pairwise,VerletClusterLists,1.000000,vcl_c06,none,SoA,enabled,125288,92963,92282,89413,90222,90999,93856,93063,90261,93687,95202,95202,10
2025-10-02 14:46:08,35439,pairwise,VerletClusterLists,1.000000,vcl_sliced,none,AoS,disabled,111527,66742,63199,62947,64913,69261,67347,72240,69558,69321,71704,71704,10
2025-10-02 14:46:08,35449,pairwise,VerletClusterLists,1.000000,vcl_sliced,none,AoS,enabled,104942,64805,62477,58367,57956,58818,60729,60866,58125,61441,64852,64852,10
2025-10-02 14:46:08,35459,pairwise,VerletClusterLists,1.000000,vcl_sliced,none,SoA,disabled,114802,75974,71836,76700,71161,70025,71869,71474,71193,74110,76913,76913,10
2025-10-02 14:46:08,35469,pairwise,VerletClusterLists,1.000000,vcl_sliced,none,SoA,enabled,106872,75973,74827,73859,73155,76481,71559,71001,71037,71829,76659,76659,10
2025-10-02 14:46:08,35479,pairwise,VerletClusterLists,1.000000,vcl_sliced_balanced,none,AoS,disabled,113099,72225,69804,68789,71756,69081,69045,71530,67640,67587,74055,74055,10
2025-10-02 14:46:08,35489,pairwise,VerletClusterLists,1.000000,vcl_sliced_balanced,none,AoS,enabled,97964,61921,60887,65743,62447,60997,61201,61867,62479,61236,65673,65673,10
2025-10-02 14:46:08,35499,pairwise,VerletClusterLists,1.000000,vcl_sliced_balanced,none,SoA,disabled,118522,77368,75330,77680,75006,76778,73979,73532,75936,76302,80042,80042,10
2025-10-02 14:46:08,35509,pairwise,VerletClusterLists,1.000000,vcl_sliced_balanced,none,SoA,enabled,109197,79986,77212,76786,77379,75589,74244,73174,77057,73934,79455,79455,10
2025-10-02 14:46:08,35519,pairwise,VerletClusterLists,1.000000,vcl_sliced_balanced,neighbor-list-length,AoS,disabled,140298,70345,69262,71245,69859,68956,69393,70664,72909,70811,77373,77373,10
2025-10-02 14:46:08,35529,pairwise,VerletClusterLists,1.000000,vcl_sliced_balanced,neighbor-list-length,AoS,enabled,101797,61963,64553,60399,65540,61987,62542,62385,64344,63759,66926,66926,10
2025-10-02 14:46:08,35539,pairwise,VerletClusterLists,1.000000,vcl_sliced_balanced,neighbor-list-length,SoA,disabled,124821,74786,74087,74360,75436,74720,81779,76250,75595,76415,80824,80824,10
2025-10-02 14:46:08,35549,pairwise,VerletClusterLists,1.000000,vcl_sliced_balanced,neighbor-list-length,SoA,enabled,111830,77682,77968,75115,75436,74823,75030,76436,82026,74697,80104,80104,10
2025-10-02 14:46:08,35559,pairwise,VerletClusterLists,1.000000,vcl_sliced_c02,none,AoS,disabled,132968,68587,66909,65322,66610,67605,66427,68058,65333,62891,73070,73070,10
2025-10-02 14:46:08,35569,pairwise,VerletClusterLists,1.000000,vcl_sliced_c02,none,AoS,enabled,94902,60521,59787,59612,60619,59268,57181,60598,58903,57003,62838,62838,10
2025-10-02 14:46:08,35579,pairwise,VerletClusterLists,1.000000,vcl_sliced_c02,none,SoA,disabled,113479,73658,80833,78420,77712,73091,72394,76375,80042,83035,80903,80903,10
2025-10-02 14:46:08,35589,pairwise,VerletClusterLists,1.000000,vcl_sliced_c02,none,SoA,enabled,111909,73121,71356,72179,78523,70295,70055,70658,74214,72127,76443,76443,10
2025-10-02 14:46:08,35599,pairwise,VerletLists,1.000000,vl_list_iteration,none,AoS,disabled,3943641,60106,58883,57727,54866,55097,56796,55800,57580,56561,445705,445705,10
2025-10-02 14:46:08,35609,pairwise,VerletLists,1.000000,vl_list_iteration,none,SoA,disabled,7088108,1411943,1305611,1285320,1264673,1267908,1273093,1235579,1249408,1273278,1865491,1865491,10
2025-10-02 14:46:08,35619,pairwise,VerletListsCells,1.000000,vlc_c01,none,AoS,disabled,21728561,1502857,1503111,1508755,1512541,1508826,1498749,1508097,1504441,1507902,3528383,3528383,10
2025-10-02 14:46:08,35629,pairwise,VerletListsCells,1.000000,vlc_c01,none,SoA,disabled,26317749,2745027,2683568,2661732,2643423,2640022,2654072,2644579,2630217,2646073,5026646,5026646,10
2025-10-02 14:46:08,35639,pairwise,VerletListsCells,1.000000,vlc_c18,none,AoS,disabled,14488642,1816044,1813306,1833227,1866630,1813123,1818034,1817877,1818331,1812721,3089792,3089792,10
2025-10-02 14:46:08,35649,pairwise,VerletListsCells,1.000000,vlc_c18,none,AoS,enabled,14030614,1823544,1810481,1812196,1814795,1851553,1835831,1820546,1815749,1811367,3042667,3042667,10
2025-10-02 14:46:08,35659,pairwise,VerletListsCells,1.000000,vlc_c18,none,SoA,disabled,18209553,3066650,3006690,2991620,2991870,2996664,3001309,2998448,2988968,2993900,4524567,4524567,10
2025-10-02 14:46:09,35669,pairwise,VerletListsCells,1.000000,vlc_c18,none,SoA,enabled,17672013,3091023,3040452,3318897,2993463,2995921,3009781,3000340,3085268,3049279,4525643,4525643,10
2025-10-02 14:46:09,35679,pairwise,VerletListsCells,1.000000,vlc_c08,none,AoS,disabled,10447636,1685213,1675877,1672939,1668078,1670200,1671661,1673264,1669724,1674886,2550947,2550947,10
2025-10-02 14:46:09,35689,pairwise,VerletListsCells,1.000000,vlc_c08,none,AoS,enabled,10003592,1672587,1673732,1714764,1690336,1668996,1672996,1675695,1671818,1687366,2513188,2513188,10
2025-10-02 14:46:09,35699,pairwise,VerletListsCells,1.000000,vlc_c08,none,SoA,disabled,14109002,2997839,2944386,2926181,2920557,2934537,2926685,2914194,2968170,2981885,4062343,4062343,10
2025-10-02 14:46:09,35709,pairwise,VerletListsCells,1.000000,vlc_c08,none,SoA,enabled,13796180,3085851,2959679,2939282,2937624,2953896,2929084,2937929,2936828,2965906,4044225,4044225,10
2025-10-02 14:46:09,35719,pairwise,VerletListsCells,1.000000,vlc_sliced,none,AoS,disabled,12950974,109126,99670,104277,96795,101681,96812,101348,99637,100957,1386127,1386127,10
2025-10-02 14:46:09,35729,pairwise,VerletListsCells,1.000000,vlc_sliced,none,AoS,enabled,12883966,102706,101442,99339,101966,97048,100542,99705,98733,97671,1378311,1378311,10
2025-10-02 14:46:09,35739,pairwise,VerletListsCells,1.000000,vlc_sliced,none,SoA,disabled,16873625,1333370,1278159,1278227,1243965,1248951,1239109,1251281,1253453,1214713,2821484,2821484,10
2025-10-02 14:46:09,35749,pairwise,VerletListsCells,1.000000,vlc_sliced,none,SoA,enabled,16398797,1289552,1258203,1254384,1243966,1245835,1216484,1224710,1237337,1242123,2761138,2761138,10
2025-10-02 14:46:09,35759,pairwise,VerletListsCells,1.000000,vlc_sliced_balanced,none,AoS,disabled,12862767,107838,104172,104159,103322,103945,102857,104301,104827,103420,1380160,1380160,10
2025-10-02 14:46:09,35769,pairwise,VerletListsCells,1.000000,vlc_sliced_balanced,none,AoS,enabled,12540241,102921,101647,108160,101873,104418,102026,104112,101207,101150,1346775,1346775,10
2025-10-02 14:46:09,35779,pairwise,VerletListsCells,1.000000,vlc_sliced_balanced,none,SoA,disabled,16567489,1343494,1282017,1268107,1285371,1256143,1232075,1209162,1236224,1248283,2792836,2792836,10
2025-10-02 14:46:09,35789,pairwise,VerletListsCells,1.000000,vlc_sliced_balanced,none,SoA,enabled,16019684,1369610,1307346,1269453,1251786,1225844,1241879,1245538,1265074,1252728,2744893,2744893,10
2025-10-02 14:46:09,35799,pairwise,VerletListsCells,1.000000,vlc_sliced_balanced,squared-particles-per-cell,AoS,disabled,11871241,182475,169370,164625,164792,168020,163145,166231,162783,166814,1337948,1337948,10
2025-10-02 14:46:09,35809,pairwise,VerletListsCells,1.000000,vlc_sliced_balanced,squared-particles-per-cell,AoS,enabled,12405313,172947,172668,176206,166352,167149,166034,165920,169679,165233,1392750,1392750,10
2025-10-02 14:46:09,35819,pairwise,VerletListsCells,1.000000,vlc_sliced_balanced,squared-particles-per-cell,SoA,disabled,16252922,1362496,1373231,1359602,1346023,1357060,1349765,1325020,1344702,1333593,2840440,2840440,10
2025-10-02 14:46:09,35829,pairwise,VerletListsCells,1.000000,vlc_sliced_balanced,squared-particles-per-cell,SoA,enabled,15899961,1348948,1332148,1341709,1352541,1336395,1348514,1333200,1325254,1342679,2796134,2796134,10
2025-10-02 14:46:09,35839,pairwise,VerletListsCells,1.000000,vlc_sliced_balanced,neighbor-list-length,AoS,disabled,12081986,217425,212410,211422,210147,207646,206424,206264,207088,207433,1396824,1396824,10
2025-10-02 14:46:09,35849,pairwise,VerletListsCells,1.000000,vlc_sliced_balanced,neighbor-list-length,AoS,enabled,12463584,205843,199938,202180,202189,201846,205392,208789,204207,202816,1429677,1429677,10
2025-10-02 14:46:09,35859,pairwise,VerletListsCells,1.000000,vlc_sliced_balanced,neighbor-list-length,SoA,disabled,16438805,1467247,1437390,1410149,1406614,1402718,1409521,1413069,1393215,1392927,2917165,2917165,10
2025-10-02 14:46:09,35869,pairwise,VerletListsCells,1.000000,vlc_sliced_balanced,neighbor-list-length,SoA,enabled,16151404,1480345,1429811,1411630,1392692,1406612,1397866,1386685,1380700,1367532,2880526,2880526,10
2025-10-02 14:46:09,35879,pairwise,VerletListsCells,1.000000,vlc_sliced_c02,none,AoS,disabled,12404390,107463,106318,101111,104638,98963,102919,97816,99749,101272,1332463,1332463,10
2025-10-02 14:46:09,35889,pairwise,VerletListsCells,1.000000,vlc_sliced_c02,none,AoS,enabled,12910485,102397,100626,99883,96646,98580,99951,99281,99820,100540,1380820,1380820,10
2025-10-02 14:46:09,35899,pairwise,VerletListsCells,1.000000,vlc_sliced_c02,none,SoA,disabled,16920162,1419970,1369484,1351906,1342259,1333365,1330573,1335392,1332700,1333150,2906895,2906895,10
2025-10-02 14:46:09,35909,pairwise,VerletListsCells,1.000000,vlc_sliced_c02,none,SoA,enabled,16559828,1394002,1343047,1337408,1322830,1317980,1323889,1335218,1313466,1307294,2855495,2855495,10
2025-10-02 14:46:09,35919,pairwise,PairwiseVerletLists,1.000000,vlp_c01,none,AoS,disabled,16876957,1846061,1831789,1832255,1815356,1815180,1809322,1858917,1820061,1812626,3331851,3331851,10
2025-10-02 14:46:09,35929,pairwise,PairwiseVerletLists,1.000000,vlp_c01,none,SoA,disabled,30693159,3798185,3436368,3392724,3495989,3343263,3376053,3362214,3429863,3445688,6177349,6177349,10
2025-10-02 14:46:09,35939,pairwise,PairwiseVerletLists,1.000000,vlp_c18,none,AoS,disabled,15236067,2135430,2113147,2154320,2107038,2098865,2109380,2107523,2093328,2108088,3426318,3426318,10
2025-10-02 14:46:09,35949,pairwise,PairwiseVerletLists,1.000000,vlp_c18,none,AoS,enabled,15086792,2130471,2105650,2108074,2089910,2088082,2100924,2094250,2094534,2105712,3400439,3400439,10
2025-10-02 14:46:10,35959,pairwise,PairwiseVerletLists,1.000000,vlp_c18,none,SoA,disabled,35907341,4222175,3857000,3849224,3849138,3835588,3849135,3830771,3787995,3812255,7080062,7080062,10
2025-10-02 14:46:10,35969,pairwise,PairwiseVerletLists,1.000000,vlp_c18,none,SoA,enabled,36123958,4163849,3846914,3919843,3783474,3796405,3838027,3804083,3847836,3825828,7095021,7095021,10
2025-10-02 14:46:10,35979,pairwise,PairwiseVerletLists,1.000000,vlp_sliced,none,AoS,disabled,13986136,861973,822778,758702,773153,779487,762381,748698,778960,740252,2101251,2101251,10
2025-10-02 14:46:10,35989,pairwise,PairwiseVerletLists,1.000000,vlp_sliced,none,AoS,enabled,13681315,805899,775800,748967,748947,734106,747735,741174,730718,750790,2046544,2046544,10
2025-10-02 14:46:10,35999,pairwise,PairwiseVerletLists,1.000000,vlp_sliced,none,SoA,disabled,33770387,2958583,2772020,2762271,2742760,2658355,2619337,2668581,2611842,2645670,5820980,5820980,10
2025-10-02 14:46:10,36009,pairwise,PairwiseVerletLists,1.000000,vlp_sliced,none,SoA,enabled,33477292,2946586,2720502,2714988,2679933,2755179,2717557,2657637,2600828,2633228,5790372,5790372,10
2025-10-02 14:46:10,36019,pairwise,PairwiseVerletLists,1.000000,vlp_sliced_balanced,none,AoS,disabled,13775674,854445,800167,791211,769779,792409,771778,776735,773852,763827,2086987,2086987,10
2025-10-02 14:46:10,36029,pairwise,PairwiseVerletLists,1.000000,vlp_sliced_balanced,none,AoS,enabled,13658449,824999,793518,768862,770047,780403,790643,774193,771410,770687,2070320,2070320,10
2025-10-02 14:46:10,36039,pairwise,PairwiseVerletLists,1.000000,vlp_sliced_balanced,none,SoA,disabled,34136698,2903971,2667094,2612722,2536255,2579280,2598415,2579968,2526302,2562869,5770356,5770356,10
2025-10-02 14:46:10,36049,pairwise,PairwiseVerletLists,1.000000,vlp_sliced_balanced,none,SoA,enabled,34351122,2914516,2627327,2579350,2552320,2557603,2562839,2597166,2597558,2588113,5792790,5792790,10
2025-10-02 14:46:10,36059,pairwise,PairwiseVerletLists,1.000000,vlp_sliced_c02,none,AoS,disabled,14039145,1080379,966930,937786,942925,927242,922258,932653,931269,952012,2263259,2263259,10
2025-10-02 14:46:10,36069,pairwise,PairwiseVerletLists,1.000000,vlp_sliced_c02,none,AoS,enabled,13808262,1007656,936233,924081,936462,937888,937299,942171,922862,955401,2230831,2230831,10
2025-10-02 14:46:10,36079,pairwise,PairwiseVerletLists,1.000000,vlp_sliced_c02,none,SoA,disabled,34556152,3011669,2875420,2801785,2778710,2800559,2832102,2775456,2783261,2804309,6001942,6001942,10
2025-10-02 14:46:10,36089,pairwise,PairwiseVerletLists,1.000000,vlp_sliced_c02,none,SoA,enabled,35082472,3082150,2951484,2892199,2854670,2866711,2862897,2757771,2818300,2718203,6088684,6088684,10
2025-10-02 14:46:10,36099,pairwise,PairwiseVerletLists,1.000000,vlp_c08,none,AoS,disabled,16593588,3404120,3383610,3580607,3437190,3383520,3394675,3388274,3383201,3389272,4733805,4733805,10
2025-10-02 14:46:10,36109,pairwise,PairwiseVerletLists,1.000000,vlp_c08,none,AoS,enabled,15381908,2485060,2442387,2461234,2423908,2471470,2428683,2426805,2425405,2428316,3737517,3737517,10
2025-10-02 14:46:10,36119,pairwise,PairwiseVerletLists,1.000000,vlp_c08,none,SoA,disabled,36792923,6221137,6192109,6185748,6163868,6181125,6184038,6169466,6178624,6174974,9244400,9244400,10
2025-10-02 14:46:10,36129,pairwise,PairwiseVerletLists,1.000000,vlp_c08,none,SoA,enabled,35502854,4943103,4826626,4753272,4771213,4747335,4727358,4736476,4753259,4727514,7848900,7848900,10
2025-10-02 14:48:03,40009,pairwise,LinkedCells,1.000000,lc_c01,none,AoS,disabled,1645531,1591950,1562685,1611598,1608180,1606573,1602086,1603255,1559373,1561554,1595277,1595277,10
2025-10-02 14:48:03,40019,pairwise,LinkedCells,1.000000,lc_c01,none,SoA,disabled,2824844,2634758,2657348,2627365,2630527,2651743,2601625,2597448,2603804,2640123,2646958,2646958,10
2025-10-02 14:48:03,40029,pairwise,LinkedCells,1.000000,lc_c01_combined_SoA,none,SoA,disabled,2349903,2337132,2333617,2455664,2391528,2354824,2364927,2349911,2349074,2380820,2366739,2366739,10
2025-10-02 14:48:03,40039,pairwise,LinkedCells,1.000000,lc_c04,none,AoS,disabled,602121,575531,544620,545980,543942,542331,542410,542558,543783,545650,552891,552891,10
2025-10-02 14:48:03,40049,pairwise,LinkedCells,1.000000,lc_c04,none,AoS,enabled,546065,542560,543057,540303,532334,535507,532509,535228,537328,538426,538331,538331,10
2025-10-02 14:48:03,40059,pairwise,LinkedCells,1.000000,lc_c04,none,SoA,disabled,1825225,1751928,1732220,1748444,1725646,1729092,1740420,1714395,1737104,1730119,1743459,1743459,10
2025-10-02 14:48:03,40069,pairwise,LinkedCells,1.000000,lc_c04,none,SoA,enabled,1769944,1744016,1744228,1742324,1738679,1731693,1727364,1723045,1728549,1720330,1737016,1737016,10
2025-10-02 14:48:03,40079,pairwise,LinkedCells,1.000000,lc_c04_HCP,none,AoS,disabled,639392,585497,589719,583809,577694,578642,592811,586939,579250,577952,589170,589170,10
2025-10-02 14:48:03,40089,pairwise,LinkedCells,1.000000,lc_c04_HCP,none,AoS,enabled,579641,576889,577319,586924,593989,570884,573539,571739,572676,572978,577657,577657,10
2025-10-02 14:48:03,40099,pairwise,LinkedCells,1.000000,lc_c04_HCP,none,SoA,disabled,2040378,2020283,2013580,2018781,1997613,1995886,2006917,2020712,2014093,2007947,2013618,2013618,10
2025-10-02 14:48:03,40109,pairwise,LinkedCells,1.000000,lc_c04_HCP,none,SoA,enabled,2043525,1998912,2024212,2012233,2011428,1985089,1993401,1986859,2012462,2014819,2008293,2008293,10
2025-10-02 14:48:03,40119,pairwise,LinkedCells,1.000000,lc_c04_combined_SoA,none,SoA,disabled,2842219,2549289,2562511,2570383,2561237,2546586,2521439,2539922,2555552,2513784,2576291,2576291,10
2025-10-02 14:48:03,40129,pairwise,LinkedCells,1.000000,lc_c04_combined_SoA,none,SoA,enabled,2310165,2349010,2344494,2479180,2365227,2332496,2334992,2336477,2370279,2323456,2354577,2354577,10
2025-10-02 14:48:04,40139,pairwise,LinkedCells,1.000000,lc_c08,none,AoS,disabled,1894066,1849213,1812126,1770116,1768137,1763727,1771301,1774760,1765775,1763870,1793308,1793308,10
2025-10-02 14:48:04,40149,pairwise,LinkedCells,1.000000,lc_c08,none,AoS,enabled,1773946,1819307,1765748,1760231,1764587,1764285,1782379,1819197,2075743,1765970,1809138,1809138,10
2025-10-02 14:48:04,40159,pairwise,LinkedCells,1.000000,lc_c08,none,SoA,disabled,3062124,3066007,3071473,3083355,3108588,3061875,3043412,3101461,3059536,3112844,3077066,3077066,10
2025-10-02 14:48:04,40169,pairwise,LinkedCells,1.000000,lc_c08,none,SoA,enabled,3071973,3078095,3051190,3059180,3072193,3064471,3051982,3069359,3070229,3100675,3068934,3068934,10
2025-10-02 14:48:04,40179,pairwise,LinkedCells,1.000000,lc_c18,none,AoS,disabled,1878169,1858875,1913073,1840804,1849523,1849684,1901153,1855684,1833508,1848991,1862946,1862946,10
2025-10-02 14:48:04,40189,pairwise,LinkedCells,1.000000,lc_c18,none,AoS,enabled,1827609,1843042,1841648,1843754,1852911,1849249,1872148,1894864,1910729,1909068,1864501,1864501,10
2025-10-02 14:48:04,40199,pairwise,LinkedCells,1.000000,lc_c18,none,SoA,disabled,2542552,2593551,2551075,2523181,2573383,2590652,2570405,2507171,2567959,2518935,2553885,2553885,10
2025-10-02 14:48:04,40209,pairwise,LinkedCells,1.000000,lc_c18,none,SoA,enabled,2584845,2507031,2536697,2533164,2585173,2509433,2506878,2540939,2502073,2504437,2531066,2531066,10
2025-10-02 14:48:04,40219,pairwise,LinkedCells,1.000000,lc_sliced,none,AoS,disabled,503495,476789,441336,438475,430537,432515,437276,435459,433775,428588,445823,445823,10
2025-10-02 14:48:04,40229,pairwise,LinkedCells,1.000000,lc_sliced,none,AoS,enabled,498604,430629,430774,436091,434714,431551,431863,429715,428128,431362,438342,438342,10
2025-10-02 14:48:04,40239,pairwise,LinkedCells,1.000000,lc_sliced,none,SoA,disabled,1928992,1692420,1713793,2241843,1679233,1670505,1669866,1657573,1657586,1657591,1756939,1756939,10
2025-10-02 14:48:04,40249,pairwise,LinkedCells,1.000000,lc_sliced,none,SoA,enabled,1723880,1672749,1661273,1664274,1667302,1666329,1692941,1654123,1665185,1658620,1672667,1672667,10
2025-10-02 14:48:04,40259,pairwise,LinkedCells,1.000000,lc_sliced_balanced,none,AoS,disabled,557151,457273,435926,428740,432377,429275,429290,438644,434897,436420,447999,447999,10
2025-10-02 14:48:04,40269,pairwise,LinkedCells,1.000000,lc_sliced_balanced,none,AoS,enabled,661860,437834,433339,431210,429002,429333,430109,434597,437310,436052,456064,456064,10
2025-10-02 14:48:04,40279,pairwise,LinkedCells,1.000000,lc_sliced_balanced,none,SoA,disabled,1731031,1653268,1649433,1630424,1614510,1622123,1623826,1627180,1636819,1646065,1643467,1643467,10
2025-10-02 14:48:04,40289,pairwise,LinkedCells,1.000000,lc_sliced_balanced,none,SoA,enabled,1668400,1629834,1627558,1618354,1628214,1628646,1624770,1620555,1619610,1619200,1628513,1628513,10
2025-10-02 14:48:04,40299,pairwise,LinkedCells,1.000000,lc_sliced_balanced,squared-particles-per-cell,AoS,disabled,1181005,982935,944917,942105,934502,944934,938645,936054,937494,937857,968044,968044,10
2025-10-02 14:48:04,40309,pairwise,LinkedCells,1.000000,lc_sliced_balanced,squared-particles-per-cell,AoS,enabled,958652,937116,937711,938516,938496,937606,937576,938423,934271,938528,939689,939689,10
2025-10-02 14:48:04,40319,pairwise,LinkedCells,1.000000,lc_sliced_balanced,squared-particles-per-cell,SoA,disabled,3542121,3300674,3265642,3280026,3258299,3257972,3260274,3257600,3273781,3269123,3296550,3296550,10
2025-10-02 14:48:04,40329,pairwise,LinkedCells,1.000000,lc_sliced_balanced,squared-particles-per-cell,SoA,enabled,3274302,3246152,3266086,3272604,3234633,3253728,3252841,3554669,3273114,3266182,3289431,3289431,10
2025-10-02 14:48:04,40339,pairwise,LinkedCells,1.000000,lc_sliced_c02,none,AoS,disabled,585217,487374,448401,438658,428753,423763,427917,428402,435681,424812,452897,452897,10
2025-10-02 14:48:04,40349,pairwise,LinkedCells,1.000000,lc_sliced_c02,none,AoS,enabled,430072,428865,429735,430545,425276,422709,423862,422102,419743,427883,426078,426078,10
2025-10-02 14:48:04,40359,pairwise,LinkedCells,1.000000,lc_sliced_c02,none,SoA,disabled,1913359,1715190,1684152,1683075,1656688,1679102,1694819,1682336,1677907,1686572,1707319,1707319,10
2025-10-02 14:48:04,40369,pairwise,LinkedCells,1.000000,lc_sliced_c02,none,SoA,enabled,1807275,1687845,1762108,1662750,1682567,1655836,1692029,1684408,1662152,1676871,1697384,1697384,10
2025-10-02 14:48:04,40379,pairwise,VerletClusterLists,1.000000,vcl_c01_balanced,none,AoS,disabled,399534,121003,121731,125747,118875,122690,124819,117374,117440,118609,148781,148781,10
2025-10-02 14:48:04,40389,pairwise,VerletClusterLists,1.000000,vcl_c01_balanced,none,SoA,disabled,240278,97595,97169,95467,97614,96734,99737,105203,98065,95515,112337,112337,10
2025-10-02 14:48:04,40399,pairwise,VerletClusterLists,1.000000,vcl_c06,none,AoS,disabled,236011,129694,121046,125099,119435,125649,122323,123241,125072,126667,135423,135423,10
2025-10-02 14:48:04,40409,pairwise,VerletClusterLists,1.000000,vcl_c06,none,AoS,enabled,188137,100108,97353,95434,98371,97865,100164,97354,95326,96920,106703,106703,10
2025-10-02 14:48:04,40419,pairwise,VerletClusterLists,1.000000,vcl_c06,none,SoA,disabled,223464,110448,109837,110281,113648,108569,112527,107932,110276,114246,122122,122122,10
2025-10-02 14:48:04,40429,pairwise,VerletClusterLists,1.000000,vcl_c06,none,SoA,enabled,184202,102209,103238,103865,104840,101820,102013,104333,105655,105685,111785,111785,10
2025-10-02 14:48:04,40439,pairwise,VerletClusterLists,1.000000,vcl_sliced,none,AoS,disabled,220725,99145,107312,106282,91165,90612,104337,109069,107447,104199,114029,114029,10
2025-10-02 14:48:04,40449,pairwise,VerletClusterLists,1.000000,vcl_sliced,none,AoS,enabled,161575,78897,81355,79114,77884,78118,77438,73252,86200,80983,87481,87481,10
2025-10-02 14:48:04,40459,pairwise,VerletClusterLists,1.000000,vcl_sliced,none,SoA,disabled,204923,89587,85898,84717,85186,85315,83918,83715,95162,91378,98979,98979,10
2025-10-02 14:48:04,40469,pairwise,VerletClusterLists,1.000000,vcl_sliced,none,SoA,enabled,169517,86046,84279,88126,81715,80127,81060,81204,78982,88265,91931,91931,10
2025-10-02 14:48:04,40479,pairwise,VerletClusterLists,1.000000,vcl_sliced_balanced,none,AoS,disabled,228215,110759,111020,114085,108982,108444,109658,110393,113672,109479,122470,122470,10
2025-10-02 14:48:04,40489,pairwise,VerletClusterLists,1.000000,vcl_sliced_balanced,none,AoS,enabled,163509,83213,84668,92311,82256,83283,83046,81959,83393,82168,91980,91980,10
2025-10-02 14:48:04,40499,pairwise,VerletClusterLists,1.000000,vcl_sliced_balanced,none,SoA,disabled,201278,92836,105072,99611,91862,93655,91032,101400,92853,92591,106218,106218,10
2025-10-02 14:48:04,40509,pairwise,VerletClusterLists,1.000000,vcl_sliced_balanced,none,SoA,enabled,172029,88949,92771,91906,90305,86437,93342,85820,88200,87201,97695,97695,10
2025-10-02 14:48:04,40519,pairwise,VerletClusterLists,1.000000,vcl_sliced_balanced,neighbor-list-length,AoS,disabled,319616,111392,118233,112287,111340,109268,108683,109033,108710,109679,131823,131823,10
2025-10-02 14:48:04,40529,pairwise,VerletClusterLists,1.000000,vcl_sliced_balanced,neighbor-list-length,AoS,enabled,186908,92678,86278,85558,84618,84693,85599,84524,95479,82832,96916,96916,10
2025-10-02 14:48:04,40539,pairwise,VerletClusterLists,1.000000,vcl_sliced_balanced,neighbor-list-length,SoA,disabled,234069,91275,91433,92627,92053,89907,96061,99242,92726,90768,107016,107016,10
2025-10-02 14:48:04,40549,pairwise,VerletClusterLists,1.000000,vcl_sliced_balanced,neighbor-list-length,SoA,enabled,170086,87367,86649,86932,86741,85991,92913,87083,97695,93129,97457,97457,10
2025-10-02 14:48:04,40559,pairwise,VerletClusterLists,1.000000,vcl_sliced_c02,none,AoS,disabled,290572,100440,100575,101188,92287,106486,100349,96888,98447,103534,119076,119076,10
2025-10-02 14:48:04,40569,pairwise,VerletClusterLists,1.000000,vcl_sliced_c02,none,AoS,enabled,175050,80158,79538,80698,79539,79565,77055,77796,78445,76912,88475,88475,10
2025-10-02 14:48:04,40579,pairwise,VerletClusterLists,1.000000,vcl_sliced_c02,none,SoA,disabled,204388,88955,93032,93059,88226,86334,96595,88068,92254,88276,101918,101918,10
2025-10-02 14:48:04,40589,pairwise,VerletClusterLists,1.000000,vcl_sliced_c02,none,SoA,enabled,172901,85933,84054,82872,83050,88649,84436,88236,83907,87344,94137,94137,10
2025-10-02 14:48:04,40599,pairwise,VerletLists,1.000000,vl_list_iteration,none,AoS,disabled,4116378,79331,79335,73603,77651,73527,80510,71799,78264,71433,480182,480182,10
2025-10-02 14:48:04,40609,pairwise,VerletLists,1.000000,vl_list_iteration,none,SoA,disabled,7289114,1426166,1301091,1284613,1267325,1270563,1266464,1264517,1264633,1276569,1891104,1891104,10
2025-10-02 14:48:04,40619,pairwise,VerletListsCells,1.000000,vlc_c01,none,AoS,disabled,22081164,1751177,1504743,1512318,1510824,1510135,1501122,1504787,1510594,1505743,3589260,3589260,10
2025-10-02 14:48:04,40629,pairwise,VerletListsCells,1.000000,vlc_c01,none,SoA,disabled,27078393,2916531,2796213,2821378,2731966,2706085,2724194,2697619,2723933,2722327,5191863,5191863,10
2025-10-02 14:48:04,40639,pairwise,VerletListsCells,1.000000,vlc_c18,none,AoS,disabled,14566826,1827118,1816398,1819134,1810314,1813510,1817959,1816513,1820110,1814980,3092285,3092285,10
2025-10-02 14:48:04,40649,pairwise,VerletListsCells,1.000000,vlc_c18,none,AoS,enabled,14100399,1819534,1815968,1818881,1816387,1824205,1816673,1824131,1820733,1817165,3047407,3047407,10
2025-10-02 14:48:04,40659,pairwise,VerletListsCells,1.000000,vlc_c18,none,SoA,disabled,18804197,3192304,3117682,3085084,3098413,3103277,3097164,3107657,3085627,3069410,4676080,4676080,10
2025-10-02 14:48:04,40669,pairwise,VerletListsCells,1.000000,vlc_c18,none,SoA,enabled,18196427,3200289,3125570,3093178,3097208,3080902,3072050,3070458,3073163,3070273,4607951,4607951,10
2025-10-02 14:48:04,40679,pairwise,VerletListsCells,1.000000,vlc_c08,none,AoS,disabled,10622744,1678182,1676937,1678326,1673023,1675463,1718649,1670177,1673723,1671653,2573887,2573887,10
2025-10-02 14:48:04,40689,pairwise,VerletListsCells,1.000000,vlc_c08,none,AoS,enabled,10160645,1677819,1672953,1675625,1674211,1676446,1671691,1676366,1669536,1671116,2522640,2522640,10
2025-10-02 14:48:05,40699,pairwise,VerletListsCells,1.000000,vlc_c08,none,SoA,disabled,14855334,3075769,3013486,2995761,2988767,2989016,2982805,2981918,3037950,3027119,4194791,4194791,10
2025-10-02 14:48:05,40709,pairwise,VerletListsCells,1.000000,vlc_c08,none,SoA,enabled,14604058,3137859,3020640,2980049,2980998,2958222,2975106,2983163,2987888,2983510,4161149,4161149,10
2025-10-02 14:48:05,40719,pairwise,VerletListsCells,1.000000,vlc_sliced,none,AoS,disabled,12958377,109128,100950,99006,99000,102039,101920,101146,103816,106291,1388166,1388166,10
2025-10-02 14:48:05,40729,pairwise,VerletListsCells,1.000000,vlc_sliced,none,AoS,enabled,12742762,109184,102906,100229,101339,100008,103883,100845,98715,98300,1365817,1365817,10
2025-10-02 14:48:05,40739,pairwise,VerletListsCells,1.000000,vlc_sliced,none,SoA,disabled,17232584,1415134,1312647,1300166,1299327,1291789,1305201,1325853,1306604,1294400,2908370,2908370,10
2025-10-02 14:48:05,40749,pairwise,VerletListsCells,1.000000,vlc_sliced,none,SoA,enabled,16913107,1379748,1329631,1315552,1306004,1290757,1258541,1268714,1287556,1288041,2863765,2863765,10
2025-10-02 14:48:05,40759,pairwise,VerletListsCells,1.000000,vlc_sliced_balanced,none,AoS,disabled,12890165,118461,107482,105387,106377,104400,105148,103822,103293,102549,1384708,1384708,10
2025-10-02 14:48:05,40769,pairwise,VerletListsCells,1.000000,vlc_sliced_balanced,none,AoS,enabled,12439676,106948,107306,105070,106417,105017,106002,106010,103052,106733,1339222,1339222,10
2025-10-02 14:48:05,40779,pairwise,VerletListsCells,1.000000,vlc_sliced_balanced,none,SoA,disabled,17126133,1401976,1345629,1323862,1317100,1291919,1294173,1309094,1318318,1301281,2902947,2902947,10
2025-10-02 14:48:05,40789,pairwise,VerletListsCells,1.000000,vlc_sliced_balanced,none,SoA,enabled,16722988,1443430,1362609,1329398,1310446,1310333,1308266,1286703,1292639,1298046,2866485,2866485,10
2025-10-02 14:48:05,40799,pairwise,VerletListsCells,1.000000,vlc_sliced_balanced,squared-particles-per-cell,AoS,disabled,12299835,179651,171852,160728,159797,159849,159736,166447,162992,160695,1378157,1378157,10
2025-10-02 14:48:05,40809,pairwise,VerletListsCells,1.000000,vlc_sliced_balanced,squared-particles-per-cell,AoS,enabled,12477209,172278,164854,165722,159487,159630,160629,160635,160949,162272,1394366,1394366,10
2025-10-02 14:48:05,40819,pairwise,VerletListsCells,1.000000,vlc_sliced_balanced,squared-particles-per-cell,SoA,disabled,16492545,1397396,1380808,1370066,1364734,1379003,1371875,1365908,1361778,1381462,2886557,2886557,10
2025-10-02 14:48:05,40829,pairwise,VerletListsCells,1.000000,vlc_sliced_balanced,squared-particles-per-cell,SoA,enabled,16423514,1385808,1388265,1389989,1337455,1390554,1373526,1361075,1357187,1353683,2876105,2876105,10
2025-10-02 14:48:05,40839,pairwise,VerletListsCells,1.000000,vlc_sliced_balanced,neighbor-list-length,AoS,disabled,12031043,206176,193158,193630,192270,189926,189864,189642,189020,194966,1376969,1376969,10
2025-10-02 14:48:05,40849,pairwise,VerletListsCells,1.000000,vlc_sliced_balanced,neighbor-list-length,AoS,enabled,12585702,194375,188752,192197,187394,193789,185584,185983,193070,190193,1429703,1429703,10
2025-10-02 14:48:05,40859,pairwise,VerletListsCells,1.000000,vlc_sliced_balanced,neighbor-list-length,SoA,disabled,16851728,1533450,1496320,1454248,1454214,1427649,1433322,1426152,1428755,1433940,2993977,2993977,10
2025-10-02 14:48:05,40869,pairwise,VerletListsCells,1.000000,vlc_sliced_balanced,neighbor-list-length,SoA,enabled,16680472,1551802,1490816,1469185,1457766,1449798,1444182,1443993,1456650,1431114,2987577,2987577,10
2025-10-02 14:48:05,40879,pairwise,VerletListsCells,1.000000,vlc_sliced_c02,none,AoS,disabled,12430615,117001,106608,115912,103278,123539,100975,100459,98328,103565,1340027,1340027,10
2025-10-02 14:48:05,40889,pairwise,VerletListsCells,1.000000,vlc_sliced_c02,none,AoS,enabled,12882843,114874,101277,102645,100286,100922,114199,100540,102743,103316,1382364,1382364,10
2025-10-02 14:48:05,40899,pairwise,VerletListsCells,1.000000,vlc_sliced_c02,none,SoA,disabled,16987109,1417603,1371573,1362257,1351750,1356417,1348566,1342678,1336689,1334939,2920957,2920957,10
2025-10-02 14:48:05,40909,pairwise,VerletListsCells,1.000000,vlc_sliced_c02,none,SoA,enabled,16672636,1420500,1385552,1369691,1345370,1338808,1345902,1339996,1333253,1323711,2887541,2887541,10
2025-10-02 14:48:05,40919,pairwise,PairwiseVerletLists,1.000000,vlp_c01,none,AoS,disabled,16858066,1848149,1830698,1824064,1847049,1865462,1854156,1815537,1814388,1816573,3337413,3337413,10
2025-10-02 14:48:05,40929,pairwise,PairwiseVerletLists,1.000000,vlp_c01,none,SoA,disabled,30970009,3828770,3525911,3493350,3422883,3426746,3421381,3417028,3407239,3416278,6232959,6232959,10
2025-10-02 14:48:05,40939,pairwise,PairwiseVerletLists,1.000000,vlp_c18,none,AoS,disabled,15304593,2191086,2180677,2163941,2098041,2097041,2103819,2099766,2095475,2087526,3442196,3442196,10
2025-10-02 14:48:05,40949,pairwise,PairwiseVerletLists,1.000000,vlp_c18,none,AoS,enabled,15089974,2122957,2112575,2103478,2088859,2099487,2098482,2092827,2101567,2114682,3402488,3402488,10
2025-10-02 14:48:05,40959,pairwise,PairwiseVerletLists,1.000000,vlp_c18,none,SoA,disabled,36261864,4211503,3951010,3901855,3886412,3915411,3896042,3866530,3892766,3866187,7164957,7164957,10
2025-10-02 14:48:05,40969,pairwise,PairwiseVerletLists,1.000000,vlp_c18,none,SoA,enabled,36185439,4201003,3971716,3943876,3945515,3892530,3930995,3926612,3917958,3940879,7185651,7185651,10
2025-10-02 14:48:05,40979,pairwise,PairwiseVerletLists,1.000000,vlp_sliced,none,AoS,disabled,14039190,841704,808924,791294,775075,762659,763134,755353,776291,755247,2106886,2106886,10
2025-10-02 14:48:06,40989,pairwise,PairwiseVerletLists,1.000000,vlp_sliced,none,AoS,enabled,13739357,805729,799131,793433,778675,766470,778947,773878,785102,783951,2080467,2080467,10
2025-10-02 14:48:06,40999,pairwise,PairwiseVerletLists,1.000000,vlp_sliced,none,SoA,disabled,34589379,3003039,2757257,2697607,2709529,2735578,2725858,2751363,2763242,2716612,5944945,5944945,10
2025-10-02 14:48:06,41009,pairwise,PairwiseVerletLists,1.000000,vlp_sliced,none,SoA,enabled,33918421,3012721,2832397,2764221,2755527,2773501,2726501,2752589,2676023,2705349,5891724,5891724,10
2025-10-02 14:48:06,41019,pairwise,PairwiseVerletLists,1.000000,vlp_sliced_balanced,none,AoS,disabled,13865062,838488,807146,781762,769627,774494,760206,768067,747416,764691,2087695,2087695,10
2025-10-02 14:48:06,41029,pairwise,PairwiseVerletLists,1.000000,vlp_sliced_balanced,none,AoS,enabled,13741612,817228,782763,764318,757330,758987,773617,775526,770237,765720,2070733,2070733,10
2025-10-02 14:48:06,41039,pairwise,PairwiseVerletLists,1.000000,vlp_sliced_balanced,none,SoA,disabled,34660077,2986451,2737917,2619024,2597526,2607743,2638844,2606425,2592608,2613605,5866021,5866021,10
2025-10-02 14:48:06,41049,pairwise,PairwiseVerletLists,1.000000,vlp_sliced_balanced,none,SoA,enabled,34474249,2961165,2728751,2680709,2625085,2629283,2632895,2625375,2633403,2621793,5861270,5861270,10
2025-10-02 14:48:06,41059,pairwise,PairwiseVerletLists,1.000000,vlp_sliced_c02,none,AoS,disabled,14117876,988984,965855,918095,946841,951737,991128,905564,958061,929239,2267337,2267337,10
2025-10-02 14:48:06,41069,pairwise,PairwiseVerletLists,1.000000,vlp_sliced_c02,none,AoS,enabled,13888637,983383,945008,927926,951509,961855,956750,940189,926352,924998,2240660,2240660,10
2025-10-02 14:48:06,41079,pairwise,PairwiseVerletLists,1.000000,vlp_sliced_c02,none,SoA,disabled,34610646,3134370,2840008,2827882,2877530,2878149,2799544,2780582,2911125,2923570,6058340,6058340,10
2025-10-02 14:48:06,41089,pairwise,PairwiseVerletLists,1.000000,vlp_sliced_c02,none,SoA,enabled,34423338,3023918,2941015,2847632,2812174,2935227,2864849,2856378,2841031,2720235,6026579,6026579,10
2025-10-02 14:48:06,41099,pairwise,PairwiseVerletLists,1.000000,vlp_c08,none,AoS,disabled,16627671,3415964,3404701,3393815,3397793,3406927,3394304,3401558,3406163,3406256,4725514,4725514,10
2025-10-02 14:48:06,41109,pairwise,PairwiseVerletLists,1.000000,vlp_c08,none,AoS,enabled,15448688,2495851,2459487,2484789,2462627,2423060,2437032,2423805,2428068,2427939,3749134,3749134,10
2025-10-02 14:48:06,41119,pairwise,PairwiseVerletLists,1.000000,vlp_c08,none,SoA,disabled,37238418,6284102,6284960,6255716,6214919,6201480,6212260,6224315,6205447,6220300,9334191,9334191,10
2025-10-02 14:48:06,41129,pairwise,PairwiseVerletLists,1.000000,vlp_c08,none,SoA,enabled,35631120,4967056,4882702,4806467,4783198,4822694,4763695,4799496,4790731,4792670,7903982,7903982,10
2025-10-02 14:50:01,45009,pairwise,LinkedCells,1.000000,lc_c01,none,AoS,disabled,1697814,1611613,1601935,1599704,1602019,1596768,1600774,1601985,1605715,1601295,1611962,1611962,10
2025-10-02 14:50:01,45019,pairwise,LinkedCells,1.000000,lc_c01,none,SoA,disabled,3592843,2738096,2731312,2695343,2680044,2679020,2684735,2717450,2684018,2670870,2787372,2787372,10
2025-10-02 14:50:01,45029,pairwise,LinkedCells,1.000000,lc_c01_combined_SoA,none,SoA,disabled,2494978,2423678,2396164,2418182,2389376,2424289,2481886,2610344,2421844,2423237,2448397,2448397,10
2025-10-02 14:50:01,45039,pairwise,LinkedCells,1.000000,lc_c04,none,AoS,disabled,580577,550810,546958,545214,546731,543355,545976,541339,538561,538109,547763,547763,10
2025-10-02 14:50:01,45049,pairwise,LinkedCells,1.000000,lc_c04,none,AoS,enabled,545897,541060,790624,537111,545788,541777,540026,536637,537271,542486,565867,565867,10
2025-10-02 14:50:01,45059,pairwise,LinkedCells,1.000000,lc_c04,none,SoA,disabled,1894204,1753322,1756128,1753437,1732882,1749249,1754798,1754314,1742688,1789274,1768029,1768029,10
2025-10-02 14:50:01,45069,pairwise,LinkedCells,1.000000,lc_c04,none,SoA,enabled,1819090,1750733,1731942,1750340,1737154,1744521,1741926,1728745,1733756,1736261,1747446,1747446,10
2025-10-02 14:50:01,45079,pairwise,LinkedCells,1.000000,lc_c04_HCP,none,AoS,disabled,657339,604012,591350,595601,581836,583504,575771,581084,580805,591389,594268,594268,10
2025-10-02 14:50:01,45089,pairwise,LinkedCells,1.000000,lc_c04_HCP,none,AoS,enabled,588838,574064,572236,576051,591747,595382,576789,574240,587711,590324,582737,582737,10
2025-10-02 14:50:01,45099,pairwise,LinkedCells,1.000000,lc_c04_HCP,none,SoA,disabled,2076987,2016680,2016481,2012024,2016704,2030322,2016147,2038463,2034454,2039295,2029755,2029755,10
2025-10-02 14:50:01,45109,pairwise,LinkedCells,1.000000,lc_c04_HCP,none,SoA,enabled,2066303,2031363,2009882,2006045,1998124,2002116,2019478,2021504,2044678,2047803,2024729,2024729,10
2025-10-02 14:50:01,45119,pairwise,LinkedCells,1.000000,lc_c04_combined_SoA,none,SoA,disabled,2648928,2618017,2627999,2591439,2602049,2589333,2596643,2585780,2601927,2601758,2606386,2606386,10
2025-10-02 14:50:01,45129,pairwise,LinkedCells,1.000000,lc_c04_combined_SoA,none,SoA,enabled,2420400,2586975,2394709,2387531,2402671,2419831,2404447,2397229,2391294,2394581,2419966,2419966,10
2025-10-02 14:50:01,45139,pairwise,LinkedCells,1.000000,lc_c08,none,AoS,disabled,1958820,1861453,1845296,1843549,1832489,1785372,1792773,1793850,1784875,2049003,1854747,1854747,10
2025-10-02 14:50:01,45149,pairwise,LinkedCells,1.000000,lc_c08,none,AoS,enabled,1772199,1775529,1784711,1779465,1775046,1771742,1799704,1847194,1795898,1779075,1788056,1788056,10
2025-10-02 14:50:01,45159,pairwise,LinkedCells,1.000000,lc_c08,none,SoA,disabled,3162276,3111001,3070442,3071648,3100949,3067940,3053077,3063877,3056794,3103308,3086130,3086130,10
2025-10-02 14:50:01,45169,pairwise,LinkedCells,1.000000,lc_c08,none,SoA,enabled,3057940,3063934,3072587,3052958,3075611,3114898,3122218,3071593,3099691,3067337,3079876,3079876,10
2025-10-02 14:50:01,45179,pairwise,LinkedCells,1.000000,lc_c18,none,AoS,disabled,1918539,1884456,1869691,1870803,1880060,1876636,1865077,1861791,1928282,1930604,1888593,1888593,10
2025-10-02 14:50:01,45189,pairwise,LinkedCells,1.000000,lc_c18,none,AoS,enabled,1879017,1907739,1868923,1901638,1893169,1855183,1885115,1905190,1868082,1864217,1882826,1882826,10
2025-10-02 14:50:01,45199,pairwise,LinkedCells,1.000000,lc_c18,none,SoA,disabled,2616689,2618333,2632257,2610391,2594658,2602353,2649597,2663282,2601678,2648865,2623809,2623809,10
2025-10-02 14:50:01,45209,pairwise,LinkedCells,1.000000,lc_c18,none,SoA,enabled,2610915,2617538,2601397,2595068,2584227,2578286,2569347,2561856,2564162,2566938,2584973,2584973,10
2025-10-02 14:50:01,45219,pairwise,LinkedCells,1.000000,lc_sliced,none,AoS,disabled,514901,487161,464155,717740,454239,449159,453987,451731,458851,461958,491387,491387,10
2025-10-02 14:50:01,45229,pairwise,LinkedCells,1.000000,lc_sliced,none,AoS,enabled,629554,452110,446537,448791,443542,444733,441053,444961,447541,445146,464396,464396,10
2025-10-02 14:50:01,45239,pairwise,LinkedCells,1.000000,lc_sliced,none,SoA,disabled,1925038,1785526,1749744,1714127,1696593,1709681,1710276,1705602,1718457,1706874,1742191,1742191,10
2025-10-02 14:50:01,45249,pairwise,LinkedCells,1.000000,lc_sliced,none,SoA,enabled,1747348,1689992,1692544,1688481,1704096,1698257,1708334,1678113,1693339,1687058,1698756,1698756,10
2025-10-02 14:50:01,45259,pairwise,LinkedCells,1.000000,lc_sliced_balanced,none,AoS,disabled,496006,478706,456344,452156,450683,451684,452604,453172,451575,449797,459272,459272,10
2025-10-02 14:50:01,45269,pairwise,LinkedCells,1.000000,lc_sliced_balanced,none,AoS,enabled,443361,443878,442183,444449,448357,448885,445295,448525,446317,446126,445737,445737,10
2025-10-02 14:50:01,45279,pairwise,LinkedCells,1.000000,lc_sliced_balanced,none,SoA,disabled,2029466,1665816,1659527,1648091,1646233,1639593,1625228,1617358,1639338,1628525,1679916,1679916,10
2025-10-02 14:50:01,45289,pairwise,LinkedCells,1.000000,lc_sliced_balanced,none,SoA,enabled,1820885,1636466,1625723,1611977,1618225,1627912,1633428,1639022,1625601,1620208,1645943,1645943,10
2025-10-02 14:50:01,45299,pairwise,LinkedCells,1.000000,lc_sliced_balanced,squared-particles-per-cell,AoS,disabled,1324333,1087075,1053795,1041737,1054347,1057042,1052107,1051621,1060234,1049913,1083220,1083220,10
2025-10-02 14:50:01,45309,pairwise,LinkedCells,1.000000,lc_sliced_balanced,squared-particles-per-cell,AoS,enabled,1064251,1047464,1039329,1039587,1040420,1040791,1042230,1046303,1047216,1052918,1046050,1046050,10
2025-10-02 14:50:01,45319,pairwise,LinkedCells,1.000000,lc_sliced_balanced,squared-particles-per-cell,SoA,disabled,3846563,3630709,3525502,3526442,3489943,3571892,3512835,3492853,3511111,3499297,3560714,3560714,10
2025-10-02 14:50:01,45329,pairwise,LinkedCells,1.000000,lc_sliced_balanced,squared-particles-per-cell,SoA,enabled,3532777,3568634,3503727,3498931,3504572,3491458,3477205,3560095,3481294,3564749,3518343,3518343,10
2025-10-02 14:50:02,45339,pairwise,LinkedCells,1.000000,lc_sliced_c02,none,AoS,disabled,643931,505044,482155,460751,458307,460599,461991,460263,458087,451438,484256,484256,10
2025-10-02 14:50:02,45349,pairwise,LinkedCells,1.000000,lc_sliced_c02,none,AoS,enabled,443884,439989,438739,439363,445651,444260,443663,441454,446671,447075,443074,443074,10
2025-10-02 14:50:02,45359,pairwise,LinkedCells,1.000000,lc_sliced_c02,none,SoA,disabled,2049551,1765569,1725998,1696811,1681930,1687279,1694481,1686255,1696315,1672865,1735704,1735704,10
2025-10-02 14:50:02,45369,pairwise,LinkedCells,1.000000,lc_sliced_c02,none,SoA,enabled,1765444,1672058,1670060,1686190,1690990,1673047,1672766,1672746,1676166,1675450,1685491,1685491,10
2025-10-02 14:50:02,45379,pairwise,VerletClusterLists,1.000000,vcl_c01_balanced,none,AoS,disabled,1243665,462097,460876,460480,456306,446407,454341,451392,456907,450483,534294,534294,10
2025-10-02 14:50:02,45389,pairwise,VerletClusterLists,1.000000,vcl_c01_balanced,none,SoA,disabled,625366,251181,242161,239155,244667,238591,235298,239072,236950,236333,278876,278876,10
2025-10-02 14:50:02,45399,pairwise,VerletClusterLists,1.000000,vcl_c06,none,AoS,disabled,631697,315823,316069,309629,306268,307555,312066,312703,312733,311317,343585,343585,10
2025-10-02 14:50:02,45409,pairwise,VerletClusterLists,1.000000,vcl_c06,none,AoS,enabled,419848,203557,198369,198057,200524,197814,200907,196230,196679,203630,221560,221560,10
2025-10-02 14:50:02,45419,pairwise,VerletClusterLists,1.000000,vcl_c06,none,SoA,disabled,506380,194136,198485,194313,192512,195778,194703,192554,194698,186937,225049,225049,10
2025-10-02 14:50:02,45429,pairwise,VerletClusterLists,1.000000,vcl_c06,none,SoA,enabled,367448,158176,154571,154455,164154,161363,154293,155672,162273,159332,179173,179173,10
2025-10-02 14:50:02,45439,pairwise,VerletClusterLists,1.000000,vcl_sliced,none,AoS,disabled,578168,263299,282797,257062,255052,261806,259812,254114,265553,257930,293559,293559,10
2025-10-02 14:50:02,45449,pairwise,VerletClusterLists,1.000000,vcl_sliced,none,AoS,enabled,393306,154766,152712,159713,160885,166726,161060,168916,162830,159081,183999,183999,10
2025-10-02 14:50:02,45459,pairwise,VerletClusterLists,1.000000,vcl_sliced,none,SoA,disabled,460860,151173,151110,148452,148668,147674,146078,148595,143023,139017,178464,178464,10
2025-10-02 14:50:02,45469,pairwise,VerletClusterLists,1.000000,vcl_sliced,none,SoA,enabled,347835,133314,125211,124962,130597,130084,126973,124545,120600,121499,148561,148561,10
2025-10-02 14:50:02,45479,pairwise,VerletClusterLists,1.000000,vcl_sliced_balanced,none,AoS,disabled,584293,257107,254647,281942,273574,254579,261063,251187,250118,252226,292072,292072,10
2025-10-02 14:50:02,45489,pairwise,VerletClusterLists,1.000000,vcl_sliced_balanced,none,AoS,enabled,386897,163468,165687,160095,163318,158926,159245,159398,161613,160820,183946,183946,10
2025-10-02 14:50:02,45499,pairwise,VerletClusterLists,1.000000,vcl_sliced_balanced,none,SoA,disabled,470861,149087,149173,146989,148988,145993,147751,144400,145988,147781,179701,179701,10
2025-10-02 14:50:02,45509,pairwise,VerletClusterLists,1.000000,vcl_sliced_balanced,none,SoA,enabled,343085,128281,123309,127718,128266,130503,122747,123831,124046,131767,148354,148354,10
2025-10-02 14:50:02,45519,pairwise,VerletClusterLists,1.000000,vcl_sliced_balanced,neighbor-list-length,AoS,disabled,829603,279156,262164,254789,254999,259570,259020,271495,253393,255777,317996,317996,10
2025-10-02 14:50:02,45529,pairwise,VerletClusterLists,1.000000,vcl_sliced_balanced,neighbor-list-length,AoS,enabled,421297,163662,163743,162576,159905,160578,161494,162386,160578,158652,187486,187486,10
2025-10-02 14:50:02,45539,pairwise,VerletClusterLists,1.000000,vcl_sliced_balanced,neighbor-list-length,SoA,disabled,512602,149698,145908,144033,144343,145346,149929,143314,143291,143608,182206,182206,10
2025-10-02 14:50:02,45549,pairwise,VerletClusterLists,1.000000,vcl_sliced_balanced,neighbor-list-length,SoA,enabled,344117,127854,125398,129202,131516,122270,124364,127209,122695,123604,147822,147822,10
2025-10-02 14:50:02,45559,pairwise,VerletClusterLists,1.000000,vcl_sliced_c02,none,AoS,disabled,842061,259984,272832,263820,278651,282317,267979,261014,250808,264965,324443,324443,10
2025-10-02 14:50:02,45569,pairwise,VerletClusterLists,1.000000,vcl_sliced_c02,none,AoS,enabled,404051,170841,176596,171866,179106,182962,173460,178973,169348,164644,197184,197184,10
2025-10-02 14:50:02,45579,pairwise,VerletClusterLists,1.000000,vcl_sliced_c02,none,SoA,disabled,526754,162787,165565,157334,155326,155619,156559,158132,147578,152521,193817,193817,10
2025-10-02 14:50:02,45589,pairwise,VerletClusterLists,1.000000,vcl_sliced_c02,none,SoA,enabled,357772,133484,132926,130289,133918,130029,129761,131616,133793,126672,154025,154025,10
2025-10-02 14:50:02,45599,pairwise,VerletLists,1.000000,vl_list_iteration,none,AoS,disabled,4387805,114869,114300,111098,108827,111001,110257,107784,106342,108352,538063,538063,10
2025-10-02 14:50:02,45609,pairwise,VerletLists,1.000000,vl_list_iteration,none,SoA,disabled,7900184,1363215,1294102,1265288,1232414,1255732,1247273,1243996,1241161,1217438,1926080,1926080,10
2025-10-02 14:50:02,45619,pairwise,VerletListsCells,1.000000,vlc_c01,none,AoS,disabled,22087200,1513314,1515333,1512216,1512978,1511560,1562762,1510303,1511456,1513950,3575107,3575107,10
2025-10-02 14:50:02,45629,pairwise,VerletListsCells,1.000000,vlc_c01,none,SoA,disabled,27542376,2890999,2783963,2772579,2727945,2736176,2732540,2719283,2787834,2746251,5243994,5243994,10
2025-10-02 14:50:02,45639,pairwise,VerletListsCells,1.000000,vlc_c18,none,AoS,disabled,14882755,1822661,1823323,1822514,1821427,1829826,1874177,1824111,1822938,1883631,3140735,3140735,10
2025-10-02 14:50:02,45649,pairwise,VerletListsCells,1.000000,vlc_c18,none,AoS,enabled,14235678,1824392,1821519,1825201,1824198,1821094,1819015,2134220,1820993,1812728,3093903,3093903,10
2025-10-02 14:50:02,45659,pairwise,VerletListsCells,1.000000,vlc_c18,none,SoA,disabled,19687096,3168256,3101311,3083328,3084919,3081414,3081671,3078201,3076273,3074907,4751737,4751737,10
2025-10-02 14:50:02,45669,pairwise,VerletListsCells,1.000000,vlc_c18,none,SoA,enabled,18851627,3344775,3092058,3086293,3110807,3086479,3083903,3076985,3067805,3077338,4687806,4687806,10
2025-10-02 14:50:02,45679,pairwise,VerletListsCells,1.000000,vlc_c08,none,AoS,disabled,10721024,1680500,1708100,1711585,1674460,1681485,1680119,1682697,1679166,1681129,2590026,2590026,10
2025-10-02 14:50:02,45689,pairwise,VerletListsCells,1.000000,vlc_c08,none,AoS,enabled,10459973,1685058,1676228,1675637,1679543,1674523,1670001,1672523,1685346,1684577,2556340,2556340,10
2025-10-02 14:50:02,45699,pairwise,VerletListsCells,1.000000,vlc_c08,none,SoA,disabled,15716016,3092856,3044175,2998396,3017936,2995580,3319755,2993022,2992531,2984823,4315509,4315509,10
2025-10-02 14:50:02,45709,pairwise,VerletListsCells,1.000000,vlc_c08,none,SoA,enabled,15269435,3038308,3039857,2967551,2972652,2973314,3035394,2973485,2963543,2956164,4218969,4218969,10
2025-10-02 14:50:02,45719,pairwise,VerletListsCells,1.000000,vlc_sliced,none,AoS,disabled,13021807,140558,125943,124413,127503,124776,121889,121063,123593,117387,1414893,1414893,10
2025-10-02 14:50:02,45729,pairwise,VerletListsCells,1.000000,vlc_sliced,none,AoS,enabled,12867544,119932,121207,112929,110417,121097,113161,112840,113542,110889,1390355,1390355,10
2025-10-02 14:50:02,45739,pairwise,VerletListsCells,1.000000,vlc_sliced,none,SoA,disabled,18177650,1404745,1359007,1355230,1328280,1337169,1340221,1334642,1335220,1300444,3027260,3027260,10
2025-10-02 14:50:02,45749,pairwise,VerletListsCells,1.000000,vlc_sliced,none,SoA,enabled,17274353,1382491,1343866,1322952,1318735,1312970,1412823,1306727,1301791,1302053,2927876,2927876,10
2025-10-02 14:50:02,45759,pairwise,VerletListsCells,1.000000,vlc_sliced_balanced,none,AoS,disabled,13129124,133103,118307,120034,118090,120488,117960,116137,119366,119657,1421226,1421226,10
2025-10-02 14:50:02,45769,pairwise,VerletListsCells,1.000000,vlc_sliced_balanced,none,AoS,enabled,12706942,114464,114393,113244,110893,112238,115611,110741,116930,111416,1372686,1372686,10
2025-10-02 14:50:02,45779,pairwise,VerletListsCells,1.000000,vlc_sliced_balanced,none,SoA,disabled,18162245,1443105,1358474,1352149,1322545,1342061,1335924,1324438,1322196,1319258,3028239,3028239,10
2025-10-02 14:50:02,45789,pairwise,VerletListsCells,1.000000,vlc_sliced_balanced,none,SoA,enabled,17803032,1439627,1373656,1346372,1346940,1320796,1316574,1315965,1347068,1306853,2991687,2991687,10
2025-10-02 14:50:02,45799,pairwise,VerletListsCells,1.000000,vlc_sliced_balanced,squared-particles-per-cell,AoS,disabled,12312519,185795,173164,170103,168900,182047,174235,170003,172472,174008,1388324,1388324,10
2025-10-02 14:50:02,45809,pairwise,VerletListsCells,1.000000,vlc_sliced_balanced,squared-particles-per-cell,AoS,enabled,12496595,181025,175027,171604,177797,172905,170279,170918,166398,172964,1405551,1405551,10
2025-10-02 14:50:02,45819,pairwise,VerletListsCells,1.000000,vlc_sliced_balanced,squared-particles-per-cell,SoA,disabled,17323180,1382853,1344398,1345724,1369263,1355213,1338611,1333338,1335240,1334962,2946277,2946277,10
2025-10-02 14:50:02,45829,pairwise,VerletListsCells,1.000000,vlc_sliced_balanced,squared-particles-per-cell,SoA,enabled,17126124,1343488,1319725,1338348,1334799,1325756,1328624,1320970,1308395,1326974,2907320,2907320,10
2025-10-02 14:50:03,45839,pairwise,VerletListsCells,1.000000,vlc_sliced_balanced,neighbor-list-length,AoS,disabled,12302613,218388,215392,206076,203807,209098,207689,200783,211653,203357,1417885,1417885,10
2025-10-02 14:50:03,45849,pairwise,VerletListsCells,1.000000,vlc_sliced_balanced,neighbor-list-length,AoS,enabled,12401143,204892,200688,203815,204541,203168,199933,204715,197346,199730,1421997,1421997,10
2025-10-02 14:50:03,45859,pairwise,VerletListsCells,1.000000,vlc_sliced_balanced,neighbor-list-length,SoA,disabled,17589009,1539315,1513473,1503764,1462108,1457161,1458303,1485723,1449773,1460611,3091923,3091923,10
2025-10-02 14:50:03,45869,pairwise,VerletListsCells,1.000000,vlc_sliced_balanced,neighbor-list-length,SoA,enabled,17283324,1527176,1472628,1460305,1457412,1450592,1441401,1446064,1449230,1444171,3043229,3043229,10
2025-10-02 14:50:03,45879,pairwise,VerletListsCells,1.000000,vlc_sliced_c02,none,AoS,disabled,11988938,141054,137553,134535,134208,126380,132776,122377,127202,125473,1317049,1317049,10
2025-10-02 14:50:03,45889,pairwise,VerletListsCells,1.000000,vlc_sliced_c02,none,AoS,enabled,12422009,123920,119056,119063,115227,115417,118241,118442,116418,116033,1348382,1348382,10
2025-10-02 14:50:03,45899,pairwise,VerletListsCells,1.000000,vlc_sliced_c02,none,SoA,disabled,17587421,1417997,1377329,1364020,1341503,1314134,1327811,1348877,1321928,1329283,2973030,2973030,10
2025-10-02 14:50:03,45909,pairwise,VerletListsCells,1.000000,vlc_sliced_c02,none,SoA,enabled,17333065,1385738,1365976,1336778,1330086,1334775,1294452,1282132,1297835,1275572,2923640,2923640,10
2025-10-02 14:50:03,45919,pairwise,PairwiseVerletLists,1.000000,vlp_c01,none,AoS,disabled,16988163,1849751,1819665,1818628,1820609,1844256,1838513,1828348,1856560,1852429,3351691,3351691,10
2025-10-02 14:50:03,45929,pairwise,PairwiseVerletLists,1.000000,vlp_c01,none,SoA,disabled,31960119,3912766,3576946,3510445,3513679,3521946,3521912,3469798,3497442,3532442,6401748,6401748,10
2025-10-02 14:50:03,45939,pairwise,PairwiseVerletLists,1.000000,vlp_c18,none,AoS,disabled,15232811,2191140,2143288,2121188,2174974,2176742,2175021,2112272,2122713,2111228,3456137,3456137,10
2025-10-02 14:50:03,45949,pairwise,PairwiseVerletLists,1.000000,vlp_c18,none,AoS,enabled,15215950,2137471,2111559,2107840,2116835,2159679,2388369,2115421,2109167,2106048,3456833,3456833,10
2025-10-02 14:50:03,45959,pairwise,PairwiseVerletLists,1.000000,vlp_c18,none,SoA,disabled,37639683,4325991,4056060,4069902,4209622,3989304,3998928,3970896,3974709,3954373,7418946,7418946,10
2025-10-02 14:50:03,45969,pairwise,PairwiseVerletLists,1.000000,vlp_c18,none,SoA,enabled,37575538,4355521,4011081,3997435,3988141,3938327,3948012,4035068,3933335,3979481,7376193,7376193,10
2025-10-02 14:50:03,45979,pairwise,PairwiseVerletLists,1.000000,vlp_sliced,none,AoS,disabled,13935319,841219,792840,745915,750138,740090,739778,754712,778080,759657,2083774,2083774,10
2025-10-02 14:50:03,45989,pairwise,PairwiseVerletLists,1.000000,vlp_sliced,none,AoS,enabled,13790823,791046,788714,753158,739969,737968,755057,732985,745146,722142,2055700,2055700,10
2025-10-02 14:50:03,45999,pairwise,PairwiseVerletLists,1.000000,vlp_sliced,none,SoA,disabled,35332126,2992907,2790889,2809703,2807345,2784995,2688936,2691920,2702842,2652722,6025437,6025437,10
2025-10-02 14:50:03,46009,pairwise,PairwiseVerletLists,1.000000,vlp_sliced,none,SoA,enabled,34846305,2944103,2780937,2707645,2720669,2703702,2742736,2741215,2755582,2832473,5977536,5977536,10
2025-10-02 14:50:03,46019,pairwise,PairwiseVerletLists,1.000000,vlp_sliced_balanced,none,AoS,disabled,13852200,855778,808906,777459,778896,763637,771750,764872,761446,772693,2090763,2090763,10
2025-10-02 14:50:03,46029,pairwise,PairwiseVerletLists,1.000000,vlp_sliced_balanced,none,AoS,enabled,13756028,810666,773861,766562,778935,766671,762987,754250,765694,764560,2070021,2070021,10
2025-10-02 14:50:03,46039,pairwise,PairwiseVerletLists,1.000000,vlp_sliced_balanced,none,SoA,disabled,36197586,2956334,2694295,2617347,2586447,2572138,2608918,2671491,2632418,2598601,6013557,6013557,10
2025-10-02 14:50:03,46049,pairwise,PairwiseVerletLists,1.000000,vlp_sliced_balanced,none,SoA,enabled,35928107,2950607,2713179,2641314,2675718,2618035,2555860,2578747,2656402,2632712,5995067,5995067,10
2025-10-02 14:50:03,46059,pairwise,PairwiseVerletLists,1.000000,vlp_sliced_c02,none,AoS,disabled,14107756,988961,926153,988170,938728,929197,972414,933223,940854,916705,2264215,2264215,10
2025-10-02 14:50:04,46069,pairwise,PairwiseVerletLists,1.000000,vlp_sliced_c02,none,AoS,enabled,13902085,936025,958777,927309,923660,926987,939914,904600,916063,909441,2224486,2224486,10
2025-10-02 14:50:04,46079,pairwise,PairwiseVerletLists,1.000000,vlp_sliced_c02,none,SoA,disabled,36187138,3107611,2848172,2830909,2914516,2839629,2781203,2791153,2752165,2727572,6178006,6178006,10
2025-10-02 14:50:04,46089,pairwise,PairwiseVerletLists,1.000000,vlp_sliced_c02,none,SoA,enabled,35688854,3123859,2932075,2896209,2866234,2806799,2839876,2845251,2880633,2790195,6166998,6166998,10
2025-10-02 14:50:04,46099,pairwise,PairwiseVerletLists,1.000000,vlp_c08,none,AoS,disabled,16697157,3428050,3413903,3398007,3406244,3468993,3409089,3408733,3399074,3418334,4744758,4744758,10
2025-10-02 14:50:04,46109,pairwise,PairwiseVerletLists,1.000000,vlp_c08,none,AoS,enabled,15448285,2469105,2478469,2416328,2407248,2418872,2411541,2415890,2464771,2423897,3735440,3735440,10
2025-10-02 14:50:04,46119,pairwise,PairwiseVerletLists,1.000000,vlp_c08,none,SoA,disabled,38505353,6417429,6370130,6382364,6354360,6305781,6326868,6302085,6295463,6305679,9556550,9556550,10
2025-10-02 14:50:04,46129,pairwise,PairwiseVerletLists,1.000000,vlp_c08,none,SoA,enabled,37176343,4854756,4630962,4566178,4620856,4573655,4598966,4542542,4543473,4605828,7871355,7871355,10
2025-10-02 14:52:01,50009,pairwise,LinkedCells,1.000000,lc_c01,none,AoS,disabled,1729619,1677699,1716152,1665619,1655908,1673228,1710370,1660571,1662781,1657652,1680959,1680959,10
2025-10-02 14:52:01,50019,pairwise,LinkedCells,1.000000,lc_c01,none,SoA,disabled,4217181,2910395,2873966,2840215,2850743,2822986,2858799,2818991,2853902,2818857,2986602,2986602,10
2025-10-02 14:52:01,50029,pairwise,LinkedCells,1.000000,lc_c01_combined_SoA,none,SoA,disabled,2667778,2619522,2926089,2623263,2734233,2714193,2679280,2631733,2637535,2673178,2690680,2690680,10
2025-10-02 14:52:01,50039,pairwise,LinkedCells,1.000000,lc_c04,none,AoS,disabled,679348,654708,634667,630678,635670,636619,619838,628736,630931,627386,637858,637858,10
2025-10-02 14:52:01,50049,pairwise,LinkedCells,1.000000,lc_c04,none,AoS,enabled,577028,571385,572143,577646,567145,570399,567299,575429,568280,572951,571970,571970,10
2025-10-02 14:52:01,50059,pairwise,LinkedCells,1.000000,lc_c04,none,SoA,disabled,1982649,1869293,1846258,1834986,1853997,1847036,1852742,1845588,1849506,1849416,1863147,1863147,10
2025-10-02 14:52:01,50069,pairwise,LinkedCells,1.000000,lc_c04,none,SoA,enabled,1873058,1799555,1810097,1814076,1814496,1843911,1824177,1816885,1810495,1801512,1820825,1820825,10
2025-10-02 14:52:01,50079,pairwise,LinkedCells,1.000000,lc_c04_HCP,none,AoS,disabled,695243,637203,633504,615775,624571,621858,612475,609936,612379,613932,627687,627687,10
2025-10-02 14:52:01,50089,pairwise,LinkedCells,1.000000,lc_c04_HCP,none,AoS,enabled,602765,597966,598311,611506,613518,596660,600765,595370,598849,597304,601300,601300,10
2025-10-02 14:52:01,50099,pairwise,LinkedCells,1.000000,lc_c04_HCP,none,SoA,disabled,2193154,2151922,2150690,2119475,2118793,2115864,2140647,2149205,2117115,2114204,2137106,2137106,10
2025-10-02 14:52:01,50109,pairwise,LinkedCells,1.000000,lc_c04_HCP,none,SoA,enabled,2135075,2121352,2136338,2125981,2119888,2120119,2109417,2118920,2093849,2094196,2117513,2117513,10
2025-10-02 14:52:01,50119,pairwise,LinkedCells,1.000000,lc_c04_combined_SoA,none,SoA,disabled,2875151,2816051,2801844,2809282,2793894,2784876,2772222,2788920,2795802,2772257,2801029,2801029,10
2025-10-02 14:52:01,50129,pairwise,LinkedCells,1.000000,lc_c04_combined_SoA,none,SoA,enabled,2844665,2598483,2564676,2537014,2572556,2575156,2570894,2562215,2539333,2568617,2593360,2593360,10
2025-10-02 14:52:01,50139,pairwise,LinkedCells,1.000000,lc_c08,none,AoS,disabled,1965504,1892368,1861092,1860426,1858756,1856858,1866704,1870729,1853108,1862288,1874783,1874783,10
2025-10-02 14:52:01,50149,pairwise,LinkedCells,1.000000,lc_c08,none,AoS,enabled,1858757,1902870,1853425,1842989,1845062,1851646,1837979,1844025,1848783,1836374,1852190,1852190,10
2025-10-02 14:52:01,50159,pairwise,LinkedCells,1.000000,lc_c08,none,SoA,disabled,3235074,3271424,3226915,3183755,3193785,3193916,3181684,3189271,3237311,3168914,3208204,3208204,10
2025-10-02 14:52:01,50169,pairwise,LinkedCells,1.000000,lc_c08,none,SoA,enabled,3195227,3225238,3167261,3204976,3188461,3176992,3176644,3189231,3222384,3173657,3192006,3192006,10
2025-10-02 14:52:01,50179,pairwise,LinkedCells,1.000000,lc_c18,none,AoS,disabled,2040190,1989031,1971080,1980071,1965574,1963056,1971594,1958838,1962686,1959178,1976129,1976129,10
2025-10-02 14:52:01,50189,pairwise,LinkedCells,1.000000,lc_c18,none,AoS,enabled,1969959,1962642,1942288,1956525,1954854,1946122,1957968,1951028,1938587,1946577,1952654,1952654,10
2025-10-02 14:52:01,50199,pairwise,LinkedCells,1.000000,lc_c18,none,SoA,disabled,2764757,2725134,3011991,2702433,2723213,2701557,2703200,2697127,2730221,2699001,2745863,2745863,10
2025-10-02 14:52:01,50209,pairwise,LinkedCells,1.000000,lc_c18,none,SoA,enabled,2704991,2666252,2713570,2670729,2670693,2668232,2668217,2705500,2673428,2666940,2680854,2680854,10
2025-10-02 14:52:01,50219,pairwise,LinkedCells,1.000000,lc_sliced,none,AoS,disabled,635158,590921,581509,570349,574767,571775,568569,572932,575509,571670,581315,581315,10
2025-10-02 14:52:01,50229,pairwise,LinkedCells,1.000000,lc_sliced,none,AoS,enabled,559740,528914,536491,532159,521821,533452,528780,530967,521299,524587,531820,531820,10
2025-10-02 14:52:01,50239,pairwise,LinkedCells,1.000000,lc_sliced,none,SoA,disabled,1980142,1858510,1824329,1815726,1786488,1789994,1799017,1780705,1802379,1811387,1824867,1824867,10
2025-10-02 14:52:01,50249,pairwise,LinkedCells,1.000000,lc_sliced,none,SoA,enabled,1799867,1728812,1724021,1726439,1731639,1743022,1734862,1734782,1721977,1712968,1735838,1735838,10
2025-10-02 14:52:01,50259,pairwise,LinkedCells,1.000000,lc_sliced_balanced,none,AoS,disabled,595539,584810,566840,568245,564695,564360,563721,562695,562834,562003,569574,569574,10
2025-10-02 14:52:01,50269,pairwise,LinkedCells,1.000000,lc_sliced_balanced,none,AoS,enabled,618958,537737,524390,522105,526026,521909,520618,520548,512536,513852,531867,531867,10
2025-10-02 14:52:01,50279,pairwise,LinkedCells,1.000000,lc_sliced_balanced,none,SoA,disabled,1971795,1758496,1726176,1710395,1707514,1702649,1705032,1721070,1696652,1694579,1739435,1739435,10
2025-10-02 14:52:01,50289,pairwise,LinkedCells,1.000000,lc_sliced_balanced,none,SoA,enabled,1731543,1672301,1664220,1672769,1648993,1656728,1658862,1646999,1666934,1656605,1667595,1667595,10
2025-10-02 14:52:01,50299,pairwise,LinkedCells,1.000000,lc_sliced_balanced,squared-particles-per-cell,AoS,disabled,1318504,1129707,1104228,1101777,1098305,1420867,1099491,1098363,1097428,1098435,1156710,1156710,10
2025-10-02 14:52:01,50309,pairwise,LinkedCells,1.000000,lc_sliced_balanced,squared-particles-per-cell,AoS,enabled,1111587,1099013,1093331,1090689,1095384,1100314,1097986,1093835,1090403,1102145,1097468,1097468,10
2025-10-02 14:52:01,50319,pairwise,LinkedCells,1.000000,lc_sliced_balanced,squared-particles-per-cell,SoA,disabled,4355624,3883271,3858328,3800786,3819183,3843869,3792717,3811984,3819874,3808141,3879377,3879377,10
2025-10-02 14:52:01,50329,pairwise,LinkedCells,1.000000,lc_sliced_balanced,squared-particles-per-cell,SoA,enabled,3847029,3830965,3817265,3805030,3796130,3801824,3796827,3843679,3803406,3810127,3815227,3815227,10
2025-10-02 14:52:01,50339,pairwise,LinkedCells,1.000000,lc_sliced_c02,none,AoS,disabled,772239,605609,585435,578214,575880,556897,564704,556295,558455,561106,591483,591483,10
2025-10-02 14:52:01,50349,pairwise,LinkedCells,1.000000,lc_sliced_c02,none,AoS,enabled,531751,525778,528951,517611,527195,532735,531542,529463,518679,519730,526342,526342,10
2025-10-02 14:52:01,50359,pairwise,LinkedCells,1.000000,lc_sliced_c02,none,SoA,disabled,2329605,1836131,1793844,1782814,1776850,1756765,1764998,1777841,1746242,1761425,1832651,1832651,10
2025-10-02 14:52:01,50369,pairwise,LinkedCells,1.000000,lc_sliced_c02,none,SoA,enabled,1799647,1738360,1712426,1706364,1708466,1709597,1708287,1693938,1706228,1703320,1718663,1718663,10
2025-10-02 14:52:01,50379,pairwise,VerletClusterLists,1.000000,vcl_c01_balanced,none,AoS,disabled,2296812,847121,840449,860018,857280,859526,855097,853294,891042,840061,1000069,1000069,10
2025-10-02 14:52:01,50389,pairwise,VerletClusterLists,1.000000,vcl_c01_balanced,none,SoA,disabled,1415192,651699,621283,616246,617610,616430,603692,607194,616826,621565,698773,698773,10
2025-10-02 14:52:01,50399,pairwise,VerletClusterLists,1.000000,vcl_c06,none,AoS,disabled,1272633,644706,640893,710804,632103,629721,622646,645101,637360,676118,711208,711208,10
2025-10-02 14:52:01,50409,pairwise,VerletClusterLists,1.000000,vcl_c06,none,AoS,enabled,866149,362730,367325,364715,372078,366322,383227,354966,357857,370048,416541,416541,10
2025-10-02 14:52:02,50419,pairwise,VerletClusterLists,1.000000,vcl_c06,none,SoA,disabled,977379,337085,335154,323702,348698,323310,325278,318393,322007,317228,392822,392822,10
2025-10-02 14:52:02,50429,pairwise,VerletClusterLists,1.000000,vcl_c06,none,SoA,enabled,663638,233746,236234,239945,230361,230308,229314,236301,227742,231678,275926,275926,10
2025-10-02 14:52:02,50439,pairwise,VerletClusterLists,1.000000,vcl_sliced,none,AoS,disabled,1414559,752548,745751,737338,740019,691628,726890,735155,742815,746232,803293,803293,10
2025-10-02 14:52:02,50449,pairwise,VerletClusterLists,1.000000,vcl_sliced,none,AoS,enabled,922082,414138,400934,410027,404150,385914,382294,444802,413269,409738,458734,458734,10
2025-10-02 14:52:02,50459,pairwise,VerletClusterLists,1.000000,vcl_sliced,none,SoA,disabled,967679,323474,319795,312826,309147,312093,305943,300839,303824,305079,376069,376069,10
2025-10-02 14:52:02,50469,pairwise,VerletClusterLists,1.000000,vcl_sliced,none,SoA,enabled,656067,225380,232275,227584,215623,206580,219051,216300,228797,217147,264479,264479,10
2025-10-02 14:52:02,50479,pairwise,VerletClusterLists,1.000000,vcl_sliced_balanced,none,AoS,disabled,1389700,749696,737779,744522,733465,743878,740219,741034,734905,737297,805249,805249,10
2025-10-02 14:52:02,50489,pairwise,VerletClusterLists,1.000000,vcl_sliced_balanced,none,AoS,enabled,911343,412233,417948,403683,407371,452863,407113,412559,445106,453458,472367,472367,10
2025-10-02 14:52:02,50499,pairwise,VerletClusterLists,1.000000,vcl_sliced_balanced,none,SoA,disabled,972889,351029,312984,308593,305300,303933,301094,303932,307756,299410,376691,376691,10
2025-10-02 14:52:02,50509,pairwise,VerletClusterLists,1.000000,vcl_sliced_balanced,none,SoA,enabled,688777,226707,222056,216734,224847,217525,217100,222276,213391,213923,266333,266333,10
2025-10-02 14:52:02,50519,pairwise,VerletClusterLists,1.000000,vcl_sliced_balanced,neighbor-list-length,AoS,disabled,1858872,739964,816837,736834,737252,739037,727301,727484,734284,728626,854648,854648,10
2025-10-02 14:52:02,50529,pairwise,VerletClusterLists,1.000000,vcl_sliced_balanced,neighbor-list-length,AoS,enabled,877860,453535,416882,408745,416771,408622,414211,406447,406611,409722,461940,461940,10
2025-10-02 14:52:02,50539,pairwise,VerletClusterLists,1.000000,vcl_sliced_balanced,neighbor-list-length,SoA,disabled,1024746,318610,308876,307284,308456,326794,303668,301902,298370,300701,379940,379940,10
2025-10-02 14:52:02,50549,pairwise,VerletClusterLists,1.000000,vcl_sliced_balanced,neighbor-list-length,SoA,enabled,677342,251554,229893,220829,219750,223335,212415,232847,220526,210866,269935,269935,10
2025-10-02 14:52:02,50559,pairwise,VerletClusterLists,1.000000,vcl_sliced_c02,none,AoS,disabled,1855710,817973,784536,822281,808471,840909,805332,811953,814405,811904,917346,917346,10
2025-10-02 14:52:02,50569,pairwise,VerletClusterLists,1.000000,vcl_sliced_c02,none,AoS,enabled,913179,462887,447035,441773,473467,461130,444958,464133,443315,452367,500423,500423,10
2025-10-02 14:52:02,50579,pairwise,VerletClusterLists,1.000000,vcl_sliced_c02,none,SoA,disabled,1084723,363019,348675,364634,367422,346170,338175,339555,332332,332173,421687,421687,10
2025-10-02 14:52:02,50589,pairwise,VerletClusterLists,1.000000,vcl_sliced_c02,none,SoA,enabled,681966,263335,245720,237716,233683,228280,254803,229708,222235,228420,282586,282586,10
2025-10-02 14:52:02,50599,pairwise,VerletLists,1.000000,vl_list_iteration,none,AoS,disabled,5172843,192476,188134,184378,183669,186395,182908,183066,187013,184716,684559,684559,10
2025-10-02 14:52:02,50609,pairwise,VerletLists,1.000000,vl_list_iteration,none,SoA,disabled,9089167,1444764,1349500,1319289,1299331,1294127,1297017,1291719,1293556,1296143,2097461,2097461,10
2025-10-02 14:52:02,50619,pairwise,VerletListsCells,1.000000,vlc_c01,none,AoS,disabled,22335098,1555715,1556827,1553699,1555481,1547713,1551104,1555641,1555896,1555206,3632237,3632237,10
2025-10-02 14:52:02,50629,pairwise,VerletListsCells,1.000000,vlc_c01,none,SoA,disabled,28680181,2959120,2841930,2830511,2828261,2816288,2879776,2832146,2810933,2826959,5430609,5430609,10
2025-10-02 14:52:02,50639,pairwise,VerletListsCells,1.000000,vlc_c18,none,AoS,disabled,15026647,1865528,1937425,1937413,1929928,1917063,1865706,1860645,1862048,1863367,3206576,3206576,10
2025-10-02 14:52:02,50649,pairwise,VerletListsCells,1.000000,vlc_c18,none,AoS,enabled,14369979,1859657,1852547,1857303,1852769,1859597,1883691,1885456,1851266,1855177,3112743,3112743,10
2025-10-02 14:52:02,50659,pairwise,VerletListsCells,1.000000,vlc_c18,none,SoA,disabled,21607470,3264994,3258198,3176815,3158261,3164304,3167240,3217774,3150208,3156830,5032208,5032208,10
2025-10-02 14:52:02,50669,pairwise,VerletListsCells,1.000000,vlc_c18,none,SoA,enabled,20164979,3185546,3247996,3167285,3132630,3140133,3213660,3135007,3378696,3132554,4889847,4889847,10
2025-10-02 14:52:02,50679,pairwise,VerletListsCells,1.000000,vlc_c08,none,AoS,disabled,11115775,1715303,1718829,1709628,1719313,1763704,1704760,1716016,1760652,1732965,2665693,2665693,10
2025-10-02 14:52:02,50689,pairwise,VerletListsCells,1.000000,vlc_c08,none,AoS,enabled,10594577,1704823,1713243,1704958,1705669,1706909,1700607,1704526,1705173,1707683,2594816,2594816,10
2025-10-02 14:52:02,50699,pairwise,VerletListsCells,1.000000,vlc_c08,none,SoA,disabled,17644509,3163254,3094030,3138069,3063235,3075927,3062895,3047709,3039724,3046593,4537593,4537593,10
2025-10-02 14:52:02,50709,pairwise,VerletListsCells,1.000000,vlc_c08,none,SoA,enabled,16751524,3120381,3093311,3067035,3053382,3042654,3060713,3044328,3040549,3076557,4435042,4435042,10
2025-10-02 14:52:02,50719,pairwise,VerletListsCells,1.000000,vlc_sliced,none,AoS,disabled,13537457,219821,210282,220545,205621,210153,206289,197466,193810,210698,1541213,1541213,10
2025-10-02 14:52:02,50729,pairwise,VerletListsCells,1.000000,vlc_sliced,none,AoS,enabled,12830367,167017,157913,157580,154306,147868,153464,148606,155423,157139,1422967,1422967,10
2025-10-02 14:52:02,50739,pairwise,VerletListsCells,1.000000,vlc_sliced,none,SoA,disabled,20229620,1552123,1502840,1474677,1476997,1602459,1437329,1472717,1470692,1455080,3367453,3367453,10
2025-10-02 14:52:02,50749,pairwise,VerletListsCells,1.000000,vlc_sliced,none,SoA,enabled,18807077,1460093,1410087,1406896,1402150,1395592,1385206,1424415,1412988,1383435,3148793,3148793,10
2025-10-02 14:52:02,50759,pairwise,VerletListsCells,1.000000,vlc_sliced_balanced,none,AoS,disabled,13591789,197330,193090,191726,188860,188522,187889,184327,185910,185344,1529478,1529478,10
2025-10-02 14:52:02,50769,pairwise,VerletListsCells,1.000000,vlc_sliced_balanced,none,AoS,enabled,12867662,154831,151785,145206,145280,140536,143312,141208,141692,143784,1417529,1417529,10
2025-10-02 14:52:02,50779,pairwise,VerletListsCells,1.000000,vlc_sliced_balanced,none,SoA,disabled,20639643,1586377,1494092,1447241,1434238,1439205,1429983,1422248,1425464,1421841,3374033,3374033,10
2025-10-02 14:52:02,50789,pairwise,VerletListsCells,1.000000,vlc_sliced_balanced,none,SoA,enabled,18851680,1477093,1411201,1373644,1375027,1371892,1375412,1365858,1370801,1351407,3132401,3132401,10
2025-10-02 14:52:02,50799,pairwise,VerletListsCells,1.000000,vlc_sliced_balanced,squared-particles-per-cell,AoS,disabled,12492361,263928,243663,240888,242238,235710,234258,239771,234392,231715,1465892,1465892,10
2025-10-02 14:52:02,50809,pairwise,VerletListsCells,1.000000,vlc_sliced_balanced,squared-particles-per-cell,AoS,enabled,12606598,202972,195480,190202,196383,191945,191564,196624,191389,186925,1435007,1435007,10
2025-10-02 14:52:02,50819,pairwise,VerletListsCells,1.000000,vlc_sliced_balanced,squared-particles-per-cell,SoA,disabled,19419622,1514631,1475707,1463621,1459536,1486362,1463505,1444549,1449644,1448925,3262609,3262609,10
2025-10-02 14:52:02,50829,pairwise,VerletListsCells,1.000000,vlc_sliced_balanced,squared-particles-per-cell,SoA,enabled,18602377,1446036,1434529,1436900,1402869,1399567,1395525,1398219,1395707,1399512,3131124,3131124,10
2025-10-02 14:52:03,50839,pairwise,VerletListsCells,1.000000,vlc_sliced_balanced,neighbor-list-length,AoS,disabled,12399575,254817,252486,245576,241696,246499,236775,235878,240857,234739,1458889,1458889,10
2025-10-02 14:52:03,50849,pairwise,VerletListsCells,1.000000,vlc_sliced_balanced,neighbor-list-length,AoS,enabled,12680499,237787,231977,234991,227063,226096,228219,224067,222393,228496,1474158,1474158,10
2025-10-02 14:52:03,50859,pairwise,VerletListsCells,1.000000,vlc_sliced_balanced,neighbor-list-length,SoA,disabled,19902686,1621946,1580564,1548953,1549558,1569826,1532135,1542697,1523666,1528235,3390026,3390026,10
2025-10-02 14:52:03,50869,pairwise,VerletListsCells,1.000000,vlc_sliced_balanced,neighbor-list-length,SoA,enabled,18985710,1598337,1536000,1519182,1520540,1520666,1539655,1503582,1489648,1491842,3270515,3270515,10
2025-10-02 14:52:03,50879,pairwise,VerletListsCells,1.000000,vlc_sliced_c02,none,AoS,disabled,12373099,243087,209397,235035,207973,211185,215693,216173,217609,223918,1435316,1435316,10
2025-10-02 14:52:03,50889,pairwise,VerletListsCells,1.000000,vlc_sliced_c02,none,AoS,enabled,12802084,184042,183563,168915,158911,167615,167025,167148,159660,168627,1432758,1432758,10
2025-10-02 14:52:03,50899,pairwise,VerletListsCells,1.000000,vlc_sliced_c02,none,SoA,disabled,19645159,1560208,1534254,1511869,1480744,1474641,1465251,1463675,1471567,1463929,3307129,3307129,10
2025-10-02 14:52:03,50909,pairwise,VerletListsCells,1.000000,vlc_sliced_c02,none,SoA,enabled,18896936,1492101,1441557,1704051,1397130,1402965,1406426,1434073,1428309,1394208,3199775,3199775,10
2025-10-02 14:52:03,50919,pairwise,PairwiseVerletLists,1.000000,vlp_c01,none,AoS,disabled,17716625,1817369,1823542,1815715,1809296,1812231,1811785,1812110,1815924,1813292,3404788,3404788,10
2025-10-02 14:52:03,50929,pairwise,PairwiseVerletLists,1.000000,vlp_c01,none,SoA,disabled,35516983,4020018,3653064,3594244,3570985,3581778,3553435,3548127,3527765,3552631,6811902,6811902,10
2025-10-02 14:52:03,50939,pairwise,PairwiseVerletLists,1.000000,vlp_c18,none,AoS,disabled,15571427,2187129,2171319,2226812,2218132,2157170,2160383,2162705,2163895,2154330,3517330,3517330,10
2025-10-02 14:52:03,50949,pairwise,PairwiseVerletLists,1.000000,vlp_c18,none,AoS,enabled,15544874,2166230,2150306,2396562,2135421,2129178,2136414,2139735,2140880,2139573,3507916,3507916,10
2025-10-02 14:52:03,50959,pairwise,PairwiseVerletLists,1.000000,vlp_c18,none,SoA,disabled,40418621,4432903,4145802,4079553,4123614,4072603,4058956,4060390,4072195,4050338,7751497,7751497,10
2025-10-02 14:52:03,50969,pairwise,PairwiseVerletLists,1.000000,vlp_c18,none,SoA,enabled,39521811,4393841,4133733,4145278,4073095,4043769,4047016,4064902,4058015,4036603,7651805,7651805,10
2025-10-02 14:52:03,50979,pairwise,PairwiseVerletLists,1.000000,vlp_sliced,none,AoS,disabled,14297827,837267,892733,873659,792227,797581,875592,1080548,801452,870484,2211936,2211936,10
2025-10-02 14:52:03,50989,pairwise,PairwiseVerletLists,1.000000,vlp_sliced,none,AoS,enabled,14135362,796597,800127,774672,785741,761834,747729,824876,806973,801046,2123494,2123494,10
2025-10-02 14:52:03,50999,pairwise,PairwiseVerletLists,1.000000,vlp_sliced,none,SoA,disabled,39058803,3161611,2914678,2792331,2883135,2935209,2890400,2872254,2939658,2855976,6530405,6530405,10
2025-10-02 14:52:03,51009,pairwise,PairwiseVerletLists,1.000000,vlp_sliced,none,SoA,enabled,38766065,3116081,2818350,2747884,2789407,2831311,2821147,2827294,2812658,2840562,6437075,6437075,10
2025-10-02 14:52:03,51019,pairwise,PairwiseVerletLists,1.000000,vlp_sliced_balanced,none,AoS,disabled,14181022,901838,865407,850598,812230,888014,804201,844691,817883,821664,2178754,2178754,10
2025-10-02 14:52:03,51029,pairwise,PairwiseVerletLists,1.000000,vlp_sliced_balanced,none,AoS,enabled,14119218,844928,808726,797391,812093,823841,809592,791867,804837,807667,2142015,2142015,10
2025-10-02 14:52:03,51039,pairwise,PairwiseVerletLists,1.000000,vlp_sliced_balanced,none,SoA,disabled,40056584,3160191,2824609,2746972,2789703,2768747,2739586,2737713,2753836,2712813,6529074,6529074,10
2025-10-02 14:52:04,51049,pairwise,PairwiseVerletLists,1.000000,vlp_sliced_balanced,none,SoA,enabled,38065427,3072675,2849811,2744852,2732218,2797875,2758835,2733240,2714358,2735710,6320500,6320500,10
2025-10-02 14:52:04,51059,pairwise,PairwiseVerletLists,1.000000,vlp_sliced_c02,none,AoS,disabled,14272577,1032672,969252,1011072,980428,1001280,1001947,1010298,1018993,1006987,2330549,2330549,10
2025-10-02 14:52:04,51069,pairwise,PairwiseVerletLists,1.000000,vlp_sliced_c02,none,AoS,enabled,14270738,979064,981806,955394,931490,944687,916576,985204,937405,938196,2284055,2284055,10
2025-10-02 14:52:04,51079,pairwise,PairwiseVerletLists,1.000000,vlp_sliced_c02,none,SoA,disabled,38683522,3340415,3149166,3016218,3031165,3079012,3014980,2981981,3031952,3032555,6636096,6636096,10
2025-10-02 14:52:04,51089,pairwise,PairwiseVerletLists,1.000000,vlp_sliced_c02,none,SoA,enabled,37376767,3200578,3008656,2954361,3038871,2976654,2979137,2932919,2997567,2981148,6444665,6444665,10
2025-10-02 14:52:04,51099,pairwise,PairwiseVerletLists,1.000000,vlp_c08,none,AoS,disabled,16971337,3472995,3453715,3448157,3457999,3453505,3456503,3479554,3457482,3454205,4810545,4810545,10
2025-10-02 14:52:04,51109,pairwise,PairwiseVerletLists,1.000000,vlp_c08,none,AoS,enabled,15761247,2496643,2470070,2452675,2461676,2499498,2443299,2446621,2450197,2444339,3792625,3792625,10
2025-10-02 14:52:04,51119,pairwise,PairwiseVerletLists,1.000000,vlp_c08,none,SoA,disabled,42127066,6581692,6542011,6496061,6500053,6470099,6546138,6506487,6501081,6478412,10074909,10074909,10
2025-10-02 14:52:04,51129,pairwise,PairwiseVerletLists,1.000000,vlp_c08,none,SoA,enabled,39962666,4989047,4763256,4694742,4725318,4660110,4638451,4685162,4648972,4709222,8247693,8247693,10
2025-10-02 14:56:15,55009,pairwise,LinkedCells,1.000000,lc_c01,none,AoS,disabled,4707395,4437096,4444271,4448008,4452891,4460214,4456542,4417028,4392636,4442380,4465845,4465845,10
2025-10-02 14:56:15,55019,pairwise,LinkedCells,1.000000,lc_c01,none,SoA,disabled,5429988,4497576,4466553,4456238,4439502,4437687,4471465,4407188,4476211,4493179,4557558,4557558,10
2025-10-02 14:56:15,55029,pairwise,LinkedCells,1.000000,lc_c01_combined_SoA,none,SoA,disabled,4059491,4135846,4191601,4290556,4152515,4186410,4251778,4206571,4143765,4162596,4178112,4178112,10
2025-10-02 14:56:15,55039,pairwise,LinkedCells,1.000000,lc_c04,none,AoS,disabled,2855124,2778579,2797457,2755293,2731861,2795235,2783370,2746420,2769336,2790706,2780337,2780337,10
2025-10-02 14:56:15,55049,pairwise,LinkedCells,1.000000,lc_c04,none,AoS,enabled,2153898,2106686,2112019,2096788,2138159,2107335,2102437,2116976,2126416,2141595,2120230,2120230,10
2025-10-02 14:56:15,55059,pairwise,LinkedCells,1.000000,lc_c04,none,SoA,disabled,3536741,3442195,3433964,3545917,3431261,3417805,3438479,3433523,3428234,3434979,3454309,3454309,10
2025-10-02 14:56:15,55069,pairwise,LinkedCells,1.000000,lc_c04,none,SoA,enabled,2841479,2776939,2855345,2813423,2759875,2769713,2796844,2763636,2754269,2771279,2790279,2790279,10
2025-10-02 14:56:15,55079,pairwise,LinkedCells,1.000000,lc_c04_HCP,none,AoS,disabled,2405036,2326110,2322130,2318749,2319864,2322525,2322657,2332315,2328704,2326598,2332468,2332468,10
2025-10-02 14:56:15,55089,pairwise,LinkedCells,1.000000,lc_c04_HCP,none,AoS,enabled,1842287,1837309,1820710,1821705,1822639,1846207,1822615,1832131,1831793,1823001,1830038,1830038,10
2025-10-02 14:56:15,55099,pairwise,LinkedCells,1.000000,lc_c04_HCP,none,SoA,disabled,3811669,3742649,3773616,3705064,3728501,3680666,3697677,3733255,3671244,3897314,3744165,3744165,10
2025-10-02 14:56:15,55109,pairwise,LinkedCells,1.000000,lc_c04_HCP,none,SoA,enabled,3254641,3202461,3215010,3237693,3204478,3189543,3192745,3174540,3179506,3211154,3206176,3206176,10
2025-10-02 14:56:15,55119,pairwise,LinkedCells,1.000000,lc_c04_combined_SoA,none,SoA,disabled,4419794,4463410,4431103,4402049,4375105,4385185,4352321,4484063,4311709,4399356,4402408,4402408,10
2025-10-02 14:56:15,55129,pairwise,LinkedCells,1.000000,lc_c04_combined_SoA,none,SoA,enabled,3896424,3769740,3805196,3793124,3813046,3908416,3843360,3771428,3809299,3828428,3823845,3823845,10
2025-10-02 14:56:15,55139,pairwise,LinkedCells,1.000000,lc_c08,none,AoS,disabled,3211426,3126860,3124147,3120282,3224397,3160795,3160851,3127354,3205539,3120954,3158260,3158260,10
2025-10-02 14:56:15,55149,pairwise,LinkedCells,1.000000,lc_c08,none,AoS,enabled,2774448,2766522,2759056,2759129,2764941,2826836,2777604,2773247,2760962,2767206,2772994,2772994,10
2025-10-02 14:56:15,55159,pairwise,LinkedCells,1.000000,lc_c08,none,SoA,disabled,5094954,5034695,5062219,4993747,4999238,5017680,4986936,4985566,4969365,5069518,5021391,5021391,10
2025-10-02 14:56:15,55169,pairwise,LinkedCells,1.000000,lc_c08,none,SoA,enabled,4533178,4474112,4530878,4453524,4579496,4461455,4473097,4500433,4533115,4528608,4506789,4506789,10
2025-10-02 14:56:15,55179,pairwise,LinkedCells,1.000000,lc_c18,none,AoS,disabled,3268427,3209396,3244643,3205903,3230279,3168666,3227955,3184950,3191925,3175356,3210749,3210749,10
2025-10-02 14:56:15,55189,pairwise,LinkedCells,1.000000,lc_c18,none,AoS,enabled,2832975,2872676,2884920,2889152,2895317,2894864,2814939,3093308,2841890,2827060,2884709,2884709,10
2025-10-02 14:56:15,55199,pairwise,LinkedCells,1.000000,lc_c18,none,SoA,disabled,4267789,4176318,4134725,4123416,4139454,4182531,4122554,4123610,4136087,4174660,4158114,4158114,10
2025-10-02 14:56:15,55209,pairwise,LinkedCells,1.000000,lc_c18,none,SoA,enabled,3731467,3637296,3621764,3634898,3685912,3625869,3657735,3679447,3633966,3627300,3653564,3653564,10
2025-10-02 14:56:15,55219,pairwise,LinkedCells,1.000000,lc_sliced,none,AoS,disabled,4567683,4418635,4501493,4482357,4510222,4513806,4335549,4342075,4498584,4502850,4467324,4467324,10
2025-10-02 14:56:15,55229,pairwise,LinkedCells,1.000000,lc_sliced,none,AoS,enabled,3398900,3326196,3396090,3375088,3398623,3362515,3278179,3389515,3396868,3407413,3372938,3372938,10
2025-10-02 14:56:15,55239,pairwise,LinkedCells,1.000000,lc_sliced,none,SoA,disabled,4904298,4713574,4743216,4680913,4698842,4687914,4727137,4715156,4727497,4725970,4732451,4732451,10
2025-10-02 14:56:16,55249,pairwise,LinkedCells,1.000000,lc_sliced,none,SoA,enabled,3394764,3362661,3381026,3348313,3371747,3357504,3384645,3510081,3370287,3365762,3384678,3384678,10
2025-10-02 14:56:16,55259,pairwise,LinkedCells,1.000000,lc_sliced_balanced,none,AoS,disabled,4515825,4489282,4475110,4482710,4476186,4483277,4502834,4486907,4484893,4491090,4488810,4488810,10
2025-10-02 14:56:16,55269,pairwise,LinkedCells,1.000000,lc_sliced_balanced,none,AoS,enabled,3382431,3384387,3376546,3369069,3381241,3386645,3378194,3386280,3384080,3373722,3380259,3380259,10
2025-10-02 14:56:16,55279,pairwise,LinkedCells,1.000000,lc_sliced_balanced,none,SoA,disabled,4839281,4724392,4693715,4689242,4959760,4693025,4838124,5047871,4685941,4695395,4786674,4786674,10
2025-10-02 14:56:16,55289,pairwise,LinkedCells,1.000000,lc_sliced_balanced,none,SoA,enabled,3468104,3329039,3364035,3349806,3351317,3362242,3356419,3332028,3356411,3352075,3362147,3362147,10
2025-10-02 14:56:16,55299,pairwise,LinkedCells,1.000000,lc_sliced_balanced,squared-particles-per-cell,AoS,disabled,4878487,4608267,4586330,4571289,4557577,4551808,4568867,4564284,4565814,4563501,4601621,4601621,10
2025-10-02 14:56:16,55309,pairwise,LinkedCells,1.000000,lc_sliced_balanced,squared-particles-per-cell,AoS,enabled,3480474,3443105,3447308,3437846,3442587,3440043,3440373,3439149,3435396,3441827,3444810,3444810,10
2025-10-02 14:56:16,55319,pairwise,LinkedCells,1.000000,lc_sliced_balanced,squared-particles-per-cell,SoA,disabled,8571559,7460208,7426597,7568187,7775714,7325891,7523720,7404215,7535120,7410069,7600127,7600127,10
2025-10-02 14:56:16,55329,pairwise,LinkedCells,1.000000,lc_sliced_balanced,squared-particles-per-cell,SoA,enabled,7030167,6926350,6941986,6874124,6891201,6932262,6889122,6870810,7064318,6844361,6926469,6926469,10
2025-10-02 14:56:16,55339,pairwise,LinkedCells,1.000000,lc_sliced_c02,none,AoS,disabled,4750580,4492972,4525787,4500484,4500040,4484008,4516645,4502841,4433303,4468621,4517527,4517527,10
2025-10-02 14:56:16,55349,pairwise,LinkedCells,1.000000,lc_sliced_c02,none,AoS,enabled,3442479,3379239,3374362,3375384,3420706,3391359,3403308,3348066,3412539,3397533,3394497,3394497,10
2025-10-02 14:56:16,55359,pairwise,LinkedCells,1.000000,lc_sliced_c02,none,SoA,disabled,5747545,4797545,4721808,4741737,4898418,4836730,4714098,4926784,4710019,4885264,4897994,4897994,10
2025-10-02 14:56:16,55369,pairwise,LinkedCells,1.000000,lc_sliced_c02,none,SoA,enabled,3552570,3299904,3313015,3322774,3352424,3354395,3314560,3336204,3308371,3332766,3348697,3348697,10
2025-10-02 14:56:16,55379,pairwise,VerletClusterLists,1.000000,vcl_c01_balanced,none,AoS,disabled,30766650,4368831,4349592,4371572,4372346,4355698,4350529,4344713,4370220,4354102,7000424,7000424,10
2025-10-02 14:56:16,55389,pairwise,VerletClusterLists,1.000000,vcl_c01_balanced,none,SoA,disabled,23130412,1658328,1644744,1647109,1639354,1634895,1636611,1647591,1633554,1636718,3790931,3790931,10
2025-10-02 14:56:17,55399,pairwise,VerletClusterLists,1.000000,vcl_c06,none,AoS,disabled,40528069,18559262,19127776,18246788,18484277,20628845,19837700,19755312,21240894,18144398,21455332,21455332,10
2025-10-02 14:56:17,55409,pairwise,VerletClusterLists,1.000000,vcl_c06,none,AoS,enabled,21342124,9704831,9517931,10033555,10223687,9847760,9419792,10493535,9696647,10238506,11051836,11051836,10
2025-10-02 14:56:17,55419,pairwise,VerletClusterLists,1.000000,vcl_c06,none,SoA,disabled,25749058,7648933,7953265,7442452,7986175,7298457,7711163,7489134,7682456,7145025,9410611,9410611,10
2025-10-02 14:56:17,55429,pairwise,VerletClusterLists,1.000000,vcl_c06,none,SoA,enabled,15569607,4111536,4262819,4182375,4176015,4361958,4195094,4110665,4065430,4109119,5314461,5314461,10
2025-10-02 14:56:17,55439,pairwise,VerletClusterLists,1.000000,vcl_sliced,none,AoS,disabled,42259066,25629748,25614819,25660814,25656613,21894513,25639642,25670329,25630102,21877113,26553275,26553275,10
2025-10-02 14:56:17,55449,pairwise,VerletClusterLists,1.000000,vcl_sliced,none,AoS,enabled,24076865,11172941,8997708,13151577,11176664,13139518,13060395,9420389,11172783,11845177,12721401,12721401,10
2025-10-02 14:56:17,55459,pairwise,VerletClusterLists,1.000000,vcl_sliced,none,SoA,disabled,28782871,7329283,7320373,6036625,7341166,7334399,7333059,7323931,6638435,7314525,9275466,9275466,10
2025-10-02 14:56:17,55469,pairwise,VerletClusterLists,1.000000,vcl_sliced,none,SoA,enabled,14587784,4074655,3803633,4061613,3350773,4057822,4079607,4066818,4072790,4078089,5023358,5023358,10
2025-10-02 14:56:18,55479,pairwise,VerletClusterLists,1.000000,vcl_sliced_balanced,none,AoS,disabled,44333949,24301590,24316606,24257171,24294511,24341335,24327093,24353300,24324446,24296366,26314635,26314635,10
2025-10-02 14:56:18,55489,pairwise,VerletClusterLists,1.000000,vcl_sliced_balanced,none,AoS,enabled,23137353,12426827,12411872,12480801,14036817,12402156,14059470,12489263,12453246,14072862,13997066,13997066,10
2025-10-02 14:56:18,55499,pairwise,VerletClusterLists,1.000000,vcl_sliced_balanced,none,SoA,disabled,26979621,6991264,6988376,6999215,6969761,6979339,7000292,6981050,6979567,6993875,8986236,8986236,10
2025-10-02 14:56:18,55509,pairwise,VerletClusterLists,1.000000,vcl_sliced_balanced,none,SoA,enabled,15073187,4990095,3875454,4972155,3873289,3860280,3862263,3868714,3869868,3867209,5211250,5211250,10
2025-10-02 14:56:18,55519,pairwise,VerletClusterLists,1.000000,vcl_sliced_balanced,neighbor-list-length,AoS,disabled,49322694,24037519,23892106,24081242,24103759,24060924,24087668,24066847,24080008,23992786,26572555,26572555,10
2025-10-02 14:56:18,55529,pairwise,VerletClusterLists,1.000000,vcl_sliced_balanced,neighbor-list-length,AoS,enabled,23504781,12378164,12364462,12353324,12316971,12370432,12328667,13929832,12363416,12352072,13626211,13626211,10
2025-10-02 14:56:18,55539,pairwise,VerletClusterLists,1.000000,vcl_sliced_balanced,neighbor-list-length,SoA,disabled,27724557,7010327,7011972,8716459,6986652,6984320,6996127,7004039,6981976,7013825,9243024,9243024,10
2025-10-02 14:56:19,55549,pairwise,VerletClusterLists,1.000000,vcl_sliced_balanced,neighbor-list-length,SoA,enabled,14891555,3869795,3860789,3867245,4956946,4940670,3865186,3860100,4976364,3850092,5293874,5293874,10
2025-10-02 14:56:19,55559,pairwise,VerletClusterLists,1.000000,vcl_sliced_c02,none,AoS,disabled,49767152,29886229,24595768,29358036,24622693,24987497,28218060,26283679,29885327,29980072,29758451,29758451,10
2025-10-02 14:56:19,55569,pairwise,VerletClusterLists,1.000000,vcl_sliced_c02,none,AoS,enabled,23655385,15198803,13904980,13671009,14279200,12916473,15201231,15208009,14174793,15204534,15341441,15341441,10
2025-10-02 14:56:19,55579,pairwise,VerletClusterLists,1.000000,vcl_sliced_c02,none,SoA,disabled,28844462,9117747,8560493,8438310,9131667,9024455,8396790,9091123,8804698,9086069,10849581,10849581,10
2025-10-02 14:56:19,55589,pairwise,VerletClusterLists,1.000000,vcl_sliced_c02,none,SoA,enabled,15772685,4864519,4758656,4649500,4382392,4644997,4685135,4939065,4755008,4956506,5840845,5840845,10
2025-10-02 14:56:19,55599,pairwise,VerletLists,1.000000,vl_list_iteration,none,AoS,disabled,13413802,1873849,1793860,1796687,1781688,1791684,1811962,1803052,1790210,1793624,2965041,2965041,10
2025-10-02 14:56:19,55609,pairwise,VerletLists,1.000000,vl_list_iteration,none,SoA,disabled,39512127,3163381,2964047,2883428,2856497,2853869,2848690,2836326,2832906,2808394,6555965,6555965,10
2025-10-02 14:56:19,55619,pairwise,VerletListsCells,1.000000,vlc_c01,none,AoS,disabled,29279726,2451985,2415429,2393204,2396161,2434290,2392197,2401558,2431789,2416708,5101304,5101304,10
2025-10-02 14:56:19,55629,pairwise,VerletListsCells,1.000000,vlc_c01,none,SoA,disabled,55354856,4783593,4593395,4541259,4411116,4371311,4371959,4426688,4333093,4326737,9551399,9551399,10
2025-10-02 14:56:20,55639,pairwise,VerletListsCells,1.000000,vlc_c18,none,AoS,disabled,19863143,2471272,2465602,2465916,2419387,2419964,2477431,2493051,2427613,2430041,4193342,4193342,10
2025-10-02 14:56:20,55649,pairwise,VerletListsCells,1.000000,vlc_c18,none,AoS,enabled,17868498,2183016,2138858,2128920,2122474,2131128,2132482,2133336,2130213,2164633,3713355,3713355,10
2025-10-02 14:56:20,55659,pairwise,VerletListsCells,1.000000,vlc_c18,none,SoA,disabled,65549306,5375373,5092734,5044375,4943867,4984795,4938972,4898141,4917051,4958823,11070343,11070343,10
2025-10-02 14:56:20,55669,pairwise,VerletListsCells,1.000000,vlc_c18,none,SoA,enabled,48454409,4860161,4613444,4540062,4450252,4405896,4414957,4444017,4371155,4369938,8892428,8892428,10
2025-10-02 14:56:20,55679,pairwise,VerletListsCells,1.000000,vlc_c08,none,AoS,disabled,15260787,2320930,2272420,2270396,2264388,2267071,2266082,2323000,2270895,2268907,3578487,3578487,10
2025-10-02 14:56:20,55689,pairwise,VerletListsCells,1.000000,vlc_c08,none,AoS,enabled,15279099,2069486,2043126,2008282,2040065,1994511,1992302,1990651,2000149,1999923,3341759,3341759,10
2025-10-02 14:56:20,55699,pairwise,VerletListsCells,1.000000,vlc_c08,none,SoA,disabled,58908332,5148189,4903344,4841230,4789097,4766617,4752387,4818909,4730710,4732963,10239177,10239177,10
2025-10-02 14:56:20,55709,pairwise,VerletListsCells,1.000000,vlc_c08,none,SoA,enabled,50639036,5464758,4795507,4625987,4553880,4512046,4469611,4498153,4479249,4454537,9249276,9249276,10
2025-10-02 14:56:20,55719,pairwise,VerletListsCells,1.000000,vlc_sliced,none,AoS,disabled,20916380,3020537,2931912,2931287,2907763,2894131,2901390,2910998,2904366,2881820,4720058,4720058,10
2025-10-02 14:56:20,55729,pairwise,VerletListsCells,1.000000,vlc_sliced,none,AoS,enabled,17423962,1508331,1452522,1467809,1460905,1463363,1466032,1462305,1435764,1459810,3060079,3060079,10
2025-10-02 14:56:20,55739,pairwise,VerletListsCells,1.000000,vlc_sliced,none,SoA,disabled,66796342,5763444,5652863,5541408,5515440,5507463,5498890,5491986,5490492,5440004,11669832,11669832,10
2025-10-02 14:56:20,55749,pairwise,VerletListsCells,1.000000,vlc_sliced,none,SoA,enabled,47164413,4005744,3915260,3892080,3888980,3879046,3820737,3845853,3794079,3780432,8198661,8198661,10
2025-10-02 14:56:20,55759,pairwise,VerletListsCells,1.000000,vlc_sliced_balanced,none,AoS,disabled,20652110,2983333,2891400,2873564,2879159,2850945,2858090,2854064,2846704,2856737,4654610,4654610,10
2025-10-02 14:56:20,55769,pairwise,VerletListsCells,1.000000,vlc_sliced_balanced,none,AoS,enabled,17283051,1495325,1464910,1454724,1452004,1452227,1452229,1445514,1456512,1457538,3041403,3041403,10
2025-10-02 14:56:21,55779,pairwise,VerletListsCells,1.000000,vlc_sliced_balanced,none,SoA,disabled,66918914,5858377,5669811,5474126,5409942,5437794,5467075,5403555,5422141,5371129,11643286,11643286,10
2025-10-02 14:56:21,55789,pairwise,VerletListsCells,1.000000,vlc_sliced_balanced,none,SoA,enabled,48355321,4125500,3910935,3816101,3765758,3767185,3692401,3732460,3715099,3718161,8259891,8259891,10
2025-10-02 14:56:21,55799,pairwise,VerletListsCells,1.000000,vlc_sliced_balanced,squared-particles-per-cell,AoS,disabled,20088282,3068312,3004496,2998113,2976395,2960082,2967659,2957121,2956992,2946407,4692385,4692385,10
2025-10-02 14:56:21,55809,pairwise,VerletListsCells,1.000000,vlc_sliced_balanced,squared-particles-per-cell,AoS,enabled,17696034,1640936,1567716,1544384,1540491,1538270,1539302,1539734,1544305,1536526,3168769,3168769,10
2025-10-02 14:56:21,55819,pairwise,VerletListsCells,1.000000,vlc_sliced_balanced,squared-particles-per-cell,SoA,disabled,65468872,5696904,5638913,5588632,5534999,5551069,5510971,5486644,5534007,5525799,11553680,11553680,10
2025-10-02 14:56:21,55829,pairwise,VerletListsCells,1.000000,vlc_sliced_balanced,squared-particles-per-cell,SoA,enabled,49772089,4074572,3919895,3875471,3864921,3831116,3813809,3780400,3786881,3779060,8449821,8449821,10
2025-10-02 14:56:21,55839,pairwise,VerletListsCells,1.000000,vlc_sliced_balanced,neighbor-list-length,AoS,disabled,19820127,2963833,2931775,2923756,2896614,2894008,2894881,2888451,2901082,2901689,4601621,4601621,10
2025-10-02 14:56:21,55849,pairwise,VerletListsCells,1.000000,vlc_sliced_balanced,neighbor-list-length,AoS,enabled,17544188,1558439,1519317,1504430,1500402,1498002,1499630,1493045,1492975,1492908,3110333,3110333,10
2025-10-02 14:56:21,55859,pairwise,VerletListsCells,1.000000,vlc_sliced_balanced,neighbor-list-length,SoA,disabled,65952276,6015768,5782537,5739440,5679596,5654330,5630217,5626623,5626103,5606823,11731371,11731371,10
2025-10-02 14:56:21,55869,pairwise,VerletListsCells,1.000000,vlc_sliced_balanced,neighbor-list-length,SoA,enabled,49852679,4331470,4045240,3945391,3897514,3883993,3866263,3852549,3870429,3853703,8539922,8539922,10
2025-10-02 14:56:21,55879,pairwise,VerletListsCells,1.000000,vlc_sliced_c02,none,AoS,disabled,20934088,3839789,3740179,3755323,3715219,3729979,3702598,3711391,3740400,3622520,5449147,5449147,10
2025-10-02 14:56:21,55889,pairwise,VerletListsCells,1.000000,vlc_sliced_c02,none,AoS,enabled,18021083,1900020,2008005,1955712,1932579,1967428,1893948,1957144,1938012,1953937,3552786,3552786,10
2025-10-02 14:56:22,55899,pairwise,VerletListsCells,1.000000,vlc_sliced_c02,none,SoA,disabled,67317423,6797273,6581546,6490187,6424586,6383267,6280839,6475591,6364891,6401074,12551667,12551667,10
2025-10-02 14:56:22,55909,pairwise,VerletListsCells,1.000000,vlc_sliced_c02,none,SoA,enabled,50362425,4936648,4273513,4219115,4237124,4226229,4241484,4096024,4160859,4199179,8895259,8895259,10
2025-10-02 14:56:22,55919,pairwise,PairwiseVerletLists,1.000000,vlp_c01,none,AoS,disabled,25990443,2880531,2875259,2862642,2865916,2864545,2859339,2866328,2858959,2851015,5177497,5177497,10
2025-10-02 14:56:22,55929,pairwise,PairwiseVerletLists,1.000000,vlp_c01,none,SoA,disabled,120743778,6901729,6790260,6801433,6814051,6764755,6762602,6765705,6754520,6764637,18186346,18186346,10
2025-10-02 14:56:22,55939,pairwise,PairwiseVerletLists,1.000000,vlp_c18,none,AoS,disabled,22808498,3030623,3033575,3029974,3025069,3033951,3140723,3014721,3013053,3021736,5015192,5015192,10
2025-10-02 14:56:22,55949,pairwise,PairwiseVerletLists,1.000000,vlp_c18,none,AoS,enabled,24091294,2641197,2631358,2619410,2623503,2627972,2615869,2627654,2631909,2607812,4771797,4771797,10
2025-10-02 14:56:22,55959,pairwise,PairwiseVerletLists,1.000000,vlp_c18,none,SoA,disabled,148092607,6865948,6832684,6829111,6822713,6822675,6828889,6837468,6817997,6797347,20954743,20954743,10
2025-10-02 14:56:22,55969,pairwise,PairwiseVerletLists,1.000000,vlp_c18,none,SoA,enabled,107019150,6248919,6141902,6145483,6124658,6103815,6109084,6122397,6112348,6140068,16226781,16226781,10
2025-10-02 14:56:23,55979,pairwise,PairwiseVerletLists,1.000000,vlp_sliced,none,AoS,disabled,24677000,4629948,4562135,4543232,4618828,4532740,4516182,4517585,4538779,4565808,6570223,6570223,10
2025-10-02 14:56:23,55989,pairwise,PairwiseVerletLists,1.000000,vlp_sliced,none,AoS,enabled,25299161,2792286,2716354,2678766,2660091,2667772,2607947,2390705,2652329,2713293,4917869,4917869,10
2025-10-02 14:56:23,55999,pairwise,PairwiseVerletLists,1.000000,vlp_sliced,none,SoA,disabled,142744643,8831387,8779927,8749276,8695260,8733625,8610778,8658650,8644662,8640967,22108917,22108917,10
2025-10-02 14:56:23,56009,pairwise,PairwiseVerletLists,1.000000,vlp_sliced,none,SoA,enabled,107877647,6723191,6721974,6639591,6741998,6728757,6682812,6655530,6680177,6693124,16814479,16814479,10
2025-10-02 14:56:23,56019,pairwise,PairwiseVerletLists,1.000000,vlp_sliced_balanced,none,AoS,disabled,24632803,4571804,4522178,4495000,4481934,4460206,4422420,4434191,4400472,4434278,6485527,6485527,10
2025-10-02 14:56:23,56029,pairwise,PairwiseVerletLists,1.000000,vlp_sliced_balanced,none,AoS,enabled,25325296,2742974,2674092,2675825,2665961,2667884,2642749,2673037,2649858,2657370,4937504,4937504,10
2025-10-02 14:56:23,56039,pairwise,PairwiseVerletLists,1.000000,vlp_sliced_balanced,none,SoA,disabled,142076930,8932831,8787280,8762814,8752974,8764219,8766463,8758645,8757322,8775674,22113514,22113514,10
2025-10-02 14:56:24,56049,pairwise,PairwiseVerletLists,1.000000,vlp_sliced_balanced,none,SoA,enabled,107574136,6783754,6642548,6636456,6591002,6602827,6590933,6597739,6603639,6576301,16719933,16719933,10
2025-10-02 14:56:24,56059,pairwise,PairwiseVerletLists,1.000000,vlp_sliced_c02,none,AoS,disabled,25782555,5782758,5841471,5827456,5814406,5777847,5875467,5557415,5838793,5769615,7786777,7786777,10
2025-10-02 14:56:24,56069,pairwise,PairwiseVerletLists,1.000000,vlp_sliced_c02,none,AoS,enabled,26050248,3473413,3389477,3222216,3339342,3421545,3422451,3391478,3432703,3339213,5648208,5648208,10
2025-10-02 14:56:24,56079,pairwise,PairwiseVerletLists,1.000000,vlp_sliced_c02,none,SoA,disabled,143239869,10506071,10389626,10295774,10290158,10280346,10350638,10317353,10372583,10156475,23619888,23619888,10
2025-10-02 14:56:24,56089,pairwise,PairwiseVerletLists,1.000000,vlp_sliced_c02,none,SoA,enabled,108485577,7839526,7681361,7647450,7736325,7567618,7613444,7609001,7657323,7629928,17746755,17746755,10
2025-10-02 14:56:24,56099,pairwise,PairwiseVerletLists,1.000000,vlp_c08,none,AoS,disabled,25308022,5097939,5072871,5066322,5072549,5056620,5058709,5066676,5057959,5058173,7091583,7091583,10
2025-10-02 14:56:24,56109,pairwise,PairwiseVerletLists,1.000000,vlp_c08,none,AoS,enabled,26338843,3264354,3242321,3230473,3226597,3217963,3222145,3228308,3222061,3216898,5540995,5540995,10
2025-10-02 14:56:24,56119,pairwise,PairwiseVerletLists,1.000000,vlp_c08,none,SoA,disabled,141256701,9278684,9242005,9234107,9224792,9225954,9245716,9223997,9280709,9239977,22445263,22445263,10
2025-10-02 14:56:25,56129,pairwise,PairwiseVerletLists,1.000000,vlp_c08,none,SoA,enabled,108189217,7255374,7194452,7215438,7177092,7176367,7172923,7171530,7178868,7160944,17289219,17289219,10
2025-10-02 14:58:24,60009,pairwise,LinkedCells,1.000000,lc_c01,none,AoS,disabled,17971140,17740537,17863899,17813505,17874649,17810001,18112867,18154626,17911943,17726011,17897917,17897917,10
2025-10-02 14:58:24,60019,pairwise,LinkedCells,1.000000,lc_c01,none,SoA,disabled,22902778,11015695,11040687,10999775,11215063,11214106,11069349,11060750,11070676,11150017,12273889,12273889,10
2025-10-02 14:58:24,60029,pairwise,LinkedCells,1.000000,lc_c01_combined_SoA,none,SoA,disabled,9603366,9500460,9451903,9432089,9452322,9440160,9544274,9525352,9765270,9523398,9523859,9523859,10
2025-10-02 14:58:24,60039,pairwise,LinkedCells,1.000000,lc_c04,none,AoS,disabled,13081435,12977648,12945438,13036488,12995222,12994799,13055620,12974536,12967153,12974970,13000330,13000330,10
2025-10-02 14:58:24,60049,pairwise,LinkedCells,1.000000,lc_c04,none,AoS,enabled,9334201,9384016,9446382,9453144,9320165,9276721,9338824,9332820,9274428,9332333,9349303,9349303,10
2025-10-02 14:58:24,60059,pairwise,LinkedCells,1.000000,lc_c04,none,SoA,disabled,10353446,10360974,10349833,10377987,10368661,10409646,10364562,10351934,10382578,10409964,10372958,10372958,10
2025-10-02 14:58:24,60069,pairwise,LinkedCells,1.000000,lc_c04,none,SoA,enabled,7015533,7011359,6977982,6972166,7031675,7026238,7045650,7026859,7049470,7016979,7017390,7017390,10
2025-10-02 14:58:25,60079,pairwise,LinkedCells,1.000000,lc_c04_HCP,none,AoS,disabled,11749147,11729942,11775583,11773400,11771924,11795937,11761046,11755372,11758404,11717663,11758841,11758841,10
2025-10-02 14:58:25,60089,pairwise,LinkedCells,1.000000,lc_c04_HCP,none,AoS,enabled,8614088,8616006,8604271,8630610,8604073,8631901,8629824,8601121,8607159,8621972,8616102,8616102,10
2025-10-02 14:58:25,60099,pairwise,LinkedCells,1.000000,lc_c04_HCP,none,SoA,disabled,10270878,10260976,10250781,10262254,10213659,10201862,10196957,10231572,10202482,10213351,10230477,10230477,10
2025-10-02 14:58:25,60109,pairwise,LinkedCells,1.000000,lc_c04_HCP,none,SoA,enabled,7330253,7272694,7270944,7268899,7240464,7275242,7269254,7275951,7240048,7240535,7268428,7268428,10
2025-10-02 14:58:25,60119,pairwise,LinkedCells,1.000000,lc_c04_combined_SoA,none,SoA,disabled,11772056,11880314,11824599,11961121,11948997,11827651,11854562,11843331,11979088,11856102,11874782,11874782,10
2025-10-02 14:58:25,60129,pairwise,LinkedCells,1.000000,lc_c04_combined_SoA,none,SoA,enabled,9175818,9197156,9018778,9053106,9083674,9386565,9116756,9049871,9199632,9134261,9141561,9141561,10
2025-10-02 14:58:25,60139,pairwise,LinkedCells,1.000000,lc_c08,none,AoS,disabled,12472224,12375875,12371391,12358392,12376791,12395506,12390881,12368849,12353967,12377900,12384177,12384177,10
2025-10-02 14:58:25,60149,pairwise,LinkedCells,1.000000,lc_c08,none,AoS,enabled,9365371,9379839,9383702,9392053,9400864,9396009,9377773,9352636,9308077,9348381,9370470,9370470,10
2025-10-02 14:58:25,60159,pairwise,LinkedCells,1.000000,lc_c08,none,SoA,disabled,12371948,12265397,12208694,12185658,12202225,12188485,12231077,12254665,12306093,12357812,12257205,12257205,10
2025-10-02 14:58:26,60169,pairwise,LinkedCells,1.000000,lc_c08,none,SoA,enabled,9784551,9467101,9466496,9447733,9419801,9448341,9465573,9383675,9390676,9373386,9464733,9464733,10
2025-10-02 14:58:26,60179,pairwise,LinkedCells,1.000000,lc_c18,none,AoS,disabled,12469515,12419535,12746468,13078862,12870958,12959156,12729656,12538092,12534235,12884949,12723142,12723142,10
2025-10-02 14:58:26,60189,pairwise,LinkedCells,1.000000,lc_c18,none,AoS,enabled,9461907,9542736,9367141,9336585,9324020,9301837,9309556,9302957,9314950,9297443,9355913,9355913,10
2025-10-02 14:58:26,60199,pairwise,LinkedCells,1.000000,lc_c18,none,SoA,disabled,11442153,11410019,11402403,11400208,11409890,11387570,11570006,11399417,11392887,11397219,11421176,11421176,10
2025-10-02 14:58:26,60209,pairwise,LinkedCells,1.000000,lc_c18,none,SoA,enabled,8326731,8271060,8292166,8286020,8271144,8296984,8314568,8276617,8271682,8306335,8291330,8291330,10
2025-10-02 14:58:26,60219,pairwise,LinkedCells,1.000000,lc_sliced,none,AoS,disabled,13727734,13552064,13630475,13542580,13540240,13581964,13525795,13604062,13474964,13537547,13571742,13571742,10
2025-10-02 14:58:26,60229,pairwise,LinkedCells,1.000000,lc_sliced,none,AoS,enabled,9676943,9714766,9683972,9642591,9679605,9678071,9682076,9700423,9699400,9669276,9682712,9682712,10
2025-10-02 14:58:26,60239,pairwise,LinkedCells,1.000000,lc_sliced,none,SoA,disabled,10370587,10371518,10628999,10391568,10383233,10345582,10377884,10263643,10363612,10367938,10386455,10386455,10
2025-10-02 14:58:26,60249,pairwise,LinkedCells,1.000000,lc_sliced,none,SoA,enabled,6688897,6699573,6638708,6658879,6648813,6602068,6672032,6663148,6655516,6679539,6660717,6660717,10
2025-10-02 14:58:27,60259,pairwise,LinkedCells,1.000000,lc_sliced_balanced,none,AoS,disabled,13533306,13513032,13507096,13488615,13507242,13531303,13536750,13520870,13526920,13560813,13522594,13522594,10
2025-10-02 14:58:27,60269,pairwise,LinkedCells,1.000000,lc_sliced_balanced,none,AoS,enabled,9684688,9674909,9671314,9673221,9687554,9681234,9657760,9670295,9677246,9683936,9676215,9676215,10
2025-10-02 14:58:27,60279,pairwise,LinkedCells,1.000000,lc_sliced_balanced,none,SoA,disabled,10409632,10446067,10393396,10365939,10392742,10368184,10359005,10364005,10370427,10344207,10381360,10381360,10
2025-10-02 14:58:27,60289,pairwise,LinkedCells,1.000000,lc_sliced_balanced,none,SoA,enabled,6692203,6699899,6705850,6674396,6662584,6701704,6673651,6631141,6679404,6700373,6682120,6682120,10
2025-10-02 14:58:27,60299,pairwise,LinkedCells,1.000000,lc_sliced_balanced,squared-particles-per-cell,AoS,disabled,13910762,13667547,13662228,13653294,13653659,13643303,13673843,13666331,13644409,13640980,13681635,13681635,10
2025-10-02 14:58:27,60309,pairwise,LinkedCells,1.000000,lc_sliced_balanced,squared-particles-per-cell,AoS,enabled,9774069,9761345,9735933,9744340,9727310,9734497,9744075,9731594,9741944,9744668,9743977,9743977,10
2025-10-02 14:58:27,60319,pairwise,LinkedCells,1.000000,lc_sliced_balanced,squared-particles-per-cell,SoA,disabled,12174735,10471534,10348187,10366033,10326848,10411322,10391643,10331703,10334144,10356280,10551242,10551242,10
2025-10-02 14:58:27,60329,pairwise,LinkedCells,1.000000,lc_sliced_balanced,squared-particles-per-cell,SoA,enabled,6944257,6739676,6670409,6706016,6697487,6665076,6683085,6710561,6680090,6650116,6714676,6714676,10
2025-10-02 14:58:28,60339,pairwise,LinkedCells,1.000000,lc_sliced_c02,none,AoS,disabled,13854656,13603035,13523159,13565871,13503394,13508707,13504179,13488925,13633821,13489149,13567489,13567489,10
2025-10-02 14:58:28,60349,pairwise,LinkedCells,1.000000,lc_sliced_c02,none,AoS,enabled,9610748,9662036,9565729,9632371,9573927,9607655,9611366,9599219,9582702,9668543,9611429,9611429,10
2025-10-02 14:58:28,60359,pairwise,LinkedCells,1.000000,lc_sliced_c02,none,SoA,disabled,12053180,10284849,10469270,10307457,10301001,10543759,10320969,10574253,10440980,10459140,10575485,10575485,10
2025-10-02 14:58:28,60369,pairwise,LinkedCells,1.000000,lc_sliced_c02,none,SoA,enabled,6810255,6645664,6620130,6607812,6578825,6825645,6640867,6591733,6602745,6596272,6651994,6651994,10
2025-10-02 14:58:28,60379,pairwise,VerletClusterLists,1.000000,vcl_c01_balanced,none,AoS,disabled,125630250,26585088,26566941,26562882,26623822,26553324,26586590,26547738,26548295,26540384,36474531,36474531,10
2025-10-02 14:58:28,60389,pairwise,VerletClusterLists,1.000000,vcl_c01_balanced,none,SoA,disabled,90052812,9440586,9432443,9418239,9391783,9433521,9410393,9410132,9387324,9435243,17481247,17481247,10
2025-10-02 14:58:29,60399,pairwise,VerletClusterLists,1.000000,vcl_c06,none,AoS,disabled,118133767,38071211,37501652,38040932,38074517,37481875,37793382,37080063,37929159,37646263,45775281,45775281,10
2025-10-02 14:58:29,60409,pairwise,VerletClusterLists,1.000000,vcl_c06,none,AoS,enabled,63443157,20078888,19070247,19159064,19378637,19176448,19627812,19440997,19573257,19215290,23816379,23816379,10
2025-10-02 14:58:29,60419,pairwise,VerletClusterLists,1.000000,vcl_c06,none,SoA,disabled,94102836,12917272,13091019,13156946,12824283,12930338,13062419,13029706,13253915,13216506,21158523,21158523,10
2025-10-02 14:58:30,60429,pairwise,VerletClusterLists,1.000000,vcl_c06,none,SoA,enabled,52340999,7239094,7448489,7566926,7509703,7682157,7475795,7475074,7265341,7177105,11918067,11918067,10
2025-10-02 14:58:30,60439,pairwise,VerletClusterLists,1.000000,vcl_sliced,none,AoS,disabled,145383094,69139405,64571591,66489750,66371626,69058971,68804905,64614972,64653733,69247599,74833564,74833564,10
2025-10-02 14:58:31,60449,pairwise,VerletClusterLists,1.000000,vcl_sliced,none,AoS,enabled,76441323,32408271,32271984,32519151,33894565,33709561,32120881,33729408,33999418,32076655,37317121,37317121,10
2025-10-02 14:58:31,60459,pairwise,VerletClusterLists,1.000000,vcl_sliced,none,SoA,disabled,99039330,18440792,18488779,18440749,18388407,18050322,18025435,18061495,18446332,18437831,26381946,26381946,10
2025-10-02 14:58:31,60469,pairwise,VerletClusterLists,1.000000,vcl_sliced,none,SoA,enabled,55074621,9877872,9892112,10149043,10188900,10176899,9927140,10169311,9924845,10264395,14564513,14564513,10
2025-10-02 14:58:32,60479,pairwise,VerletClusterLists,1.000000,vcl_sliced_balanced,none,AoS,disabled,147434279,66937315,66893842,66937811,66825966,66849386,66904653,66906148,66827083,66904536,74942101,74942101,10
2025-10-02 14:58:32,60489,pairwise,VerletClusterLists,1.000000,vcl_sliced_balanced,none,AoS,enabled,78884499,34036135,34085349,34120283,34169754,34099004,34102101,34050527,34090605,34120709,38575896,38575896,10
2025-10-02 14:58:33,60499,pairwise,VerletClusterLists,1.000000,vcl_sliced_balanced,none,SoA,disabled,99035481,18425628,18366390,18388843,18395208,18414172,18400812,18389851,18391479,18372786,26458064,26458064,10
2025-10-02 14:58:33,60509,pairwise,VerletClusterLists,1.000000,vcl_sliced_balanced,none,SoA,enabled,55025931,10170383,10166101,10160578,10160871,10161504,10126557,10148836,10156780,10148877,14642641,14642641,10
2025-10-02 14:58:34,60519,pairwise,VerletClusterLists,1.000000,vcl_sliced_balanced,neighbor-list-length,AoS,disabled,175861577,80337062,80272728,80193382,80253192,80283120,80193435,80234672,80304106,80257942,89819120,89819120,10
2025-10-02 14:58:34,60529,pairwise,VerletClusterLists,1.000000,vcl_sliced_balanced,neighbor-list-length,AoS,enabled,85337159,40790478,40822466,40798496,40862411,40924842,40854562,40921839,40791447,40780144,45288383,45288383,10
2025-10-02 14:58:35,60539,pairwise,VerletClusterLists,1.000000,vcl_sliced_balanced,neighbor-list-length,SoA,disabled,103696404,23152927,23159323,23154806,23195397,23141599,23185509,23138048,23125962,23098956,31204892,31204892,10
2025-10-02 14:58:35,60549,pairwise,VerletClusterLists,1.000000,vcl_sliced_balanced,neighbor-list-length,SoA,enabled,57268943,12302418,12326377,12384651,12338434,12340036,12416711,12351693,12344857,12342577,16841669,16841669,10
2025-10-02 14:58:36,60559,pairwise,VerletClusterLists,1.000000,vcl_sliced_c02,none,AoS,disabled,181649471,80754225,87630132,81426033,86106053,80154176,81396001,79501979,80338131,80695984,91965218,91965218,10
2025-10-02 14:58:36,60569,pairwise,VerletClusterLists,1.000000,vcl_sliced_c02,none,AoS,enabled,88329506,41376785,43304586,40747587,40768496,44095111,40558680,43363999,40673280,44212636,46743066,46743066,10
2025-10-02 14:58:36,60579,pairwise,VerletClusterLists,1.000000,vcl_sliced_c02,none,SoA,disabled,107043344,25325315,25170144,23594201,24589961,23672434,25264035,25074523,25257175,25229014,33022014,33022014,10
2025-10-02 14:58:37,60589,pairwise,VerletClusterLists,1.000000,vcl_sliced_c02,none,SoA,enabled,58758586,13770566,12902320,13857653,13064998,13860217,13068609,12606690,13844688,12881544,17861587,17861587,10
2025-10-02 14:58:37,60599,pairwise,VerletLists,1.000000,vl_list_iteration,none,AoS,disabled,58609843,10036928,9970203,10014444,9980719,9986192,10016028,10014820,10052868,9979348,14866138,14866138,10
2025-10-02 14:58:37,60609,pairwise,VerletLists,1.000000,vl_list_iteration,none,SoA,disabled,182107855,10317032,10190049,10168562,10435500,10185992,10178850,10152505,10175205,10152008,27406355,27406355,10
2025-10-02 14:58:37,60619,pairwise,VerletListsCells,1.000000,vlc_c01,none,AoS,disabled,63681250,7741624,7779857,7743558,7737237,7751246,7726474,7721309,7725061,7726761,13333437,13333437,10
2025-10-02 14:58:38,60629,pairwise,VerletListsCells,1.000000,vlc_c01,none,SoA,disabled,195954640,11275935,11249777,11230326,11248395,11241038,11228418,11219710,11227428,11241345,29711700,29711700,10
2025-10-02 14:58:38,60639,pairwise,VerletListsCells,1.000000,vlc_c18,none,AoS,disabled,51266553,7361248,7341454,7352631,7348150,7343902,7343476,7351976,7337961,7347694,11739504,11739504,10
2025-10-02 14:58:38,60649,pairwise,VerletListsCells,1.000000,vlc_c18,none,AoS,enabled,34544264,4579233,4543981,4550673,4558354,4537114,4542317,4541902,4536197,4542643,7547667,7547667,10
2025-10-02 14:58:38,60659,pairwise,VerletListsCells,1.000000,vlc_c18,none,SoA,disabled,303808916,13841084,13852398,13858764,13866931,13852639,13848753,13855581,13856583,13825228,42846687,42846687,10
2025-10-02 14:58:39,60669,pairwise,VerletListsCells,1.000000,vlc_c18,none,SoA,enabled,180737603,11384401,11382624,11377089,11386049,10565492,10572581,10537311,10559053,10553208,27905540,27905540,10
2025-10-02 14:58:39,60679,pairwise,VerletListsCells,1.000000,vlc_c08,none,AoS,disabled,43178327,7547206,7529953,7534107,7538500,7536876,7542508,7557184,7541694,7544877,11105122,11105122,10
2025-10-02 14:58:39,60689,pairwise,VerletListsCells,1.000000,vlc_c08,none,AoS,enabled,37663770,5073945,5058820,5050601,5038511,5041624,5044687,5039694,5052291,5042230,8310616,8310616,10
2025-10-02 14:58:39,60699,pairwise,VerletListsCells,1.000000,vlc_c08,none,SoA,disabled,267446045,13534306,13522717,13527395,13500587,13520156,13529980,13529623,13517995,13534459,38916326,38916326,10
2025-10-02 14:58:40,60709,pairwise,VerletListsCells,1.000000,vlc_c08,none,SoA,enabled,193903735,12015970,11996284,12001159,11989706,11987282,11995696,12017821,11984301,11999861,30189181,30189181,10
2025-10-02 14:58:40,60719,pairwise,VerletListsCells,1.000000,vlc_sliced,none,AoS,disabled,53929647,11703989,11604495,11631788,11714941,11574517,11512917,11749843,11734821,11591958,15874891,15874891,10
2025-10-02 14:58:40,60729,pairwise,VerletListsCells,1.000000,vlc_sliced,none,AoS,enabled,37228556,5481490,5440907,5447775,5400035,5428059,5465476,5528303,5470780,5454776,8634615,8634615,10
2025-10-02 14:58:40,60739,pairwise,VerletListsCells,1.000000,vlc_sliced,none,SoA,disabled,299482054,16498092,16435657,16403266,16412217,16383510,16400435,16394782,16431589,16396194,44723779,44723779,10
2025-10-02 14:58:41,60749,pairwise,VerletListsCells,1.000000,vlc_sliced,none,SoA,enabled,182346339,12197928,11627855,11551120,10735927,10702990,10744287,10702857,10643933,10694266,28194749,28194749,10
2025-10-02 14:58:41,60759,pairwise,VerletListsCells,1.000000,vlc_sliced_balanced,none,AoS,disabled,52620944,11658655,11592224,11649956,11622049,11599193,11596955,11599354,11605505,11604809,15714964,15714964,10
2025-10-02 14:58:41,60769,pairwise,VerletListsCells,1.000000,vlc_sliced_balanced,none,AoS,enabled,35626758,5500421,5458997,5468455,5450289,5465517,5464946,5477133,5471001,5475437,8485895,8485895,10
2025-10-02 14:58:41,60779,pairwise,VerletListsCells,1.000000,vlc_sliced_balanced,none,SoA,disabled,291703213,16650342,16544638,16528300,16455722,16522503,16514872,16550126,16712136,16509632,44069148,44069148,10
2025-10-02 14:58:42,60789,pairwise,VerletListsCells,1.000000,vlc_sliced_balanced,none,SoA,enabled,177174199,12303218,11618485,11588618,10777244,10743313,10741662,10726992,10723826,10702655,27710020,27710020,10
2025-10-02 14:58:42,60799,pairwise,VerletListsCells,1.000000,vlc_sliced_balanced,squared-particles-per-cell,AoS,disabled,54720505,11520913,11512022,11494960,11464334,11492576,11465994,11491707,11475301,11467848,15810616,15810616,10
2025-10-02 14:58:42,60809,pairwise,VerletListsCells,1.000000,vlc_sliced_balanced,squared-particles-per-cell,AoS,enabled,36217209,5894437,5889092,5898802,5902670,5901947,5996537,5894537,5882272,5898192,8937569,8937569,10
2025-10-02 14:58:42,60819,pairwise,VerletListsCells,1.000000,vlc_sliced_balanced,squared-particles-per-cell,SoA,disabled,305249996,17324440,17261252,17331917,17293626,17328078,17309938,17315359,17266673,17292933,46097420,46097420,10
2025-10-02 14:58:43,60829,pairwise,VerletListsCells,1.000000,vlc_sliced_balanced,squared-particles-per-cell,SoA,enabled,212238418,11797187,11867567,11797915,11826230,11467606,10903413,10892054,10895240,10880636,31456625,31456625,10
2025-10-02 14:58:43,60839,pairwise,VerletListsCells,1.000000,vlc_sliced_balanced,neighbor-list-length,AoS,disabled,52285547,11306993,11296001,11298896,11291579,11301525,11297382,11340476,11549001,11321439,15428883,15428883,10
2025-10-02 14:58:43,60849,pairwise,VerletListsCells,1.000000,vlc_sliced_balanced,neighbor-list-length,AoS,enabled,35968432,5858763,5706218,5704415,5728995,5720791,5722964,5711463,5731144,5694370,8754754,8754754,10
2025-10-02 14:58:44,60859,pairwise,VerletListsCells,1.000000,vlc_sliced_balanced,neighbor-list-length,SoA,disabled,306870000,18113120,18048358,18008293,17986443,18018071,17981549,18004897,17997261,17997653,46902563,46902563,10
2025-10-02 14:58:44,60869,pairwise,VerletListsCells,1.000000,vlc_sliced_balanced,neighbor-list-length,SoA,enabled,216921953,12193256,12095798,12065974,12107785,11859872,11204525,11171045,11215695,11163702,32199959,32199959,10
2025-10-02 14:58:44,60879,pairwise,VerletListsCells,1.000000,vlc_sliced_c02,none,AoS,disabled,55092751,14133375,14215881,14231157,14197407,13999462,14236494,14273968,14078725,14128775,18258799,18258799,10
2025-10-02 14:58:44,60889,pairwise,VerletListsCells,1.000000,vlc_sliced_c02,none,AoS,enabled,37222323,7367104,7309110,7351004,7368848,7331870,7290740,7381548,7380536,7379253,10338233,10338233,10
2025-10-02 14:58:45,60899,pairwise,VerletListsCells,1.000000,vlc_sliced_c02,none,SoA,disabled,310607103,21202629,21126527,20850771,20987740,21096967,21222148,21119496,21126928,21189605,50052990,50052990,10
2025-10-02 14:58:45,60909,pairwise,VerletListsCells,1.000000,vlc_sliced_c02,none,SoA,enabled,218864648,13719264,13604694,13706229,13603604,13548783,12583485,12676622,12681410,12698420,33768715,33768715,10
2025-10-02 14:58:45,60919,pairwise,PairwiseVerletLists,1.000000,vlp_c01,none,AoS,disabled,74518914,9513010,9523655,9519793,9520259,9525937,9528720,9519893,9522767,9533723,16022667,16022667,10
2025-10-02 14:58:46,60929,pairwise,PairwiseVerletLists,1.000000,vlp_c01,none,SoA,disabled,565253551,20181772,20166263,20171168,20166716,20150773,20142057,20141736,20157273,20168544,74669985,74669985,10
2025-10-02 14:58:46,60939,pairwise,PairwiseVerletLists,1.000000,vlp_c18,none,AoS,disabled,66867902,9956737,9946876,9951786,9955097,9946826,9959371,10004034,9942418,9957295,15648833,15648833,10
2025-10-02 14:58:46,60949,pairwise,PairwiseVerletLists,1.000000,vlp_c18,none,AoS,enabled,80688735,6360610,6322135,6310469,6322304,6339850,6310626,6326550,6319823,6320734,13762183,13762183,10
2025-10-02 14:58:47,60959,pairwise,PairwiseVerletLists,1.000000,vlp_c18,none,SoA,disabled,748268545,18913159,18893469,18883806,18902506,18865190,18857260,18885295,18879670,18883240,91823213,91823213,10
2025-10-02 14:58:48,60969,pairwise,PairwiseVerletLists,1.000000,vlp_c18,none,SoA,enabled,500791756,14480227,14505982,14487865,14485587,14474020,14481964,14487188,14482721,14478167,63115546,63115546,10
2025-10-02 14:58:48,60979,pairwise,PairwiseVerletLists,1.000000,vlp_sliced,none,AoS,disabled,74596767,15667379,16035754,16068957,16061874,16016419,16070484,15925626,16066069,15941274,21845059,21845059,10
2025-10-02 14:58:48,60989,pairwise,PairwiseVerletLists,1.000000,vlp_sliced,none,AoS,enabled,89439398,8256871,8213112,8162184,8180926,8190609,8162924,8158245,8147957,8160311,16307252,16307252,10
2025-10-02 14:58:49,60999,pairwise,PairwiseVerletLists,1.000000,vlp_sliced,none,SoA,disabled,713747729,24982630,24989160,24930041,25069152,25011627,25069481,25033883,25020648,25127077,93898142,93898142,10
2025-10-02 14:58:50,61009,pairwise,PairwiseVerletLists,1.000000,vlp_sliced,none,SoA,enabled,502305181,17300248,17272062,17131132,17195832,17296083,17349355,17136939,16896111,17268734,65715167,65715167,10
2025-10-02 14:58:50,61019,pairwise,PairwiseVerletLists,1.000000,vlp_sliced_balanced,none,AoS,disabled,74033309,16327395,16321500,16303851,16336493,16279193,16282236,16268569,16254141,16287913,22069460,22069460,10
2025-10-02 14:58:50,61029,pairwise,PairwiseVerletLists,1.000000,vlp_sliced_balanced,none,AoS,enabled,89429490,8269158,8214690,8181752,8229477,8169692,8184229,8176402,8184714,8158806,16319840,16319840,10
2025-10-02 14:58:51,61039,pairwise,PairwiseVerletLists,1.000000,vlp_sliced_balanced,none,SoA,disabled,731886397,25109335,25105972,25088320,25051316,25014167,25058639,25062096,25037977,25001031,95741524,95741524,10
2025-10-02 14:58:52,61049,pairwise,PairwiseVerletLists,1.000000,vlp_sliced_balanced,none,SoA,enabled,513883912,17363587,17301354,17251034,17269736,17270444,17385852,17262988,17240019,17268971,66949789,66949789,10
2025-10-02 14:58:52,61059,pairwise,PairwiseVerletLists,1.000000,vlp_sliced_c02,none,AoS,disabled,78879177,20782527,20758970,20752043,20787381,20767892,20712861,20718641,20814593,20689764,26566384,26566384,10
2025-10-02 14:58:53,61069,pairwise,PairwiseVerletLists,1.000000,vlp_sliced_c02,none,AoS,enabled,91182668,10251200,10186766,10334549,10140890,9982169,10273631,10321143,10170658,9959885,18280355,18280355,10
2025-10-02 14:58:54,61079,pairwise,PairwiseVerletLists,1.000000,vlp_sliced_c02,none,SoA,disabled,737440943,31010298,31100306,30828241,30817937,30950227,30977567,30896383,30891835,31016370,101593010,101593010,10
2025-10-02 14:58:54,61089,pairwise,PairwiseVerletLists,1.000000,vlp_sliced_c02,none,SoA,enabled,515468237,21032341,20786883,20812223,20844518,20730899,20766691,20885229,20710421,20970314,70300775,70300775,10
2025-10-02 14:58:54,61099,pairwise,PairwiseVerletLists,1.000000,vlp_c08,none,AoS,disabled,71956271,13874486,13821136,13797713,13788703,13773839,13773955,13783361,13770228,13768109,19610779,19610779,10
2025-10-02 14:58:55,61109,pairwise,PairwiseVerletLists,1.000000,vlp_c08,none,AoS,enabled,88527801,7876486,7843680,7841286,7830053,7834376,7833738,7839238,7836697,7842691,15910604,15910604,10
2025-10-02 14:58:56,61119,pairwise,PairwiseVerletLists,1.000000,vlp_c08,none,SoA,disabled,722659015,22116049,22060979,22060494,22044983,22072235,22054006,22075656,22069437,22044838,92125768,92125768,10
2025-10-02 14:58:56,61129,pairwise,PairwiseVerletLists,1.000000,vlp_c08,none,SoA,enabled,505539456,16265650,16261192,16276064,16260263,16244818,16259482,16280551,16287176,16271087,65194573,65194573,10
2025-10-02 15:00:21,65009,pairwise,LinkedCells,1.000000,lc_c01,none,AoS,disabled,20830011,20805332,20795661,21314081,21039009,20736552,20700753,20869903,20899389,20968974,20895965,20895965,10
2025-10-02 15:00:21,65019,pairwise,LinkedCells,1.000000,lc_c01,none,SoA,disabled,12860128,12765986,12869585,12878178,12921304,12880561,12904853,12934108,12947655,12910396,12887274,12887274,10
2025-10-02 15:00:21,65029,pairwise,LinkedCells,1.000000,lc_c01_combined_SoA,none,SoA,disabled,11025850,10964809,11029334,10979338,10919848,10845031,11008580,10943775,11157098,11040383,10991404,10991404,10
2025-10-02 15:00:21,65039,pairwise,LinkedCells,1.000000,lc_c04,none,AoS,disabled,15311604,15244916,15147120,15039608,14982477,15007778,15227128,15152003,14979024,15173969,15126562,15126562,10
2025-10-02 15:00:21,65049,pairwise,LinkedCells,1.000000,lc_c04,none,AoS,enabled,10872495,10816968,10908430,10962829,10982807,10992987,10952722,10980060,11015326,10940151,10942477,10942477,10
2025-10-02 15:00:22,65059,pairwise,LinkedCells,1.000000,lc_c04,none,SoA,disabled,12141685,12140127,12052539,12173431,12078175,12189518,12188480,12134414,12107815,12094360,12130054,12130054,10
2025-10-02 15:00:22,65069,pairwise,LinkedCells,1.000000,lc_c04,none,SoA,enabled,8195001,8202086,8127988,8193634,8157079,8195070,8154081,8153716,8201952,8202203,8178280,8178280,10
2025-10-02 15:00:22,65079,pairwise,LinkedCells,1.000000,lc_c04_HCP,none,AoS,disabled,14146560,14129448,14126020,14108386,14106147,14115427,14124703,14071205,14079949,14093384,14110122,14110122,10
2025-10-02 15:00:22,65089,pairwise,LinkedCells,1.000000,lc_c04_HCP,none,AoS,enabled,10307892,10331057,10350524,10340804,10354359,10366862,10377833,10320184,10331309,10330693,10341151,10341151,10
2025-10-02 15:00:22,65099,pairwise,LinkedCells,1.000000,lc_c04_HCP,none,SoA,disabled,12107046,12082896,12023742,12050369,12022132,11978540,12010216,11984671,11981890,11986449,12022794,12022794,10
2025-10-02 15:00:22,65109,pairwise,LinkedCells,1.000000,lc_c04_HCP,none,SoA,enabled,8619788,8589857,8602732,8557194,8569599,8573915,8577717,8547879,8555208,8555902,8574978,8574978,10
2025-10-02 15:00:22,65119,pairwise,LinkedCells,1.000000,lc_c04_combined_SoA,none,SoA,disabled,14035522,14012394,14079707,14099107,13860192,13978415,14032292,14005899,13990324,13937215,14003106,14003106,10
2025-10-02 15:00:22,65129,pairwise,LinkedCells,1.000000,lc_c04_combined_SoA,none,SoA,enabled,11197423,11119097,11084541,11062376,11096836,11095554,11046772,11056834,11088720,11053291,11090143,11090143,10
2025-10-02 15:00:23,65139,pairwise,LinkedCells,1.000000,lc_c08,none,AoS,disabled,14824873,14736531,14747531,14741283,14749100,14741072,14776158,14762058,14736995,14742197,14755779,14755779,10
2025-10-02 15:00:23,65149,pairwise,LinkedCells,1.000000,lc_c08,none,AoS,enabled,11080499,11102819,11070598,11063524,11083814,11068234,11089739,11079142,11086332,11062435,11078713,11078713,10
2025-10-02 15:00:23,65159,pairwise,LinkedCells,1.000000,lc_c08,none,SoA,disabled,14613323,14499304,14448170,14488022,14384776,14406353,14414907,14430303,14403931,14408923,14449801,14449801,10
2025-10-02 15:00:23,65169,pairwise,LinkedCells,1.000000,lc_c08,none,SoA,enabled,11267632,11222506,11185848,11147449,11173057,11142393,11146702,11116748,11153329,11109631,11166528,11166528,10
2025-10-02 15:00:23,65179,pairwise,LinkedCells,1.000000,lc_c18,none,AoS,disabled,14879573,14846052,14813964,14839632,14856295,14826521,14832801,14834984,14826659,14836067,14839254,14839254,10
2025-10-02 15:00:23,65189,pairwise,LinkedCells,1.000000,lc_c18,none,AoS,enabled,11135647,11103046,11141171,11111096,11093718,11098334,11079795,11090657,11103071,11101869,11105839,11105839,10
2025-10-02 15:00:23,65199,pairwise,LinkedCells,1.000000,lc_c18,none,SoA,disabled,14101563,13954916,13961062,13955247,13944703,13941718,13955787,13977970,14186087,13977492,13995653,13995653,10
2025-10-02 15:00:24,65209,pairwise,LinkedCells,1.000000,lc_c18,none,SoA,enabled,9887074,9804802,9753232,9772763,9821156,9767207,9808507,9779152,9817047,9778200,9798913,9798913,10
2025-10-02 15:00:24,65219,pairwise,LinkedCells,1.000000,lc_sliced,none,AoS,disabled,17539470,17448889,17303433,17565305,17459747,17501785,17476516,17478267,17419942,17320909,17451425,17451425,10
2025-10-02 15:00:24,65229,pairwise,LinkedCells,1.000000,lc_sliced,none,AoS,enabled,12547882,12525816,12356404,12460577,12185343,12441151,12518826,12395754,12545811,12445255,12442281,12442281,10
2025-10-02 15:00:24,65239,pairwise,LinkedCells,1.000000,lc_sliced,none,SoA,disabled,13111555,13159671,13131557,13235908,13205367,13182576,13183574,13253330,13229086,13254505,13194712,13194712,10
2025-10-02 15:00:24,65249,pairwise,LinkedCells,1.000000,lc_sliced,none,SoA,enabled,8233421,8204968,8252585,8267428,8241633,8195888,8180391,8228823,8103407,8237784,8214632,8214632,10
2025-10-02 15:00:24,65259,pairwise,LinkedCells,1.000000,lc_sliced_balanced,none,AoS,disabled,17525925,17476926,17484753,17512548,17479078,17462694,17472999,17503441,17482517,17472417,17487329,17487329,10
2025-10-02 15:00:24,65269,pairwise,LinkedCells,1.000000,lc_sliced_balanced,none,AoS,enabled,12574712,12566603,12583604,12602668,12594365,12593329,12586372,12592328,12597573,12579246,12587079,12587079,10
2025-10-02 15:00:25,65279,pairwise,LinkedCells,1.000000,lc_sliced_balanced,none,SoA,disabled,13376849,13313960,13255621,13248230,13249851,13240571,13310243,13248388,13237595,13235995,13271729,13271729,10
2025-10-02 15:00:25,65289,pairwise,LinkedCells,1.000000,lc_sliced_balanced,none,SoA,enabled,8300742,8268486,8308531,8269972,8270536,8291363,8288975,8277929,8267504,8240368,8278440,8278440,10
2025-10-02 15:00:25,65299,pairwise,LinkedCells,1.000000,lc_sliced_balanced,squared-particles-per-cell,AoS,disabled,17612472,17349812,17330618,17327921,17313298,17321347,17315340,17301268,17331299,17314996,17351836,17351836,10
2025-10-02 15:00:25,65309,pairwise,LinkedCells,1.000000,lc_sliced_balanced,squared-particles-per-cell,AoS,enabled,12674404,12472811,12464581,12466803,12472659,12444098,12474529,12479449,12444691,12460197,12485422,12485422,10
2025-10-02 15:00:25,65319,pairwise,LinkedCells,1.000000,lc_sliced_balanced,squared-particles-per-cell,SoA,disabled,15150474,13461998,13166615,13144512,13122240,13191766,13099445,13157302,13172901,13137555,13380480,13380480,10
2025-10-02 15:00:25,65329,pairwise,LinkedCells,1.000000,lc_sliced_balanced,squared-particles-per-cell,SoA,enabled,9129120,8873281,8870572,8859947,8856517,8880857,8842466,8841437,8789497,8713733,8865742,8865742,10
2025-10-02 15:00:25,65339,pairwise,LinkedCells,1.000000,lc_sliced_c02,none,AoS,disabled,17604257,17299828,17308536,17198665,17164049,17353291,17127200,17251767,17207920,16896589,17241209,17241209,10
2025-10-02 15:00:26,65349,pairwise,LinkedCells,1.000000,lc_sliced_c02,none,AoS,enabled,12417254,12385220,12368470,12404098,12391649,12353343,12055422,12413518,12491012,12333076,12361305,12361305,10
2025-10-02 15:00:26,65359,pairwise,LinkedCells,1.000000,lc_sliced_c02,none,SoA,disabled,15201240,13329134,13135112,12866938,13178228,13011647,13195951,13105789,13026522,13179442,13323000,13323000,10
2025-10-02 15:00:26,65369,pairwise,LinkedCells,1.000000,lc_sliced_c02,none,SoA,enabled,8323603,8151047,8106335,8050119,8021535,8071217,8043782,8130612,8049097,8060981,8100832,8100832,10
2025-10-02 15:00:26,65379,pairwise,VerletClusterLists,1.000000,vcl_c01_balanced,none,AoS,disabled,133509866,30919938,30947035,30834887,30767796,30913334,30847004,30786266,30822644,30916136,41126490,41126490,10
2025-10-02 15:00:27,65389,pairwise,VerletClusterLists,1.000000,vcl_c01_balanced,none,SoA,disabled,95841695,11037210,11000705,11010134,11030877,11014202,11021461,11035481,11023042,10999910,19501471,19501471,10
2025-10-02 15:00:27,65399,pairwise,VerletClusterLists,1.000000,vcl_c06,none,AoS,disabled,120400165,36930261,37516507,37255337,36948606,37200132,36524239,37215330,37079771,36946805,45401715,45401715,10
2025-10-02 15:00:27,65409,pairwise,VerletClusterLists,1.000000,vcl_c06,none,AoS,enabled,65938477,18909273,18513933,18876728,18900271,18617507,18722123,18790754,18707996,18636224,23461328,23461328,10
2025-10-02 15:00:27,65419,pairwise,VerletClusterLists,1.000000,vcl_c06,none,SoA,disabled,96976766,12924474,12928426,12801805,13020064,12970247,13021067,13032953,13052548,12805951,21353429,21353429,10
2025-10-02 15:00:28,65429,pairwise,VerletClusterLists,1.000000,vcl_c06,none,SoA,enabled,54768124,7320750,7324715,7246711,7346691,7328798,7348869,7232469,7351402,7322383,12059091,12059091,10
2025-10-02 15:00:29,65439,pairwise,VerletClusterLists,1.000000,vcl_sliced,none,AoS,disabled,173082626,88534948,74452743,76798747,88660266,76712929,78601848,76795847,80930817,88759121,90332989,90332989,10
2025-10-02 15:00:29,65449,pairwise,VerletClusterLists,1.000000,vcl_sliced,none,AoS,enabled,86494233,38761171,44688459,39183088,39148338,39109136,40599093,42044080,44619127,44705289,45935201,45935201,10
2025-10-02 15:00:29,65459,pairwise,VerletClusterLists,1.000000,vcl_sliced,none,SoA,disabled,106626441,24901798,23164204,23129968,22056175,23127091,24882552,24826553,23124992,24840876,32068065,32068065,10
2025-10-02 15:00:30,65469,pairwise,VerletClusterLists,1.000000,vcl_sliced,none,SoA,enabled,61230485,13513337,12532513,12728164,12751045,12745812,13158079,12758764,13088881,13523468,17803054,17803054,10
2025-10-02 15:00:30,65479,pairwise,VerletClusterLists,1.000000,vcl_sliced_balanced,none,AoS,disabled,164070851,79474142,79543530,79605225,79494960,79546176,79519468,79464231,79549572,79440647,87970879,87970879,10
2025-10-02 15:00:31,65489,pairwise,VerletClusterLists,1.000000,vcl_sliced_balanced,none,AoS,enabled,88893784,41649987,41632471,41611888,41616793,41596596,41610622,41597764,41610038,41666436,46348637,46348637,10
2025-10-02 15:00:31,65499,pairwise,VerletClusterLists,1.000000,vcl_sliced_balanced,none,SoA,disabled,107970883,23721627,23717739,23724435,23718166,23704026,23705654,23720319,23714819,23703052,32140071,32140071,10
2025-10-02 15:00:32,65509,pairwise,VerletClusterLists,1.000000,vcl_sliced_balanced,none,SoA,enabled,60700709,12964601,12984221,12969045,12969630,12957366,12957744,12959094,12945723,13012960,17742108,17742108,10
2025-10-02 15:00:32,65519,pairwise,VerletClusterLists,1.000000,vcl_sliced_balanced,neighbor-list-length,AoS,disabled,184484402,84358811,84351704,84479784,84462986,84493089,84501178,84474725,84489183,84511074,94460693,94460693,10
2025-10-02 15:00:33,65529,pairwise,VerletClusterLists,1.000000,vcl_sliced_balanced,neighbor-list-length,AoS,enabled,91910461,45188250,45118777,45165014,45074021,45043815,45090548,45118777,45122570,45119593,49795182,49795182,10
2025-10-02 15:00:33,65539,pairwise,VerletClusterLists,1.000000,vcl_sliced_balanced,neighbor-list-length,SoA,disabled,108563734,24360615,24357506,24322329,24345979,24326501,24346810,24327710,24345119,24330410,32762671,32762671,10
2025-10-02 15:00:34,65549,pairwise,VerletClusterLists,1.000000,vcl_sliced_balanced,neighbor-list-length,SoA,enabled,61036068,13595856,13581856,13575834,13576110,13581669,13584557,13573811,13574261,13581934,18326195,18326195,10
2025-10-02 15:00:35,65559,pairwise,VerletClusterLists,1.000000,vcl_sliced_c02,none,AoS,disabled,199066485,94105403,89982959,99019258,102451099,103052073,103066882,98589187,89835967,97620683,107678999,107678999,10
2025-10-02 15:00:35,65569,pairwise,VerletClusterLists,1.000000,vcl_sliced_c02,none,AoS,enabled,97091995,49241397,50351910,53074551,52151060,53033124,53025600,53004904,53020669,52868399,56686360,56686360,10
2025-10-02 15:00:36,65579,pairwise,VerletClusterLists,1.000000,vcl_sliced_c02,none,SoA,disabled,115719844,29383669,29481331,31473871,29876028,31439676,29906911,31348566,30238542,29501140,38836957,38836957,10
2025-10-02 15:00:36,65589,pairwise,VerletClusterLists,1.000000,vcl_sliced_c02,none,SoA,enabled,63517483,17029631,17129437,16103680,17121058,17126464,16212010,16244665,17132676,16783439,21440053,21440053,10
2025-10-02 15:00:36,65599,pairwise,VerletLists,1.000000,vl_list_iteration,none,AoS,disabled,68978312,11421208,11419414,11437411,11429088,11419224,11427377,11408528,11409674,11418351,17176858,17176858,10
2025-10-02 15:00:36,65609,pairwise,VerletLists,1.000000,vl_list_iteration,none,SoA,disabled,218615584,12011625,11849400,11840115,11833366,11819021,11840922,11852386,11811765,11842708,32531688,32531688,10
2025-10-02 15:00:37,65619,pairwise,VerletListsCells,1.000000,vlc_c01,none,AoS,disabled,66967811,9021869,9017879,9022721,9027762,9007776,9010678,9028835,9018192,9027720,14815124,14815124,10
2025-10-02 15:00:37,65629,pairwise,VerletListsCells,1.000000,vlc_c01,none,SoA,disabled,229089733,12534091,12491326,12502541,12518171,12487788,12495797,12519800,12504918,12531533,34167569,34167569,10
2025-10-02 15:00:37,65639,pairwise,VerletListsCells,1.000000,vlc_c18,none,AoS,disabled,53575151,8570979,8568520,8583174,8556138,8560299,8575485,8568675,8574036,8557812,13069026,13069026,10
2025-10-02 15:00:37,65649,pairwise,VerletListsCells,1.000000,vlc_c18,none,AoS,enabled,37327242,5238531,5210402,5182293,5193041,5201390,5193586,5196908,5196888,5202245,8414252,8414252,10
2025-10-02 15:00:38,65659,pairwise,VerletListsCells,1.000000,vlc_c18,none,SoA,disabled,340778576,15946400,15914848,15916314,15922588,15930157,15914515,15920417,15911761,15910787,48406636,48406636,10
2025-10-02 15:00:38,65669,pairwise,VerletListsCells,1.000000,vlc_c18,none,SoA,enabled,214486138,12693318,12754243,12788435,12785673,12206887,11956664,11922727,11938169,11963202,32549545,32549545,10
2025-10-02 15:00:38,65679,pairwise,VerletListsCells,1.000000,vlc_c08,none,AoS,disabled,49597743,8781444,8766103,8785073,8767788,8766765,8772967,8764395,8756021,8770000,12852829,12852829,10
2025-10-02 15:00:38,65689,pairwise,VerletListsCells,1.000000,vlc_c08,none,AoS,enabled,42172050,5807037,5790736,5799914,5791150,5936418,5792880,5795903,5799213,5792774,9447807,9447807,10
2025-10-02 15:00:39,65699,pairwise,VerletListsCells,1.000000,vlc_c08,none,SoA,disabled,319241484,15379421,15366739,15369849,15363459,15363478,15358704,15380386,15362724,15352536,45753877,45753877,10
2025-10-02 15:00:39,65709,pairwise,VerletListsCells,1.000000,vlc_c08,none,SoA,enabled,227201532,13486868,13480531,13506270,13477542,13475620,13476218,13444753,13449297,13485393,34848402,34848402,10
2025-10-02 15:00:39,65719,pairwise,VerletListsCells,1.000000,vlc_sliced,none,AoS,disabled,61878725,15418944,15417070,15125196,15361315,15301854,15366122,15310270,15343425,15336953,19985986,19985986,10
2025-10-02 15:00:40,65729,pairwise,VerletListsCells,1.000000,vlc_sliced,none,AoS,enabled,40564101,6652132,6953686,6941927,6857464,6913923,6918331,6883868,6920484,6923167,10252908,10252908,10
2025-10-02 15:00:40,65739,pairwise,VerletListsCells,1.000000,vlc_sliced,none,SoA,disabled,361493798,20267695,20237071,20166458,20212211,19178267,20101417,20307035,20203461,20123985,54229139,54229139,10
2025-10-02 15:00:40,65749,pairwise,VerletListsCells,1.000000,vlc_sliced,none,SoA,enabled,206321878,13570067,13188403,13155471,13560786,13478193,12695105,12329789,12643761,12661197,32360464,32360464,10
2025-10-02 15:00:41,65759,pairwise,VerletListsCells,1.000000,vlc_sliced_balanced,none,AoS,disabled,58155712,13874632,13855328,13888592,13906977,13838474,13880386,13893525,13903538,13858403,18305556,18305556,10
2025-10-02 15:00:41,65769,pairwise,VerletListsCells,1.000000,vlc_sliced_balanced,none,AoS,enabled,39242076,6999461,6956017,6957416,6928103,6925435,6917553,6911550,6921346,6918004,10167695,10167695,10
2025-10-02 15:00:41,65779,pairwise,VerletListsCells,1.000000,vlc_sliced_balanced,none,SoA,disabled,351802013,20421234,20332710,20331992,20361737,20354754,20359227,20336766,20296513,20319822,53491676,53491676,10
2025-10-02 15:00:42,65789,pairwise,VerletListsCells,1.000000,vlc_sliced_balanced,none,SoA,enabled,208377232,13560295,13594555,13598890,13604971,13015485,12741596,12739849,12739685,12741351,32671390,32671390,10
2025-10-02 15:00:42,65799,pairwise,VerletListsCells,1.000000,vlc_sliced_balanced,squared-particles-per-cell,AoS,disabled,58848610,13670365,13633295,13658717,13651188,13619177,13625517,13646557,13656092,13643122,18165263,18165263,10
2025-10-02 15:00:42,65809,pairwise,VerletListsCells,1.000000,vlc_sliced_balanced,squared-particles-per-cell,AoS,enabled,39767860,7224868,7188237,7158693,7278981,7168570,7134933,7153398,7125515,7142254,10434330,10434330,10
2025-10-02 15:00:43,65819,pairwise,VerletListsCells,1.000000,vlc_sliced_balanced,squared-particles-per-cell,SoA,disabled,340948894,20271596,20229642,20213865,20217087,20172346,20226392,20241679,20289675,20213916,52302508,52302508,10
2025-10-02 15:00:43,65829,pairwise,VerletListsCells,1.000000,vlc_sliced_balanced,squared-particles-per-cell,SoA,enabled,230363690,13607040,13623576,13666708,13666857,13705103,12817974,12798314,12736471,12734448,34972017,34972017,10
2025-10-02 15:00:43,65839,pairwise,VerletListsCells,1.000000,vlc_sliced_balanced,neighbor-list-length,AoS,disabled,59248391,14120995,14086374,14096968,14095045,14083743,14068970,14165807,14100928,14068510,18613572,18613572,10
2025-10-02 15:00:43,65849,pairwise,VerletListsCells,1.000000,vlc_sliced_balanced,neighbor-list-length,AoS,enabled,39453873,7224687,7197899,7193997,7180206,7172399,7193040,7186693,7171569,7179530,10415389,10415389,10
2025-10-02 15:00:44,65859,pairwise,VerletListsCells,1.000000,vlc_sliced_balanced,neighbor-list-length,SoA,disabled,348683903,21457428,21211650,21236078,21185879,21177191,21193169,21135249,21164905,21148055,53959350,53959350,10
2025-10-02 15:00:44,65869,pairwise,VerletListsCells,1.000000,vlc_sliced_balanced,neighbor-list-length,SoA,enabled,233958603,14079367,14038243,14012415,14012129,14031694,13151105,13122765,13099206,13063120,35656864,35656864,10
2025-10-02 15:00:45,65879,pairwise,VerletListsCells,1.000000,vlc_sliced_c02,none,AoS,disabled,63498578,18186226,18122165,18173298,17547693,18245370,18090648,18149470,18222130,17455469,22569104,22569104,10
2025-10-02 15:00:45,65889,pairwise,VerletListsCells,1.000000,vlc_sliced_c02,none,AoS,enabled,42203489,9369579,9146855,9377657,9316877,9453549,9073516,9458483,9475166,9409233,12628439,12628439,10
2025-10-02 15:00:45,65899,pairwise,VerletListsCells,1.000000,vlc_sliced_c02,none,SoA,disabled,351004068,25053697,24995785,24040038,25074273,25021379,24493430,24862684,25021321,24967002,57453367,57453367,10
2025-10-02 15:00:46,65909,pairwise,VerletListsCells,1.000000,vlc_sliced_c02,none,SoA,enabled,230290879,15882270,15818357,15828576,15858649,15904857,15189023,14884268,14953564,14918999,36952943,36952943,10
2025-10-02 15:00:46,65919,pairwise,PairwiseVerletLists,1.000000,vlp_c01,none,AoS,disabled,77566641,11047884,11045281,11049881,11051298,11065585,11047509,11046294,11039106,11051854,17701133,17701133,10
2025-10-02 15:00:47,65929,pairwise,PairwiseVerletLists,1.000000,vlp_c01,none,SoA,disabled,652645901,23013182,22998224,23019771,22990443,22984329,22996705,22982261,22990683,22992223,85961371,85961371,10
2025-10-02 15:00:47,65939,pairwise,PairwiseVerletLists,1.000000,vlp_c18,none,AoS,disabled,72118059,11553402,11545205,11537621,11558304,11540289,11553851,11535301,11543650,11532964,17601864,17601864,10
2025-10-02 15:00:47,65949,pairwise,PairwiseVerletLists,1.000000,vlp_c18,none,AoS,enabled,93084595,7221339,7204572,7208114,7196288,7192436,7206089,7210221,7200703,7200994,15792534,15792534,10
2025-10-02 15:00:48,65959,pairwise,PairwiseVerletLists,1.000000,vlp_c18,none,SoA,disabled,880179160,21755162,21720083,21737826,21758623,21728518,21716433,21731977,21724154,21712584,107576451,107576451,10
2025-10-02 15:00:49,65969,pairwise,PairwiseVerletLists,1.000000,vlp_c18,none,SoA,enabled,564383418,16413703,16375397,16403116,16362953,16374068,16388612,16386861,16405732,16401760,71189561,71189561,10
2025-10-02 15:00:49,65979,pairwise,PairwiseVerletLists,1.000000,vlp_sliced,none,AoS,disabled,81819002,20127587,20114885,20262842,20080418,20017331,20147698,20105430,20152010,20101371,26292856,26292856,10
2025-10-02 15:00:49,65989,pairwise,PairwiseVerletLists,1.000000,vlp_sliced,none,AoS,enabled,94392124,9414552,9356358,9322261,9351088,9276633,9150814,9329318,9278558,9311714,17818342,17818342,10
2025-10-02 15:00:51,65999,pairwise,PairwiseVerletLists,1.000000,vlp_sliced,none,SoA,disabled,864268335,30506381,30414509,30403567,30202086,30141313,30311144,30416543,30415861,29340563,113642029,113642029,10
2025-10-02 15:00:51,66009,pairwise,PairwiseVerletLists,1.000000,vlp_sliced,none,SoA,enabled,579355265,20886089,20927180,20462717,20842698,20822814,20848167,20787887,20846276,20690898,76646999,76646999,10
2025-10-02 15:00:52,66019,pairwise,PairwiseVerletLists,1.000000,vlp_sliced_balanced,none,AoS,disabled,82910391,20173311,20171725,20150501,20120692,20136915,20124437,20147794,20109484,20096759,26414200,26414200,10
2025-10-02 15:00:52,66029,pairwise,PairwiseVerletLists,1.000000,vlp_sliced_balanced,none,AoS,enabled,95415261,9386515,9393299,9349646,9356859,9334365,9360800,9326093,9332153,9302536,17955752,17955752,10
2025-10-02 15:00:53,66039,pairwise,PairwiseVerletLists,1.000000,vlp_sliced_balanced,none,SoA,disabled,864972722,30595083,30529367,30489176,30498973,30488538,30491717,30510095,30481370,30529953,113958698,113958698,10
2025-10-02 15:00:54,66049,pairwise,PairwiseVerletLists,1.000000,vlp_sliced_balanced,none,SoA,enabled,580402589,20933534,20829110,20887048,20887759,20840416,20825219,20893509,20832731,20855327,76818723,76818723,10
2025-10-02 15:00:54,66059,pairwise,PairwiseVerletLists,1.000000,vlp_sliced_c02,none,AoS,disabled,88112051,26451738,26527717,26421205,26314967,26431506,26267503,25267844,26557011,25374465,32372600,32372600,10
2025-10-02 15:00:54,66069,pairwise,PairwiseVerletLists,1.000000,vlp_sliced_c02,none,AoS,enabled,97827464,12171785,11996381,12151538,12055726,12090490,12081616,12061677,12117522,12116426,20667062,20667062,10
2025-10-02 15:00:56,66079,pairwise,PairwiseVerletLists,1.000000,vlp_sliced_c02,none,SoA,disabled,872502439,37415449,37291193,37406664,37158284,37274713,36503939,37202034,37207669,36309800,120627218,120627218,10
2025-10-02 15:00:56,66089,pairwise,PairwiseVerletLists,1.000000,vlp_sliced_c02,none,SoA,enabled,585457066,24866239,25391583,25374840,25362984,25578615,25199210,25434537,25312752,25447586,81342541,81342541,10
2025-10-02 15:00:57,66099,pairwise,PairwiseVerletLists,1.000000,vlp_c08,none,AoS,disabled,78433546,15864796,15818654,15811480,15775618,15774351,15777956,15773712,15778434,15774776,22058331,22058331,10
2025-10-02 15:00:57,66109,pairwise,PairwiseVerletLists,1.000000,vlp_c08,none,AoS,enabled,94769473,8906653,8838249,8824601,8828811,8823787,8817026,8825506,8833498,8825142,17429274,17429274,10
2025-10-02 15:00:58,66119,pairwise,PairwiseVerletLists,1.000000,vlp_c08,none,SoA,disabled,860224580,25217861,25153529,25425429,25141058,25155950,25137626,25112343,25154978,25178976,108690232,108690232,10
2025-10-02 15:00:59,66129,pairwise,PairwiseVerletLists,1.000000,vlp_c08,none,SoA,enabled,577381618,18350935,18342788,18375540,18369909,18382696,18355253,18328621,18366885,18368938,74262317,74262317,10
2025-10-02 15:02:18,70009,pairwise,LinkedCells,1.000000,lc_c01,none,AoS,disabled,21380592,21448877,21637515,21924518,21376658,21342692,21508969,21601010,21382133,21416457,21501941,21501941,10
2025-10-02 15:02:18,70019,pairwise,LinkedCells,1.000000,lc_c01,none,SoA,disabled,13417628,13272943,13324842,13373467,13323832,13270066,13319552,13200675,13193003,13060647,13275664,13275664,10
2025-10-02 15:02:18,70029,pairwise,LinkedCells,1.000000,lc_c01_combined_SoA,none,SoA,disabled,11347989,11335639,11471112,11434257,11380445,11430177,11386278,11412175,11294239,11268969,11376127,11376127,10
2025-10-02 15:02:18,70039,pairwise,LinkedCells,1.000000,lc_c04,none,AoS,disabled,15983206,15885290,16019784,15928098,15841458,15929879,15752567,15816154,15983270,16003959,15914365,15914365,10
2025-10-02 15:02:19,70049,pairwise,LinkedCells,1.000000,lc_c04,none,AoS,enabled,11597042,11490314,11486453,11481862,11522542,11586707,11521578,11555099,11521348,11508102,11527103,11527103,10
2025-10-02 15:02:19,70059,pairwise,LinkedCells,1.000000,lc_c04,none,SoA,disabled,12745263,12669780,12622705,12503323,12621083,12547523,12586097,12669617,12659447,12662617,12628745,12628745,10
2025-10-02 15:02:19,70069,pairwise,LinkedCells,1.000000,lc_c04,none,SoA,enabled,8480129,8460151,8428843,8439183,8434319,8443786,8417974,8475298,8642766,8426838,8464928,8464928,10
2025-10-02 15:02:19,70079,pairwise,LinkedCells,1.000000,lc_c04_HCP,none,AoS,disabled,14557792,14534112,14543861,14547618,14513222,14475925,14501894,14474562,14486376,14472675,14510803,14510803,10
2025-10-02 15:02:19,70089,pairwise,LinkedCells,1.000000,lc_c04_HCP,none,AoS,enabled,10623779,10616231,10612709,10640387,10606143,10618117,10606131,10621753,10631537,10633430,10621021,10621021,10
2025-10-02 15:02:19,70099,pairwise,LinkedCells,1.000000,lc_c04_HCP,none,SoA,disabled,12413976,12377089,12365034,12369769,12364227,12326415,12307421,12332400,12295690,12280130,12343214,12343214,10
2025-10-02 15:02:19,70109,pairwise,LinkedCells,1.000000,lc_c04_HCP,none,SoA,enabled,8860913,8785768,8788737,8752988,8758275,8734060,8743587,8736231,8735094,8736100,8763174,8763174,10
2025-10-02 15:02:19,70119,pairwise,LinkedCells,1.000000,lc_c04_combined_SoA,none,SoA,disabled,14529248,14497507,14526159,14655081,14574609,14534241,14610855,14569466,14591323,14468932,14555741,14555741,10
2025-10-02 15:02:20,70129,pairwise,LinkedCells,1.000000,lc_c04_combined_SoA,none,SoA,enabled,11578115,11554656,11440390,11535135,11513469,11512084,11515074,11487220,11483608,11452436,11507218,11507218,10
2025-10-02 15:02:20,70139,pairwise,LinkedCells,1.000000,lc_c08,none,AoS,disabled,15199823,14969852,15213037,15171421,15096454,15083686,15170312,14959408,15021738,15019631,15090536,15090536,10
2025-10-02 15:02:20,70149,pairwise,LinkedCells,1.000000,lc_c08,none,AoS,enabled,11173811,11350419,11402249,11288815,11237956,11245664,11362535,11393058,11275546,11246684,11297673,11297673,10
2025-10-02 15:02:20,70159,pairwise,LinkedCells,1.000000,lc_c08,none,SoA,disabled,14713655,14721565,14359068,14583586,14302598,14680704,14669026,14641667,14609421,14789014,14607030,14607030,10
2025-10-02 15:02:20,70169,pairwise,LinkedCells,1.000000,lc_c08,none,SoA,enabled,11244908,11204986,11138564,11410432,11386628,11410644,11400940,11413993,11436181,11412817,11346008,11346008,10
2025-10-02 15:02:20,70179,pairwise,LinkedCells,1.000000,lc_c18,none,AoS,disabled,15305354,15279259,15288531,15281681,15294366,15248354,15350055,15250858,15304430,15305933,15290882,15290882,10
2025-10-02 15:02:20,70189,pairwise,LinkedCells,1.000000,lc_c18,none,AoS,enabled,11428980,11484445,11430576,11422501,11449775,11418479,11433543,11404258,11447969,11400287,11432080,11432080,10
2025-10-02 15:02:21,70199,pairwise,LinkedCells,1.000000,lc_c18,none,SoA,disabled,14655243,14525724,14530100,14553692,14529766,14522100,14560421,14569857,14475207,14561279,14548338,14548338,10
2025-10-02 15:02:21,70209,pairwise,LinkedCells,1.000000,lc_c18,none,SoA,enabled,10299418,10254475,10223995,10238883,10229209,10211298,10274031,10227989,10208543,10246630,10241446,10241446,10
2025-10-02 15:02:21,70219,pairwise,LinkedCells,1.000000,lc_sliced,none,AoS,disabled,18040836,17959244,17998522,17025428,18137811,17950650,18089090,17961210,18071890,17936686,17917136,17917136,10
2025-10-02 15:02:21,70229,pairwise,LinkedCells,1.000000,lc_sliced,none,AoS,enabled,13017274,13066554,12988037,13064552,13048247,13054041,13032740,13129337,13039438,13053370,13049359,13049359,10
2025-10-02 15:02:21,70239,pairwise,LinkedCells,1.000000,lc_sliced,none,SoA,disabled,13604345,13680635,13662280,13407764,13639811,13631695,13704811,13572767,13315013,13655451,13587456,13587456,10
2025-10-02 15:02:21,70249,pairwise,LinkedCells,1.000000,lc_sliced,none,SoA,enabled,8551852,8488028,8526605,8523961,8539029,8567019,8596909,8499457,8483010,8497333,8527319,8527319,10
2025-10-02 15:02:21,70259,pairwise,LinkedCells,1.000000,lc_sliced_balanced,none,AoS,disabled,18163089,18110457,18122920,18121485,18133772,18091447,18078801,18131174,18153628,18154369,18126113,18126113,10
2025-10-02 15:02:22,70269,pairwise,LinkedCells,1.000000,lc_sliced_balanced,none,AoS,enabled,13026936,13044611,13057626,13210129,13024246,13043497,13052336,13061550,13046237,13041908,13060907,13060907,10
2025-10-02 15:02:22,70279,pairwise,LinkedCells,1.000000,lc_sliced_balanced,none,SoA,disabled,13793538,13759363,13739627,13788516,13757709,13757609,13707403,13727264,13731438,13737361,13749982,13749982,10
2025-10-02 15:02:22,70289,pairwise,LinkedCells,1.000000,lc_sliced_balanced,none,SoA,enabled,8669487,8607620,8620164,8622172,8597612,8588583,8631780,8620287,8713897,8573093,8624469,8624469,10
2025-10-02 15:02:22,70299,pairwise,LinkedCells,1.000000,lc_sliced_balanced,squared-particles-per-cell,AoS,disabled,18236019,17884169,17893276,17890539,17880623,17880147,17882033,17924692,17858742,17910829,17924106,17924106,10
2025-10-02 15:02:22,70309,pairwise,LinkedCells,1.000000,lc_sliced_balanced,squared-particles-per-cell,AoS,enabled,12967525,12848467,12835501,12849803,12846437,12856296,12862438,12865276,12858633,12848034,12863840,12863840,10
2025-10-02 15:02:22,70319,pairwise,LinkedCells,1.000000,lc_sliced_balanced,squared-particles-per-cell,SoA,disabled,15516975,13509166,13455228,13556803,13480051,13723386,13475339,13489627,13487684,13452390,13714664,13714664,10
2025-10-02 15:02:23,70329,pairwise,LinkedCells,1.000000,lc_sliced_balanced,squared-particles-per-cell,SoA,enabled,9380025,9152889,9124664,9112799,9103911,9107832,9122247,9115387,9085142,9126092,9143098,9143098,10
2025-10-02 15:02:23,70339,pairwise,LinkedCells,1.000000,lc_sliced_c02,none,AoS,disabled,18055807,17856600,17919087,17886053,17367907,17809488,17825238,17310354,17874062,17472847,17737744,17737744,10
2025-10-02 15:02:23,70349,pairwise,LinkedCells,1.000000,lc_sliced_c02,none,AoS,enabled,12813225,12767800,12786916,12782601,12770624,12724546,12819311,12766574,12540642,12756120,12752835,12752835,10
2025-10-02 15:02:23,70359,pairwise,LinkedCells,1.000000,lc_sliced_c02,none,SoA,disabled,15400678,13627115,13449411,13457894,13429714,13533347,13425539,13512955,13695625,13363852,13689612,13689612,10
2025-10-02 15:02:23,70369,pairwise,LinkedCells,1.000000,lc_sliced_c02,none,SoA,enabled,8488724,8316608,8386953,8580198,8156655,8309371,8335827,8449185,8328129,8247941,8359958,8359958,10
2025-10-02 15:02:24,70379,pairwise,VerletClusterLists,1.000000,vcl_c01_balanced,none,AoS,disabled,137899503,32010344,31978867,31975071,31961913,31980475,32014230,32024149,31961255,32013036,42581883,42581883,10
2025-10-02 15:02:24,70389,pairwise,VerletClusterLists,1.000000,vcl_c01_balanced,none,SoA,disabled,98121587,11407798,11390367,11372499,11398075,11380958,11395313,11380621,11378379,11373611,20059920,20059920,10
2025-10-02 15:02:24,70399,pairwise,VerletClusterLists,1.000000,vcl_c06,none,AoS,disabled,123514201,37487140,37713280,37749721,37446492,37543011,37271374,37703127,37529482,37879644,46183746,46183746,10
2025-10-02 15:02:25,70409,pairwise,VerletClusterLists,1.000000,vcl_c06,none,AoS,enabled,66877170,18589848,18659699,18573621,18664710,18547388,18429311,18777698,18724050,18597226,23444071,23444071,10
2025-10-02 15:02:25,70419,pairwise,VerletClusterLists,1.000000,vcl_c06,none,SoA,disabled,99308494,13216319,13083967,13045469,13100338,13165100,13176398,12990841,13030067,13119472,21723645,21723645,10
2025-10-02 15:02:25,70429,pairwise,VerletClusterLists,1.000000,vcl_c06,none,SoA,enabled,55796624,7325515,7389302,7375120,7354360,7324189,7371472,7271093,7292831,7316824,12181733,12181733,10
2025-10-02 15:02:26,70439,pairwise,VerletClusterLists,1.000000,vcl_sliced,none,AoS,disabled,172605016,99577545,86474739,78764802,99642089,86445336,86540224,99768050,99700358,84259849,99377800,99377800,10
2025-10-02 15:02:27,70449,pairwise,VerletClusterLists,1.000000,vcl_sliced,none,AoS,enabled,88651056,44416054,50625862,50837848,44321191,50591868,40416211,50646678,50715753,50770604,52199311,52199311,10
2025-10-02 15:02:27,70459,pairwise,VerletClusterLists,1.000000,vcl_sliced,none,SoA,disabled,114873252,28207951,28079843,28080222,25600419,25591948,25578485,26426915,25616601,25272874,35332850,35332850,10
2025-10-02 15:02:27,70469,pairwise,VerletClusterLists,1.000000,vcl_sliced,none,SoA,enabled,63170488,14513077,13626070,14448405,15280693,14407881,15300625,15307360,15306294,15328026,19668891,19668891,10
2025-10-02 15:02:28,70479,pairwise,VerletClusterLists,1.000000,vcl_sliced_balanced,none,AoS,disabled,174379216,88043713,88129614,88081774,87946487,87952808,88049370,87857428,87840425,87930597,96621142,96621142,10
2025-10-02 15:02:29,70489,pairwise,VerletClusterLists,1.000000,vcl_sliced_balanced,none,AoS,enabled,95114721,46710932,46668976,46774296,46604741,46790622,46706625,46752226,46584864,46751087,51545908,51545908,10
2025-10-02 15:02:29,70499,pairwise,VerletClusterLists,1.000000,vcl_sliced_balanced,none,SoA,disabled,112994709,26380791,26339190,26383242,26345564,26357381,26351394,26336759,26349583,26363807,35020241,35020241,10
2025-10-02 15:02:29,70509,pairwise,VerletClusterLists,1.000000,vcl_sliced_balanced,none,SoA,enabled,63104457,14461344,14455479,14444621,14460331,14444824,14452738,14438988,14437868,14430905,19313155,19313155,10
2025-10-02 15:02:30,70519,pairwise,VerletClusterLists,1.000000,vcl_sliced_balanced,neighbor-list-length,AoS,disabled,200643514,100239562,100290519,100289189,100225451,100272211,100144002,100246443,100232576,100244876,110282833,110282833,10
2025-10-02 15:02:31,70529,pairwise,VerletClusterLists,1.000000,vcl_sliced_balanced,neighbor-list-length,AoS,enabled,99045855,51110993,51196569,51227882,51134462,51119300,51121590,51204304,51152860,51189132,55950294,55950294,10
2025-10-02 15:02:31,70539,pairwise,VerletClusterLists,1.000000,vcl_sliced_balanced,neighbor-list-length,SoA,disabled,114697510,28140813,28148091,28122288,28140330,28126547,28129501,28110091,28120033,28111899,36784709,36784709,10
2025-10-02 15:02:32,70549,pairwise,VerletClusterLists,1.000000,vcl_sliced_balanced,neighbor-list-length,SoA,enabled,63823724,15359056,15329650,15339139,15327578,15343238,15339683,15354175,15330037,15329902,20187618,20187618,10
2025-10-02 15:02:33,70559,pairwise,VerletClusterLists,1.000000,vcl_sliced_c02,none,AoS,disabled,216585822,102245936,115603829,110172423,113181889,94567308,104726819,101332536,115435932,107084325,118093681,118093681,10
2025-10-02 15:02:33,70569,pairwise,VerletClusterLists,1.000000,vcl_sliced_c02,none,AoS,enabled,106312293,54790593,59270117,54678403,59465581,58633316,56784928,58497634,54702693,58527039,62166258,62166258,10
2025-10-02 15:02:34,70579,pairwise,VerletClusterLists,1.000000,vcl_sliced_c02,none,SoA,disabled,117888156,32287305,33972586,35008216,34292532,30218792,34155525,35056136,32235390,31446955,41656158,41656158,10
2025-10-02 15:02:34,70589,pairwise,VerletClusterLists,1.000000,vcl_sliced_c02,none,SoA,enabled,67636614,19164259,17927265,19086701,19144996,18990748,17967155,19114511,17942112,16924580,23389893,23389893,10
2025-10-02 15:02:34,70599,pairwise,VerletLists,1.000000,vl_list_iteration,none,AoS,disabled,64946613,11803543,11800629,11797348,11797843,11796364,11803072,11813953,11800738,11809759,17116986,17116986,10
2025-10-02 15:02:35,70609,pairwise,VerletLists,1.000000,vl_list_iteration,none,SoA,disabled,227473923,12295158,12239234,12234261,12251333,12531737,12226867,12203451,12251815,12231979,33793975,33793975,10
2025-10-02 15:02:35,70619,pairwise,VerletListsCells,1.000000,vlc_c01,none,AoS,disabled,69203955,9255008,9253824,9238204,9243062,9238831,9246861,9241621,9250348,9252526,15242423,15242423,10
2025-10-02 15:02:35,70629,pairwise,VerletListsCells,1.000000,vlc_c01,none,SoA,disabled,236341296,12834111,12834934,12834784,12824537,12786051,12827057,12828587,12788099,12792052,35169150,35169150,10
2025-10-02 15:02:35,70639,pairwise,VerletListsCells,1.000000,vlc_c18,none,AoS,disabled,54304502,8844384,8841889,8866388,8846041,8832824,8837867,8840355,8862308,8871221,13394777,13394777,10
2025-10-02 15:02:36,70649,pairwise,VerletListsCells,1.000000,vlc_c18,none,AoS,enabled,38384194,5463880,5423019,5428806,5425468,5433743,5420996,5434740,5426969,5413353,8725516,8725516,10
2025-10-02 15:02:36,70659,pairwise,VerletListsCells,1.000000,vlc_c18,none,SoA,disabled,355174225,16279040,16277276,16292225,16280562,16269366,16262358,16292754,16291774,16299096,50171866,50171866,10
2025-10-02 15:02:36,70669,pairwise,VerletListsCells,1.000000,vlc_c18,none,SoA,enabled,223978794,13289708,13080615,13032234,13047856,12795627,12180887,12202034,12183677,12188781,33798021,33798021,10
2025-10-02 15:02:37,70679,pairwise,VerletListsCells,1.000000,vlc_c08,none,AoS,disabled,49579104,9085384,9071630,9056623,9072643,9061103,9068845,9053639,9063957,9070857,13118377,13118377,10
2025-10-02 15:02:37,70689,pairwise,VerletListsCells,1.000000,vlc_c08,none,AoS,enabled,43702853,6026813,5997972,6004168,5993238,5996719,6002398,5996641,5992233,5996583,9770961,9770961,10
2025-10-02 15:02:37,70699,pairwise,VerletListsCells,1.000000,vlc_c08,none,SoA,disabled,329810670,15654412,15645214,15637244,15642767,15641892,15639850,15648858,15642670,15658332,47062190,47062190,10
2025-10-02 15:02:38,70709,pairwise,VerletListsCells,1.000000,vlc_c08,none,SoA,enabled,244073592,13736851,13705061,13717941,13709752,13705863,13732138,13713773,13692960,13717034,36750496,36750496,10
2025-10-02 15:02:38,70719,pairwise,VerletListsCells,1.000000,vlc_sliced,none,AoS,disabled,62052946,15083674,14966758,15078953,15017360,15018660,14961581,15034605,14979103,14979662,19717329,19717329,10
2025-10-02 15:02:38,70729,pairwise,VerletListsCells,1.000000,vlc_sliced,none,AoS,enabled,41738051,7202802,7182463,7215115,7178217,7136037,7121074,7143076,7113925,7121771,10615252,10615252,10
2025-10-02 15:02:38,70739,pairwise,VerletListsCells,1.000000,vlc_sliced,none,SoA,disabled,373430717,20835247,20747554,20756558,20896096,20820744,20889227,20836095,19929186,20798537,55993995,55993995,10
2025-10-02 15:02:39,70749,pairwise,VerletListsCells,1.000000,vlc_sliced,none,SoA,enabled,218201824,13886770,13888850,13820790,13858080,13252381,12616411,12941569,13016215,13009495,33849237,33849237,10
2025-10-02 15:02:39,70759,pairwise,VerletListsCells,1.000000,vlc_sliced_balanced,none,AoS,disabled,60899653,14509315,14471417,14479696,14460137,14510107,14485306,14484029,14438251,14475874,19121378,19121378,10
2025-10-02 15:02:39,70769,pairwise,VerletListsCells,1.000000,vlc_sliced_balanced,none,AoS,enabled,40605102,7231461,7193648,7162005,7161347,7141690,7167950,7155200,7148657,7140595,10510765,10510765,10
2025-10-02 15:02:40,70779,pairwise,VerletListsCells,1.000000,vlc_sliced_balanced,none,SoA,disabled,366111669,21127987,21073551,21040412,20998726,21049173,21004511,21030143,21044262,21044712,55552513,55552513,10
2025-10-02 15:02:40,70789,pairwise,VerletListsCells,1.000000,vlc_sliced_balanced,none,SoA,enabled,226847199,13983750,13902116,13877877,13910639,13137265,13061856,13063028,13042291,13054916,34788093,34788093,10
2025-10-02 15:02:40,70799,pairwise,VerletListsCells,1.000000,vlc_sliced_balanced,squared-particles-per-cell,AoS,disabled,60941637,14100937,14056870,14069939,14041611,14067949,14044770,14060932,14076190,14068483,18752931,18752931,10
2025-10-02 15:02:40,70809,pairwise,VerletListsCells,1.000000,vlc_sliced_balanced,squared-particles-per-cell,AoS,enabled,41292138,7407287,7377927,7372211,7350226,7357917,7351338,7345253,7340947,7353395,10754863,10754863,10
2025-10-02 15:02:41,70819,pairwise,VerletListsCells,1.000000,vlc_sliced_balanced,squared-particles-per-cell,SoA,disabled,356631402,20873544,20755162,20809586,20814471,20771598,20808062,20799007,20752418,20803802,54381904,54381904,10
2025-10-02 15:02:41,70829,pairwise,VerletListsCells,1.000000,vlc_sliced_balanced,squared-particles-per-cell,SoA,enabled,232839291,13914017,13950500,13904351,13949516,13959017,13018480,13057996,12967994,13013125,35457428,35457428,10
2025-10-02 15:02:42,70839,pairwise,VerletListsCells,1.000000,vlc_sliced_balanced,neighbor-list-length,AoS,disabled,60379804,14559779,14558246,14564834,14525817,14534739,14600787,14583044,14542076,14567542,19141666,19141666,10
2025-10-02 15:02:42,70849,pairwise,VerletListsCells,1.000000,vlc_sliced_balanced,neighbor-list-length,AoS,enabled,40843512,7448457,7414202,7422078,7408069,7379014,7382031,7374843,7359072,7387511,10741878,10741878,10
2025-10-02 15:02:42,70859,pairwise,VerletListsCells,1.000000,vlc_sliced_balanced,neighbor-list-length,SoA,disabled,358154972,22052027,21843156,21806707,21792416,21777452,21808324,21836013,21778328,21786277,55463566,55463566,10
2025-10-02 15:02:43,70869,pairwise,VerletListsCells,1.000000,vlc_sliced_balanced,neighbor-list-length,SoA,enabled,241685623,14383843,14383301,14338226,14316212,14322281,13470285,13435263,13446707,13401792,36718353,36718353,10
2025-10-02 15:02:43,70879,pairwise,VerletListsCells,1.000000,vlc_sliced_c02,none,AoS,disabled,65861157,18030566,18131971,18004504,17512258,18051333,17787425,18052136,18066480,18090760,22758858,22758858,10
2025-10-02 15:02:43,70889,pairwise,VerletListsCells,1.000000,vlc_sliced_c02,none,AoS,enabled,42512885,9475730,9477851,9445435,9206165,9177204,9447357,9479337,9371066,9179061,12677209,12677209,10
2025-10-02 15:02:44,70899,pairwise,VerletListsCells,1.000000,vlc_sliced_c02,none,SoA,disabled,361829711,25741941,25623099,25743652,25603280,25636151,25622447,25614231,25446100,25680648,59254125,59254125,10
2025-10-02 15:02:44,70909,pairwise,VerletListsCells,1.000000,vlc_sliced_c02,none,SoA,enabled,242948495,16125889,15725186,15853877,16230630,16117317,15893087,15405194,15157924,15067557,38452515,38452515,10
2025-10-02 15:02:44,70919,pairwise,PairwiseVerletLists,1.000000,vlp_c01,none,AoS,disabled,81669919,11341405,11351479,11346712,11344373,11357070,11354385,11352518,11351424,11355915,18382519,18382519,10
2025-10-02 15:02:45,70929,pairwise,PairwiseVerletLists,1.000000,vlp_c01,none,SoA,disabled,724624423,23498253,23500593,23508198,23514610,23499046,23488007,23477390,23464428,23471850,93604679,93604679,10
2025-10-02 15:02:46,70939,pairwise,PairwiseVerletLists,1.000000,vlp_c18,none,AoS,disabled,74954276,11998859,11979412,12006540,11986582,11972162,11984999,11982077,11973488,11979691,18281807,18281807,10
2025-10-02 15:02:46,70949,pairwise,PairwiseVerletLists,1.000000,vlp_c18,none,AoS,enabled,97223493,7477542,7449091,7442710,7438305,7454620,7441137,7438077,7444127,7431793,16424089,16424089,10
2025-10-02 15:02:47,70959,pairwise,PairwiseVerletLists,1.000000,vlp_c18,none,SoA,disabled,934214226,22392259,22419066,22409302,22379084,22353430,22406788,22391241,22381543,22395228,113574216,113574216,10
2025-10-02 15:02:48,70969,pairwise,PairwiseVerletLists,1.000000,vlp_c18,none,SoA,enabled,588028159,16763888,16772971,16724717,16948972,16737594,16756997,16736125,16750763,16739693,73895987,73895987,10
2025-10-02 15:02:48,70979,pairwise,PairwiseVerletLists,1.000000,vlp_sliced,none,AoS,disabled,84898766,20447217,20403190,20543297,19202758,20473578,20481841,20435407,20493782,20377004,26775683,26775683,10
2025-10-02 15:02:48,70989,pairwise,PairwiseVerletLists,1.000000,vlp_sliced,none,AoS,enabled,97549790,9557815,9223665,9495261,9554015,9532443,9532817,9555862,9549034,9526866,18307756,18307756,10
2025-10-02 15:02:49,70999,pairwise,PairwiseVerletLists,1.000000,vlp_sliced,none,SoA,disabled,893701397,31296337,30993187,31022861,31044125,30978035,31058719,31191523,30820199,31095788,117320216,117320216,10
2025-10-02 15:02:50,71009,pairwise,PairwiseVerletLists,1.000000,vlp_sliced,none,SoA,enabled,598796664,21546956,21564911,21534268,21563888,20578465,21509733,20629116,20680068,21557123,78996119,78996119,10
2025-10-02 15:02:50,71019,pairwise,PairwiseVerletLists,1.000000,vlp_sliced_balanced,none,AoS,disabled,84689483,20590131,20605455,20571030,20550975,20566617,20576673,20530635,20522782,20567261,26977103,26977103,10
2025-10-02 15:02:51,71029,pairwise,PairwiseVerletLists,1.000000,vlp_sliced_balanced,none,AoS,enabled,97834689,9639070,9589886,9592855,9598127,9604972,9593777,9588592,9567305,9581705,18419097,18419097,10
2025-10-02 15:02:52,71039,pairwise,PairwiseVerletLists,1.000000,vlp_sliced_balanced,none,SoA,disabled,894571253,31092975,31041862,31044571,30968951,31028875,31008816,31035580,31041589,31043332,117387780,117387780,10
2025-10-02 15:02:53,71049,pairwise,PairwiseVerletLists,1.000000,vlp_sliced_balanced,none,SoA,enabled,606050130,21555499,21497726,21475042,21477809,21441322,21477804,21521657,21479946,21485726,79946265,79946265,10
2025-10-02 15:02:53,71059,pairwise,PairwiseVerletLists,1.000000,vlp_sliced_c02,none,AoS,disabled,90392422,27125183,26979455,27138246,25467754,26705321,26983679,27051122,27183036,27107943,33213415,33213415,10
2025-10-02 15:02:53,71069,pairwise,PairwiseVerletLists,1.000000,vlp_sliced_c02,none,AoS,enabled,100670654,12123252,12495586,12458316,12343841,12461625,12388943,12322100,12364703,12447128,21207614,21207614,10
2025-10-02 15:02:54,71079,pairwise,PairwiseVerletLists,1.000000,vlp_sliced_c02,none,SoA,disabled,897197831,38298351,38117985,38027706,38146856,38039348,38010984,37990445,38172931,38175041,124017747,124017747,10
2025-10-02 15:02:55,71089,pairwise,PairwiseVerletLists,1.000000,vlp_sliced_c02,none,SoA,enabled,609275784,26348754,25941588,25972453,26133475,25565846,26019365,25524472,26003997,26145253,84293098,84293098,10
2025-10-02 15:02:55,71099,pairwise,PairwiseVerletLists,1.000000,vlp_c08,none,AoS,disabled,80186856,16308229,16258727,16242728,16240671,16240788,16238146,16225117,16225873,16221718,22638885,22638885,10
2025-10-02 15:02:56,71109,pairwise,PairwiseVerletLists,1.000000,vlp_c08,none,AoS,enabled,97757849,9143737,9048819,9037003,9047042,9042411,9030350,9036486,9033048,9036446,17921318,17921318,10
2025-10-02 15:02:57,71119,pairwise,PairwiseVerletLists,1.000000,vlp_c08,none,SoA,disabled,880697959,26049144,25781718,25731814,25810778,25748972,25731034,25708428,25715857,25719981,111269568,111269568,10
2025-10-02 15:02:58,71129,pairwise,PairwiseVerletLists,1.000000,vlp_c08,none,SoA,enabled,588694263,18769882,18729641,18751012,18720966,18734538,18752660,18722107,18738989,18720449,75733449,75733449,10
2025-10-02 15:04:17,75009,pairwise,LinkedCells,1.000000,lc_c01,none,AoS,disabled,21469764,21427140,21512464,22039650,21493199,21367979,21584464,21669183,21473278,21491467,21552858,21552858,10
2025-10-02 15:04:17,75019,pairwise,LinkedCells,1.000000,lc_c01,none,SoA,disabled,13424627,13344614,13313159,13298291,13328924,13346994,13332280,13325799,13127896,13095272,13293785,13293785,10
2025-10-02 15:04:17,75029,pairwise,LinkedCells,1.000000,lc_c01_combined_SoA,none,SoA,disabled,11182121,11255982,11363516,11325652,11305151,11365780,11356821,11302539,11223623,11215705,11289689,11289689,10
2025-10-02 15:04:17,75039,pairwise,LinkedCells,1.000000,lc_c04,none,AoS,disabled,15665768,15577622,15540594,15529897,15541803,15536418,15620188,15597233,15649992,15633723,15589323,15589323,10
2025-10-02 15:04:17,75049,pairwise,LinkedCells,1.000000,lc_c04,none,AoS,enabled,11326570,11237264,11140418,11238757,11340203,11314611,11250639,11278486,11283540,11291884,11270237,11270237,10
2025-10-02 15:04:18,75059,pairwise,LinkedCells,1.000000,lc_c04,none,SoA,disabled,12426367,12499020,12475882,12474466,12444846,12509984,12441456,12492033,12486629,12425713,12467639,12467639,10
2025-10-02 15:04:18,75069,pairwise,LinkedCells,1.000000,lc_c04,none,SoA,enabled,8419935,8344190,8368613,8348632,8312988,8329273,8335741,8325531,8330080,8324545,8343952,8343952,10
2025-10-02 15:04:18,75079,pairwise,LinkedCells,1.000000,lc_c04_HCP,none,AoS,disabled,14624906,14600282,14632967,14623459,14560747,14572480,14531760,14540250,14534254,14549336,14577044,14577044,10
2025-10-02 15:04:18,75089,pairwise,LinkedCells,1.000000,lc_c04_HCP,none,AoS,enabled,10658548,10665877,10672572,10670431,10664351,10677169,10654233,10681158,10671145,10670336,10668581,10668581,10
2025-10-02 15:04:18,75099,pairwise,LinkedCells,1.000000,lc_c04_HCP,none,SoA,disabled,12452279,12428898,12402363,12360367,12349615,12374591,12397563,12343419,12340673,12330185,12377994,12377994,10
2025-10-02 15:04:18,75109,pairwise,LinkedCells,1.000000,lc_c04_HCP,none,SoA,enabled,8841761,8787306,8765683,8756126,8768800,8702880,8734898,8769775,8762775,8728013,8761801,8761801,10
2025-10-02 15:04:18,75119,pairwise,LinkedCells,1.000000,lc_c04_combined_SoA,none,SoA,disabled,14601483,14520557,14489910,14597788,14478566,14388354,14464429,14637954,14600574,14553637,14533325,14533325,10
2025-10-02 15:04:18,75129,pairwise,LinkedCells,1.000000,lc_c04_combined_SoA,none,SoA,enabled,11539209,11395941,11435087,11364827,11385521,11406373,11416442,11493834,11406068,11491290,11433459,11433459,10
2025-10-02 15:04:19,75139,pairwise,LinkedCells,1.000000,lc_c08,none,AoS,disabled,15298744,14967463,15022966,15059446,14938593,15197809,15129860,15072202,15093908,15195077,15097606,15097606,10
2025-10-02 15:04:19,75149,pairwise,LinkedCells,1.000000,lc_c08,none,AoS,enabled,11337689,11302318,11297688,11328373,11244563,11130289,11369217,11183959,11207829,11412902,11281482,11281482,10
2025-10-02 15:04:19,75159,pairwise,LinkedCells,1.000000,lc_c08,none,SoA,disabled,14749906,14563709,14678794,14666941,14505562,14492118,14788145,14769220,14793160,14797700,14680525,14680525,10
2025-10-02 15:04:19,75169,pairwise,LinkedCells,1.000000,lc_c08,none,SoA,enabled,11478320,11402124,11380086,11378802,11403518,11363012,11360767,11379738,11482374,11370028,11399876,11399876,10
2025-10-02 15:04:19,75179,pairwise,LinkedCells,1.000000,lc_c18,none,AoS,disabled,15347948,15321220,15301358,15300953,15338620,15302734,15302584,15313203,15345779,15327809,15320220,15320220,10
2025-10-02 15:04:19,75189,pairwise,LinkedCells,1.000000,lc_c18,none,AoS,enabled,11454571,11455746,11441759,11437571,11439562,11466286,11486216,11424689,11461592,11444994,11451298,11451298,10
2025-10-02 15:04:19,75199,pairwise,LinkedCells,1.000000,lc_c18,none,SoA,disabled,14571708,14400953,14485789,14462476,14433119,14446290,14429314,14416909,14399651,14469425,14451563,14451563,10
2025-10-02 15:04:20,75209,pairwise,LinkedCells,1.000000,lc_c18,none,SoA,enabled,10197430,10149920,10117428,10099230,10145046,10099887,10121673,10135206,10080305,10109671,10125579,10125579,10
2025-10-02 15:04:20,75219,pairwise,LinkedCells,1.000000,lc_sliced,none,AoS,disabled,18116222,17337133,17986068,17562454,17875139,17890357,18048327,17890319,18048038,18074320,17882837,17882837,10
2025-10-02 15:04:20,75229,pairwise,LinkedCells,1.000000,lc_sliced,none,AoS,enabled,12888083,12999756,12861742,12845799,12916152,12868699,12955912,12866159,12845970,12887855,12893612,12893612,10
2025-10-02 15:04:20,75239,pairwise,LinkedCells,1.000000,lc_sliced,none,SoA,disabled,13585668,13696472,13474844,13673623,13666927,13249412,13703398,13469468,13603083,13613974,13573686,13573686,10
2025-10-02 15:04:20,75249,pairwise,LinkedCells,1.000000,lc_sliced,none,SoA,enabled,8662382,8398731,8574763,8585742,8582541,8552359,8579931,8323006,8562164,8517861,8533947,8533947,10
2025-10-02 15:04:20,75259,pairwise,LinkedCells,1.000000,lc_sliced_balanced,none,AoS,disabled,18072594,18076965,18027872,18043687,18019509,18078809,18039812,18037336,18089899,18078101,18056457,18056457,10
2025-10-02 15:04:20,75269,pairwise,LinkedCells,1.000000,lc_sliced_balanced,none,AoS,enabled,13002911,12971939,12984718,13038680,13012164,13010709,13008493,12988342,12974295,12971209,12996345,12996345,10
2025-10-02 15:04:21,75279,pairwise,LinkedCells,1.000000,lc_sliced_balanced,none,SoA,disabled,13779235,13702862,13691155,13712029,13628342,13680763,13708953,13647146,13643005,13608428,13680191,13680191,10
2025-10-02 15:04:21,75289,pairwise,LinkedCells,1.000000,lc_sliced_balanced,none,SoA,enabled,8621453,8577569,8554836,8580341,8583548,8504965,8543426,8475783,8572475,8545488,8555987,8555987,10
2025-10-02 15:04:21,75299,pairwise,LinkedCells,1.000000,lc_sliced_balanced,squared-particles-per-cell,AoS,disabled,18324550,18039701,18026481,17993841,18008778,18030175,18017019,18029304,18023566,17999652,18049306,18049306,10
2025-10-02 15:04:21,75309,pairwise,LinkedCells,1.000000,lc_sliced_balanced,squared-particles-per-cell,AoS,enabled,13097841,12942370,12964649,12949400,12936408,12908462,12913856,12905086,12931427,12900485,12944997,12944997,10
2025-10-02 15:04:21,75319,pairwise,LinkedCells,1.000000,lc_sliced_balanced,squared-particles-per-cell,SoA,disabled,15508430,13583163,13601589,13548464,13541274,13601278,13603266,13524270,13588669,13580732,13768113,13768113,10
2025-10-02 15:04:21,75329,pairwise,LinkedCells,1.000000,lc_sliced_balanced,squared-particles-per-cell,SoA,enabled,8668709,8505860,8456947,8377923,8418807,8443880,8423234,8393367,8432544,8453384,8457465,8457465,10
2025-10-02 15:04:22,75339,pairwise,LinkedCells,1.000000,lc_sliced_c02,none,AoS,disabled,18135651,17982964,17834243,17920699,17899477,17767448,17813063,17785533,17128288,17775204,17804256,17804256,10
2025-10-02 15:04:22,75349,pairwise,LinkedCells,1.000000,lc_sliced_c02,none,AoS,enabled,12853131,12780147,12791393,12776544,12817055,12862089,12302812,12817834,12661410,12764502,12742691,12742691,10
2025-10-02 15:04:22,75359,pairwise,LinkedCells,1.000000,lc_sliced_c02,none,SoA,disabled,15327307,13617807,13415226,13386913,13396126,13453908,13430248,13371032,13456385,13434858,13628980,13628980,10
2025-10-02 15:04:22,75369,pairwise,LinkedCells,1.000000,lc_sliced_c02,none,SoA,enabled,8558423,8403998,8638756,8312333,8282898,8393672,8338805,8399561,8417979,8351315,8409773,8409773,10
2025-10-02 15:04:22,75379,pairwise,VerletClusterLists,1.000000,vcl_c01_balanced,none,AoS,disabled,141700510,32262996,32294813,32228328,32354085,32256739,32254736,32291739,32298109,32279499,43222155,43222155,10
2025-10-02 15:04:23,75389,pairwise,VerletClusterLists,1.000000,vcl_c01_balanced,none,SoA,disabled,99198559,11449568,11396918,11404499,11400759,11371030,11387499,11400226,11384278,11402288,20179561,20179561,10
2025-10-02 15:04:23,75399,pairwise,VerletClusterLists,1.000000,vcl_c06,none,AoS,disabled,124466204,36897791,36929141,37078333,36927581,36550039,36970646,37256153,36983625,36972794,45703230,45703230,10
2025-10-02 15:04:23,75409,pairwise,VerletClusterLists,1.000000,vcl_c06,none,AoS,enabled,67482016,18721692,18574821,18767036,18572419,18495728,18801889,18624730,18792828,18775694,23560884,23560884,10
2025-10-02 15:04:24,75419,pairwise,VerletClusterLists,1.000000,vcl_c06,none,SoA,disabled,100592632,13001431,13108687,13036982,12948147,13044172,12978558,13075246,12919482,13054387,21775971,21775971,10
2025-10-02 15:04:24,75429,pairwise,VerletClusterLists,1.000000,vcl_c06,none,SoA,enabled,56415692,7274515,7275895,7306188,7331121,7266834,7282044,7252663,7282562,7340770,12202828,12202828,10
2025-10-02 15:04:25,75439,pairwise,VerletClusterLists,1.000000,vcl_sliced,none,AoS,disabled,179879150,100354884,91816084,100427252,100409047,100255780,100444878,91388775,91768151,100362240,105710623,105710623,10
2025-10-02 15:04:25,75449,pairwise,VerletClusterLists,1.000000,vcl_sliced,none,AoS,enabled,95249244,46982498,46577855,46631700,46373251,51628440,51605400,46331909,46705248,46763511,52484905,52484905,10
2025-10-02 15:04:26,75459,pairwise,VerletClusterLists,1.000000,vcl_sliced,none,SoA,disabled,113890725,26819327,28656103,26728589,28552161,28561412,26761404,28587747,26738381,28577551,36387339,36387339,10
2025-10-02 15:04:26,75469,pairwise,VerletClusterLists,1.000000,vcl_sliced,none,SoA,enabled,64432043,14862663,14821602,14849337,15593802,14850304,15595183,15606286,14812837,15093142,20051719,20051719,10
2025-10-02 15:04:27,75479,pairwise,VerletClusterLists,1.000000,vcl_sliced_balanced,none,AoS,disabled,176701571,89365345,89517565,89440078,89369657,89302498,89395797,89562593,89397507,89483217,98153582,98153582,10
2025-10-02 15:04:28,75489,pairwise,VerletClusterLists,1.000000,vcl_sliced_balanced,none,AoS,enabled,95897470,47142762,47193602,47266546,47189521,47213256,47307871,47264908,47118771,47149395,52074409,52074409,10
2025-10-02 15:04:28,75499,pairwise,VerletClusterLists,1.000000,vcl_sliced_balanced,none,SoA,disabled,114803546,27395220,27348837,27343028,27358777,27374712,27357743,27358039,27337095,27335999,36101299,36101299,10
2025-10-02 15:04:28,75509,pairwise,VerletClusterLists,1.000000,vcl_sliced_balanced,none,SoA,enabled,63866777,14870370,14888135,14861886,14882817,14898084,14877910,14890048,14885523,14891603,19781314,19781314,10
2025-10-02 15:04:29,75519,pairwise,VerletClusterLists,1.000000,vcl_sliced_balanced,neighbor-list-length,AoS,disabled,206029699,101680372,101757473,101767000,101631006,101652022,101632176,101503892,101603502,101697749,112095488,112095488,10
2025-10-02 15:04:30,75529,pairwise,VerletClusterLists,1.000000,vcl_sliced_balanced,neighbor-list-length,AoS,enabled,100512747,51917677,51926537,51963088,51925973,51932042,51864386,51924550,51996958,51909845,56787380,56787380,10
2025-10-02 15:04:30,75539,pairwise,VerletClusterLists,1.000000,vcl_sliced_balanced,neighbor-list-length,SoA,disabled,116388537,28819258,28796025,28795940,28827847,28793992,28788248,28811389,28791090,28807764,37562008,37562008,10
2025-10-02 15:04:31,75549,pairwise,VerletClusterLists,1.000000,vcl_sliced_balanced,neighbor-list-length,SoA,enabled,64781576,15713714,15694418,15688738,15693724,15695066,15694070,15680741,15683895,15728033,20605397,20605397,10
2025-10-02 15:04:32,75559,pairwise,VerletClusterLists,1.000000,vcl_sliced_c02,none,AoS,disabled,216442517,112880045,107939116,119075103,107979872,114190893,114160666,119172558,113214910,119171612,124422728,124422728,10
2025-10-02 15:04:32,75569,pairwise,VerletClusterLists,1.000000,vcl_sliced_c02,none,AoS,enabled,107631697,57499744,55374100,59056714,61080616,61112901,52634816,58957990,55497189,55565129,62441089,62441089,10
2025-10-02 15:04:33,75579,pairwise,VerletClusterLists,1.000000,vcl_sliced_c02,none,SoA,disabled,121847084,32118286,34069073,35722100,33707165,32480167,35673315,30595897,33691458,35688577,42559311,42559311,10
2025-10-02 15:04:33,75589,pairwise,VerletClusterLists,1.000000,vcl_sliced_c02,none,SoA,enabled,68148465,18164861,19196447,18086267,19188807,18468106,17983631,18444368,18141854,17992978,23381577,23381577,10
2025-10-02 15:04:33,75599,pairwise,VerletLists,1.000000,vl_list_iteration,none,AoS,disabled,68719054,11838950,11844058,11842553,11835410,11831129,11838458,11836290,11835910,11836877,17525868,17525868,10
2025-10-02 15:04:34,75609,pairwise,VerletLists,1.000000,vl_list_iteration,none,SoA,disabled,230131927,12269569,12244129,12243593,12255800,12210002,12242529,12249185,12209203,12181130,34023706,34023706,10
2025-10-02 15:04:34,75619,pairwise,VerletListsCells,1.000000,vlc_c01,none,AoS,disabled,71475550,9286296,9274843,9290546,9269376,9282647,9311877,9273980,9277720,9274868,15501769,15501769,10
2025-10-02 15:04:34,75629,pairwise,VerletListsCells,1.000000,vlc_c01,none,SoA,disabled,237446870,12861850,12843895,12847540,12833158,12851348,12849823,12847374,12816614,12883579,35308204,35308204,10
2025-10-02 15:04:34,75639,pairwise,VerletListsCells,1.000000,vlc_c18,none,AoS,disabled,57329091,8814866,8820084,8826046,8827292,8823139,8824538,8828498,8821200,8820930,13673567,13673567,10
2025-10-02 15:04:35,75649,pairwise,VerletListsCells,1.000000,vlc_c18,none,AoS,enabled,39432294,5423658,5378195,5378392,5388746,5370603,5385219,5385872,5378281,5381606,8790286,8790286,10
2025-10-02 15:04:35,75659,pairwise,VerletListsCells,1.000000,vlc_c18,none,SoA,disabled,358110450,16256274,16328415,16271609,16262528,16248627,16268242,16284676,16266205,16263632,50456065,50456065,10
2025-10-02 15:04:35,75669,pairwise,VerletListsCells,1.000000,vlc_c18,none,SoA,enabled,224677766,13000128,12993826,13049645,13006554,12906884,12205291,12179136,12180396,12174775,33837439,33837439,10
2025-10-02 15:04:36,75679,pairwise,VerletListsCells,1.000000,vlc_c08,none,AoS,disabled,50709039,9049063,9061481,9046623,9026221,9030011,9040326,9035562,9042065,9035077,13207546,13207546,10
2025-10-02 15:04:36,75689,pairwise,VerletListsCells,1.000000,vlc_c08,none,AoS,enabled,43258134,5982120,5955946,5948566,5951946,5947236,5949668,5955252,5955735,5953572,9685817,9685817,10
2025-10-02 15:04:36,75699,pairwise,VerletListsCells,1.000000,vlc_c08,none,SoA,disabled,329730129,15633787,15653840,15636757,15621936,15647292,15618488,15635836,15621563,15644040,47044366,47044366,10
2025-10-02 15:04:37,75709,pairwise,VerletListsCells,1.000000,vlc_c08,none,SoA,enabled,239323941,13709920,13695353,13675921,13694619,13708006,13730311,13695433,13695380,13692918,36262179,36262179,10
2025-10-02 15:04:37,75719,pairwise,VerletListsCells,1.000000,vlc_sliced,none,AoS,disabled,64873833,15690712,15428524,15719434,15660319,15737699,14089406,15736847,15677805,15743158,20435773,20435773,10
2025-10-02 15:04:37,75729,pairwise,VerletListsCells,1.000000,vlc_sliced,none,AoS,enabled,43659037,7339372,7303748,7292302,7264208,7285042,7241969,7281721,6783954,7112951,10856430,10856430,10
2025-10-02 15:04:37,75739,pairwise,VerletListsCells,1.000000,vlc_sliced,none,SoA,disabled,378014142,20814792,20561260,20749170,20783600,20539629,20729153,20810443,20743488,20731335,56447700,56447700,10
2025-10-02 15:04:38,75749,pairwise,VerletListsCells,1.000000,vlc_sliced,none,SoA,enabled,220319758,14110878,13866061,13852541,13792297,13018901,12962951,12959031,13004253,12973779,34086044,34086044,10
2025-10-02 15:04:38,75759,pairwise,VerletListsCells,1.000000,vlc_sliced_balanced,none,AoS,disabled,61995028,13911490,13914668,13939612,13893457,13946171,13926740,13920326,13909247,13926971,18728370,18728370,10
2025-10-02 15:04:38,75769,pairwise,VerletListsCells,1.000000,vlc_sliced_balanced,none,AoS,enabled,41273095,7392821,7323907,7303852,7307461,7295639,7296671,7285838,7294268,7286065,10705961,10705961,10
2025-10-02 15:04:39,75779,pairwise,VerletListsCells,1.000000,vlc_sliced_balanced,none,SoA,disabled,367805733,20988918,20861239,20888613,20865882,20815386,20845055,20862034,20837915,20879760,55565052,55565052,10
2025-10-02 15:04:39,75789,pairwise,VerletListsCells,1.000000,vlc_sliced_balanced,none,SoA,enabled,218004241,13937849,13841914,13908816,13937829,13680770,13041738,13055503,13034152,13074675,33951748,33951748,10
2025-10-02 15:04:39,75799,pairwise,VerletListsCells,1.000000,vlc_sliced_balanced,squared-particles-per-cell,AoS,disabled,61915626,14055382,14037528,14066490,14055258,14040848,14037032,14042894,14033910,14003525,18828848,18828848,10
2025-10-02 15:04:39,75809,pairwise,VerletListsCells,1.000000,vlc_sliced_balanced,squared-particles-per-cell,AoS,enabled,41876669,7406594,7394445,7359978,7339662,7321583,7348598,7342237,7336772,7332640,10805917,10805917,10
2025-10-02 15:04:40,75819,pairwise,VerletListsCells,1.000000,vlc_sliced_balanced,squared-particles-per-cell,SoA,disabled,362997347,20851409,20773321,20770014,20754545,20761068,20752423,20819999,20796459,20795840,55007241,55007241,10
2025-10-02 15:04:40,75829,pairwise,VerletListsCells,1.000000,vlc_sliced_balanced,squared-particles-per-cell,SoA,enabled,241068362,13971317,13927609,13913785,13899908,13944465,13124067,13030155,13085201,13053252,36301811,36301811,10
2025-10-02 15:04:41,75839,pairwise,VerletListsCells,1.000000,vlc_sliced_balanced,neighbor-list-length,AoS,disabled,62932841,14571526,14519659,14490932,14485835,14519136,14475206,14532896,14560411,14507192,19359563,19359563,10
2025-10-02 15:04:41,75849,pairwise,VerletListsCells,1.000000,vlc_sliced_balanced,neighbor-list-length,AoS,enabled,41391234,7449911,7430905,7446719,7422589,7428509,7420196,7422051,7398276,7389077,10819946,10819946,10
2025-10-02 15:04:41,75859,pairwise,VerletListsCells,1.000000,vlc_sliced_balanced,neighbor-list-length,SoA,disabled,364210140,22054025,21812286,21818200,21799625,21801257,21776603,21760464,21778730,21778550,56058987,56058987,10
2025-10-02 15:04:42,75869,pairwise,VerletListsCells,1.000000,vlc_sliced_balanced,neighbor-list-length,SoA,enabled,243957669,14379226,14307085,14320798,14264976,14280760,13453164,13402740,13393189,13371901,36913150,36913150,10
2025-10-02 15:04:42,75879,pairwise,VerletListsCells,1.000000,vlc_sliced_c02,none,AoS,disabled,64134884,17997967,18076185,18163176,17165434,17532697,18038833,18074451,18010673,18076632,22527092,22527092,10
2025-10-02 15:04:42,75889,pairwise,VerletListsCells,1.000000,vlc_sliced_c02,none,AoS,enabled,43620957,9416554,9461009,9428040,9455755,9434584,9409924,9498054,9486217,9436276,12864736,12864736,10
2025-10-02 15:04:43,75899,pairwise,VerletListsCells,1.000000,vlc_sliced_c02,none,SoA,disabled,367766630,25547612,25543588,25357760,25597024,24774290,25306460,25439548,24854099,25524178,59571118,59571118,10
2025-10-02 15:04:43,75909,pairwise,VerletListsCells,1.000000,vlc_sliced_c02,none,SoA,enabled,245032554,16204010,15988963,16182645,16146926,16239806,15964111,15340900,15258665,15218714,38757729,38757729,10
2025-10-02 15:04:44,75919,pairwise,PairwiseVerletLists,1.000000,vlp_c01,none,AoS,disabled,83725662,11373023,11375788,11376612,11379416,11386246,11382046,11378665,11379778,11383155,18614038,18614038,10
2025-10-02 15:04:44,75929,pairwise,PairwiseVerletLists,1.000000,vlp_c01,none,SoA,disabled,741134281,23523552,23500145,23539427,23544868,23539597,23538442,23520675,23540433,23523482,95290490,95290490,10
2025-10-02 15:04:45,75939,pairwise,PairwiseVerletLists,1.000000,vlp_c18,none,AoS,disabled,76689678,11939834,11933188,11926762,11928414,11917837,11932656,11930362,11927004,11928797,18405453,18405453,10
2025-10-02 15:04:45,75949,pairwise,PairwiseVerletLists,1.000000,vlp_c18,none,AoS,enabled,99607835,7434835,7412763,7423455,7404900,7405356,7418208,7426668,7409561,7406391,16634997,16634997,10
2025-10-02 15:04:46,75959,pairwise,PairwiseVerletLists,1.000000,vlp_c18,none,SoA,disabled,949507137,22371814,22359391,22372271,22341727,22368793,22340208,22360159,22343314,22348373,115071318,115071318,10
2025-10-02 15:04:47,75969,pairwise,PairwiseVerletLists,1.000000,vlp_c18,none,SoA,enabled,593086959,16739253,16722002,16722876,16722300,16715958,16714812,16714289,16724202,16735238,74359788,74359788,10
2025-10-02 15:04:47,75979,pairwise,PairwiseVerletLists,1.000000,vlp_sliced,none,AoS,disabled,87471624,20716260,20740184,20732016,20595309,20691909,20556209,20682887,20623076,20589954,27339942,27339942,10
2025-10-02 15:04:47,75989,pairwise,PairwiseVerletLists,1.000000,vlp_sliced,none,AoS,enabled,98540635,9688281,9689576,9661418,9571584,9596733,9637689,9617389,9217188,9631381,18485186,18485186,10
2025-10-02 15:04:48,75999,pairwise,PairwiseVerletLists,1.000000,vlp_sliced,none,SoA,disabled,905031675,30734959,30977601,31016465,30185846,30993901,31031473,31073609,30759120,31100296,118290493,118290493,10
2025-10-02 15:04:49,76009,pairwise,PairwiseVerletLists,1.000000,vlp_sliced,none,SoA,enabled,610070571,21430672,21249184,21292117,21365746,21303474,21363174,21389196,20632594,21331320,80142804,80142804,10
2025-10-02 15:04:50,76019,pairwise,PairwiseVerletLists,1.000000,vlp_sliced_balanced,none,AoS,disabled,87520316,20898775,20896704,20919261,20941220,20914252,20884590,20859216,20904469,20870969,27560976,27560976,10
2025-10-02 15:04:50,76029,pairwise,PairwiseVerletLists,1.000000,vlp_sliced_balanced,none,AoS,enabled,99207744,9682996,9653508,9638742,9629715,9644572,9639574,9614516,9627148,9646211,18598471,18598471,10
2025-10-02 15:04:51,76039,pairwise,PairwiseVerletLists,1.000000,vlp_sliced_balanced,none,SoA,disabled,902706929,31096607,30971690,31001636,31046980,31003079,31002027,31005607,31040963,30995630,118187114,118187114,10
2025-10-02 15:04:52,76049,pairwise,PairwiseVerletLists,1.000000,vlp_sliced_balanced,none,SoA,enabled,611463858,21398054,21327450,21337352,21315302,21328183,21302104,21343668,21340975,21308768,80346570,80346570,10
2025-10-02 15:04:52,76059,pairwise,PairwiseVerletLists,1.000000,vlp_sliced_c02,none,AoS,disabled,93870895,26510527,27268587,27027475,27250572,27331897,27228172,27220191,27337260,27319405,33836497,33836497,10
2025-10-02 15:04:52,76069,pairwise,PairwiseVerletLists,1.000000,vlp_sliced_c02,none,AoS,enabled,102663317,12073059,12169990,12265363,12034286,12130956,12280892,12330659,12303433,12016113,21226806,21226806,10
2025-10-02 15:04:54,76079,pairwise,PairwiseVerletLists,1.000000,vlp_sliced_c02,none,SoA,disabled,904003171,38079226,37765491,37801928,37836564,37889273,37686344,37721506,37968037,37809647,124456118,124456118,10
2025-10-02 15:04:54,76089,pairwise,PairwiseVerletLists,1.000000,vlp_sliced_c02,none,SoA,enabled,610419555,25953251,25917070,25994122,25891298,25323868,25791223,25739538,25917721,25859874,84280752,84280752,10
2025-10-02 15:04:55,76099,pairwise,PairwiseVerletLists,1.000000,vlp_c08,none,AoS,disabled,83392229,16230098,16187369,16168544,16159318,16165644,16163183,16154602,16143852,16159077,22892391,22892391,10
2025-10-02 15:04:55,76109,pairwise,PairwiseVerletLists,1.000000,vlp_c08,none,AoS,enabled,98743435,9105105,9040031,9035838,9028063,9029920,9019606,9026871,9035935,9021306,18008611,18008611,10
2025-10-02 15:04:56,76119,pairwise,PairwiseVerletLists,1.000000,vlp_c08,none,SoA,disabled,894002345,26134954,25734642,25751573,25713249,25746394,25744980,25702620,25726499,25711476,112596873,112596873,10
2025-10-02 15:04:57,76129,pairwise,PairwiseVerletLists,1.000000,vlp_c08,none,SoA,enabled,602435637,18676161,18664313,18669209,18682653,18688882,18666960,18656101,18669883,18665918,77047571,77047571,10
2025-10-02 15:06:18,80009,pairwise,LinkedCells,1.000000,lc_c01,none,AoS,disabled,21959614,21958187,22006761,22448171,21941066,21877394,22028587,22115605,21914345,22004312,22025404,22025404,10
2025-10-02 15:06:18,80019,pairwise,LinkedCells,1.000000,lc_c01,none,SoA,disabled,13581521,13531820,13486929,13486612,13476597,13505233,13500910,13380282,13259936,13254198,13446403,13446403,10
2025-10-02 15:06:18,80029,pairwise,LinkedCells,1.000000,lc_c01_combined_SoA,none,SoA,disabled,11269912,11308847,11285396,11258623,11301149,11338676,11240172,11298585,11247980,11129809,11267914,11267914,10
2025-10-02 15:06:18,80039,pairwise,LinkedCells,1.000000,lc_c04,none,AoS,disabled,15889222,15955962,16029818,16018368,15930562,16018894,15869660,15938382,16090300,16066560,15980772,15980772,10
2025-10-02 15:06:18,80049,pairwise,LinkedCells,1.000000,lc_c04,none,AoS,enabled,11494491,11437565,11512487,11577052,11577648,11599637,11545784,11443109,11593141,11502256,11528316,11528316,10
2025-10-02 15:06:19,80059,pairwise,LinkedCells,1.000000,lc_c04,none,SoA,disabled,12677442,12602681,12663176,12634190,12654441,12671429,12665337,12648766,12557372,12604381,12637921,12637921,10
2025-10-02 15:06:19,80069,pairwise,LinkedCells,1.000000,lc_c04,none,SoA,enabled,8450703,8434522,8408361,8412296,8405455,8443130,8374451,8438160,8439353,8431461,8423788,8423788,10
2025-10-02 15:06:19,80079,pairwise,LinkedCells,1.000000,lc_c04_HCP,none,AoS,disabled,14758796,14766939,14762165,14745218,14698312,14707465,14676578,14687027,14657395,14681057,14714094,14714094,10
2025-10-02 15:06:19,80089,pairwise,LinkedCells,1.000000,lc_c04_HCP,none,AoS,enabled,10763849,10779539,10761792,10779303,10768256,10760928,10759030,10756134,10776349,10800805,10770598,10770598,10
2025-10-02 15:06:19,80099,pairwise,LinkedCells,1.000000,lc_c04_HCP,none,SoA,disabled,12577897,12542686,12487291,12518065,12492869,12484549,12465152,12471009,12493878,12433215,12496660,12496660,10
2025-10-02 15:06:19,80109,pairwise,LinkedCells,1.000000,lc_c04_HCP,none,SoA,enabled,8848286,8838576,8799215,8791618,8793102,8779394,8766787,8772882,8801180,8771781,8796281,8796281,10
2025-10-02 15:06:19,80119,pairwise,LinkedCells,1.000000,lc_c04_combined_SoA,none,SoA,disabled,14562540,14486745,14513344,14541055,14529076,14506681,14424581,14598266,14823548,14571558,14555738,14555738,10
2025-10-02 15:06:20,80129,pairwise,LinkedCells,1.000000,lc_c04_combined_SoA,none,SoA,enabled,11521981,11472949,11500649,11480375,11433290,11422899,11431775,11354136,11419774,11523122,11456094,11456094,10
2025-10-02 15:06:20,80139,pairwise,LinkedCells,1.000000,lc_c08,none,AoS,disabled,15525642,15322747,15261761,15279411,15404783,15276877,15288140,15299427,15172552,15285874,15311721,15311721,10
2025-10-02 15:06:20,80149,pairwise,LinkedCells,1.000000,lc_c08,none,AoS,enabled,11376986,11432342,11572123,11473881,11432860,11434868,11556731,11473645,11425611,11419499,11459854,11459854,10
2025-10-02 15:06:20,80159,pairwise,LinkedCells,1.000000,lc_c08,none,SoA,disabled,15117429,14971181,14953205,14938771,14930864,14882477,14906257,14949049,14910725,14946323,14950627,14950627,10
2025-10-02 15:06:20,80169,pairwise,LinkedCells,1.000000,lc_c08,none,SoA,enabled,11538702,11462750,11449396,11488342,11426449,11410695,11431145,11439368,11415698,11410330,11447287,11447287,10
2025-10-02 15:06:20,80179,pairwise,LinkedCells,1.000000,lc_c18,none,AoS,disabled,15563326,15489061,15502964,15504810,15479773,15534626,15480160,15493810,15517382,15474556,15504046,15504046,10
2025-10-02 15:06:20,80189,pairwise,LinkedCells,1.000000,lc_c18,none,AoS,enabled,11622790,11592182,11645318,11582135,11647656,11578927,11633321,11586037,11589246,11589041,11606664,11606664,10
2025-10-02 15:06:21,80199,pairwise,LinkedCells,1.000000,lc_c18,none,SoA,disabled,14686119,14588533,14579573,14593193,14573027,14556562,14591526,14615113,14562673,14589410,14593572,14593572,10
2025-10-02 15:06:21,80209,pairwise,LinkedCells,1.000000,lc_c18,none,SoA,enabled,10213232,10164658,10187881,10141238,10172483,10127631,10161285,9694822,9742697,10099015,10070493,10070493,10
2025-10-02 15:06:21,80219,pairwise,LinkedCells,1.000000,lc_sliced,none,AoS,disabled,17077251,17885319,18189086,17995470,17985393,17968242,17971299,18182934,18174824,17964537,17939434,17939434,10
2025-10-02 15:06:21,80229,pairwise,LinkedCells,1.000000,lc_sliced,none,AoS,enabled,13094322,13105497,12946393,13104482,12980585,13099855,13008555,13007594,13122342,12424677,12989429,12989429,10
2025-10-02 15:06:21,80239,pairwise,LinkedCells,1.000000,lc_sliced,none,SoA,disabled,13949919,14015549,13991278,14063420,13986264,13873286,13888567,13970744,13881249,13921957,13954222,13954222,10
2025-10-02 15:06:21,80249,pairwise,LinkedCells,1.000000,lc_sliced,none,SoA,enabled,8693325,8704888,8640190,8648938,8690414,8681228,8683549,8675381,8620823,8720866,8675959,8675959,10
2025-10-02 15:06:21,80259,pairwise,LinkedCells,1.000000,lc_sliced_balanced,none,AoS,disabled,18263608,18250728,18200274,18199705,18233028,18248669,18225352,18237651,18256494,18268678,18238417,18238417,10
2025-10-02 15:06:22,80269,pairwise,LinkedCells,1.000000,lc_sliced_balanced,none,AoS,enabled,13121069,13145347,13154067,13140665,13115171,13125557,13123647,13119219,13139305,13152981,13133702,13133702,10
2025-10-02 15:06:22,80279,pairwise,LinkedCells,1.000000,lc_sliced_balanced,none,SoA,disabled,14010089,13932491,13963341,13940612,13960236,13977270,13928170,13978639,13953899,13965479,13961021,13961021,10
2025-10-02 15:06:22,80289,pairwise,LinkedCells,1.000000,lc_sliced_balanced,none,SoA,enabled,8711667,8665434,8579351,8573793,8591041,8652798,8652356,8629238,8625082,8581690,8626244,8626244,10
2025-10-02 15:06:22,80299,pairwise,LinkedCells,1.000000,lc_sliced_balanced,squared-particles-per-cell,AoS,disabled,18587545,18336803,18308866,18287565,18263323,18242799,18236487,18232059,18246676,18255042,18299716,18299716,10
2025-10-02 15:06:22,80309,pairwise,LinkedCells,1.000000,lc_sliced_balanced,squared-particles-per-cell,AoS,enabled,13287784,13143126,13117657,13120128,13115812,13130323,13110218,13112607,13118958,13118233,13137484,13137484,10
2025-10-02 15:06:22,80319,pairwise,LinkedCells,1.000000,lc_sliced_balanced,squared-particles-per-cell,SoA,disabled,15873534,13959672,13882429,13837655,13903617,13834628,13868132,13797178,13814460,13795728,14056703,14056703,10
2025-10-02 15:06:22,80329,pairwise,LinkedCells,1.000000,lc_sliced_balanced,squared-particles-per-cell,SoA,enabled,8787351,8557100,8583238,8529063,8566598,8568990,8588523,8563325,8571766,8577974,8589392,8589392,10
2025-10-02 15:06:23,80339,pairwise,LinkedCells,1.000000,lc_sliced_c02,none,AoS,disabled,18117086,18080636,18065053,17193568,18031361,17910839,17867896,17719043,17758399,18077241,17882112,17882112,10
2025-10-02 15:06:23,80349,pairwise,LinkedCells,1.000000,lc_sliced_c02,none,AoS,enabled,12811172,12954198,12849854,12840127,12942854,12905328,12994376,12824723,12984193,12951263,12905808,12905808,10
2025-10-02 15:06:23,80359,pairwise,LinkedCells,1.000000,lc_sliced_c02,none,SoA,disabled,15655448,13965276,13864411,13644114,13865020,13769386,13873568,13697930,13693688,13742117,13977095,13977095,10
2025-10-02 15:06:23,80369,pairwise,LinkedCells,1.000000,lc_sliced_c02,none,SoA,enabled,8674181,8429321,8580932,8469243,8465638,8537676,8393896,8435151,8403076,8499869,8488898,8488898,10
2025-10-02 15:06:24,80379,pairwise,VerletClusterLists,1.000000,vcl_c01_balanced,none,AoS,disabled,140061034,32468993,32354175,32367343,32438720,32407843,32376015,32319813,32351723,32361318,43150697,43150697,10
2025-10-02 15:06:24,80389,pairwise,VerletClusterLists,1.000000,vcl_c01_balanced,none,SoA,disabled,99212005,11433912,11435049,11477389,11404369,11413433,11415190,11413602,11400138,11437167,20204225,20204225,10
2025-10-02 15:06:24,80399,pairwise,VerletClusterLists,1.000000,vcl_c06,none,AoS,disabled,125141215,37125907,36902063,37188030,37236727,36595469,37022459,36905869,36263251,37464176,45784516,45784516,10
2025-10-02 15:06:24,80409,pairwise,VerletClusterLists,1.000000,vcl_c06,none,AoS,enabled,67617328,18606173,18413710,18525791,18564992,18742562,18562633,18734770,18635779,18674199,23507793,23507793,10
2025-10-02 15:06:25,80419,pairwise,VerletClusterLists,1.000000,vcl_c06,none,SoA,disabled,100635041,13003166,12894711,12996598,12882603,12927677,12938278,12959623,12952506,13009927,21720012,21720012,10
2025-10-02 15:06:25,80429,pairwise,VerletClusterLists,1.000000,vcl_c06,none,SoA,enabled,56736078,7287105,7322548,7272040,7413221,7210496,7272450,7241862,7301209,7268135,12232514,12232514,10
2025-10-02 15:06:26,80439,pairwise,VerletClusterLists,1.000000,vcl_sliced,none,AoS,disabled,169009570,81219250,91493436,99831625,91316527,91122662,99787969,91402528,91459473,99826990,100647002,100647002,10
2025-10-02 15:06:26,80449,pairwise,VerletClusterLists,1.000000,vcl_sliced,none,AoS,enabled,95543730,46065690,51089868,46330920,46288673,51230293,41280370,51096182,51203242,51137001,53126596,53126596,10
2025-10-02 15:06:27,80459,pairwise,VerletClusterLists,1.000000,vcl_sliced,none,SoA,disabled,109430114,26331980,26551739,26380222,26553809,28252215,26554873,28296542,28298338,24563162,35121299,35121299,10
2025-10-02 15:06:27,80469,pairwise,VerletClusterLists,1.000000,vcl_sliced,none,SoA,enabled,65049512,14929323,14690521,14951392,15449152,14758381,14809666,15473542,14712228,15461437,20028515,20028515,10
2025-10-02 15:06:28,80479,pairwise,VerletClusterLists,1.000000,vcl_sliced_balanced,none,AoS,disabled,179157246,91323036,91305529,91417843,91338870,91317938,91327855,91489204,91344665,91459418,100148160,100148160,10
2025-10-02 15:06:29,80489,pairwise,VerletClusterLists,1.000000,vcl_sliced_balanced,none,AoS,enabled,95937604,46632971,46679153,46709156,46678086,46636928,46594954,46665733,46730142,46671281,51593600,51593600,10
2025-10-02 15:06:29,80499,pairwise,VerletClusterLists,1.000000,vcl_sliced_balanced,none,SoA,disabled,114156589,26562997,26542017,26541591,26544104,26523840,26552978,26538674,26518983,26512462,35299423,35299423,10
2025-10-02 15:06:29,80509,pairwise,VerletClusterLists,1.000000,vcl_sliced_balanced,none,SoA,enabled,64391897,14738042,14723067,14699146,14731799,14741362,14719610,14723212,14721512,14715874,19690552,19690552,10
2025-10-02 15:06:30,80519,pairwise,VerletClusterLists,1.000000,vcl_sliced_balanced,neighbor-list-length,AoS,disabled,204820653,100167498,100165110,100096708,100196317,100081643,100236656,100249160,100206523,100160968,110638123,110638123,10
2025-10-02 15:06:31,80529,pairwise,VerletClusterLists,1.000000,vcl_sliced_balanced,neighbor-list-length,AoS,enabled,100337887,51605015,51522325,51568768,51596921,51672233,51573334,51708098,51567736,51682263,56483457,56483457,10
2025-10-02 15:06:31,80539,pairwise,VerletClusterLists,1.000000,vcl_sliced_balanced,neighbor-list-length,SoA,disabled,115930021,28351760,28326670,28340614,28340456,28325299,28325387,28327853,28333189,28360293,37096153,37096153,10
2025-10-02 15:06:32,80549,pairwise,VerletClusterLists,1.000000,vcl_sliced_balanced,neighbor-list-length,SoA,enabled,64891535,15505752,15521082,15505712,15507038,15526457,15491642,15507669,15507325,15495739,20445994,20445994,10
2025-10-02 15:06:33,80559,pairwise,VerletClusterLists,1.000000,vcl_sliced_c02,none,AoS,disabled,208794672,111881335,103785474,118743736,111756232,111884606,107236964,111905828,111850049,99382638,119722152,119722152,10
2025-10-02 15:06:33,80569,pairwise,VerletClusterLists,1.000000,vcl_sliced_c02,none,AoS,enabled,96966921,54724195,58922428,54816388,58850168,56891295,58833722,56940772,54940979,58723500,61061036,61061036,10
2025-10-02 15:06:34,80579,pairwise,VerletClusterLists,1.000000,vcl_sliced_c02,none,SoA,disabled,123241433,34702799,35609683,33641627,35690631,34213443,35613564,29849933,32069184,35649089,43028138,43028138,10
2025-10-02 15:06:34,80589,pairwise,VerletClusterLists,1.000000,vcl_sliced_c02,none,SoA,enabled,68961625,19546922,17889108,17706253,17365420,19085505,17830760,17760946,19484782,19485712,23511703,23511703,10
2025-10-02 15:06:34,80599,pairwise,VerletLists,1.000000,vl_list_iteration,none,AoS,disabled,64302301,11985417,11969134,11967168,11966789,11964474,11965403,11968633,11962002,11958248,17200956,17200956,10
2025-10-02 15:06:35,80609,pairwise,VerletLists,1.000000,vl_list_iteration,none,SoA,disabled,234953972,12463422,12439073,12444779,12424825,12425030,12446820,12451604,12429932,12446344,34692579,34692579,10
2025-10-02 15:06:35,80619,pairwise,VerletListsCells,1.000000,vlc_c01,none,AoS,disabled,71223855,9356809,9345421,9349080,9354210,9356533,9357773,9340297,9346662,9354326,15538496,15538496,10
2025-10-02 15:06:35,80629,pairwise,VerletListsCells,1.000000,vlc_c01,none,SoA,disabled,241649872,12902709,12845894,12887972,12885088,12865860,12876186,12860457,12855931,12849908,35747987,35747987,10
2025-10-02 15:06:35,80639,pairwise,VerletListsCells,1.000000,vlc_c18,none,AoS,disabled,56396869,9081038,9085926,9070204,9068603,9069235,9074286,9076416,9069243,9086859,13807867,13807867,10
2025-10-02 15:06:36,80649,pairwise,VerletListsCells,1.000000,vlc_c18,none,AoS,enabled,39826082,5509788,5479011,5469470,5468473,5463362,5465805,5461325,5470391,5466688,8908039,8908039,10
2025-10-02 15:06:36,80659,pairwise,VerletListsCells,1.000000,vlc_c18,none,SoA,disabled,369066859,16515786,16519135,16500604,16507445,16505517,16510772,16511323,16507887,16498999,51764432,51764432,10
2025-10-02 15:06:36,80669,pairwise,VerletListsCells,1.000000,vlc_c18,none,SoA,enabled,228737709,13102954,13073326,13150300,13113438,12284594,12280256,12272963,12275169,12291562,34258226,34258226,10
2025-10-02 15:06:37,80679,pairwise,VerletListsCells,1.000000,vlc_c08,none,AoS,disabled,50163422,9167979,9164596,9148077,9171619,9161271,9158782,9166668,9155908,9150465,13260878,13260878,10
2025-10-02 15:06:37,80689,pairwise,VerletListsCells,1.000000,vlc_c08,none,AoS,enabled,43670135,6082678,6056504,6043283,6058205,6059890,6054989,6069924,6045971,6045831,9818741,9818741,10
2025-10-02 15:06:37,80699,pairwise,VerletListsCells,1.000000,vlc_c08,none,SoA,disabled,339183374,15858504,15815040,15816345,15833398,15839213,15857697,15837094,15842012,15853974,48173665,48173665,10
2025-10-02 15:06:38,80709,pairwise,VerletListsCells,1.000000,vlc_c08,none,SoA,enabled,241654129,13854724,13864492,13865025,13875039,13838987,13841690,13840657,13865908,13868208,36636885,36636885,10
2025-10-02 15:06:38,80719,pairwise,VerletListsCells,1.000000,vlc_sliced,none,AoS,disabled,63930002,15586281,15578839,15630366,15579458,15583422,15532025,15541978,15588755,15528292,20407941,20407941,10
2025-10-02 15:06:38,80729,pairwise,VerletListsCells,1.000000,vlc_sliced,none,AoS,enabled,42686413,7338816,7309227,7294876,7334743,7310048,7290928,7299732,7285278,7283080,10843314,10843314,10
2025-10-02 15:06:39,80739,pairwise,VerletListsCells,1.000000,vlc_sliced,none,SoA,disabled,385286174,21023947,21095894,20980690,20821511,20946078,20798234,20901776,20955978,20583362,57339364,57339364,10
2025-10-02 15:06:39,80749,pairwise,VerletListsCells,1.000000,vlc_sliced,none,SoA,enabled,221500578,13981040,13514479,13820616,13847467,13888360,13092057,13036296,13087856,13066140,34283488,34283488,10
2025-10-02 15:06:39,80759,pairwise,VerletListsCells,1.000000,vlc_sliced_balanced,none,AoS,disabled,62440057,14367473,14299988,14269358,14282368,14302460,14317858,14349600,14351506,14283460,19126412,19126412,10
2025-10-02 15:06:39,80769,pairwise,VerletListsCells,1.000000,vlc_sliced_balanced,none,AoS,enabled,41798382,7395883,7357489,7336500,7324675,7325054,7306402,7333514,7322734,7325079,10782571,10782571,10
2025-10-02 15:06:40,80779,pairwise,VerletListsCells,1.000000,vlc_sliced_balanced,none,SoA,disabled,380949993,21356178,21282488,21240258,21241040,21269452,21273648,21272818,21269375,21302293,57245753,57245753,10
2025-10-02 15:06:40,80789,pairwise,VerletListsCells,1.000000,vlc_sliced_balanced,none,SoA,enabled,234047751,14027126,13902753,13910638,13919732,13935533,13146342,13114241,13094641,13157211,35625596,35625596,10
2025-10-02 15:06:40,80799,pairwise,VerletListsCells,1.000000,vlc_sliced_balanced,squared-particles-per-cell,AoS,disabled,62816614,14212753,14204765,14242619,14193558,14187761,14173044,14175957,14178859,14179898,19056582,19056582,10
2025-10-02 15:06:41,80809,pairwise,VerletListsCells,1.000000,vlc_sliced_balanced,squared-particles-per-cell,AoS,enabled,41784923,7493609,7469154,7450875,7428294,7432235,7432593,7448779,7411405,7413580,10876544,10876544,10
2025-10-02 15:06:41,80819,pairwise,VerletListsCells,1.000000,vlc_sliced_balanced,squared-particles-per-cell,SoA,disabled,369222407,20979021,20894495,20934563,20934389,20900319,20912186,20951199,20918032,20929851,55757645,55757645,10
2025-10-02 15:06:42,80829,pairwise,VerletListsCells,1.000000,vlc_sliced_balanced,squared-particles-per-cell,SoA,enabled,245566351,14025562,14055338,14058424,14047380,14071187,13276347,13201270,13155008,13160704,36861756,36861756,10
2025-10-02 15:06:42,80839,pairwise,VerletListsCells,1.000000,vlc_sliced_balanced,neighbor-list-length,AoS,disabled,62626744,14684156,14745659,14680864,14678447,14681677,14674820,14693385,14724597,14701976,19489231,19489231,10
2025-10-02 15:06:42,80849,pairwise,VerletListsCells,1.000000,vlc_sliced_balanced,neighbor-list-length,AoS,enabled,41581513,7520342,7506224,7491811,7492208,7498117,7460829,7469227,7463434,7472605,10895630,10895630,10
2025-10-02 15:06:43,80859,pairwise,VerletListsCells,1.000000,vlc_sliced_balanced,neighbor-list-length,SoA,disabled,370001062,22376779,22262046,22259541,22212378,22231609,22211988,22172026,22211613,22220573,57015961,57015961,10
2025-10-02 15:06:43,80869,pairwise,VerletListsCells,1.000000,vlc_sliced_balanced,neighbor-list-length,SoA,enabled,247611344,14704679,14409226,14394488,14418712,14635997,13588566,13528056,13531590,13519546,37434219,37434219,10
2025-10-02 15:06:43,80879,pairwise,VerletListsCells,1.000000,vlc_sliced_c02,none,AoS,disabled,65628842,18357118,17646559,18117659,18211160,18223947,18151137,18369005,17636395,18303434,22864524,22864524,10
2025-10-02 15:06:43,80889,pairwise,VerletListsCells,1.000000,vlc_sliced_c02,none,AoS,enabled,43794810,9531974,9490864,9444978,9565277,9534977,9244121,9445473,9502764,9279833,12883506,12883506,10
2025-10-02 15:06:44,80899,pairwise,VerletListsCells,1.000000,vlc_sliced_c02,none,SoA,disabled,376499751,25735154,25392232,25507880,25431677,25481754,25611451,25487375,25556255,25466061,60616959,60616959,10
2025-10-02 15:06:44,80909,pairwise,VerletListsCells,1.000000,vlc_sliced_c02,none,SoA,enabled,250218691,16335735,16142321,16073043,16081927,16216196,16098550,15271914,15241231,15191415,39287102,39287102,10
2025-10-02 15:06:45,80919,pairwise,PairwiseVerletLists,1.000000,vlp_c01,none,AoS,disabled,82318909,11658970,11651015,11657681,11649004,11654566,11656535,11655773,11655692,11656192,18721433,18721433,10
2025-10-02 15:06:46,80929,pairwise,PairwiseVerletLists,1.000000,vlp_c01,none,SoA,disabled,778367091,23893589,23896542,23905301,23880902,23888804,23912312,23919975,23920586,23906357,99349145,99349145,10
2025-10-02 15:06:46,80939,pairwise,PairwiseVerletLists,1.000000,vlp_c18,none,AoS,disabled,76460579,12271252,12259162,12264831,12277953,12257295,12259747,12268350,12272877,12274957,18686699,18686699,10
2025-10-02 15:06:46,80949,pairwise,PairwiseVerletLists,1.000000,vlp_c18,none,AoS,enabled,95293255,7667960,7637016,7637005,7633137,7644713,7634741,7645718,7635054,7635024,16406362,16406362,10
2025-10-02 15:06:47,80959,pairwise,PairwiseVerletLists,1.000000,vlp_c18,none,SoA,disabled,1008320093,22711798,22700369,22698922,22710231,22677807,22676149,22702907,22687044,22698454,121258376,121258376,10
2025-10-02 15:06:48,80969,pairwise,PairwiseVerletLists,1.000000,vlp_c18,none,SoA,enabled,617789208,16971365,16954506,16957917,16953052,16979272,16990025,16961492,16962127,16974319,77049327,77049327,10
2025-10-02 15:06:48,80979,pairwise,PairwiseVerletLists,1.000000,vlp_sliced,none,AoS,disabled,86217579,21600876,21613961,21381319,21659133,21619902,21791783,21609279,21702128,21685946,28088190,28088190,10
2025-10-02 15:06:49,80989,pairwise,PairwiseVerletLists,1.000000,vlp_sliced,none,AoS,enabled,100430188,9914282,9986666,9708262,9702087,9852790,9845714,9896472,9831707,9835725,18900388,18900388,10
2025-10-02 15:06:50,80999,pairwise,PairwiseVerletLists,1.000000,vlp_sliced,none,SoA,disabled,948326908,31701270,30376656,31551830,30477558,31458093,31535386,31560215,31813263,31794280,123059545,123059545,10
2025-10-02 15:06:51,81009,pairwise,PairwiseVerletLists,1.000000,vlp_sliced,none,SoA,enabled,621153910,21699346,21598528,21745480,21668335,21309254,21234780,21737408,21692612,21580287,81541993,81541993,10
2025-10-02 15:06:51,81019,pairwise,PairwiseVerletLists,1.000000,vlp_sliced_balanced,none,AoS,disabled,87537486,21792751,21745479,21753645,21741683,21765907,21754038,21747602,21699556,21702428,28324056,28324056,10
2025-10-02 15:06:51,81029,pairwise,PairwiseVerletLists,1.000000,vlp_sliced_balanced,none,AoS,enabled,100988953,9922446,9923491,9906599,9894830,9901514,9891453,9886995,9895958,9896280,19010851,19010851,10
2025-10-02 15:06:52,81039,pairwise,PairwiseVerletLists,1.000000,vlp_sliced_balanced,none,SoA,disabled,959055749,31962333,31683929,31720993,31745240,31663911,31673140,31629288,31680053,31645029,124445966,124445966,10
2025-10-02 15:06:53,81049,pairwise,PairwiseVerletLists,1.000000,vlp_sliced_balanced,none,SoA,enabled,635981184,21691230,21663602,21607950,21652786,21612486,21611344,21644667,21637740,21637615,83074059,83074059,10
2025-10-02 15:06:54,81059,pairwise,PairwiseVerletLists,1.000000,vlp_sliced_c02,none,AoS,disabled,94121872,28579477,28310505,28675332,28568956,28280574,28455095,28557416,28383527,28614344,35054709,35054709,10
2025-10-02 15:06:54,81069,pairwise,PairwiseVerletLists,1.000000,vlp_sliced_c02,none,AoS,enabled,104321067,12680694,12551681,12597263,12607157,12579279,12556501,12617531,12538775,12547967,21759791,21759791,10
2025-10-02 15:06:55,81079,pairwise,PairwiseVerletLists,1.000000,vlp_sliced_c02,none,SoA,disabled,956313437,38377328,38397045,38494140,38032083,38417508,38086273,38158833,38244810,38380564,130090201,130090201,10
2025-10-02 15:06:56,81089,pairwise,PairwiseVerletLists,1.000000,vlp_sliced_c02,none,SoA,enabled,625541137,25771931,26070466,25864636,25993535,26088731,25940746,26015301,26232651,26137759,85965688,85965688,10
2025-10-02 15:06:56,81099,pairwise,PairwiseVerletLists,1.000000,vlp_c08,none,AoS,disabled,82336490,16678876,16652053,16626350,16617460,16608708,16613394,16613977,16604439,16601955,23195369,23195369,10
2025-10-02 15:06:56,81109,pairwise,PairwiseVerletLists,1.000000,vlp_c08,none,AoS,enabled,100576557,9357574,9297037,9283800,9274693,9278033,9270828,9276349,9274703,9271184,18416075,18416075,10
2025-10-02 15:06:58,81119,pairwise,PairwiseVerletLists,1.000000,vlp_c08,none,SoA,disabled,944812693,26149414,26151586,26140703,26128015,26137839,26093551,26130642,26148488,26125587,118001851,118001851,10
2025-10-02 15:06:58,81129,pairwise,PairwiseVerletLists,1.000000,vlp_c08,none,SoA,enabled,627289778,18992621,18977945,18992246,19012558,19015590,18994809,18984301,18987529,19001157,79824853,79824853,10
2025-10-02 15:08:43,85009,pairwise,LinkedCells,1.000000,lc_c01,none,AoS,disabled,30073903,29795136,30425156,29699762,29800334,29946724,29707635,29986538,30054440,30094611,29958423,29958423,10
2025-10-02 15:08:43,85019,pairwise,LinkedCells,1.000000,lc_c01,none,SoA,disabled,16259288,15880486,15680078,15666916,15976796,15963888,15959790,16008361,15789368,15806776,15899174,15899174,10
2025-10-02 15:08:44,85029,pairwise,LinkedCells,1.000000,lc_c01_combined_SoA,none,SoA,disabled,12772648,12825303,12879611,12790056,12816525,12963108,12817585,12837474,12780365,12836984,12831965,12831965,10
2025-10-02 15:08:44,85039,pairwise,LinkedCells,1.000000,lc_c04,none,AoS,disabled,21368940,21275867,20963722,21220710,21085004,21285143,21148794,21034022,21000605,21201130,21158393,21158393,10
2025-10-02 15:08:44,85049,pairwise,LinkedCells,1.000000,lc_c04,none,AoS,enabled,15106771,15016249,15080948,15131003,15131228,15195377,15057703,15107362,15070616,15068706,15096595,15096595,10
2025-10-02 15:08:44,85059,pairwise,LinkedCells,1.000000,lc_c04,none,SoA,disabled,15191134,15157333,15194554,15230324,15339806,15198107,15124192,15128363,15136622,15118414,15181884,15181884,10
2025-10-02 15:08:44,85069,pairwise,LinkedCells,1.000000,lc_c04,none,SoA,enabled,9770089,9804924,9736082,9765231,9766319,9734167,9769801,9738451,9774640,9732165,9759186,9759186,10
2025-10-02 15:08:44,85079,pairwise,LinkedCells,1.000000,lc_c04_HCP,none,AoS,disabled,19786428,19779261,19763360,19794220,19768939,19781917,19777398,19782683,19799051,19790335,19782359,19782359,10
2025-10-02 15:08:45,85089,pairwise,LinkedCells,1.000000,lc_c04_HCP,none,AoS,enabled,14296636,14294327,14285827,14309477,14284402,14290529,14284859,14286307,14273941,14296279,14290257,14290257,10
2025-10-02 15:08:45,85099,pairwise,LinkedCells,1.000000,lc_c04_HCP,none,SoA,disabled,15053311,15046102,15002633,15007353,15010122,15006058,14924222,14929547,14942994,14929145,14985148,14985148,10
2025-10-02 15:08:45,85109,pairwise,LinkedCells,1.000000,lc_c04_HCP,none,SoA,enabled,10136315,10079681,10060497,10217265,10061538,9994679,10213927,10134179,10033540,10127492,10105911,10105911,10
2025-10-02 15:08:45,85119,pairwise,LinkedCells,1.000000,lc_c04_combined_SoA,none,SoA,disabled,16654237,16656258,16643200,16536603,16434122,16588997,16564282,16604351,16522548,16426135,16563073,16563073,10
2025-10-02 15:08:45,85129,pairwise,LinkedCells,1.000000,lc_c04_combined_SoA,none,SoA,enabled,12626707,12474796,12739624,12462348,12601562,12441977,12710896,12466812,12679738,12550948,12575540,12575540,10
2025-10-02 15:08:45,85139,pairwise,LinkedCells,1.000000,lc_c08,none,AoS,disabled,20691226,20664009,20678379,20674841,20674431,20668342,20660991,20636533,20665115,20672370,20668623,20668623,10
2025-10-02 15:08:46,85149,pairwise,LinkedCells,1.000000,lc_c08,none,AoS,enabled,15313681,15296127,15292946,15290611,15339001,15330352,15302874,15317885,15305393,15299400,15308826,15308826,10
2025-10-02 15:08:46,85159,pairwise,LinkedCells,1.000000,lc_c08,none,SoA,disabled,17649290,17526922,17499671,17462070,17432470,17456554,17476815,17448680,17425623,17471675,17484977,17484977,10
2025-10-02 15:08:46,85169,pairwise,LinkedCells,1.000000,lc_c08,none,SoA,enabled,13056091,12977109,12955476,12952524,12936873,12933371,12960870,12946876,12944773,12931512,12959547,12959547,10
2025-10-02 15:08:46,85179,pairwise,LinkedCells,1.000000,lc_c18,none,AoS,disabled,20775634,20729308,20714898,20652396,20615820,20720935,20774497,20615214,20708747,20559225,20686667,20686667,10
2025-10-02 15:08:46,85189,pairwise,LinkedCells,1.000000,lc_c18,none,AoS,enabled,15244289,15133489,15121788,15317956,15299356,15262279,15206261,15206584,15248635,15318097,15235873,15235873,10
2025-10-02 15:08:46,85199,pairwise,LinkedCells,1.000000,lc_c18,none,SoA,disabled,17168035,16742511,16832582,17015041,17155813,17211238,17127973,17175539,17179057,17144324,17075210,17075210,10
2025-10-02 15:08:47,85209,pairwise,LinkedCells,1.000000,lc_c18,none,SoA,enabled,11725595,11685133,11741259,11717547,11696488,11669768,11717866,11672939,11714073,11715602,11705626,11705626,10
2025-10-02 15:08:47,85219,pairwise,LinkedCells,1.000000,lc_sliced,none,AoS,disabled,23181748,23205520,23104298,23237149,23180752,23111191,23082076,23205745,23111273,23160974,23158072,23158072,10
2025-10-02 15:08:47,85229,pairwise,LinkedCells,1.000000,lc_sliced,none,AoS,enabled,16500687,16528954,16480833,16515669,16526765,16550178,16543988,16533932,16585127,16545057,16531118,16531118,10
2025-10-02 15:08:47,85239,pairwise,LinkedCells,1.000000,lc_sliced,none,SoA,disabled,16516877,16405749,16391688,16349032,16377037,16217690,16232983,16377946,16285641,16413972,16356861,16356861,10
2025-10-02 15:08:47,85249,pairwise,LinkedCells,1.000000,lc_sliced,none,SoA,enabled,9968500,10005552,9948567,9926416,9935509,9969901,9957398,9943147,9947322,9819968,9942227,9942227,10
2025-10-02 15:08:47,85259,pairwise,LinkedCells,1.000000,lc_sliced_balanced,none,AoS,disabled,23190595,23216352,23172383,23146251,23146699,23156965,23171979,23155526,23165327,23135854,23165792,23165792,10
2025-10-02 15:08:48,85269,pairwise,LinkedCells,1.000000,lc_sliced_balanced,none,AoS,enabled,16521882,16507665,16493816,16525076,16510035,16509006,16534598,16522292,16527124,16521434,16517292,16517292,10
2025-10-02 15:08:48,85279,pairwise,LinkedCells,1.000000,lc_sliced_balanced,none,SoA,disabled,16394708,16380655,16337881,16363747,16334718,16319834,16330403,16309081,16330642,16357178,16345883,16345883,10
2025-10-02 15:08:48,85289,pairwise,LinkedCells,1.000000,lc_sliced_balanced,none,SoA,enabled,9966990,9950091,9946768,9944241,9948107,9943649,9948880,9945583,9946248,9926589,9946713,9946713,10
2025-10-02 15:08:48,85299,pairwise,LinkedCells,1.000000,lc_sliced_balanced,squared-particles-per-cell,AoS,disabled,23415004,23180816,23153361,23145479,23157949,23146044,23132394,23146431,23140417,23130332,23174821,23174821,10
2025-10-02 15:08:48,85309,pairwise,LinkedCells,1.000000,lc_sliced_balanced,squared-particles-per-cell,AoS,enabled,16566260,16516687,16493819,16496669,16471607,16491291,16489789,16495050,16573304,16580247,16517471,16517471,10
2025-10-02 15:08:49,85319,pairwise,LinkedCells,1.000000,lc_sliced_balanced,squared-particles-per-cell,SoA,disabled,18340785,16356407,16281585,16324544,16270091,16299133,16304052,16286749,16258876,16274270,16499648,16499648,10
2025-10-02 15:08:49,85329,pairwise,LinkedCells,1.000000,lc_sliced_balanced,squared-particles-per-cell,SoA,enabled,10022191,9838596,9851394,9849340,9854287,9812074,9849184,9818257,9828208,9863679,9858720,9858720,10
2025-10-02 15:08:49,85339,pairwise,LinkedCells,1.000000,lc_sliced_c02,none,AoS,disabled,23207031,23186254,22985684,23228674,23025873,23078758,23104090,23176854,23095798,23003488,23109249,23109249,10
2025-10-02 15:08:49,85349,pairwise,LinkedCells,1.000000,lc_sliced_c02,none,AoS,enabled,16390817,16341243,16506481,16523585,16376946,16369145,16404531,16429710,16435800,16402975,16418123,16418123,10
2025-10-02 15:08:49,85359,pairwise,LinkedCells,1.000000,lc_sliced_c02,none,SoA,disabled,18224585,16203792,16118690,16177037,16171263,16551287,16250337,16358941,16148023,16241533,16444548,16444548,10
2025-10-02 15:08:49,85369,pairwise,LinkedCells,1.000000,lc_sliced_c02,none,SoA,enabled,9989746,9780235,9758561,9765638,9763582,9810903,9911640,9793281,10018255,9795528,9838736,9838736,10
2025-10-02 15:08:50,85379,pairwise,VerletClusterLists,1.000000,vcl_c01_balanced,none,AoS,disabled,187878687,41831964,41893844,41818870,41903226,41813564,41912583,41837110,41890603,41870265,56465070,56465070,10
2025-10-02 15:08:50,85389,pairwise,VerletClusterLists,1.000000,vcl_c01_balanced,none,SoA,disabled,131861379,14923597,14946084,14877687,14923522,14979038,14981232,14913108,14929340,14917626,26625261,26625261,10
2025-10-02 15:08:51,85399,pairwise,VerletClusterLists,1.000000,vcl_c06,none,AoS,disabled,163330491,46550345,47335438,47088297,46248951,46993468,46935154,47343983,46519855,47074606,58542058,58542058,10
2025-10-02 15:08:51,85409,pairwise,VerletClusterLists,1.000000,vcl_c06,none,AoS,enabled,89123465,23900966,23661897,23857712,23750044,23571128,23530800,23832336,23777361,23629873,30263557,30263557,10
2025-10-02 15:08:52,85419,pairwise,VerletClusterLists,1.000000,vcl_c06,none,SoA,disabled,133430030,16833438,16867728,16985976,16826554,16725602,16899025,16821950,16893528,16742217,28502604,28502604,10
2025-10-02 15:08:52,85429,pairwise,VerletClusterLists,1.000000,vcl_c06,none,SoA,enabled,74902101,9640643,9593319,9590952,9618206,9569677,9632785,9568796,9721534,9567475,16140548,16140548,10
2025-10-02 15:08:53,85439,pairwise,VerletClusterLists,1.000000,vcl_sliced,none,AoS,disabled,222047503,113591890,97087923,96864732,113659222,96964771,105366361,105198392,113666068,113447217,117789407,117789407,10
2025-10-02 15:08:54,85449,pairwise,VerletClusterLists,1.000000,vcl_sliced,none,AoS,enabled,122508171,55217888,55357091,51943454,57198945,52334424,55317749,55288926,57279206,57188270,61963412,61963412,10
2025-10-02 15:08:54,85459,pairwise,VerletClusterLists,1.000000,vcl_sliced,none,SoA,disabled,148524994,32196317,32256137,31414661,31243260,32126866,32144743,31550691,32149940,31244073,43485167,43485167,10
2025-10-02 15:08:54,85469,pairwise,VerletClusterLists,1.000000,vcl_sliced,none,SoA,enabled,83430346,17656289,17784796,17665186,17677912,17664493,17758867,17671132,17212782,16557812,24107961,24107961,10
2025-10-02 15:08:56,85479,pairwise,VerletClusterLists,1.000000,vcl_sliced_balanced,none,AoS,disabled,230949574,114204769,114341434,114380209,114303533,114191131,114195335,114288698,114288863,114354076,125949761,125949761,10
2025-10-02 15:08:56,85489,pairwise,VerletClusterLists,1.000000,vcl_sliced_balanced,none,AoS,enabled,123237216,57709684,57718706,57773441,57633552,57852383,57698252,57679889,57720586,57824055,64284776,64284776,10
2025-10-02 15:08:57,85499,pairwise,VerletClusterLists,1.000000,vcl_sliced_balanced,none,SoA,disabled,149063880,32089624,32099314,32084560,32100086,32080337,32115477,32084271,32070744,32133295,43792158,43792158,10
2025-10-02 15:08:57,85509,pairwise,VerletClusterLists,1.000000,vcl_sliced_balanced,none,SoA,enabled,83360448,17612641,17612220,17612044,17607705,17624492,17610990,17666415,17622892,17605970,24193581,24193581,10
2025-10-02 15:08:58,85519,pairwise,VerletClusterLists,1.000000,vcl_sliced_balanced,neighbor-list-length,AoS,disabled,248003246,108652007,108662057,108736508,108778279,108733095,108701089,108794056,108714875,108774443,122654964,122654964,10
2025-10-02 15:08:59,85529,pairwise,VerletClusterLists,1.000000,vcl_sliced_balanced,neighbor-list-length,AoS,enabled,116343833,51926155,51859066,51838714,51938851,51805516,51882753,51792369,51837774,51822141,58304716,58304716,10
2025-10-02 15:08:59,85539,pairwise,VerletClusterLists,1.000000,vcl_sliced_balanced,neighbor-list-length,SoA,disabled,147988869,31548903,31555866,31548588,31519535,31542773,31545919,31546274,31526639,31523305,43184666,43184666,10
2025-10-02 15:09:00,85549,pairwise,VerletClusterLists,1.000000,vcl_sliced_balanced,neighbor-list-length,SoA,enabled,82551997,17285083,17277571,17256100,17250257,17304991,17266157,17266158,17271435,17289011,23801875,23801875,10
2025-10-02 15:09:01,85559,pairwise,VerletClusterLists,1.000000,vcl_sliced_c02,none,AoS,disabled,274924332,118248984,113016796,128276860,118375862,131403457,136640182,130343612,131324186,136711509,141926577,141926577,10
2025-10-02 15:09:02,85569,pairwise,VerletClusterLists,1.000000,vcl_sliced_c02,none,AoS,enabled,134038544,69433441,66481655,67263625,64399881,64267483,69382021,69534109,60513730,69364960,73467944,73467944,10
2025-10-02 15:09:03,85579,pairwise,VerletClusterLists,1.000000,vcl_sliced_c02,none,SoA,disabled,155458553,40395170,39782767,41154691,30386595,40068866,39767224,40033352,39799554,40101692,50694845,50694845,10
2025-10-02 15:09:03,85589,pairwise,VerletClusterLists,1.000000,vcl_sliced_c02,none,SoA,enabled,87586780,19650346,19103959,22111142,20680491,17592751,22141172,20082811,21871938,21530109,27235149,27235149,10
2025-10-02 15:09:03,85599,pairwise,VerletLists,1.000000,vl_list_iteration,none,AoS,disabled,86106330,18363619,18336158,18350455,18335788,18341258,18327401,18331296,18333036,18308908,25113424,25113424,10
2025-10-02 15:09:04,85609,pairwise,VerletLists,1.000000,vl_list_iteration,none,SoA,disabled,294318572,15293238,15271571,15250777,15260708,15215862,15223623,15254242,15238534,15246839,43157396,43157396,10
2025-10-02 15:09:04,85619,pairwise,VerletListsCells,1.000000,vlc_c01,none,AoS,disabled,85540608,12294392,12297033,12310311,12313512,12294809,12299130,12284010,12301554,12308882,19624423,19624423,10
2025-10-02 15:09:04,85629,pairwise,VerletListsCells,1.000000,vlc_c01,none,SoA,disabled,308114047,16907747,16103730,16020211,16001233,16018830,16006458,16001291,16000213,16018916,45319267,45319267,10
2025-10-02 15:09:05,85639,pairwise,VerletListsCells,1.000000,vlc_c18,none,AoS,disabled,71127057,12399800,12407348,12361664,12369313,12378513,12386711,12364089,12410028,12366253,18257077,18257077,10
2025-10-02 15:09:05,85649,pairwise,VerletListsCells,1.000000,vlc_c18,none,AoS,enabled,46918693,7351203,7327448,7325502,7332926,7332432,7326369,7321120,7333064,7311825,11288057,11288057,10
2025-10-02 15:09:05,85659,pairwise,VerletListsCells,1.000000,vlc_c18,none,SoA,disabled,483128290,21181346,21186260,21210496,21196744,21150503,21187738,21229949,21186541,21173881,67383174,67383174,10
2025-10-02 15:09:06,85669,pairwise,VerletListsCells,1.000000,vlc_c18,none,SoA,enabled,293247825,16055502,16048935,16074196,16108397,16105278,16097403,16016738,15216816,15253216,43622430,43622430,10
2025-10-02 15:09:06,85679,pairwise,VerletListsCells,1.000000,vlc_c08,none,AoS,disabled,63574321,12227905,12188466,12182405,12194650,12174804,12206794,12175796,12174803,12170042,17326998,17326998,10
2025-10-02 15:09:06,85689,pairwise,VerletListsCells,1.000000,vlc_c08,none,AoS,enabled,54620884,8029989,7966154,7974449,7962947,7962359,7959583,7962931,7973389,7968905,12638158,12638158,10
2025-10-02 15:09:07,85699,pairwise,VerletListsCells,1.000000,vlc_c08,none,SoA,disabled,432388798,19976509,19982748,19963523,20017278,19991934,20028332,20011078,19991276,19978466,61232993,61232993,10
2025-10-02 15:09:07,85709,pairwise,VerletListsCells,1.000000,vlc_c08,none,SoA,enabled,307291308,17044285,17053711,17026323,17026757,17043900,17038182,17024980,17042710,17027033,46061918,46061918,10
2025-10-02 15:09:08,85719,pairwise,VerletListsCells,1.000000,vlc_sliced,none,AoS,disabled,78489295,19721162,19738574,19685692,19079829,18750718,19705933,19424359,19744105,19669062,25400872,25400872,10
2025-10-02 15:09:08,85729,pairwise,VerletListsCells,1.000000,vlc_sliced,none,AoS,enabled,50480867,9294251,9251216,9272486,9227632,9248533,9287013,9231677,9218596,9071958,13358422,13358422,10
2025-10-02 15:09:08,85739,pairwise,VerletListsCells,1.000000,vlc_sliced,none,SoA,disabled,489800936,26023970,26417148,26426070,26236968,26358967,26333994,26399823,25990805,26400205,72638888,72638888,10
2025-10-02 15:09:09,85749,pairwise,VerletListsCells,1.000000,vlc_sliced,none,SoA,enabled,292523964,17084254,16967510,17186388,17266072,17233280,17206142,17199915,16392400,16376266,44543618,44543618,10
2025-10-02 15:09:09,85759,pairwise,VerletListsCells,1.000000,vlc_sliced_balanced,none,AoS,disabled,75591130,18219991,18274065,18229575,18200294,18208690,18245762,18226202,18230942,18195890,23962253,23962253,10
2025-10-02 15:09:09,85769,pairwise,VerletListsCells,1.000000,vlc_sliced_balanced,none,AoS,enabled,49064858,9273186,9258777,9247714,9267547,9236628,9241146,9257059,9246523,9237258,13233068,13233068,10
2025-10-02 15:09:10,85779,pairwise,VerletListsCells,1.000000,vlc_sliced_balanced,none,SoA,disabled,485632497,26647255,26585229,26510569,26534373,26618325,26510788,26508744,26611428,26535400,72469460,72469460,10
2025-10-02 15:09:10,85789,pairwise,VerletListsCells,1.000000,vlc_sliced_balanced,none,SoA,enabled,295020017,17168589,17187396,17171012,17234315,17145794,16801572,16246584,16330020,16297484,44660277,44660277,10
2025-10-02 15:09:11,85799,pairwise,VerletListsCells,1.000000,vlc_sliced_balanced,squared-particles-per-cell,AoS,disabled,75156962,18471644,18524083,18493813,18430910,18444071,18428502,18415931,18414862,18421273,24120204,24120204,10
2025-10-02 15:09:11,85809,pairwise,VerletListsCells,1.000000,vlc_sliced_balanced,squared-particles-per-cell,AoS,enabled,49469433,9704572,9699632,9695125,9699564,9698181,9688609,9701872,9663958,9698527,13671946,13671946,10
2025-10-02 15:09:12,85819,pairwise,VerletListsCells,1.000000,vlc_sliced_balanced,squared-particles-per-cell,SoA,disabled,461586699,26165625,26067476,25978477,26015606,26040222,26035460,26033331,26022935,25989449,69593527,69593527,10
2025-10-02 15:09:12,85829,pairwise,VerletListsCells,1.000000,vlc_sliced_balanced,squared-particles-per-cell,SoA,enabled,296487686,16949123,16952493,17084606,16997205,16989226,17000960,16756530,16091317,16100825,44740996,44740996,10
2025-10-02 15:09:12,85839,pairwise,VerletListsCells,1.000000,vlc_sliced_balanced,neighbor-list-length,AoS,disabled,75971699,18930341,18973044,18957665,18915778,18960777,18952963,18924984,18916623,18913889,24641775,24641775,10
2025-10-02 15:09:13,85849,pairwise,VerletListsCells,1.000000,vlc_sliced_balanced,neighbor-list-length,AoS,enabled,49203388,9721697,9697650,9682761,9697004,9664353,9673049,9691860,9659882,9678106,13636974,13636974,10
2025-10-02 15:09:13,85859,pairwise,VerletListsCells,1.000000,vlc_sliced_balanced,neighbor-list-length,SoA,disabled,461979791,27160852,27098941,26996214,27041470,27081560,27056731,27042493,27004611,26985355,70544801,70544801,10
2025-10-02 15:09:14,85869,pairwise,VerletListsCells,1.000000,vlc_sliced_balanced,neighbor-list-length,SoA,enabled,296313526,17561471,17533452,17563643,17590275,17530735,17520397,17226630,16687243,16654565,45218193,45218193,10
2025-10-02 15:09:14,85879,pairwise,VerletListsCells,1.000000,vlc_sliced_c02,none,AoS,disabled,79439886,23753671,23832720,23271375,23818948,23637699,23724856,23207202,23675573,23830826,29219274,29219274,10
2025-10-02 15:09:14,85889,pairwise,VerletListsCells,1.000000,vlc_sliced_c02,none,AoS,enabled,52037128,12480087,12493374,12501393,12453010,12475684,12597624,12461090,12538316,12441617,16447932,16447932,10
2025-10-02 15:09:15,85899,pairwise,VerletListsCells,1.000000,vlc_sliced_c02,none,SoA,disabled,470425827,31707170,31470369,31600415,32110767,31921930,31750901,31989055,31852557,31936833,75676582,75676582,10
2025-10-02 15:09:16,85909,pairwise,VerletListsCells,1.000000,vlc_sliced_c02,none,SoA,enabled,301357112,19941493,19945740,19971292,19852016,19927718,19922290,19817298,19102209,18996227,47883339,47883339,10
2025-10-02 15:09:16,85919,pairwise,PairwiseVerletLists,1.000000,vlp_c01,none,AoS,disabled,99078254,15240235,15247197,15250878,15236462,15235675,15238818,15257248,15236457,15245000,23626621,23626621,10
2025-10-02 15:09:17,85929,pairwise,PairwiseVerletLists,1.000000,vlp_c01,none,SoA,disabled,862561411,29933575,29949109,29971851,29986996,29934718,29944701,29917620,29920920,29924898,113204579,113204579,10
2025-10-02 15:09:17,85939,pairwise,PairwiseVerletLists,1.000000,vlp_c18,none,AoS,disabled,95691781,16673244,16677100,16661166,16668214,16657980,16674658,16655467,16673791,16672275,24570567,24570567,10
2025-10-02 15:09:18,85949,pairwise,PairwiseVerletLists,1.000000,vlp_c18,none,AoS,enabled,104711308,10238653,10214830,10216792,10202586,10216959,10210074,10202270,10201491,10214845,19662980,19662980,10
2025-10-02 15:09:19,85959,pairwise,PairwiseVerletLists,1.000000,vlp_c18,none,SoA,disabled,1112448941,28712098,28692070,28698679,28666802,28715891,28663474,28672762,28699089,28690682,137066048,137066048,10
2025-10-02 15:09:20,85969,pairwise,PairwiseVerletLists,1.000000,vlp_c18,none,SoA,enabled,759453521,21192570,21211436,21202280,21180483,21158056,21192217,21192077,21211052,21192788,95018648,95018648,10
2025-10-02 15:09:20,85979,pairwise,PairwiseVerletLists,1.000000,vlp_sliced,none,AoS,disabled,106857861,27411626,27315853,27343934,26109053,27340317,27424177,27285329,27263566,27324693,35167640,35167640,10
2025-10-02 15:09:21,85989,pairwise,PairwiseVerletLists,1.000000,vlp_sliced,none,AoS,enabled,125392426,12440404,12413684,12399054,12377666,12389086,12370795,12398087,12392559,12326760,23690051,23690051,10
2025-10-02 15:09:22,85999,pairwise,PairwiseVerletLists,1.000000,vlp_sliced,none,SoA,disabled,1083422231,39469070,39164948,39158271,39400848,39149248,39475931,39381735,39454635,39425938,143750285,143750285,10
2025-10-02 15:09:23,86009,pairwise,PairwiseVerletLists,1.000000,vlp_sliced,none,SoA,enabled,751122780,27090013,26614918,26796898,26920735,27072390,27041229,26546647,26558896,27084371,99284887,99284887,10
2025-10-02 15:09:23,86019,pairwise,PairwiseVerletLists,1.000000,vlp_sliced_balanced,none,AoS,disabled,108141137,27422469,27371614,27340902,27387651,27435758,27352395,27427208,27409721,27459498,35474834,35474834,10
2025-10-02 15:09:24,86029,pairwise,PairwiseVerletLists,1.000000,vlp_sliced_balanced,none,AoS,enabled,124966348,12411561,12397371,12418167,12427000,12416999,12405088,12395512,12381855,12396013,23661591,23661591,10
2025-10-02 15:09:25,86039,pairwise,PairwiseVerletLists,1.000000,vlp_sliced_balanced,none,SoA,disabled,1081503541,39527202,39484971,39487757,39455346,39478139,39417511,39468373,39449123,39503665,143677562,143677562,10
2025-10-02 15:09:26,86049,pairwise,PairwiseVerletLists,1.000000,vlp_sliced_balanced,none,SoA,enabled,750982852,26969353,26854382,26855653,26958651,26855311,26839114,26832460,26837897,26825669,99281134,99281134,10
2025-10-02 15:09:27,86059,pairwise,PairwiseVerletLists,1.000000,vlp_sliced_c02,none,AoS,disabled,116559723,35479556,35984441,35851035,35891138,35898766,35798215,35657443,36075657,35973928,43916989,43916989,10
2025-10-02 15:09:27,86069,pairwise,PairwiseVerletLists,1.000000,vlp_sliced_c02,none,AoS,enabled,129162922,16134031,16089831,16108893,15949795,16094642,16003606,16065342,16053076,16079952,27374209,27374209,10
2025-10-02 15:09:28,86079,pairwise,PairwiseVerletLists,1.000000,vlp_sliced_c02,none,SoA,disabled,1095067619,49616961,49554546,49474567,49379753,49767478,49537855,49488584,49422819,49337490,154064766,154064766,10
2025-10-02 15:09:29,86089,pairwise,PairwiseVerletLists,1.000000,vlp_sliced_c02,none,SoA,enabled,759035340,33347619,33152527,33254999,33100219,33182858,33148705,33228675,33140234,32904940,105749611,105749611,10
2025-10-02 15:09:30,86099,pairwise,PairwiseVerletLists,1.000000,vlp_c08,none,AoS,disabled,101210967,21575980,21539013,21511042,21500387,21486615,21476521,21487127,21478804,21478414,29474487,29474487,10
2025-10-02 15:09:30,86109,pairwise,PairwiseVerletLists,1.000000,vlp_c08,none,AoS,enabled,124988266,11955009,11864323,11850212,11839578,11829055,11826959,11819858,11817027,11818461,23160874,23160874,10
2025-10-02 15:09:31,86119,pairwise,PairwiseVerletLists,1.000000,vlp_c08,none,SoA,disabled,1072871905,32481861,32500772,32462089,32472060,32440003,32459124,32466163,32466340,32448640,136506895,136506895,10
2025-10-02 15:09:32,86129,pairwise,PairwiseVerletLists,1.000000,vlp_c08,none,SoA,enabled,745727819,23325746,23318481,23337450,23301047,23353069,23316876,23333230,23305076,23307234,95562602,95562602,10
2025-10-02 15:11:34,90009,pairwise,LinkedCells,1.000000,lc_c01,none,AoS,disabled,24304797,24218939,24407629,24640886,24076242,24318441,24448056,24058915,24323048,24397949,24319489,24319489,10
2025-10-02 15:11:34,90019,pairwise,LinkedCells,1.000000,lc_c01,none,SoA,disabled,15454414,15340300,15307941,15332905,15071252,15029122,14885632,15082666,15180681,15173424,15185833,15185833,10
2025-10-02 15:11:34,90029,pairwise,LinkedCells,1.000000,lc_c01_combined_SoA,none,SoA,disabled,12205240,12287184,12138493,12122564,12163130,12057866,12174549,12160929,12127487,12161870,12159930,12159930,10
2025-10-02 15:11:34,90039,pairwise,LinkedCells,1.000000,lc_c04,none,AoS,disabled,16230690,16133893,16155251,16156321,16227402,16196466,16164945,16095891,16122470,16116104,16159942,16159942,10
2025-10-02 15:11:34,90049,pairwise,LinkedCells,1.000000,lc_c04,none,AoS,enabled,11974852,11939423,11956041,11925403,11936169,11978928,11940301,11993620,12031217,11960830,11963677,11963677,10
2025-10-02 15:11:34,90059,pairwise,LinkedCells,1.000000,lc_c04,none,SoA,disabled,13939578,13920382,13918904,13887527,13895124,13830360,13861891,13933912,13874175,13862982,13892482,13892482,10
2025-10-02 15:11:35,90069,pairwise,LinkedCells,1.000000,lc_c04,none,SoA,enabled,9355689,9401600,9380036,9386205,9377969,9394621,9364104,9411100,9359780,9384599,9381570,9381570,10
2025-10-02 15:11:35,90079,pairwise,LinkedCells,1.000000,lc_c04_HCP,none,AoS,disabled,15506102,15500271,15493402,15505344,15512224,15496476,15483882,15476390,15481401,15488662,15494414,15494414,10
2025-10-02 15:11:35,90089,pairwise,LinkedCells,1.000000,lc_c04_HCP,none,AoS,enabled,11737953,11721104,11716075,11720243,11721537,11738370,11751494,11730610,11742106,11767408,11734689,11734689,10
2025-10-02 15:11:35,90099,pairwise,LinkedCells,1.000000,lc_c04_HCP,none,SoA,disabled,14323632,14345804,14316789,14302056,14322451,14312485,14307212,14312511,14330233,14282630,14315579,14315579,10
2025-10-02 15:11:35,90109,pairwise,LinkedCells,1.000000,lc_c04_HCP,none,SoA,enabled,10243689,10274086,10182945,10180722,10119563,10138403,10161440,10150486,10193544,10176842,10182171,10182171,10
2025-10-02 15:11:35,90119,pairwise,LinkedCells,1.000000,lc_c04_combined_SoA,none,SoA,disabled,15442006,15591650,15488774,15523002,15446573,15607519,15548380,15466302,15476847,15396359,15498741,15498741,10
2025-10-02 15:11:35,90129,pairwise,LinkedCells,1.000000,lc_c04_combined_SoA,none,SoA,enabled,12555819,12561418,12627302,12518427,12458542,12712510,12538007,12610468,12422969,12595701,12560115,12560115,10
2025-10-02 15:11:36,90139,pairwise,LinkedCells,1.000000,lc_c08,none,AoS,disabled,16496001,16482631,16375747,16529850,16525787,16520120,16585897,16537290,16548845,16536230,16513839,16513839,10
2025-10-02 15:11:36,90149,pairwise,LinkedCells,1.000000,lc_c08,none,AoS,enabled,12929098,12904425,12918588,12913087,12934964,12928510,12930528,12965693,12904356,12905931,12923518,12923518,10
2025-10-02 15:11:36,90159,pairwise,LinkedCells,1.000000,lc_c08,none,SoA,disabled,17624167,17548599,17505782,17410943,17416508,17405988,17381792,17388306,17425508,17386873,17449446,17449446,10
2025-10-02 15:11:36,90169,pairwise,LinkedCells,1.000000,lc_c08,none,SoA,enabled,13629247,13500609,13536087,13541548,13441804,13546277,13452533,13454706,13490242,13468504,13506154,13506154,10
2025-10-02 15:11:36,90179,pairwise,LinkedCells,1.000000,lc_c18,none,AoS,disabled,16759894,16731186,16732009,16728914,16733418,16754634,16713432,16715477,16723197,16685042,16727719,16727719,10
2025-10-02 15:11:36,90189,pairwise,LinkedCells,1.000000,lc_c18,none,AoS,enabled,13005743,12989902,13028735,12975650,12961601,12986688,13025676,12976801,12975353,12988478,12991462,12991462,10
2025-10-02 15:11:37,90199,pairwise,LinkedCells,1.000000,lc_c18,none,SoA,disabled,18244190,17088616,18441133,18323000,17741695,17708897,18306402,17092978,17815326,17428178,17819040,17819040,10
2025-10-02 15:11:37,90209,pairwise,LinkedCells,1.000000,lc_c18,none,SoA,enabled,11307470,12100699,12078050,12084164,11732388,11680266,11595172,11658091,11999653,12082509,11831846,11831846,10
2025-10-02 15:11:37,90219,pairwise,LinkedCells,1.000000,lc_sliced,none,AoS,disabled,19012304,19058647,19182078,19184066,19009597,19192941,19154083,19182885,19197120,19123276,19129699,19129699,10
2025-10-02 15:11:37,90229,pairwise,LinkedCells,1.000000,lc_sliced,none,AoS,enabled,13246619,14000890,13901780,13947129,14027508,13939104,14056300,14064898,14087671,14046603,13931850,13931850,10
2025-10-02 15:11:37,90239,pairwise,LinkedCells,1.000000,lc_sliced,none,SoA,disabled,15304571,15164561,15215629,15185118,15246481,15169466,15168497,15148465,15186145,15189875,15197880,15197880,10
2025-10-02 15:11:37,90249,pairwise,LinkedCells,1.000000,lc_sliced,none,SoA,enabled,9502757,9496137,9428772,9493980,9444978,9383830,9430151,9416300,9421557,9409915,9442837,9442837,10
2025-10-02 15:11:38,90259,pairwise,LinkedCells,1.000000,lc_sliced_balanced,none,AoS,disabled,19210214,19216679,19261531,19192003,19182503,19236525,19197343,19200522,19235788,19237527,19217063,19217063,10
2025-10-02 15:11:38,90269,pairwise,LinkedCells,1.000000,lc_sliced_balanced,none,AoS,enabled,14029921,14047422,14061941,14039413,14050161,14026187,14079051,14045374,14048329,14089760,14051755,14051755,10
2025-10-02 15:11:38,90279,pairwise,LinkedCells,1.000000,lc_sliced_balanced,none,SoA,disabled,15201977,15216824,15244750,15229489,15190260,15154361,15137142,15197036,15218432,15188680,15197894,15197894,10
2025-10-02 15:11:38,90289,pairwise,LinkedCells,1.000000,lc_sliced_balanced,none,SoA,enabled,9454786,9486635,9481191,9430676,9438579,9460227,9429750,9433282,9420269,9432580,9446796,9446796,10
2025-10-02 15:11:38,90299,pairwise,LinkedCells,1.000000,lc_sliced_balanced,squared-particles-per-cell,AoS,disabled,19242488,18994304,18960366,18933485,18932002,18913494,18909731,18945504,18949610,18933042,18971402,18971402,10
2025-10-02 15:11:38,90309,pairwise,LinkedCells,1.000000,lc_sliced_balanced,squared-particles-per-cell,AoS,enabled,13958188,13913600,13873801,13830053,13840186,13877678,13857749,13835038,13845732,13839591,13867161,13867161,10
2025-10-02 15:11:39,90319,pairwise,LinkedCells,1.000000,lc_sliced_balanced,squared-particles-per-cell,SoA,disabled,19457371,16588895,16571598,16564683,16568734,16532346,16570075,16572381,16570246,16550476,16854679,16854679,10
2025-10-02 15:11:39,90329,pairwise,LinkedCells,1.000000,lc_sliced_balanced,squared-particles-per-cell,SoA,enabled,11038897,10838936,10860001,10810861,10816102,10805697,10803265,10814545,10787862,10798465,10837462,10837462,10
2025-10-02 15:11:39,90339,pairwise,LinkedCells,1.000000,lc_sliced_c02,none,AoS,disabled,19246056,18971968,18451401,18961892,19005439,18913397,18409869,18941101,18881632,19024983,18880773,18880773,10
2025-10-02 15:11:39,90349,pairwise,LinkedCells,1.000000,lc_sliced_c02,none,AoS,enabled,13686540,13747667,13867483,13861191,13839721,13905979,13626343,13840472,13836749,13909116,13812126,13812126,10
2025-10-02 15:11:39,90359,pairwise,LinkedCells,1.000000,lc_sliced_c02,none,SoA,disabled,17600198,15011517,14941239,15057974,15007084,15089024,14985458,15221952,14969557,14914641,15279863,15279863,10
2025-10-02 15:11:39,90369,pairwise,LinkedCells,1.000000,lc_sliced_c02,none,SoA,enabled,9381961,9212657,9329675,9196545,9145520,9159307,9183846,9142393,9164952,9227521,9214437,9214437,10
2025-10-02 15:11:40,90379,pairwise,VerletClusterLists,1.000000,vcl_c01_balanced,none,AoS,disabled,145492911,31261154,31222657,31231581,31177546,31323302,31189862,31206821,31261435,31263918,42663118,42663118,10
2025-10-02 15:11:40,90389,pairwise,VerletClusterLists,1.000000,vcl_c01_balanced,none,SoA,disabled,100070063,11490929,11470565,11476168,11513568,11446054,11452068,11453703,11424710,11513808,20331162,20331162,10
2025-10-02 15:11:41,90399,pairwise,VerletClusterLists,1.000000,vcl_c06,none,AoS,disabled,124215096,36035804,36467130,36078679,36025267,36328778,36302928,36657088,36421448,36837882,45137010,45137010,10
2025-10-02 15:11:41,90409,pairwise,VerletClusterLists,1.000000,vcl_c06,none,AoS,enabled,69188179,18114527,18040823,17945379,18182533,18230955,18217955,18135520,18264130,18262310,23258230,23258230,10
2025-10-02 15:11:41,90419,pairwise,VerletClusterLists,1.000000,vcl_c06,none,SoA,disabled,101879989,13366057,13289814,13286666,13326564,13357495,13453658,13366100,13290003,13363717,22198005,22198005,10
2025-10-02 15:11:41,90429,pairwise,VerletClusterLists,1.000000,vcl_c06,none,SoA,enabled,58325206,7681970,7610754,7527486,7649796,7574287,7584333,7566707,7562913,7571935,12665538,12665538,10
2025-10-02 15:11:42,90439,pairwise,VerletClusterLists,1.000000,vcl_sliced,none,AoS,disabled,157946810,66986579,67074719,66867495,70100218,70076654,69803835,69918901,69462777,69862659,77810063,77810063,10
2025-10-02 15:11:42,90449,pairwise,VerletClusterLists,1.000000,vcl_sliced,none,AoS,enabled,85738569,35223179,35353626,35353668,35366818,35283153,31885622,35068107,35253851,35229959,39975655,39975655,10
2025-10-02 15:11:43,90459,pairwise,VerletClusterLists,1.000000,vcl_sliced,none,SoA,disabled,108459415,19913698,19943355,19465608,19925143,19920024,19873601,19917348,19849747,19847153,28711508,28711508,10
2025-10-02 15:11:43,90469,pairwise,VerletClusterLists,1.000000,vcl_sliced,none,SoA,enabled,61487948,11141662,11096725,11076924,11110401,11136074,11145789,11110320,11113598,11100988,16152042,16152042,10
2025-10-02 15:11:44,90479,pairwise,VerletClusterLists,1.000000,vcl_sliced_balanced,none,AoS,disabled,158407268,70225571,70184005,70213249,70220741,70179833,70027372,70247263,70126156,70154261,78998571,78998571,10
2025-10-02 15:11:44,90489,pairwise,VerletClusterLists,1.000000,vcl_sliced_balanced,none,AoS,enabled,85895934,35393787,35433401,35391172,35387464,35310267,35372201,35376590,35459863,35447434,40446810,40446810,10
2025-10-02 15:11:45,90499,pairwise,VerletClusterLists,1.000000,vcl_sliced_balanced,none,SoA,disabled,108513332,20042375,20047910,20038024,20106393,20021921,20035316,20056275,20015152,19988308,28886499,28886499,10
2025-10-02 15:11:45,90509,pairwise,VerletClusterLists,1.000000,vcl_sliced_balanced,none,SoA,enabled,61782565,11076600,11066526,11137863,11171432,11096249,11075189,11074260,11088712,11069571,16163896,16163896,10
2025-10-02 15:11:46,90519,pairwise,VerletClusterLists,1.000000,vcl_sliced_balanced,neighbor-list-length,AoS,disabled,178968055,70065075,70066881,70165224,70120910,70037572,70019720,70119129,70063905,70078927,80970539,80970539,10
2025-10-02 15:11:46,90529,pairwise,VerletClusterLists,1.000000,vcl_sliced_balanced,neighbor-list-length,AoS,enabled,85141715,35421086,35360017,35361787,35410476,35459282,35419504,35391219,35459576,35404907,40382956,40382956,10
2025-10-02 15:11:46,90539,pairwise,VerletClusterLists,1.000000,vcl_sliced_balanced,neighbor-list-length,SoA,disabled,108387333,20089288,20045252,20065147,20059979,20055647,20062465,20071353,20032756,20061826,28893104,28893104,10
2025-10-02 15:11:46,90549,pairwise,VerletClusterLists,1.000000,vcl_sliced_balanced,neighbor-list-length,SoA,enabled,61428123,11150284,11167414,11160582,11163733,11164589,11170011,11182022,11145269,11154038,16188606,16188606,10
2025-10-02 15:11:47,90559,pairwise,VerletClusterLists,1.000000,vcl_sliced_c02,none,AoS,disabled,194821842,87621706,86217855,86419503,87663245,86328651,87632909,86285639,81340936,86264991,97059727,97059727,10
2025-10-02 15:11:48,90569,pairwise,VerletClusterLists,1.000000,vcl_sliced_c02,none,AoS,enabled,94219821,43570665,43633094,43629742,44278347,44337623,44269444,42773912,42156725,42670237,48553960,48553960,10
2025-10-02 15:11:48,90579,pairwise,VerletClusterLists,1.000000,vcl_sliced_c02,none,SoA,disabled,114211740,26108948,25786070,24925357,26072962,26127523,25356978,26144399,26123527,26094122,34695162,34695162,10
2025-10-02 15:11:49,90589,pairwise,VerletClusterLists,1.000000,vcl_sliced_c02,none,SoA,enabled,64867152,14536007,14555243,14558334,14426620,14575612,14567177,14294412,14552370,14552051,19548497,19548497,10
2025-10-02 15:11:49,90599,pairwise,VerletLists,1.000000,vl_list_iteration,none,AoS,disabled,80066913,15869980,15857848,15851256,15860872,15861105,15843761,15838797,15847780,15850387,22274869,22274869,10
2025-10-02 15:11:49,90609,pairwise,VerletLists,1.000000,vl_list_iteration,none,SoA,disabled,252521105,13304686,13261435,13280618,13268907,13256752,13212030,13233924,13244467,13227331,37181125,37181125,10
2025-10-02 15:11:50,90619,pairwise,VerletListsCells,1.000000,vlc_c01,none,AoS,disabled,74287434,9517470,9518807,9511562,9527099,9505283,9515683,9501565,9507232,9499293,15989142,15989142,10
2025-10-02 15:11:50,90629,pairwise,VerletListsCells,1.000000,vlc_c01,none,SoA,disabled,261342655,14814037,13921422,13947899,13921115,13911153,13900833,13905707,13945359,13905095,38751527,38751527,10
2025-10-02 15:11:50,90639,pairwise,VerletListsCells,1.000000,vlc_c18,none,AoS,disabled,58409193,9981110,9972869,9973033,9969882,9979506,9974230,9988047,9971620,9971564,14819105,14819105,10
2025-10-02 15:11:50,90649,pairwise,VerletListsCells,1.000000,vlc_c18,none,AoS,enabled,41597465,6108938,6059769,6075191,6072472,6072829,6070653,6076002,6084427,6074781,9629252,9629252,10
2025-10-02 15:11:51,90659,pairwise,VerletListsCells,1.000000,vlc_c18,none,SoA,disabled,411869127,18341800,18321833,18305793,18305874,18319402,18355048,18334207,18306837,18288289,57674820,57674820,10
2025-10-02 15:11:51,90669,pairwise,VerletListsCells,1.000000,vlc_c18,none,SoA,enabled,256612618,14488936,14396395,14459539,14450736,14526466,14539821,13672141,13680267,13690724,38451763,38451763,10
2025-10-02 15:11:51,90679,pairwise,VerletListsCells,1.000000,vlc_c08,none,AoS,disabled,52161471,9734339,9714069,9699692,9698777,9682901,9700714,9706301,9705543,9696559,13950036,13950036,10
2025-10-02 15:11:51,90689,pairwise,VerletListsCells,1.000000,vlc_c08,none,AoS,enabled,46606066,6612750,6562755,6572106,6563963,6563443,6548973,6563859,6554966,6561264,10571013,10571013,10
2025-10-02 15:11:52,90699,pairwise,VerletListsCells,1.000000,vlc_c08,none,SoA,disabled,370759984,17624671,17624047,17624514,17626235,17643671,17594362,17605245,17589630,17608876,52930123,52930123,10
2025-10-02 15:11:52,90709,pairwise,VerletListsCells,1.000000,vlc_c08,none,SoA,enabled,290565078,15608943,15622214,15622011,15608761,15608082,15620247,15637899,15597678,15617508,43110842,43110842,10
2025-10-02 15:11:53,90719,pairwise,VerletListsCells,1.000000,vlc_sliced,none,AoS,disabled,65316137,15656829,15645374,15701768,15723962,15623486,15686128,15698805,15677178,15706984,20643665,20643665,10
2025-10-02 15:11:53,90729,pairwise,VerletListsCells,1.000000,vlc_sliced,none,AoS,enabled,43752841,7374557,7336256,7331129,7322291,7328555,7303281,7344393,7317460,7283684,10969444,10969444,10
2025-10-02 15:11:53,90739,pairwise,VerletListsCells,1.000000,vlc_sliced,none,SoA,disabled,419703788,22765102,22741783,22640177,22635875,22652255,22675585,22695590,22686578,21606562,62280328,62280328,10
2025-10-02 15:11:54,90749,pairwise,VerletListsCells,1.000000,vlc_sliced,none,SoA,enabled,253667954,15196892,14877678,15225137,15296279,15221804,14276500,14443408,14425295,14419988,38705093,38705093,10
2025-10-02 15:11:54,90759,pairwise,VerletListsCells,1.000000,vlc_sliced_balanced,none,AoS,disabled,62815176,14194941,14170787,14166069,14206260,14226659,14209933,14182145,14155553,14140438,19046795,19046795,10
2025-10-02 15:11:54,90769,pairwise,VerletListsCells,1.000000,vlc_sliced_balanced,none,AoS,enabled,43060905,7408470,7380976,7353512,7378717,7355936,7361021,7353792,7353980,7346638,10935394,10935394,10
2025-10-02 15:11:55,90779,pairwise,VerletListsCells,1.000000,vlc_sliced_balanced,none,SoA,disabled,412697687,23017720,22858531,22851278,22788100,22844519,22845992,22811633,22804997,22803746,61832419,61832419,10
2025-10-02 15:11:55,90789,pairwise,VerletListsCells,1.000000,vlc_sliced_balanced,none,SoA,enabled,256585362,15124928,15094809,15108756,15147882,15176015,14309027,14306018,14292792,14313936,38945951,38945951,10
2025-10-02 15:11:55,90799,pairwise,VerletListsCells,1.000000,vlc_sliced_balanced,squared-particles-per-cell,AoS,disabled,61476067,14404187,14376174,14373572,14308529,14329068,14330680,14284464,14332630,14336003,19055136,19055136,10
2025-10-02 15:11:56,90809,pairwise,VerletListsCells,1.000000,vlc_sliced_balanced,squared-particles-per-cell,AoS,enabled,43093676,7785845,7749837,7747866,7715812,7694973,7697819,7728193,7692462,7714262,11262073,11262073,10
2025-10-02 15:11:56,90819,pairwise,VerletListsCells,1.000000,vlc_sliced_balanced,squared-particles-per-cell,SoA,disabled,390815446,22386168,22365841,22377353,22332291,22346126,22352862,22354099,22364139,22361994,59205631,59205631,10
2025-10-02 15:11:57,90829,pairwise,VerletListsCells,1.000000,vlc_sliced_balanced,squared-particles-per-cell,SoA,enabled,256234985,14962087,14865947,14879472,14961308,15142170,15135723,14204177,14133433,14127950,38864725,38864725,10
2025-10-02 15:11:57,90839,pairwise,VerletListsCells,1.000000,vlc_sliced_balanced,neighbor-list-length,AoS,disabled,62616490,15042854,15034316,14974421,15019125,15047364,15039942,14985114,14990933,15008879,19775943,19775943,10
2025-10-02 15:11:57,90849,pairwise,VerletListsCells,1.000000,vlc_sliced_balanced,neighbor-list-length,AoS,enabled,42788941,7852221,7802926,7810211,7811859,7799528,7803704,7811492,7795058,7784330,11306026,11306026,10
2025-10-02 15:11:58,90859,pairwise,VerletListsCells,1.000000,vlc_sliced_balanced,neighbor-list-length,SoA,disabled,392901201,23517604,23287947,23378826,23377194,23417550,23409437,23388970,23357720,23360318,60339676,60339676,10
2025-10-02 15:11:58,90869,pairwise,VerletListsCells,1.000000,vlc_sliced_balanced,neighbor-list-length,SoA,enabled,258416580,15524417,15455083,15352982,15497596,15582008,15565293,14811764,14692934,14696821,39559547,39559547,10
2025-10-02 15:11:58,90879,pairwise,VerletListsCells,1.000000,vlc_sliced_c02,none,AoS,disabled,65942784,18076262,18436036,18548140,18457731,17777125,18479742,18602893,18506854,18563514,23139108,23139108,10
2025-10-02 15:11:59,90889,pairwise,VerletListsCells,1.000000,vlc_sliced_c02,none,AoS,enabled,45379716,9924943,9943100,9960820,9824162,9921697,9982001,9913146,9843463,9943084,13463612,13463612,10
2025-10-02 15:11:59,90899,pairwise,VerletListsCells,1.000000,vlc_sliced_c02,none,SoA,disabled,400246079,27568479,27368268,27441568,27345548,26733997,27415125,27484218,27025948,27382214,64601143,64601143,10
2025-10-02 15:12:00,90909,pairwise,VerletListsCells,1.000000,vlc_sliced_c02,none,SoA,enabled,261263380,17565750,17426382,17388375,17457104,17594823,17088666,17168823,16747310,16566404,41626701,41626701,10
2025-10-02 15:12:00,90919,pairwise,PairwiseVerletLists,1.000000,vlp_c01,none,AoS,disabled,80893058,12429658,12434964,12430238,12424374,12428029,12446480,12436932,12431085,12420767,19277557,19277557,10
2025-10-02 15:12:01,90929,pairwise,PairwiseVerletLists,1.000000,vlp_c01,none,SoA,disabled,937132855,27042660,27054885,27023253,27024347,27024522,27022625,27004948,27022408,27028148,118038064,118038064,10
2025-10-02 15:12:01,90939,pairwise,PairwiseVerletLists,1.000000,vlp_c18,none,AoS,disabled,80330965,14174176,14165939,14168383,14178893,14166922,14204973,14171300,14163106,14165692,20789034,20789034,10
2025-10-02 15:12:02,90949,pairwise,PairwiseVerletLists,1.000000,vlp_c18,none,AoS,enabled,93764499,8980909,8944306,8950911,8948255,8954381,8962500,8937499,8953978,8956110,17435334,17435334,10
2025-10-02 15:12:03,90959,pairwise,PairwiseVerletLists,1.000000,vlp_c18,none,SoA,disabled,1235263932,24824236,24837787,24824745,24816606,24810062,24812933,24809754,24813542,24840754,145865434,145865434,10
2025-10-02 15:12:04,90969,pairwise,PairwiseVerletLists,1.000000,vlp_c18,none,SoA,enabled,742106188,18669346,18666105,18681113,18638177,18675692,18662220,18654196,18661292,18677710,91009203,91009203,10
2025-10-02 15:12:04,90979,pairwise,PairwiseVerletLists,1.000000,vlp_sliced,none,AoS,disabled,90694870,23227558,23361065,23214322,23343976,23219700,23307345,23170538,23141033,22712531,29939293,29939293,10
2025-10-02 15:12:04,90989,pairwise,PairwiseVerletLists,1.000000,vlp_sliced,none,AoS,enabled,113830600,10548933,10423638,10473914,10534881,10541951,10515733,10553125,10507480,10492873,20842312,20842312,10
2025-10-02 15:12:06,90999,pairwise,PairwiseVerletLists,1.000000,vlp_sliced,none,SoA,disabled,1156107251,34669125,34583112,34753219,34758308,34472790,34693514,34567763,34450960,34305477,146736151,146736151,10
2025-10-02 15:12:07,91009,pairwise,PairwiseVerletLists,1.000000,vlp_sliced,none,SoA,enabled,741846718,23617395,23602435,23520497,23607344,23440542,23565554,23530479,23535337,23647113,95391341,95391341,10
2025-10-02 15:12:07,91019,pairwise,PairwiseVerletLists,1.000000,vlp_sliced_balanced,none,AoS,disabled,91006905,23393015,23376058,23408785,23390406,23375365,23388452,23363533,23355432,23371918,30142986,30142986,10
2025-10-02 15:12:07,91029,pairwise,PairwiseVerletLists,1.000000,vlp_sliced_balanced,none,AoS,enabled,113906246,10554392,10547447,10502201,10507582,10499990,10481762,10483483,10487921,10487032,20845805,20845805,10
2025-10-02 15:12:09,91039,pairwise,PairwiseVerletLists,1.000000,vlp_sliced_balanced,none,SoA,disabled,1158349153,34670469,34572301,34690472,34599497,34575737,34578520,34611799,34628234,34526697,146980287,146980287,10
2025-10-02 15:12:10,91049,pairwise,PairwiseVerletLists,1.000000,vlp_sliced_balanced,none,SoA,enabled,742798476,23483961,23413161,23417132,23545312,23421076,23388588,23402481,23413147,23498068,95378139,95378139,10
2025-10-02 15:12:10,91059,pairwise,PairwiseVerletLists,1.000000,vlp_sliced_c02,none,AoS,disabled,98865106,31096830,30223510,30254738,31000504,30847289,30863751,30727598,30863834,30642909,37538606,37538606,10
2025-10-02 15:12:11,91069,pairwise,PairwiseVerletLists,1.000000,vlp_sliced_c02,none,AoS,enabled,117047991,13535816,13390701,13394604,13395849,13472383,13422069,13393330,13449919,13396322,23789898,23789898,10
2025-10-02 15:12:12,91079,pairwise,PairwiseVerletLists,1.000000,vlp_sliced_c02,none,SoA,disabled,1161814457,41268822,42294506,42401054,42619642,42231078,42238827,42576450,42580252,42568122,154259320,154259320,10
2025-10-02 15:12:13,91089,pairwise,PairwiseVerletLists,1.000000,vlp_sliced_c02,none,SoA,enabled,746981706,28512299,27378935,28566129,28651452,28568914,28644798,28675223,28421536,28703678,100310466,100310466,10
2025-10-02 15:12:13,91099,pairwise,PairwiseVerletLists,1.000000,vlp_c08,none,AoS,disabled,86775738,18881815,18841879,18810340,18803718,18789814,18784778,18792272,18779777,18775191,25603531,25603531,10
2025-10-02 15:12:14,91109,pairwise,PairwiseVerletLists,1.000000,vlp_c08,none,AoS,enabled,114174026,10751585,10646063,10645215,10629987,10632662,10623724,10628069,10625097,10621260,20997768,20997768,10
2025-10-02 15:12:15,91119,pairwise,PairwiseVerletLists,1.000000,vlp_c08,none,SoA,disabled,1152121276,29250420,28729388,28710676,28716928,28693794,28720224,28705489,28695809,28705755,141104975,141104975,10
2025-10-02 15:12:16,91129,pairwise,PairwiseVerletLists,1.000000,vlp_c08,none,SoA,enabled,740027190,21309867,21323872,21309894,21297318,21264378,21305051,21309175,21276966,21339974,93176368,93176368,10
2025-10-02 15:14:04,95009,pairwise,LinkedCells,1.000000,lc_c01,none,AoS,disabled,21926597,21903930,22021279,22215404,21963363,21864139,21928547,22096799,21856322,21836712,21961309,21961309,10
2025-10-02 15:14:04,95019,pairwise,LinkedCells,1.000000,lc_c01,none,SoA,disabled,14899163,14814935,14815484,14857030,14835739,14902791,14799859,14686271,14550218,14556777,14771826,14771826,10
2025-10-02 15:14:05,95029,pairwise,LinkedCells,1.000000,lc_c01_combined_SoA,none,SoA,disabled,12291637,12290238,12400461,12400903,12367374,12397464,12153618,12224935,12315421,12316720,12315876,12315876,10
2025-10-02 15:14:05,95039,pairwise,LinkedCells,1.000000,lc_c04,none,AoS,disabled,14836892,14865712,14799939,14738438,14834205,14795362,14800218,14811226,14865973,14893283,14824124,14824124,10
2025-10-02 15:14:05,95049,pairwise,LinkedCells,1.000000,lc_c04,none,AoS,enabled,11030758,10997008,11046457,10995171,11059904,11084781,11068511,10994916,10968406,11017000,11026290,11026290,10
2025-10-02 15:14:05,95059,pairwise,LinkedCells,1.000000,lc_c04,none,SoA,disabled,13482600,13385304,13429863,13485147,13462195,13519806,13432707,13428671,13444034,13524111,13459443,13459443,10
2025-10-02 15:14:05,95069,pairwise,LinkedCells,1.000000,lc_c04,none,SoA,enabled,9278742,9256417,9234097,9246177,9263673,9255385,9235753,9253669,9214929,9232087,9247092,9247092,10
2025-10-02 15:14:05,95079,pairwise,LinkedCells,1.000000,lc_c04_HCP,none,AoS,disabled,14226567,14256322,14279470,14302542,14281459,14245068,14235482,14246282,14218278,14221180,14251264,14251264,10
2025-10-02 15:14:05,95089,pairwise,LinkedCells,1.000000,lc_c04_HCP,none,AoS,enabled,10794559,10801259,10767133,10770382,10782762,10770208,10787028,10780315,10769114,10796290,10781905,10781905,10
2025-10-02 15:14:06,95099,pairwise,LinkedCells,1.000000,lc_c04_HCP,none,SoA,disabled,13874671,13842458,13832355,13783615,13804845,13757107,13783488,13781214,13741834,13740702,13794228,13794228,10
2025-10-02 15:14:06,95109,pairwise,LinkedCells,1.000000,lc_c04_HCP,none,SoA,enabled,9977527,9984760,9975516,9957015,9949934,9953095,9929879,9993367,9938228,9910901,9957021,9957021,10
2025-10-02 15:14:06,95119,pairwise,LinkedCells,1.000000,lc_c04_combined_SoA,none,SoA,disabled,15402219,15355928,15246019,15419123,15326822,15315145,15373542,15420447,15451229,15390462,15370093,15370093,10
2025-10-02 15:14:06,95129,pairwise,LinkedCells,1.000000,lc_c04_combined_SoA,none,SoA,enabled,12759096,12537506,12530175,12683150,12633054,12571715,12578992,12644468,12601676,12652381,12619220,12619220,10
2025-10-02 15:14:06,95139,pairwise,LinkedCells,1.000000,lc_c08,none,AoS,disabled,15249306,15076058,15065399,15195725,15114220,15060371,15094161,15039886,14947659,15026772,15086955,15086955,10
2025-10-02 15:14:06,95149,pairwise,LinkedCells,1.000000,lc_c08,none,AoS,enabled,11532012,11803468,11715419,11655568,11660830,11724762,11766701,11636987,11684251,11668527,11684851,11684851,10
2025-10-02 15:14:06,95159,pairwise,LinkedCells,1.000000,lc_c08,none,SoA,disabled,17091194,17002612,16974781,16972421,16970891,16924361,16938468,16935252,16882494,16895467,16958794,16958794,10
2025-10-02 15:14:07,95169,pairwise,LinkedCells,1.000000,lc_c08,none,SoA,enabled,13305564,13249692,13252696,13214030,13225690,13208666,13226153,13206243,13158142,13174628,13222150,13222150,10
2025-10-02 15:14:07,95179,pairwise,LinkedCells,1.000000,lc_c18,none,AoS,disabled,15424392,15393098,15392773,15408965,15362547,15355448,15354289,15392547,15355896,15368761,15380871,15380871,10
2025-10-02 15:14:07,95189,pairwise,LinkedCells,1.000000,lc_c18,none,AoS,enabled,11952668,11970524,11946159,11968355,11927440,11970655,11946086,11962567,11920559,11986029,11955103,11955103,10
2025-10-02 15:14:07,95199,pairwise,LinkedCells,1.000000,lc_c18,none,SoA,disabled,18290680,18210807,18256550,18203064,18260925,18255541,18249042,18271942,18304844,18251893,18255528,18255528,10
2025-10-02 15:14:07,95209,pairwise,LinkedCells,1.000000,lc_c18,none,SoA,enabled,12323415,12299419,12289734,11992793,11578785,11860000,12295896,12289381,11973720,11811180,12071432,12071432,10
2025-10-02 15:14:07,95219,pairwise,LinkedCells,1.000000,lc_sliced,none,AoS,disabled,17878464,17916410,17830875,17639173,17914322,17592686,17791205,17807320,17829917,17828514,17802888,17802888,10
2025-10-02 15:14:08,95229,pairwise,LinkedCells,1.000000,lc_sliced,none,AoS,enabled,13134688,13225476,13205062,13032093,13145407,13223985,13216987,13227731,13234493,13122171,13176808,13176808,10
2025-10-02 15:14:08,95239,pairwise,LinkedCells,1.000000,lc_sliced,none,SoA,disabled,14752348,14957087,14788087,14790693,14746781,14776473,14785680,14801628,14765073,14864423,14802827,14802827,10
2025-10-02 15:14:08,95249,pairwise,LinkedCells,1.000000,lc_sliced,none,SoA,enabled,9316384,9364513,9374866,9275208,9344169,9303123,9353301,9373012,9292918,9286886,9328437,9328437,10
2025-10-02 15:14:08,95259,pairwise,LinkedCells,1.000000,lc_sliced_balanced,none,AoS,disabled,18029604,17989239,17974050,17985381,17992087,17972996,17948041,18016505,18041996,18032260,17998215,17998215,10
2025-10-02 15:14:08,95269,pairwise,LinkedCells,1.000000,lc_sliced_balanced,none,AoS,enabled,13284436,13293338,13326660,13307550,13288251,13258247,13269550,13290119,13314794,13282856,13291579,13291579,10
2025-10-02 15:14:08,95279,pairwise,LinkedCells,1.000000,lc_sliced_balanced,none,SoA,disabled,14973905,14910003,14880307,14886719,14846372,14894105,14910539,14842472,14906691,14877156,14892826,14892826,10
2025-10-02 15:14:08,95289,pairwise,LinkedCells,1.000000,lc_sliced_balanced,none,SoA,enabled,9312066,9221672,9279579,9236718,9336333,9317729,9312156,9311313,9317810,9347025,9299240,9299240,10
2025-10-02 15:14:09,95299,pairwise,LinkedCells,1.000000,lc_sliced_balanced,squared-particles-per-cell,AoS,disabled,18126118,17859541,17834879,17787340,17766065,17774610,17728036,17736164,17737579,17777757,17812808,17812808,10
2025-10-02 15:14:09,95309,pairwise,LinkedCells,1.000000,lc_sliced_balanced,squared-particles-per-cell,AoS,enabled,13227745,13098403,13055414,13052548,13059205,13054340,13058466,13052940,13052885,13075108,13078705,13078705,10
2025-10-02 15:14:09,95319,pairwise,LinkedCells,1.000000,lc_sliced_balanced,squared-particles-per-cell,SoA,disabled,18347055,15094134,15069021,15068606,15053445,15048749,15061918,15041193,15059800,15049557,15389347,15389347,10
2025-10-02 15:14:09,95329,pairwise,LinkedCells,1.000000,lc_sliced_balanced,squared-particles-per-cell,SoA,enabled,10610753,10401943,10357595,10382882,10334221,10359904,10388969,10366033,10344130,10361284,10390771,10390771,10
2025-10-02 15:14:09,95339,pairwise,LinkedCells,1.000000,lc_sliced_c02,none,AoS,disabled,17797066,17889597,17740647,17623053,17730106,17478379,17819202,17723948,17837679,17619739,17725940,17725940,10
2025-10-02 15:14:09,95349,pairwise,LinkedCells,1.000000,lc_sliced_c02,none,AoS,enabled,12989211,13068682,13050381,13042234,13044120,13136322,13072821,12983506,13019147,13078226,13048464,13048464,10
2025-10-02 15:14:10,95359,pairwise,LinkedCells,1.000000,lc_sliced_c02,none,SoA,disabled,17821388,14857900,14736060,14695638,14646314,14786422,14908935,14805411,14620117,14751487,15062967,15062967,10
2025-10-02 15:14:10,95369,pairwise,LinkedCells,1.000000,lc_sliced_c02,none,SoA,enabled,9330312,9082480,9269839,9291026,9177454,9124709,9116139,9182102,9247572,9110926,9193255,9193255,10
2025-10-02 15:14:10,95379,pairwise,VerletClusterLists,1.000000,vcl_c01_balanced,none,AoS,disabled,120722659,28298284,28261973,28353413,28303780,28282721,28258541,28283987,28289797,28273676,37532882,37532882,10
2025-10-02 15:14:10,95389,pairwise,VerletClusterLists,1.000000,vcl_c01_balanced,none,SoA,disabled,79576803,10300112,10344491,10326760,10298152,10291645,10283319,10299617,10304540,10297109,17232254,17232254,10
2025-10-02 15:14:11,95399,pairwise,VerletClusterLists,1.000000,vcl_c06,none,AoS,disabled,98402751,29628920,29724899,29689752,29847304,29770025,29799162,29652644,29573310,29834474,36592323,36592323,10
2025-10-02 15:14:11,95409,pairwise,VerletClusterLists,1.000000,vcl_c06,none,AoS,enabled,55911440,15172095,15145328,15276353,15214851,15162787,15183986,15072843,15097895,15153850,19239142,19239142,10
2025-10-02 15:14:11,95419,pairwise,VerletClusterLists,1.000000,vcl_c06,none,SoA,disabled,79895413,10856733,10861883,10876295,10905336,10863026,10851388,10863653,10951005,10884364,17780909,17780909,10
2025-10-02 15:14:11,95429,pairwise,VerletClusterLists,1.000000,vcl_c06,none,SoA,enabled,46913277,6291315,6280497,6245446,6307116,6286074,6306645,6290009,6271808,6269201,10346138,10346138,10
2025-10-02 15:14:12,95439,pairwise,VerletClusterLists,1.000000,vcl_sliced,none,AoS,disabled,137636344,68489505,62708284,64942805,68423913,64910603,64831890,61422907,65018275,68469252,72685377,72685377,10
2025-10-02 15:14:12,95449,pairwise,VerletClusterLists,1.000000,vcl_sliced,none,AoS,enabled,73274232,34489955,34478032,33072638,34467937,34485489,30776820,34493403,33096305,34491178,37712598,37712598,10
2025-10-02 15:14:13,95459,pairwise,VerletClusterLists,1.000000,vcl_sliced,none,SoA,disabled,88614574,18801500,19370777,18352298,18819077,17873301,18804645,19373496,18796697,19337395,25814375,25814375,10
2025-10-02 15:14:13,95469,pairwise,VerletClusterLists,1.000000,vcl_sliced,none,SoA,enabled,51750817,10555085,10539338,10850675,10397154,10840452,9821605,10526225,10841547,10551550,14667444,14667444,10
2025-10-02 15:14:14,95479,pairwise,VerletClusterLists,1.000000,vcl_sliced_balanced,none,AoS,disabled,137275646,68183391,68143101,68107305,67985224,68099307,68117636,67962229,68050691,68105030,75002955,75002955,10
2025-10-02 15:14:14,95489,pairwise,VerletClusterLists,1.000000,vcl_sliced_balanced,none,AoS,enabled,75256071,34499510,34404338,34631731,34479305,34436605,34417156,34549744,34504880,34537567,38571690,38571690,10
2025-10-02 15:14:14,95499,pairwise,VerletClusterLists,1.000000,vcl_sliced_balanced,none,SoA,disabled,88327826,19193107,19156292,19157081,19159074,19157060,19159623,19158524,19165475,19147747,26078180,26078180,10
2025-10-02 15:14:15,95509,pairwise,VerletClusterLists,1.000000,vcl_sliced_balanced,none,SoA,enabled,51741770,10817609,10801261,10806187,10780899,10805792,10810862,10782126,10785168,10794316,14892598,14892598,10
2025-10-02 15:14:15,95519,pairwise,VerletClusterLists,1.000000,vcl_sliced_balanced,neighbor-list-length,AoS,disabled,156048301,68966793,68945109,68955197,69076682,68970145,69100272,69021607,68996135,68923700,77700394,77700394,10
2025-10-02 15:14:16,95529,pairwise,VerletClusterLists,1.000000,vcl_sliced_balanced,neighbor-list-length,AoS,enabled,74543103,34583403,34621735,34631224,34548923,34534978,34673265,34638102,34564677,34617354,38595675,38595675,10
2025-10-02 15:14:16,95539,pairwise,VerletClusterLists,1.000000,vcl_sliced_balanced,neighbor-list-length,SoA,disabled,88524612,19448928,19451316,19450707,19446788,19469973,19444990,19449992,19443383,19437797,26356848,26356848,10
2025-10-02 15:14:16,95549,pairwise,VerletClusterLists,1.000000,vcl_sliced_balanced,neighbor-list-length,SoA,enabled,51582002,10884945,10893498,10906783,10898535,10896542,10894398,10901381,10885104,10891666,14963485,14963485,10
2025-10-02 15:14:17,95559,pairwise,VerletClusterLists,1.000000,vcl_sliced_c02,none,AoS,disabled,170548811,81029441,79901042,82335857,82883173,82284069,85446520,80920489,81343356,82333732,90902648,90902648,10
2025-10-02 15:14:18,95569,pairwise,VerletClusterLists,1.000000,vcl_sliced_c02,none,AoS,enabled,83057602,42121011,40819308,43266275,42148899,39914981,42275543,41826988,43299508,41782968,46051307,46051307,10
2025-10-02 15:14:18,95579,pairwise,VerletClusterLists,1.000000,vcl_sliced_c02,none,SoA,disabled,94213632,24648746,24836460,25420022,24086941,24644397,24644753,23957455,24251772,24675686,31537985,31537985,10
2025-10-02 15:14:18,95589,pairwise,VerletClusterLists,1.000000,vcl_sliced_c02,none,SoA,enabled,53831125,14173510,13458267,13686781,14175236,14203619,13079405,13009835,13489491,13748088,17685535,17685535,10
2025-10-02 15:14:18,95599,pairwise,VerletLists,1.000000,vl_list_iteration,none,AoS,disabled,76107844,14981767,14955814,14961699,14955615,14958655,14968805,14961771,14958129,14964801,21077489,21077489,10
2025-10-02 15:14:19,95609,pairwise,VerletLists,1.000000,vl_list_iteration,none,SoA,disabled,241780936,12617260,12602878,12590478,12613582,12578657,12578087,12570980,12571173,12575268,35507929,35507929,10
2025-10-02 15:14:19,95619,pairwise,VerletListsCells,1.000000,vlc_c01,none,AoS,disabled,68705715,8710176,8685875,8680491,8676952,8682173,8679756,8675119,8682884,8686748,14686588,14686588,10
2025-10-02 15:14:19,95629,pairwise,VerletListsCells,1.000000,vlc_c01,none,SoA,disabled,238613009,13964172,13257903,13235047,13282124,13269617,13258103,13239034,13274543,13241445,35863499,35863499,10
2025-10-02 15:14:20,95639,pairwise,VerletListsCells,1.000000,vlc_c18,none,AoS,disabled,53221672,9003007,8990606,8988817,8997835,8992224,9000634,9006272,8992545,8994161,13418776,13418776,10
2025-10-02 15:14:20,95649,pairwise,VerletListsCells,1.000000,vlc_c18,none,AoS,enabled,38854894,5608590,5567132,5566972,5573227,5570127,5567317,5574072,5567572,5565635,8901553,8901553,10
2025-10-02 15:14:20,95659,pairwise,VerletListsCells,1.000000,vlc_c18,none,SoA,disabled,366242197,17122287,17133295,17111605,17131277,17111172,17109270,17130995,17111465,17118038,52032159,52032159,10
2025-10-02 15:14:21,95669,pairwise,VerletListsCells,1.000000,vlc_c18,none,SoA,enabled,236072401,13895651,13911055,13917808,13978582,13981360,13170837,13152163,13148606,13143060,35837152,35837152,10
2025-10-02 15:14:21,95679,pairwise,VerletListsCells,1.000000,vlc_c08,none,AoS,disabled,47735602,8809753,8788025,8781108,8792768,8798831,8782929,8781652,8787273,8782985,12684092,12684092,10
2025-10-02 15:14:21,95689,pairwise,VerletListsCells,1.000000,vlc_c08,none,AoS,enabled,43201262,5975128,5938941,5931255,5929004,5929607,5926546,5931828,5924044,5931935,9661954,9661954,10
2025-10-02 15:14:21,95699,pairwise,VerletListsCells,1.000000,vlc_c08,none,SoA,disabled,339034927,16525853,16490605,16527320,16511397,16499991,16512629,16515031,16503818,16497272,48761884,48761884,10
2025-10-02 15:14:22,95709,pairwise,VerletListsCells,1.000000,vlc_c08,none,SoA,enabled,265400966,14866631,14860534,14835810,14826724,14847248,14813549,14849446,14864331,14856230,39902146,39902146,10
2025-10-02 15:14:22,95719,pairwise,VerletListsCells,1.000000,vlc_sliced,none,AoS,disabled,60408988,14798743,14721313,14802951,14788157,14608515,14830381,14710035,14735795,14767468,19317234,19317234,10
2025-10-02 15:14:22,95729,pairwise,VerletListsCells,1.000000,vlc_sliced,none,AoS,enabled,41096422,7107072,7023086,6819118,7009421,7033359,7025936,6975728,7016997,6890209,10399734,10399734,10
2025-10-02 15:14:23,95739,pairwise,VerletListsCells,1.000000,vlc_sliced,none,SoA,disabled,389951564,21468145,21566589,21426834,21525840,21434463,21538993,21426836,21519261,21505606,58336412,58336412,10
2025-10-02 15:14:23,95749,pairwise,VerletListsCells,1.000000,vlc_sliced,none,SoA,enabled,231706144,15097766,15245599,14715167,14647441,13848473,13859689,13816898,13717129,13783099,36043740,36043740,10
2025-10-02 15:14:23,95759,pairwise,VerletListsCells,1.000000,vlc_sliced_balanced,none,AoS,disabled,58296012,13998038,13963449,13973702,13948530,13974913,13967853,13962941,13963046,13957238,18400571,18400571,10
2025-10-02 15:14:23,95769,pairwise,VerletListsCells,1.000000,vlc_sliced_balanced,none,AoS,enabled,40576616,7093199,7060280,7043490,7039745,7014805,7019587,7023063,7009773,7024028,10390458,10390458,10
2025-10-02 15:14:24,95779,pairwise,VerletListsCells,1.000000,vlc_sliced_balanced,none,SoA,disabled,377287147,21658395,21629372,21575066,21549820,21609427,21573558,21596183,21564453,21626202,57166961,57166961,10
2025-10-02 15:14:24,95789,pairwise,VerletListsCells,1.000000,vlc_sliced_balanced,none,SoA,enabled,233179911,15133892,14531806,14572120,14468713,14501926,13677084,13673638,13684201,13632737,36105602,36105602,10
2025-10-02 15:14:25,95799,pairwise,VerletListsCells,1.000000,vlc_sliced_balanced,squared-particles-per-cell,AoS,disabled,57347184,13171973,13178780,13178771,13189775,13137353,13175013,13176455,13135830,13185915,17587704,17587704,10
2025-10-02 15:14:25,95809,pairwise,VerletListsCells,1.000000,vlc_sliced_balanced,squared-particles-per-cell,AoS,enabled,40107269,7193242,7167949,7142993,7153949,7148375,7128946,7119697,7120371,7114639,10439742,10439742,10
2025-10-02 15:14:25,95819,pairwise,VerletListsCells,1.000000,vlc_sliced_balanced,squared-particles-per-cell,SoA,disabled,359343413,21294989,21225634,21222754,21250945,21250827,21257570,21276810,21208769,21221549,55055325,55055325,10
2025-10-02 15:14:26,95829,pairwise,VerletListsCells,1.000000,vlc_sliced_balanced,squared-particles-per-cell,SoA,enabled,239652459,14377941,14317911,14399697,14538192,14420002,14565276,13622363,13583049,13580289,36705717,36705717,10
2025-10-02 15:14:26,95839,pairwise,VerletListsCells,1.000000,vlc_sliced_balanced,neighbor-list-length,AoS,disabled,58346051,14106919,14098164,14142689,14137209,14087624,14081728,14080454,14113076,14048785,18524269,18524269,10
2025-10-02 15:14:26,95849,pairwise,VerletListsCells,1.000000,vlc_sliced_balanced,neighbor-list-length,AoS,enabled,40257085,7382163,7356321,7341857,7337478,7330386,7345389,7339877,7330596,7344105,10636525,10636525,10
2025-10-02 15:14:27,95859,pairwise,VerletListsCells,1.000000,vlc_sliced_balanced,neighbor-list-length,SoA,disabled,363914460,22271619,22226660,22236267,22192518,22157444,22209516,22177780,22239306,22199193,56382475,56382475,10
2025-10-02 15:14:27,95869,pairwise,VerletListsCells,1.000000,vlc_sliced_balanced,neighbor-list-length,SoA,enabled,241636547,14904364,14797665,14866116,14812901,14850605,14896934,14040598,14033483,14026781,37286598,37286598,10
2025-10-02 15:14:27,95879,pairwise,VerletListsCells,1.000000,vlc_sliced_c02,none,AoS,disabled,61587061,17084703,17267345,17067799,17364324,17302054,17101490,16944469,17268747,17032342,21602032,21602032,10
2025-10-02 15:14:27,95889,pairwise,VerletListsCells,1.000000,vlc_sliced_c02,none,AoS,enabled,42325179,8986143,9135210,9217058,9208602,9176880,9303353,9179006,9311807,9206845,12505008,12505008,10
2025-10-02 15:14:28,95899,pairwise,VerletListsCells,1.000000,vlc_sliced_c02,none,SoA,disabled,366236962,26039022,26028414,26095132,26093038,26078533,26096545,25705635,26095099,24914830,59938320,59938320,10
2025-10-02 15:14:29,95909,pairwise,VerletListsCells,1.000000,vlc_sliced_c02,none,SoA,enabled,242243328,16774942,16791199,16566150,16764695,16683155,16680306,15995438,15841233,15842855,39018329,39018329,10
2025-10-02 15:14:29,95919,pairwise,PairwiseVerletLists,1.000000,vlp_c01,none,AoS,disabled,76110601,11159352,11147909,11156297,11155972,11157511,11171180,11169934,11173547,11163168,17656546,17656546,10
2025-10-02 15:14:30,95929,pairwise,PairwiseVerletLists,1.000000,vlp_c01,none,SoA,disabled,779124800,24996560,24982837,25008181,24980444,24983506,24987735,24965556,24958696,24975813,100396412,100396412,10
2025-10-02 15:14:30,95939,pairwise,PairwiseVerletLists,1.000000,vlp_c18,none,AoS,disabled,73981721,12589878,12600331,12604020,12637010,12598996,12608383,12597480,12600719,12608463,18742700,18742700,10
2025-10-02 15:14:30,95949,pairwise,PairwiseVerletLists,1.000000,vlp_c18,none,AoS,enabled,86251332,8002286,7970768,7970446,7965297,7968571,7964286,7961560,7966423,7975645,15799661,15799661,10
2025-10-02 15:14:31,95959,pairwise,PairwiseVerletLists,1.000000,vlp_c18,none,SoA,disabled,1045140769,23537058,23605527,23483349,23429388,23475299,22933551,22911591,22895979,22894515,125430702,125430702,10
2025-10-02 15:14:32,95969,pairwise,PairwiseVerletLists,1.000000,vlp_c18,none,SoA,enabled,639341286,18199494,17600387,17598627,17592695,17585193,17607695,17583989,17590309,17575738,79827540,79827540,10
2025-10-02 15:14:33,95979,pairwise,PairwiseVerletLists,1.000000,vlp_sliced,none,AoS,disabled,84332613,21882597,21693109,21627125,21263121,21576794,21653247,21635663,21749022,21478018,27889130,27889130,10
2025-10-02 15:14:33,95989,pairwise,PairwiseVerletLists,1.000000,vlp_sliced,none,AoS,enabled,103117739,9855537,9741629,9772965,9785752,9765233,9723861,9764259,9742620,9809748,19107933,19107933,10
2025-10-02 15:14:34,95999,pairwise,PairwiseVerletLists,1.000000,vlp_sliced,none,SoA,disabled,1015119015,33246504,33206535,31099720,33126647,32984176,32424193,32607091,32411401,32566563,130879184,130879184,10
2025-10-02 15:14:35,96009,pairwise,PairwiseVerletLists,1.000000,vlp_sliced,none,SoA,enabled,654105383,22521336,22218647,22150997,22454622,22233732,22528841,22376330,22414999,22186122,85519100,85519100,10
2025-10-02 15:14:35,96019,pairwise,PairwiseVerletLists,1.000000,vlp_sliced_balanced,none,AoS,disabled,84606118,21753568,21782262,21720012,21729752,21736482,21753731,21745350,21734542,21744155,28030597,28030597,10
2025-10-02 15:14:35,96029,pairwise,PairwiseVerletLists,1.000000,vlp_sliced_balanced,none,AoS,enabled,103418196,9822751,9775715,9758421,9802210,9784428,9739268,9746455,9783665,9773980,19140508,19140508,10
2025-10-02 15:14:37,96039,pairwise,PairwiseVerletLists,1.000000,vlp_sliced_balanced,none,SoA,disabled,1014200586,33290137,33276004,33053711,33037232,33049960,32491703,32524840,32473547,32483277,130988099,130988099,10
2025-10-02 15:14:38,96049,pairwise,PairwiseVerletLists,1.000000,vlp_sliced_balanced,none,SoA,enabled,654381864,22359872,22287490,22190472,22193080,22210739,22226546,22176486,22173112,22160092,85435974,85435974,10
2025-10-02 15:14:38,96059,pairwise,PairwiseVerletLists,1.000000,vlp_sliced_c02,none,AoS,disabled,89546156,28105938,28570288,28207795,28501579,28247795,28459014,28497694,28607955,28268392,34501260,34501260,10
2025-10-02 15:14:38,96069,pairwise,PairwiseVerletLists,1.000000,vlp_sliced_c02,none,AoS,enabled,106205288,12648975,12426905,12599957,12434774,12593728,12562141,12415705,12557986,12440628,21888608,21888608,10
2025-10-02 15:14:40,96079,pairwise,PairwiseVerletLists,1.000000,vlp_sliced_c02,none,SoA,disabled,1038037987,40660193,40834935,39964756,40400184,40538309,39757588,39719692,40069387,40222230,140020525,140020525,10
2025-10-02 15:14:41,96089,pairwise,PairwiseVerletLists,1.000000,vlp_sliced_c02,none,SoA,enabled,663854364,27438415,27056947,27029117,27019431,26907219,27057631,26998466,27121529,27056921,90754003,90754003,10
2025-10-02 15:14:41,96099,pairwise,PairwiseVerletLists,1.000000,vlp_c08,none,AoS,disabled,79445296,16986550,16929833,16913387,16900247,16899813,16889551,16869039,16874379,16885390,23159348,23159348,10
2025-10-02 15:14:41,96109,pairwise,PairwiseVerletLists,1.000000,vlp_c08,none,AoS,enabled,103440327,9691971,9587269,9576454,9565814,9568039,9556856,9577301,9561242,9562567,18968784,18968784,10
2025-10-02 15:14:42,96119,pairwise,PairwiseVerletLists,1.000000,vlp_c08,none,SoA,disabled,1019431809,27533292,27590951,27425277,27361406,27446090,26886559,26865981,26889895,26838719,126426997,126426997,10
2025-10-02 15:14:43,96129,pairwise,PairwiseVerletLists,1.000000,vlp_c08,none,SoA,enabled,654636265,20642844,20083823,20065357,20021139,20064563,20067182,20060699,20040823,20058504,83574119,83574119,10
2025-10-02 15:16:21,100009,pairwise,LinkedCells,1.000000,lc_c01,none,AoS,disabled,21401167,20988525,20628207,20707305,20851172,20956072,20653047,20776195,20920298,20938418,20882039,20882039,10
2025-10-02 15:16:21,100019,pairwise,LinkedCells,1.000000,lc_c01,none,SoA,disabled,17281010,14245954,14427179,14246884,14307566,13951642,13889814,13831838,14048800,14163193,14439387,14439387,10
2025-10-02 15:16:21,100029,pairwise,LinkedCells,1.000000,lc_c01_combined_SoA,none,SoA,disabled,12031566,11898538,11883943,11910079,11767273,11601897,11659393,11782250,11806232,11642173,11798333,11798333,10
2025-10-02 15:16:21,100039,pairwise,LinkedCells,1.000000,lc_c04,none,AoS,disabled,14162291,14014400,14083058,14029743,13995611,13966516,13994177,14036365,14088593,14064355,14043510,14043510,10
2025-10-02 15:16:21,100049,pairwise,LinkedCells,1.000000,lc_c04,none,AoS,enabled,10404956,10329707,10364057,10376307,10381840,10436722,10395671,10445393,10408688,10395132,10393847,10393847,10
2025-10-02 15:16:22,100059,pairwise,LinkedCells,1.000000,lc_c04,none,SoA,disabled,12836635,12865753,12824488,12839590,12830339,12901668,12811110,12810619,12888309,12921499,12853000,12853000,10
2025-10-02 15:16:22,100069,pairwise,LinkedCells,1.000000,lc_c04,none,SoA,enabled,8883658,8904247,8873415,8881878,8863513,8858023,8860683,8896083,8883754,8862023,8876727,8876727,10
2025-10-02 15:16:22,100079,pairwise,LinkedCells,1.000000,lc_c04_HCP,none,AoS,disabled,13433024,13379102,13412183,13383663,13418196,13433493,13449296,13463524,13442445,13377163,13419208,13419208,10
2025-10-02 15:16:22,100089,pairwise,LinkedCells,1.000000,lc_c04_HCP,none,AoS,enabled,10089664,10089892,10100635,10095287,10091241,10080479,10099833,10086171,10079477,10105425,10091809,10091809,10
2025-10-02 15:16:22,100099,pairwise,LinkedCells,1.000000,lc_c04_HCP,none,SoA,disabled,13144448,13138252,13103421,13073758,13079760,13076114,13074479,13081068,13101200,13093665,13096615,13096615,10
2025-10-02 15:16:22,100109,pairwise,LinkedCells,1.000000,lc_c04_HCP,none,SoA,enabled,9538523,9527244,9539610,9520464,9521968,9491418,9529974,9533608,9516019,9523052,9524187,9524187,10
2025-10-02 15:16:22,100119,pairwise,LinkedCells,1.000000,lc_c04_combined_SoA,none,SoA,disabled,13899510,13942490,13901360,13857538,13898154,13871164,13911617,13884672,13878529,13833292,13887832,13887832,10
2025-10-02 15:16:22,100129,pairwise,LinkedCells,1.000000,lc_c04_combined_SoA,none,SoA,enabled,11423075,11401337,11365663,11376280,11359358,11397081,11358589,11382080,11379339,11361501,11380430,11380430,10
2025-10-02 15:16:23,100139,pairwise,LinkedCells,1.000000,lc_c08,none,AoS,disabled,14263236,14200174,14183980,14185435,14176549,14204726,14186045,14165973,14205369,14180033,14195151,14195151,10
2025-10-02 15:16:23,100149,pairwise,LinkedCells,1.000000,lc_c08,none,AoS,enabled,10935800,10972070,10990113,10919932,10940836,10910133,10884537,10926454,10928109,10966996,10937497,10937497,10
2025-10-02 15:16:23,100159,pairwise,LinkedCells,1.000000,lc_c08,none,SoA,disabled,16088614,16093774,15680350,15886968,15994655,15728062,15798340,15845040,15608296,15646852,15837094,15837094,10
2025-10-02 15:16:23,100169,pairwise,LinkedCells,1.000000,lc_c08,none,SoA,enabled,12473353,12037160,12191994,12616606,12316913,12168420,12222489,12369527,12615615,12391725,12340379,12340379,10
2025-10-02 15:16:23,100179,pairwise,LinkedCells,1.000000,lc_c18,none,AoS,disabled,14219777,14178581,14257993,14145066,14207797,14110303,14212093,14249070,14191499,14213101,14198528,14198528,10
2025-10-02 15:16:23,100189,pairwise,LinkedCells,1.000000,lc_c18,none,AoS,enabled,10968792,11043018,10955618,10916665,10910766,10943156,11039825,10977347,11015439,10993569,10976419,10976419,10
2025-10-02 15:16:23,100199,pairwise,LinkedCells,1.000000,lc_c18,none,SoA,disabled,17611409,17545879,17522000,17512799,17542701,17531568,17550507,17548962,17587896,17539945,17549366,17549366,10
2025-10-02 15:16:24,100209,pairwise,LinkedCells,1.000000,lc_c18,none,SoA,enabled,12563434,12517841,12495244,12512854,12533554,12500140,12490747,12496972,12496877,12493240,12510090,12510090,10
2025-10-02 15:16:24,100219,pairwise,LinkedCells,1.000000,lc_sliced,none,AoS,disabled,18142133,18166633,18142876,18255532,18246823,18225057,18249422,18279988,18148041,18309136,18216563,18216563,10
2025-10-02 15:16:24,100229,pairwise,LinkedCells,1.000000,lc_sliced,none,AoS,enabled,13321923,13328659,13367627,13313609,13303723,13386724,13382490,13394176,13399053,13412224,13361020,13361020,10
2025-10-02 15:16:24,100239,pairwise,LinkedCells,1.000000,lc_sliced,none,SoA,disabled,15206060,15020310,15009057,15128688,15050160,15149387,15124499,15032797,15041426,15106659,15086903,15086903,10
2025-10-02 15:16:24,100249,pairwise,LinkedCells,1.000000,lc_sliced,none,SoA,enabled,9429063,9379972,9280386,9380971,9377123,9363929,9375876,9355893,9278931,9151773,9337391,9337391,10
2025-10-02 15:16:24,100259,pairwise,LinkedCells,1.000000,lc_sliced_balanced,none,AoS,disabled,18240765,18160001,18180114,18215551,18212148,18237395,18238203,18185314,18236545,18195255,18210129,18210129,10
2025-10-02 15:16:25,100269,pairwise,LinkedCells,1.000000,lc_sliced_balanced,none,AoS,enabled,13376694,13342407,13361523,13400662,13386170,13384292,13358123,13379627,13340437,13345816,13367574,13367574,10
2025-10-02 15:16:25,100279,pairwise,LinkedCells,1.000000,lc_sliced_balanced,none,SoA,disabled,15152162,14970108,14985392,15036020,15062790,15062663,15064762,15091674,15029898,15036859,15049232,15049232,10
2025-10-02 15:16:25,100289,pairwise,LinkedCells,1.000000,lc_sliced_balanced,none,SoA,enabled,9382992,9363341,9403273,9351651,9357711,9366237,9338712,9385954,9349210,9338726,9363780,9363780,10
2025-10-02 15:16:25,100299,pairwise,LinkedCells,1.000000,lc_sliced_balanced,squared-particles-per-cell,AoS,disabled,18702335,18441587,18431443,18428009,18416695,18409549,18402568,18434401,18453498,18412571,18453265,18453265,10
2025-10-02 15:16:25,100309,pairwise,LinkedCells,1.000000,lc_sliced_balanced,squared-particles-per-cell,AoS,enabled,13602537,13493488,13501550,13509091,13518440,13506769,13506012,13516636,13529334,13507050,13519089,13519089,10
2025-10-02 15:16:25,100319,pairwise,LinkedCells,1.000000,lc_sliced_balanced,squared-particles-per-cell,SoA,disabled,18233219,15093639,15065150,15109075,15101011,15106374,15024527,15012259,15014210,15016521,15377598,15377598,10
2025-10-02 15:16:25,100329,pairwise,LinkedCells,1.000000,lc_sliced_balanced,squared-particles-per-cell,SoA,enabled,10443167,10221692,10189394,10199599,10189472,10194724,10185984,10176237,10162505,10150438,10211320,10211320,10
2025-10-02 15:16:26,100339,pairwise,LinkedCells,1.000000,lc_sliced_c02,none,AoS,disabled,18588278,18484550,18329375,18314362,18436024,18331929,18361830,18359116,18272955,18354756,18383317,18383317,10
2025-10-02 15:16:26,100349,pairwise,LinkedCells,1.000000,lc_sliced_c02,none,AoS,enabled,13406561,13382142,13446649,13434116,13332878,13363886,13404496,13451899,13391000,13417830,13403145,13403145,10
2025-10-02 15:16:26,100359,pairwise,LinkedCells,1.000000,lc_sliced_c02,none,SoA,disabled,18236702,15030087,14980464,15143940,14970199,14954371,14978078,14812921,15034451,15123543,15326475,15326475,10
2025-10-02 15:16:26,100369,pairwise,LinkedCells,1.000000,lc_sliced_c02,none,SoA,enabled,9629821,9316322,9519333,9456909,9413173,9409261,9265276,9328399,9470924,9293748,9410316,9410316,10
2025-10-02 15:16:27,100379,pairwise,VerletClusterLists,1.000000,vcl_c01_balanced,none,AoS,disabled,105037646,27198824,27204542,27063434,27114343,27184732,27084079,27162844,27144800,27112021,34930725,34930725,10
2025-10-02 15:16:27,100389,pairwise,VerletClusterLists,1.000000,vcl_c01_balanced,none,SoA,disabled,66787755,9860155,9842354,9827247,9803108,9812082,9817236,9846882,9810166,9847459,15525444,15525444,10
2025-10-02 15:16:27,100399,pairwise,VerletClusterLists,1.000000,vcl_c06,none,AoS,disabled,84558952,28041700,28045773,28120797,27928630,27924661,28034922,28037159,28145694,28066372,33690466,33690466,10
2025-10-02 15:16:27,100409,pairwise,VerletClusterLists,1.000000,vcl_c06,none,AoS,enabled,48160270,14127332,14143541,14152937,14211440,14220283,14202264,14227398,14304736,14138052,17588825,17588825,10
2025-10-02 15:16:27,100419,pairwise,VerletClusterLists,1.000000,vcl_c06,none,SoA,disabled,66687252,10217351,10186208,10187581,10204998,10199106,10191043,10189593,10176862,10195040,15843503,15843503,10
2025-10-02 15:16:28,100429,pairwise,VerletClusterLists,1.000000,vcl_c06,none,SoA,enabled,39992285,5892644,5893813,5891110,5883536,5897571,5887712,5897172,5897858,5886675,9302037,9302037,10
2025-10-02 15:16:28,100439,pairwise,VerletClusterLists,1.000000,vcl_sliced,none,AoS,disabled,130746271,66020907,74241476,67226515,66165290,67347982,74319378,74136836,66075449,67539660,75381976,75381976,10
2025-10-02 15:16:29,100449,pairwise,VerletClusterLists,1.000000,vcl_sliced,none,AoS,enabled,66800121,37495099,33462819,35478277,37462878,37563380,37538189,37470757,37630086,33447732,39434933,39434933,10
2025-10-02 15:16:29,100459,pairwise,VerletClusterLists,1.000000,vcl_sliced,none,SoA,disabled,77611877,20365766,20346906,21037833,20380394,21040062,20362961,21055302,21033833,19050224,26228515,26228515,10
2025-10-02 15:16:29,100469,pairwise,VerletClusterLists,1.000000,vcl_sliced,none,SoA,enabled,44341801,11026593,11731626,11354032,11723189,11755966,10494368,11325857,11740158,11725554,14721913,14721913,10
2025-10-02 15:16:30,100479,pairwise,VerletClusterLists,1.000000,vcl_sliced_balanced,none,AoS,disabled,131288621,74766562,74854143,74813831,74906451,74826278,74875886,74799440,74827890,74708714,80466781,80466781,10
2025-10-02 15:16:31,100489,pairwise,VerletClusterLists,1.000000,vcl_sliced_balanced,none,AoS,enabled,71654163,37904574,37846523,37837027,37878368,37928795,37888626,37903149,37920129,37815158,41257651,41257651,10
2025-10-02 15:16:31,100499,pairwise,VerletClusterLists,1.000000,vcl_sliced_balanced,none,SoA,disabled,77436021,21002497,21012690,21023912,21012943,21005378,21002757,21005746,21007978,21028709,26653863,26653863,10
2025-10-02 15:16:31,100509,pairwise,VerletClusterLists,1.000000,vcl_sliced_balanced,none,SoA,enabled,45852995,11733427,11704763,11729524,11708053,11720046,11709821,11713225,11726330,11723277,15132145,15132145,10
2025-10-02 15:16:32,100519,pairwise,VerletClusterLists,1.000000,vcl_sliced_balanced,neighbor-list-length,AoS,disabled,145762552,73187407,73404133,73376049,73446976,73467977,73501077,73341005,73509633,73419669,80641647,80641647,10
2025-10-02 15:16:32,100529,pairwise,VerletClusterLists,1.000000,vcl_sliced_balanced,neighbor-list-length,AoS,enabled,71459044,37811922,37866404,37843108,37877164,37813333,37808995,37875816,37856035,37800581,41201240,41201240,10
2025-10-02 15:16:33,100539,pairwise,VerletClusterLists,1.000000,vcl_sliced_balanced,neighbor-list-length,SoA,disabled,77786745,20868046,20839351,20859317,20852701,20848666,20832086,20855226,20854860,20853341,26545033,26545033,10
2025-10-02 15:16:33,100549,pairwise,VerletClusterLists,1.000000,vcl_sliced_balanced,neighbor-list-length,SoA,enabled,45890434,11731710,11705559,11722378,11706449,11724979,11726472,11723645,11696836,11703791,15133224,15133224,10
2025-10-02 15:16:34,100559,pairwise,VerletClusterLists,1.000000,vcl_sliced_c02,none,AoS,disabled,158883105,77109204,85579760,85731353,85954487,77098494,82421129,85642947,85627166,89293071,91334071,91334071,10
2025-10-02 15:16:34,100569,pairwise,VerletClusterLists,1.000000,vcl_sliced_c02,none,AoS,enabled,77369692,42290555,43599375,45558041,37742156,38612153,44149209,42128221,44217528,42217090,45788401,45788401,10
2025-10-02 15:16:35,100579,pairwise,VerletClusterLists,1.000000,vcl_sliced_c02,none,SoA,disabled,82570184,26069012,25008742,25135505,24819836,25617203,25629019,26703641,26112136,25666806,31333208,31333208,10
2025-10-02 15:16:35,100589,pairwise,VerletClusterLists,1.000000,vcl_sliced_c02,none,SoA,enabled,46974571,13990090,14107391,14491778,13486574,14224487,14479621,14197844,14137865,14754021,17484424,17484424,10
2025-10-02 15:16:35,100599,pairwise,VerletLists,1.000000,vl_list_iteration,none,AoS,disabled,64355393,11300227,11294130,11300272,11284882,11275414,11278347,11292964,11286677,11302817,16597111,16597111,10
2025-10-02 15:16:35,100609,pairwise,VerletLists,1.000000,vl_list_iteration,none,SoA,disabled,239786260,12418292,12375215,12410865,12373465,12372128,12363644,12379559,12350792,12366129,35119634,35119634,10
2025-10-02 15:16:36,100619,pairwise,VerletListsCells,1.000000,vlc_c01,none,AoS,disabled,66932423,8360786,8361598,8352613,8358926,8385795,8353064,8353139,8359352,8358852,14217654,14217654,10
2025-10-02 15:16:36,100629,pairwise,VerletListsCells,1.000000,vlc_c01,none,SoA,disabled,229898148,12883192,12855871,12834662,12849753,12855106,12826254,12843948,12843540,12859950,34555041,34555041,10
2025-10-02 15:16:36,100639,pairwise,VerletListsCells,1.000000,vlc_c18,none,AoS,disabled,51324636,8445995,8442978,8450296,8444180,8448016,8430801,8447453,8440421,8436146,12731091,12731091,10
2025-10-02 15:16:36,100649,pairwise,VerletListsCells,1.000000,vlc_c18,none,AoS,enabled,37594113,5303982,5270930,5265043,5273553,5274295,5273596,5269476,5262896,5260508,8504838,8504838,10
2025-10-02 15:16:37,100659,pairwise,VerletListsCells,1.000000,vlc_c18,none,SoA,disabled,350497062,16517229,16517540,16517934,16527086,16514361,16499597,16521103,16531107,16501610,49914462,49914462,10
2025-10-02 15:16:37,100669,pairwise,VerletListsCells,1.000000,vlc_c18,none,SoA,enabled,227091348,13495509,13399471,13495476,13536638,13541961,13348949,12722254,12718711,12713140,34606345,34606345,10
2025-10-02 15:16:37,100679,pairwise,VerletListsCells,1.000000,vlc_c08,none,AoS,disabled,45323790,8348118,8341161,8342625,8339363,8334527,8338444,8342249,8341070,8327738,12037908,12037908,10
2025-10-02 15:16:37,100689,pairwise,VerletListsCells,1.000000,vlc_c08,none,AoS,enabled,41185278,5646298,5619205,5620450,5610599,5617094,5619389,5618607,5622893,5616227,9177603,9177603,10
2025-10-02 15:16:38,100699,pairwise,VerletListsCells,1.000000,vlc_c08,none,SoA,disabled,322230078,15884321,15877821,15896926,15873614,15887699,15897470,15887311,15890413,15902575,46522822,46522822,10
2025-10-02 15:16:38,100709,pairwise,VerletListsCells,1.000000,vlc_c08,none,SoA,enabled,257692029,14266900,14264995,14274913,14248826,14235070,14279620,14234379,14242156,14208638,38594751,38594751,10
2025-10-02 15:16:38,100719,pairwise,VerletListsCells,1.000000,vlc_sliced,none,AoS,disabled,60273955,15222593,15197464,15263810,15253461,15144096,15245127,15245679,15144981,15109751,19710091,19710091,10
2025-10-02 15:16:38,100729,pairwise,VerletListsCells,1.000000,vlc_sliced,none,AoS,enabled,40767463,7151473,7141769,7173379,7107991,7153624,7100699,7140825,7111279,7089808,10493830,10493830,10
2025-10-02 15:16:39,100739,pairwise,VerletListsCells,1.000000,vlc_sliced,none,SoA,disabled,368393339,21762888,21882789,21829739,21796168,21832362,21859427,21742813,21800515,21920064,56482010,56482010,10
2025-10-02 15:16:39,100749,pairwise,VerletListsCells,1.000000,vlc_sliced,none,SoA,enabled,226029270,14673021,14652605,14662256,14564806,13811501,13853538,13794664,13773301,13833353,35364830,35364830,10
2025-10-02 15:16:40,100759,pairwise,VerletListsCells,1.000000,vlc_sliced_balanced,none,AoS,disabled,57208990,14249945,14273596,14248403,14243517,14267378,14262275,14248459,14263918,14261473,18552794,18552794,10
2025-10-02 15:16:40,100769,pairwise,VerletListsCells,1.000000,vlc_sliced_balanced,none,AoS,enabled,39626696,7188894,7142279,7143778,7115641,7106304,7111330,7115366,7090248,7128337,10376886,10376886,10
2025-10-02 15:16:40,100779,pairwise,VerletListsCells,1.000000,vlc_sliced_balanced,none,SoA,disabled,359503420,22060228,22024665,21984170,21957998,21967979,21963930,21976717,21949959,21940439,55732950,55732950,10
2025-10-02 15:16:41,100789,pairwise,VerletListsCells,1.000000,vlc_sliced_balanced,none,SoA,enabled,222992120,14604558,14504526,14500269,14531389,13732288,13654546,13642360,13706665,13626511,34949522,34949522,10
2025-10-02 15:16:41,100799,pairwise,VerletListsCells,1.000000,vlc_sliced_balanced,squared-particles-per-cell,AoS,disabled,57459425,14052276,14079094,14002831,13993356,13997018,14017506,14009656,13963751,13988582,18356349,18356349,10
2025-10-02 15:16:41,100809,pairwise,VerletListsCells,1.000000,vlc_sliced_balanced,squared-particles-per-cell,AoS,enabled,39840860,7495821,7504290,7478615,7477469,7463698,7457225,7455099,7455179,7466869,10709512,10709512,10
2025-10-02 15:16:42,100819,pairwise,VerletListsCells,1.000000,vlc_sliced_balanced,squared-particles-per-cell,SoA,disabled,344947261,21535559,21460091,21515767,21522716,21467174,21424712,21509315,21460486,21458687,53830176,53830176,10
2025-10-02 15:16:42,100829,pairwise,VerletListsCells,1.000000,vlc_sliced_balanced,squared-particles-per-cell,SoA,enabled,231692522,14406046,14395853,14403095,14472776,14455720,14093707,13555627,13585406,13713496,35877424,35877424,10
2025-10-02 15:16:42,100839,pairwise,VerletListsCells,1.000000,vlc_sliced_balanced,neighbor-list-length,AoS,disabled,57198218,14753914,14738881,14751007,14730348,14763085,14736834,14792205,14791088,14794186,19004976,19004976,10
2025-10-02 15:16:42,100849,pairwise,VerletListsCells,1.000000,vlc_sliced_balanced,neighbor-list-length,AoS,enabled,39796696,7626078,7605966,7558767,7525053,7533102,7562891,7533164,7543069,7558577,10784335,10784335,10
2025-10-02 15:16:43,100859,pairwise,VerletListsCells,1.000000,vlc_sliced_balanced,neighbor-list-length,SoA,disabled,348257793,22582386,22616782,22544691,22572239,22579399,22581812,22571234,22582383,22534011,55142272,55142272,10
2025-10-02 15:16:43,100869,pairwise,VerletListsCells,1.000000,vlc_sliced_balanced,neighbor-list-length,SoA,enabled,234505325,14989593,14885588,14964639,14963440,14971215,14617695,14086783,14099504,14142572,36622634,36622634,10
2025-10-02 15:16:44,100879,pairwise,VerletListsCells,1.000000,vlc_sliced_c02,none,AoS,disabled,61435879,17652877,17936382,17592312,17842281,17601005,17899168,17570977,17287051,17612671,22043059,22043059,10
2025-10-02 15:16:44,100889,pairwise,VerletListsCells,1.000000,vlc_sliced_c02,none,AoS,enabled,41735129,9479504,9524111,9388909,9536417,9442044,9401679,9429169,9349301,9429995,12671625,12671625,10
2025-10-02 15:16:44,100899,pairwise,VerletListsCells,1.000000,vlc_sliced_c02,none,SoA,disabled,351315499,26556792,26442013,26490602,26505671,26104934,26577783,26608285,26446496,26327771,58937584,58937584,10
2025-10-02 15:16:45,100909,pairwise,VerletListsCells,1.000000,vlc_sliced_c02,none,SoA,enabled,236397621,16779067,16783419,16913404,16787446,16561038,16817064,15990130,15981759,15725992,38473693,38473693,10
2025-10-02 15:16:45,100919,pairwise,PairwiseVerletLists,1.000000,vlp_c01,none,AoS,disabled,73199583,10686549,10686177,10691149,10688070,10685593,10689961,10676817,10681212,10686750,16937185,16937185,10
2025-10-02 15:16:46,100929,pairwise,PairwiseVerletLists,1.000000,vlp_c01,none,SoA,disabled,758814891,23301181,23276615,23302325,23296786,23295587,23303496,23300912,23283483,23301141,96847641,96847641,10
2025-10-02 15:16:46,100939,pairwise,PairwiseVerletLists,1.000000,vlp_c18,none,AoS,disabled,70900753,11788512,11790710,11785283,11777229,11769951,11781552,11782622,11778903,11778365,17693387,17693387,10
2025-10-02 15:16:46,100949,pairwise,PairwiseVerletLists,1.000000,vlp_c18,none,AoS,enabled,85870565,7504282,7469791,7460579,7480142,7470630,7465903,7465319,7469957,7469851,15312701,15312701,10
2025-10-02 15:16:48,100959,pairwise,PairwiseVerletLists,1.000000,vlp_c18,none,SoA,disabled,1019298006,22627704,21885795,21903585,21913722,21896137,21915498,21909648,21907953,21904787,121716283,121716283,10
2025-10-02 15:16:48,100969,pairwise,PairwiseVerletLists,1.000000,vlp_c18,none,SoA,enabled,627202763,16848925,16830386,16845906,16827922,16859319,16849285,16815390,16840497,16820380,77874076,77874076,10
2025-10-02 15:16:49,100979,pairwise,PairwiseVerletLists,1.000000,vlp_sliced,none,AoS,disabled,82040267,21809537,21941067,21936307,21541289,21821790,21877053,21714019,21898084,21909808,27848921,27848921,10
2025-10-02 15:16:49,100989,pairwise,PairwiseVerletLists,1.000000,vlp_sliced,none,AoS,enabled,98038053,9935750,9898372,9888246,9895547,9956047,9914781,9987107,9947099,9907353,18736835,18736835,10
2025-10-02 15:16:50,100999,pairwise,PairwiseVerletLists,1.000000,vlp_sliced,none,SoA,disabled,998956655,33749992,33024808,33205144,33202134,33150988,32766635,32989678,32849629,32861503,129675716,129675716,10
2025-10-02 15:16:51,101009,pairwise,PairwiseVerletLists,1.000000,vlp_sliced,none,SoA,enabled,645233272,22695078,22340267,22617092,22586854,22426978,22573749,22636832,22491490,22638402,84824000,84824000,10
2025-10-02 15:16:51,101019,pairwise,PairwiseVerletLists,1.000000,vlp_sliced_balanced,none,AoS,disabled,82442354,22067063,22064814,22052261,22013915,22043609,22047424,22064995,22036218,22005044,28083769,28083769,10
2025-10-02 15:16:52,101029,pairwise,PairwiseVerletLists,1.000000,vlp_sliced_balanced,none,AoS,enabled,99186233,9925060,9908953,9882237,9871271,9889765,9878544,9878123,9855192,9862146,18813751,18813751,10
2025-10-02 15:16:53,101039,pairwise,PairwiseVerletLists,1.000000,vlp_sliced_balanced,none,SoA,disabled,1011284811,33949709,33223433,33253351,33142546,33274735,33191544,33177414,33224462,33224374,131094637,131094637,10
2025-10-02 15:16:54,101049,pairwise,PairwiseVerletLists,1.000000,vlp_sliced_balanced,none,SoA,enabled,648943550,22463802,22421115,22403374,22418948,22384426,22357178,22494570,22389111,22339652,85061572,85061572,10
2025-10-02 15:16:54,101059,pairwise,PairwiseVerletLists,1.000000,vlp_sliced_c02,none,AoS,disabled,89016092,29052033,28382262,28377899,29014083,28585131,28480250,28531354,28607840,28359078,34640602,34640602,10
2025-10-02 15:16:54,101069,pairwise,PairwiseVerletLists,1.000000,vlp_sliced_c02,none,AoS,enabled,101975126,12769022,12712072,12733713,12752083,12701884,12764049,12492709,12805836,12624191,21633068,21633068,10
2025-10-02 15:16:56,101079,pairwise,PairwiseVerletLists,1.000000,vlp_sliced_c02,none,SoA,disabled,1002783166,41412950,38517130,37044558,40439090,40336957,40501147,40359802,40594834,40380382,136237001,136237001,10
2025-10-02 15:16:57,101089,pairwise,PairwiseVerletLists,1.000000,vlp_sliced_c02,none,SoA,enabled,647201728,27347193,27356160,27084533,27369469,25705047,27244157,27271330,27134722,27104687,89081902,89081902,10
2025-10-02 15:16:57,101099,pairwise,PairwiseVerletLists,1.000000,vlp_c08,none,AoS,disabled,76337174,16085919,16048817,16027485,16016166,16003908,16013285,15999652,16001415,16000362,22053417,22053417,10
2025-10-02 15:16:57,101109,pairwise,PairwiseVerletLists,1.000000,vlp_c08,none,AoS,enabled,98763390,9143392,9048985,9031051,9034260,9042485,9037260,9033262,9046446,9031413,18021194,18021194,10
2025-10-02 15:16:58,101119,pairwise,PairwiseVerletLists,1.000000,vlp_c08,none,SoA,disabled,990776042,26314004,25682541,25668563,25681247,25656503,25667568,25653700,25668064,25665168,122243339,122243339,10
2025-10-02 15:16:59,101129,pairwise,PairwiseVerletLists,1.000000,vlp_c08,none,SoA,enabled,640834724,19065144,19069322,19051436,19051975,19056224,19055381,19039220,19083251,19060606,81236728,81236728,10
2025-10-02 15:18:32,105009,pairwise,LinkedCells,1.000000,lc_c01,none,AoS,disabled,20154200,19944385,19552447,19461582,19516287,19679902,19762176,19541147,19500227,19649606,19676195,19676195,10
2025-10-02 15:18:32,105019,pairwise,LinkedCells,1.000000,lc_c01,none,SoA,disabled,16553420,13702178,13832705,13805034,13841258,13710528,13972207,13717637,13464291,13464116,14006337,14006337,10
2025-10-02 15:18:32,105029,pairwise,LinkedCells,1.000000,lc_c01_combined_SoA,none,SoA,disabled,11567426,11516464,11551091,11640908,11595842,11598609,11615136,11610424,11451678,11482811,11563038,11563038,10
2025-10-02 15:18:33,105039,pairwise,LinkedCells,1.000000,lc_c04,none,AoS,disabled,13186267,13181959,13137049,13213429,13279340,13232329,13227633,13197703,13112405,13195394,13196350,13196350,10
2025-10-02 15:18:33,105049,pairwise,LinkedCells,1.000000,lc_c04,none,AoS,enabled,9796044,9757277,9786548,9739233,9851992,9858770,9862386,9863229,9768497,9815356,9809932,9809932,10
2025-10-02 15:18:33,105059,pairwise,LinkedCells,1.000000,lc_c04,none,SoA,disabled,12387789,12445451,12425568,12478136,12493183,12461714,12420478,12346853,12397972,12371730,12422887,12422887,10
2025-10-02 15:18:33,105069,pairwise,LinkedCells,1.000000,lc_c04,none,SoA,enabled,8708226,8646755,8642298,8667538,8619109,8627344,8677015,8665382,8633175,8675585,8656242,8656242,10
2025-10-02 15:18:33,105079,pairwise,LinkedCells,1.000000,lc_c04_HCP,none,AoS,disabled,12698789,12664659,12627659,12651257,12632758,12660606,12678827,12646382,12646179,12639731,12654684,12654684,10
2025-10-02 15:18:33,105089,pairwise,LinkedCells,1.000000,lc_c04_HCP,none,AoS,enabled,9530394,9535121,9536354,9528618,9519592,9537379,9545951,9585082,9573254,9613709,9550545,9550545,10
2025-10-02 15:18:33,105099,pairwise,LinkedCells,1.000000,lc_c04_HCP,none,SoA,disabled,12713378,12733639,12664076,12646682,12634512,12593425,12598308,12586515,12599426,12586693,12635664,12635664,10
2025-10-02 15:18:33,105109,pairwise,LinkedCells,1.000000,lc_c04_HCP,none,SoA,enabled,9286258,9268310,9261523,9254615,9246035,9253346,9252685,9219976,9221823,9240200,9250476,9250476,10
2025-10-02 15:18:34,105119,pairwise,LinkedCells,1.000000,lc_c04_combined_SoA,none,SoA,disabled,13495062,13474971,13436623,13475746,13473557,13445634,13397764,13430034,13477833,13392541,13449976,13449976,10
2025-10-02 15:18:34,105129,pairwise,LinkedCells,1.000000,lc_c04_combined_SoA,none,SoA,enabled,11121826,11117390,11093187,11128079,11099757,11082282,11082598,11108756,11110616,11088390,11103287,11103287,10
2025-10-02 15:18:34,105139,pairwise,LinkedCells,1.000000,lc_c08,none,AoS,disabled,13459685,13380633,13346919,13383689,13339647,13344987,13338585,13362154,13370553,13366045,13369289,13369289,10
2025-10-02 15:18:34,105149,pairwise,LinkedCells,1.000000,lc_c08,none,AoS,enabled,10339234,10325082,10329211,10313715,10305271,10347886,10303407,10302672,10325188,10323586,10321524,10321524,10
2025-10-02 15:18:34,105159,pairwise,LinkedCells,1.000000,lc_c08,none,SoA,disabled,15595264,15522117,15503159,15471449,15467721,15478547,15446510,15438145,15468241,15456334,15484748,15484748,10
2025-10-02 15:18:34,105169,pairwise,LinkedCells,1.000000,lc_c08,none,SoA,enabled,12391235,12333016,12316440,12284826,12284685,12311574,12265235,12265477,12269549,12268554,12299058,12299058,10
2025-10-02 15:18:34,105179,pairwise,LinkedCells,1.000000,lc_c18,none,AoS,disabled,13529269,13480282,13482065,13459784,13512451,13462332,13471320,13489005,13469536,13442238,13479827,13479827,10
2025-10-02 15:18:35,105189,pairwise,LinkedCells,1.000000,lc_c18,none,AoS,enabled,10418652,10382577,10367648,10385092,10387832,10429327,10361556,10323901,10409972,10409994,10387655,10387655,10
2025-10-02 15:18:35,105199,pairwise,LinkedCells,1.000000,lc_c18,none,SoA,disabled,16940807,16822282,16865093,15809717,16352123,16866037,16319820,16184762,16353651,16195876,16471016,16471016,10
2025-10-02 15:18:35,105209,pairwise,LinkedCells,1.000000,lc_c18,none,SoA,enabled,11127228,11770877,11333776,10934593,11615774,12106166,11790818,11401174,11445681,11417117,11494320,11494320,10
2025-10-02 15:18:35,105219,pairwise,LinkedCells,1.000000,lc_sliced,none,AoS,disabled,19590307,19560924,19358293,19357446,19287630,19362562,19391653,19336784,19362164,19314415,19392217,19392217,10
2025-10-02 15:18:35,105229,pairwise,LinkedCells,1.000000,lc_sliced,none,AoS,enabled,14211387,14255626,14212493,14259100,14169705,14260139,14352915,14331291,14251951,14192751,14249735,14249735,10
2025-10-02 15:18:35,105239,pairwise,LinkedCells,1.000000,lc_sliced,none,SoA,disabled,15653561,15689046,15780079,15717645,15036869,15726220,15703651,15699138,15714492,15682856,15640355,15640355,10
2025-10-02 15:18:35,105249,pairwise,LinkedCells,1.000000,lc_sliced,none,SoA,enabled,9670966,9649291,9631441,9682992,9636205,9653607,9672733,9649162,9609698,9670360,9652644,9652644,10
2025-10-02 15:18:36,105259,pairwise,LinkedCells,1.000000,lc_sliced_balanced,none,AoS,disabled,19352334,19304697,19277346,19271212,19279379,19306986,19303941,19339768,19303915,19288202,19302777,19302777,10
2025-10-02 15:18:36,105269,pairwise,LinkedCells,1.000000,lc_sliced_balanced,none,AoS,enabled,14140237,14176722,14143092,14191725,14128200,14166122,14139317,14164601,14155227,14154573,14155981,14155981,10
2025-10-02 15:18:36,105279,pairwise,LinkedCells,1.000000,lc_sliced_balanced,none,SoA,disabled,15756099,15717573,15694852,15698044,15647841,15624538,15671480,15615745,15703011,15690377,15681955,15681955,10
2025-10-02 15:18:36,105289,pairwise,LinkedCells,1.000000,lc_sliced_balanced,none,SoA,enabled,9707284,9640509,9652936,9648623,9665144,9667859,9623714,9650119,9637802,9638403,9653239,9653239,10
2025-10-02 15:18:36,105299,pairwise,LinkedCells,1.000000,lc_sliced_balanced,squared-particles-per-cell,AoS,disabled,19530554,19247845,19170365,19173818,19222037,19228440,19209090,19255252,19215464,19234518,19248737,19248737,10
2025-10-02 15:18:36,105309,pairwise,LinkedCells,1.000000,lc_sliced_balanced,squared-particles-per-cell,AoS,enabled,14247238,14167032,14134474,14081026,14102784,14133934,14152322,14149271,14115311,14108167,14139155,14139155,10
2025-10-02 15:18:37,105319,pairwise,LinkedCells,1.000000,lc_sliced_balanced,squared-particles-per-cell,SoA,disabled,18452468,15515920,15511325,15690876,15650740,15615107,15642967,15607900,15630261,15618595,15893615,15893615,10
2025-10-02 15:18:37,105329,pairwise,LinkedCells,1.000000,lc_sliced_balanced,squared-particles-per-cell,SoA,enabled,10118234,9882020,9888485,9868786,9901430,9880544,9890349,9875623,9887826,9844924,9903821,9903821,10
2025-10-02 15:18:37,105339,pairwise,LinkedCells,1.000000,lc_sliced_c02,none,AoS,disabled,19456367,19310612,18517808,18943459,19162033,19221335,18928819,19491064,19217919,19515369,19176477,19176477,10
2025-10-02 15:18:37,105349,pairwise,LinkedCells,1.000000,lc_sliced_c02,none,AoS,enabled,14125267,14112945,14091632,14103525,14169034,13982867,14294726,14183719,13979013,13817789,14086051,14086051,10
2025-10-02 15:18:37,105359,pairwise,LinkedCells,1.000000,lc_sliced_c02,none,SoA,disabled,18548451,15877993,15210093,15599230,15473779,15722216,15802729,15736605,15610719,15521531,15910334,15910334,10
2025-10-02 15:18:37,105369,pairwise,LinkedCells,1.000000,lc_sliced_c02,none,SoA,enabled,9875240,9647437,9755786,9623655,9639000,9544065,9690719,9475870,9733651,9618424,9660383,9660383,10
2025-10-02 15:18:38,105379,pairwise,VerletClusterLists,1.000000,vcl_c01_balanced,none,AoS,disabled,94413022,25945575,25909233,25996851,25962140,25987630,25971135,25934891,25869032,25880698,32787020,32787020,10
2025-10-02 15:18:38,105389,pairwise,VerletClusterLists,1.000000,vcl_c01_balanced,none,SoA,disabled,58587890,9321350,9311463,9345705,9306329,9310829,9297269,9357969,9328658,9291258,14245871,14245871,10
2025-10-02 15:18:38,105399,pairwise,VerletClusterLists,1.000000,vcl_c06,none,AoS,disabled,75265776,26522410,26528801,26481005,26559338,26608868,26547961,26614738,26569950,26412773,31411161,31411161,10
2025-10-02 15:18:39,105409,pairwise,VerletClusterLists,1.000000,vcl_c06,none,AoS,enabled,43191964,13373471,13419643,13397254,13387811,13386118,13442157,13423849,13446183,13422945,16389138,16389138,10
2025-10-02 15:18:39,105419,pairwise,VerletClusterLists,1.000000,vcl_c06,none,SoA,disabled,58619911,9563564,9582831,9557581,9570223,9580624,9541668,9579812,9578042,9573746,14474799,14474799,10
2025-10-02 15:18:39,105429,pairwise,VerletClusterLists,1.000000,vcl_c06,none,SoA,enabled,35444487,5517492,5523591,5504505,5516343,5516550,5575701,5524870,5524348,5508131,8515601,8515601,10
2025-10-02 15:18:40,105439,pairwise,VerletClusterLists,1.000000,vcl_sliced,none,AoS,disabled,113599689,74695130,68842858,74848627,68767216,74560241,74798729,74611184,68848025,68729365,76230105,76230105,10
2025-10-02 15:18:40,105449,pairwise,VerletClusterLists,1.000000,vcl_sliced,none,AoS,enabled,63860773,37742537,36353006,33514862,37678582,36476288,37706793,37731712,37717892,37601090,39638353,39638353,10
2025-10-02 15:18:40,105459,pairwise,VerletClusterLists,1.000000,vcl_sliced,none,SoA,disabled,70172118,20736857,18423321,21105537,20817696,20758327,20724559,21121032,20306869,20722356,25488866,25488866,10
2025-10-02 15:18:40,105469,pairwise,VerletClusterLists,1.000000,vcl_sliced,none,SoA,enabled,41499753,11503716,11484933,11765310,11753236,11722604,10293070,11753398,11486754,11524501,14478727,14478727,10
2025-10-02 15:18:41,105479,pairwise,VerletClusterLists,1.000000,vcl_sliced_balanced,none,AoS,disabled,124149526,75221709,75118338,75171184,75244318,75248106,75246048,75177423,75125794,75283057,80098549,80098549,10
2025-10-02 15:18:42,105489,pairwise,VerletClusterLists,1.000000,vcl_sliced_balanced,none,AoS,enabled,67709562,38092270,38161348,38233199,38116365,38169736,38004055,38111712,38149382,38142240,41088986,41088986,10
2025-10-02 15:18:42,105499,pairwise,VerletClusterLists,1.000000,vcl_sliced_balanced,none,SoA,disabled,69936559,21073908,21057987,21077242,21055179,21053658,21069762,21042788,21056621,21048580,25947228,25947228,10
2025-10-02 15:18:42,105509,pairwise,VerletClusterLists,1.000000,vcl_sliced_balanced,none,SoA,enabled,41682458,11734852,11737529,11713392,11723880,11720994,11722048,11721056,11724531,11772881,14725361,14725361,10
2025-10-02 15:18:43,105519,pairwise,VerletClusterLists,1.000000,vcl_sliced_balanced,neighbor-list-length,AoS,disabled,136367230,72443501,72408292,72451322,72424443,72388018,72455878,72400044,72432986,72466982,78823868,78823868,10
2025-10-02 15:18:43,105529,pairwise,VerletClusterLists,1.000000,vcl_sliced_balanced,neighbor-list-length,AoS,enabled,67485270,38191957,38159451,38113361,38151922,38130563,38114808,38118792,38062373,38111395,41063988,41063988,10
2025-10-02 15:18:44,105539,pairwise,VerletClusterLists,1.000000,vcl_sliced_balanced,neighbor-list-length,SoA,disabled,69737726,20859809,20818856,20842064,20801678,20800825,20810762,20815089,20852084,20829536,25716842,25716842,10
2025-10-02 15:18:44,105549,pairwise,VerletClusterLists,1.000000,vcl_sliced_balanced,neighbor-list-length,SoA,enabled,41566724,11778576,11760324,11735690,11742082,11736354,11781427,11760577,11758267,11778115,14739812,14739812,10
2025-10-02 15:18:45,105559,pairwise,VerletClusterLists,1.000000,vcl_sliced_c02,none,AoS,disabled,146990819,88100860,82049916,88065250,81147325,81680416,82028538,74695503,82079920,88038680,89487722,89487722,10
2025-10-02 15:18:45,105569,pairwise,VerletClusterLists,1.000000,vcl_sliced_c02,none,AoS,enabled,71425115,42445445,42555088,43503795,35740571,45220173,42381339,42509477,44811400,41947515,45253991,45253991,10
2025-10-02 15:18:46,105579,pairwise,VerletClusterLists,1.000000,vcl_sliced_c02,none,SoA,disabled,70774655,26333548,25098396,25106025,26307899,25067418,25190243,25240389,25297657,25268625,29968484,29968484,10
2025-10-02 15:18:46,105589,pairwise,VerletClusterLists,1.000000,vcl_sliced_c02,none,SoA,enabled,43923980,14623657,14020517,14093802,14059486,14032540,14012044,14046790,13915061,14085669,17081354,17081354,10
2025-10-02 15:18:46,105599,pairwise,VerletLists,1.000000,vl_list_iteration,none,AoS,disabled,62712638,10786431,10769648,10765105,10760583,10763029,10754328,10772483,10761681,10763661,15960958,15960958,10
2025-10-02 15:18:46,105609,pairwise,VerletLists,1.000000,vl_list_iteration,none,SoA,disabled,227462758,11914259,11850710,11872459,11893120,11881126,11892674,11877290,11859666,11906915,33441097,33441097,10
2025-10-02 15:18:47,105619,pairwise,VerletListsCells,1.000000,vlc_c01,none,AoS,disabled,63420411,7962316,7961304,7948494,7951618,7955354,7949897,7953197,7947130,7951003,13500072,13500072,10
2025-10-02 15:18:47,105629,pairwise,VerletListsCells,1.000000,vlc_c01,none,SoA,disabled,222175200,12380016,12356235,12343609,12333462,12342957,12355382,12354454,12356456,12348436,33334620,33334620,10
2025-10-02 15:18:47,105639,pairwise,VerletListsCells,1.000000,vlc_c18,none,AoS,disabled,48685149,7949747,7937179,7950004,7946483,7930497,7942706,7940228,7935187,7939087,12015626,12015626,10
2025-10-02 15:18:47,105649,pairwise,VerletListsCells,1.000000,vlc_c18,none,AoS,enabled,36089083,5051146,5002763,4991203,4997646,4995539,4988714,4999135,4986717,4989405,8109135,8109135,10
2025-10-02 15:18:48,105659,pairwise,VerletListsCells,1.000000,vlc_c18,none,SoA,disabled,334189654,15740153,15749906,15740586,15753999,15725401,15744299,15748327,15745665,15750972,47588895,47588895,10
2025-10-02 15:18:48,105669,pairwise,VerletListsCells,1.000000,vlc_c18,none,SoA,enabled,216983119,12948841,12950856,12996275,12981497,13050146,12254665,12207828,12215243,12196379,33078484,33078484,10
2025-10-02 15:18:48,105679,pairwise,VerletListsCells,1.000000,vlc_c08,none,AoS,disabled,44206926,7845482,7845187,7831762,7850072,7848217,7853038,7834338,7846004,7836291,11479731,11479731,10
2025-10-02 15:18:48,105689,pairwise,VerletListsCells,1.000000,vlc_c08,none,AoS,enabled,40003429,5332218,5311408,5317123,5329180,5314322,5314627,5314995,5310795,5309255,8785734,8785734,10
2025-10-02 15:18:49,105699,pairwise,VerletListsCells,1.000000,vlc_c08,none,SoA,disabled,308586502,15155884,15164202,15162904,15171590,15178077,15161619,15138807,15145357,15177395,44504233,44504233,10
2025-10-02 15:18:49,105709,pairwise,VerletListsCells,1.000000,vlc_c08,none,SoA,enabled,241963693,13702168,13703954,13689518,13680439,13708401,13710856,13692514,13680453,13666596,36519858,36519858,10
2025-10-02 15:18:49,105719,pairwise,VerletListsCells,1.000000,vlc_sliced,none,AoS,disabled,57563134,14942424,14939370,14887112,15136556,14887895,15028241,14908133,15062986,15126112,19248196,19248196,10
2025-10-02 15:18:49,105729,pairwise,VerletListsCells,1.000000,vlc_sliced,none,AoS,enabled,39350902,7437354,7416136,7429041,7419261,7156233,7340588,7439346,7421452,7419074,10582938,10582938,10
2025-10-02 15:18:50,105739,pairwise,VerletListsCells,1.000000,vlc_sliced,none,SoA,disabled,353908586,22370397,22260505,21909622,22398405,22263673,22506724,22286852,22386889,22413387,55470503,55470503,10
2025-10-02 15:18:50,105749,pairwise,VerletListsCells,1.000000,vlc_sliced,none,SoA,enabled,217204593,14744860,14806814,14773406,14677747,13899505,13652877,13966018,13948980,13937054,34561185,34561185,10
2025-10-02 15:18:50,105759,pairwise,VerletListsCells,1.000000,vlc_sliced_balanced,none,AoS,disabled,55763107,14459261,14419018,14424529,14390347,14406027,14401936,14453773,14451910,14449853,18561976,18561976,10
2025-10-02 15:18:51,105769,pairwise,VerletListsCells,1.000000,vlc_sliced_balanced,none,AoS,enabled,38297052,7397346,7352774,7360711,7363358,7372278,7361474,7359608,7369199,7354082,10458787,10458787,10
2025-10-02 15:18:51,105779,pairwise,VerletListsCells,1.000000,vlc_sliced_balanced,none,SoA,disabled,344565556,22219764,22176646,22098651,22095093,22157427,22134040,22068792,22138640,22122852,54377746,54377746,10
2025-10-02 15:18:52,105789,pairwise,VerletListsCells,1.000000,vlc_sliced_balanced,none,SoA,enabled,218477847,14524008,14523462,14534930,14510326,13757915,13696435,13660039,13670744,13685495,34504119,34504119,10
2025-10-02 15:18:52,105799,pairwise,VerletListsCells,1.000000,vlc_sliced_balanced,squared-particles-per-cell,AoS,disabled,55914794,14481420,14456287,14505200,14497008,14487130,14515771,14484577,14503742,14475811,18632173,18632173,10
2025-10-02 15:18:52,105809,pairwise,VerletListsCells,1.000000,vlc_sliced_balanced,squared-particles-per-cell,AoS,enabled,38590702,7686347,7689930,7681891,7696107,7683128,7693858,7690437,7676941,7647368,10773670,10773670,10
2025-10-02 15:18:52,105819,pairwise,VerletListsCells,1.000000,vlc_sliced_balanced,squared-particles-per-cell,SoA,disabled,329456246,22270105,22238266,22227144,22209018,22284243,22214742,22182228,22231929,22221057,52953497,52953497,10
2025-10-02 15:18:53,105829,pairwise,VerletListsCells,1.000000,vlc_sliced_balanced,squared-particles-per-cell,SoA,enabled,221632434,14572042,14504915,14506517,14544055,14568006,13752982,13699911,13712101,13717743,34921070,34921070,10
2025-10-02 15:18:53,105839,pairwise,VerletListsCells,1.000000,vlc_sliced_balanced,neighbor-list-length,AoS,disabled,56903279,14988171,15026844,15017478,15005802,15009353,14981007,14993520,14997097,14995297,19191784,19191784,10
2025-10-02 15:18:53,105849,pairwise,VerletListsCells,1.000000,vlc_sliced_balanced,neighbor-list-length,AoS,enabled,38476121,7749516,7724609,7746594,7721281,7741199,7700094,7729479,7725490,7722578,10803695,10803695,10
2025-10-02 15:18:54,105859,pairwise,VerletListsCells,1.000000,vlc_sliced_balanced,neighbor-list-length,SoA,disabled,331836983,23131978,23204695,23169763,23127227,23154835,23127774,23156445,23157063,23148395,54021515,54021515,10
2025-10-02 15:18:54,105869,pairwise,VerletListsCells,1.000000,vlc_sliced_balanced,neighbor-list-length,SoA,enabled,224371116,15077457,15036084,15020716,15080507,15077680,14273796,14215372,14216309,14223563,35659260,35659260,10
2025-10-02 15:18:54,105879,pairwise,VerletListsCells,1.000000,vlc_sliced_c02,none,AoS,disabled,58925493,18662450,17324959,18450259,18437681,18656274,18570376,18337276,18436710,18462741,22426421,22426421,10
2025-10-02 15:18:55,105889,pairwise,VerletListsCells,1.000000,vlc_sliced_c02,none,AoS,enabled,40756732,9830219,9857329,9786555,9648633,9695282,9932499,9780220,9806237,9894120,12898781,12898781,10
2025-10-02 15:18:55,105899,pairwise,VerletListsCells,1.000000,vlc_sliced_c02,none,SoA,disabled,335062322,26912241,26844981,26745715,27015946,26734387,26778161,26968219,26647938,26828507,57653841,57653841,10
2025-10-02 15:18:56,105909,pairwise,VerletListsCells,1.000000,vlc_sliced_c02,none,SoA,enabled,225558468,16650839,16719536,16714942,16757357,16861692,16617064,16076979,15851262,15840365,37364850,37364850,10
2025-10-02 15:18:56,105919,pairwise,PairwiseVerletLists,1.000000,vlp_c01,none,AoS,disabled,69537970,10192246,10173881,10210352,10175868,10178034,10189741,10185107,10185619,10174915,16120372,16120372,10
2025-10-02 15:18:57,105929,pairwise,PairwiseVerletLists,1.000000,vlp_c01,none,SoA,disabled,736823252,22487255,22500727,22469587,22488192,22473293,22492436,22465712,22478486,22448701,93912763,93912763,10
2025-10-02 15:18:57,105939,pairwise,PairwiseVerletLists,1.000000,vlp_c18,none,AoS,disabled,66884929,11137073,11137717,11128000,11161792,11132205,11132734,11118895,11142977,11129686,16710600,16710600,10
2025-10-02 15:18:57,105949,pairwise,PairwiseVerletLists,1.000000,vlp_c18,none,AoS,enabled,78211349,7101900,7083803,7092550,7086849,7090083,7087474,7100581,7095126,7084715,14203442,14203442,10
2025-10-02 15:18:58,105959,pairwise,PairwiseVerletLists,1.000000,vlp_c18,none,SoA,disabled,979974432,21898096,21657550,21625340,20997419,21020280,20988410,21020583,21007459,20989022,117117858,117117858,10
2025-10-02 15:18:59,105969,pairwise,PairwiseVerletLists,1.000000,vlp_c18,none,SoA,enabled,594804954,16288682,16237624,16236092,16277728,16235434,16247568,16254788,16250789,16274215,74110787,74110787,10
2025-10-02 15:18:59,105979,pairwise,PairwiseVerletLists,1.000000,vlp_sliced,none,AoS,disabled,78929764,22157716,22124897,22094782,22199710,21219969,22095828,22112552,21992159,22043355,27697073,27697073,10
2025-10-02 15:19:00,105989,pairwise,PairwiseVerletLists,1.000000,vlp_sliced,none,AoS,enabled,93882434,10507998,10386623,10386442,10141495,10288393,10416301,10429454,10321418,10336456,18709700,18709700,10
2025-10-02 15:19:01,105999,pairwise,PairwiseVerletLists,1.000000,vlp_sliced,none,SoA,disabled,962625071,34485670,33280793,33702734,33253116,33294418,33565556,32576605,32699089,33629299,126311234,126311234,10
2025-10-02 15:19:02,106009,pairwise,PairwiseVerletLists,1.000000,vlp_sliced,none,SoA,enabled,609977333,22687338,22724855,22706209,22778860,22721581,22790767,22305258,22905433,22677607,81427523,81427523,10
2025-10-02 15:19:02,106019,pairwise,PairwiseVerletLists,1.000000,vlp_sliced_balanced,none,AoS,disabled,79100452,22383121,22344741,22345972,22320382,22320954,22326207,22295300,22317115,22336208,28009045,28009045,10
2025-10-02 15:19:02,106029,pairwise,PairwiseVerletLists,1.000000,vlp_sliced_balanced,none,AoS,enabled,94732436,10370702,10339167,10340459,10328047,10348647,10332195,10326121,10322462,10329742,18776997,18776997,10
2025-10-02 15:19:03,106039,pairwise,PairwiseVerletLists,1.000000,vlp_sliced_balanced,none,SoA,disabled,964755290,34195969,34100169,33339017,33308113,33306308,33345707,33298020,33275175,33292986,126621675,126621675,10
2025-10-02 15:19:04,106049,pairwise,PairwiseVerletLists,1.000000,vlp_sliced_balanced,none,SoA,enabled,611552756,22553032,22422862,22436541,22411644,22385363,22404040,22398104,22402203,22373018,81333956,81333956,10
2025-10-02 15:19:05,106059,pairwise,PairwiseVerletLists,1.000000,vlp_sliced_c02,none,AoS,disabled,85996651,28700396,28855983,28891128,28532643,28334841,27688517,28530131,28658449,28623228,34281196,34281196,10
2025-10-02 15:19:05,106069,pairwise,PairwiseVerletLists,1.000000,vlp_sliced_c02,none,AoS,enabled,98090597,13315576,13202406,13270315,13423912,13289452,13358035,13333135,13229960,13187141,21770052,21770052,10
2025-10-02 15:19:06,106079,pairwise,PairwiseVerletLists,1.000000,vlp_sliced_c02,none,SoA,disabled,977392963,41939415,41073041,40261757,40848470,40997128,41127939,39265486,41081412,41221304,134520891,134520891,10
2025-10-02 15:19:07,106089,pairwise,PairwiseVerletLists,1.000000,vlp_sliced_c02,none,SoA,enabled,616975920,27359076,27591442,27364262,27281760,27525821,27540797,27241844,27415450,27597957,86389432,86389432,10
2025-10-02 15:19:07,106099,pairwise,PairwiseVerletLists,1.000000,vlp_c08,none,AoS,disabled,72289907,15302995,15249964,15249328,15235557,15226000,15233465,15216384,15218671,15215254,20943752,20943752,10
2025-10-02 15:19:07,106109,pairwise,PairwiseVerletLists,1.000000,vlp_c08,none,AoS,enabled,93388383,8676804,8596540,8574394,8576942,8564338,8571513,8575823,8582186,8571776,17067869,17067869,10
2025-10-02 15:19:09,106119,pairwise,PairwiseVerletLists,1.000000,vlp_c08,none,SoA,disabled,961576695,25395259,25340080,24686539,24677903,24659347,24650573,24669350,24656165,24665859,118497776,118497776,10
2025-10-02 15:19:09,106129,pairwise,PairwiseVerletLists,1.000000,vlp_c08,none,SoA,enabled,608273483,18466834,18393413,18432415,18423811,18452607,18391213,18428356,18459345,18418229,77413970,77413970,10
2025-10-02 15:20:40,110009,pairwise,LinkedCells,1.000000,lc_c01,none,AoS,disabled,18919315,18897464,18375345,18372129,18317440,18460211,18527968,18565770,18485305,18348906,18526985,18526985,10
2025-10-02 15:20:40,110019,pairwise,LinkedCells,1.000000,lc_c01,none,SoA,disabled,15804491,13119602,13188752,13175658,13184731,13284885,13198949,13184306,13217593,13214113,13457307,13457307,10
2025-10-02 15:20:40,110029,pairwise,LinkedCells,1.000000,lc_c01_combined_SoA,none,SoA,disabled,11368160,11142931,11161878,11116295,11039060,11213897,11276383,11341959,11273009,11318996,11225256,11225256,10
2025-10-02 15:20:40,110039,pairwise,LinkedCells,1.000000,lc_c04,none,AoS,disabled,12667160,12690512,12664987,12444529,12530226,12462579,12552307,12547192,12605632,12528032,12569315,12569315,10
2025-10-02 15:20:40,110049,pairwise,LinkedCells,1.000000,lc_c04,none,AoS,enabled,9350586,9271454,9306280,9253474,9321830,9279962,9247421,9285684,9317783,9322361,9295683,9295683,10
2025-10-02 15:20:40,110059,pairwise,LinkedCells,1.000000,lc_c04,none,SoA,disabled,11971152,11987613,11977198,11903837,11865390,11878548,11861961,11897846,11852790,11933917,11913024,11913024,10
2025-10-02 15:20:40,110069,pairwise,LinkedCells,1.000000,lc_c04,none,SoA,enabled,8446609,8410586,8410640,8429465,8443708,8428545,8417547,8380906,8401160,8390408,8415956,8415956,10
2025-10-02 15:20:40,110079,pairwise,LinkedCells,1.000000,lc_c04_HCP,none,AoS,disabled,11984815,11950468,11955780,11948608,11959762,11965714,11967958,11962710,11965310,11978210,11963933,11963933,10
2025-10-02 15:20:40,110089,pairwise,LinkedCells,1.000000,lc_c04_HCP,none,AoS,enabled,9026733,9055723,9031901,9042398,9064418,9072852,9062757,9048928,9060579,9048907,9051519,9051519,10
2025-10-02 15:20:41,110099,pairwise,LinkedCells,1.000000,lc_c04_HCP,none,SoA,disabled,12238015,12173761,12202021,12152693,12135965,12140270,12175567,12200049,12140187,12179165,12173768,12173768,10
2025-10-02 15:20:41,110109,pairwise,LinkedCells,1.000000,lc_c04_HCP,none,SoA,enabled,9092254,9054860,9042403,8993391,8990619,8997857,9011102,9001404,8994042,8996032,9017395,9017395,10
2025-10-02 15:20:41,110119,pairwise,LinkedCells,1.000000,lc_c04_combined_SoA,none,SoA,disabled,13034858,13017177,13007179,13031309,12992004,13017621,12957125,12994702,12996208,12974480,13002266,13002266,10
2025-10-02 15:20:41,110129,pairwise,LinkedCells,1.000000,lc_c04_combined_SoA,none,SoA,enabled,10886209,10823279,10857245,10786072,10804040,10790193,10798497,10772262,10765244,10770882,10805391,10805391,10
2025-10-02 15:20:41,110139,pairwise,LinkedCells,1.000000,lc_c08,none,AoS,disabled,12650096,12548317,12545669,12546560,12573225,12564951,12546770,12577390,12537731,12562805,12565351,12565351,10
2025-10-02 15:20:41,110149,pairwise,LinkedCells,1.000000,lc_c08,none,AoS,enabled,9697279,9707472,9701248,9692810,9697658,9731221,9706451,9706699,9679454,9708008,9702829,9702829,10
2025-10-02 15:20:41,110159,pairwise,LinkedCells,1.000000,lc_c08,none,SoA,disabled,15040549,14950854,14948669,14917991,14900482,14881376,14890732,14880095,14893944,14903707,14920839,14920839,10
2025-10-02 15:20:41,110169,pairwise,LinkedCells,1.000000,lc_c08,none,SoA,enabled,12014146,11957962,11928365,11901149,11934738,11907809,11935964,11903179,11911817,11935880,11933100,11933100,10
2025-10-02 15:20:42,110179,pairwise,LinkedCells,1.000000,lc_c18,none,AoS,disabled,12754001,12705620,12685797,12705570,12700465,12691495,12708680,12705077,12707772,12710372,12707484,12707484,10
2025-10-02 15:20:42,110189,pairwise,LinkedCells,1.000000,lc_c18,none,AoS,enabled,9828797,9801249,9835739,9839024,9843645,9835389,9802817,9812484,9829265,9784802,9821320,9821320,10
2025-10-02 15:20:42,110199,pairwise,LinkedCells,1.000000,lc_c18,none,SoA,disabled,16167703,16074482,16107747,16106310,16072431,16076696,16071661,16073372,16096803,16094467,16094166,16094166,10
2025-10-02 15:20:42,110209,pairwise,LinkedCells,1.000000,lc_c18,none,SoA,enabled,11676232,11647729,11603631,11674417,11600815,11633846,11627454,11619229,11601450,11616334,11630113,11630113,10
2025-10-02 15:20:42,110219,pairwise,LinkedCells,1.000000,lc_sliced,none,AoS,disabled,18180336,20083137,19762351,20180086,20036009,20188387,20079908,20054854,20091687,20026103,19868285,19868285,10
2025-10-02 15:20:42,110229,pairwise,LinkedCells,1.000000,lc_sliced,none,AoS,enabled,14676069,14817058,14674099,14754976,14657050,14734746,14791646,14739243,14841641,14677446,14736396,14736396,10
2025-10-02 15:20:43,110239,pairwise,LinkedCells,1.000000,lc_sliced,none,SoA,disabled,16218227,16075458,15377031,15979162,16141566,16087665,15176845,16129396,16150517,16039320,15937517,15937517,10
2025-10-02 15:20:43,110249,pairwise,LinkedCells,1.000000,lc_sliced,none,SoA,enabled,9772857,9821675,9837787,9809345,9422772,9737953,9563590,9341208,9815311,9758166,9688066,9688066,10
2025-10-02 15:20:43,110259,pairwise,LinkedCells,1.000000,lc_sliced_balanced,none,AoS,disabled,20107158,20025779,20014852,19994775,20039450,20078573,20050649,20021324,20049623,20051874,20043405,20043405,10
2025-10-02 15:20:43,110269,pairwise,LinkedCells,1.000000,lc_sliced_balanced,none,AoS,enabled,14721255,14753170,14740413,14723768,14686546,14707284,14747431,14757900,14792664,14726853,14735727,14735727,10
2025-10-02 15:20:43,110279,pairwise,LinkedCells,1.000000,lc_sliced_balanced,none,SoA,disabled,16152086,16082867,16062112,16046389,16060538,16057549,16066088,16065627,16043639,16080445,16071734,16071734,10
2025-10-02 15:20:43,110289,pairwise,LinkedCells,1.000000,lc_sliced_balanced,none,SoA,enabled,9849706,9810417,9773767,9786195,9778741,9808890,9790885,9751802,9788655,9744550,9788360,9788360,10
2025-10-02 15:20:44,110299,pairwise,LinkedCells,1.000000,lc_sliced_balanced,squared-particles-per-cell,AoS,disabled,20558045,20235771,20307820,20239364,20242801,20274838,20286875,20228588,20240494,20225507,20284010,20284010,10
2025-10-02 15:20:44,110309,pairwise,LinkedCells,1.000000,lc_sliced_balanced,squared-particles-per-cell,AoS,enabled,14922154,14845407,14831236,14849494,14847044,14844113,14866970,14817861,14834358,14829568,14848820,14848820,10
2025-10-02 15:20:44,110319,pairwise,LinkedCells,1.000000,lc_sliced_balanced,squared-particles-per-cell,SoA,disabled,18966887,16299339,16259395,16220744,16270744,16203188,16214083,16292570,16295224,16213770,16523594,16523594,10
2025-10-02 15:20:44,110329,pairwise,LinkedCells,1.000000,lc_sliced_balanced,squared-particles-per-cell,SoA,enabled,10132002,9970546,9999972,9956065,9901485,9991144,9899972,9932684,9956165,9964318,9970434,9970434,10
2025-10-02 15:20:44,110339,pairwise,LinkedCells,1.000000,lc_sliced_c02,none,AoS,disabled,19206468,20207323,19739784,19065085,19617273,19633949,19730513,19688777,20195397,20174562,19725912,19725912,10
2025-10-02 15:20:44,110349,pairwise,LinkedCells,1.000000,lc_sliced_c02,none,AoS,enabled,14777253,14501520,14005998,14807753,14513482,14431586,14424892,14470424,14506959,14765534,14520539,14520539,10
2025-10-02 15:20:45,110359,pairwise,LinkedCells,1.000000,lc_sliced_c02,none,SoA,disabled,19279416,15851900,15976083,15822881,16157255,16163362,16004782,15540220,15829332,15586122,16221135,16221135,10
2025-10-02 15:20:45,110369,pairwise,LinkedCells,1.000000,lc_sliced_c02,none,SoA,enabled,9957673,9734115,9371099,9778840,9624399,9625997,9664262,9659905,9719298,9759252,9689483,9689483,10
2025-10-02 15:20:45,110379,pairwise,VerletClusterLists,1.000000,vcl_c01_balanced,none,AoS,disabled,86241735,24606768,24575653,24640777,24595260,24546998,24508213,24606727,24549160,24641987,30751327,30751327,10
2025-10-02 15:20:45,110389,pairwise,VerletClusterLists,1.000000,vcl_c01_balanced,none,SoA,disabled,51616288,8778374,8781852,8753549,8747085,8749515,8761627,8762989,8765130,8802041,13051844,13051844,10
2025-10-02 15:20:46,110399,pairwise,VerletClusterLists,1.000000,vcl_c06,none,AoS,disabled,68109576,25368532,25278048,25240081,25237631,25334375,25259314,25278373,25306092,25390496,29580251,29580251,10
2025-10-02 15:20:46,110409,pairwise,VerletClusterLists,1.000000,vcl_c06,none,AoS,enabled,39278951,12868724,12923701,12882274,12901318,12922100,12889073,12939501,12907607,12946252,15545950,15545950,10
2025-10-02 15:20:46,110419,pairwise,VerletClusterLists,1.000000,vcl_c06,none,SoA,disabled,51839495,9257457,9212759,9301685,9124626,9134552,9133234,9105468,9109056,9161459,13437979,13437979,10
2025-10-02 15:20:46,110429,pairwise,VerletClusterLists,1.000000,vcl_c06,none,SoA,enabled,32043659,5286776,5295378,5279146,5279248,5301847,5329715,5257318,5256691,5258648,7958841,7958841,10
2025-10-02 15:20:47,110439,pairwise,VerletClusterLists,1.000000,vcl_sliced,none,AoS,disabled,105225487,76405593,76619503,76555725,68438094,76551801,68506644,76601737,68340565,76523154,76976829,76976829,10
2025-10-02 15:20:47,110449,pairwise,VerletClusterLists,1.000000,vcl_sliced,none,AoS,enabled,64658886,38545072,33543547,33501853,36559451,38379570,38599367,32434124,33608494,33580264,38341062,38341062,10
2025-10-02 15:20:47,110459,pairwise,VerletClusterLists,1.000000,vcl_sliced,none,SoA,disabled,64135320,21530569,21539955,21561107,21013916,20665182,20246050,21028240,18709796,21016401,25144653,25144653,10
2025-10-02 15:20:48,110469,pairwise,VerletClusterLists,1.000000,vcl_sliced,none,SoA,enabled,38292580,11703394,11939308,11656961,11687170,11933882,11918530,11922266,11926941,11581665,14456269,14456269,10
2025-10-02 15:20:48,110479,pairwise,VerletClusterLists,1.000000,vcl_sliced_balanced,none,AoS,disabled,116960530,74386668,74304266,74212812,74532435,74310069,74342913,74318531,74298109,74224140,78589047,78589047,10
2025-10-02 15:20:49,110489,pairwise,VerletClusterLists,1.000000,vcl_sliced_balanced,none,AoS,enabled,64383069,38246568,38120795,38210901,38192968,38146639,38098841,38202585,38129623,38236726,40796870,40796870,10
2025-10-02 15:20:49,110499,pairwise,VerletClusterLists,1.000000,vcl_sliced_balanced,none,SoA,disabled,63690781,21270990,21246036,21249497,21262267,21243874,21240659,21222412,21261864,21246583,25493495,25493495,10
2025-10-02 15:20:49,110509,pairwise,VerletClusterLists,1.000000,vcl_sliced_balanced,none,SoA,enabled,38468483,11736734,11742235,11733561,11740529,11743474,11736647,11733242,11750972,11745598,14413147,14413147,10
2025-10-02 15:20:50,110519,pairwise,VerletClusterLists,1.000000,vcl_sliced_balanced,neighbor-list-length,AoS,disabled,126972145,70021877,70086521,70120706,69962501,70011870,70023538,70118565,70076705,69996810,75739123,75739123,10
2025-10-02 15:20:51,110529,pairwise,VerletClusterLists,1.000000,vcl_sliced_balanced,neighbor-list-length,AoS,enabled,64261659,38141918,38216626,38156718,38204870,38238958,38186833,38173124,38166835,38215548,40796308,40796308,10
2025-10-02 15:20:51,110539,pairwise,VerletClusterLists,1.000000,vcl_sliced_balanced,neighbor-list-length,SoA,disabled,63583258,20815348,20794952,20799657,20779627,20773733,20787347,20796297,20776381,20770277,25067686,25067686,10
2025-10-02 15:20:51,110549,pairwise,VerletClusterLists,1.000000,vcl_sliced_balanced,neighbor-list-length,SoA,enabled,38476982,11771906,11772998,11770882,11761554,11748840,11772148,11759773,11760807,11761930,14435781,14435781,10
2025-10-02 15:20:52,110559,pairwise,VerletClusterLists,1.000000,vcl_sliced_c02,none,AoS,disabled,138911991,83479027,81846224,70374264,88857709,83566004,87674371,88872831,81621449,88869359,89407322,89407322,10
2025-10-02 15:20:52,110569,pairwise,VerletClusterLists,1.000000,vcl_sliced_c02,none,AoS,enabled,68618129,38817402,36520861,45453089,43019020,42435563,42991779,45489468,42602967,45408543,45135681,45135681,10
2025-10-02 15:20:53,110579,pairwise,VerletClusterLists,1.000000,vcl_sliced_c02,none,SoA,disabled,68559001,25032396,26683480,26762253,26494926,25630587,25423910,26434629,22464065,25429585,29891482,29891482,10
2025-10-02 15:20:53,110589,pairwise,VerletClusterLists,1.000000,vcl_sliced_c02,none,SoA,enabled,40675076,14635475,14139469,14108779,14150830,14601998,14149425,14688954,14017566,14669559,16983712,16983712,10
2025-10-02 15:20:53,110599,pairwise,VerletLists,1.000000,vl_list_iteration,none,AoS,disabled,59948034,10282501,10262612,10260738,10270406,10262214,10272573,10259641,10267738,10275135,15236159,15236159,10
2025-10-02 15:20:53,110609,pairwise,VerletLists,1.000000,vl_list_iteration,none,SoA,disabled,212661907,11492318,11447772,11401673,11444008,11424023,11431683,11421005,11399664,11446279,31557032,31557032,10
2025-10-02 15:20:54,110619,pairwise,VerletListsCells,1.000000,vlc_c01,none,AoS,disabled,61948674,7615683,7601084,7608766,7604368,7606786,7606613,7609706,7605203,7606785,13041366,13041366,10
2025-10-02 15:20:54,110629,pairwise,VerletListsCells,1.000000,vlc_c01,none,SoA,disabled,210762783,12029030,11994610,12006143,11981606,11992241,12016612,11958331,11983888,11962110,31868735,31868735,10
2025-10-02 15:20:54,110639,pairwise,VerletListsCells,1.000000,vlc_c18,none,AoS,disabled,47497834,7479040,7473154,7456377,7455039,7459235,7457491,7465752,7461448,7460441,11466580,11466580,10
2025-10-02 15:20:54,110649,pairwise,VerletListsCells,1.000000,vlc_c18,none,AoS,enabled,34986237,4831038,4795000,4785975,4790643,4779833,4798018,4788206,4779645,4780413,7811500,7811500,10
2025-10-02 15:20:55,110659,pairwise,VerletListsCells,1.000000,vlc_c18,none,SoA,disabled,312915735,15200533,15226574,15194043,15217250,15222570,15201013,15158054,15245119,15222607,44980349,44980349,10
2025-10-02 15:20:55,110669,pairwise,VerletListsCells,1.000000,vlc_c18,none,SoA,enabled,204841482,12612142,12582274,12606007,12592500,12487892,11809778,11813929,11802107,11796646,31494475,31494475,10
2025-10-02 15:20:55,110679,pairwise,VerletListsCells,1.000000,vlc_c08,none,AoS,disabled,42601043,7454245,7426035,7441477,7435700,7434064,7426630,7432167,7429257,7431442,10951205,10951205,10
2025-10-02 15:20:55,110689,pairwise,VerletListsCells,1.000000,vlc_c08,none,AoS,enabled,39273644,5087734,5057210,5052225,5065013,5052554,5053741,5057782,5067327,5061841,8482907,8482907,10
2025-10-02 15:20:56,110699,pairwise,VerletListsCells,1.000000,vlc_c08,none,SoA,disabled,292962137,14680669,14654595,14681946,14663993,14673024,14673929,14686623,14669424,14689119,42503545,42503545,10
2025-10-02 15:20:56,110709,pairwise,VerletListsCells,1.000000,vlc_c08,none,SoA,enabled,227346931,13243515,13213448,13201670,13189670,13192405,13181835,13178558,13170276,13200034,34611833,34611833,10
2025-10-02 15:20:56,110719,pairwise,VerletListsCells,1.000000,vlc_sliced,none,AoS,disabled,56220861,15045006,14528375,14562255,14897057,15241874,15242347,14561612,15290799,14434631,19002481,19002481,10
2025-10-02 15:20:56,110729,pairwise,VerletListsCells,1.000000,vlc_sliced,none,AoS,enabled,39178116,7689155,7705325,7720279,7583155,7606061,7726183,7710638,7707001,7438165,10806407,10806407,10
2025-10-02 15:20:57,110739,pairwise,VerletListsCells,1.000000,vlc_sliced,none,SoA,disabled,334033031,22843223,22792363,22634031,22841652,22793978,22600274,22745631,22621514,22502604,53840829,53840829,10
2025-10-02 15:20:57,110749,pairwise,VerletListsCells,1.000000,vlc_sliced,none,SoA,enabled,205735839,15072173,14751021,14922478,14751439,13987537,14006129,13450864,14011246,14056292,33474501,33474501,10
2025-10-02 15:20:57,110759,pairwise,VerletListsCells,1.000000,vlc_sliced_balanced,none,AoS,disabled,55927920,15476115,15485953,15451211,15485732,15516453,15478270,15468291,15479749,15458907,19522859,19522859,10
2025-10-02 15:20:58,110769,pairwise,VerletListsCells,1.000000,vlc_sliced_balanced,none,AoS,enabled,37896464,7658280,7622140,7623124,7635023,7612021,7613489,7587277,7625862,7616408,10649008,10649008,10
2025-10-02 15:20:58,110779,pairwise,VerletListsCells,1.000000,vlc_sliced_balanced,none,SoA,disabled,326182676,22492222,22563462,22460921,22419299,22462491,22407033,22517694,22443709,22460902,52841040,52841040,10
2025-10-02 15:20:58,110789,pairwise,VerletListsCells,1.000000,vlc_sliced_balanced,none,SoA,enabled,209249550,15261192,14615727,14567252,14478662,13737114,13715277,13724037,13727855,13723316,33679998,33679998,10
2025-10-02 15:20:59,110799,pairwise,VerletListsCells,1.000000,vlc_sliced_balanced,squared-particles-per-cell,AoS,disabled,54896283,14856781,14843046,14803635,14831301,14831568,14817991,14803014,14838694,14845661,18836796,18836796,10
2025-10-02 15:20:59,110809,pairwise,VerletListsCells,1.000000,vlc_sliced_balanced,squared-particles-per-cell,AoS,enabled,38247981,7957541,7925192,7926780,7901098,7905936,7918191,7900200,7919772,7909909,10951260,10951260,10
2025-10-02 15:20:59,110819,pairwise,VerletListsCells,1.000000,vlc_sliced_balanced,squared-particles-per-cell,SoA,disabled,310202365,22454670,22413598,22367037,22363754,22388496,22415846,22370726,22396211,22403800,51177649,51177649,10
2025-10-02 15:21:00,110829,pairwise,VerletListsCells,1.000000,vlc_sliced_balanced,squared-particles-per-cell,SoA,enabled,202001586,14629664,14486825,14503521,14521570,14556874,13704805,13666202,13683327,13687685,32944205,32944205,10
2025-10-02 15:21:00,110839,pairwise,VerletListsCells,1.000000,vlc_sliced_balanced,neighbor-list-length,AoS,disabled,55785648,15399484,15401354,15387248,15361563,15371693,15406609,15371663,15363318,15414137,19426271,19426271,10
2025-10-02 15:21:00,110849,pairwise,VerletListsCells,1.000000,vlc_sliced_balanced,neighbor-list-length,AoS,enabled,38119666,7955719,7974515,7938094,7946435,7939959,7946072,7936165,7946210,7985982,10968880,10968880,10
2025-10-02 15:21:01,110859,pairwise,VerletListsCells,1.000000,vlc_sliced_balanced,neighbor-list-length,SoA,disabled,310391676,23409835,23368363,23403741,23283808,23402894,23376600,23457648,23274076,23418290,52078692,52078692,10
2025-10-02 15:21:01,110869,pairwise,VerletListsCells,1.000000,vlc_sliced_balanced,neighbor-list-length,SoA,enabled,210847207,15133821,15113813,15077874,15051961,15124872,14293146,14254659,14224645,14251333,34337332,34337332,10
2025-10-02 15:21:01,110879,pairwise,VerletListsCells,1.000000,vlc_sliced_c02,none,AoS,disabled,59323440,18208009,18621077,18508635,18587933,18515615,18287719,18606598,18611407,18853471,22612389,22612389,10
2025-10-02 15:21:01,110889,pairwise,VerletListsCells,1.000000,vlc_sliced_c02,none,AoS,enabled,39760843,9399372,10026250,9785742,9937165,9771788,9860144,9910974,9794195,9927556,12817402,12817402,10
2025-10-02 15:21:02,110899,pairwise,VerletListsCells,1.000000,vlc_sliced_c02,none,SoA,disabled,315564775,26856785,27086190,27036743,26966522,27022778,26857947,25779046,25640259,27066424,55587746,55587746,10
2025-10-02 15:21:02,110909,pairwise,VerletListsCells,1.000000,vlc_sliced_c02,none,SoA,enabled,213806160,16936634,16752993,16704716,16721427,16890887,16156323,15887542,15851047,16045817,36175354,36175354,10
2025-10-02 15:21:03,110919,pairwise,PairwiseVerletLists,1.000000,vlp_c01,none,AoS,disabled,66250063,9544710,9543632,9551017,9551365,9546703,9547317,9541152,9537841,9533927,15214771,15214771,10
2025-10-02 15:21:03,110929,pairwise,PairwiseVerletLists,1.000000,vlp_c01,none,SoA,disabled,664740757,21346242,21362231,21326271,21340324,21341701,21321921,21316676,21334785,21304779,85673568,85673568,10
2025-10-02 15:21:04,110939,pairwise,PairwiseVerletLists,1.000000,vlp_c18,none,AoS,disabled,63357940,10299862,10290882,10294991,10271040,10292609,10291996,10284668,10299103,10284168,15596725,15596725,10
2025-10-02 15:21:04,110949,pairwise,PairwiseVerletLists,1.000000,vlp_c18,none,AoS,enabled,75947858,6630700,6608103,6604680,6613473,6601498,6593439,6597142,6615698,6607907,13542049,13542049,10
2025-10-02 15:21:05,110959,pairwise,PairwiseVerletLists,1.000000,vlp_c18,none,SoA,disabled,880957149,20849937,20718936,20174738,20041429,20066652,20021508,20056851,20043248,20039748,106297018,106297018,10
2025-10-02 15:21:06,110969,pairwise,PairwiseVerletLists,1.000000,vlp_c18,none,SoA,enabled,546210673,15641478,15604885,15601859,15598642,15599817,15601698,15639427,15603575,15625795,68672784,68672784,10
2025-10-02 15:21:06,110979,pairwise,PairwiseVerletLists,1.000000,vlp_sliced,none,AoS,disabled,76746820,22330922,22502538,21918788,22419905,21922363,21988243,22406330,21952432,22251439,27643977,27643977,10
2025-10-02 15:21:06,110989,pairwise,PairwiseVerletLists,1.000000,vlp_sliced,none,AoS,enabled,88703233,10673648,10403131,10588884,10548092,10569862,10533418,10521825,10222076,10511453,18327562,18327562,10
2025-10-02 15:21:07,110999,pairwise,PairwiseVerletLists,1.000000,vlp_sliced,none,SoA,disabled,869677178,35276823,35059955,34786646,34756457,34080009,34234617,32769215,33874661,34450720,117896627,117896627,10
2025-10-02 15:21:08,111009,pairwise,PairwiseVerletLists,1.000000,vlp_sliced,none,SoA,enabled,564741367,23348672,23436386,23146090,22978021,23305249,23466258,23010307,23281688,22989782,77370381,77370381,10
2025-10-02 15:21:08,111019,pairwise,PairwiseVerletLists,1.000000,vlp_sliced_balanced,none,AoS,disabled,76006687,21916658,21865770,21828812,21847071,21890879,21864818,21860143,21880274,21876071,27283718,27283718,10
2025-10-02 15:21:08,111029,pairwise,PairwiseVerletLists,1.000000,vlp_sliced_balanced,none,AoS,enabled,88867183,10424635,10403247,10364280,10358771,10349083,10388296,10361773,10372283,10393765,18228331,18228331,10
2025-10-02 15:21:10,111039,pairwise,PairwiseVerletLists,1.000000,vlp_sliced_balanced,none,SoA,disabled,875792709,34772219,34550186,33954309,33906275,33914022,33905453,33904896,33864829,33907524,118247241,118247241,10
2025-10-02 15:21:10,111049,pairwise,PairwiseVerletLists,1.000000,vlp_sliced_balanced,none,SoA,enabled,566342376,22975832,22853997,22803614,22769923,22833693,22775923,22885610,22814489,22836352,77189180,77189180,10
2025-10-02 15:21:11,111059,pairwise,PairwiseVerletLists,1.000000,vlp_sliced_c02,none,AoS,disabled,82662464,27697535,28100165,27294390,27751606,27477187,27174267,28195448,26939834,28140433,33143332,33143332,10
2025-10-02 15:21:11,111069,pairwise,PairwiseVerletLists,1.000000,vlp_sliced_c02,none,AoS,enabled,91609721,12997690,13206715,13299014,13322245,13302552,13172466,12866502,13214175,13149273,21014035,21014035,10
2025-10-02 15:21:12,111079,pairwise,PairwiseVerletLists,1.000000,vlp_sliced_c02,none,SoA,disabled,881795460,40874219,40846170,40212238,41766896,42368090,40085176,40134866,41671716,41703797,125145862,125145862,10
2025-10-02 15:21:13,111089,pairwise,PairwiseVerletLists,1.000000,vlp_sliced_c02,none,SoA,enabled,569817558,27884963,27659712,27821192,28068769,27844050,27499953,27497882,27449470,28018045,81956159,81956159,10
2025-10-02 15:21:13,111099,pairwise,PairwiseVerletLists,1.000000,vlp_c08,none,AoS,disabled,69213607,14350690,14308765,14292215,14284274,14280811,14276973,14261253,14265349,14262524,19779645,19779645,10
2025-10-02 15:21:14,111109,pairwise,PairwiseVerletLists,1.000000,vlp_c08,none,AoS,enabled,87063098,8133839,8048477,8043711,8051109,8044689,8031835,8044168,8038717,8044541,15954418,15954418,10
2025-10-02 15:21:15,111119,pairwise,PairwiseVerletLists,1.000000,vlp_c08,none,SoA,disabled,863552153,24406559,24240508,23662391,23620966,23622932,23649684,23618497,23615970,23619823,107760947,107760947,10
2025-10-02 15:21:15,111129,pairwise,PairwiseVerletLists,1.000000,vlp_c08,none,SoA,enabled,559972856,17694871,17645809,17661874,17648083,17652960,17626687,17652899,17633107,17638759,71882790,71882790,10
2025-10-02 15:22:43,115009,pairwise,LinkedCells,1.000000,lc_c01,none,AoS,disabled,18151162,17884380,17954759,17507339,17449546,17469729,17504190,17600887,17611722,17682795,17681650,17681650,10
2025-10-02 15:22:43,115019,pairwise,LinkedCells,1.000000,lc_c01,none,SoA,disabled,15224322,12568369,12596598,12658580,12707507,12659481,12677963,12647856,12830565,12733103,12930434,12930434,10
2025-10-02 15:22:43,115029,pairwise,LinkedCells,1.000000,lc_c01_combined_SoA,none,SoA,disabled,11272015,11058344,11117184,11142459,11032009,11008754,10897215,10916801,10896685,10988503,11032996,11032996,10
2025-10-02 15:22:44,115039,pairwise,LinkedCells,1.000000,lc_c04,none,AoS,disabled,12125681,12195905,12138243,12051266,12038367,12085669,12130989,11986965,11947464,12012938,12071348,12071348,10
2025-10-02 15:22:44,115049,pairwise,LinkedCells,1.000000,lc_c04,none,AoS,enabled,8822334,8900836,8910932,8947445,8973227,8922465,8904578,8925541,8923719,8898205,8912928,8912928,10
2025-10-02 15:22:44,115059,pairwise,LinkedCells,1.000000,lc_c04,none,SoA,disabled,11620137,11537930,11502059,11515269,11545383,11463715,11629088,11583190,11629430,11599236,11562543,11562543,10
2025-10-02 15:22:44,115069,pairwise,LinkedCells,1.000000,lc_c04,none,SoA,enabled,8219721,8249793,8195428,8209488,8184358,8156015,8177677,8166835,8183539,8191102,8193395,8193395,10
2025-10-02 15:22:44,115079,pairwise,LinkedCells,1.000000,lc_c04_HCP,none,AoS,disabled,11328375,11326799,11296735,11293547,11302494,11307201,11317054,11268168,11254040,11241504,11293590,11293590,10
2025-10-02 15:22:44,115089,pairwise,LinkedCells,1.000000,lc_c04_HCP,none,AoS,enabled,8509847,8496938,8501558,8498296,8492553,8509841,8530647,8544198,8534048,8534202,8515212,8515212,10
2025-10-02 15:22:44,115099,pairwise,LinkedCells,1.000000,lc_c04_HCP,none,SoA,disabled,11802426,11766148,11763801,11739278,11731332,11686592,11728177,11731048,11715966,11676659,11734142,11734142,10
2025-10-02 15:22:44,115109,pairwise,LinkedCells,1.000000,lc_c04_HCP,none,SoA,enabled,8813947,8788552,8772387,8760348,8747263,8727179,8748846,8735782,8738439,8706436,8753917,8753917,10
2025-10-02 15:22:44,115119,pairwise,LinkedCells,1.000000,lc_c04_combined_SoA,none,SoA,disabled,12719561,12823089,12705583,12762208,12768271,12797774,12760058,12745525,12722663,12762365,12756709,12756709,10
2025-10-02 15:22:45,115129,pairwise,LinkedCells,1.000000,lc_c04_combined_SoA,none,SoA,enabled,10700857,10637136,10608929,10597368,10564976,10540589,10560406,10561255,10611814,10588776,10597210,10597210,10
2025-10-02 15:22:45,115139,pairwise,LinkedCells,1.000000,lc_c08,none,AoS,disabled,11994605,11868883,11881062,11896023,11874181,11880914,11881748,11861035,11890139,11874427,11890301,11890301,10
2025-10-02 15:22:45,115149,pairwise,LinkedCells,1.000000,lc_c08,none,AoS,enabled,9213922,9200021,9178834,9201309,9183000,9200251,9179325,9169433,9191213,9193999,9191130,9191130,10
2025-10-02 15:22:45,115159,pairwise,LinkedCells,1.000000,lc_c08,none,SoA,disabled,14578440,14464439,14406993,14407678,14451654,14388053,14397355,14359772,14382279,14403831,14424048,14424048,10
2025-10-02 15:22:45,115169,pairwise,LinkedCells,1.000000,lc_c08,none,SoA,enabled,11694209,11611481,11589537,11576073,11599909,11581729,11562281,11564184,11555120,11577152,11591167,11591167,10
2025-10-02 15:22:45,115179,pairwise,LinkedCells,1.000000,lc_c18,none,AoS,disabled,12063070,12035137,12044901,12034082,12015322,12009106,12012573,12032964,12026900,12028069,12030211,12030211,10
2025-10-02 15:22:45,115189,pairwise,LinkedCells,1.000000,lc_c18,none,AoS,enabled,9297011,9284509,9306604,9282715,9273836,9278351,9315552,9279800,9293230,9279489,9289109,9289109,10
2025-10-02 15:22:45,115199,pairwise,LinkedCells,1.000000,lc_c18,none,SoA,disabled,15554111,15428437,15419445,15426927,15424774,15391119,15414701,15441988,15423771,15421165,15434643,15434643,10
2025-10-02 15:22:46,115209,pairwise,LinkedCells,1.000000,lc_c18,none,SoA,enabled,11270797,11214813,11219043,11222557,11217563,11203828,11223376,11244201,11202818,11233379,11225237,11225237,10
2025-10-02 15:22:46,115219,pairwise,LinkedCells,1.000000,lc_sliced,none,AoS,disabled,21063777,21059753,19020088,19086208,21010312,21299969,21213378,20995249,21240228,21210319,20719927,20719927,10
2025-10-02 15:22:46,115229,pairwise,LinkedCells,1.000000,lc_sliced,none,AoS,enabled,15562292,15432560,14809973,13254251,14077489,15534601,14097571,15181745,14710186,15358811,14801947,14801947,10
2025-10-02 15:22:46,115239,pairwise,LinkedCells,1.000000,lc_sliced,none,SoA,disabled,16719572,16629363,16640859,16811511,16404540,16751615,16710559,16636217,16769765,15956963,16603095,16603095,10
2025-10-02 15:22:46,115249,pairwise,LinkedCells,1.000000,lc_sliced,none,SoA,enabled,10086306,9907854,9709350,10081088,10040566,9906746,10052105,9973723,10070335,10031306,9985937,9985937,10
2025-10-02 15:22:46,115259,pairwise,LinkedCells,1.000000,lc_sliced_balanced,none,AoS,disabled,21050899,21011422,20957635,20966006,21001458,20977839,21017085,20997385,20992625,20976771,20994911,20994911,10
2025-10-02 15:22:47,115269,pairwise,LinkedCells,1.000000,lc_sliced_balanced,none,AoS,enabled,15419355,15395360,15388521,15360897,15370015,15379434,15380007,15408182,15444538,15428159,15397446,15397446,10
2025-10-02 15:22:47,115279,pairwise,LinkedCells,1.000000,lc_sliced_balanced,none,SoA,disabled,16692586,16640343,16614413,16622566,16543980,16512908,16543628,16587786,16642017,16522941,16592316,16592316,10
2025-10-02 15:22:47,115289,pairwise,LinkedCells,1.000000,lc_sliced_balanced,none,SoA,enabled,10133473,9957198,10097702,9995093,9931485,9948331,10031571,9901394,9955255,9985712,9993721,9993721,10
2025-10-02 15:22:47,115299,pairwise,LinkedCells,1.000000,lc_sliced_balanced,squared-particles-per-cell,AoS,disabled,21704745,21351084,21386866,21359994,21367734,21340909,21329713,21347727,21323886,21382003,21389466,21389466,10
2025-10-02 15:22:47,115309,pairwise,LinkedCells,1.000000,lc_sliced_balanced,squared-particles-per-cell,AoS,enabled,15770436,15646146,15623264,15659017,15636271,15665459,15629245,15604836,15626696,15616338,15647770,15647770,10
2025-10-02 15:22:48,115319,pairwise,LinkedCells,1.000000,lc_sliced_balanced,squared-particles-per-cell,SoA,disabled,19526642,16932520,16949186,16912264,16859470,16860282,16865069,17001380,16970767,16834831,17171240,17171240,10
2025-10-02 15:22:48,115329,pairwise,LinkedCells,1.000000,lc_sliced_balanced,squared-particles-per-cell,SoA,enabled,10375196,10184474,10178909,10195879,10218920,10185948,10167066,10142139,10188430,10187453,10202441,10202441,10
2025-10-02 15:22:48,115339,pairwise,LinkedCells,1.000000,lc_sliced_c02,none,AoS,disabled,20062340,20522046,21267122,20114518,20826581,20843752,19915157,20475874,20877335,20779542,20568426,20568426,10
2025-10-02 15:22:48,115349,pairwise,LinkedCells,1.000000,lc_sliced_c02,none,AoS,enabled,15318003,14721059,15527966,15234955,15248349,14683005,14681356,15228319,15184742,15560265,15138801,15138801,10
2025-10-02 15:22:48,115359,pairwise,LinkedCells,1.000000,lc_sliced_c02,none,SoA,disabled,18474998,16712208,16568461,16629277,16552995,16513491,16045540,16537360,15573267,16266660,16587425,16587425,10
2025-10-02 15:22:48,115369,pairwise,LinkedCells,1.000000,lc_sliced_c02,none,SoA,enabled,10035961,9945066,10139684,9794396,10041239,10111392,10085150,10025297,10086780,10129217,10039417,10039417,10
2025-10-02 15:22:49,115379,pairwise,VerletClusterLists,1.000000,vcl_c01_balanced,none,AoS,disabled,79378269,23443564,23440246,23444953,23520466,23519629,23424297,23545236,23428120,23561717,29070649,29070649,10
2025-10-02 15:22:49,115389,pairwise,VerletClusterLists,1.000000,vcl_c01_balanced,none,SoA,disabled,47181155,8370200,8386849,8297220,8269801,8294933,8275997,8293945,8284912,8282648,12193765,12193765,10
2025-10-02 15:22:49,115399,pairwise,VerletClusterLists,1.000000,vcl_c06,none,AoS,disabled,63147436,24433465,24559951,24555339,24553206,24462270,24540430,24460512,24381260,24443876,28353774,28353774,10
2025-10-02 15:22:49,115409,pairwise,VerletClusterLists,1.000000,vcl_c06,none,AoS,enabled,36059040,12382763,12373201,12345108,12366317,12373801,12433002,12410611,12407762,12372968,14752457,14752457,10
2025-10-02 15:22:49,115419,pairwise,VerletClusterLists,1.000000,vcl_c06,none,SoA,disabled,47020079,8788512,8759316,8760410,8731298,8759885,8750783,8805755,8743606,8757466,12587710,12587710,10
2025-10-02 15:22:50,115429,pairwise,VerletClusterLists,1.000000,vcl_c06,none,SoA,enabled,28988743,5032830,5022038,5020553,5032581,5021908,5081631,5024339,5036924,5032941,7429448,7429448,10
2025-10-02 15:22:50,115439,pairwise,VerletClusterLists,1.000000,vcl_sliced,none,AoS,disabled,115606407,60352070,67906740,60547395,67779723,66739889,67802507,67793026,77234236,67990653,71975263,71975263,10
2025-10-02 15:22:51,115449,pairwise,VerletClusterLists,1.000000,vcl_sliced,none,AoS,enabled,54830578,31208852,38876171,31269534,38949154,35847869,35846029,23723509,38864432,35840161,36525628,36525628,10
2025-10-02 15:22:51,115459,pairwise,VerletClusterLists,1.000000,vcl_sliced,none,SoA,disabled,58156092,18140020,21684438,19795112,21724189,20722655,21669675,19948088,20726471,19776132,24234286,24234286,10
2025-10-02 15:22:51,115469,pairwise,VerletClusterLists,1.000000,vcl_sliced,none,SoA,enabled,35997122,11434367,12004923,11514770,11541367,11989273,11484478,11977501,10203925,11531548,13967927,13967927,10
2025-10-02 15:22:52,115479,pairwise,VerletClusterLists,1.000000,vcl_sliced_balanced,none,AoS,disabled,110375700,72141313,72286984,72207720,72262185,72315306,72164074,72164449,72180956,72176343,76027502,76027502,10
2025-10-02 15:22:52,115489,pairwise,VerletClusterLists,1.000000,vcl_sliced_balanced,none,AoS,enabled,60627860,37104356,37088084,36991739,37081585,37086799,37105115,37113172,37113103,37000909,39431271,39431271,10
2025-10-02 15:22:53,115499,pairwise,VerletClusterLists,1.000000,vcl_sliced_balanced,none,SoA,disabled,59088456,21016907,20988665,20989981,20989045,21005036,21006455,20998882,20976247,21009923,24806959,24806959,10
2025-10-02 15:22:53,115509,pairwise,VerletClusterLists,1.000000,vcl_sliced_balanced,none,SoA,enabled,35544818,11580557,11587231,11572115,11652630,11563009,11568078,11581368,11559261,11573301,13978236,13978236,10
2025-10-02 15:22:54,115519,pairwise,VerletClusterLists,1.000000,vcl_sliced_balanced,neighbor-list-length,AoS,disabled,118969983,67450124,67426936,67418383,67514579,67514978,67559175,67593978,67404596,67463800,72631652,72631652,10
2025-10-02 15:22:54,115529,pairwise,VerletClusterLists,1.000000,vcl_sliced_balanced,neighbor-list-length,AoS,enabled,60639177,37028112,37119051,37032010,37031593,37042323,37133707,37103970,37070535,37139715,39434018,39434018,10
2025-10-02 15:22:54,115539,pairwise,VerletClusterLists,1.000000,vcl_sliced_balanced,neighbor-list-length,SoA,disabled,59049959,20724274,20718264,20708868,20716961,20703951,20710722,20686342,20715596,20692368,24542730,24542730,10
2025-10-02 15:22:54,115549,pairwise,VerletClusterLists,1.000000,vcl_sliced_balanced,neighbor-list-length,SoA,enabled,35446045,11546619,11555368,11557549,11543697,11549839,11564370,11553387,11574046,11564795,13945571,13945571,10
2025-10-02 15:22:55,115559,pairwise,VerletClusterLists,1.000000,vcl_sliced_c02,none,AoS,disabled,142892303,78020742,91425150,91387820,84633863,88453730,84691264,88438635,86691906,81858742,91849415,91849415,10
2025-10-02 15:22:56,115569,pairwise,VerletClusterLists,1.000000,vcl_sliced_c02,none,AoS,enabled,70130229,41839854,35181809,43652146,40022321,46573069,45446615,46650492,43664635,46559946,45972111,45972111,10
2025-10-02 15:22:56,115579,pairwise,VerletClusterLists,1.000000,vcl_sliced_c02,none,SoA,disabled,65557228,27352121,25744524,24119773,25687696,26209229,26219794,27339994,26859746,26181199,30127129,30127129,10
2025-10-02 15:22:56,115589,pairwise,VerletClusterLists,1.000000,vcl_sliced_c02,none,SoA,enabled,38095712,14231322,14821885,14823851,14995618,15003720,14375237,14196638,14223352,13264472,16803179,16803179,10
2025-10-02 15:22:56,115599,pairwise,VerletLists,1.000000,vl_list_iteration,none,AoS,disabled,56887603,9836506,9814853,9814285,9821648,9800081,9820464,9823810,9804165,9809845,14523325,14523325,10
2025-10-02 15:22:57,115609,pairwise,VerletLists,1.000000,vl_list_iteration,none,SoA,disabled,203060471,11052322,10996396,10985166,11008105,11017425,11012829,10976121,11009085,10998350,30211626,30211626,10
2025-10-02 15:22:57,115619,pairwise,VerletListsCells,1.000000,vlc_c01,none,AoS,disabled,59548223,7289804,7288014,7288292,7297855,7299009,7281082,7288839,7285437,7287372,12515392,12515392,10
2025-10-02 15:22:57,115629,pairwise,VerletListsCells,1.000000,vlc_c01,none,SoA,disabled,201237767,11633947,11597465,11587565,11580250,11598617,11569747,11591695,11574892,11581149,30555308,30555308,10
2025-10-02 15:22:57,115639,pairwise,VerletListsCells,1.000000,vlc_c18,none,AoS,disabled,45828545,7108517,7089532,7086391,7095803,7076838,7081604,7087153,7089300,7097088,10964076,10964076,10
2025-10-02 15:22:58,115649,pairwise,VerletListsCells,1.000000,vlc_c18,none,AoS,enabled,33733390,4661718,4607008,4604462,4608795,4610654,4601307,4612538,4603849,4604008,7524772,7524772,10
2025-10-02 15:22:58,115659,pairwise,VerletListsCells,1.000000,vlc_c18,none,SoA,disabled,297331394,14556403,14555537,14545282,14552265,14535269,14558702,14561788,14541934,14556560,42829512,42829512,10
2025-10-02 15:22:58,115669,pairwise,VerletListsCells,1.000000,vlc_c18,none,SoA,enabled,194584314,12282339,12223502,12247228,12208890,11451549,11427489,11390689,11453976,11444706,30071468,30071468,10
2025-10-02 15:22:58,115679,pairwise,VerletListsCells,1.000000,vlc_c08,none,AoS,disabled,40602077,7080344,7082978,7073341,7064289,7081438,7074115,7076659,7074155,7066096,10427548,10427548,10
2025-10-02 15:22:59,115689,pairwise,VerletListsCells,1.000000,vlc_c08,none,AoS,enabled,36162905,4864165,4849082,4836311,4837365,4845015,4846479,4837918,4837961,4845703,7976290,7976290,10
2025-10-02 15:22:59,115699,pairwise,VerletListsCells,1.000000,vlc_c08,none,SoA,disabled,275898595,14074098,14040950,14062158,14039231,14063305,14071188,14046818,14066157,14031299,40239379,40239379,10
2025-10-02 15:22:59,115709,pairwise,VerletListsCells,1.000000,vlc_c08,none,SoA,enabled,215472338,12818902,12772821,12782023,12760879,12786184,12770623,12770962,12799804,12777769,33051230,33051230,10
2025-10-02 15:22:59,115719,pairwise,VerletListsCells,1.000000,vlc_sliced,none,AoS,disabled,56800226,16731729,16735630,16322207,16798299,16675555,16325034,16652779,15003326,16381692,20442647,20442647,10
2025-10-02 15:23:00,115729,pairwise,VerletListsCells,1.000000,vlc_sliced,none,AoS,enabled,38167506,7966344,8126486,8065815,7995356,7920956,8093801,7976421,7952458,8109127,11037426,11037426,10
2025-10-02 15:23:00,115739,pairwise,VerletListsCells,1.000000,vlc_sliced,none,SoA,disabled,317402374,23324223,23200525,22984216,23281915,23215994,22983181,23306327,23294034,23154921,52614770,52614770,10
2025-10-02 15:23:00,115749,pairwise,VerletListsCells,1.000000,vlc_sliced,none,SoA,enabled,196614042,14959308,14771797,14919100,14719951,14885727,13655121,13955631,13944927,13927332,32635293,32635293,10
2025-10-02 15:23:01,115759,pairwise,VerletListsCells,1.000000,vlc_sliced_balanced,none,AoS,disabled,54784934,15737057,15732950,15710724,15731662,15692885,15737083,15712387,15687756,15712062,19623950,19623950,10
2025-10-02 15:23:01,115769,pairwise,VerletListsCells,1.000000,vlc_sliced_balanced,none,AoS,enabled,37372839,8002335,7949419,7969003,7977650,7919772,7922797,7940020,7930149,7932123,10891610,10891610,10
2025-10-02 15:23:01,115779,pairwise,VerletListsCells,1.000000,vlc_sliced_balanced,none,SoA,disabled,306127611,22844678,22840444,22840646,22818807,22803763,22831370,22806772,22845396,22844608,51160409,51160409,10
2025-10-02 15:23:02,115789,pairwise,VerletListsCells,1.000000,vlc_sliced_balanced,none,SoA,enabled,197047217,14666636,14642941,14619872,14603765,13891337,13806981,13800975,13770630,13779476,32462982,32462982,10
2025-10-02 15:23:02,115799,pairwise,VerletListsCells,1.000000,vlc_sliced_balanced,squared-particles-per-cell,AoS,disabled,54044561,15416351,15372219,15374891,15363252,15366964,15334631,15364805,15350016,15346892,19233457,19233457,10
2025-10-02 15:23:02,115809,pairwise,VerletListsCells,1.000000,vlc_sliced_balanced,squared-particles-per-cell,AoS,enabled,37556200,8194988,8139625,8130074,8138410,8110407,8120761,8130563,8120072,8125143,11076624,11076624,10
2025-10-02 15:23:03,115819,pairwise,VerletListsCells,1.000000,vlc_sliced_balanced,squared-particles-per-cell,SoA,disabled,301007224,22793241,22775322,22822127,22795713,22799017,22752243,22789862,22796853,22794703,50612630,50612630,10
2025-10-02 15:23:03,115829,pairwise,VerletListsCells,1.000000,vlc_sliced_balanced,squared-particles-per-cell,SoA,enabled,202676780,14525161,14544077,14600734,14618637,14377228,13720292,13711717,13725856,13713971,33021444,33021444,10
2025-10-02 15:23:03,115839,pairwise,VerletListsCells,1.000000,vlc_sliced_balanced,neighbor-list-length,AoS,disabled,55608151,15963866,15934169,15915121,15886851,15907775,15928298,15933025,15919440,15942600,19893928,19893928,10
2025-10-02 15:23:03,115849,pairwise,VerletListsCells,1.000000,vlc_sliced_balanced,neighbor-list-length,AoS,enabled,37595119,8279140,8307455,8265963,8275496,8231149,8258918,8223376,8239629,8237790,11191403,11191403,10
2025-10-02 15:23:04,115859,pairwise,VerletListsCells,1.000000,vlc_sliced_balanced,neighbor-list-length,SoA,disabled,299576379,23738751,23700315,23694265,23713465,23674618,23656703,23679273,23674521,23651342,51275963,51275963,10
2025-10-02 15:23:04,115869,pairwise,VerletListsCells,1.000000,vlc_sliced_balanced,neighbor-list-length,SoA,enabled,203902761,15165020,15084965,15136877,15099185,14959888,14047249,14060181,14055576,14011473,33552317,33552317,10
2025-10-02 15:23:05,115879,pairwise,VerletListsCells,1.000000,vlc_sliced_c02,none,AoS,disabled,58228066,18350128,18838505,19015136,18962317,19206398,18903613,19149159,18967283,18429674,22805027,22805027,10
2025-10-02 15:23:05,115889,pairwise,VerletListsCells,1.000000,vlc_sliced_c02,none,AoS,enabled,39383307,10426524,10219659,10144558,10305510,10278381,10407488,10314083,10146436,10222061,13184800,13184800,10
2025-10-02 15:23:05,115899,pairwise,VerletListsCells,1.000000,vlc_sliced_c02,none,SoA,disabled,304222050,27695193,27919996,26096623,27612089,27853166,27885344,27680000,26338360,27879511,55118232,55118232,10
2025-10-02 15:23:06,115909,pairwise,VerletListsCells,1.000000,vlc_sliced_c02,none,SoA,enabled,205508482,17044344,16694034,16410783,16773733,16929401,16242010,15993942,16139650,15930201,35366657,35366657,10
2025-10-02 15:23:06,115919,pairwise,PairwiseVerletLists,1.000000,vlp_c01,none,AoS,disabled,64308774,9174781,9171572,9176949,9154979,9168867,9168463,9159057,9168117,9167905,14681946,14681946,10
2025-10-02 15:23:07,115929,pairwise,PairwiseVerletLists,1.000000,vlp_c01,none,SoA,disabled,636647599,20369583,20372119,20384189,20410505,20364458,20381667,20393309,20365754,20375189,82006436,82006436,10
2025-10-02 15:23:07,115939,pairwise,PairwiseVerletLists,1.000000,vlp_c18,none,AoS,disabled,60914520,9763154,9761152,9750076,9773802,9770699,9774997,9776822,9772681,9767176,14882507,14882507,10
2025-10-02 15:23:07,115949,pairwise,PairwiseVerletLists,1.000000,vlp_c18,none,AoS,enabled,73618738,6337631,6304628,6313885,6315717,6304892,6313747,6303766,6309068,6310815,13043288,13043288,10
2025-10-02 15:23:08,115959,pairwise,PairwiseVerletLists,1.000000,vlp_c18,none,SoA,disabled,841431701,20043316,19890553,19279515,19236259,19275956,19286815,19266991,19230937,19306938,101624897,101624897,10
2025-10-02 15:23:09,115969,pairwise,PairwiseVerletLists,1.000000,vlp_c18,none,SoA,enabled,516694318,15082418,15042293,15054006,15019284,15028975,15058496,14996599,14933053,15024483,65193392,65193392,10
2025-10-02 15:23:09,115979,pairwise,PairwiseVerletLists,1.000000,vlp_sliced,none,AoS,disabled,73607378,22838670,22330270,22270044,22363771,22391512,22240208,22831804,22735833,22316374,27592585,27592585,10
2025-10-02 15:23:09,115989,pairwise,PairwiseVerletLists,1.000000,vlp_sliced,none,AoS,enabled,84963198,10976032,10783380,10949336,10913341,10724831,10723695,10923329,10633842,10751549,18234253,18234253,10
2025-10-02 15:23:10,115999,pairwise,PairwiseVerletLists,1.000000,vlp_sliced,none,SoA,disabled,830528209,35709115,35538459,35172234,34749911,34865481,33659668,34726616,35280167,35095816,114532567,114532567,10
2025-10-02 15:23:11,116009,pairwise,PairwiseVerletLists,1.000000,vlp_sliced,none,SoA,enabled,532965857,23489139,23462698,23440803,23381711,23449676,21925311,22085330,22653782,23640056,74049435,74049435,10
2025-10-02 15:23:11,116019,pairwise,PairwiseVerletLists,1.000000,vlp_sliced_balanced,none,AoS,disabled,74708139,22583502,22654376,22592462,22556776,22557421,22575174,22598977,22592334,22553501,27797266,27797266,10
2025-10-02 15:23:12,116029,pairwise,PairwiseVerletLists,1.000000,vlp_sliced_balanced,none,AoS,enabled,85692973,10769155,10708347,10753066,10724019,10695139,10711703,10727424,10700817,10705117,18218776,18218776,10
2025-10-02 15:23:13,116039,pairwise,PairwiseVerletLists,1.000000,vlp_sliced_balanced,none,SoA,disabled,842990273,35651479,35460917,34886693,34831687,34858946,34859213,34857520,34793017,34849818,115803955,115803955,10
2025-10-02 15:23:13,116049,pairwise,PairwiseVerletLists,1.000000,vlp_sliced_balanced,none,SoA,enabled,539184066,23326981,23186334,23144841,23170431,23189690,23213580,23136278,23127142,23190898,74787023,74787023,10
2025-10-02 15:23:14,116059,pairwise,PairwiseVerletLists,1.000000,vlp_sliced_c02,none,AoS,disabled,81021938,28162505,28910727,27837805,28179780,29365112,28968931,27216747,28110849,28221591,33599597,33599597,10
2025-10-02 15:23:14,116069,pairwise,PairwiseVerletLists,1.000000,vlp_sliced_c02,none,AoS,enabled,88558889,13490371,13141236,13613791,13877333,13472987,13635102,13537449,13437881,13495877,21026091,21026091,10
2025-10-02 15:23:15,116079,pairwise,PairwiseVerletLists,1.000000,vlp_sliced_c02,none,SoA,disabled,841320760,41756968,40936253,40191573,42824590,42977554,41002861,40898456,42180213,41038521,121512774,121512774,10
2025-10-02 15:23:16,116089,pairwise,PairwiseVerletLists,1.000000,vlp_sliced_c02,none,SoA,enabled,541658275,28645918,28283069,27000903,28354445,28260283,27869418,28516354,26999613,28518516,79410679,79410679,10
2025-10-02 15:23:16,116099,pairwise,PairwiseVerletLists,1.000000,vlp_c08,none,AoS,disabled,66560960,13767029,13714755,13704436,13690102,13688000,13685288,13692625,13682328,13681766,18986728,18986728,10
2025-10-02 15:23:16,116109,pairwise,PairwiseVerletLists,1.000000,vlp_c08,none,AoS,enabled,83162784,7797231,7727703,7716227,7719824,7712358,7710499,7720649,7702170,7701774,15267121,15267121,10
2025-10-02 15:23:17,116119,pairwise,PairwiseVerletLists,1.000000,vlp_c08,none,SoA,disabled,827163020,23587514,23359775,22794896,22783270,22791473,22739285,22744892,22781388,22731487,103347699,103347699,10
2025-10-02 15:23:18,116129,pairwise,PairwiseVerletLists,1.000000,vlp_c08,none,SoA,enabled,532183066,17060519,16954817,16996236,16958782,16944606,16978283,16950747,16987945,16981797,68499679,68499679,10
2025-10-02 15:26:38,120009,pairwise,LinkedCells,1.000000,lc_c01,none,AoS,disabled,16814364,16641039,17057610,17018583,16807041,16602745,16542210,16477893,16550576,16667889,16717994,16717994,10
2025-10-02 15:26:38,120019,pairwise,LinkedCells,1.000000,lc_c01,none,SoA,disabled,14641570,12157827,12182060,12188623,12116320,12032416,12129762,12202914,12166052,12221946,12403948,12403948,10
2025-10-02 15:26:38,120029,pairwise,LinkedCells,1.000000,lc_c01_combined_SoA,none,SoA,disabled,10799985,10701063,10828201,10843586,10811425,10814515,10834283,10844641,10744399,10738539,10796063,10796063,10
2025-10-02 15:26:38,120039,pairwise,LinkedCells,1.000000,lc_c04,none,AoS,disabled,11836760,11671258,11628549,11587099,11556012,11676514,11795939,11719940,11689022,11718348,11687944,11687944,10
2025-10-02 15:26:38,120049,pairwise,LinkedCells,1.000000,lc_c04,none,AoS,enabled,8705281,8686361,8706235,8724562,8629135,8585677,8637580,8610566,8562306,8579804,8642749,8642749,10
2025-10-02 15:26:38,120059,pairwise,LinkedCells,1.000000,lc_c04,none,SoA,disabled,11419963,11338642,11321363,11246028,11332484,11338298,11340586,11297587,11273523,11334647,11324311,11324311,10
2025-10-02 15:26:39,120069,pairwise,LinkedCells,1.000000,lc_c04,none,SoA,enabled,8118832,8084441,8093652,8058916,8064806,8063558,8062294,8070767,8069038,8082659,8076895,8076895,10
2025-10-02 15:26:39,120079,pairwise,LinkedCells,1.000000,lc_c04_HCP,none,AoS,disabled,10867954,10832796,10817273,10793040,10757268,10765703,10784423,10765916,10755379,10781487,10792123,10792123,10
2025-10-02 15:26:39,120089,pairwise,LinkedCells,1.000000,lc_c04_HCP,none,AoS,enabled,8128627,8170823,8162228,8149823,8158331,8172648,8158302,8161623,8163394,8177566,8160335,8160335,10
2025-10-02 15:26:39,120099,pairwise,LinkedCells,1.000000,lc_c04_HCP,none,SoA,disabled,11459118,11432095,11413519,11407160,11414853,11402871,11412895,11361540,11418431,11385406,11410788,11410788,10
2025-10-02 15:26:39,120109,pairwise,LinkedCells,1.000000,lc_c04_HCP,none,SoA,enabled,8632731,8616324,8599963,8590768,8567238,8557080,8579013,8563504,8536601,8581324,8582454,8582454,10
2025-10-02 15:26:39,120119,pairwise,LinkedCells,1.000000,lc_c04_combined_SoA,none,SoA,disabled,12426975,12528116,12483025,12514308,12492669,12478330,12480163,12464159,12410866,12465271,12474387,12474387,10
2025-10-02 15:26:39,120129,pairwise,LinkedCells,1.000000,lc_c04_combined_SoA,none,SoA,enabled,10431985,10432834,10445830,10451067,10434067,10408609,10445981,10435412,10437297,10430813,10435388,10435388,10
2025-10-02 15:26:39,120139,pairwise,LinkedCells,1.000000,lc_c08,none,AoS,disabled,11352883,11256440,11288874,11278587,11295159,11273334,11295574,11249435,11270704,11278302,11283928,11283928,10
2025-10-02 15:26:39,120149,pairwise,LinkedCells,1.000000,lc_c08,none,AoS,enabled,8700325,8679102,8679516,8686042,8678151,8664679,8687299,8690126,8686382,8672991,8682460,8682460,10
2025-10-02 15:26:40,120159,pairwise,LinkedCells,1.000000,lc_c08,none,SoA,disabled,14105657,14037543,13986307,13973733,13962262,13987529,13988927,13928593,13976410,13939233,13988619,13988619,10
2025-10-02 15:26:40,120169,pairwise,LinkedCells,1.000000,lc_c08,none,SoA,enabled,11417332,11327192,11286907,11286162,11274061,11296787,11290160,11667854,11236212,11272774,11335543,11335543,10
2025-10-02 15:26:40,120179,pairwise,LinkedCells,1.000000,lc_c18,none,AoS,disabled,11355394,11308204,11302082,11305493,11284591,11319946,11285010,11294730,11285168,11296693,11303730,11303730,10
2025-10-02 15:26:40,120189,pairwise,LinkedCells,1.000000,lc_c18,none,AoS,enabled,8682354,8700793,8693655,8686900,8682966,8675235,8690800,8678203,8709438,8665023,8686536,8686536,10
2025-10-02 15:26:40,120199,pairwise,LinkedCells,1.000000,lc_c18,none,SoA,disabled,14725946,14657176,14663676,14670591,14730281,14691368,14660331,14673984,14683068,14638613,14679503,14679503,10
2025-10-02 15:26:40,120209,pairwise,LinkedCells,1.000000,lc_c18,none,SoA,enabled,10678538,10619762,10607630,10618176,10598086,10618240,10618408,10624522,10610570,10621704,10621563,10621563,10
2025-10-02 15:26:40,120219,pairwise,LinkedCells,1.000000,lc_sliced,none,AoS,disabled,21290165,19661306,21512996,19805542,21869263,21488145,21940570,21932511,21875304,19679179,21105497,21105497,10
2025-10-02 15:26:41,120229,pairwise,LinkedCells,1.000000,lc_sliced,none,AoS,enabled,15816276,15728393,15569924,15865272,15770603,15560657,15771855,15768389,16097572,15619955,15756889,15756889,10
2025-10-02 15:26:41,120239,pairwise,LinkedCells,1.000000,lc_sliced,none,SoA,disabled,16756818,16947930,16976254,16706075,15757794,15187226,16948017,16958337,16731780,16937129,16590735,16590735,10
2025-10-02 15:26:41,120249,pairwise,LinkedCells,1.000000,lc_sliced,none,SoA,enabled,9993466,10166846,10082162,10118053,10138030,10081730,10078304,10159296,10104232,10077127,10099924,10099924,10
2025-10-02 15:26:41,120259,pairwise,LinkedCells,1.000000,lc_sliced_balanced,none,AoS,disabled,21561789,21509093,21467492,21473235,21453392,21434175,21464007,21463189,21458900,21493847,21477911,21477911,10
2025-10-02 15:26:41,120269,pairwise,LinkedCells,1.000000,lc_sliced_balanced,none,AoS,enabled,15783150,15773198,15746536,15782782,15778881,15745702,15768294,15766318,15793979,15743718,15768255,15768255,10
2025-10-02 15:26:41,120279,pairwise,LinkedCells,1.000000,lc_sliced_balanced,none,SoA,disabled,16725576,16711629,16638731,16717025,16709065,16691485,16707439,16662050,16671380,16684344,16691871,16691871,10
2025-10-02 15:26:42,120289,pairwise,LinkedCells,1.000000,lc_sliced_balanced,none,SoA,enabled,10096178,10087400,10133704,10093260,10113813,10087251,10101874,10090034,10068276,10094266,10096605,10096605,10
2025-10-02 15:26:42,120299,pairwise,LinkedCells,1.000000,lc_sliced_balanced,squared-particles-per-cell,AoS,disabled,21774595,21482750,21480719,21495817,21462301,21478614,21448114,21415331,21405727,21464517,21490848,21490848,10
2025-10-02 15:26:42,120309,pairwise,LinkedCells,1.000000,lc_sliced_balanced,squared-particles-per-cell,AoS,enabled,15809523,15735046,15764658,15736216,15712047,15721961,15724601,15669405,15729485,15731109,15733404,15733404,10
2025-10-02 15:26:42,120319,pairwise,LinkedCells,1.000000,lc_sliced_balanced,squared-particles-per-cell,SoA,disabled,19751350,16806223,16715257,16700656,16716960,16651664,16644222,16657015,16644085,16568886,16985631,16985631,10
2025-10-02 15:26:42,120329,pairwise,LinkedCells,1.000000,lc_sliced_balanced,squared-particles-per-cell,SoA,enabled,10329596,10146356,10097324,10096222,10107021,9999453,9958857,10131669,10153156,10150655,10117030,10117030,10
2025-10-02 15:26:43,120339,pairwise,LinkedCells,1.000000,lc_sliced_c02,none,AoS,disabled,21902600,21337918,20584216,20405431,19999205,21482992,21519095,21572109,21455084,20428378,21068702,21068702,10
2025-10-02 15:26:43,120349,pairwise,LinkedCells,1.000000,lc_sliced_c02,none,AoS,enabled,16015030,15905787,15785419,15697621,15529342,15671969,15717961,15568469,15963211,15661473,15751627,15751627,10
2025-10-02 15:26:43,120359,pairwise,LinkedCells,1.000000,lc_sliced_c02,none,SoA,disabled,19202704,16978182,16749671,16386593,16925312,16857533,16813416,16679995,16693688,16825318,17011240,17011240,10
2025-10-02 15:26:43,120369,pairwise,LinkedCells,1.000000,lc_sliced_c02,none,SoA,enabled,10479677,9823263,10105142,10026376,10079543,10009516,10143219,10115098,10018729,10175955,10097651,10097651,10
2025-10-02 15:26:43,120379,pairwise,VerletClusterLists,1.000000,vcl_c01_balanced,none,AoS,disabled,75776423,22909813,22856741,22876959,22932314,22914329,22967241,22871481,22945321,22879115,28192973,28192973,10
2025-10-02 15:26:43,120389,pairwise,VerletClusterLists,1.000000,vcl_c01_balanced,none,SoA,disabled,44299208,7994034,7978331,7983606,7975306,7993917,8009037,7983986,7973445,7988407,11617927,11617927,10
2025-10-02 15:26:44,120399,pairwise,VerletClusterLists,1.000000,vcl_c06,none,AoS,disabled,60068675,24117830,24033668,24005901,23908119,23971650,24058245,23925506,23920021,24064087,27607369,27607369,10
2025-10-02 15:26:44,120409,pairwise,VerletClusterLists,1.000000,vcl_c06,none,AoS,enabled,34635768,12208221,12236962,12214749,12227465,12205993,12182076,12177919,12226000,12202960,14451810,14451810,10
2025-10-02 15:26:44,120419,pairwise,VerletClusterLists,1.000000,vcl_c06,none,SoA,disabled,44920345,8500129,8444891,8447244,8467677,8476087,8537580,8502130,8492445,8506845,12129537,12129537,10
2025-10-02 15:26:44,120429,pairwise,VerletClusterLists,1.000000,vcl_c06,none,SoA,enabled,27829051,4890152,4915704,4913571,4925563,4849305,4862789,4847476,4999591,4895752,7192895,7192895,10
2025-10-02 15:26:45,120439,pairwise,VerletClusterLists,1.000000,vcl_sliced,none,AoS,disabled,103078324,66040787,75797154,75847430,60383434,75683518,66355283,66236843,65895333,75645298,73096339,73096339,10
2025-10-02 15:26:45,120449,pairwise,VerletClusterLists,1.000000,vcl_sliced,none,AoS,enabled,60595759,35339600,38278961,38222181,38254354,31053667,35026939,31175373,31180925,31061909,37018966,37018966,10
2025-10-02 15:26:46,120459,pairwise,VerletClusterLists,1.000000,vcl_sliced,none,SoA,disabled,53772301,21085694,21091939,21064337,21053757,20171189,21044002,20141559,20125144,20162699,23971261,23971261,10
2025-10-02 15:26:46,120469,pairwise,VerletClusterLists,1.000000,vcl_sliced,none,SoA,enabled,33965571,11674796,11163603,11111344,11152135,10943664,11106590,11130826,11627420,11154484,13503043,13503043,10
2025-10-02 15:26:46,120479,pairwise,VerletClusterLists,1.000000,vcl_sliced_balanced,none,AoS,disabled,107551521,71399551,71381167,71397251,71478665,71302104,71318223,71247086,71379198,71200631,74965539,74965539,10
2025-10-02 15:26:47,120489,pairwise,VerletClusterLists,1.000000,vcl_sliced_balanced,none,AoS,enabled,58815421,36659487,36613559,36591254,36640513,36565018,36597046,36552397,36659194,36627751,38832163,38832163,10
2025-10-02 15:26:47,120499,pairwise,VerletClusterLists,1.000000,vcl_sliced_balanced,none,SoA,disabled,56331992,20369643,20388007,20368334,20439269,20358958,20370450,20355395,20347860,20356398,23968630,23968630,10
2025-10-02 15:26:47,120509,pairwise,VerletClusterLists,1.000000,vcl_sliced_balanced,none,SoA,enabled,33926548,11201123,11206175,11191158,11204281,11197976,11199697,11177839,11203326,11208937,13471705,13471705,10
2025-10-02 15:26:48,120519,pairwise,VerletClusterLists,1.000000,vcl_sliced_balanced,neighbor-list-length,AoS,disabled,114830505,66080410,66007953,66106163,66076725,66088476,66102057,66071642,66145957,66091950,70960183,70960183,10
2025-10-02 15:26:48,120529,pairwise,VerletClusterLists,1.000000,vcl_sliced_balanced,neighbor-list-length,AoS,enabled,57790117,35528418,35561243,35535088,35537908,35562207,35474312,35468520,35489606,35552986,37750040,37750040,10
2025-10-02 15:26:49,120539,pairwise,VerletClusterLists,1.000000,vcl_sliced_balanced,neighbor-list-length,SoA,disabled,56145757,20100047,20105294,20114148,20105754,20083331,20102936,20092425,20103562,20087483,23704073,23704073,10
2025-10-02 15:26:49,120549,pairwise,VerletClusterLists,1.000000,vcl_sliced_balanced,neighbor-list-length,SoA,enabled,33735245,11135020,11134894,11141829,11106286,11122259,11127734,11127046,11127356,11134905,13389257,13389257,10
2025-10-02 15:26:50,120559,pairwise,VerletClusterLists,1.000000,vcl_sliced_c02,none,AoS,disabled,132475304,90436046,88035406,81312590,83644939,77112200,88148941,83525557,88049597,83792517,89653309,89653309,10
2025-10-02 15:26:50,120569,pairwise,VerletClusterLists,1.000000,vcl_sliced_c02,none,AoS,enabled,65411223,43181356,43032835,40706521,46123322,46074502,42139596,42310629,42981077,36495462,44845651,44845651,10
2025-10-02 15:26:51,120579,pairwise,VerletClusterLists,1.000000,vcl_sliced_c02,none,SoA,disabled,61470027,23608538,26364514,26443021,25304696,25287827,25309631,25671247,26350649,25305508,29111565,29111565,10
2025-10-02 15:26:51,120589,pairwise,VerletClusterLists,1.000000,vcl_sliced_c02,none,SoA,enabled,37211980,13948062,14576532,13885079,13897132,13908548,14497632,14560203,14533676,14663134,16568197,16568197,10
2025-10-02 15:26:51,120599,pairwise,VerletLists,1.000000,vl_list_iteration,none,AoS,disabled,54263696,9470399,9446914,9445956,9434556,9442414,9439159,9439514,9434069,9445028,13926170,13926170,10
2025-10-02 15:26:51,120609,pairwise,VerletLists,1.000000,vl_list_iteration,none,SoA,disabled,189234157,10615163,10591994,10534709,10573672,10545610,10562654,10570129,10544948,10554687,28432771,28432771,10
2025-10-02 15:26:51,120619,pairwise,VerletListsCells,1.000000,vlc_c01,none,AoS,disabled,58306619,7034165,7034471,7026233,7037141,7033115,7023654,7038001,7026491,7026999,12158688,12158688,10
2025-10-02 15:26:52,120629,pairwise,VerletListsCells,1.000000,vlc_c01,none,SoA,disabled,190871739,11200387,11064987,11079578,11053727,11074801,11082897,11082129,11089065,11091068,29069037,29069037,10
2025-10-02 15:26:52,120639,pairwise,VerletListsCells,1.000000,vlc_c18,none,AoS,disabled,44804119,6856264,6841304,6831294,6840876,6842068,6840452,6849848,6836485,6842920,10638562,10638562,10
2025-10-02 15:26:52,120649,pairwise,VerletListsCells,1.000000,vlc_c18,none,AoS,enabled,32926470,4536543,4490571,4504035,4488908,4487010,4482944,4489511,4499984,4495253,7340122,7340122,10
2025-10-02 15:26:52,120659,pairwise,VerletListsCells,1.000000,vlc_c18,none,SoA,disabled,283605264,14011963,14050956,14046274,14032886,14037204,13986945,14019210,14022029,14022247,40983497,40983497,10
2025-10-02 15:26:53,120669,pairwise,VerletListsCells,1.000000,vlc_c18,none,SoA,enabled,179870073,11848565,11807899,11799711,11751553,10931160,10962425,10962865,10949517,10919179,28180293,28180293,10
2025-10-02 15:26:53,120679,pairwise,VerletListsCells,1.000000,vlc_c08,none,AoS,disabled,39725598,6840095,6845211,6839404,6835900,6828072,6839566,6841834,6833657,6834390,10126371,10126371,10
2025-10-02 15:26:53,120689,pairwise,VerletListsCells,1.000000,vlc_c08,none,AoS,enabled,37016228,4716593,4707568,4706179,4701208,4698840,4706463,4696248,4696228,4700304,7934585,7934585,10
2025-10-02 15:26:53,120699,pairwise,VerletListsCells,1.000000,vlc_c08,none,SoA,disabled,263725478,13547521,13507401,13476173,13536140,13547264,13521772,13511248,13481637,13578747,38543337,38543337,10
2025-10-02 15:26:54,120709,pairwise,VerletListsCells,1.000000,vlc_c08,none,SoA,enabled,203422408,12293897,12201440,12242233,12246343,12205274,12183626,12223358,12174714,12199215,31339250,31339250,10
2025-10-02 15:26:54,120719,pairwise,VerletListsCells,1.000000,vlc_sliced,none,AoS,disabled,56214313,16996620,16975901,16841809,16771259,16821017,16422339,16831762,17019932,16056565,20695151,20695151,10
2025-10-02 15:26:54,120729,pairwise,VerletListsCells,1.000000,vlc_sliced,none,AoS,enabled,37851772,8123864,8073819,7925472,7957298,8158994,8074050,8054213,8085035,8049507,11035401,11035401,10
2025-10-02 15:26:54,120739,pairwise,VerletListsCells,1.000000,vlc_sliced,none,SoA,disabled,297621095,23311222,21504238,21985756,22858714,23094976,22827187,23132933,23016245,23096000,50244836,50244836,10
2025-10-02 15:26:55,120749,pairwise,VerletListsCells,1.000000,vlc_sliced,none,SoA,enabled,186658766,14768980,14457134,14121535,14444279,13772617,13491108,13716151,13631155,13754389,31281611,31281611,10
2025-10-02 15:26:55,120759,pairwise,VerletListsCells,1.000000,vlc_sliced_balanced,none,AoS,disabled,53634949,15568632,15502021,15467035,15462923,15503674,15441655,15511569,15429726,15485886,19300806,19300806,10
2025-10-02 15:26:55,120769,pairwise,VerletListsCells,1.000000,vlc_sliced_balanced,none,AoS,enabled,36843082,8156831,8126900,8095058,8091431,8077886,8070437,8069137,8063504,8052918,10964717,10964717,10
2025-10-02 15:26:56,120779,pairwise,VerletListsCells,1.000000,vlc_sliced_balanced,none,SoA,disabled,293892547,22928216,22893307,22868305,22880972,22865918,22856584,22885023,22891717,22862355,49982494,49982494,10
2025-10-02 15:26:56,120789,pairwise,VerletListsCells,1.000000,vlc_sliced_balanced,none,SoA,enabled,189129963,14541363,14549706,14492456,14516246,13727035,13661265,13663462,13653667,13696230,31563138,31563138,10
2025-10-02 15:26:56,120799,pairwise,VerletListsCells,1.000000,vlc_sliced_balanced,squared-particles-per-cell,AoS,disabled,54425027,15922128,15895778,15855264,15885962,15866156,15872829,15887771,15908028,15864656,19738359,19738359,10
2025-10-02 15:26:56,120809,pairwise,VerletListsCells,1.000000,vlc_sliced_balanced,squared-particles-per-cell,AoS,enabled,37234110,8490280,8480147,8449534,8452608,8450017,8466649,8470169,8459214,8462955,11341568,11341568,10
2025-10-02 15:26:57,120819,pairwise,VerletListsCells,1.000000,vlc_sliced_balanced,squared-particles-per-cell,SoA,disabled,286023797,22758284,22716949,22720234,22729015,22702296,22693879,22721364,22658882,22728656,49045335,49045335,10
2025-10-02 15:26:57,120829,pairwise,VerletListsCells,1.000000,vlc_sliced_balanced,squared-particles-per-cell,SoA,enabled,191962186,14487542,14503596,14478838,14548274,13722761,13621870,13581264,13628417,13589210,31812395,31812395,10
2025-10-02 15:26:57,120839,pairwise,VerletListsCells,1.000000,vlc_sliced_balanced,neighbor-list-length,AoS,disabled,54782828,16415254,16428924,16398783,16413308,16438335,16418135,16415965,16363398,16426239,20250116,20250116,10
2025-10-02 15:26:58,120849,pairwise,VerletListsCells,1.000000,vlc_sliced_balanced,neighbor-list-length,AoS,enabled,37235551,8496393,8500297,8489880,8483658,8482071,8481677,8473881,8478804,8492292,11361450,11361450,10
2025-10-02 15:26:58,120859,pairwise,VerletListsCells,1.000000,vlc_sliced_balanced,neighbor-list-length,SoA,disabled,286176166,23687059,23565108,23520247,23630305,23619632,23678561,23664669,23581932,23642826,49876649,49876649,10
2025-10-02 15:26:58,120869,pairwise,VerletListsCells,1.000000,vlc_sliced_balanced,neighbor-list-length,SoA,enabled,193132201,15092921,15070409,15112315,15069420,14281156,14220066,14047227,14026429,14213090,32426523,32426523,10
2025-10-02 15:26:59,120879,pairwise,VerletListsCells,1.000000,vlc_sliced_c02,none,AoS,disabled,58139486,19546769,18346832,19833291,19535996,20035073,19995144,19872658,19274931,19526801,23410697,23410697,10
2025-10-02 15:26:59,120889,pairwise,VerletListsCells,1.000000,vlc_sliced_c02,none,AoS,enabled,39318474,10352738,10133372,10343080,10411466,10532776,10347411,10345524,10366057,10351909,13250280,13250280,10
2025-10-02 15:26:59,120899,pairwise,VerletListsCells,1.000000,vlc_sliced_c02,none,SoA,disabled,289893072,27764031,27784944,27040501,27757588,27188349,27823128,26169166,26647137,26171141,53423904,53423904,10
2025-10-02 15:27:00,120909,pairwise,VerletListsCells,1.000000,vlc_sliced_c02,none,SoA,enabled,195899306,16872019,16727471,16626041,16946336,16895683,15639328,15887733,15468471,15849492,34281187,34281187,10
2025-10-02 15:27:00,120919,pairwise,PairwiseVerletLists,1.000000,vlp_c01,none,AoS,disabled,62345056,8876760,8878205,8885284,8871294,8876703,8871902,8880958,8874958,8872475,14223359,14223359,10
2025-10-02 15:27:01,120929,pairwise,PairwiseVerletLists,1.000000,vlp_c01,none,SoA,disabled,619673267,19540523,19567096,19565342,19556836,19572219,19562578,19544649,19544878,19557719,79568510,79568510,10
2025-10-02 15:27:01,120939,pairwise,PairwiseVerletLists,1.000000,vlp_c18,none,AoS,disabled,58902505,9355426,9340039,9352829,9351826,9360767,9344265,9344947,9358815,9352810,14306422,14306422,10
2025-10-02 15:27:01,120949,pairwise,PairwiseVerletLists,1.000000,vlp_c18,none,AoS,enabled,72099250,6118517,6081812,6087285,6083197,6094702,6091229,6090623,6090947,6080331,12691789,12691789,10
2025-10-02 15:27:02,120959,pairwise,PairwiseVerletLists,1.000000,vlp_c18,none,SoA,disabled,814698053,18382455,18367738,18364598,18361119,18375933,18389107,18398053,18332460,18369170,98003868,98003868,10
2025-10-02 15:27:03,120969,pairwise,PairwiseVerletLists,1.000000,vlp_c18,none,SoA,enabled,498418439,14562852,14561588,14558127,14568154,14572115,14552753,14547651,14570631,14579292,62949159,62949159,10
2025-10-02 15:27:03,120979,pairwise,PairwiseVerletLists,1.000000,vlp_sliced,none,AoS,disabled,72160674,22869908,22827058,22806364,23057689,22797318,22357023,23181661,22794643,23084908,27793724,27793724,10
2025-10-02 15:27:03,120989,pairwise,PairwiseVerletLists,1.000000,vlp_sliced,none,AoS,enabled,83288740,10387975,11019408,10872135,11086764,11024427,10744538,11110527,10979975,11020869,18153535,18153535,10
2025-10-02 15:27:04,120999,pairwise,PairwiseVerletLists,1.000000,vlp_sliced,none,SoA,disabled,802119851,34608456,32137018,34792032,34316671,34168968,32076431,34603860,34268982,32181638,110527390,110527390,10
2025-10-02 15:27:05,121009,pairwise,PairwiseVerletLists,1.000000,vlp_sliced,none,SoA,enabled,518924913,23299849,23460506,23594177,22516642,23193491,22153478,23214800,21992948,23342895,72569369,72569369,10
2025-10-02 15:27:05,121019,pairwise,PairwiseVerletLists,1.000000,vlp_sliced_balanced,none,AoS,disabled,73844777,23088213,23074485,23081254,23048830,23038482,23074940,23042022,23045690,23063551,28140223,28140223,10
2025-10-02 15:27:06,121029,pairwise,PairwiseVerletLists,1.000000,vlp_sliced_balanced,none,AoS,enabled,83691071,11077220,11018916,11049683,11015282,11007439,11019920,11016768,10976836,10995253,18286838,18286838,10
2025-10-02 15:27:07,121039,pairwise,PairwiseVerletLists,1.000000,vlp_sliced_balanced,none,SoA,disabled,805793541,34220004,34209173,34159969,34192687,34260229,34135567,34148394,34146438,34188932,111345493,111345493,10
2025-10-02 15:27:07,121049,pairwise,PairwiseVerletLists,1.000000,vlp_sliced_balanced,none,SoA,enabled,518405823,23151325,23115779,23051344,23091710,23101812,23065053,23078085,23093827,23124590,72627934,72627934,10
2025-10-02 15:27:08,121059,pairwise,PairwiseVerletLists,1.000000,vlp_sliced_c02,none,AoS,disabled,78010429,28429174,28342999,27949568,28998252,29108863,29844667,29416204,27934124,28309978,33634425,33634425,10
2025-10-02 15:27:08,121069,pairwise,PairwiseVerletLists,1.000000,vlp_sliced_c02,none,AoS,enabled,86638205,13862013,13968852,14033000,13274459,13749312,13657972,13840162,13647659,13973996,21064562,21064562,10
2025-10-02 15:27:09,121079,pairwise,PairwiseVerletLists,1.000000,vlp_sliced_c02,none,SoA,disabled,809532956,39927815,41784480,40886356,39506787,40916269,39268950,40122819,39678752,41226207,117285139,117285139,10
2025-10-02 15:27:10,121089,pairwise,PairwiseVerletLists,1.000000,vlp_sliced_c02,none,SoA,enabled,522519338,25410868,28218739,27831680,27787644,28168631,28122464,28072156,27777541,27632132,77154119,77154119,10
2025-10-02 15:27:10,121099,pairwise,PairwiseVerletLists,1.000000,vlp_c08,none,AoS,disabled,64111314,13323303,13268572,13229504,13237300,13218241,13222301,13213197,13213902,13212548,18325018,18325018,10
2025-10-02 15:27:10,121109,pairwise,PairwiseVerletLists,1.000000,vlp_c08,none,AoS,enabled,80271126,7525311,7458214,7449988,7459010,7450581,7456460,7455074,7454476,7431388,14741162,14741162,10
2025-10-02 15:27:11,121119,pairwise,PairwiseVerletLists,1.000000,vlp_c08,none,SoA,disabled,798290631,21896011,21889438,21863572,21864524,21878282,21873390,21888149,21836560,21892302,99517285,99517285,10
2025-10-02 15:27:12,121129,pairwise,PairwiseVerletLists,1.000000,vlp_c08,none,SoA,enabled,512668875,16473265,16458601,16470799,16472559,16429226,16474744,16449187,16437348,16460863,66079546,66079546,10
2025-10-02 15:30:19,125009,pairwise,LinkedCells,1.000000,lc_c01,none,AoS,disabled,16162477,15996194,16048758,16333725,16238666,16255327,15879746,15833832,15829483,15843519,16042172,16042172,10
2025-10-02 15:30:19,125019,pairwise,LinkedCells,1.000000,lc_c01,none,SoA,disabled,14447652,11764656,11738845,11753070,11674310,11725483,11702048,11634666,11715651,11624923,11978130,11978130,10
2025-10-02 15:30:19,125029,pairwise,LinkedCells,1.000000,lc_c01_combined_SoA,none,SoA,disabled,10498240,10405429,10446612,10389280,10425835,10410557,10442411,10435453,10471836,10437298,10436294,10436294,10
2025-10-02 15:30:19,125039,pairwise,LinkedCells,1.000000,lc_c04,none,AoS,disabled,11598355,11515209,11470479,11617219,11504780,11563933,11384541,11519584,11358489,11445361,11497794,11497794,10
2025-10-02 15:30:19,125049,pairwise,LinkedCells,1.000000,lc_c04,none,AoS,enabled,8466974,8524425,8453828,8554189,8526644,8572730,8536374,8542923,8548672,8566812,8529356,8529356,10
2025-10-02 15:30:19,125059,pairwise,LinkedCells,1.000000,lc_c04,none,SoA,disabled,11177102,11118221,11024087,11017346,10939423,11061291,10955014,11142112,11005293,11068918,11050880,11050880,10
2025-10-02 15:30:19,125069,pairwise,LinkedCells,1.000000,lc_c04,none,SoA,enabled,7921449,7895169,7879242,7869425,7872340,7852522,7839872,7887513,7860621,7894029,7877217,7877217,10
2025-10-02 15:30:19,125079,pairwise,LinkedCells,1.000000,lc_c04_HCP,none,AoS,disabled,10317433,10269420,10266225,10273195,10282284,10253074,10306260,10285504,10292153,10299864,10284540,10284540,10
2025-10-02 15:30:19,125089,pairwise,LinkedCells,1.000000,lc_c04_HCP,none,AoS,enabled,7776417,7771647,7785593,7775717,7781224,7734063,7732183,7714836,7722770,7741227,7753566,7753566,10
2025-10-02 15:30:20,125099,pairwise,LinkedCells,1.000000,lc_c04_HCP,none,SoA,disabled,11010937,11038443,10986926,11002550,11004659,11017588,10964908,10997868,10999147,10997063,11002008,11002008,10
2025-10-02 15:30:20,125109,pairwise,LinkedCells,1.000000,lc_c04_HCP,none,SoA,enabled,8363152,8377674,8287107,8302498,8289817,8294777,8303618,8308755,8298658,8295202,8312125,8312125,10
2025-10-02 15:30:20,125119,pairwise,LinkedCells,1.000000,lc_c04_combined_SoA,none,SoA,disabled,12188169,12106375,12102590,12089961,12211941,12154790,12216106,12161397,12107781,12105384,12144448,12144448,10
2025-10-02 15:30:20,125129,pairwise,LinkedCells,1.000000,lc_c04_combined_SoA,none,SoA,enabled,10289524,10177279,10183791,10160346,10187261,10144595,10164270,10156132,10185010,10176283,10182448,10182448,10
2025-10-02 15:30:20,125139,pairwise,LinkedCells,1.000000,lc_c08,none,AoS,disabled,10851931,10754694,10760827,10764978,10783554,10767526,10793438,10773575,10794603,10803234,10784836,10784836,10
2025-10-02 15:30:20,125149,pairwise,LinkedCells,1.000000,lc_c08,none,AoS,enabled,8360080,8323946,8322401,8313665,8312512,8327798,8340466,8294979,8351372,8337947,8328516,8328516,10
2025-10-02 15:30:20,125159,pairwise,LinkedCells,1.000000,lc_c08,none,SoA,disabled,13720614,13600085,13553635,13516613,13513618,13500578,13516983,13513379,13534286,13537460,13550724,13550724,10
2025-10-02 15:30:20,125169,pairwise,LinkedCells,1.000000,lc_c08,none,SoA,enabled,11065803,11021608,10994598,10960507,10957267,10974567,10975057,10964154,10925483,10957279,10979631,10979631,10
2025-10-02 15:30:20,125179,pairwise,LinkedCells,1.000000,lc_c18,none,AoS,disabled,10898130,10843394,10865410,10876267,10829445,10870046,10903322,10848800,10822899,10865338,10862304,10862304,10
2025-10-02 15:30:21,125189,pairwise,LinkedCells,1.000000,lc_c18,none,AoS,enabled,8390219,8358672,8344074,8325537,8333675,8333859,8371809,8337592,8351850,8340205,8348748,8348748,10
2025-10-02 15:30:21,125199,pairwise,LinkedCells,1.000000,lc_c18,none,SoA,disabled,14114897,14018792,14009783,14018694,14020987,14025801,14049768,14023950,14058649,14015092,14035641,14035641,10
2025-10-02 15:30:21,125209,pairwise,LinkedCells,1.000000,lc_c18,none,SoA,enabled,10345222,10242660,10242387,10227838,10216872,10241784,10234373,10255522,10241253,10247054,10249496,10249496,10
2025-10-02 15:30:21,125219,pairwise,LinkedCells,1.000000,lc_sliced,none,AoS,disabled,22364299,20805707,22195106,21644156,21351115,21638948,22224323,22260293,20553095,22190095,21722713,21722713,10
2025-10-02 15:30:21,125229,pairwise,LinkedCells,1.000000,lc_sliced,none,AoS,enabled,15868995,15834855,15818373,15848328,15850538,16198183,15809233,15814990,15839280,15840207,15872298,15872298,10
2025-10-02 15:30:21,125239,pairwise,LinkedCells,1.000000,lc_sliced,none,SoA,disabled,16546661,15568411,16989271,16985949,16618100,16962413,16666203,16651829,16668037,15051905,16470877,16470877,10
2025-10-02 15:30:21,125249,pairwise,LinkedCells,1.000000,lc_sliced,none,SoA,enabled,10152824,10175938,10130903,9995635,10011358,9998769,10138078,10122613,9824095,10113472,10066368,10066368,10
2025-10-02 15:30:22,125259,pairwise,LinkedCells,1.000000,lc_sliced_balanced,none,AoS,disabled,21667462,21587214,21648098,21595172,21561852,21581675,21565742,21561795,21582358,21577664,21592902,21592902,10
2025-10-02 15:30:22,125269,pairwise,LinkedCells,1.000000,lc_sliced_balanced,none,AoS,enabled,15842106,15817406,15800870,15793598,15783588,15797123,15822022,15800294,15804199,15846155,15810735,15810735,10
2025-10-02 15:30:22,125279,pairwise,LinkedCells,1.000000,lc_sliced_balanced,none,SoA,disabled,16673794,16656595,16635151,16608405,16617490,16655730,16645360,16629777,16639538,16605488,16636732,16636732,10
2025-10-02 15:30:22,125289,pairwise,LinkedCells,1.000000,lc_sliced_balanced,none,SoA,enabled,10021967,10022848,9986520,10012329,9983265,10003419,10004354,9977145,9982332,9990857,9998503,9998503,10
2025-10-02 15:30:22,125299,pairwise,LinkedCells,1.000000,lc_sliced_balanced,squared-particles-per-cell,AoS,disabled,22054114,21723910,21734506,21681957,21707554,21689319,21680165,21678224,21676922,21732033,21735870,21735870,10
2025-10-02 15:30:23,125309,pairwise,LinkedCells,1.000000,lc_sliced_balanced,squared-particles-per-cell,AoS,enabled,16007928,15923604,15878283,15903075,15897215,15878784,15905438,15890071,15918569,15879057,15908201,15908201,10
2025-10-02 15:30:23,125319,pairwise,LinkedCells,1.000000,lc_sliced_balanced,squared-particles-per-cell,SoA,disabled,19485340,16690842,16696081,16707073,16632306,16693531,16594817,16666123,16709494,16652698,16952830,16952830,10
2025-10-02 15:30:23,125329,pairwise,LinkedCells,1.000000,lc_sliced_balanced,squared-particles-per-cell,SoA,enabled,10250511,10047327,10049929,10057331,10104585,10024079,10016729,10027129,10072989,10048443,10069904,10069904,10
2025-10-02 15:30:23,125339,pairwise,LinkedCells,1.000000,lc_sliced_c02,none,AoS,disabled,22291448,21626643,20738559,20642305,22177066,21852187,21803805,21615345,21713007,21596031,21605639,21605639,10
2025-10-02 15:30:23,125349,pairwise,LinkedCells,1.000000,lc_sliced_c02,none,AoS,enabled,15519584,16054437,14869976,16002656,15854017,16024308,15133810,16147891,16031004,15721640,15735932,15735932,10
2025-10-02 15:30:23,125359,pairwise,LinkedCells,1.000000,lc_sliced_c02,none,SoA,disabled,20131561,16697852,16978946,16781396,16575541,16616763,16762239,16120166,16268397,16561536,16949439,16949439,10
2025-10-02 15:30:24,125369,pairwise,LinkedCells,1.000000,lc_sliced_c02,none,SoA,enabled,10231004,9916582,9908841,9946542,10036618,9941768,9807957,10047186,10146602,10049013,10003211,10003211,10
2025-10-02 15:30:24,125379,pairwise,VerletClusterLists,1.000000,vcl_c01_balanced,none,AoS,disabled,73204570,22286492,22263978,22237180,22175909,22258159,22231058,22229128,22231268,22202468,27332020,27332020,10
2025-10-02 15:30:24,125389,pairwise,VerletClusterLists,1.000000,vcl_c01_balanced,none,SoA,disabled,41753852,7745138,7774276,7706241,7732593,7722363,7723826,7721740,7709651,7722983,11131265,11131265,10
2025-10-02 15:30:24,125399,pairwise,VerletClusterLists,1.000000,vcl_c06,none,AoS,disabled,57164624,23330592,23386178,23527334,23529791,23494326,23357421,23589210,23359191,23527932,26826659,26826659,10
2025-10-02 15:30:24,125409,pairwise,VerletClusterLists,1.000000,vcl_c06,none,AoS,enabled,32898134,11786266,11853996,11828607,11790642,11900899,11816282,11875431,11864710,11959022,13957398,13957398,10
2025-10-02 15:30:25,125419,pairwise,VerletClusterLists,1.000000,vcl_c06,none,SoA,disabled,42059595,8190661,8230067,8269526,8203711,8192346,8214780,8213551,8214043,8175284,11596356,11596356,10
2025-10-02 15:30:25,125429,pairwise,VerletClusterLists,1.000000,vcl_c06,none,SoA,enabled,26086313,4687144,4684715,4681221,4670261,4666512,4650062,4642644,4665861,4668659,6810338,6810338,10
2025-10-02 15:30:25,125439,pairwise,VerletClusterLists,1.000000,vcl_sliced,none,AoS,disabled,109061352,75118715,68874195,75117657,75157365,75324551,62978026,75152221,58139550,68836419,74376004,74376004,10
2025-10-02 15:30:26,125449,pairwise,VerletClusterLists,1.000000,vcl_sliced,none,AoS,enabled,56050778,35105807,35031696,38065056,35248323,37890464,35106101,35140077,37981234,37981470,38360099,38360099,10
2025-10-02 15:30:26,125459,pairwise,VerletClusterLists,1.000000,vcl_sliced,none,SoA,disabled,54590314,20081376,18139368,17092548,20866495,18851224,20920378,20013631,20809701,19991588,23135662,23135662,10
2025-10-02 15:30:26,125469,pairwise,VerletClusterLists,1.000000,vcl_sliced,none,SoA,enabled,32282515,11463195,11446335,10917000,10925727,11424576,10942418,11436252,10931178,10963620,13273281,13273281,10
2025-10-02 15:30:27,125479,pairwise,VerletClusterLists,1.000000,vcl_sliced_balanced,none,AoS,disabled,102747044,68951835,69007914,68987842,68944813,68939951,69020063,68930433,68875195,68910312,72331539,72331539,10
2025-10-02 15:30:27,125489,pairwise,VerletClusterLists,1.000000,vcl_sliced_balanced,none,AoS,enabled,56199295,35345891,35379584,35272111,35371358,35292548,35274816,35313078,35456581,35404313,37430956,37430956,10
2025-10-02 15:30:28,125499,pairwise,VerletClusterLists,1.000000,vcl_sliced_balanced,none,SoA,disabled,53841766,20074542,20035153,20013115,20048310,20021784,20014121,20054116,20132309,20047588,23428280,23428280,10
2025-10-02 15:30:28,125509,pairwise,VerletClusterLists,1.000000,vcl_sliced_balanced,none,SoA,enabled,32397252,10976428,10975609,10957054,10982591,10975559,10997547,10982256,10966847,10986656,13119779,13119779,10
2025-10-02 15:30:29,125519,pairwise,VerletClusterLists,1.000000,vcl_sliced_balanced,neighbor-list-length,AoS,disabled,115213739,69009214,69090849,69126611,69064556,68933319,69184255,69098348,68905620,69120628,73674713,73674713,10
2025-10-02 15:30:29,125529,pairwise,VerletClusterLists,1.000000,vcl_sliced_balanced,neighbor-list-length,AoS,enabled,57869895,36687274,36709569,36780707,36746150,36706150,36790737,36699437,36690870,36670318,38835110,38835110,10
2025-10-02 15:30:29,125539,pairwise,VerletClusterLists,1.000000,vcl_sliced_balanced,neighbor-list-length,SoA,disabled,54428348,20332872,20353142,20345579,20336463,20329350,20350258,20324873,20336887,20347062,23748482,23748482,10
2025-10-02 15:30:29,125549,pairwise,VerletClusterLists,1.000000,vcl_sliced_balanced,neighbor-list-length,SoA,enabled,32639233,11198043,11170306,11171823,11167159,11159532,11141620,11163878,11170564,11167315,13314946,13314946,10
2025-10-02 15:30:30,125559,pairwise,VerletClusterLists,1.000000,vcl_sliced_c02,none,AoS,disabled,132462597,71199852,78650004,81422708,81496514,72858442,86431968,91612537,81698783,86311419,86414482,86414482,10
2025-10-02 15:30:31,125569,pairwise,VerletClusterLists,1.000000,vcl_sliced_c02,none,AoS,enabled,67601912,37034064,44691509,38695439,46754155,40690396,42190696,40711894,46614308,46716747,45170111,45170111,10
2025-10-02 15:30:31,125579,pairwise,VerletClusterLists,1.000000,vcl_sliced_c02,none,SoA,disabled,60771762,23506931,25267004,26055161,25231879,26914845,26055005,26118029,26095065,25295808,29131148,29131148,10
2025-10-02 15:30:31,125589,pairwise,VerletClusterLists,1.000000,vcl_sliced_c02,none,SoA,enabled,35995368,14235618,14372244,13884970,14728507,14235224,14763134,13887551,14756730,13904213,16476355,16476355,10
2025-10-02 15:30:31,125599,pairwise,VerletLists,1.000000,vl_list_iteration,none,AoS,disabled,52832448,9113322,9105380,9106694,9097839,9088693,9096407,9100794,9084701,9106044,13473232,13473232,10
2025-10-02 15:30:32,125609,pairwise,VerletLists,1.000000,vl_list_iteration,none,SoA,disabled,179358467,10278899,10252569,10226910,10273045,10235965,10246050,10251791,10245413,10233754,27160286,27160286,10
2025-10-02 15:30:32,125619,pairwise,VerletListsCells,1.000000,vlc_c01,none,AoS,disabled,56963977,6782536,6776742,6773771,6779384,6777253,6795065,6776449,6772907,6771912,11796999,11796999,10
2025-10-02 15:30:32,125629,pairwise,VerletListsCells,1.000000,vlc_c01,none,SoA,disabled,185832067,10906721,10846366,10856661,10820640,10831593,10833883,10839931,10840584,10849371,28345781,28345781,10
2025-10-02 15:30:32,125639,pairwise,VerletListsCells,1.000000,vlc_c18,none,AoS,disabled,43873748,6580626,6585629,6584150,6573774,6585876,6580185,6572921,6570663,6579058,10308662,10308662,10
2025-10-02 15:30:32,125649,pairwise,VerletListsCells,1.000000,vlc_c18,none,AoS,enabled,32231168,4387329,4355898,4353921,4356602,4350263,4353059,4352842,4359812,4332009,7143290,7143290,10
2025-10-02 15:30:33,125659,pairwise,VerletListsCells,1.000000,vlc_c18,none,SoA,disabled,271862272,13571757,13520426,13530253,13506927,13513282,13640367,13528894,13508703,13525131,39370800,39370800,10
2025-10-02 15:30:33,125669,pairwise,VerletListsCells,1.000000,vlc_c18,none,SoA,enabled,178678440,11587215,11584541,11509602,11501837,10770169,10706689,10683487,10706046,10666939,27839495,27839495,10
2025-10-02 15:30:33,125679,pairwise,VerletListsCells,1.000000,vlc_c08,none,AoS,disabled,38255587,6531616,6522910,6528584,6522067,6519622,6526395,6524045,6524479,6521237,9697653,9697653,10
2025-10-02 15:30:33,125689,pairwise,VerletListsCells,1.000000,vlc_c08,none,AoS,enabled,34543983,4533624,4508609,4507258,4510588,4494743,4503374,4508536,4498598,4494628,7510394,7510394,10
2025-10-02 15:30:34,125699,pairwise,VerletListsCells,1.000000,vlc_c08,none,SoA,disabled,254453917,13128004,13171977,13148556,13134476,13159912,13137293,13101154,13179163,13189917,37280436,37280436,10
2025-10-02 15:30:34,125709,pairwise,VerletListsCells,1.000000,vlc_c08,none,SoA,enabled,199562924,11941182,11877913,11850561,11904451,11904358,11897315,11906879,11877474,11891977,30661502,30661502,10
2025-10-02 15:30:34,125719,pairwise,VerletListsCells,1.000000,vlc_sliced,none,AoS,disabled,54878036,16328153,16495473,16472348,15267231,16112908,16676220,15780496,16640742,16683642,20133524,20133524,10
2025-10-02 15:30:34,125729,pairwise,VerletListsCells,1.000000,vlc_sliced,none,AoS,enabled,37436271,8185852,8429713,8296460,8269086,8361693,8358490,8372262,8247991,8258362,11221617,11221617,10
2025-10-02 15:30:35,125739,pairwise,VerletListsCells,1.000000,vlc_sliced,none,SoA,disabled,291246444,23338318,22932841,22298839,22910821,22981200,23092662,23094315,22596475,22917955,49740986,49740986,10
2025-10-02 15:30:35,125749,pairwise,VerletListsCells,1.000000,vlc_sliced,none,SoA,enabled,174257025,14589720,14774123,14808087,14577652,13824329,13638921,13632161,13573507,13735917,30141143,30141143,10
2025-10-02 15:30:35,125759,pairwise,VerletListsCells,1.000000,vlc_sliced_balanced,none,AoS,disabled,53128731,15867403,15854486,15802425,15797304,15842018,15829312,15853840,15871722,15826984,19567422,19567422,10
2025-10-02 15:30:35,125769,pairwise,VerletListsCells,1.000000,vlc_sliced_balanced,none,AoS,enabled,36320724,8336695,8283727,8286528,8265737,8270946,8259716,8247076,8238700,8242079,11075192,11075192,10
2025-10-02 15:30:36,125779,pairwise,VerletListsCells,1.000000,vlc_sliced_balanced,none,SoA,disabled,284732896,23043164,22930171,22890439,22936013,22894378,22924642,22880627,22899286,22902894,49103450,49103450,10
2025-10-02 15:30:36,125789,pairwise,VerletListsCells,1.000000,vlc_sliced_balanced,none,SoA,enabled,183122924,14539856,14512185,14492602,14515631,13729625,13685218,13677132,13686205,13679057,30964043,30964043,10
2025-10-02 15:30:37,125799,pairwise,VerletListsCells,1.000000,vlc_sliced_balanced,squared-particles-per-cell,AoS,disabled,53597237,16207037,16162301,16238055,16219148,16237422,16171616,16172806,16226156,16208854,19944062,19944062,10
2025-10-02 15:30:37,125809,pairwise,VerletListsCells,1.000000,vlc_sliced_balanced,squared-particles-per-cell,AoS,enabled,36915126,8568171,8498205,8493855,8484968,8495512,8473952,8488276,8487508,8478934,11338449,11338449,10
2025-10-02 15:30:37,125819,pairwise,VerletListsCells,1.000000,vlc_sliced_balanced,squared-particles-per-cell,SoA,disabled,285343817,22939975,22881590,22856456,22877583,22866207,22885055,22816188,22888279,22864918,49122006,49122006,10
2025-10-02 15:30:38,125829,pairwise,VerletListsCells,1.000000,vlc_sliced_balanced,squared-particles-per-cell,SoA,enabled,202542635,14566851,14692346,14578202,14650592,14111876,13725478,13728196,13717741,13729303,33004321,33004321,10
2025-10-02 15:30:38,125839,pairwise,VerletListsCells,1.000000,vlc_sliced_balanced,neighbor-list-length,AoS,disabled,53911807,16592160,16590299,16563569,16577569,16574249,16540651,16565066,16570005,16575981,20306135,20306135,10
2025-10-02 15:30:38,125849,pairwise,VerletListsCells,1.000000,vlc_sliced_balanced,neighbor-list-length,AoS,enabled,36858968,8507652,8503279,8454382,8442627,8463506,8441846,8479894,8438525,8424038,11301470,11301470,10
2025-10-02 15:30:38,125859,pairwise,VerletListsCells,1.000000,vlc_sliced_balanced,neighbor-list-length,SoA,disabled,288348349,23830836,23732156,23858707,23693377,23714127,23841846,23747009,23662152,23677257,50210581,50210581,10
2025-10-02 15:30:39,125869,pairwise,VerletListsCells,1.000000,vlc_sliced_balanced,neighbor-list-length,SoA,enabled,207008039,15281074,15089052,15036182,15036479,14692279,14104373,14077287,14090218,14124410,33853938,33853938,10
2025-10-02 15:30:39,125879,pairwise,VerletListsCells,1.000000,vlc_sliced_c02,none,AoS,disabled,55847671,19789737,19365979,19253902,19856336,19870458,18732873,19135629,19864532,19882611,23159972,23159972,10
2025-10-02 15:30:39,125889,pairwise,VerletListsCells,1.000000,vlc_sliced_c02,none,AoS,enabled,38694087,10490175,10619066,10480893,10360481,10678912,10491697,10610908,10689865,10323945,13344002,13344002,10
2025-10-02 15:30:40,125899,pairwise,VerletListsCells,1.000000,vlc_sliced_c02,none,SoA,disabled,292562752,26464940,26846003,27729796,27767554,26624338,26658321,27252580,27178885,27164882,53625004,53625004,10
2025-10-02 15:30:40,125909,pairwise,VerletListsCells,1.000000,vlc_sliced_c02,none,SoA,enabled,208322908,16857144,16921423,16667371,16860024,16791389,15981649,15683598,15735091,15775359,35559595,35559595,10
2025-10-02 15:30:40,125919,pairwise,PairwiseVerletLists,1.000000,vlp_c01,none,AoS,disabled,65871176,8673028,8659603,8667964,8661481,8670857,8668200,8658006,8669696,8663437,14386344,14386344,10
2025-10-02 15:30:41,125929,pairwise,PairwiseVerletLists,1.000000,vlp_c01,none,SoA,disabled,637493532,19036188,18995772,19006956,19017204,18996727,19008901,19007816,18992942,19007109,80856314,80856314,10
2025-10-02 15:30:41,125939,pairwise,PairwiseVerletLists,1.000000,vlp_c18,none,AoS,disabled,60418405,8983304,8969710,8980325,8978349,8981080,8971570,8978469,8976007,8979687,14121690,14121690,10
2025-10-02 15:30:42,125949,pairwise,PairwiseVerletLists,1.000000,vlp_c18,none,AoS,enabled,74540265,5913255,5886753,5887509,5890672,5886374,5892939,5878896,5888841,5888450,12755394,12755394,10
2025-10-02 15:30:43,125959,pairwise,PairwiseVerletLists,1.000000,vlp_c18,none,SoA,disabled,801127139,17825547,17819805,17787609,17799884,17800810,17800899,17815894,17795791,17801739,96137510,96137510,10
2025-10-02 15:30:43,125969,pairwise,PairwiseVerletLists,1.000000,vlp_c18,none,SoA,enabled,501174137,14140534,14139970,14158886,14152879,14133787,14160157,14113068,14159680,14159072,62849216,62849216,10
2025-10-02 15:30:43,125979,pairwise,PairwiseVerletLists,1.000000,vlp_sliced,none,AoS,disabled,75221552,22098414,22057986,23184498,23234955,22036965,22050253,23856936,23207229,22147395,27909617,27909617,10
2025-10-02 15:30:44,125989,pairwise,PairwiseVerletLists,1.000000,vlp_sliced,none,AoS,enabled,83694559,11086348,11470539,11426483,11578782,11414205,10811198,11480176,10523093,11570762,18505614,18505614,10
2025-10-02 15:30:45,125999,pairwise,PairwiseVerletLists,1.000000,vlp_sliced,none,SoA,disabled,791492062,32755235,34259200,34280034,34291794,35090229,32722609,35172494,35355646,35207515,110062681,110062681,10
2025-10-02 15:30:45,126009,pairwise,PairwiseVerletLists,1.000000,vlp_sliced,none,SoA,enabled,517022173,23688063,23413239,23409224,23332907,23426604,23776857,23376694,23344628,23414566,72820495,72820495,10
2025-10-02 15:30:46,126019,pairwise,PairwiseVerletLists,1.000000,vlp_sliced_balanced,none,AoS,disabled,75104478,22958614,22915179,22885723,22897148,22898887,22933958,22933211,22856906,22898467,28128257,28128257,10
2025-10-02 15:30:46,126029,pairwise,PairwiseVerletLists,1.000000,vlp_sliced_balanced,none,AoS,enabled,83681405,11493243,11416705,11438547,11453679,11428868,11412561,11441998,11437985,11423488,18662847,18662847,10
2025-10-02 15:30:47,126039,pairwise,PairwiseVerletLists,1.000000,vlp_sliced_balanced,none,SoA,disabled,775357140,34438446,34361031,34390041,34359737,34380906,34374446,34353925,34334737,34347149,108469755,108469755,10
2025-10-02 15:30:48,126049,pairwise,PairwiseVerletLists,1.000000,vlp_sliced_balanced,none,SoA,enabled,515307329,23380731,23308625,23285306,23278902,23261438,23276545,23291122,23284261,23286583,72496083,72496083,10
2025-10-02 15:30:48,126059,pairwise,PairwiseVerletLists,1.000000,vlp_sliced_c02,none,AoS,disabled,81783986,29321225,29291283,28253968,27969901,27488762,26065893,27867843,29189186,27892732,33512477,33512477,10
2025-10-02 15:30:48,126069,pairwise,PairwiseVerletLists,1.000000,vlp_sliced_c02,none,AoS,enabled,85951098,14228799,14315532,14121771,14132452,14363139,14061808,14361246,14305748,14074622,21391621,21391621,10
2025-10-02 15:30:50,126079,pairwise,PairwiseVerletLists,1.000000,vlp_sliced_c02,none,SoA,disabled,795210889,39728324,41554256,41670110,41554542,41566144,41709440,41190891,39712871,39603442,116350090,116350090,10
2025-10-02 15:30:50,126089,pairwise,PairwiseVerletLists,1.000000,vlp_sliced_c02,none,SoA,enabled,521455429,28398000,27625054,28312680,28166057,27753247,27741739,28250354,27723334,28291027,77371691,77371691,10
2025-10-02 15:30:51,126099,pairwise,PairwiseVerletLists,1.000000,vlp_c08,none,AoS,disabled,65111575,12728342,12684209,12667723,12652476,12653092,12651470,12663105,12655492,12638926,17910640,17910640,10
2025-10-02 15:30:51,126109,pairwise,PairwiseVerletLists,1.000000,vlp_c08,none,AoS,enabled,79385671,7325761,7271902,7269090,7271387,7262538,7272264,7269059,7248127,7254107,14482990,14482990,10
2025-10-02 15:30:52,126119,pairwise,PairwiseVerletLists,1.000000,vlp_c08,none,SoA,disabled,779777035,21205216,21215983,21196634,21226863,21219773,21225615,21189417,21221761,21193531,97067182,97067182,10
2025-10-02 15:30:52,126129,pairwise,PairwiseVerletLists,1.000000,vlp_c08,none,SoA,enabled,509917994,15954399,15935691,15941060,15920747,15921818,15947985,15927878,15911709,15938711,65331799,65331799,10
