Date,Iteration,Interaction Type,Container,CellSizeFactor,Traversal,Load Estimator,Data Layout,Newton 3,sample0,sample1,sample2,sample3,sample4,sample5,sample6,sample7,sample8,sample9,Reduced,Smoothed,Mean Rebuild Frequency
2025-10-02 14:28:04,9,pairwise,LinkedCells,1.000000,lc_c01,none,AoS,disabled,1822937,1615608,1597988,1591903,1587640,1591582,1585240,1583031,1576993,1579535,1613245,1613245,10
2025-10-02 14:28:04,19,pairwise,LinkedCells,1.000000,lc_c01,none,SoA,disabled,2687177,2576402,2535590,2550592,2572818,2570706,2552525,2557659,2573224,2531518,2570820,2570820,10
2025-10-02 14:28:04,29,pairwise,LinkedCells,1.000000,lc_c01_combined_SoA,none,SoA,disabled,2185479,2171223,2126406,2119740,2127649,2130067,2119744,2117921,2120333,2149425,2136798,2136798,10
2025-10-02 14:28:04,39,pairwise,LinkedCells,1.000000,lc_c04,none,AoS,disabled,564673,536837,533877,524133,527183,528772,522468,523358,521649,529940,531288,531288,10
2025-10-02 14:28:04,49,pairwise,LinkedCells,1.000000,lc_c04,none,AoS,enabled,536604,536758,529756,526974,528505,533453,533475,533681,534766,533724,532769,532769,10
2025-10-02 14:28:04,59,pairwise,LinkedCells,1.000000,lc_c04,none,SoA,disabled,1808683,1751833,1707261,1720513,1763722,1746972,1778141,1765743,1714812,1734566,1749224,1749224,10
2025-10-02 14:28:04,69,pairwise,LinkedCells,1.000000,lc_c04,none,SoA,enabled,1742633,1707608,1705041,1721312,1714558,1724723,1706506,1682449,1711958,1709284,1712607,1712607,10
2025-10-02 14:28:04,79,pairwise,LinkedCells,1.000000,lc_c04_HCP,none,AoS,disabled,639312,604501,572839,575370,576284,575892,576083,573628,576159,576089,584615,584615,10
2025-10-02 14:28:04,89,pairwise,LinkedCells,1.000000,lc_c04_HCP,none,AoS,enabled,576332,575476,578783,578498,567304,564673,568198,566184,564234,572855,571253,571253,10
2025-10-02 14:28:05,99,pairwise,LinkedCells,1.000000,lc_c04_HCP,none,SoA,disabled,1981889,1983877,1975235,1961614,1953172,1970785,1979139,1969788,1976357,1973392,1972524,1972524,10
2025-10-02 14:28:05,109,pairwise,LinkedCells,1.000000,lc_c04_HCP,none,SoA,enabled,1956884,1960077,1950665,1976383,1974607,1960445,1946470,1963930,1973880,1969790,1963312,1963312,10
2025-10-02 14:28:05,119,pairwise,LinkedCells,1.000000,lc_c04_combined_SoA,none,SoA,disabled,2743942,2529652,2533337,2413802,2490459,2405098,2692319,2449386,2424382,2400876,2508324,2508324,10
2025-10-02 14:28:05,129,pairwise,LinkedCells,1.000000,lc_c04_combined_SoA,none,SoA,enabled,2554828,2223585,2315194,2222256,2207537,2514363,2264999,2216835,2210978,2245164,2297573,2297573,10
2025-10-02 14:28:05,139,pairwise,LinkedCells,1.000000,lc_c08,none,AoS,disabled,1885840,1843183,1811590,1764582,1770104,1768836,1770260,1785289,1775048,1777625,1795235,1795235,10
2025-10-02 14:28:05,149,pairwise,LinkedCells,1.000000,lc_c08,none,AoS,enabled,1766425,1778656,1771282,1760534,1771110,1767269,1770219,1769418,1773555,1832380,1776084,1776084,10
2025-10-02 14:28:05,159,pairwise,LinkedCells,1.000000,lc_c08,none,SoA,disabled,2995480,3025696,2985869,2996662,2992748,3044519,3013674,3038629,3033285,2993251,3011980,3011980,10
2025-10-02 14:28:05,169,pairwise,LinkedCells,1.000000,lc_c08,none,SoA,enabled,3040722,2998529,3028791,2988786,3025031,2983443,3011161,2997168,3000996,3037954,3011257,3011257,10
2025-10-02 14:28:05,179,pairwise,LinkedCells,1.000000,lc_c18,none,AoS,disabled,1928106,1869009,1850640,1865690,1912416,1873814,1859976,1849085,1860484,1850837,1872005,1872005,10
2025-10-02 14:28:05,189,pairwise,LinkedCells,1.000000,lc_c18,none,AoS,enabled,1936237,1916837,1888500,1857115,1859356,1867501,1857366,1849133,1844898,1894755,1877169,1877169,10
2025-10-02 14:28:05,199,pairwise,LinkedCells,1.000000,lc_c18,none,SoA,disabled,2456510,2501691,2525559,2501302,2491277,2483574,2493867,2521328,2488755,2519777,2498363,2498363,10
2025-10-02 14:28:05,209,pairwise,LinkedCells,1.000000,lc_c18,none,SoA,enabled,2492384,2483709,2574582,2493290,2556052,2484850,2533272,2510005,2535034,2480852,2514402,2514402,10
2025-10-02 14:28:05,219,pairwise,LinkedCells,1.000000,lc_sliced,none,AoS,disabled,522351,448127,436974,427234,422299,426831,423524,418277,415032,415948,435659,435659,10
2025-10-02 14:28:05,229,pairwise,LinkedCells,1.000000,lc_sliced,none,AoS,enabled,554912,418260,425980,416167,428736,417787,421751,422325,414096,411736,433174,433174,10
2025-10-02 14:28:05,239,pairwise,LinkedCells,1.000000,lc_sliced,none,SoA,disabled,1969218,1861529,1661780,1824472,1817563,1635933,1685695,1646369,1664929,1789138,1755662,1755662,10
2025-10-02 14:28:05,249,pairwise,LinkedCells,1.000000,lc_sliced,none,SoA,enabled,1761526,1742232,1822475,1671112,1634755,1790800,1720419,1701272,1618609,1809018,1727221,1727221,10
2025-10-02 14:28:05,259,pairwise,LinkedCells,1.000000,lc_sliced_balanced,none,AoS,disabled,519870,442681,421812,421823,428247,422798,426380,420365,422318,419472,434576,434576,10
2025-10-02 14:28:05,269,pairwise,LinkedCells,1.000000,lc_sliced_balanced,none,AoS,enabled,423994,424000,420456,420336,419104,422205,424495,427872,423139,422068,422766,422766,10
2025-10-02 14:28:05,279,pairwise,LinkedCells,1.000000,lc_sliced_balanced,none,SoA,disabled,1750733,1789360,1675450,1677336,1632435,1768057,1698521,1747709,1650941,1719316,1710985,1710985,10
2025-10-02 14:28:05,289,pairwise,LinkedCells,1.000000,lc_sliced_balanced,none,SoA,enabled,1826180,1777501,1873136,1637515,1835369,1634199,1605561,1680305,1682768,1715248,1726777,1726777,10
2025-10-02 14:28:05,299,pairwise,LinkedCells,1.000000,lc_sliced_balanced,squared-particles-per-cell,AoS,disabled,1339653,1119747,1064421,1047892,1050636,1041620,1042277,1035731,1025119,1025026,1079211,1079211,10
2025-10-02 14:28:05,309,pairwise,LinkedCells,1.000000,lc_sliced_balanced,squared-particles-per-cell,AoS,enabled,1094595,1011766,1012761,1001976,999803,1008609,1006701,1012220,1005224,1003256,1015691,1015691,10
2025-10-02 14:28:05,319,pairwise,LinkedCells,1.000000,lc_sliced_balanced,squared-particles-per-cell,SoA,disabled,3333786,3257775,3206454,3209022,3213034,3194971,3199266,3194644,3233357,3193499,3223580,3223580,10
2025-10-02 14:28:05,329,pairwise,LinkedCells,1.000000,lc_sliced_balanced,squared-particles-per-cell,SoA,enabled,3201601,3198310,3253707,3284063,3310871,3215033,3217632,3203811,3175861,3182820,3224370,3224370,10
2025-10-02 14:28:05,339,pairwise,LinkedCells,1.000000,lc_sliced_c02,none,AoS,disabled,626298,489457,446260,432515,425288,419111,411801,418631,417809,425527,451269,451269,10
2025-10-02 14:28:05,349,pairwise,LinkedCells,1.000000,lc_sliced_c02,none,AoS,enabled,413913,409710,416781,420193,417073,412986,412255,412866,416200,414127,414609,414609,10
2025-10-02 14:28:05,359,pairwise,LinkedCells,1.000000,lc_sliced_c02,none,SoA,disabled,2068863,1674201,1630950,1650640,1621816,1653410,1631498,1621303,1631064,1639546,1682328,1682328,10
2025-10-02 14:28:05,369,pairwise,LinkedCells,1.000000,lc_sliced_c02,none,SoA,enabled,1700605,1613438,1640809,1631670,1644038,1636246,1646441,1614422,1629732,1637823,1639522,1639522,10
2025-10-02 14:28:05,379,pairwise,VerletClusterLists,1.000000,vcl_c01_balanced,none,AoS,disabled,104508,46171,44862,45351,47319,45971,45616,46931,46142,46039,51890,51890,10
2025-10-02 14:28:05,389,pairwise,VerletClusterLists,1.000000,vcl_c01_balanced,none,SoA,disabled,112462,60687,59740,60355,60594,59429,59737,60198,61106,58454,65275,65275,10
2025-10-02 14:28:05,399,pairwise,VerletClusterLists,1.000000,vcl_c06,none,AoS,disabled,87138,68533,71402,69171,75960,70189,71748,69923,67789,67945,71979,71979,10
2025-10-02 14:28:05,409,pairwise,VerletClusterLists,1.000000,vcl_c06,none,AoS,enabled,85125,70012,71420,70166,67610,66512,68843,64346,70300,65765,70009,70009,10
2025-10-02 14:28:05,419,pairwise,VerletClusterLists,1.000000,vcl_c06,none,SoA,disabled,100328,80777,81187,80268,85690,83396,80055,83261,83184,81994,84013,84013,10
2025-10-02 14:28:05,429,pairwise,VerletClusterLists,1.000000,vcl_c06,none,SoA,enabled,104299,81596,81483,80695,82286,80314,82046,86367,81328,81517,84193,84193,10
2025-10-02 14:28:05,439,pairwise,VerletClusterLists,1.000000,vcl_sliced,none,AoS,disabled,77348,50888,49626,47987,49753,47650,46503,48326,50300,48499,51687,51687,10
2025-10-02 14:28:05,449,pairwise,VerletClusterLists,1.000000,vcl_sliced,none,AoS,enabled,65099,46531,49123,47208,46290,46150,46236,45751,46094,47267,48574,48574,10
2025-10-02 14:28:05,459,pairwise,VerletClusterLists,1.000000,vcl_sliced,none,SoA,disabled,79495,64854,61424,61915,62761,65303,61033,62206,62693,61225,64290,64290,10
2025-10-02 14:28:05,469,pairwise,VerletClusterLists,1.000000,vcl_sliced,none,SoA,enabled,82384,62948,61121,62092,61238,61174,62004,61533,61724,61445,63765,63765,10
2025-10-02 14:28:05,479,pairwise,VerletClusterLists,1.000000,vcl_sliced_balanced,none,AoS,disabled,75838,54074,51483,51750,50412,51163,51862,53569,51502,51517,54316,54316,10
2025-10-02 14:28:05,489,pairwise,VerletClusterLists,1.000000,vcl_sliced_balanced,none,AoS,enabled,67272,50166,50716,50543,49495,48818,53174,50135,49733,51924,52197,52197,10
2025-10-02 14:28:05,499,pairwise,VerletClusterLists,1.000000,vcl_sliced_balanced,none,SoA,disabled,83261,65455,68142,67349,64470,65835,64426,66366,66008,65174,67647,67647,10
2025-10-02 14:28:05,509,pairwise,VerletClusterLists,1.000000,vcl_sliced_balanced,none,SoA,enabled,91221,66107,66830,66975,65910,66298,66094,71833,67718,67719,69670,69670,10
2025-10-02 14:28:05,519,pairwise,VerletClusterLists,1.000000,vcl_sliced_balanced,neighbor-list-length,AoS,disabled,78645,50732,53446,49921,55240,51876,52741,49618,50578,50669,54345,54345,10
2025-10-02 14:28:05,529,pairwise,VerletClusterLists,1.000000,vcl_sliced_balanced,neighbor-list-length,AoS,enabled,68873,49117,51011,50439,49979,49973,52480,53291,50825,50140,52612,52612,10
2025-10-02 14:28:05,539,pairwise,VerletClusterLists,1.000000,vcl_sliced_balanced,neighbor-list-length,SoA,disabled,94578,69356,68032,70549,65005,65550,72083,66079,66389,68368,70598,70598,10
2025-10-02 14:28:05,549,pairwise,VerletClusterLists,1.000000,vcl_sliced_balanced,neighbor-list-length,SoA,enabled,85154,68176,67635,66890,69483,65503,64174,65502,70172,67565,69025,69025,10
2025-10-02 14:28:05,559,pairwise,VerletClusterLists,1.000000,vcl_sliced_c02,none,AoS,disabled,82220,51490,51013,50054,52538,50319,50010,54931,53066,51961,54760,54760,10
2025-10-02 14:28:05,569,pairwise,VerletClusterLists,1.000000,vcl_sliced_c02,none,AoS,enabled,67716,51098,50844,50013,49767,50664,49289,51026,49781,51113,52130,52130,10
2025-10-02 14:28:05,579,pairwise,VerletClusterLists,1.000000,vcl_sliced_c02,none,SoA,disabled,86110,63588,68181,62973,64106,64043,63780,64610,64401,69793,67157,67157,10
2025-10-02 14:28:05,589,pairwise,VerletClusterLists,1.000000,vcl_sliced_c02,none,SoA,enabled,80443,64508,63996,63783,64045,65223,69774,64656,64147,65322,66589,66589,10
2025-10-02 14:28:05,599,pairwise,VerletLists,1.000000,vl_list_iteration,none,AoS,disabled,4002353,50500,50705,46412,51007,45199,46270,53566,49266,49701,444497,444497,10
2025-10-02 14:28:05,609,pairwise,VerletLists,1.000000,vl_list_iteration,none,SoA,disabled,7509733,1674453,1619366,1609196,1600040,1585196,1585379,1584284,1577588,1579094,2192432,2192432,10
2025-10-02 14:28:05,619,pairwise,VerletListsCells,1.000000,vlc_c01,none,AoS,disabled,22467960,1594906,1548445,1539689,1538835,1547956,1536040,1537038,1545784,1534406,3639105,3639105,10
2025-10-02 14:28:05,629,pairwise,VerletListsCells,1.000000,vlc_c01,none,SoA,disabled,27831513,3155367,3155650,3122358,3117904,3111531,3100096,3106263,3142692,3137726,5598109,5598109,10
2025-10-02 14:28:05,639,pairwise,VerletListsCells,1.000000,vlc_c18,none,AoS,disabled,14540844,1844956,1843849,1839721,1836012,1836570,1841352,1843147,1840064,1844119,3111062,3111062,10
2025-10-02 14:28:05,649,pairwise,VerletListsCells,1.000000,vlc_c18,none,AoS,enabled,14311497,1872569,1872640,1842493,1838150,1839036,1836541,1835285,1888962,1888247,3102541,3102541,10
2025-10-02 14:28:05,659,pairwise,VerletListsCells,1.000000,vlc_c18,none,SoA,disabled,18978149,3591238,3546839,3430011,3420252,3421104,3418641,3406761,3493203,3425543,5013173,5013173,10
2025-10-02 14:28:06,669,pairwise,VerletListsCells,1.000000,vlc_c18,none,SoA,enabled,18378974,3458728,3425243,3426428,3426074,3435527,3494670,3459012,3441666,3524651,4947096,4947096,10
2025-10-02 14:28:06,679,pairwise,VerletListsCells,1.000000,vlc_c08,none,AoS,disabled,10421764,1683429,1686053,1674998,1672886,1669460,1677843,1678861,1687647,1673080,2552601,2552601,10
2025-10-02 14:28:06,689,pairwise,VerletListsCells,1.000000,vlc_c08,none,AoS,enabled,10131510,1744214,1680276,1680258,1678905,1678805,1675627,1676259,1674962,1713306,2533412,2533412,10
2025-10-02 14:28:06,699,pairwise,VerletListsCells,1.000000,vlc_c08,none,SoA,disabled,14734266,3332167,3306131,3354176,3263244,3297062,3372481,3310256,3282797,3321473,4457404,4457404,10
2025-10-02 14:28:06,709,pairwise,VerletListsCells,1.000000,vlc_c08,none,SoA,enabled,14315148,3314462,3316270,3265404,3285906,3318641,3339414,3328518,3347192,3367345,4419829,4419829,10
2025-10-02 14:28:06,719,pairwise,VerletListsCells,1.000000,vlc_sliced,none,AoS,disabled,12247236,100198,92854,92509,94908,94627,93532,93411,95614,95698,1310058,1310058,10
2025-10-02 14:28:06,729,pairwise,VerletListsCells,1.000000,vlc_sliced,none,AoS,enabled,12123197,96221,103695,94042,94311,96007,94779,93225,96661,94428,1298655,1298655,10
2025-10-02 14:28:06,739,pairwise,VerletListsCells,1.000000,vlc_sliced,none,SoA,disabled,16807269,1851440,1603024,1628481,1622329,1732404,1603754,1603052,1652578,1710722,3181504,3181504,10
2025-10-02 14:28:06,749,pairwise,VerletListsCells,1.000000,vlc_sliced,none,SoA,enabled,16263000,1710061,1736008,1659216,1702767,1683967,1736587,1597612,1750990,1778773,3161898,3161898,10
2025-10-02 14:28:06,759,pairwise,VerletListsCells,1.000000,vlc_sliced_balanced,none,AoS,disabled,12354434,105425,101300,104966,98167,102077,97631,101938,100652,101613,1326819,1326819,10
2025-10-02 14:28:06,769,pairwise,VerletListsCells,1.000000,vlc_sliced_balanced,none,AoS,enabled,12065489,102309,98362,103422,97535,100992,98652,101199,97809,100084,1296584,1296584,10
2025-10-02 14:28:06,779,pairwise,VerletListsCells,1.000000,vlc_sliced_balanced,none,SoA,disabled,16891332,1791623,1794582,1777209,1762825,1767418,1837213,1784377,1778596,1774846,3296001,3296001,10
2025-10-02 14:28:06,789,pairwise,VerletListsCells,1.000000,vlc_sliced_balanced,none,SoA,enabled,16428738,1834444,1806898,1751379,1794822,1788125,1789970,1796963,1823581,1790212,3260513,3260513,10
2025-10-02 14:28:06,799,pairwise,VerletListsCells,1.000000,vlc_sliced_balanced,squared-particles-per-cell,AoS,disabled,11866281,164272,158159,162872,154002,152671,151568,155547,152727,152406,1327049,1327049,10
2025-10-02 14:28:06,809,pairwise,VerletListsCells,1.000000,vlc_sliced_balanced,squared-particles-per-cell,AoS,enabled,12163904,156338,161997,156063,156133,156779,156003,157475,155532,158943,1357916,1357916,10
2025-10-02 14:28:06,819,pairwise,VerletListsCells,1.000000,vlc_sliced_balanced,squared-particles-per-cell,SoA,disabled,17042832,1818878,1734477,1817961,1759536,1684587,1818987,1737446,1784313,1796305,3299531,3299531,10
2025-10-02 14:28:06,829,pairwise,VerletListsCells,1.000000,vlc_sliced_balanced,squared-particles-per-cell,SoA,enabled,15946423,1735396,1758608,1762019,1754269,1826806,1832575,1738360,1822830,1781744,3195902,3195902,10
2025-10-02 14:28:06,839,pairwise,VerletListsCells,1.000000,vlc_sliced_balanced,neighbor-list-length,AoS,disabled,11942577,122831,118950,118918,123337,119276,123645,118214,117997,120663,1302640,1302640,10
2025-10-02 14:28:06,849,pairwise,VerletListsCells,1.000000,vlc_sliced_balanced,neighbor-list-length,AoS,enabled,12054846,119549,121162,119232,120605,121283,120153,118438,119287,117661,1313220,1313220,10
2025-10-02 14:28:06,859,pairwise,VerletListsCells,1.000000,vlc_sliced_balanced,neighbor-list-length,SoA,disabled,17458210,1836077,1804140,1794294,1679650,1777974,1784664,1679918,1665201,1730372,3321049,3321049,10
2025-10-02 14:28:06,869,pairwise,VerletListsCells,1.000000,vlc_sliced_balanced,neighbor-list-length,SoA,enabled,16367615,1826339,1798761,1677592,1692524,1791845,1709490,1660902,1767902,1734404,3202737,3202737,10
2025-10-02 14:28:06,879,pairwise,VerletListsCells,1.000000,vlc_sliced_c02,none,AoS,disabled,11888189,100540,97641,93239,93551,94138,92458,94813,95308,94841,1274471,1274471,10
2025-10-02 14:28:06,889,pairwise,VerletListsCells,1.000000,vlc_sliced_c02,none,AoS,enabled,12015488,98217,94267,94700,95890,95595,95057,94747,93636,93561,1287115,1287115,10
2025-10-02 14:28:06,899,pairwise,VerletListsCells,1.000000,vlc_sliced_c02,none,SoA,disabled,17188129,1828913,1797983,1824014,1813475,1771520,1767306,1762946,1649808,1780639,3318472,3318472,10
2025-10-02 14:28:06,909,pairwise,VerletListsCells,1.000000,vlc_sliced_c02,none,SoA,enabled,16093112,1776230,1758426,1765501,1697596,1669235,1747666,1776037,1758949,1803227,3184597,3184597,10
2025-10-02 14:28:06,919,pairwise,PairwiseVerletLists,1.000000,vlp_c01,none,AoS,disabled,28116305,1813587,1796458,1784165,1782157,1779251,1778456,1783932,1834871,1790255,4425943,4425943,10
2025-10-02 14:28:06,929,pairwise,PairwiseVerletLists,1.000000,vlp_c01,none,SoA,disabled,43243470,3943325,3415543,3422520,3462871,3353665,3377661,3374933,3435252,3415274,7444450,7444450,10
2025-10-02 14:28:06,939,pairwise,PairwiseVerletLists,1.000000,vlp_c18,none,AoS,disabled,15417824,2160441,2144846,2124372,2123073,2128137,2121364,2119223,2125219,2118082,3458257,3458257,10
2025-10-02 14:28:07,949,pairwise,PairwiseVerletLists,1.000000,vlp_c18,none,AoS,enabled,15277202,2198717,2152859,2119345,2118834,2183333,2126215,2108089,2199243,2135180,3461901,3461901,10
2025-10-02 14:28:07,959,pairwise,PairwiseVerletLists,1.000000,vlp_c18,none,SoA,disabled,35807870,4213515,4019191,3931956,3959690,3970564,3941751,3925298,4004473,3998921,7177322,7177322,10
2025-10-02 14:28:07,969,pairwise,PairwiseVerletLists,1.000000,vlp_c18,none,SoA,enabled,35666802,4296596,4000012,3987141,3958567,3976612,3956509,3960808,4021871,3891564,7171648,7171648,10
2025-10-02 14:28:07,979,pairwise,PairwiseVerletLists,1.000000,vlp_sliced,none,AoS,disabled,14112257,804372,797964,771738,770053,743843,762401,714182,759896,753703,2099040,2099040,10
2025-10-02 14:28:07,989,pairwise,PairwiseVerletLists,1.000000,vlp_sliced,none,AoS,enabled,13756714,811195,779251,756115,768021,793966,754389,774089,754838,763640,2071221,2071221,10
2025-10-02 14:28:07,999,pairwise,PairwiseVerletLists,1.000000,vlp_sliced,none,SoA,disabled,34760590,2830239,2713127,2720533,2732322,2670833,2654283,2689694,2776254,2688664,5923653,5923653,10
2025-10-02 14:28:07,1009,pairwise,PairwiseVerletLists,1.000000,vlp_sliced,none,SoA,enabled,33732612,2850892,2774957,2657131,2692695,2704786,2715049,2698842,2672116,2635640,5813471,5813471,10
2025-10-02 14:28:07,1019,pairwise,PairwiseVerletLists,1.000000,vlp_sliced_balanced,none,AoS,disabled,14023079,859595,805675,775067,761841,709322,775110,771145,767096,785812,2103373,2103373,10
2025-10-02 14:28:07,1029,pairwise,PairwiseVerletLists,1.000000,vlp_sliced_balanced,none,AoS,enabled,13742739,805804,768884,753855,750655,761645,759823,765247,770724,763755,2064312,2064312,10
2025-10-02 14:28:07,1039,pairwise,PairwiseVerletLists,1.000000,vlp_sliced_balanced,none,SoA,disabled,34075949,2887604,2718719,2590807,2636314,2574631,2635975,2627643,2651392,2621649,5802068,5802068,10
2025-10-02 14:28:07,1049,pairwise,PairwiseVerletLists,1.000000,vlp_sliced_balanced,none,SoA,enabled,33939581,2901597,2676639,2633540,2642155,2597516,2622380,2563877,2588644,2606901,5777282,5777282,10
2025-10-02 14:28:07,1059,pairwise,PairwiseVerletLists,1.000000,vlp_sliced_c02,none,AoS,disabled,14057473,964395,939205,921524,887137,897522,923114,923722,930149,917160,2236139,2236139,10
2025-10-02 14:28:07,1069,pairwise,PairwiseVerletLists,1.000000,vlp_sliced_c02,none,AoS,enabled,13842995,939927,946647,929531,900452,909816,936423,932610,911449,923311,2217316,2217316,10
2025-10-02 14:28:07,1079,pairwise,PairwiseVerletLists,1.000000,vlp_sliced_c02,none,SoA,disabled,34084641,3002906,2903136,2805490,2844762,2887559,2809150,2714958,2721218,2798447,5957226,5957226,10
2025-10-02 14:28:07,1089,pairwise,PairwiseVerletLists,1.000000,vlp_sliced_c02,none,SoA,enabled,33918175,2965934,2849792,2779118,2873051,2834559,2775198,2749254,2780141,2692978,5921819,5921819,10
2025-10-02 14:28:07,1099,pairwise,PairwiseVerletLists,1.000000,vlp_c08,none,AoS,disabled,16831520,3481953,3464165,3442917,3446068,3469911,3457906,3475854,3493894,3454291,4801847,4801847,10
2025-10-02 14:28:07,1109,pairwise,PairwiseVerletLists,1.000000,vlp_c08,none,AoS,enabled,15524828,2532814,2512389,2530874,2506063,2481529,2478691,2475160,2536276,2512834,3809145,3809145,10
2025-10-02 14:28:07,1119,pairwise,PairwiseVerletLists,1.000000,vlp_c08,none,SoA,disabled,37512323,6285677,6196614,6209424,6234745,6157790,6148407,6229974,6189673,6198513,9336313,9336313,10
2025-10-02 14:28:07,1129,pairwise,PairwiseVerletLists,1.000000,vlp_c08,none,SoA,enabled,36897819,4881033,4752458,4751469,4707940,4695756,4784620,4746927,4715439,4712591,7964604,7964604,10
2025-10-02 14:30:55,5009,pairwise,LinkedCells,1.000000,lc_c01,none,AoS,disabled,1647857,1603447,1608052,1646564,1605848,1591136,1588825,1592159,1631158,1608491,1612352,1612352,10
2025-10-02 14:30:55,5019,pairwise,LinkedCells,1.000000,lc_c01,none,SoA,disabled,2709046,2663985,2642471,2651925,2608271,2662821,2640433,2639733,2667624,2654203,2654050,2654050,10
2025-10-02 14:30:55,5029,pairwise,LinkedCells,1.000000,lc_c01_combined_SoA,none,SoA,disabled,2261336,2255832,2242960,2295982,2414277,2243742,2277493,2374389,2344878,2273993,2298488,2298488,10
2025-10-02 14:30:55,5039,pairwise,LinkedCells,1.000000,lc_c04,none,AoS,disabled,566285,543714,540663,537790,539008,538652,537919,539083,539472,535402,541798,541798,10
2025-10-02 14:30:55,5049,pairwise,LinkedCells,1.000000,lc_c04,none,AoS,enabled,543622,541570,541571,543349,540311,539738,536268,537780,538222,538342,540076,540076,10
2025-10-02 14:30:55,5059,pairwise,LinkedCells,1.000000,lc_c04,none,SoA,disabled,1818821,1772867,1776987,1752386,1779772,1757795,1782602,1778054,1803735,1774158,1779716,1779716,10
2025-10-02 14:30:55,5069,pairwise,LinkedCells,1.000000,lc_c04,none,SoA,enabled,1802861,1831739,1765783,1814207,1777993,1781426,1760161,1747233,1751726,1744223,1777734,1777734,10
2025-10-02 14:30:55,5079,pairwise,LinkedCells,1.000000,lc_c04_HCP,none,AoS,disabled,630049,599303,600205,587286,586487,594494,585683,580234,576813,577908,591845,591845,10
2025-10-02 14:30:55,5089,pairwise,LinkedCells,1.000000,lc_c04_HCP,none,AoS,enabled,582047,579690,574829,574175,572913,577411,577464,591753,595425,578256,580395,580395,10
2025-10-02 14:30:55,5099,pairwise,LinkedCells,1.000000,lc_c04_HCP,none,SoA,disabled,2007012,2038678,2015847,2029271,2032872,2042784,2019681,2046944,2007402,2033024,2027351,2027351,10
2025-10-02 14:30:55,5109,pairwise,LinkedCells,1.000000,lc_c04_HCP,none,SoA,enabled,2028213,2059357,2059054,2074886,2032809,2049869,2030573,2040054,2045753,2028728,2044929,2044929,10
2025-10-02 14:30:55,5119,pairwise,LinkedCells,1.000000,lc_c04_combined_SoA,none,SoA,disabled,2839410,2523545,2521516,2507537,2512552,2543988,2556257,2486545,2490654,2489250,2547125,2547125,10
2025-10-02 14:30:55,5129,pairwise,LinkedCells,1.000000,lc_c04_combined_SoA,none,SoA,enabled,2581832,2314971,2304590,2405266,2365641,2361623,2300573,2342956,2320872,2335058,2363338,2363338,10
2025-10-02 14:30:55,5139,pairwise,LinkedCells,1.000000,lc_c08,none,AoS,disabled,1891019,1842793,1774014,1767668,1835441,1775971,1790574,1796492,1803126,1766322,1804341,1804341,10
2025-10-02 14:30:55,5149,pairwise,LinkedCells,1.000000,lc_c08,none,AoS,enabled,1779773,1767000,1778096,1793961,1780213,1764528,1769991,1766873,1840772,1787027,1782823,1782823,10
2025-10-02 14:30:55,5159,pairwise,LinkedCells,1.000000,lc_c08,none,SoA,disabled,3070027,3072745,3070908,3120641,3091679,3064525,3056461,3067236,3048843,3065611,3072867,3072867,10
2025-10-02 14:30:55,5169,pairwise,LinkedCells,1.000000,lc_c08,none,SoA,enabled,3048038,3132990,3105765,3089281,3065045,3062783,3131149,3120133,3121879,3134429,3101148,3101148,10
2025-10-02 14:30:55,5179,pairwise,LinkedCells,1.000000,lc_c18,none,AoS,disabled,1908292,1884652,1904572,1882654,1859489,1859122,1859508,1888497,1869387,1860211,1877638,1877638,10
2025-10-02 14:30:55,5189,pairwise,LinkedCells,1.000000,lc_c18,none,AoS,enabled,1924680,1924669,1877995,1862160,1867680,1862652,1875626,1868829,1862836,1868646,1879576,1879576,10
2025-10-02 14:30:55,5199,pairwise,LinkedCells,1.000000,lc_c18,none,SoA,disabled,2469311,2534413,2530667,2521275,2555612,2562160,2519197,2517535,2554453,2580567,2534518,2534518,10
2025-10-02 14:30:55,5209,pairwise,LinkedCells,1.000000,lc_c18,none,SoA,enabled,2572928,2521985,2528934,2568834,2510973,2513977,2520517,2526620,2563979,2513625,2534237,2534237,10
2025-10-02 14:30:55,5219,pairwise,LinkedCells,1.000000,lc_sliced,none,AoS,disabled,505897,465240,445288,440797,436529,429699,427636,427634,431727,433518,444396,444396,10
2025-10-02 14:30:56,5229,pairwise,LinkedCells,1.000000,lc_sliced,none,AoS,enabled,428054,427618,428373,424733,427877,434769,432688,427260,430041,426306,428771,428771,10
2025-10-02 14:30:56,5239,pairwise,LinkedCells,1.000000,lc_sliced,none,SoA,disabled,1989656,1789358,1835775,1921313,1868064,1799815,1933699,1734794,1814516,1827784,1851477,1851477,10
2025-10-02 14:30:56,5249,pairwise,LinkedCells,1.000000,lc_sliced,none,SoA,enabled,1994523,1810694,1794237,1671268,1734324,1667099,1889748,1725169,1741500,1889186,1791774,1791774,10
2025-10-02 14:30:56,5259,pairwise,LinkedCells,1.000000,lc_sliced_balanced,none,AoS,disabled,616306,452080,432769,431212,430085,433109,436566,434070,438674,426128,453099,453099,10
2025-10-02 14:30:56,5269,pairwise,LinkedCells,1.000000,lc_sliced_balanced,none,AoS,enabled,423877,430295,437628,437105,435549,433052,435033,428719,425572,430302,431712,431712,10
2025-10-02 14:30:56,5279,pairwise,LinkedCells,1.000000,lc_sliced_balanced,none,SoA,disabled,1867510,1752066,1729229,1707200,1791421,1814038,1682674,1781491,1782131,1853275,1776103,1776103,10
2025-10-02 14:30:56,5289,pairwise,LinkedCells,1.000000,lc_sliced_balanced,none,SoA,enabled,1818763,1837176,1721038,1651546,1773477,1766899,1802137,1728384,1679257,1798352,1757702,1757702,10
2025-10-02 14:30:56,5299,pairwise,LinkedCells,1.000000,lc_sliced_balanced,squared-particles-per-cell,AoS,disabled,1370248,1144376,1091142,1059257,1058590,1070629,1071274,1065445,1053648,1053745,1103835,1103835,10
2025-10-02 14:30:56,5309,pairwise,LinkedCells,1.000000,lc_sliced_balanced,squared-particles-per-cell,AoS,enabled,1119630,1036515,1031443,1021254,1019866,1020721,1024201,1021767,1021346,1021276,1033801,1033801,10
2025-10-02 14:30:56,5319,pairwise,LinkedCells,1.000000,lc_sliced_balanced,squared-particles-per-cell,SoA,disabled,3376408,3299985,3284767,3368847,3293153,3309573,3284779,3259231,3264099,3297830,3303867,3303867,10
2025-10-02 14:30:56,5329,pairwise,LinkedCells,1.000000,lc_sliced_balanced,squared-particles-per-cell,SoA,enabled,3356552,3285096,3266690,3297773,3252438,3240868,3295397,3270662,3239970,3240385,3274582,3274582,10
2025-10-02 14:30:56,5339,pairwise,LinkedCells,1.000000,lc_sliced_c02,none,AoS,disabled,630865,491016,448434,427534,419051,416547,415201,416203,418806,417654,450130,450130,10
2025-10-02 14:30:56,5349,pairwise,LinkedCells,1.000000,lc_sliced_c02,none,AoS,enabled,418306,414057,417876,420683,419172,422675,416025,417043,413263,416181,417527,417527,10
2025-10-02 14:30:56,5359,pairwise,LinkedCells,1.000000,lc_sliced_c02,none,SoA,disabled,2083702,1686152,1674942,1673886,1663908,1658756,1664742,1649168,1662060,1669046,1708636,1708636,10
2025-10-02 14:30:56,5369,pairwise,LinkedCells,1.000000,lc_sliced_c02,none,SoA,enabled,1865349,1697262,1706424,1675646,1651380,1674589,1655801,1659488,1671121,1658856,1691591,1691591,10
2025-10-02 14:30:56,5379,pairwise,VerletClusterLists,1.000000,vcl_c01_balanced,none,AoS,disabled,104577,48489,45609,47230,47278,53759,47417,45118,46282,47555,53331,53331,10
2025-10-02 14:30:56,5389,pairwise,VerletClusterLists,1.000000,vcl_c01_balanced,none,SoA,disabled,89469,59495,64533,60240,60586,61801,60197,61605,59276,59448,63664,63664,10
2025-10-02 14:30:56,5399,pairwise,VerletClusterLists,1.000000,vcl_c06,none,AoS,disabled,89903,70478,69417,68686,71198,70277,74167,66268,72277,68511,72118,72118,10
2025-10-02 14:30:56,5409,pairwise,VerletClusterLists,1.000000,vcl_c06,none,AoS,enabled,83711,70626,71784,72390,70631,67685,69669,69157,68449,73622,71771,71771,10
2025-10-02 14:30:56,5419,pairwise,VerletClusterLists,1.000000,vcl_c06,none,SoA,disabled,102797,84844,84840,85672,83861,90138,87622,81996,85617,82744,87012,87012,10
2025-10-02 14:30:56,5429,pairwise,VerletClusterLists,1.000000,vcl_c06,none,SoA,enabled,101974,89173,85295,86062,86967,82390,85677,87861,81059,83966,87042,87042,10
2025-10-02 14:30:56,5439,pairwise,VerletClusterLists,1.000000,vcl_sliced,none,AoS,disabled,76100,54268,53099,50896,51261,50888,50644,49692,49115,50148,53610,53610,10
2025-10-02 14:30:56,5449,pairwise,VerletClusterLists,1.000000,vcl_sliced,none,AoS,enabled,67336,49175,50172,49211,48443,48332,48346,47714,50138,48382,50724,50724,10
2025-10-02 14:30:56,5459,pairwise,VerletClusterLists,1.000000,vcl_sliced,none,SoA,disabled,84028,62612,62409,61767,61001,62047,62850,63856,62568,62069,64520,64520,10
2025-10-02 14:30:56,5469,pairwise,VerletClusterLists,1.000000,vcl_sliced,none,SoA,enabled,80265,64592,62153,65602,65950,62030,62142,62273,60724,64187,64991,64991,10
2025-10-02 14:30:56,5479,pairwise,VerletClusterLists,1.000000,vcl_sliced_balanced,none,AoS,disabled,79720,55189,55452,52834,51882,54417,52649,52738,53427,52298,56059,56059,10
2025-10-02 14:30:56,5489,pairwise,VerletClusterLists,1.000000,vcl_sliced_balanced,none,AoS,enabled,71289,53602,51577,50768,52711,55046,52408,52158,53499,50927,54397,54397,10
2025-10-02 14:30:56,5499,pairwise,VerletClusterLists,1.000000,vcl_sliced_balanced,none,SoA,disabled,86076,66244,71791,66459,66766,69783,67241,66354,69793,71976,70247,70247,10
2025-10-02 14:30:56,5509,pairwise,VerletClusterLists,1.000000,vcl_sliced_balanced,none,SoA,enabled,84600,67882,68902,67096,67450,69570,66895,67940,67483,69111,69692,69692,10
2025-10-02 14:30:56,5519,pairwise,VerletClusterLists,1.000000,vcl_sliced_balanced,neighbor-list-length,AoS,disabled,84540,54983,59136,54175,52691,54122,55161,55074,53482,56432,57979,57979,10
2025-10-02 14:30:56,5529,pairwise,VerletClusterLists,1.000000,vcl_sliced_balanced,neighbor-list-length,AoS,enabled,69148,53637,57971,54875,51711,53176,52907,52459,54554,53386,55381,55381,10
2025-10-02 14:30:56,5539,pairwise,VerletClusterLists,1.000000,vcl_sliced_balanced,neighbor-list-length,SoA,disabled,91948,69269,70197,67942,68031,69010,71427,68413,70406,67430,71407,71407,10
2025-10-02 14:30:56,5549,pairwise,VerletClusterLists,1.000000,vcl_sliced_balanced,neighbor-list-length,SoA,enabled,91060,68007,67582,67756,67157,67998,70077,71399,66502,67538,70507,70507,10
2025-10-02 14:30:56,5559,pairwise,VerletClusterLists,1.000000,vcl_sliced_c02,none,AoS,disabled,85688,54401,50574,50415,51553,52950,51661,50611,50742,50859,54944,54944,10
2025-10-02 14:30:56,5569,pairwise,VerletClusterLists,1.000000,vcl_sliced_c02,none,AoS,enabled,68507,54504,51735,52022,50421,51609,51392,51355,50679,54549,53676,53676,10
2025-10-02 14:30:56,5579,pairwise,VerletClusterLists,1.000000,vcl_sliced_c02,none,SoA,disabled,87373,70173,66099,66401,69112,66045,67624,66830,65905,64172,68973,68973,10
2025-10-02 14:30:56,5589,pairwise,VerletClusterLists,1.000000,vcl_sliced_c02,none,SoA,enabled,83680,66589,71083,66292,63681,64600,65271,64869,65653,68419,68013,68013,10
2025-10-02 14:30:56,5599,pairwise,VerletLists,1.000000,vl_list_iteration,none,AoS,disabled,4001451,53356,56901,52001,51819,53227,54756,51954,49161,49746,447436,447436,10
2025-10-02 14:30:56,5609,pairwise,VerletLists,1.000000,vl_list_iteration,none,SoA,disabled,7313547,1675095,1622718,1544506,1617529,1595308,1601469,1605230,1595702,1580542,2175164,2175164,10
2025-10-02 14:30:56,5619,pairwise,VerletListsCells,1.000000,vlc_c01,none,AoS,disabled,22017267,1553729,1545235,1596050,1557789,1542157,1542954,1545387,1571251,1584817,3605662,3605662,10
2025-10-02 14:30:56,5629,pairwise,VerletListsCells,1.000000,vlc_c01,none,SoA,disabled,27141764,3096478,3057958,3018951,3077888,3121905,3099964,3054631,3175096,3094428,5493905,5493905,10
2025-10-02 14:30:56,5639,pairwise,VerletListsCells,1.000000,vlc_c18,none,AoS,disabled,14262012,1847900,1835663,1847459,1840921,1836540,1838954,1841013,1833205,1835477,3081914,3081914,10
2025-10-02 14:30:56,5649,pairwise,VerletListsCells,1.000000,vlc_c18,none,AoS,enabled,13859496,1844934,1842418,1844201,1840129,1842379,1842045,1932677,1847374,1842235,3053788,3053788,10
2025-10-02 14:30:56,5659,pairwise,VerletListsCells,1.000000,vlc_c18,none,SoA,disabled,18257847,3415153,3359638,3376621,3379553,3383495,3460514,3392392,3383874,3390894,4879997,4879997,10
2025-10-02 14:30:56,5669,pairwise,VerletListsCells,1.000000,vlc_c18,none,SoA,enabled,17897227,3482663,3408911,3417039,3454926,3393360,3404699,3398970,3391262,3394904,4864395,4864395,10
2025-10-02 14:30:56,5679,pairwise,VerletListsCells,1.000000,vlc_c08,none,AoS,disabled,10478204,1684194,1682162,1682769,1678497,1677087,1680398,1698024,1721017,1679645,2566199,2566199,10
2025-10-02 14:30:56,5689,pairwise,VerletListsCells,1.000000,vlc_c08,none,AoS,enabled,9861884,1686065,1678202,1679143,1683782,1681106,1682236,1681309,1677865,1679138,2499072,2499072,10
2025-10-02 14:30:56,5699,pairwise,VerletListsCells,1.000000,vlc_c08,none,SoA,disabled,14512216,3333626,3299558,3294991,3365613,3296117,3294793,3293221,3272383,3359059,4432157,4432157,10
2025-10-02 14:30:56,5709,pairwise,VerletListsCells,1.000000,vlc_c08,none,SoA,enabled,14251730,3332396,3307596,3305659,3297803,3297939,3285561,3364433,3292450,3288709,4402427,4402427,10
2025-10-02 14:30:56,5719,pairwise,VerletListsCells,1.000000,vlc_sliced,none,AoS,disabled,12215734,105272,98922,98009,97116,98335,97755,98100,98643,97050,1310493,1310493,10
2025-10-02 14:30:56,5729,pairwise,VerletListsCells,1.000000,vlc_sliced,none,AoS,enabled,12043556,104941,101050,102171,99132,98996,99811,97997,98866,95910,1294242,1294242,10
2025-10-02 14:30:56,5739,pairwise,VerletListsCells,1.000000,vlc_sliced,none,SoA,disabled,16869818,1774986,1724599,1746526,1745987,1736142,1746820,1746476,1737422,1745709,3257448,3257448,10
2025-10-02 14:30:56,5749,pairwise,VerletListsCells,1.000000,vlc_sliced,none,SoA,enabled,16234351,1717553,1752766,1723455,1685717,1732384,1707164,1791503,1736742,1728480,3181011,3181011,10
2025-10-02 14:30:56,5759,pairwise,VerletListsCells,1.000000,vlc_sliced_balanced,none,AoS,disabled,12350433,110624,108324,108056,110039,107061,108984,109922,111300,108423,1333316,1333316,10
2025-10-02 14:30:56,5769,pairwise,VerletListsCells,1.000000,vlc_sliced_balanced,none,AoS,enabled,12160494,111471,109134,107183,107463,109325,107018,111187,107315,111146,1314172,1314172,10
2025-10-02 14:30:57,5779,pairwise,VerletListsCells,1.000000,vlc_sliced_balanced,none,SoA,disabled,16695066,1743653,1756106,1652019,1650781,1741740,1745022,1647574,1703879,1685688,3202152,3202152,10
2025-10-02 14:30:57,5789,pairwise,VerletListsCells,1.000000,vlc_sliced_balanced,none,SoA,enabled,16363490,1718594,1790475,1754709,1757009,1757117,1594495,1546553,1741743,1743421,3176760,3176760,10
2025-10-02 14:30:57,5799,pairwise,VerletListsCells,1.000000,vlc_sliced_balanced,squared-particles-per-cell,AoS,disabled,11674405,176842,161579,157109,156670,155463,162814,157503,156573,155737,1311469,1311469,10
2025-10-02 14:30:57,5809,pairwise,VerletListsCells,1.000000,vlc_sliced_balanced,squared-particles-per-cell,AoS,enabled,12182843,169341,163767,168204,158313,158335,155792,155607,157805,155254,1362525,1362525,10
2025-10-02 14:30:57,5819,pairwise,VerletListsCells,1.000000,vlc_sliced_balanced,squared-particles-per-cell,SoA,disabled,16501732,1796376,1764513,1784533,1666557,1751151,1776558,1769696,1635941,1717078,3216413,3216413,10
2025-10-02 14:30:57,5829,pairwise,VerletListsCells,1.000000,vlc_sliced_balanced,squared-particles-per-cell,SoA,enabled,16163478,1648802,1721189,1746189,1730366,1644159,1680481,1754943,1762732,1737403,3158973,3158973,10
2025-10-02 14:30:57,5839,pairwise,VerletListsCells,1.000000,vlc_sliced_balanced,neighbor-list-length,AoS,disabled,11659168,141792,128490,128388,128742,130346,127945,128069,131322,127774,1283203,1283203,10
2025-10-02 14:30:57,5849,pairwise,VerletListsCells,1.000000,vlc_sliced_balanced,neighbor-list-length,AoS,enabled,12209836,128878,132612,128042,129120,128089,128359,129966,127361,126738,1336900,1336900,10
2025-10-02 14:30:57,5859,pairwise,VerletListsCells,1.000000,vlc_sliced_balanced,neighbor-list-length,SoA,disabled,16476064,1690081,1678431,1688005,1689949,1649835,1639748,1670548,1675554,1823718,3168193,3168193,10
2025-10-02 14:30:57,5869,pairwise,VerletListsCells,1.000000,vlc_sliced_balanced,neighbor-list-length,SoA,enabled,16264075,1706365,1837891,1763358,1772643,1632119,1816014,1840824,1840877,1776639,3225080,3225080,10
2025-10-02 14:30:57,5879,pairwise,VerletListsCells,1.000000,vlc_sliced_c02,none,AoS,disabled,11567899,111957,99967,104653,96936,104572,96616,99930,95671,101731,1247993,1247993,10
2025-10-02 14:30:57,5889,pairwise,VerletListsCells,1.000000,vlc_sliced_c02,none,AoS,enabled,12112928,104830,95767,97814,95394,98279,96933,97625,97151,99140,1299585,1299585,10
2025-10-02 14:30:57,5899,pairwise,VerletListsCells,1.000000,vlc_sliced_c02,none,SoA,disabled,16363282,1797492,1695171,1726197,1712500,1750373,1743321,1712529,1650615,1730583,3188206,3188206,10
2025-10-02 14:30:57,5909,pairwise,VerletListsCells,1.000000,vlc_sliced_c02,none,SoA,enabled,16148543,1754214,1727862,1668659,1739434,1728906,1725885,1731287,1715638,1646916,3158734,3158734,10
2025-10-02 14:30:57,5919,pairwise,PairwiseVerletLists,1.000000,vlp_c01,none,AoS,disabled,16546169,1818064,1806628,1829661,1810076,1784655,1806351,1829285,1832141,1783944,3284696,3284696,10
2025-10-02 14:30:57,5929,pairwise,PairwiseVerletLists,1.000000,vlp_c01,none,SoA,disabled,39038385,3979789,3506397,3456580,3447236,3453646,3446761,3454158,3456016,3449665,7068863,7068863,10
2025-10-02 14:30:57,5939,pairwise,PairwiseVerletLists,1.000000,vlp_c18,none,AoS,disabled,15343131,2154772,2133251,2127019,2100714,2113103,2122868,2118338,2122701,2106596,3444249,3444249,10
2025-10-02 14:30:57,5949,pairwise,PairwiseVerletLists,1.000000,vlp_c18,none,AoS,enabled,15303231,2157877,2122084,2123662,2112141,2114531,2149541,2154786,2119879,2114993,3447271,3447271,10
2025-10-02 14:30:57,5959,pairwise,PairwiseVerletLists,1.000000,vlp_c18,none,SoA,disabled,35828692,4348011,4066931,4015977,4027517,4079378,4023440,4029905,4049519,4069823,7253918,7253918,10
2025-10-02 14:30:57,5969,pairwise,PairwiseVerletLists,1.000000,vlp_c18,none,SoA,enabled,36411325,4274374,4058114,4028028,4051917,4106164,4006109,3994675,4018532,4087762,7303699,7303699,10
2025-10-02 14:30:57,5979,pairwise,PairwiseVerletLists,1.000000,vlp_sliced,none,AoS,disabled,13997229,830669,801117,783974,749499,755355,771257,769621,747269,773595,2097958,2097958,10
2025-10-02 14:30:57,5989,pairwise,PairwiseVerletLists,1.000000,vlp_sliced,none,AoS,enabled,13956279,806474,785635,785354,774415,766031,753477,777609,767877,748176,2092132,2092132,10
2025-10-02 14:30:57,5999,pairwise,PairwiseVerletLists,1.000000,vlp_sliced,none,SoA,disabled,34986710,2959930,2751156,2788424,2776766,2862947,2684731,2738061,2820834,2768723,6013828,6013828,10
2025-10-02 14:30:57,6009,pairwise,PairwiseVerletLists,1.000000,vlp_sliced,none,SoA,enabled,34941318,2998947,2831525,2741960,2756176,2695706,2793108,2726770,2744019,2670488,5990001,5990001,10
2025-10-02 14:30:57,6019,pairwise,PairwiseVerletLists,1.000000,vlp_sliced_balanced,none,AoS,disabled,13922043,873879,824629,797980,798497,784977,781472,795953,803622,806232,2118928,2118928,10
2025-10-02 14:30:58,6029,pairwise,PairwiseVerletLists,1.000000,vlp_sliced_balanced,none,AoS,enabled,13751467,832645,803820,779790,798441,768171,774735,782790,801038,793713,2088660,2088660,10
2025-10-02 14:30:58,6039,pairwise,PairwiseVerletLists,1.000000,vlp_sliced_balanced,none,SoA,disabled,35741995,2981264,2740202,2638466,2630471,2652311,2693852,2653280,2642684,2680002,6005452,6005452,10
2025-10-02 14:30:58,6049,pairwise,PairwiseVerletLists,1.000000,vlp_sliced_balanced,none,SoA,enabled,34531146,2961729,2730623,2763556,2722789,2680247,2681709,2670246,2678899,2703605,5912454,5912454,10
2025-10-02 14:30:58,6059,pairwise,PairwiseVerletLists,1.000000,vlp_sliced_c02,none,AoS,disabled,14037619,1009167,969446,931682,926820,938212,919318,923372,936134,926344,2251811,2251811,10
2025-10-02 14:30:58,6069,pairwise,PairwiseVerletLists,1.000000,vlp_sliced_c02,none,AoS,enabled,13887945,986534,922095,921645,938789,946822,930741,928843,952882,918240,2233453,2233453,10
2025-10-02 14:30:58,6079,pairwise,PairwiseVerletLists,1.000000,vlp_sliced_c02,none,SoA,disabled,34930516,3010841,2921820,2846350,2965375,2902790,2898445,2882334,2773877,2785802,6091814,6091814,10
2025-10-02 14:30:58,6089,pairwise,PairwiseVerletLists,1.000000,vlp_sliced_c02,none,SoA,enabled,34421200,3042112,2921936,2978236,2851027,2877678,2827335,2956359,2935844,2908082,6071980,6071980,10
2025-10-02 14:30:58,6099,pairwise,PairwiseVerletLists,1.000000,vlp_c08,none,AoS,disabled,16687237,3441404,3442163,3427024,3434331,3448602,3491809,3496734,3490119,3514250,4787366,4787366,10
2025-10-02 14:30:58,6109,pairwise,PairwiseVerletLists,1.000000,vlp_c08,none,AoS,enabled,15844586,2572709,2542397,2522183,2525294,2523257,2543586,2521268,2518661,2512512,3862644,3862644,10
2025-10-02 14:30:58,6119,pairwise,PairwiseVerletLists,1.000000,vlp_c08,none,SoA,disabled,37703140,6377521,6291886,6296904,6303066,6276894,6278790,6362832,6273222,6296242,9446049,9446049,10
2025-10-02 14:30:58,6129,pairwise,PairwiseVerletLists,1.000000,vlp_c08,none,SoA,enabled,37176537,5016421,4894764,4861687,4880981,4886879,4847023,4866863,4817386,4838609,8108715,8108715,10
2025-10-02 14:33:20,10009,pairwise,LinkedCells,1.000000,lc_c01,none,AoS,disabled,1625252,1620061,1583157,1566571,1564626,1565660,1569561,1566112,1572300,1579783,1581307,1581307,10
2025-10-02 14:33:20,10019,pairwise,LinkedCells,1.000000,lc_c01,none,SoA,disabled,2677646,2686214,2622015,2609647,2636998,2620216,2646305,2610103,2602890,2629144,2634117,2634117,10
2025-10-02 14:33:20,10029,pairwise,LinkedCells,1.000000,lc_c01_combined_SoA,none,SoA,disabled,2223003,2210025,2199953,2288002,2232036,2213368,2330620,2416490,2283356,2211243,2260809,2260809,10
2025-10-02 14:33:20,10039,pairwise,LinkedCells,1.000000,lc_c04,none,AoS,disabled,559499,539323,535297,535024,536688,536451,534086,535810,525195,530487,536785,536785,10
2025-10-02 14:33:20,10049,pairwise,LinkedCells,1.000000,lc_c04,none,AoS,enabled,530311,533462,529034,529649,532826,530672,534043,534081,534177,532620,532086,532086,10
2025-10-02 14:33:20,10059,pairwise,LinkedCells,1.000000,lc_c04,none,SoA,disabled,1773704,1725403,1732348,1704418,1731826,1773862,1737179,1735254,1749009,1727009,1739000,1739000,10
2025-10-02 14:33:20,10069,pairwise,LinkedCells,1.000000,lc_c04,none,SoA,enabled,1751473,1702420,1706140,1698683,1703688,1683951,1689753,1690675,1696159,1694920,1701785,1701785,10
2025-10-02 14:33:20,10079,pairwise,LinkedCells,1.000000,lc_c04_HCP,none,AoS,disabled,644640,591118,584487,582672,584126,584246,581638,582723,586666,585121,590743,590743,10
2025-10-02 14:33:20,10089,pairwise,LinkedCells,1.000000,lc_c04_HCP,none,AoS,enabled,582375,583730,584818,581817,582275,588130,584750,564320,564523,565512,578224,578224,10
2025-10-02 14:33:20,10099,pairwise,LinkedCells,1.000000,lc_c04_HCP,none,SoA,disabled,1953011,1969033,1962600,1952766,1970096,1996036,2060967,2061986,2046457,1963087,1993603,1993603,10
2025-10-02 14:33:20,10109,pairwise,LinkedCells,1.000000,lc_c04_HCP,none,SoA,enabled,1966486,1956695,1969856,1961735,1957597,1967242,1947307,1956669,1945918,1977061,1960655,1960655,10
2025-10-02 14:33:20,10119,pairwise,LinkedCells,1.000000,lc_c04_combined_SoA,none,SoA,disabled,2653168,2529920,2549808,2550975,2578593,2614112,2541891,2521654,2524888,2535813,2560081,2560081,10
2025-10-02 14:33:20,10129,pairwise,LinkedCells,1.000000,lc_c04_combined_SoA,none,SoA,enabled,2407004,2342170,2339344,2347225,2411021,2490954,2387094,2336471,2337982,2335153,2373441,2373441,10
2025-10-02 14:33:20,10139,pairwise,LinkedCells,1.000000,lc_c08,none,AoS,disabled,1902243,1865044,1861162,1794550,1790094,1840072,1800186,1823259,1807199,1779411,1826321,1826321,10
2025-10-02 14:33:20,10149,pairwise,LinkedCells,1.000000,lc_c08,none,AoS,enabled,1795864,1805335,1784473,1786052,1791215,1787500,1783466,1777761,1788099,1790152,1788991,1788991,10
2025-10-02 14:33:20,10159,pairwise,LinkedCells,1.000000,lc_c08,none,SoA,disabled,3046205,3045938,3048863,3004734,3046081,3042852,3002577,3058217,3028862,3051057,3037538,3037538,10
2025-10-02 14:33:21,10169,pairwise,LinkedCells,1.000000,lc_c08,none,SoA,enabled,2999743,3015704,3062758,3034008,3047849,3057203,2986286,3063479,2977938,3034811,3027977,3027977,10
2025-10-02 14:33:21,10179,pairwise,LinkedCells,1.000000,lc_c18,none,AoS,disabled,1958860,1871422,1876532,1863604,1876117,1874695,1872836,1860756,1926877,1861540,1884323,1884323,10
2025-10-02 14:33:21,10189,pairwise,LinkedCells,1.000000,lc_c18,none,AoS,enabled,1914674,1912228,1911209,1912448,1876695,1863208,1870648,1872996,1865561,1889217,1888888,1888888,10
2025-10-02 14:33:21,10199,pairwise,LinkedCells,1.000000,lc_c18,none,SoA,disabled,2447444,2509196,2526195,2553487,2508205,2508444,2510011,2562358,2517756,2526965,2517005,2517005,10
2025-10-02 14:33:21,10209,pairwise,LinkedCells,1.000000,lc_c18,none,SoA,enabled,2502542,2519533,2507866,2571536,2547374,2520164,2510188,2499571,2491755,2507618,2517814,2517814,10
2025-10-02 14:33:21,10219,pairwise,LinkedCells,1.000000,lc_sliced,none,AoS,disabled,483561,439447,429139,424456,426116,425778,426683,420122,420319,417358,431297,431297,10
2025-10-02 14:33:21,10229,pairwise,LinkedCells,1.000000,lc_sliced,none,AoS,enabled,544447,424091,419670,417179,416803,419707,424017,424913,425551,422691,433906,433906,10
2025-10-02 14:33:21,10239,pairwise,LinkedCells,1.000000,lc_sliced,none,SoA,disabled,2078287,1709482,1911389,1701630,1781966,1825169,1772437,1893161,2002010,1626912,1830244,1830244,10
2025-10-02 14:33:21,10249,pairwise,LinkedCells,1.000000,lc_sliced,none,SoA,enabled,1789799,1638812,1810053,1648796,1869608,1733569,1864153,1727151,1711389,1609303,1740263,1740263,10
2025-10-02 14:33:21,10259,pairwise,LinkedCells,1.000000,lc_sliced_balanced,none,AoS,disabled,468524,449983,427425,426195,424350,429105,426376,426691,423510,423165,432532,432532,10
2025-10-02 14:33:21,10269,pairwise,LinkedCells,1.000000,lc_sliced_balanced,none,AoS,enabled,715949,421795,423259,425524,426562,423655,426395,425848,424006,430220,454320,454320,10
2025-10-02 14:33:21,10279,pairwise,LinkedCells,1.000000,lc_sliced_balanced,none,SoA,disabled,1713410,1799175,1853749,1795180,1785872,1750020,1710397,1704932,1752185,1712085,1757699,1757699,10
2025-10-02 14:33:21,10289,pairwise,LinkedCells,1.000000,lc_sliced_balanced,none,SoA,enabled,1747519,1733105,1748214,1807336,1739245,1794498,1756100,1743446,1633242,1766009,1746871,1746871,10
2025-10-02 14:33:21,10299,pairwise,LinkedCells,1.000000,lc_sliced_balanced,squared-particles-per-cell,AoS,disabled,1542030,1231738,1181728,1162903,1156667,1149805,1158019,1152057,1143947,1148468,1202735,1202735,10
2025-10-02 14:33:21,10309,pairwise,LinkedCells,1.000000,lc_sliced_balanced,squared-particles-per-cell,AoS,enabled,1165940,1143130,1135604,1134063,1144373,1145497,1136736,1137383,1134976,1148226,1142592,1142592,10
2025-10-02 14:33:21,10319,pairwise,LinkedCells,1.000000,lc_sliced_balanced,squared-particles-per-cell,SoA,disabled,3747449,3705460,3754685,3745954,3720821,3562264,3691869,3665309,3764718,3722527,3708105,3708105,10
2025-10-02 14:33:21,10329,pairwise,LinkedCells,1.000000,lc_sliced_balanced,squared-particles-per-cell,SoA,enabled,3650471,3579975,3659509,3643967,3816571,3678966,3684761,3685585,3708938,3550518,3665925,3665925,10
2025-10-02 14:33:21,10339,pairwise,LinkedCells,1.000000,lc_sliced_c02,none,AoS,disabled,620132,473508,453329,440539,429994,421917,414597,414002,408981,409999,448699,448699,10
2025-10-02 14:33:21,10349,pairwise,LinkedCells,1.000000,lc_sliced_c02,none,AoS,enabled,415562,407096,410202,414669,412970,420262,424132,414638,419973,409909,414941,414941,10
2025-10-02 14:33:21,10359,pairwise,LinkedCells,1.000000,lc_sliced_c02,none,SoA,disabled,1813488,1671121,1645040,1635819,1625205,1636425,1636178,1635771,1618813,1608478,1652633,1652633,10
2025-10-02 14:33:21,10369,pairwise,LinkedCells,1.000000,lc_sliced_c02,none,SoA,enabled,1770924,1629198,1599324,1616213,1619256,1626754,1636937,1648198,1625007,1615681,1638749,1638749,10
2025-10-02 14:33:21,10379,pairwise,VerletClusterLists,1.000000,vcl_c01_balanced,none,AoS,disabled,126704,60700,49666,51528,50821,51646,49949,48977,51227,49955,59116,59116,10
2025-10-02 14:33:21,10389,pairwise,VerletClusterLists,1.000000,vcl_c01_balanced,none,SoA,disabled,100591,64004,64499,63210,62613,62369,64415,62927,61786,61577,66798,66798,10
2025-10-02 14:33:21,10399,pairwise,VerletClusterLists,1.000000,vcl_c06,none,AoS,disabled,101047,77331,82963,74629,74918,74414,73932,73750,70951,74157,77809,77809,10
2025-10-02 14:33:21,10409,pairwise,VerletClusterLists,1.000000,vcl_c06,none,AoS,enabled,92295,69974,70137,73628,71544,72992,70704,71083,70780,70800,73393,73393,10
2025-10-02 14:33:21,10419,pairwise,VerletClusterLists,1.000000,vcl_c06,none,SoA,disabled,110366,89341,82531,85221,86319,85217,86497,91910,84749,87963,89010,89010,10
2025-10-02 14:33:21,10429,pairwise,VerletClusterLists,1.000000,vcl_c06,none,SoA,enabled,107845,84618,84825,89802,86294,86452,85517,83623,84885,88527,88238,88238,10
2025-10-02 14:33:21,10439,pairwise,VerletClusterLists,1.000000,vcl_sliced,none,AoS,disabled,86690,58362,56629,53452,54498,54386,56968,54530,53056,53086,58165,58165,10
2025-10-02 14:33:21,10449,pairwise,VerletClusterLists,1.000000,vcl_sliced,none,AoS,enabled,75066,52338,50233,56498,51346,52570,52829,51985,52370,53030,54825,54825,10
2025-10-02 14:33:21,10459,pairwise,VerletClusterLists,1.000000,vcl_sliced,none,SoA,disabled,91433,65140,64072,65785,64507,65700,66587,69899,66751,69087,68896,68896,10
2025-10-02 14:33:21,10469,pairwise,VerletClusterLists,1.000000,vcl_sliced,none,SoA,enabled,86416,65051,64409,65064,72479,64115,63814,63945,67766,63927,67697,67697,10
2025-10-02 14:33:21,10479,pairwise,VerletClusterLists,1.000000,vcl_sliced_balanced,none,AoS,disabled,84567,60171,57685,57257,57858,57230,57490,57573,63854,58703,61238,61238,10
2025-10-02 14:33:21,10489,pairwise,VerletClusterLists,1.000000,vcl_sliced_balanced,none,AoS,enabled,78106,54779,54495,53942,55543,58829,53830,54578,55439,54573,57411,57411,10
2025-10-02 14:33:21,10499,pairwise,VerletClusterLists,1.000000,vcl_sliced_balanced,none,SoA,disabled,93175,70696,77318,69140,69619,70143,71783,69378,68444,68465,72816,72816,10
2025-10-02 14:33:21,10509,pairwise,VerletClusterLists,1.000000,vcl_sliced_balanced,none,SoA,enabled,90709,69460,68295,69266,68745,73476,67584,68008,66832,69488,71186,71186,10
2025-10-02 14:33:21,10519,pairwise,VerletClusterLists,1.000000,vcl_sliced_balanced,neighbor-list-length,AoS,disabled,107083,61444,57471,57649,57702,56336,57795,56985,55375,57574,62541,62541,10
2025-10-02 14:33:21,10529,pairwise,VerletClusterLists,1.000000,vcl_sliced_balanced,neighbor-list-length,AoS,enabled,78770,56628,55808,54028,54561,53241,54810,55383,54743,54640,57260,57260,10
2025-10-02 14:33:21,10539,pairwise,VerletClusterLists,1.000000,vcl_sliced_balanced,neighbor-list-length,SoA,disabled,96381,69433,68164,70280,68954,68583,69997,69665,70057,73196,72470,72470,10
2025-10-02 14:33:21,10549,pairwise,VerletClusterLists,1.000000,vcl_sliced_balanced,neighbor-list-length,SoA,enabled,92814,71765,69574,72011,70922,70478,70271,70170,72349,71062,73140,73140,10
2025-10-02 14:33:21,10559,pairwise,VerletClusterLists,1.000000,vcl_sliced_c02,none,AoS,disabled,96337,57432,55727,55958,57028,55205,58152,55382,56357,60392,60796,60796,10
2025-10-02 14:33:21,10569,pairwise,VerletClusterLists,1.000000,vcl_sliced_c02,none,AoS,enabled,76887,54208,52876,53244,58741,54308,57773,57604,54366,53434,57343,57343,10
2025-10-02 14:33:21,10579,pairwise,VerletClusterLists,1.000000,vcl_sliced_c02,none,SoA,disabled,94622,70244,69895,68667,68102,67129,66864,68033,66569,66739,70685,70685,10
2025-10-02 14:33:21,10589,pairwise,VerletClusterLists,1.000000,vcl_sliced_c02,none,SoA,enabled,89973,71455,66328,67629,66694,67566,71501,69927,70372,66756,70820,70820,10
2025-10-02 14:33:21,10599,pairwise,VerletLists,1.000000,vl_list_iteration,none,AoS,disabled,3862558,53824,51171,50550,55860,49327,50672,49833,51725,50220,432573,432573,10
2025-10-02 14:33:21,10609,pairwise,VerletLists,1.000000,vl_list_iteration,none,SoA,disabled,7134896,1673967,1581969,1573877,1571760,1533475,1581327,1576439,1579181,1583403,2139029,2139029,10
2025-10-02 14:33:21,10619,pairwise,VerletListsCells,1.000000,vlc_c01,none,AoS,disabled,21967621,1574358,1522104,1564029,1564239,1520514,1519872,1577417,1517460,1517751,3584536,3584536,10
2025-10-02 14:33:21,10629,pairwise,VerletListsCells,1.000000,vlc_c01,none,SoA,disabled,26885200,3048135,3126328,2966909,3027278,3034583,3035270,2909141,3044443,3052256,5412954,5412954,10
2025-10-02 14:33:21,10639,pairwise,VerletListsCells,1.000000,vlc_c18,none,AoS,disabled,14196813,1851059,1846402,1850216,1847803,1843233,1847220,1849333,1837455,1844426,3081395,3081395,10
2025-10-02 14:33:21,10649,pairwise,VerletListsCells,1.000000,vlc_c18,none,AoS,enabled,13638468,1851610,1892275,1860095,1846891,1849747,1840689,1847447,1848267,1845398,3032088,3032088,10
2025-10-02 14:33:21,10659,pairwise,VerletListsCells,1.000000,vlc_c18,none,SoA,disabled,18283681,3381824,3378544,3358841,3417005,3327456,3386083,3390351,3466352,3394139,4878427,4878427,10
2025-10-02 14:33:21,10669,pairwise,VerletListsCells,1.000000,vlc_c18,none,SoA,enabled,18258761,3414427,3401277,3398145,3390687,3380623,3400433,3405841,3396443,3397803,4884443,4884443,10
2025-10-02 14:33:21,10679,pairwise,VerletListsCells,1.000000,vlc_c08,none,AoS,disabled,10450729,1752124,1689822,1691416,1683331,1695500,1695802,1695473,1694141,1693650,2574198,2574198,10
2025-10-02 14:33:21,10689,pairwise,VerletListsCells,1.000000,vlc_c08,none,AoS,enabled,10007040,1755281,1695265,1696364,1692620,1688804,1687353,1690935,1727140,1725729,2536653,2536653,10
2025-10-02 14:33:21,10699,pairwise,VerletListsCells,1.000000,vlc_c08,none,SoA,disabled,14554731,3333610,3298291,3297956,3358559,3293029,3296332,3300437,3299211,3286661,4431881,4431881,10
2025-10-02 14:33:22,10709,pairwise,VerletListsCells,1.000000,vlc_c08,none,SoA,enabled,14219418,3326626,3303857,3304942,3297406,3301971,3363150,3287650,3294933,3289785,4398973,4398973,10
2025-10-02 14:33:22,10719,pairwise,VerletListsCells,1.000000,vlc_sliced,none,AoS,disabled,12285570,100663,99456,96799,96135,95790,94310,95773,95973,99036,1315949,1315949,10
2025-10-02 14:33:22,10729,pairwise,VerletListsCells,1.000000,vlc_sliced,none,AoS,enabled,12053890,105204,97039,98431,96376,97067,96814,95708,97546,97746,1293581,1293581,10
2025-10-02 14:33:22,10739,pairwise,VerletListsCells,1.000000,vlc_sliced,none,SoA,disabled,16879910,1767260,1743734,1751771,1733572,1733390,1734155,1731770,1729572,1759111,3256423,3256423,10
2025-10-02 14:33:22,10749,pairwise,VerletListsCells,1.000000,vlc_sliced,none,SoA,enabled,16175726,1759447,1778387,1740990,1591428,1502566,1715138,1722196,1714549,1718055,3141847,3141847,10
2025-10-02 14:33:22,10759,pairwise,VerletListsCells,1.000000,vlc_sliced_balanced,none,AoS,disabled,12359136,103591,103898,102393,103445,100217,100707,101182,101712,100438,1327671,1327671,10
2025-10-02 14:33:22,10769,pairwise,VerletListsCells,1.000000,vlc_sliced_balanced,none,AoS,enabled,12128170,103027,103770,108737,110335,107175,110275,107635,109837,103530,1309248,1309248,10
2025-10-02 14:33:22,10779,pairwise,VerletListsCells,1.000000,vlc_sliced_balanced,none,SoA,disabled,16589103,1749649,1811591,1811661,1712401,1678533,1752232,1769691,1740657,1735352,3235086,3235086,10
2025-10-02 14:33:22,10789,pairwise,VerletListsCells,1.000000,vlc_sliced_balanced,none,SoA,enabled,16232173,1815163,1708563,1713297,1737757,1732911,1711470,1693374,1491173,1722418,3155829,3155829,10
2025-10-02 14:33:22,10799,pairwise,VerletListsCells,1.000000,vlc_sliced_balanced,squared-particles-per-cell,AoS,disabled,11596058,170737,166142,164582,161811,165023,173406,164314,165995,164626,1309268,1309268,10
2025-10-02 14:33:22,10809,pairwise,VerletListsCells,1.000000,vlc_sliced_balanced,squared-particles-per-cell,AoS,enabled,12129602,171988,168641,173152,167026,166519,169621,167276,169688,162050,1364556,1364556,10
2025-10-02 14:33:22,10819,pairwise,VerletListsCells,1.000000,vlc_sliced_balanced,squared-particles-per-cell,SoA,disabled,16326498,1622818,1735484,1694748,1700112,1692705,1633941,1713160,1714338,1697789,3153159,3153159,10
2025-10-02 14:33:22,10829,pairwise,VerletListsCells,1.000000,vlc_sliced_balanced,squared-particles-per-cell,SoA,enabled,15918009,1697573,1748296,1675874,1686491,1707058,1705281,1681428,1599619,1769610,3118923,3118923,10
2025-10-02 14:33:22,10839,pairwise,VerletListsCells,1.000000,vlc_sliced_balanced,neighbor-list-length,AoS,disabled,11629507,196758,192739,185910,184965,193903,186735,186224,186249,188217,1333120,1333120,10
2025-10-02 14:33:22,10849,pairwise,VerletListsCells,1.000000,vlc_sliced_balanced,neighbor-list-length,AoS,enabled,12079710,132809,132004,131058,129851,129778,128718,128130,130431,132232,1325471,1325471,10
2025-10-02 14:33:22,10859,pairwise,VerletListsCells,1.000000,vlc_sliced_balanced,neighbor-list-length,SoA,disabled,16510027,1679895,1725145,1754618,1748197,1732547,1724121,1685735,1637890,1715227,3191340,3191340,10
2025-10-02 14:33:22,10869,pairwise,VerletListsCells,1.000000,vlc_sliced_balanced,neighbor-list-length,SoA,enabled,16067781,1784780,1647533,1743995,1640304,1643815,1610171,1615458,1688488,1657867,3110018,3110018,10
2025-10-02 14:33:22,10879,pairwise,VerletListsCells,1.000000,vlc_sliced_c02,none,AoS,disabled,11622046,100822,101084,98606,96423,98018,95440,95820,96899,96819,1250197,1250197,10
2025-10-02 14:33:22,10889,pairwise,VerletListsCells,1.000000,vlc_sliced_c02,none,AoS,enabled,12029394,98758,96336,98773,97196,97103,96796,96764,97264,97534,1290591,1290591,10
2025-10-02 14:33:22,10899,pairwise,VerletListsCells,1.000000,vlc_sliced_c02,none,SoA,disabled,16171739,1699088,1687431,1701842,1706652,1699987,1666183,1694659,1697041,1681653,3140627,3140627,10
2025-10-02 14:33:22,10909,pairwise,VerletListsCells,1.000000,vlc_sliced_c02,none,SoA,enabled,16065396,1679547,1530510,1690724,1697890,1740085,1724192,1696158,1543046,1693665,3106120,3106120,10
2025-10-02 14:33:22,10919,pairwise,PairwiseVerletLists,1.000000,vlp_c01,none,AoS,disabled,16878771,1806844,1816117,1790711,1787980,1787965,1787088,1787619,1778618,1774746,3299645,3299645,10
2025-10-02 14:33:22,10929,pairwise,PairwiseVerletLists,1.000000,vlp_c01,none,SoA,disabled,30890153,3797816,3557763,3449995,3471524,3390178,3460872,3402653,3407498,3398639,6222709,6222709,10
2025-10-02 14:33:22,10939,pairwise,PairwiseVerletLists,1.000000,vlp_c18,none,AoS,disabled,15237954,2231361,2194770,2121790,2125018,2196955,2137291,2116403,2129869,2128063,3461947,3461947,10
2025-10-02 14:33:22,10949,pairwise,PairwiseVerletLists,1.000000,vlp_c18,none,AoS,enabled,15255280,2152788,2149380,2118837,2118714,2135674,2129013,2116805,2131994,2176130,3448460,3448460,10
2025-10-02 14:33:22,10959,pairwise,PairwiseVerletLists,1.000000,vlp_c18,none,SoA,disabled,36337956,4228606,4002396,3961244,3966433,3938578,3955647,3926562,3953928,3945153,7221650,7221650,10
2025-10-02 14:33:22,10969,pairwise,PairwiseVerletLists,1.000000,vlp_c18,none,SoA,enabled,35883876,4256615,4030719,3984329,3977771,3955829,3947977,3960751,4017203,3941126,7195619,7195619,10
2025-10-02 14:33:22,10979,pairwise,PairwiseVerletLists,1.000000,vlp_sliced,none,AoS,disabled,14012306,835739,792507,786122,759097,728914,745273,765836,761073,750034,2093689,2093689,10
2025-10-02 14:33:22,10989,pairwise,PairwiseVerletLists,1.000000,vlp_sliced,none,AoS,enabled,13849308,797444,776443,756221,791094,760347,798983,744653,744925,761913,2078132,2078132,10
2025-10-02 14:33:23,10999,pairwise,PairwiseVerletLists,1.000000,vlp_sliced,none,SoA,disabled,34879319,2921484,2863067,2754498,2673951,2690088,2607579,2705127,2728058,2731328,5955449,5955449,10
2025-10-02 14:33:23,11009,pairwise,PairwiseVerletLists,1.000000,vlp_sliced,none,SoA,enabled,34514755,2967208,2737668,2742219,2749857,2780435,2682304,2638740,2680860,2702437,5919648,5919648,10
2025-10-02 14:33:23,11019,pairwise,PairwiseVerletLists,1.000000,vlp_sliced_balanced,none,AoS,disabled,13912629,875811,823100,803574,788811,787516,782316,791090,786252,787143,2113823,2113823,10
2025-10-02 14:33:23,11029,pairwise,PairwiseVerletLists,1.000000,vlp_sliced_balanced,none,AoS,enabled,13890668,826691,795980,777627,782452,781833,797463,769479,799017,776482,2099768,2099768,10
2025-10-02 14:33:23,11039,pairwise,PairwiseVerletLists,1.000000,vlp_sliced_balanced,none,SoA,disabled,35333592,2903627,2711840,2638375,2599811,2541426,2601911,2634700,2677297,2614926,5925750,5925750,10
2025-10-02 14:33:23,11049,pairwise,PairwiseVerletLists,1.000000,vlp_sliced_balanced,none,SoA,enabled,35152711,2827738,2713759,2722367,2652208,2599912,2656029,2622517,2651220,2630846,5922930,5922930,10
2025-10-02 14:33:23,11059,pairwise,PairwiseVerletLists,1.000000,vlp_sliced_c02,none,AoS,disabled,14075844,986605,970054,919515,909085,944241,943460,930803,940882,931561,2255204,2255204,10
2025-10-02 14:33:23,11069,pairwise,PairwiseVerletLists,1.000000,vlp_sliced_c02,none,AoS,enabled,13866374,969218,964316,928989,931382,906936,931444,934295,916599,913353,2226290,2226290,10
2025-10-02 14:33:23,11079,pairwise,PairwiseVerletLists,1.000000,vlp_sliced_c02,none,SoA,disabled,34025644,3082242,2809873,2789967,2787154,2837964,2833639,2889012,2898912,2876343,5983075,5983075,10
2025-10-02 14:33:23,11089,pairwise,PairwiseVerletLists,1.000000,vlp_sliced_c02,none,SoA,enabled,34648563,3164827,2883519,2919848,2877786,2828635,2769142,2777485,2782987,2789540,6044232,6044232,10
2025-10-02 14:33:23,11099,pairwise,PairwiseVerletLists,1.000000,vlp_c08,none,AoS,disabled,16683171,3461627,3418443,3428698,3456176,3429308,3426115,3430122,3411004,3462061,4760672,4760672,10
2025-10-02 14:33:23,11109,pairwise,PairwiseVerletLists,1.000000,vlp_c08,none,AoS,enabled,15661083,2545014,2557587,2541069,2511996,2518156,2544069,2529136,2526424,2533188,3846772,3846772,10
2025-10-02 14:33:23,11119,pairwise,PairwiseVerletLists,1.000000,vlp_c08,none,SoA,disabled,38432934,6307186,6263100,6244276,6253191,6249485,6262638,6290154,6254958,6256580,9481449,9481449,10
2025-10-02 14:33:23,11129,pairwise,PairwiseVerletLists,1.000000,vlp_c08,none,SoA,enabled,36276088,4899422,4773438,4763525,4663428,4691200,4720731,4653991,4658570,4700103,7880049,7880049,10
2025-10-02 14:35:47,15009,pairwise,LinkedCells,1.000000,lc_c01,none,AoS,disabled,1639301,1570131,1568460,1575886,1572145,1578939,1573326,1578318,1576362,1586617,1581948,1581948,10
2025-10-02 14:35:47,15019,pairwise,LinkedCells,1.000000,lc_c01,none,SoA,disabled,2691121,2648648,2627002,2593798,2619127,2571567,2602461,2592324,2585974,2552072,2608409,2608409,10
2025-10-02 14:35:47,15029,pairwise,LinkedCells,1.000000,lc_c01_combined_SoA,none,SoA,disabled,2250699,2343310,2347986,2351688,2339287,2242889,2232303,2244069,2440503,2323889,2311662,2311662,10
2025-10-02 14:35:47,15039,pairwise,LinkedCells,1.000000,lc_c04,none,AoS,disabled,562497,540208,536401,535824,528960,528640,529612,528493,529815,529811,535025,535025,10
2025-10-02 14:35:47,15049,pairwise,LinkedCells,1.000000,lc_c04,none,AoS,enabled,535224,524405,526626,528963,532187,527436,530020,532721,530967,534136,530267,530267,10
2025-10-02 14:35:47,15059,pairwise,LinkedCells,1.000000,lc_c04,none,SoA,disabled,1791991,1725977,1702979,1717842,1703535,1701192,1706139,1689053,1701927,1728694,1716932,1716932,10
2025-10-02 14:35:47,15069,pairwise,LinkedCells,1.000000,lc_c04,none,SoA,enabled,1849605,1735044,1729653,1693360,1695960,1703697,1713411,1693591,1710750,1693520,1721859,1721859,10
2025-10-02 14:35:47,15079,pairwise,LinkedCells,1.000000,lc_c04_HCP,none,AoS,disabled,637132,586898,591898,589036,585128,584917,584581,570916,570193,570371,587106,587106,10
2025-10-02 14:35:47,15089,pairwise,LinkedCells,1.000000,lc_c04_HCP,none,AoS,enabled,575677,570854,585566,590703,582678,569857,583078,583753,574190,570156,578650,578650,10
2025-10-02 14:35:47,15099,pairwise,LinkedCells,1.000000,lc_c04_HCP,none,SoA,disabled,1950774,1930768,1928846,1944672,1979539,1999737,1995341,2010036,2017466,1962954,1972013,1972013,10
2025-10-02 14:35:47,15109,pairwise,LinkedCells,1.000000,lc_c04_HCP,none,SoA,enabled,1960041,1942369,1956392,1946842,1933093,1924152,1957797,1972025,2014539,2017197,1962444,1962444,10
2025-10-02 14:35:47,15119,pairwise,LinkedCells,1.000000,lc_c04_combined_SoA,none,SoA,disabled,2470384,2452496,2449460,2433600,2440465,2443428,2469178,2527602,2498733,2437355,2462269,2462269,10
2025-10-02 14:35:47,15129,pairwise,LinkedCells,1.000000,lc_c04_combined_SoA,none,SoA,enabled,2248757,2237940,2239510,2232473,2249119,2260591,2272427,2290546,2325584,2289010,2264595,2264595,10
2025-10-02 14:35:47,15139,pairwise,LinkedCells,1.000000,lc_c08,none,AoS,disabled,1907591,1865529,1852645,1856401,1795495,1802001,1784013,1785617,1788202,1793547,1823103,1823103,10
2025-10-02 14:35:47,15149,pairwise,LinkedCells,1.000000,lc_c08,none,AoS,enabled,1790272,1822591,1827104,1789912,1822337,1856038,1816317,1786342,1791983,1787168,1809006,1809006,10
2025-10-02 14:35:48,15159,pairwise,LinkedCells,1.000000,lc_c08,none,SoA,disabled,3005886,3058390,3050694,3002377,3062460,3055365,2999399,3011406,3004339,3055958,3030627,3030627,10
2025-10-02 14:35:48,15169,pairwise,LinkedCells,1.000000,lc_c08,none,SoA,enabled,3064550,3015922,3001417,2994859,3005428,3043266,2974803,2998756,3028120,3035982,3016310,3016310,10
2025-10-02 14:35:48,15179,pairwise,LinkedCells,1.000000,lc_c18,none,AoS,disabled,1911617,1870493,1907485,1887535,1866135,1888684,1899069,1874752,1873876,1875738,1885537,1885537,10
2025-10-02 14:35:48,15189,pairwise,LinkedCells,1.000000,lc_c18,none,AoS,enabled,1872696,1863416,1907785,1913675,1868788,1858605,1865782,1878892,1856349,1876037,1876202,1876202,10
2025-10-02 14:35:48,15199,pairwise,LinkedCells,1.000000,lc_c18,none,SoA,disabled,2497042,2538593,2549622,2508514,2520557,2586724,2534501,2534930,2548962,2560872,2538031,2538031,10
2025-10-02 14:35:48,15209,pairwise,LinkedCells,1.000000,lc_c18,none,SoA,enabled,2556834,2506021,2502045,2519024,2547532,2556069,2550701,2494576,2537421,2542107,2531232,2531232,10
2025-10-02 14:35:48,15219,pairwise,LinkedCells,1.000000,lc_sliced,none,AoS,disabled,495574,456771,429987,424237,426810,428395,424039,418735,419963,422369,434687,434687,10
2025-10-02 14:35:48,15229,pairwise,LinkedCells,1.000000,lc_sliced,none,AoS,enabled,514110,423601,425396,424043,421093,421359,427271,426800,429444,419889,433299,433299,10
2025-10-02 14:35:48,15239,pairwise,LinkedCells,1.000000,lc_sliced,none,SoA,disabled,1919608,1649364,1619846,1697514,1620926,1616665,1754975,1632505,1610918,1626307,1674862,1674862,10
2025-10-02 14:35:48,15249,pairwise,LinkedCells,1.000000,lc_sliced,none,SoA,enabled,1710757,1844762,1625598,1631954,1625223,1621398,1628883,1613014,1621771,1624774,1654813,1654813,10
2025-10-02 14:35:48,15259,pairwise,LinkedCells,1.000000,lc_sliced_balanced,none,AoS,disabled,460391,445833,432831,431216,433031,425434,424236,422212,422219,429210,432661,432661,10
2025-10-02 14:35:48,15269,pairwise,LinkedCells,1.000000,lc_sliced_balanced,none,AoS,enabled,422337,426350,426529,426400,432007,430561,428616,427101,430616,427650,427816,427816,10
2025-10-02 14:35:48,15279,pairwise,LinkedCells,1.000000,lc_sliced_balanced,none,SoA,disabled,1673376,1574853,1559079,1556292,1540682,1542900,1542476,1538019,1555611,1549240,1563252,1563252,10
2025-10-02 14:35:48,15289,pairwise,LinkedCells,1.000000,lc_sliced_balanced,none,SoA,enabled,1616826,1562899,1557932,1559047,1584446,1583916,1550466,1555708,1550721,1548007,1566996,1566996,10
2025-10-02 14:35:48,15299,pairwise,LinkedCells,1.000000,lc_sliced_balanced,squared-particles-per-cell,AoS,disabled,1299022,1096719,1065217,1042380,1048982,1049097,1051311,1049032,1041676,1044143,1078757,1078757,10
2025-10-02 14:35:48,15309,pairwise,LinkedCells,1.000000,lc_sliced_balanced,squared-particles-per-cell,AoS,enabled,1055714,1043142,1044477,1042992,1042877,1039057,1042422,1039079,1042078,1039641,1043147,1043147,10
2025-10-02 14:35:48,15319,pairwise,LinkedCells,1.000000,lc_sliced_balanced,squared-particles-per-cell,SoA,disabled,3606415,3614933,3524401,3509218,3652235,3619313,3494476,3491141,3538616,3513543,3556429,3556429,10
2025-10-02 14:35:48,15329,pairwise,LinkedCells,1.000000,lc_sliced_balanced,squared-particles-per-cell,SoA,enabled,3603207,3524119,3522839,3577246,3522308,3500266,3488744,3500596,3500774,3608081,3534817,3534817,10
2025-10-02 14:35:48,15339,pairwise,LinkedCells,1.000000,lc_sliced_c02,none,AoS,disabled,581662,478210,436680,427185,413238,413090,412747,416141,415956,419237,441414,441414,10
2025-10-02 14:35:48,15349,pairwise,LinkedCells,1.000000,lc_sliced_c02,none,AoS,enabled,412962,412283,413850,416895,414727,410905,412407,409732,416133,417568,413745,413745,10
2025-10-02 14:35:48,15359,pairwise,LinkedCells,1.000000,lc_sliced_c02,none,SoA,disabled,1785615,1657751,1620859,1613303,1623800,1619217,1622388,1641730,1623107,1608013,1641578,1641578,10
2025-10-02 14:35:48,15369,pairwise,LinkedCells,1.000000,lc_sliced_c02,none,SoA,enabled,1733652,1620690,1603806,1617835,1629910,1601974,1614065,1616723,1622573,1605890,1626711,1626711,10
2025-10-02 14:35:48,15379,pairwise,VerletClusterLists,1.000000,vcl_c01_balanced,none,AoS,disabled,173192,65051,62411,61717,60817,61143,65207,62052,61943,61254,73478,73478,10
2025-10-02 14:35:48,15389,pairwise,VerletClusterLists,1.000000,vcl_c01_balanced,none,SoA,disabled,119161,72248,77796,70685,70930,67253,69833,71884,68927,73012,76172,76172,10
2025-10-02 14:35:48,15399,pairwise,VerletClusterLists,1.000000,vcl_c06,none,AoS,disabled,118684,85691,82019,85435,79981,84833,82947,83050,79904,80079,86261,86261,10
2025-10-02 14:35:48,15409,pairwise,VerletClusterLists,1.000000,vcl_c06,none,AoS,enabled,110118,78511,76061,78082,76813,77500,76417,81982,76898,75980,80835,80835,10
2025-10-02 14:35:48,15419,pairwise,VerletClusterLists,1.000000,vcl_c06,none,SoA,disabled,124032,92588,91093,89702,92346,91315,89839,93554,93437,90915,94881,94881,10
2025-10-02 14:35:48,15429,pairwise,VerletClusterLists,1.000000,vcl_c06,none,SoA,enabled,120135,88249,89483,85533,94692,91240,87038,90165,86043,86994,91956,91956,10
2025-10-02 14:35:48,15439,pairwise,VerletClusterLists,1.000000,vcl_sliced,none,AoS,disabled,105167,65012,65158,67887,67546,66096,70467,61343,61497,71117,70128,70128,10
2025-10-02 14:35:48,15449,pairwise,VerletClusterLists,1.000000,vcl_sliced,none,AoS,enabled,90381,59232,57981,59479,58166,63518,61387,61224,55737,55987,62309,62309,10
2025-10-02 14:35:48,15459,pairwise,VerletClusterLists,1.000000,vcl_sliced,none,SoA,disabled,107901,73703,72375,72317,69309,73114,72598,71081,68467,76786,75764,75764,10
2025-10-02 14:35:48,15469,pairwise,VerletClusterLists,1.000000,vcl_sliced,none,SoA,enabled,97469,69661,68563,69767,69546,74440,69677,70871,74540,74021,73854,73854,10
2025-10-02 14:35:48,15479,pairwise,VerletClusterLists,1.000000,vcl_sliced_balanced,none,AoS,disabled,105814,67766,65655,67381,66459,66122,66862,68139,66324,67558,70807,70807,10
2025-10-02 14:35:48,15489,pairwise,VerletClusterLists,1.000000,vcl_sliced_balanced,none,AoS,enabled,93077,63172,62932,59912,59815,59507,58302,58013,59240,63052,63701,63701,10
2025-10-02 14:35:48,15499,pairwise,VerletClusterLists,1.000000,vcl_sliced_balanced,none,SoA,disabled,107832,77542,74765,76851,72602,75095,72134,73877,79098,81180,79096,79096,10
2025-10-02 14:35:48,15509,pairwise,VerletClusterLists,1.000000,vcl_sliced_balanced,none,SoA,enabled,104936,83485,72524,75287,72893,75757,74834,77361,80990,74227,79229,79229,10
2025-10-02 14:35:48,15519,pairwise,VerletClusterLists,1.000000,vcl_sliced_balanced,neighbor-list-length,AoS,disabled,135330,67498,66290,73050,66844,65945,70896,65910,67192,64443,74339,74339,10
2025-10-02 14:35:48,15529,pairwise,VerletClusterLists,1.000000,vcl_sliced_balanced,neighbor-list-length,AoS,enabled,91248,59167,58415,59765,60913,59361,58688,62605,58732,58734,62762,62762,10
2025-10-02 14:35:48,15539,pairwise,VerletClusterLists,1.000000,vcl_sliced_balanced,neighbor-list-length,SoA,disabled,112060,77463,77450,75977,74648,74442,74221,75799,74333,78303,79469,79469,10
2025-10-02 14:35:48,15549,pairwise,VerletClusterLists,1.000000,vcl_sliced_balanced,neighbor-list-length,SoA,enabled,105304,73776,72810,72786,72995,76366,77129,73640,72853,69400,76705,76705,10
2025-10-02 14:35:48,15559,pairwise,VerletClusterLists,1.000000,vcl_sliced_c02,none,AoS,disabled,124260,65516,64172,61026,61325,60888,61051,58817,62567,63828,68344,68344,10
2025-10-02 14:35:48,15569,pairwise,VerletClusterLists,1.000000,vcl_sliced_c02,none,AoS,enabled,87411,56225,55829,56940,58229,60168,56405,56921,56278,55950,60034,60034,10
2025-10-02 14:35:48,15579,pairwise,VerletClusterLists,1.000000,vcl_sliced_c02,none,SoA,disabled,107200,71334,69733,71589,69061,71792,68974,68854,68221,70076,73683,73683,10
2025-10-02 14:35:48,15589,pairwise,VerletClusterLists,1.000000,vcl_sliced_c02,none,SoA,enabled,99580,69050,69100,70617,69658,78923,70484,70659,69476,70988,73853,73853,10
2025-10-02 14:35:48,15599,pairwise,VerletLists,1.000000,vl_list_iteration,none,AoS,disabled,3905356,57945,55931,56838,55128,55170,56650,51906,52773,53103,440079,440079,10
2025-10-02 14:35:48,15609,pairwise,VerletLists,1.000000,vl_list_iteration,none,SoA,disabled,7337519,1632967,1629884,1627267,1581605,1584292,1591334,1591306,1586347,1588336,2175085,2175085,10
2025-10-02 14:35:48,15619,pairwise,VerletListsCells,1.000000,vlc_c01,none,AoS,disabled,22090483,1526137,1524648,1524611,1525152,1528026,1524650,1525490,1524762,1515554,3580950,3580950,10
2025-10-02 14:35:48,15629,pairwise,VerletListsCells,1.000000,vlc_c01,none,SoA,disabled,26875886,3062712,3030565,2934968,3018898,3107758,3028178,2937135,3073795,3062720,5413261,5413261,10
2025-10-02 14:35:48,15639,pairwise,VerletListsCells,1.000000,vlc_c18,none,AoS,disabled,14370934,1848925,1849300,1914174,1841512,1849630,1900910,1886079,1866549,1847188,3117519,3117519,10
2025-10-02 14:35:48,15649,pairwise,VerletListsCells,1.000000,vlc_c18,none,AoS,enabled,14014637,1843483,1841468,1849294,1846129,1843243,1842656,1911304,1843123,1848297,3068362,3068362,10
2025-10-02 14:35:48,15659,pairwise,VerletListsCells,1.000000,vlc_c18,none,SoA,disabled,18392345,3362076,3280796,3333006,3306434,3338664,3344276,3375314,3310802,3361890,4840559,4840559,10
2025-10-02 14:35:48,15669,pairwise,VerletListsCells,1.000000,vlc_c18,none,SoA,enabled,18111332,3403471,3473422,3424641,3373076,3375349,3372290,3377525,3388444,3370696,4867023,4867023,10
2025-10-02 14:35:48,15679,pairwise,VerletListsCells,1.000000,vlc_c08,none,AoS,disabled,10517380,1699258,1690980,1691239,1694785,1690677,1690430,1753288,1745734,1700887,2587465,2587465,10
2025-10-02 14:35:48,15689,pairwise,VerletListsCells,1.000000,vlc_c08,none,AoS,enabled,10152813,1717095,1692741,1692293,1686985,1696206,1696043,1713179,1724523,1690895,2546276,2546276,10
2025-10-02 14:35:48,15699,pairwise,VerletListsCells,1.000000,vlc_c08,none,SoA,disabled,14509332,3286804,3268653,3272191,3266575,3282732,3294965,3273427,3268223,3268355,4399125,4399125,10
2025-10-02 14:35:49,15709,pairwise,VerletListsCells,1.000000,vlc_c08,none,SoA,enabled,14186721,3289270,3361684,3333042,3243421,3311506,3278895,3267419,3265142,3270774,4380787,4380787,10
2025-10-02 14:35:49,15719,pairwise,VerletListsCells,1.000000,vlc_sliced,none,AoS,disabled,12807587,103675,101505,97192,99347,100140,97267,97278,97196,96498,1369767,1369767,10
2025-10-02 14:35:49,15729,pairwise,VerletListsCells,1.000000,vlc_sliced,none,AoS,enabled,12440085,98171,98867,96920,98428,97523,98542,97130,98235,98123,1332202,1332202,10
2025-10-02 14:35:49,15739,pairwise,VerletListsCells,1.000000,vlc_sliced,none,SoA,disabled,17242795,1792399,1783321,1780418,1782382,1763918,1713432,1699936,1710686,1705909,3297519,3297519,10
2025-10-02 14:35:49,15749,pairwise,VerletListsCells,1.000000,vlc_sliced,none,SoA,enabled,16571749,1787485,1727411,1718752,1714536,1692676,1777426,1711789,1755695,1761976,3221949,3221949,10
2025-10-02 14:35:49,15759,pairwise,VerletListsCells,1.000000,vlc_sliced_balanced,none,AoS,disabled,13009994,104684,101103,101602,101156,102177,102235,101574,101272,102672,1392846,1392846,10
2025-10-02 14:35:49,15769,pairwise,VerletListsCells,1.000000,vlc_sliced_balanced,none,AoS,enabled,12470342,105139,102352,102190,105193,103254,102774,103159,104383,106311,1340509,1340509,10
2025-10-02 14:35:49,15779,pairwise,VerletListsCells,1.000000,vlc_sliced_balanced,none,SoA,disabled,17022496,1780646,1714497,1722480,1699676,1674701,1704389,1726723,1719080,1722945,3248762,3248762,10
2025-10-02 14:35:49,15789,pairwise,VerletListsCells,1.000000,vlc_sliced_balanced,none,SoA,enabled,16646458,1746692,1529898,1717940,1721680,1738905,1773089,1709667,1634577,1713076,3193197,3193197,10
2025-10-02 14:35:49,15799,pairwise,VerletListsCells,1.000000,vlc_sliced_balanced,squared-particles-per-cell,AoS,disabled,12242379,175089,167059,167960,169455,164067,165197,163853,164907,163278,1374323,1374323,10
2025-10-02 14:35:49,15809,pairwise,VerletListsCells,1.000000,vlc_sliced_balanced,squared-particles-per-cell,AoS,enabled,12757094,173386,174480,176623,167661,163432,165808,167795,167908,164661,1427884,1427884,10
2025-10-02 14:35:49,15819,pairwise,VerletListsCells,1.000000,vlc_sliced_balanced,squared-particles-per-cell,SoA,disabled,16817531,1696391,1756775,1757736,1625604,1713350,1717318,1705962,1675483,1707629,3217377,3217377,10
2025-10-02 14:35:49,15829,pairwise,VerletListsCells,1.000000,vlc_sliced_balanced,squared-particles-per-cell,SoA,enabled,16640005,1644326,1703096,1705465,1723585,1687200,1617324,1717964,1715078,1765600,3191963,3191963,10
2025-10-02 14:35:49,15839,pairwise,VerletListsCells,1.000000,vlc_sliced_balanced,neighbor-list-length,AoS,disabled,12470520,206458,201007,197605,204491,191012,192554,190107,190291,196528,1424056,1424056,10
2025-10-02 14:35:49,15849,pairwise,VerletListsCells,1.000000,vlc_sliced_balanced,neighbor-list-length,AoS,enabled,12983369,205062,192740,191948,192204,192044,196854,188524,188576,194034,1472535,1472535,10
2025-10-02 14:35:49,15859,pairwise,VerletListsCells,1.000000,vlc_sliced_balanced,neighbor-list-length,SoA,disabled,17122435,1771176,1695876,1674636,1721103,1758586,1777116,1726686,1725305,1764826,3273774,3273774,10
2025-10-02 14:35:49,15869,pairwise,VerletListsCells,1.000000,vlc_sliced_balanced,neighbor-list-length,SoA,enabled,17004777,1736007,1653464,1776046,1762071,1753768,1775219,1719153,1751294,1697322,3262911,3262911,10
2025-10-02 14:35:49,15879,pairwise,VerletListsCells,1.000000,vlc_sliced_c02,none,AoS,disabled,12332241,108794,101584,101823,98676,98520,98227,99894,96694,96810,1323325,1323325,10
2025-10-02 14:35:49,15889,pairwise,VerletListsCells,1.000000,vlc_sliced_c02,none,AoS,enabled,12833728,102631,97585,97858,97915,98284,96220,101274,99424,97674,1372258,1372258,10
2025-10-02 14:35:49,15899,pairwise,VerletListsCells,1.000000,vlc_sliced_c02,none,SoA,disabled,17098969,1762543,1667674,1603282,1733626,1759932,1723343,1739369,1755597,1650414,3249474,3249474,10
2025-10-02 14:35:49,15909,pairwise,VerletListsCells,1.000000,vlc_sliced_c02,none,SoA,enabled,16823377,1729686,1710078,1680565,1657585,1705112,1700440,1695519,1701840,1678585,3208278,3208278,10
2025-10-02 14:35:49,15919,pairwise,PairwiseVerletLists,1.000000,vlp_c01,none,AoS,disabled,16629592,1793610,1781476,1800314,1772860,1770723,1771281,1786822,1811192,1798230,3271609,3271609,10
2025-10-02 14:35:49,15929,pairwise,PairwiseVerletLists,1.000000,vlp_c01,none,SoA,disabled,31105098,3745384,3488588,3392576,3383558,3383583,3427327,3388709,3373458,3406724,6209500,6209500,10
2025-10-02 14:35:49,15939,pairwise,PairwiseVerletLists,1.000000,vlp_c18,none,AoS,disabled,15239725,2165399,2136839,2182660,2123828,2122872,2186177,2121066,2105622,2125000,3450918,3450918,10
2025-10-02 14:35:49,15949,pairwise,PairwiseVerletLists,1.000000,vlp_c18,none,AoS,enabled,15040251,2147870,2124915,2115672,2114230,2115924,2123978,2108996,2115164,2123243,3413024,3413024,10
2025-10-02 14:35:49,15959,pairwise,PairwiseVerletLists,1.000000,vlp_c18,none,SoA,disabled,35944302,4205117,4003686,3972714,3947613,3951106,3938450,3943286,3921659,3938541,7176647,7176647,10
2025-10-02 14:35:49,15969,pairwise,PairwiseVerletLists,1.000000,vlp_c18,none,SoA,enabled,36009810,4240196,4051244,3977811,3962521,3953212,3956010,3954893,3945398,3943299,7199439,7199439,10
2025-10-02 14:35:49,15979,pairwise,PairwiseVerletLists,1.000000,vlp_sliced,none,AoS,disabled,13788404,821123,752484,767035,729474,737875,743829,710951,745381,714472,2051102,2051102,10
2025-10-02 14:35:50,15989,pairwise,PairwiseVerletLists,1.000000,vlp_sliced,none,AoS,enabled,13596774,789955,748536,747287,718156,735618,730604,727740,730379,745761,2027080,2027080,10
2025-10-02 14:35:50,15999,pairwise,PairwiseVerletLists,1.000000,vlp_sliced,none,SoA,disabled,34926215,2910605,2699746,2703419,2695152,2677123,2658544,2675899,2766019,2775691,5948841,5948841,10
2025-10-02 14:35:50,16009,pairwise,PairwiseVerletLists,1.000000,vlp_sliced,none,SoA,enabled,34705446,3010717,2772569,2683309,2704221,2702319,2721052,2685039,2658665,2699539,5934287,5934287,10
2025-10-02 14:35:50,16019,pairwise,PairwiseVerletLists,1.000000,vlp_sliced_balanced,none,AoS,disabled,13728590,838925,808859,773874,747844,771021,766092,752564,767932,755802,2071150,2071150,10
2025-10-02 14:35:50,16029,pairwise,PairwiseVerletLists,1.000000,vlp_sliced_balanced,none,AoS,enabled,13614869,824868,791076,774782,769648,776515,758712,764361,766194,763706,2060472,2060472,10
2025-10-02 14:35:50,16039,pairwise,PairwiseVerletLists,1.000000,vlp_sliced_balanced,none,SoA,disabled,35053555,2885183,2684989,2580046,2594780,2579382,2553196,2531689,2575891,2659926,5869863,5869863,10
2025-10-02 14:35:50,16049,pairwise,PairwiseVerletLists,1.000000,vlp_sliced_balanced,none,SoA,enabled,35336804,2934600,2682167,2619195,2591201,2595182,2603271,2600065,2599977,2645548,5920800,5920800,10
2025-10-02 14:35:50,16059,pairwise,PairwiseVerletLists,1.000000,vlp_sliced_c02,none,AoS,disabled,13913640,956175,929638,900415,912316,892899,927789,902604,922474,911989,2216993,2216993,10
2025-10-02 14:35:50,16069,pairwise,PairwiseVerletLists,1.000000,vlp_sliced_c02,none,AoS,enabled,13766528,943374,925821,893605,893130,904506,897859,912132,892595,901345,2193088,2193088,10
2025-10-02 14:35:50,16079,pairwise,PairwiseVerletLists,1.000000,vlp_sliced_c02,none,SoA,disabled,34402338,3094015,2868428,2823454,2894673,2895899,2902900,2882742,2922562,2901857,6058886,6058886,10
2025-10-02 14:35:50,16089,pairwise,PairwiseVerletLists,1.000000,vlp_sliced_c02,none,SoA,enabled,34397517,3057506,2903219,2893528,2820669,2840176,2837552,2780682,2772629,2820564,6012403,6012403,10
2025-10-02 14:35:50,16099,pairwise,PairwiseVerletLists,1.000000,vlp_c08,none,AoS,disabled,16572347,3458483,3453121,3438540,3453809,3447782,3441852,3397148,3415005,3393841,4747192,4747192,10
2025-10-02 14:35:50,16109,pairwise,PairwiseVerletLists,1.000000,vlp_c08,none,AoS,enabled,15334479,2505319,2470767,2470958,2445781,2444768,2498726,2458688,2455059,2443122,3752766,3752766,10
2025-10-02 14:35:50,16119,pairwise,PairwiseVerletLists,1.000000,vlp_c08,none,SoA,disabled,37591795,6305989,6246754,6253039,6268049,6253012,6243497,6234230,6202157,6241705,9384022,9384022,10
2025-10-02 14:35:50,16129,pairwise,PairwiseVerletLists,1.000000,vlp_c08,none,SoA,enabled,36356972,4830782,4551041,4539552,4480763,4517746,4503840,4486940,4440819,4547781,7725623,7725623,10
2025-10-02 14:38:14,20009,pairwise,LinkedCells,1.000000,lc_c01,none,AoS,disabled,1674023,1650574,1630924,1610683,1613554,1612203,1610263,1615400,1613116,1615664,1624640,1624640,10
2025-10-02 14:38:14,20019,pairwise,LinkedCells,1.000000,lc_c01,none,SoA,disabled,2697265,2615358,2602051,2614724,2587140,2556207,2584069,2580134,2562422,2575109,2597447,2597447,10
2025-10-02 14:38:14,20029,pairwise,LinkedCells,1.000000,lc_c01_combined_SoA,none,SoA,disabled,2316406,2277606,2210009,2227952,2231910,2382541,2439580,2233734,2252360,2236217,2280830,2280830,10
2025-10-02 14:38:14,20039,pairwise,LinkedCells,1.000000,lc_c04,none,AoS,disabled,633574,605018,605570,607229,603807,607794,611665,598575,606606,606179,608601,608601,10
2025-10-02 14:38:14,20049,pairwise,LinkedCells,1.000000,lc_c04,none,AoS,enabled,585561,576105,575126,583331,578773,577545,572909,584530,572600,578978,578545,578545,10
2025-10-02 14:38:14,20059,pairwise,LinkedCells,1.000000,lc_c04,none,SoA,disabled,1821989,1733842,1743584,1726531,1716544,1724771,1720938,1772639,1779471,1754712,1749502,1749502,10
2025-10-02 14:38:14,20069,pairwise,LinkedCells,1.000000,lc_c04,none,SoA,enabled,1767747,1752437,1727756,1708151,1700192,1700602,1700134,1693445,1704971,1704844,1716027,1716027,10
2025-10-02 14:38:14,20079,pairwise,LinkedCells,1.000000,lc_c04_HCP,none,AoS,disabled,699948,678768,675588,663512,653043,641152,635525,636307,639706,640163,656370,656370,10
2025-10-02 14:38:14,20089,pairwise,LinkedCells,1.000000,lc_c04_HCP,none,AoS,enabled,619755,611705,618129,618040,620286,609772,619059,602736,599150,599028,611765,611765,10
2025-10-02 14:38:14,20099,pairwise,LinkedCells,1.000000,lc_c04_HCP,none,SoA,disabled,1992458,1948600,1971146,1931860,1950622,1956761,1957130,1949298,1952812,1990606,1960129,1960129,10
2025-10-02 14:38:14,20109,pairwise,LinkedCells,1.000000,lc_c04_HCP,none,SoA,enabled,1985219,2018236,2002869,1978059,1982024,1958838,1946460,1949021,1941109,1959937,1972177,1972177,10
2025-10-02 14:38:14,20119,pairwise,LinkedCells,1.000000,lc_c04_combined_SoA,none,SoA,disabled,2527084,2503887,2608606,2710978,2483749,2544761,2500089,2498411,2496086,2502024,2537567,2537567,10
2025-10-02 14:38:14,20129,pairwise,LinkedCells,1.000000,lc_c04_combined_SoA,none,SoA,enabled,2329068,2413602,2308619,2311360,2317285,2347646,2353243,2325780,2313268,2380206,2340007,2340007,10
2025-10-02 14:38:14,20139,pairwise,LinkedCells,1.000000,lc_c08,none,AoS,disabled,2195756,1961260,1896676,1906380,1895163,1894262,1841890,1837483,1893821,1818483,1914117,1914117,10
2025-10-02 14:38:14,20149,pairwise,LinkedCells,1.000000,lc_c08,none,AoS,enabled,1829780,1827422,1825587,1827539,1805902,1816321,1861697,1811312,1860729,1818737,1828502,1828502,10
2025-10-02 14:38:14,20159,pairwise,LinkedCells,1.000000,lc_c08,none,SoA,disabled,3040386,3085644,3101496,3080265,3007782,3046394,3084010,3074229,3010566,3034956,3056572,3056572,10
2025-10-02 14:38:14,20169,pairwise,LinkedCells,1.000000,lc_c08,none,SoA,enabled,3073618,3075792,3061419,3069541,3064268,3069625,3064290,3015646,3034497,3010820,3053951,3053951,10
2025-10-02 14:38:14,20179,pairwise,LinkedCells,1.000000,lc_c18,none,AoS,disabled,2018243,1939882,1982689,1948024,1923729,1928186,1927550,1934365,1932854,1921885,1945739,1945739,10
2025-10-02 14:38:14,20189,pairwise,LinkedCells,1.000000,lc_c18,none,AoS,enabled,1930443,1915356,1908194,1893742,1958031,1911347,1929164,1899859,1886122,1915516,1914776,1914776,10
2025-10-02 14:38:14,20199,pairwise,LinkedCells,1.000000,lc_c18,none,SoA,disabled,2511474,2578206,2558965,2535712,2662116,2598972,2586248,2525114,2527238,2572983,2565702,2565702,10
2025-10-02 14:38:14,20209,pairwise,LinkedCells,1.000000,lc_c18,none,SoA,enabled,2595847,2579003,2546745,2519390,2516373,2534912,2575774,2509491,2570635,2555709,2550387,2550387,10
2025-10-02 14:38:14,20219,pairwise,LinkedCells,1.000000,lc_sliced,none,AoS,disabled,541269,501549,515578,503291,491911,493919,497214,493975,492673,495329,502670,502670,10
2025-10-02 14:38:14,20229,pairwise,LinkedCells,1.000000,lc_sliced,none,AoS,enabled,566685,471099,470705,478036,471545,460886,471339,471433,464877,473061,479966,479966,10
2025-10-02 14:38:14,20239,pairwise,LinkedCells,1.000000,lc_sliced,none,SoA,disabled,1956068,1667258,1710191,1718388,1732414,1695736,1658776,1663811,1665554,1639760,1710795,1710795,10
2025-10-02 14:38:14,20249,pairwise,LinkedCells,1.000000,lc_sliced,none,SoA,enabled,1689811,1646621,1675125,1639239,1634747,1615424,1630678,1614143,1649613,1645141,1644054,1644054,10
2025-10-02 14:38:14,20259,pairwise,LinkedCells,1.000000,lc_sliced_balanced,none,AoS,disabled,515991,512691,503002,501152,495299,490924,490147,488362,487736,485331,497063,497063,10
2025-10-02 14:38:14,20269,pairwise,LinkedCells,1.000000,lc_sliced_balanced,none,AoS,enabled,500143,473791,468704,467445,463434,465350,466264,464598,464346,465672,469974,469974,10
2025-10-02 14:38:14,20279,pairwise,LinkedCells,1.000000,lc_sliced_balanced,none,SoA,disabled,1671985,1604737,1590733,1585097,1577217,1584356,1578082,1575822,1602510,1577780,1594831,1594831,10
2025-10-02 14:38:14,20289,pairwise,LinkedCells,1.000000,lc_sliced_balanced,none,SoA,enabled,1699612,1584170,1583961,1571234,1580403,1575561,1579477,1570009,1573517,1577025,1589496,1589496,10
2025-10-02 14:38:14,20299,pairwise,LinkedCells,1.000000,lc_sliced_balanced,squared-particles-per-cell,AoS,disabled,3247696,2902298,2729067,2653372,2650063,2643453,2680288,2643444,2651953,2666778,2746840,2746840,10
2025-10-02 14:38:14,20309,pairwise,LinkedCells,1.000000,lc_sliced_balanced,squared-particles-per-cell,AoS,enabled,2714195,2542665,2521924,2513402,2514853,2517610,2522817,2529230,2523173,2510216,2541008,2541008,10
2025-10-02 14:38:14,20319,pairwise,LinkedCells,1.000000,lc_sliced_balanced,squared-particles-per-cell,SoA,disabled,7480798,7394088,7338989,7365465,7343168,7379854,7347975,7292557,7254517,7281008,7347841,7347841,10
2025-10-02 14:38:14,20329,pairwise,LinkedCells,1.000000,lc_sliced_balanced,squared-particles-per-cell,SoA,enabled,7294783,7321494,7330446,7281817,7300380,7410423,7229401,7349374,7289718,7300483,7310831,7310831,10
2025-10-02 14:38:15,20339,pairwise,LinkedCells,1.000000,lc_sliced_c02,none,AoS,disabled,699200,554914,510518,506995,497553,497936,501532,495846,482233,489540,523626,523626,10
2025-10-02 14:38:15,20349,pairwise,LinkedCells,1.000000,lc_sliced_c02,none,AoS,enabled,469591,468733,463582,463773,466529,479236,474634,471895,466213,465978,469015,469015,10
2025-10-02 14:38:15,20359,pairwise,LinkedCells,1.000000,lc_sliced_c02,none,SoA,disabled,1848301,1682864,1685069,1653992,1656233,1627972,1654378,1636804,1637627,1647611,1673084,1673084,10
2025-10-02 14:38:15,20369,pairwise,LinkedCells,1.000000,lc_sliced_c02,none,SoA,enabled,1752154,1696614,1727964,1666343,1645009,1638350,1624615,1644633,1655510,1621032,1667221,1667221,10
2025-10-02 14:38:15,20379,pairwise,VerletClusterLists,1.000000,vcl_c01_balanced,none,AoS,disabled,571846,270134,261151,259540,262066,259247,257200,256730,258412,259493,291581,291581,10
2025-10-02 14:38:15,20389,pairwise,VerletClusterLists,1.000000,vcl_c01_balanced,none,SoA,disabled,297692,154155,148020,151694,143645,144852,144543,146604,144240,142863,161830,161830,10
2025-10-02 14:38:15,20399,pairwise,VerletClusterLists,1.000000,vcl_c06,none,AoS,disabled,402829,286942,285992,289420,289497,283429,286317,277563,281217,283449,296665,296665,10
2025-10-02 14:38:15,20409,pairwise,VerletClusterLists,1.000000,vcl_c06,none,AoS,enabled,269177,191987,186948,182877,181717,187475,180796,178866,180726,177044,191760,191760,10
2025-10-02 14:38:15,20419,pairwise,VerletClusterLists,1.000000,vcl_c06,none,SoA,disabled,289515,180724,181250,179420,180762,177651,174512,178759,173466,173095,188914,188914,10
2025-10-02 14:38:15,20429,pairwise,VerletClusterLists,1.000000,vcl_c06,none,SoA,enabled,222285,140027,137891,140433,140200,137626,139277,137204,135782,141888,147261,147261,10
2025-10-02 14:38:15,20439,pairwise,VerletClusterLists,1.000000,vcl_sliced,none,AoS,disabled,351644,225606,212915,232141,231769,226553,207846,207967,227147,209336,233292,233292,10
2025-10-02 14:38:15,20449,pairwise,VerletClusterLists,1.000000,vcl_sliced,none,AoS,enabled,225045,146655,142692,134023,132667,136909,143273,131691,138388,140554,147189,147189,10
2025-10-02 14:38:15,20459,pairwise,VerletClusterLists,1.000000,vcl_sliced,none,SoA,disabled,243255,124492,123872,125508,123578,132087,117349,118621,124432,119916,135310,135310,10
2025-10-02 14:38:15,20469,pairwise,VerletClusterLists,1.000000,vcl_sliced,none,SoA,enabled,193557,102121,100053,101195,106380,99819,95341,96537,97146,95143,108728,108728,10
2025-10-02 14:38:15,20479,pairwise,VerletClusterLists,1.000000,vcl_sliced_balanced,none,AoS,disabled,353833,239761,235534,229309,238201,231123,232225,232166,231019,228524,245168,245168,10
2025-10-02 14:38:15,20489,pairwise,VerletClusterLists,1.000000,vcl_sliced_balanced,none,AoS,enabled,228570,143541,144194,141786,141232,147486,146607,142961,142497,151344,153021,153021,10
2025-10-02 14:38:15,20499,pairwise,VerletClusterLists,1.000000,vcl_sliced_balanced,none,SoA,disabled,245032,130644,125871,149580,123016,123147,127161,123529,124685,123316,139597,139597,10
2025-10-02 14:38:15,20509,pairwise,VerletClusterLists,1.000000,vcl_sliced_balanced,none,SoA,enabled,189179,122696,110956,104317,104360,102271,105352,107852,105571,99968,115252,115252,10
2025-10-02 14:38:15,20519,pairwise,VerletClusterLists,1.000000,vcl_sliced_balanced,neighbor-list-length,AoS,disabled,443240,234774,234209,237178,236491,238026,236791,232833,235441,230830,255980,255980,10
2025-10-02 14:38:15,20529,pairwise,VerletClusterLists,1.000000,vcl_sliced_balanced,neighbor-list-length,AoS,enabled,232094,149288,147569,148047,144137,146756,145315,145752,146935,148735,155462,155462,10
2025-10-02 14:38:15,20539,pairwise,VerletClusterLists,1.000000,vcl_sliced_balanced,neighbor-list-length,SoA,disabled,255779,137699,146886,132308,124198,121617,123091,125221,126808,124659,141826,141826,10
2025-10-02 14:38:15,20549,pairwise,VerletClusterLists,1.000000,vcl_sliced_balanced,neighbor-list-length,SoA,enabled,192616,106810,102848,103933,99934,106330,113170,102580,100423,101179,112982,112982,10
2025-10-02 14:38:15,20559,pairwise,VerletClusterLists,1.000000,vcl_sliced_c02,none,AoS,disabled,477304,281034,276902,273588,265095,262579,261932,260721,268890,265737,289377,289377,10
2025-10-02 14:38:15,20569,pairwise,VerletClusterLists,1.000000,vcl_sliced_c02,none,AoS,enabled,255064,164264,163612,169195,166520,170577,161539,160618,161984,158649,173201,173201,10
2025-10-02 14:38:15,20579,pairwise,VerletClusterLists,1.000000,vcl_sliced_c02,none,SoA,disabled,273636,149427,140903,139509,140522,141549,146061,137276,147551,134461,155088,155088,10
2025-10-02 14:38:15,20589,pairwise,VerletClusterLists,1.000000,vcl_sliced_c02,none,SoA,enabled,207173,114503,112565,112668,110464,114369,108637,110920,107984,106723,120600,120600,10
2025-10-02 14:38:15,20599,pairwise,VerletLists,1.000000,vl_list_iteration,none,AoS,disabled,4017415,68027,67150,69236,69851,65091,65639,66669,67729,68295,462509,462509,10
2025-10-02 14:38:15,20609,pairwise,VerletLists,1.000000,vl_list_iteration,none,SoA,disabled,7635993,1535320,1588620,1616651,1636002,1596753,1606092,1541040,1522797,1586549,2186581,2186581,10
2025-10-02 14:38:15,20619,pairwise,VerletListsCells,1.000000,vlc_c01,none,AoS,disabled,22014320,1569489,1529144,1577497,1532279,1526538,1528158,1525750,1524303,1533823,3586129,3586129,10
2025-10-02 14:38:15,20629,pairwise,VerletListsCells,1.000000,vlc_c01,none,SoA,disabled,27169032,2999302,2928912,2999125,2965388,2962411,3019708,3109991,3127100,3053360,5433432,5433432,10
2025-10-02 14:38:15,20639,pairwise,VerletListsCells,1.000000,vlc_c18,none,AoS,disabled,14743514,1862142,1860035,1856779,1863108,1862570,1863303,1856785,1861304,1859892,3148942,3148942,10
2025-10-02 14:38:15,20649,pairwise,VerletListsCells,1.000000,vlc_c18,none,AoS,enabled,14323539,1851888,1846353,1848964,1913886,1853581,1854037,1851619,1844288,1847654,3103580,3103580,10
2025-10-02 14:38:15,20659,pairwise,VerletListsCells,1.000000,vlc_c18,none,SoA,disabled,19401601,3482733,3375720,3376847,3379219,3389533,3384188,3385930,3457777,3397599,5003113,5003113,10
2025-10-02 14:38:15,20669,pairwise,VerletListsCells,1.000000,vlc_c18,none,SoA,enabled,18612784,3389777,3376085,3389102,3382985,3366258,3466061,3386747,3447596,3381880,4919927,4919927,10
2025-10-02 14:38:15,20679,pairwise,VerletListsCells,1.000000,vlc_c08,none,AoS,disabled,10754592,1710920,1704040,1700636,1703553,1704334,1703186,1699235,1703209,1704694,2608839,2608839,10
2025-10-02 14:38:15,20689,pairwise,VerletListsCells,1.000000,vlc_c08,none,AoS,enabled,10280348,1704922,1697105,1700112,1691327,1710233,1738931,1757529,1692262,1691900,2566466,2566466,10
2025-10-02 14:38:15,20699,pairwise,VerletListsCells,1.000000,vlc_c08,none,SoA,disabled,15006441,3273073,3250348,3241187,3266298,3265556,3271667,3273658,3263724,3268689,4438064,4438064,10
2025-10-02 14:38:15,20709,pairwise,VerletListsCells,1.000000,vlc_c08,none,SoA,enabled,14654303,3317793,3137994,3245276,3246578,3316035,3210412,3246189,3250823,3232402,4385780,4385780,10
2025-10-02 14:38:15,20719,pairwise,VerletListsCells,1.000000,vlc_sliced,none,AoS,disabled,12886282,157037,151659,144663,138241,137184,137623,145131,142055,139324,1417919,1417919,10
2025-10-02 14:38:15,20729,pairwise,VerletListsCells,1.000000,vlc_sliced,none,AoS,enabled,12513399,137015,117388,120885,125224,117446,122694,119151,113817,114670,1360168,1360168,10
2025-10-02 14:38:15,20739,pairwise,VerletListsCells,1.000000,vlc_sliced,none,SoA,disabled,17562831,1757707,1759905,1694325,1759747,1760594,1750009,1809553,1724509,1740617,3331979,3331979,10
2025-10-02 14:38:15,20749,pairwise,VerletListsCells,1.000000,vlc_sliced,none,SoA,enabled,17040081,1781646,1772937,1788772,1721552,1661654,1561519,1769049,1721867,1755035,3257410,3257410,10
2025-10-02 14:38:15,20759,pairwise,VerletListsCells,1.000000,vlc_sliced_balanced,none,AoS,disabled,12954760,148603,144446,146671,138654,139242,139810,139810,139405,141148,1423254,1423254,10
2025-10-02 14:38:15,20769,pairwise,VerletListsCells,1.000000,vlc_sliced_balanced,none,AoS,enabled,12521097,128994,120691,123033,118049,117081,119720,118899,117599,116461,1360161,1360161,10
2025-10-02 14:38:15,20779,pairwise,VerletListsCells,1.000000,vlc_sliced_balanced,none,SoA,disabled,17632784,1695175,1742385,1784358,1745034,1718905,1728134,1756165,1755061,1798921,3335691,3335691,10
2025-10-02 14:38:15,20789,pairwise,VerletListsCells,1.000000,vlc_sliced_balanced,none,SoA,enabled,16933318,1754890,1657122,1579766,1803685,1748138,1726133,1788216,1789173,1735508,3251594,3251594,10
2025-10-02 14:38:15,20799,pairwise,VerletListsCells,1.000000,vlc_sliced_balanced,squared-particles-per-cell,AoS,disabled,12534251,284522,282443,281834,284089,278502,279458,283443,270937,272902,1505237,1505237,10
2025-10-02 14:38:15,20809,pairwise,VerletListsCells,1.000000,vlc_sliced_balanced,squared-particles-per-cell,AoS,enabled,12982722,272131,272934,275530,272856,270372,275717,271361,275516,279017,1544815,1544815,10
2025-10-02 14:38:15,20819,pairwise,VerletListsCells,1.000000,vlc_sliced_balanced,squared-particles-per-cell,SoA,disabled,17698623,1999009,2055025,2071993,2012765,1994616,1984295,1965393,1934051,1992128,3570789,3570789,10
2025-10-02 14:38:15,20829,pairwise,VerletListsCells,1.000000,vlc_sliced_balanced,squared-particles-per-cell,SoA,enabled,17062072,1979860,1958951,1989664,1996043,1967201,1917863,2033482,1999954,2010708,3491579,3491579,10
2025-10-02 14:38:16,20839,pairwise,VerletListsCells,1.000000,vlc_sliced_balanced,neighbor-list-length,AoS,disabled,12515752,366805,360650,357934,359023,357114,360772,357436,356169,356333,1574798,1574798,10
2025-10-02 14:38:16,20849,pairwise,VerletListsCells,1.000000,vlc_sliced_balanced,neighbor-list-length,AoS,enabled,12610739,354123,348746,345714,346573,346435,342499,345876,345222,347906,1573382,1573382,10
2025-10-02 14:38:16,20859,pairwise,VerletListsCells,1.000000,vlc_sliced_balanced,neighbor-list-length,SoA,disabled,17710297,2082481,1884128,1888402,1854156,1907337,2097090,1857449,1861353,1770573,3491326,3491326,10
2025-10-02 14:38:16,20869,pairwise,VerletListsCells,1.000000,vlc_sliced_balanced,neighbor-list-length,SoA,enabled,17183872,1855160,1837966,1881113,1779291,1886564,2063023,1856608,1847013,1824168,3401477,3401477,10
2025-10-02 14:38:16,20879,pairwise,VerletListsCells,1.000000,vlc_sliced_c02,none,AoS,disabled,11814709,149530,145519,143647,142295,140891,142984,139075,133420,136823,1308889,1308889,10
2025-10-02 14:38:16,20889,pairwise,VerletListsCells,1.000000,vlc_sliced_c02,none,AoS,enabled,12331527,127720,126158,118563,113458,117634,117876,116914,126069,112095,1340800,1340800,10
2025-10-02 14:38:16,20899,pairwise,VerletListsCells,1.000000,vlc_sliced_c02,none,SoA,disabled,17093989,1804652,1798845,1807677,1820667,1812607,1736005,1761831,1752113,1741904,3313028,3313028,10
2025-10-02 14:38:16,20909,pairwise,VerletListsCells,1.000000,vlc_sliced_c02,none,SoA,enabled,16666867,1760512,1746114,1817696,1804637,1784345,1760454,1736709,1724886,1742856,3254507,3254507,10
2025-10-02 14:38:16,20919,pairwise,PairwiseVerletLists,1.000000,vlp_c01,none,AoS,disabled,16595046,1825840,1783293,1783333,1779682,1781665,1775877,1777728,1775477,1798909,3267684,3267684,10
2025-10-02 14:38:16,20929,pairwise,PairwiseVerletLists,1.000000,vlp_c01,none,SoA,disabled,31274779,3741182,3425649,3398671,3395029,3410725,3378842,3455369,3432714,3443716,6235667,6235667,10
2025-10-02 14:38:16,20939,pairwise,PairwiseVerletLists,1.000000,vlp_c18,none,AoS,disabled,15245699,2230348,2182785,2159469,2138065,2212954,2170775,2160171,2157496,2166647,3482440,3482440,10
2025-10-02 14:38:16,20949,pairwise,PairwiseVerletLists,1.000000,vlp_c18,none,AoS,enabled,15169266,2163357,2153484,2207086,2151321,2124384,2137949,2141417,2133743,2183732,3456573,3456573,10
2025-10-02 14:38:16,20959,pairwise,PairwiseVerletLists,1.000000,vlp_c18,none,SoA,disabled,36839789,4343040,4034345,4032305,4047728,3992678,4055840,3968284,3984690,3994299,7329299,7329299,10
2025-10-02 14:38:16,20969,pairwise,PairwiseVerletLists,1.000000,vlp_c18,none,SoA,enabled,37140593,4257114,4029324,4066041,3945094,3936746,3967087,4044306,4045836,3970491,7340262,7340262,10
2025-10-02 14:38:16,20979,pairwise,PairwiseVerletLists,1.000000,vlp_sliced,none,AoS,disabled,13970251,801694,776310,722358,739074,733148,750829,737679,729056,762190,2072258,2072258,10
2025-10-02 14:38:16,20989,pairwise,PairwiseVerletLists,1.000000,vlp_sliced,none,AoS,enabled,13711850,773831,770941,766991,760326,752220,756290,747919,762940,748736,2055203,2055203,10
2025-10-02 14:38:16,20999,pairwise,PairwiseVerletLists,1.000000,vlp_sliced,none,SoA,disabled,35461159,2914618,2731863,2669159,2659475,2646744,2660786,2625572,2653280,2722354,5974500,5974500,10
2025-10-02 14:38:16,21009,pairwise,PairwiseVerletLists,1.000000,vlp_sliced,none,SoA,enabled,35142200,2936547,2686401,2674306,2720386,2757629,2767649,2754542,2663244,2751141,5985404,5985404,10
2025-10-02 14:38:16,21019,pairwise,PairwiseVerletLists,1.000000,vlp_sliced_balanced,none,AoS,disabled,13944331,820734,785722,771918,755638,778087,777690,767070,766538,740867,2090859,2090859,10
2025-10-02 14:38:16,21029,pairwise,PairwiseVerletLists,1.000000,vlp_sliced_balanced,none,AoS,enabled,13641370,813468,759407,773836,743875,756841,765115,782551,771669,804063,2061219,2061219,10
2025-10-02 14:38:16,21039,pairwise,PairwiseVerletLists,1.000000,vlp_sliced_balanced,none,SoA,disabled,35223349,2952181,2715568,2665986,2660627,2635832,2634032,2625337,2665902,2677714,5945652,5945652,10
2025-10-02 14:38:16,21049,pairwise,PairwiseVerletLists,1.000000,vlp_sliced_balanced,none,SoA,enabled,35084109,2969450,2699829,2658905,2639270,2640774,2698802,2665317,2640182,2672874,5936951,5936951,10
2025-10-02 14:38:16,21059,pairwise,PairwiseVerletLists,1.000000,vlp_sliced_c02,none,AoS,disabled,14111688,980635,934168,901635,902898,922613,896999,909028,889786,918998,2236844,2236844,10
2025-10-02 14:38:17,21069,pairwise,PairwiseVerletLists,1.000000,vlp_sliced_c02,none,AoS,enabled,13784516,917281,896360,918709,902055,913980,893622,915447,901015,926819,2196980,2196980,10
2025-10-02 14:38:17,21079,pairwise,PairwiseVerletLists,1.000000,vlp_sliced_c02,none,SoA,disabled,35463696,3063854,2973523,2840604,2810291,2901741,2758511,2785026,2787710,2806877,6119182,6119182,10
2025-10-02 14:38:17,21089,pairwise,PairwiseVerletLists,1.000000,vlp_sliced_c02,none,SoA,enabled,35141371,3036638,2870527,2758540,2726429,2825868,2861456,2873826,2873419,2815912,6078398,6078398,10
2025-10-02 14:38:17,21099,pairwise,PairwiseVerletLists,1.000000,vlp_c08,none,AoS,disabled,16729773,3453502,3439124,3436883,3427109,3432655,3476283,3431517,3421745,3432361,4768094,4768094,10
2025-10-02 14:38:17,21109,pairwise,PairwiseVerletLists,1.000000,vlp_c08,none,AoS,enabled,15434859,2573123,2527569,2523976,2486543,2465381,2471172,2473676,2468356,2466771,3789142,3789142,10
2025-10-02 14:38:17,21119,pairwise,PairwiseVerletLists,1.000000,vlp_c08,none,SoA,disabled,38487084,6363824,6311006,6229707,6289677,6284649,6309526,6273172,6311806,6262661,9512311,9512311,10
2025-10-02 14:38:17,21129,pairwise,PairwiseVerletLists,1.000000,vlp_c08,none,SoA,enabled,36949807,4769494,4573317,4570128,4515457,4513513,4502005,4585859,4617076,4502055,7809870,7809870,10
2025-10-02 14:41:54,25009,pairwise,LinkedCells,1.000000,lc_c01,none,AoS,disabled,7049539,6702676,6700325,6759150,6949573,6729416,6758001,6937763,6815414,6693639,6809549,6809549,10
2025-10-02 14:41:54,25019,pairwise,LinkedCells,1.000000,lc_c01,none,SoA,disabled,5563751,5289493,4897864,4892696,5066999,4929721,4874122,4913268,5057769,4905134,5039081,5039081,10
2025-10-02 14:41:55,25029,pairwise,LinkedCells,1.000000,lc_c01_combined_SoA,none,SoA,disabled,4204168,4397446,4438742,4372024,4302716,4178760,4510785,4343089,4271751,4610749,4363022,4363022,10
2025-10-02 14:41:55,25039,pairwise,LinkedCells,1.000000,lc_c04,none,AoS,disabled,4784238,4603012,4608482,4611138,4621976,4591183,4713430,4658810,4620545,4612924,4642573,4642573,10
2025-10-02 14:41:55,25049,pairwise,LinkedCells,1.000000,lc_c04,none,AoS,enabled,3390873,3386684,3370654,3371628,3386834,3356470,3371747,3403218,3344987,3393703,3377679,3377679,10
2025-10-02 14:41:55,25059,pairwise,LinkedCells,1.000000,lc_c04,none,SoA,disabled,4197640,4138840,4100383,4146820,4354124,4214082,4037501,4087163,4042864,4448375,4176778,4176778,10
2025-10-02 14:41:55,25069,pairwise,LinkedCells,1.000000,lc_c04,none,SoA,enabled,3237529,3190261,3295636,3252938,3179030,3226289,3188702,3191924,3313649,3169804,3224576,3224576,10
2025-10-02 14:41:55,25079,pairwise,LinkedCells,1.000000,lc_c04_HCP,none,AoS,disabled,4138647,4055073,4039733,4026015,4029162,4467222,4075436,4061503,4060571,4048785,4100214,4100214,10
2025-10-02 14:41:55,25089,pairwise,LinkedCells,1.000000,lc_c04_HCP,none,AoS,enabled,2992359,2986424,2991379,3326145,3123225,2989234,2977086,2979323,2985269,2989865,3034030,3034030,10
2025-10-02 14:41:55,25099,pairwise,LinkedCells,1.000000,lc_c04_HCP,none,SoA,disabled,4299511,4440419,4193801,4166003,4218972,4257237,4264872,4274032,4170488,4186829,4247215,4247215,10
2025-10-02 14:41:55,25109,pairwise,LinkedCells,1.000000,lc_c04_HCP,none,SoA,enabled,3530685,3501722,3403881,3391855,3444773,3452698,3397059,3508188,3452735,3404502,3448809,3448809,10
2025-10-02 14:41:55,25119,pairwise,LinkedCells,1.000000,lc_c04_combined_SoA,none,SoA,disabled,5183077,5187136,5161218,5160960,5211635,5153699,5243870,5230468,5177616,5211839,5192151,5192151,10
2025-10-02 14:41:55,25129,pairwise,LinkedCells,1.000000,lc_c04_combined_SoA,none,SoA,enabled,4181936,4101743,4080575,4159774,4240296,4106201,4154696,4064925,4324441,4097560,4151214,4151214,10
2025-10-02 14:41:55,25139,pairwise,LinkedCells,1.000000,lc_c08,none,AoS,disabled,4773203,4719946,4731866,4731673,4725770,4722915,4724964,4739017,4711109,4732729,4731318,4731318,10
2025-10-02 14:41:55,25149,pairwise,LinkedCells,1.000000,lc_c08,none,AoS,enabled,3887655,3879381,3876362,3883280,3868663,3864921,3879953,3852266,3811195,3854743,3865841,3865841,10
2025-10-02 14:41:55,25159,pairwise,LinkedCells,1.000000,lc_c08,none,SoA,disabled,5600557,5476695,5533960,5489920,5511359,5488612,5490638,5540555,5496652,5438219,5506716,5506716,10
2025-10-02 14:41:55,25169,pairwise,LinkedCells,1.000000,lc_c08,none,SoA,enabled,4757886,4703804,4711290,4724592,4621955,4666785,4786144,4713705,4695453,4669846,4705146,4705146,10
2025-10-02 14:41:55,25179,pairwise,LinkedCells,1.000000,lc_c18,none,AoS,disabled,4951217,4810405,4799059,4794009,4766275,4758020,4809348,4908722,4846870,4791219,4823514,4823514,10
2025-10-02 14:41:55,25189,pairwise,LinkedCells,1.000000,lc_c18,none,AoS,enabled,4057781,3924751,3902940,3921786,3908072,3875962,3935912,3998414,3938082,3947888,3941158,3941158,10
2025-10-02 14:41:55,25199,pairwise,LinkedCells,1.000000,lc_c18,none,SoA,disabled,4775993,4996507,5048047,4947287,5034739,5023519,5039582,4985765,5120968,5060398,5003279,5003279,10
2025-10-02 14:41:55,25209,pairwise,LinkedCells,1.000000,lc_c18,none,SoA,enabled,4130344,4105612,4124510,4049250,4170475,4145761,4153826,4148221,4112762,4090848,4123160,4123160,10
2025-10-02 14:41:55,25219,pairwise,LinkedCells,1.000000,lc_sliced,none,AoS,disabled,7550258,7318220,7249252,7206957,7368211,7200270,7256855,7172849,7427132,7222520,7297251,7297251,10
2025-10-02 14:41:56,25229,pairwise,LinkedCells,1.000000,lc_sliced,none,AoS,enabled,5244565,5073354,5297802,5169840,5363215,5201399,5360835,5165180,5263442,5203701,5234332,5234332,10
2025-10-02 14:41:56,25239,pairwise,LinkedCells,1.000000,lc_sliced,none,SoA,disabled,5873336,5552865,5632854,5565799,5617874,5589723,5584679,5596235,5638370,5559359,5621109,5621109,10
2025-10-02 14:41:56,25249,pairwise,LinkedCells,1.000000,lc_sliced,none,SoA,enabled,3848701,3847529,3792918,3798162,3840251,3897664,3835932,3824124,3775060,3869532,3832987,3832987,10
2025-10-02 14:41:56,25259,pairwise,LinkedCells,1.000000,lc_sliced_balanced,none,AoS,disabled,7342762,7210560,7211840,7206308,7205901,7212920,7237034,7193382,7195361,7199697,7221576,7221576,10
2025-10-02 14:41:56,25269,pairwise,LinkedCells,1.000000,lc_sliced_balanced,none,AoS,enabled,5180801,5164293,5169312,5164811,5222019,5161727,5160039,5168280,5153456,5203571,5174830,5174830,10
2025-10-02 14:41:56,25279,pairwise,LinkedCells,1.000000,lc_sliced_balanced,none,SoA,disabled,5581187,5564262,5515053,5491586,5565787,5458842,5584612,5506554,5491255,5478441,5523757,5523757,10
2025-10-02 14:41:56,25289,pairwise,LinkedCells,1.000000,lc_sliced_balanced,none,SoA,enabled,3814017,3806036,3756582,3817972,3796644,3804341,3806483,3746203,3822772,3785536,3795657,3795657,10
2025-10-02 14:41:56,25299,pairwise,LinkedCells,1.000000,lc_sliced_balanced,squared-particles-per-cell,AoS,disabled,7508999,7262194,7235597,7235234,7248498,7227887,7224765,7240908,7370994,7374241,7292931,7292931,10
2025-10-02 14:41:56,25309,pairwise,LinkedCells,1.000000,lc_sliced_balanced,squared-particles-per-cell,AoS,enabled,5267455,5255008,5390641,5226117,5286737,5371962,5257147,5356323,5264143,5304845,5298037,5298037,10
2025-10-02 14:41:56,25319,pairwise,LinkedCells,1.000000,lc_sliced_balanced,squared-particles-per-cell,SoA,disabled,7895111,7188704,7159082,7317604,7173414,7129021,7195073,7232875,7169395,7272021,7273229,7273229,10
2025-10-02 14:41:56,25329,pairwise,LinkedCells,1.000000,lc_sliced_balanced,squared-particles-per-cell,SoA,enabled,6495318,6383843,6464468,6401195,6450124,6457546,6385424,6456264,6439877,6403416,6433747,6433747,10
2025-10-02 14:41:56,25339,pairwise,LinkedCells,1.000000,lc_sliced_c02,none,AoS,disabled,7417588,7218648,7173534,7224969,7205371,7201486,7191415,7279476,7219425,7157877,7228978,7228978,10
2025-10-02 14:41:56,25349,pairwise,LinkedCells,1.000000,lc_sliced_c02,none,AoS,enabled,5212855,5206194,5213367,5255015,5264126,5169057,5159942,5194035,5133127,5158293,5196601,5196601,10
2025-10-02 14:41:56,25359,pairwise,LinkedCells,1.000000,lc_sliced_c02,none,SoA,disabled,6198885,5486183,5552447,5570587,5419964,5519566,5453888,5444013,5450938,5502073,5559854,5559854,10
2025-10-02 14:41:56,25369,pairwise,LinkedCells,1.000000,lc_sliced_c02,none,SoA,enabled,4115538,4001541,3888973,3986044,3951605,3851723,3971791,3955079,4000381,4045349,3976802,3976802,10
2025-10-02 14:41:57,25379,pairwise,VerletClusterLists,1.000000,vcl_c01_balanced,none,AoS,disabled,47023161,8087088,8064285,8108832,8052445,8083700,7945669,8097509,8121826,8068811,11965332,11965332,10
2025-10-02 14:41:57,25389,pairwise,VerletClusterLists,1.000000,vcl_c01_balanced,none,SoA,disabled,36132177,2762931,2785946,2888038,2867782,2941995,2901073,2821866,2960292,2890367,6195246,6195246,10
2025-10-02 14:41:57,25399,pairwise,VerletClusterLists,1.000000,vcl_c06,none,AoS,disabled,63531006,31803761,32521296,31448485,31980770,30654594,33232857,32624089,31367687,32959440,35212398,35212398,10
2025-10-02 14:41:57,25409,pairwise,VerletClusterLists,1.000000,vcl_c06,none,AoS,enabled,42527470,18283279,17599062,18550557,17383057,17039557,17653878,17386438,18827714,18767064,20401807,20401807,10
2025-10-02 14:41:57,25419,pairwise,VerletClusterLists,1.000000,vcl_c06,none,SoA,disabled,44220022,11805165,11967416,11506233,12285127,11830219,12142963,12150314,12016558,12399458,15232346,15232346,10
2025-10-02 14:41:58,25429,pairwise,VerletClusterLists,1.000000,vcl_c06,none,SoA,enabled,31481629,7411486,7187905,7569960,7697596,7564169,7017194,7526383,7321199,7045368,9782288,9782288,10
2025-10-02 14:41:58,25439,pairwise,VerletClusterLists,1.000000,vcl_sliced,none,AoS,disabled,57542605,25651554,25333501,25644729,25680527,25584195,25625932,21886233,25363036,25371297,28368360,28368360,10
2025-10-02 14:41:58,25449,pairwise,VerletClusterLists,1.000000,vcl_sliced,none,AoS,enabled,39854580,13717178,13782611,15434572,13747723,12395581,12505890,13711097,11656283,15495705,16230121,16230121,10
2025-10-02 14:41:58,25459,pairwise,VerletClusterLists,1.000000,vcl_sliced,none,SoA,disabled,40911278,8052657,8814194,8056597,8048862,8041402,8064597,7606172,8036947,8036475,11366917,11366917,10
2025-10-02 14:41:58,25469,pairwise,VerletClusterLists,1.000000,vcl_sliced,none,SoA,enabled,28997896,4887803,4519521,4515364,4522024,4622148,4504656,4520914,4504713,4536942,7013197,7013197,10
2025-10-02 14:41:58,25479,pairwise,VerletClusterLists,1.000000,vcl_sliced_balanced,none,AoS,disabled,57398780,25471422,25340825,25470745,25348490,25345520,25370813,24942501,25351006,25393033,28543313,28543313,10
2025-10-02 14:41:59,25489,pairwise,VerletClusterLists,1.000000,vcl_sliced_balanced,none,AoS,enabled,36214831,13830651,13875627,14167915,13800557,13850905,13834632,13803689,13832068,13861949,16107282,16107282,10
2025-10-02 14:41:59,25499,pairwise,VerletClusterLists,1.000000,vcl_sliced_balanced,none,SoA,disabled,40107400,8059271,8063308,8043920,8047313,8053965,8050698,8051828,8067156,8056993,11260185,11260185,10
2025-10-02 14:41:59,25509,pairwise,VerletClusterLists,1.000000,vcl_sliced_balanced,none,SoA,enabled,26304785,4514480,4512491,4526855,4520764,4515424,4490137,5093159,4529334,4535646,6754307,6754307,10
2025-10-02 14:41:59,25519,pairwise,VerletClusterLists,1.000000,vcl_sliced_balanced,neighbor-list-length,AoS,disabled,63031819,25358720,25339095,25336284,25334585,25490676,25402429,25307386,24973520,25395936,29097044,29097044,10
2025-10-02 14:41:59,25529,pairwise,VerletClusterLists,1.000000,vcl_sliced_balanced,neighbor-list-length,AoS,enabled,38191488,13828408,13846568,13848040,13854888,13827355,14203828,13763392,13800492,13829726,16299418,16299418,10
2025-10-02 14:41:59,25539,pairwise,VerletClusterLists,1.000000,vcl_sliced_balanced,neighbor-list-length,SoA,disabled,39184656,8068722,8069486,8048004,8056645,8058079,8055133,8082470,8049898,8045691,11171877,11171877,10
2025-10-02 14:42:00,25549,pairwise,VerletClusterLists,1.000000,vcl_sliced_balanced,neighbor-list-length,SoA,enabled,28960677,4521020,4512779,4511486,4511619,4512575,4497977,4509652,4500641,5093472,7013189,7013189,10
2025-10-02 14:42:00,25559,pairwise,VerletClusterLists,1.000000,vcl_sliced_c02,none,AoS,disabled,75980675,32590539,38418188,38570229,36673795,38308809,32583951,40150923,38356709,34797987,40643180,40643180,10
2025-10-02 14:42:00,25569,pairwise,VerletClusterLists,1.000000,vcl_sliced_c02,none,AoS,enabled,38788186,19216102,17070746,20960503,19052841,19235064,19184607,17039155,21499885,19215919,21126300,21126300,10
2025-10-02 14:42:00,25579,pairwise,VerletClusterLists,1.000000,vcl_sliced_c02,none,SoA,disabled,44538246,12142532,12097340,11505369,12115611,12045778,11595276,12170070,11539664,10802555,15055244,15055244,10
2025-10-02 14:42:00,25589,pairwise,VerletClusterLists,1.000000,vcl_sliced_c02,none,SoA,enabled,30544031,6494433,6476677,6900363,6894231,6143758,6451381,6880584,6144171,6701433,8963105,8963105,10
2025-10-02 14:42:00,25599,pairwise,VerletLists,1.000000,vl_list_iteration,none,AoS,disabled,17549467,2927904,2916182,2699360,2678418,2672847,2663041,2673585,2645062,2661783,4208764,4208764,10
2025-10-02 14:42:01,25609,pairwise,VerletLists,1.000000,vl_list_iteration,none,SoA,disabled,55763627,4423579,4134856,4054683,4033814,3980329,4027717,3971013,3946873,4006322,9234281,9234281,10
2025-10-02 14:42:01,25619,pairwise,VerletListsCells,1.000000,vlc_c01,none,AoS,disabled,33756921,3353613,3337446,3334872,3329748,3336065,3370504,3332547,3350292,3399651,6390165,6390165,10
2025-10-02 14:42:01,25629,pairwise,VerletListsCells,1.000000,vlc_c01,none,SoA,disabled,72777528,5814550,5539094,5474910,5514142,5432619,5460087,5393318,5438194,5420670,12226510,12226510,10
2025-10-02 14:42:01,25639,pairwise,VerletListsCells,1.000000,vlc_c18,none,AoS,disabled,23707379,3341857,3384315,3384556,3320473,3324769,3322330,3360715,3356436,3319410,5382223,5382223,10
2025-10-02 14:42:01,25649,pairwise,VerletListsCells,1.000000,vlc_c18,none,AoS,enabled,20019574,2564532,2545746,2525548,2530618,2529713,2516684,2562086,2543258,2571557,4290931,4290931,10
2025-10-02 14:42:01,25659,pairwise,VerletListsCells,1.000000,vlc_c18,none,SoA,disabled,96373215,6611558,6475819,6416089,6391273,6427387,6365238,6357380,6347354,6357202,15412250,15412250,10
2025-10-02 14:42:01,25669,pairwise,VerletListsCells,1.000000,vlc_c18,none,SoA,enabled,63154487,6339617,5547511,5336873,5256313,5207956,5189102,5239297,5175373,5187968,11163449,11163449,10
2025-10-02 14:42:01,25679,pairwise,VerletListsCells,1.000000,vlc_c08,none,AoS,disabled,18935371,3256297,3245702,3231762,3271042,3254828,3223182,3258930,3232741,3228356,4813821,4813821,10
2025-10-02 14:42:01,25689,pairwise,VerletListsCells,1.000000,vlc_c08,none,AoS,enabled,17660403,2590996,2507204,2494964,2493302,2493932,2498682,2489991,2522796,2504307,4025657,4025657,10
2025-10-02 14:42:01,25699,pairwise,VerletListsCells,1.000000,vlc_c08,none,SoA,disabled,86171651,6424426,6270542,6241920,6257095,6225945,6282384,6242063,6239290,6247994,14260330,14260330,10
2025-10-02 14:42:02,25709,pairwise,VerletListsCells,1.000000,vlc_c08,none,SoA,enabled,66500912,5862288,5668241,5597843,5571050,5563929,5552287,5559441,5593864,5535197,11700505,11700505,10
2025-10-02 14:42:02,25719,pairwise,VerletListsCells,1.000000,vlc_sliced,none,AoS,disabled,27013425,5966541,5914422,5485610,5895452,5524231,5860109,5862937,5855916,5888161,7926680,7926680,10
2025-10-02 14:42:02,25729,pairwise,VerletListsCells,1.000000,vlc_sliced,none,AoS,enabled,20533872,2809765,2752243,2737404,2733974,2734713,2665097,2675969,2724848,2725806,4509368,4509368,10
2025-10-02 14:42:02,25739,pairwise,VerletListsCells,1.000000,vlc_sliced,none,SoA,disabled,100488189,8227467,8075906,8101992,8016917,8017049,7990861,7812136,8016024,7989259,17273579,17273579,10
2025-10-02 14:42:02,25749,pairwise,VerletListsCells,1.000000,vlc_sliced,none,SoA,enabled,65424097,6135511,5452113,5291333,5367729,5313264,5315253,5290597,5295701,5263396,11414899,11414899,10
2025-10-02 14:42:02,25759,pairwise,VerletListsCells,1.000000,vlc_sliced_balanced,none,AoS,disabled,25951291,5630403,5568355,5541867,5554658,5557321,5568054,5543499,5536317,5565331,7601709,7601709,10
2025-10-02 14:42:02,25769,pairwise,VerletListsCells,1.000000,vlc_sliced_balanced,none,AoS,enabled,20288086,2826859,2755673,2745179,2746354,2727157,2735738,2732969,2733687,2737212,4502890,4502890,10
2025-10-02 14:42:02,25779,pairwise,VerletListsCells,1.000000,vlc_sliced_balanced,none,SoA,disabled,98882470,8308285,8157979,8019327,8004517,7963406,7964320,7997087,7947377,7971777,17121654,17121654,10
2025-10-02 14:42:02,25789,pairwise,VerletListsCells,1.000000,vlc_sliced_balanced,none,SoA,enabled,65395893,6227512,5498258,5313928,5226773,5234030,5264827,5175442,5190131,5182703,11370949,11370949,10
2025-10-02 14:42:03,25799,pairwise,VerletListsCells,1.000000,vlc_sliced_balanced,squared-particles-per-cell,AoS,disabled,26315967,5598489,5589846,5586447,5563498,5558225,5576636,5540940,5550225,5560409,7644067,7644067,10
2025-10-02 14:42:03,25809,pairwise,VerletListsCells,1.000000,vlc_sliced_balanced,squared-particles-per-cell,AoS,enabled,20427678,2913507,2880165,2858465,2850462,2852242,2839467,2846635,2837554,2842703,4614887,4614887,10
2025-10-02 14:42:03,25819,pairwise,VerletListsCells,1.000000,vlc_sliced_balanced,squared-particles-per-cell,SoA,disabled,101100806,8277782,8208731,8190641,8195318,8157625,8170859,8197519,8178741,8146200,17482421,17482421,10
2025-10-02 14:42:03,25829,pairwise,VerletListsCells,1.000000,vlc_sliced_balanced,squared-particles-per-cell,SoA,enabled,75632363,6302946,5537433,5411612,5392465,5417630,5376545,5427850,5352670,5356450,12520796,12520796,10
2025-10-02 14:42:03,25839,pairwise,VerletListsCells,1.000000,vlc_sliced_balanced,neighbor-list-length,AoS,disabled,26735161,5818240,5757821,5769143,5749987,5760310,5752908,5774416,5746554,5773042,7863757,7863757,10
2025-10-02 14:42:03,25849,pairwise,VerletListsCells,1.000000,vlc_sliced_balanced,neighbor-list-length,AoS,enabled,20206146,2893837,2828090,2797573,2790392,2786275,2794411,2796536,2789157,2795467,4547787,4547787,10
2025-10-02 14:42:03,25859,pairwise,VerletListsCells,1.000000,vlc_sliced_balanced,neighbor-list-length,SoA,disabled,104687283,9046763,8904506,8820154,8771745,8737151,8711323,8684371,8669780,8703016,18373609,18373609,10
2025-10-02 14:42:03,25869,pairwise,VerletListsCells,1.000000,vlc_sliced_balanced,neighbor-list-length,SoA,enabled,79829268,6445782,5690133,5538387,5415544,5448171,5361440,5353238,5323102,5383934,12978899,12978899,10
2025-10-02 14:42:04,25879,pairwise,VerletListsCells,1.000000,vlc_sliced_c02,none,AoS,disabled,27958300,7124620,7115180,7014092,7151979,7040271,7153897,7200577,7114368,7165845,9203912,9203912,10
2025-10-02 14:42:04,25889,pairwise,VerletListsCells,1.000000,vlc_sliced_c02,none,AoS,enabled,20851709,3614963,3652697,3608007,3616634,3607798,3623837,3624876,3550619,3556501,5330763,5330763,10
2025-10-02 14:42:04,25899,pairwise,VerletListsCells,1.000000,vlc_sliced_c02,none,SoA,disabled,106810005,10569308,10481041,10497999,10394649,10391044,10370365,10396333,10359924,10362213,20063288,20063288,10
2025-10-02 14:42:04,25909,pairwise,VerletListsCells,1.000000,vlc_sliced_c02,none,SoA,enabled,80730914,7263917,7147585,6270202,6393314,6259536,6329756,6296218,6303836,6269506,13926478,13926478,10
2025-10-02 14:42:04,25919,pairwise,PairwiseVerletLists,1.000000,vlp_c01,none,AoS,disabled,36475519,3983404,3980595,3944107,3982776,3947291,3939118,3932240,3971016,3956474,7211254,7211254,10
2025-10-02 14:42:04,25929,pairwise,PairwiseVerletLists,1.000000,vlp_c01,none,SoA,disabled,186616938,8304396,8279017,8252693,8269537,8255548,8300574,8260898,8308554,8272769,26112091,26112091,10
2025-10-02 14:42:04,25939,pairwise,PairwiseVerletLists,1.000000,vlp_c18,none,AoS,disabled,30073467,4130174,4118893,4114661,4146120,4174596,4107490,4110881,4119222,4121608,6721710,6721710,10
2025-10-02 14:42:05,25949,pairwise,PairwiseVerletLists,1.000000,vlp_c18,none,AoS,enabled,30864525,3192007,3179691,3216457,3197356,3195135,3185767,3173589,3170436,3224311,5959926,5959926,10
2025-10-02 14:42:05,25959,pairwise,PairwiseVerletLists,1.000000,vlp_c18,none,SoA,disabled,206428594,8471246,8464774,8450391,8477311,8440093,8504038,8446578,8482757,8448755,28261453,28261453,10
2025-10-02 14:42:05,25969,pairwise,PairwiseVerletLists,1.000000,vlp_c18,none,SoA,enabled,157848819,7351555,7280338,7309175,7256565,7293276,7269632,7265982,7269857,7256659,22340185,22340185,10
2025-10-02 14:42:05,25979,pairwise,PairwiseVerletLists,1.000000,vlp_sliced,none,AoS,disabled,34069623,7733426,7681461,7720928,7655823,7661346,7671820,7420986,7415031,7165172,10219560,10219560,10
2025-10-02 14:42:05,25989,pairwise,PairwiseVerletLists,1.000000,vlp_sliced,none,AoS,enabled,34092248,4289794,3963088,3890597,4165438,4159986,4178137,4167825,4188379,4195423,7129091,7129091,10
2025-10-02 14:42:06,25999,pairwise,PairwiseVerletLists,1.000000,vlp_sliced,none,SoA,disabled,206154727,12685402,12700899,12582096,12602035,12612725,12553015,12653283,12438324,12607065,31958956,31958956,10
2025-10-02 14:42:06,26009,pairwise,PairwiseVerletLists,1.000000,vlp_sliced,none,SoA,enabled,160772277,9255064,9117055,9151665,9127602,9114556,9210577,9203791,9094122,9029391,24307609,24307609,10
2025-10-02 14:42:06,26019,pairwise,PairwiseVerletLists,1.000000,vlp_sliced_balanced,none,AoS,disabled,34188604,7940386,7897384,7868260,7835895,7822990,7811238,7802758,7781588,7800837,10474993,10474993,10
2025-10-02 14:42:06,26029,pairwise,PairwiseVerletLists,1.000000,vlp_sliced_balanced,none,AoS,enabled,34226247,4281295,4229286,4205266,4183809,4184850,4194769,4158846,4172592,4166752,7200371,7200371,10
2025-10-02 14:42:06,26039,pairwise,PairwiseVerletLists,1.000000,vlp_sliced_balanced,none,SoA,disabled,206173746,12776463,12653532,12732093,12651482,12654133,12676359,12644844,12650542,12662093,32027528,32027528,10
2025-10-02 14:42:07,26049,pairwise,PairwiseVerletLists,1.000000,vlp_sliced_balanced,none,SoA,enabled,160852506,9327178,9214102,9219311,9202598,9208131,9150752,9177501,9182368,9182025,24371646,24371646,10
2025-10-02 14:42:07,26059,pairwise,PairwiseVerletLists,1.000000,vlp_sliced_c02,none,AoS,disabled,36362263,10266289,10189976,10290315,10176119,9965214,10157643,10231383,9912552,9869834,12742158,12742158,10
2025-10-02 14:42:07,26069,pairwise,PairwiseVerletLists,1.000000,vlp_sliced_c02,none,AoS,enabled,35418707,4962012,5502448,5435654,5463204,5436684,5439582,5163163,5167076,5419680,8340821,8340821,10
2025-10-02 14:42:07,26079,pairwise,PairwiseVerletLists,1.000000,vlp_sliced_c02,none,SoA,disabled,209696061,15698112,15512921,15460947,15371800,15436907,15490057,15035640,15430263,15418467,34855117,34855117,10
2025-10-02 14:42:07,26089,pairwise,PairwiseVerletLists,1.000000,vlp_sliced_c02,none,SoA,enabled,163295334,10973712,10981175,11085336,10983452,11088732,11098142,10905404,10589598,11039288,26204016,26204016,10
2025-10-02 14:42:08,26099,pairwise,PairwiseVerletLists,1.000000,vlp_c08,none,AoS,disabled,32636053,6394147,6356142,6340085,6358605,6373515,6348573,6339547,6343167,6340251,8983008,8983008,10
2025-10-02 14:42:08,26109,pairwise,PairwiseVerletLists,1.000000,vlp_c08,none,AoS,enabled,33952452,3925392,3905475,3936015,3898203,3926065,3883619,3905202,3890433,3924159,6914701,6914701,10
2025-10-02 14:42:08,26119,pairwise,PairwiseVerletLists,1.000000,vlp_c08,none,SoA,disabled,204520845,10871301,10868684,10922050,10914811,10962698,10931477,10941373,10970481,10978140,30288185,30288185,10
2025-10-02 14:42:08,26129,pairwise,PairwiseVerletLists,1.000000,vlp_c08,none,SoA,enabled,159964773,8302581,8253250,8260737,8249462,8246974,8256745,8236857,8310187,8265965,23434752,23434752,10
2025-10-02 14:44:14,30009,pairwise,LinkedCells,1.000000,lc_c01,none,AoS,disabled,20768531,20882781,20815589,20765428,20784593,20705792,21226671,21182635,21199699,20604788,20893649,20893649,10
2025-10-02 14:44:15,30019,pairwise,LinkedCells,1.000000,lc_c01,none,SoA,disabled,22767006,11478747,11486952,11554715,11591482,11617004,11626788,11561004,11591709,11530765,12680616,12680616,10
2025-10-02 14:44:15,30029,pairwise,LinkedCells,1.000000,lc_c01_combined_SoA,none,SoA,disabled,9862765,9489765,9690317,9646562,9875788,9424836,9497110,9486580,9658203,9477283,9610920,9610920,10
2025-10-02 14:44:15,30039,pairwise,LinkedCells,1.000000,lc_c04,none,AoS,disabled,15107938,15147818,14985960,15028337,15041071,15097756,15306922,15125842,15262602,15316839,15142108,15142108,10
2025-10-02 14:44:15,30049,pairwise,LinkedCells,1.000000,lc_c04,none,AoS,enabled,10940618,10838332,10912401,10806850,10822237,10777105,10808801,10730166,10709893,10813982,10816038,10816038,10
2025-10-02 14:44:15,30059,pairwise,LinkedCells,1.000000,lc_c04,none,SoA,disabled,10841976,10969217,11312015,11175836,11338041,11264631,11264770,11382193,11295631,11117461,11196176,11196176,10
2025-10-02 14:44:15,30069,pairwise,LinkedCells,1.000000,lc_c04,none,SoA,enabled,7299021,7291777,7318353,7272253,7307318,7346766,7266750,7385406,7305389,7388437,7318146,7318146,10
2025-10-02 14:44:15,30079,pairwise,LinkedCells,1.000000,lc_c04_HCP,none,AoS,disabled,14397602,14279712,14249538,14434596,14383360,14318407,14318303,14421080,14190255,14217262,14321011,14321011,10
2025-10-02 14:44:15,30089,pairwise,LinkedCells,1.000000,lc_c04_HCP,none,AoS,enabled,10280000,10377098,10126846,10241455,10154365,10154032,10236609,10194451,10180661,10221462,10216697,10216697,10
2025-10-02 14:44:16,30099,pairwise,LinkedCells,1.000000,lc_c04_HCP,none,SoA,disabled,10952407,10891326,10990789,10894259,10922786,10902749,10855482,10922652,10948149,10916602,10919719,10919719,10
2025-10-02 14:44:16,30109,pairwise,LinkedCells,1.000000,lc_c04_HCP,none,SoA,enabled,7638295,7619154,7590464,7536949,7527371,7520090,7535498,7540136,7524905,7507181,7554003,7554003,10
2025-10-02 14:44:16,30119,pairwise,LinkedCells,1.000000,lc_c04_combined_SoA,none,SoA,disabled,11965620,11908650,12022787,11959477,11944737,12016002,12151008,12155355,12014890,12010483,12014900,12014900,10
2025-10-02 14:44:16,30129,pairwise,LinkedCells,1.000000,lc_c04_combined_SoA,none,SoA,enabled,9057699,8922154,9090669,9003947,9045459,8928417,8805493,8829678,8789881,8844391,8931778,8931778,10
2025-10-02 14:44:16,30139,pairwise,LinkedCells,1.000000,lc_c08,none,AoS,disabled,14522891,14497042,14485221,14479004,14500073,14478866,14595197,14830092,14836905,14705580,14593086,14593086,10
2025-10-02 14:44:16,30149,pairwise,LinkedCells,1.000000,lc_c08,none,AoS,enabled,11114975,11032583,11017603,11088063,10953718,11011334,10990270,10963675,10948422,10935985,11005662,11005662,10
2025-10-02 14:44:16,30159,pairwise,LinkedCells,1.000000,lc_c08,none,SoA,disabled,12852609,12760510,12551614,12502651,12526585,12473109,12479804,12623974,12840236,12746947,12635803,12635803,10
2025-10-02 14:44:16,30169,pairwise,LinkedCells,1.000000,lc_c08,none,SoA,enabled,9742532,9601837,9634566,9610726,9630414,9635492,9585317,9697774,9641947,9613599,9639419,9639419,10
2025-10-02 14:44:17,30179,pairwise,LinkedCells,1.000000,lc_c18,none,AoS,disabled,14880105,14908415,14923769,14598084,14461976,14468227,15077156,15362681,15338208,15265373,14928399,14928399,10
2025-10-02 14:44:17,30189,pairwise,LinkedCells,1.000000,lc_c18,none,AoS,enabled,11183005,11046361,10948479,11189063,11145660,11140798,10768421,10741877,10741047,10740355,10964506,10964506,10
2025-10-02 14:44:17,30199,pairwise,LinkedCells,1.000000,lc_c18,none,SoA,disabled,11745506,11739638,11767772,11747632,11747187,11713644,11730866,11754545,11734634,11741655,11742307,11742307,10
2025-10-02 14:44:17,30209,pairwise,LinkedCells,1.000000,lc_c18,none,SoA,enabled,8490557,8352501,8311570,8313483,8356299,8309280,8296031,8378160,8323318,8335060,8346625,8346625,10
2025-10-02 14:44:17,30219,pairwise,LinkedCells,1.000000,lc_sliced,none,AoS,disabled,15579032,15470440,15521727,15506078,15396240,15482110,15512206,15481953,15487514,15481277,15491857,15491857,10
2025-10-02 14:44:17,30229,pairwise,LinkedCells,1.000000,lc_sliced,none,AoS,enabled,11086120,10985429,11070808,11079382,11029307,11065407,11013508,11060584,11048680,11003344,11044256,11044256,10
2025-10-02 14:44:17,30239,pairwise,LinkedCells,1.000000,lc_sliced,none,SoA,disabled,11016475,11035583,10993839,10980194,10934956,10892635,10946787,10959706,10936198,10943143,10963951,10963951,10
2025-10-02 14:44:17,30249,pairwise,LinkedCells,1.000000,lc_sliced,none,SoA,enabled,6933841,6852361,6964611,6859468,6867946,6897907,6947052,6914936,6944068,6884630,6906681,6906681,10
2025-10-02 14:44:18,30259,pairwise,LinkedCells,1.000000,lc_sliced_balanced,none,AoS,disabled,15456636,15421754,15412880,15409732,15410408,15411661,15407596,15400264,15430411,15408472,15416981,15416981,10
2025-10-02 14:44:18,30269,pairwise,LinkedCells,1.000000,lc_sliced_balanced,none,AoS,enabled,11006995,11026438,11029303,11022805,11031337,11039535,11042840,11033893,11027329,11040600,11030107,11030107,10
2025-10-02 14:44:18,30279,pairwise,LinkedCells,1.000000,lc_sliced_balanced,none,SoA,disabled,10960471,10943839,10932842,10910216,10910923,10896512,10925503,10862513,10923689,10906245,10917274,10917274,10
2025-10-02 14:44:18,30289,pairwise,LinkedCells,1.000000,lc_sliced_balanced,none,SoA,enabled,6920908,6914401,6883854,6866308,6843205,6870127,6875500,6864929,6857021,6880912,6877716,6877716,10
2025-10-02 14:44:18,30299,pairwise,LinkedCells,1.000000,lc_sliced_balanced,squared-particles-per-cell,AoS,disabled,15685433,15477678,15459975,15445098,15445096,15432764,15433284,15455825,15449453,15426496,15471109,15471109,10
2025-10-02 14:44:18,30309,pairwise,LinkedCells,1.000000,lc_sliced_balanced,squared-particles-per-cell,AoS,enabled,11051173,11025295,11013017,11002846,11016427,11021283,11027907,11016927,11014546,11003197,11019261,11019261,10
2025-10-02 14:44:18,30319,pairwise,LinkedCells,1.000000,lc_sliced_balanced,squared-particles-per-cell,SoA,disabled,12241249,10970108,10897719,10865643,10876245,10919392,10907336,10879269,10894260,10922685,11037390,11037390,10
2025-10-02 14:44:18,30329,pairwise,LinkedCells,1.000000,lc_sliced_balanced,squared-particles-per-cell,SoA,enabled,7139426,6877005,6901090,6860236,6846351,6860788,6873313,6860808,6850288,6892116,6896141,6896141,10
2025-10-02 14:44:19,30339,pairwise,LinkedCells,1.000000,lc_sliced_c02,none,AoS,disabled,15558765,15353785,15248093,15356167,15313343,15312730,15286066,15284133,15355885,15304797,15337375,15337375,10
2025-10-02 14:44:19,30349,pairwise,LinkedCells,1.000000,lc_sliced_c02,none,AoS,enabled,10910881,10913047,10910059,10897509,10922105,10880212,10890904,10934185,10916044,10886630,10906156,10906156,10
2025-10-02 14:44:19,30359,pairwise,LinkedCells,1.000000,lc_sliced_c02,none,SoA,disabled,12172811,10845104,10789792,10768076,10978459,10693119,10751894,10723561,10796345,10768532,10928768,10928768,10
2025-10-02 14:44:19,30369,pairwise,LinkedCells,1.000000,lc_sliced_c02,none,SoA,enabled,6946253,6909560,6799896,6783010,6710443,6768679,6752770,6687006,6966155,6758015,6808178,6808178,10
2025-10-02 14:44:19,30379,pairwise,VerletClusterLists,1.000000,vcl_c01_balanced,none,AoS,disabled,135199649,31090473,31039607,31057282,31064479,31312354,31007473,31058510,31077946,31015598,41492336,41492336,10
2025-10-02 14:44:20,30389,pairwise,VerletClusterLists,1.000000,vcl_c01_balanced,none,SoA,disabled,95205519,10676813,10659194,10670554,10726245,10640879,10685356,10650281,10665659,10655866,19123636,19123636,10
2025-10-02 14:44:20,30399,pairwise,VerletClusterLists,1.000000,vcl_c06,none,AoS,disabled,124373219,39495767,40305908,39589498,39844672,39839493,40935605,40365168,39554420,39431443,48373519,48373519,10
2025-10-02 14:44:20,30409,pairwise,VerletClusterLists,1.000000,vcl_c06,none,AoS,enabled,66247350,19977719,19833440,19965327,19670488,20542457,20442956,20286821,19599177,19838401,24640413,24640413,10
2025-10-02 14:44:21,30419,pairwise,VerletClusterLists,1.000000,vcl_c06,none,SoA,disabled,98005891,14008504,14072348,13866344,13997609,13709765,13926832,13652949,13680696,13860789,22278172,22278172,10
2025-10-02 14:44:21,30429,pairwise,VerletClusterLists,1.000000,vcl_c06,none,SoA,enabled,54732307,7507760,7460979,7473973,7419615,7422223,7424629,7440188,7605700,7519068,12200643,12200643,10
2025-10-02 14:44:22,30439,pairwise,VerletClusterLists,1.000000,vcl_sliced,none,AoS,disabled,157992580,73726597,75376491,73726857,75496784,73671087,73693801,75294555,73766768,75321232,82806674,82806674,10
2025-10-02 14:44:22,30449,pairwise,VerletClusterLists,1.000000,vcl_sliced,none,AoS,enabled,84263518,37628304,38164775,37774290,37458618,37660242,37483549,38245703,38214936,37682822,42457675,42457675,10
2025-10-02 14:44:22,30459,pairwise,VerletClusterLists,1.000000,vcl_sliced,none,SoA,disabled,105508630,21010879,20957221,20950044,21029932,20959315,19676316,21123596,21780999,19648429,29264536,29264536,10
2025-10-02 14:44:22,30469,pairwise,VerletClusterLists,1.000000,vcl_sliced,none,SoA,enabled,58369077,11445299,11407525,11376278,11330937,11311708,11352497,11313613,11404135,11328439,16063950,16063950,10
2025-10-02 14:44:23,30479,pairwise,VerletClusterLists,1.000000,vcl_sliced_balanced,none,AoS,disabled,158929317,74576299,74555374,74508544,74652179,74619724,74593912,74570174,74630359,74550663,83018654,83018654,10
2025-10-02 14:44:24,30489,pairwise,VerletClusterLists,1.000000,vcl_sliced_balanced,none,AoS,enabled,85182371,38651672,38731756,38688053,38590544,38609899,38662282,38618336,38638708,38669477,43304309,43304309,10
2025-10-02 14:44:24,30499,pairwise,VerletClusterLists,1.000000,vcl_sliced_balanced,none,SoA,disabled,105216264,21164369,21175250,21187947,21176113,21172258,21200787,21149327,21147899,21152874,29574308,29574308,10
2025-10-02 14:44:24,30509,pairwise,VerletClusterLists,1.000000,vcl_sliced_balanced,none,SoA,enabled,58573137,12913633,11484078,11493486,11566431,11493258,11497315,11492253,11493626,11608700,16361591,16361591,10
2025-10-02 14:44:25,30519,pairwise,VerletClusterLists,1.000000,vcl_sliced_balanced,neighbor-list-length,AoS,disabled,174699010,74687547,74772176,74574260,74546950,74577434,74609411,74628533,74694036,74649997,84643935,84643935,10
2025-10-02 14:44:26,30529,pairwise,VerletClusterLists,1.000000,vcl_sliced_balanced,neighbor-list-length,AoS,enabled,85753597,38759879,38814662,38720772,38810889,38778400,38811677,38832182,38729978,38740240,43475227,43475227,10
2025-10-02 14:44:26,30539,pairwise,VerletClusterLists,1.000000,vcl_sliced_balanced,neighbor-list-length,SoA,disabled,105899736,21329006,21321090,21346027,21288220,21350969,21328643,21330862,21296299,21344088,29783493,29783493,10
2025-10-02 14:44:26,30549,pairwise,VerletClusterLists,1.000000,vcl_sliced_balanced,neighbor-list-length,SoA,enabled,58885961,11676679,11628340,11580733,11635874,11593320,12999704,12998775,11631891,13008460,16763972,16763972,10
2025-10-02 14:44:27,30559,pairwise,VerletClusterLists,1.000000,vcl_sliced_c02,none,AoS,disabled,192878538,87227428,91107006,91119579,89234407,86183851,90932523,89236746,89524235,86035166,99347947,99347947,10
2025-10-02 14:44:28,30569,pairwise,VerletClusterLists,1.000000,vcl_sliced_c02,none,AoS,enabled,94064516,45723369,46178943,47064487,45647349,45049975,45709373,45527444,45149776,45688304,50580353,50580353,10
2025-10-02 14:44:28,30579,pairwise,VerletClusterLists,1.000000,vcl_sliced_c02,none,SoA,disabled,111686070,26939406,27215744,27252133,26466485,26393363,26450182,26613447,27031735,27227821,35327638,35327638,10
2025-10-02 14:44:28,30589,pairwise,VerletClusterLists,1.000000,vcl_sliced_c02,none,SoA,enabled,60594664,14349883,14348547,13971868,14645209,14750781,14395703,14187619,14366132,13885225,18949562,18949562,10
2025-10-02 14:44:28,30599,pairwise,VerletLists,1.000000,vl_list_iteration,none,AoS,disabled,54730899,10963910,10961422,10959874,10908466,10903633,10953056,10954980,10914352,10955451,15320603,15320603,10
2025-10-02 14:44:29,30609,pairwise,VerletLists,1.000000,vl_list_iteration,none,SoA,disabled,195446991,11013205,10896471,10862348,10866713,10838320,10838975,10831633,10836373,10834654,29326567,29326567,10
2025-10-02 14:44:29,30619,pairwise,VerletListsCells,1.000000,vlc_c01,none,AoS,disabled,68463231,9028649,9037767,9021001,9028027,9060489,9024581,9037042,9031118,9026110,14975800,14975800,10
2025-10-02 14:44:29,30629,pairwise,VerletListsCells,1.000000,vlc_c01,none,SoA,disabled,207965328,11911188,11872396,11882152,11870982,11886016,11874701,11861526,11881320,11870837,31487644,31487644,10
2025-10-02 14:44:29,30639,pairwise,VerletListsCells,1.000000,vlc_c18,none,AoS,disabled,56192694,8495489,8496566,8490658,8486176,8484406,8464636,8473182,8463926,8467756,13251548,13251548,10
2025-10-02 14:44:30,30649,pairwise,VerletListsCells,1.000000,vlc_c18,none,AoS,enabled,36305260,5114363,5087272,5081366,5085704,5077303,5082218,5092407,5078256,5086021,8209016,8209016,10
2025-10-02 14:44:30,30659,pairwise,VerletListsCells,1.000000,vlc_c18,none,SoA,disabled,338759976,14966239,14952618,14957607,14963497,14970160,14951342,14963856,14943707,14953249,47338224,47338224,10
2025-10-02 14:44:30,30669,pairwise,VerletListsCells,1.000000,vlc_c18,none,SoA,enabled,188115883,11948068,11896149,11888279,11902494,11145337,11149869,11149152,11131354,11156760,29148334,29148334,10
2025-10-02 14:44:30,30679,pairwise,VerletListsCells,1.000000,vlc_c08,none,AoS,disabled,47345901,8841672,8806342,8792068,8817599,8800046,8797731,8830731,8787604,8803224,12662291,12662291,10
2025-10-02 14:44:31,30689,pairwise,VerletListsCells,1.000000,vlc_c08,none,AoS,enabled,41485838,5798897,5754063,5755694,5745655,5746772,5747181,5748447,5747781,5751134,9328145,9328145,10
2025-10-02 14:44:31,30699,pairwise,VerletListsCells,1.000000,vlc_c08,none,SoA,disabled,296591921,14452381,14471949,14440866,14441207,14442261,14429329,14439733,14453607,14451251,42661449,42661449,10
2025-10-02 14:44:31,30709,pairwise,VerletListsCells,1.000000,vlc_c08,none,SoA,enabled,211750864,12645270,12639319,12646769,12663103,12657130,12627567,12635119,12626280,12639425,32553084,32553084,10
2025-10-02 14:44:32,30719,pairwise,VerletListsCells,1.000000,vlc_sliced,none,AoS,disabled,58887924,13081685,13054210,13057379,13097527,12336257,13074988,13023516,13045296,12898205,17555698,17555698,10
2025-10-02 14:44:32,30729,pairwise,VerletListsCells,1.000000,vlc_sliced,none,AoS,enabled,39015579,6082610,6105320,6082529,6090957,6083774,6066611,6076160,6100889,6053961,9375838,9375838,10
2025-10-02 14:44:32,30739,pairwise,VerletListsCells,1.000000,vlc_sliced,none,SoA,disabled,340243326,17953536,17934235,17896019,17913851,17867536,17824492,18048861,17958758,17652909,50129352,50129352,10
2025-10-02 14:44:32,30749,pairwise,VerletListsCells,1.000000,vlc_sliced,none,SoA,enabled,198412927,12170070,12119376,12119321,12077109,11337218,11371806,11334157,11339965,11410697,30369264,30369264,10
2025-10-02 14:44:33,30759,pairwise,VerletListsCells,1.000000,vlc_sliced_balanced,none,AoS,disabled,55793733,12029317,12039702,12037058,12017851,12027332,11991197,12039677,12041138,11995473,16401247,16401247,10
2025-10-02 14:44:33,30769,pairwise,VerletListsCells,1.000000,vlc_sliced_balanced,none,AoS,enabled,37514874,6120872,6131641,6124402,6112946,6132171,6126700,6144197,6136473,6134564,9267883,9267883,10
2025-10-02 14:44:33,30779,pairwise,VerletListsCells,1.000000,vlc_sliced_balanced,none,SoA,disabled,328130075,18415451,18332848,18332875,18314410,18314202,18311435,18328100,18316138,18270398,49306592,49306592,10
2025-10-02 14:44:34,30789,pairwise,VerletListsCells,1.000000,vlc_sliced_balanced,none,SoA,enabled,198984943,12266101,12215908,12248657,12171712,11499606,11399324,11400002,11327595,11407274,30492111,30492111,10
2025-10-02 14:44:34,30799,pairwise,VerletListsCells,1.000000,vlc_sliced_balanced,squared-particles-per-cell,AoS,disabled,58183287,12301842,12282239,12276314,12256436,12289132,12298460,12277015,12280845,12300878,16874644,16874644,10
2025-10-02 14:44:34,30809,pairwise,VerletListsCells,1.000000,vlc_sliced_balanced,squared-particles-per-cell,AoS,enabled,38051551,6374365,6354395,6363351,6352744,6358073,6360294,6362541,6368778,6372232,9531831,9531831,10
2025-10-02 14:44:34,30819,pairwise,VerletListsCells,1.000000,vlc_sliced_balanced,squared-particles-per-cell,SoA,disabled,325951518,17874182,17821753,17850519,17791288,17781204,17832573,17766316,17837482,17823094,48632992,48632992,10
2025-10-02 14:44:35,30829,pairwise,VerletListsCells,1.000000,vlc_sliced_balanced,squared-particles-per-cell,SoA,enabled,212151918,12219436,12227767,12242365,12238479,11532268,11429073,11436436,11390645,11365925,31823430,31823430,10
2025-10-02 14:44:35,30839,pairwise,VerletListsCells,1.000000,vlc_sliced_balanced,neighbor-list-length,AoS,disabled,57929798,12706170,12711316,12699317,12716374,12712905,12726561,12713028,12723656,12696525,17233564,17233564,10
2025-10-02 14:44:35,30849,pairwise,VerletListsCells,1.000000,vlc_sliced_balanced,neighbor-list-length,AoS,enabled,38173492,6411688,6385658,6366474,6370692,6391898,6372424,6367700,6389785,6364696,9559450,9559450,10
2025-10-02 14:44:36,30859,pairwise,VerletListsCells,1.000000,vlc_sliced_balanced,neighbor-list-length,SoA,disabled,327465003,18686924,18599698,18596050,18587068,18586242,18572336,18569328,18541517,18546978,49475114,49475114,10
2025-10-02 14:44:36,30869,pairwise,VerletListsCells,1.000000,vlc_sliced_balanced,neighbor-list-length,SoA,enabled,216130819,12551209,12477549,12496318,12457361,12011741,11641199,11646459,11639345,11636635,32468863,32468863,10
2025-10-02 14:44:36,30879,pairwise,VerletListsCells,1.000000,vlc_sliced_c02,none,AoS,disabled,60194462,15864732,15933406,15817104,15952437,15767572,15878540,15802562,15935045,15849667,20299552,20299552,10
2025-10-02 14:44:36,30889,pairwise,VerletListsCells,1.000000,vlc_sliced_c02,none,AoS,enabled,39449451,8213745,8249182,8284433,8300289,8309970,8248988,8230676,8241803,8260768,11378929,11378929,10
2025-10-02 14:44:37,30899,pairwise,VerletListsCells,1.000000,vlc_sliced_c02,none,SoA,disabled,332129214,21792437,21768520,21764493,21804048,21844501,21698169,21682045,21784658,21746208,52801428,52801428,10
2025-10-02 14:44:37,30909,pairwise,VerletListsCells,1.000000,vlc_sliced_c02,none,SoA,enabled,212648779,14081794,14036274,13982408,14063320,14075071,13367811,13255986,13252564,13222433,33598643,33598643,10
2025-10-02 14:44:38,30919,pairwise,PairwiseVerletLists,1.000000,vlp_c01,none,AoS,disabled,79359361,10940838,10967640,10945993,10945913,10939155,10939421,10965426,10963558,10973122,17794042,17794042,10
2025-10-02 14:44:38,30929,pairwise,PairwiseVerletLists,1.000000,vlp_c01,none,SoA,disabled,587093306,21655440,21652074,21655287,21640512,21674063,21638261,21634698,21662978,21631332,78193795,78193795,10
2025-10-02 14:44:38,30939,pairwise,PairwiseVerletLists,1.000000,vlp_c18,none,AoS,disabled,72421648,11253319,11228057,11240245,11240839,11246020,11225730,11219097,11223593,11219204,17351774,17351774,10
2025-10-02 14:44:39,30949,pairwise,PairwiseVerletLists,1.000000,vlp_c18,none,AoS,enabled,85999785,6998516,6976134,6973819,6965940,6979525,6972826,6971206,6972339,6967209,14877729,14877729,10
2025-10-02 14:44:40,30959,pairwise,PairwiseVerletLists,1.000000,vlp_c18,none,SoA,disabled,723642483,20481701,20475511,20460517,20463549,20470331,20475941,20465940,20467432,20454751,90785815,90785815,10
2025-10-02 14:44:40,30969,pairwise,PairwiseVerletLists,1.000000,vlp_c18,none,SoA,enabled,504529063,15468926,15449173,15452056,15468049,15453079,15476001,15441887,15445829,15468072,64365213,64365213,10
2025-10-02 14:44:40,30979,pairwise,PairwiseVerletLists,1.000000,vlp_sliced,none,AoS,disabled,80369580,18062980,17794050,17988055,17671282,17893812,17856181,17901746,17988498,17936160,24146234,24146234,10
2025-10-02 14:44:41,30989,pairwise,PairwiseVerletLists,1.000000,vlp_sliced,none,AoS,enabled,90096085,8338686,8272065,8314321,8318246,8346625,8281750,8278083,8208985,8204350,16465919,16465919,10
2025-10-02 14:44:42,30999,pairwise,PairwiseVerletLists,1.000000,vlp_sliced,none,SoA,disabled,706751438,26460736,26223723,26454762,26254246,26158168,26341747,26359188,26255841,26292381,94355222,94355222,10
2025-10-02 14:44:42,31009,pairwise,PairwiseVerletLists,1.000000,vlp_sliced,none,SoA,enabled,511920628,18626056,18634896,18556104,18600039,18715100,18456472,18618655,18505483,18685821,67931925,67931925,10
2025-10-02 14:44:43,31019,pairwise,PairwiseVerletLists,1.000000,vlp_sliced_balanced,none,AoS,disabled,80703907,17772435,17727993,17709959,17728676,17715688,17730988,17712283,17733478,17727202,24026260,24026260,10
2025-10-02 14:44:43,31029,pairwise,PairwiseVerletLists,1.000000,vlp_sliced_balanced,none,AoS,enabled,91023154,8365435,8358951,8333700,8313381,8321244,8309627,8319430,8297706,8316187,16595881,16595881,10
2025-10-02 14:44:44,31039,pairwise,PairwiseVerletLists,1.000000,vlp_sliced_balanced,none,SoA,disabled,697132598,26542322,26488983,26480850,26468683,26476040,26471328,26497570,26433906,26560336,93555261,93555261,10
2025-10-02 14:44:44,31049,pairwise,PairwiseVerletLists,1.000000,vlp_sliced_balanced,none,SoA,enabled,503316586,18716755,18688980,18636257,18642720,18653562,18646998,18645234,18651781,18676475,67127534,67127534,10
2025-10-02 14:44:45,31059,pairwise,PairwiseVerletLists,1.000000,vlp_sliced_c02,none,AoS,disabled,85539909,22876063,23027562,22879794,23113677,22878452,22898779,23020928,22924515,22894774,29205444,29205444,10
2025-10-02 14:44:45,31069,pairwise,PairwiseVerletLists,1.000000,vlp_sliced_c02,none,AoS,enabled,93732531,10688838,10752660,10727162,10694912,10728553,10649054,10718675,10662568,10594310,18994926,18994926,10
2025-10-02 14:44:46,31079,pairwise,PairwiseVerletLists,1.000000,vlp_sliced_c02,none,SoA,disabled,702136305,32593874,32281657,32342487,32374147,32619646,32615762,32383790,32176115,32370148,99389393,99389393,10
2025-10-02 14:44:47,31089,pairwise,PairwiseVerletLists,1.000000,vlp_sliced_c02,none,SoA,enabled,510435601,22607512,22640954,22669588,22363000,22598848,22576272,22661263,22810364,22466486,71382988,71382988,10
2025-10-02 14:44:47,31099,pairwise,PairwiseVerletLists,1.000000,vlp_c08,none,AoS,disabled,78341226,15431460,15389980,15384260,15371655,15354951,15348745,15333067,15337888,15336414,21662964,21662964,10
2025-10-02 14:44:47,31109,pairwise,PairwiseVerletLists,1.000000,vlp_c08,none,AoS,enabled,91355258,8613483,8558110,8553020,8548632,8552213,8565876,8537743,8555728,8544755,16838481,16838481,10
2025-10-02 14:44:48,31119,pairwise,PairwiseVerletLists,1.000000,vlp_c08,none,SoA,disabled,695026573,23708404,23686852,23727030,23707410,23704509,23703698,23683170,23693818,23688503,90832996,90832996,10
2025-10-02 14:44:49,31129,pairwise,PairwiseVerletLists,1.000000,vlp_c08,none,SoA,enabled,505635817,17272265,17256190,17260206,17267401,17265352,17264063,17261251,17263330,17271037,66101691,66101691,10
2025-10-02 14:46:08,35009,pairwise,LinkedCells,1.000000,lc_c01,none,AoS,disabled,21531876,21502875,21633838,21613686,21612944,21645841,21891741,22129715,21637268,21392851,21659262,21659262,10
2025-10-02 14:46:08,35019,pairwise,LinkedCells,1.000000,lc_c01,none,SoA,disabled,11974086,11902594,11921419,11929568,11983773,11951817,11928137,12021602,11965114,12010059,11958816,11958816,10
2025-10-02 14:46:08,35029,pairwise,LinkedCells,1.000000,lc_c01_combined_SoA,none,SoA,disabled,9977953,10058168,10005725,10122049,10251407,9938844,10042271,10090766,10086430,10040222,10061383,10061383,10
2025-10-02 14:46:08,35039,pairwise,LinkedCells,1.000000,lc_c04,none,AoS,disabled,15767684,15708745,15856189,15758009,15879034,15844656,15676490,16004122,15644052,15900797,15803977,15803977,10
2025-10-02 14:46:08,35049,pairwise,LinkedCells,1.000000,lc_c04,none,AoS,enabled,11308973,11260009,11150009,11148872,11200867,11302805,11302789,11277146,11296784,11353888,11260213,11260213,10
2025-10-02 14:46:08,35059,pairwise,LinkedCells,1.000000,lc_c04,none,SoA,disabled,11533884,11511701,11457268,11554242,11357347,11463943,11406751,11322276,11373352,11395040,11437580,11437580,10
2025-10-02 14:46:08,35069,pairwise,LinkedCells,1.000000,lc_c04,none,SoA,enabled,7588951,7495573,7498940,7458491,7492628,7493254,7505381,7556949,7521649,7489196,7510101,7510101,10
2025-10-02 14:46:08,35079,pairwise,LinkedCells,1.000000,lc_c04_HCP,none,AoS,disabled,14613302,14458255,14415198,14408309,14404298,14402856,14396288,14611510,14670370,14618671,14499905,14499905,10
2025-10-02 14:46:09,35089,pairwise,LinkedCells,1.000000,lc_c04_HCP,none,AoS,enabled,10607564,10669976,10735070,10722084,10758743,10680129,10719098,10721105,10698591,10747252,10705961,10705961,10
2025-10-02 14:46:09,35099,pairwise,LinkedCells,1.000000,lc_c04_HCP,none,SoA,disabled,11653528,11560167,11481043,11470102,11429443,11422634,11465515,11411402,11460027,11411819,11476567,11476567,10
2025-10-02 14:46:09,35109,pairwise,LinkedCells,1.000000,lc_c04_HCP,none,SoA,enabled,8019721,8013566,8007038,7963718,7953071,7948688,7956753,7944405,7976888,7942554,7972640,7972640,10
2025-10-02 14:46:09,35119,pairwise,LinkedCells,1.000000,lc_c04_combined_SoA,none,SoA,disabled,13063708,12928531,12743114,12674668,12693106,12799437,12832561,12768088,12680113,12665124,12784844,12784844,10
2025-10-02 14:46:09,35129,pairwise,LinkedCells,1.000000,lc_c04_combined_SoA,none,SoA,enabled,9941716,9883826,9805417,9865730,9903361,9839815,9895005,9814736,9767690,9872633,9858992,9858992,10
2025-10-02 14:46:09,35139,pairwise,LinkedCells,1.000000,lc_c08,none,AoS,disabled,15310983,15241770,15221581,15220004,15219381,15204066,15144725,15094147,15094662,15100571,15185188,15185188,10
2025-10-02 14:46:09,35149,pairwise,LinkedCells,1.000000,lc_c08,none,AoS,enabled,11318792,11307954,11457204,11558675,11626480,11574826,11563310,11594510,11616820,11665090,11528366,11528366,10
2025-10-02 14:46:09,35159,pairwise,LinkedCells,1.000000,lc_c08,none,SoA,disabled,13891057,13726764,13688086,13678607,13658979,13615306,13343269,13297760,13327959,13738172,13596595,13596595,10
2025-10-02 14:46:10,35169,pairwise,LinkedCells,1.000000,lc_c08,none,SoA,enabled,10669004,10565775,10600627,10513483,10345621,10193374,10199906,10433138,10305615,10249998,10407653,10407653,10
2025-10-02 14:46:10,35179,pairwise,LinkedCells,1.000000,lc_c18,none,AoS,disabled,15139726,15089336,15076012,15120899,15097355,15136978,15097760,15092119,15094938,15099924,15104504,15104504,10
2025-10-02 14:46:10,35189,pairwise,LinkedCells,1.000000,lc_c18,none,AoS,enabled,11255468,11246092,11193037,11216050,11199253,11200145,11243868,11187409,11195132,11193887,11213033,11213033,10
2025-10-02 14:46:10,35199,pairwise,LinkedCells,1.000000,lc_c18,none,SoA,disabled,12272020,12197144,12222435,12193848,12165918,12166760,12281032,12292263,12162123,12140037,12209357,12209357,10
2025-10-02 14:46:10,35209,pairwise,LinkedCells,1.000000,lc_c18,none,SoA,enabled,8634015,8515038,8424734,8454365,8535280,8478079,8451274,8464270,8428592,8437966,8482360,8482360,10
2025-10-02 14:46:10,35219,pairwise,LinkedCells,1.000000,lc_sliced,none,AoS,disabled,16099907,15956543,15956980,16106043,16108582,16079848,15728913,16020180,16090920,16073192,16022110,16022110,10
2025-10-02 14:46:10,35229,pairwise,LinkedCells,1.000000,lc_sliced,none,AoS,enabled,11490113,11500977,11431451,11506454,11487842,11219428,11511102,11465415,11484454,11415272,11451250,11451250,10
2025-10-02 14:46:10,35239,pairwise,LinkedCells,1.000000,lc_sliced,none,SoA,disabled,11593038,11575141,11589285,11524958,11497643,11501014,11484451,11527467,11548670,11455978,11529764,11529764,10
2025-10-02 14:46:11,35249,pairwise,LinkedCells,1.000000,lc_sliced,none,SoA,enabled,7332167,7295265,7254572,7273757,7296744,7288804,7300520,7263152,7269399,7305991,7288036,7288036,10
2025-10-02 14:46:11,35259,pairwise,LinkedCells,1.000000,lc_sliced_balanced,none,AoS,disabled,16091959,16081648,16052036,16070730,16049412,16074055,16061666,16037902,16038697,16047956,16060605,16060605,10
2025-10-02 14:46:11,35269,pairwise,LinkedCells,1.000000,lc_sliced_balanced,none,AoS,enabled,11457051,11470259,11457503,11473240,11469942,11443206,11470250,11463334,11475354,11460878,11464101,11464101,10
2025-10-02 14:46:11,35279,pairwise,LinkedCells,1.000000,lc_sliced_balanced,none,SoA,disabled,11591780,11562580,11545076,11527547,11554449,11541660,11516653,11535554,11541573,11537534,11545439,11545439,10
2025-10-02 14:46:11,35289,pairwise,LinkedCells,1.000000,lc_sliced_balanced,none,SoA,enabled,7306135,7283820,7319256,7282733,7289627,7264228,7301057,7300544,7290275,7294736,7293240,7293240,10
2025-10-02 14:46:11,35299,pairwise,LinkedCells,1.000000,lc_sliced_balanced,squared-particles-per-cell,AoS,disabled,17224348,16955967,16986535,16982548,16977397,16969489,16987255,16972592,16993951,16974719,17002480,17002480,10
2025-10-02 14:46:11,35309,pairwise,LinkedCells,1.000000,lc_sliced_balanced,squared-particles-per-cell,AoS,enabled,12387923,12351994,12320065,12323779,12321543,12296784,12325054,12310158,12291188,12300504,12322898,12322898,10
2025-10-02 14:46:12,35319,pairwise,LinkedCells,1.000000,lc_sliced_balanced,squared-particles-per-cell,SoA,disabled,14170185,12813952,12812599,12789730,12796409,12949032,12816592,12919657,12823080,12881214,12977244,12977244,10
2025-10-02 14:46:12,35329,pairwise,LinkedCells,1.000000,lc_sliced_balanced,squared-particles-per-cell,SoA,enabled,8821701,8602936,8531366,8587199,8591275,8549514,8592323,8558128,8574115,8606908,8601545,8601545,10
2025-10-02 14:46:12,35339,pairwise,LinkedCells,1.000000,lc_sliced_c02,none,AoS,disabled,16168107,15895168,15770504,15674134,15890156,15952100,15937717,15920379,15804281,15927828,15894037,15894037,10
2025-10-02 14:46:12,35349,pairwise,LinkedCells,1.000000,lc_sliced_c02,none,AoS,enabled,11311733,11234637,11281469,11343173,11336290,11291591,11331349,11292157,11330894,11306619,11305991,11305991,10
2025-10-02 14:46:12,35359,pairwise,LinkedCells,1.000000,lc_sliced_c02,none,SoA,disabled,12542277,11303514,11262841,11444431,11348610,11215838,11382685,11176203,11330516,11379053,11438596,11438596,10
2025-10-02 14:46:12,35369,pairwise,LinkedCells,1.000000,lc_sliced_c02,none,SoA,enabled,7517321,7272775,7100037,7159973,7293444,7072825,7098025,7055418,7082842,7006511,7165916,7165916,10
2025-10-02 14:46:13,35379,pairwise,VerletClusterLists,1.000000,vcl_c01_balanced,none,AoS,disabled,138503167,32569684,32625686,32640796,32598328,32574382,32626415,32589187,32632951,32637049,43199764,43199764,10
2025-10-02 14:46:13,35389,pairwise,VerletClusterLists,1.000000,vcl_c01_balanced,none,SoA,disabled,98244510,11291179,11281299,11264002,11256792,11279529,11272649,11254569,11258639,11279785,19968295,19968295,10
2025-10-02 14:46:13,35399,pairwise,VerletClusterLists,1.000000,vcl_c06,none,AoS,disabled,129907759,42752197,42786942,42527278,41079118,41418979,41313438,41202723,41603606,41537032,50612907,50612907,10
2025-10-02 14:46:14,35409,pairwise,VerletClusterLists,1.000000,vcl_c06,none,AoS,enabled,69319343,21310715,21288255,21780328,21032066,21531444,21140826,21886225,21123936,21158217,26157134,26157134,10
2025-10-02 14:46:14,35419,pairwise,VerletClusterLists,1.000000,vcl_c06,none,SoA,disabled,101333468,14358566,14695771,14632320,15056270,14924350,14543840,14630608,14930819,14770438,23387645,23387645,10
2025-10-02 14:46:14,35429,pairwise,VerletClusterLists,1.000000,vcl_c06,none,SoA,enabled,56076153,8075367,8015330,8092027,8096993,8054185,8019160,8062947,8257667,8029772,12877959,12877959,10
2025-10-02 14:46:15,35439,pairwise,VerletClusterLists,1.000000,vcl_sliced,none,AoS,disabled,170544086,83031598,83693334,72274461,83726963,83706449,83735900,83819524,82949573,83863071,91134495,91134495,10
2025-10-02 14:46:16,35449,pairwise,VerletClusterLists,1.000000,vcl_sliced,none,AoS,enabled,88147781,42043413,42269432,36169177,40403330,40276679,36986637,42118154,40411951,40377011,44920356,44920356,10
2025-10-02 14:46:16,35459,pairwise,VerletClusterLists,1.000000,vcl_sliced,none,SoA,disabled,109261146,23157999,22269782,23097750,23076626,23066182,23088197,23071706,22341585,23156735,31558770,31558770,10
2025-10-02 14:46:16,35469,pairwise,VerletClusterLists,1.000000,vcl_sliced,none,SoA,enabled,60874184,12196027,12531490,11846760,12210199,12528644,12233639,11596638,10583754,12204126,16880546,16880546,10
2025-10-02 14:46:17,35479,pairwise,VerletClusterLists,1.000000,vcl_sliced_balanced,none,AoS,disabled,170301428,83505619,83572962,83592667,83507729,83580040,83407143,83419224,83582168,83499769,92196874,92196874,10
2025-10-02 14:46:17,35489,pairwise,VerletClusterLists,1.000000,vcl_sliced_balanced,none,AoS,enabled,90046310,42286893,42347004,42343329,42255103,42291307,42283501,42211011,42215203,42319656,47059931,47059931,10
2025-10-02 14:46:18,35499,pairwise,VerletClusterLists,1.000000,vcl_sliced_balanced,none,SoA,disabled,109620299,23016124,23010586,23001746,23003112,22998110,22996297,22986382,22982410,23010129,31662519,31662519,10
2025-10-02 14:46:18,35509,pairwise,VerletClusterLists,1.000000,vcl_sliced_balanced,none,SoA,enabled,61044939,12519442,12498015,12496292,12512094,12517311,12489010,12504712,12487230,12508032,17357706,17357706,10
2025-10-02 14:46:19,35519,pairwise,VerletClusterLists,1.000000,vcl_sliced_balanced,neighbor-list-length,AoS,disabled,185553878,83560040,83523821,83523701,83513551,83403137,83516208,83476161,83403085,83503809,93697738,93697738,10
2025-10-02 14:46:19,35529,pairwise,VerletClusterLists,1.000000,vcl_sliced_balanced,neighbor-list-length,AoS,enabled,90180767,42259667,42263077,42268390,42180416,42315551,42256608,42243133,42337424,42289051,47059408,47059408,10
2025-10-02 14:46:20,35539,pairwise,VerletClusterLists,1.000000,vcl_sliced_balanced,neighbor-list-length,SoA,disabled,109746734,23057876,23055287,23072388,23033151,23031121,23069601,23029273,23057174,23060406,31721300,31721300,10
2025-10-02 14:46:20,35549,pairwise,VerletClusterLists,1.000000,vcl_sliced_balanced,neighbor-list-length,SoA,enabled,61092415,12585951,12559728,13237590,12601906,12551806,13224472,13222868,13208854,12547660,17683324,17683324,10
2025-10-02 14:46:21,35559,pairwise,VerletClusterLists,1.000000,vcl_sliced_c02,none,AoS,disabled,196545936,92136468,95825666,97708454,98506003,102141557,93928495,98374556,92123500,97729134,106501976,106501976,10
2025-10-02 14:46:22,35569,pairwise,VerletClusterLists,1.000000,vcl_sliced_c02,none,AoS,enabled,97331885,45260039,51919657,49620709,48254500,51101219,50650944,44955808,50173924,50183853,53945253,53945253,10
2025-10-02 14:46:22,35579,pairwise,VerletClusterLists,1.000000,vcl_sliced_c02,none,SoA,disabled,114523692,27093892,28523891,29011482,28597404,29696611,28556726,27899801,27890318,29134995,37092880,37092880,10
2025-10-02 14:46:22,35589,pairwise,VerletClusterLists,1.000000,vcl_sliced_c02,none,SoA,enabled,64289833,15245758,15828842,15761792,16223183,15630205,15524379,15263019,15655439,14625562,20404800,20404800,10
2025-10-02 14:46:22,35599,pairwise,VerletLists,1.000000,vl_list_iteration,none,AoS,disabled,55799384,11261327,11245639,11199004,11244129,11197750,11244057,11202522,11256621,11202884,15685331,15685331,10
2025-10-02 14:46:23,35609,pairwise,VerletLists,1.000000,vl_list_iteration,none,SoA,disabled,199400061,11531691,11310919,11265967,11262698,11262443,11282075,11288301,11276616,11268538,30114930,30114930,10
2025-10-02 14:46:23,35619,pairwise,VerletListsCells,1.000000,vlc_c01,none,AoS,disabled,69089978,9331338,9365535,9328430,9330712,9356027,9316447,9325900,9317494,9371632,15313349,15313349,10
2025-10-02 14:46:23,35629,pairwise,VerletListsCells,1.000000,vlc_c01,none,SoA,disabled,214860836,12262274,12222428,12221914,12227410,12230449,12250194,12233624,12241920,12228096,32497913,32497913,10
2025-10-02 14:46:24,35639,pairwise,VerletListsCells,1.000000,vlc_c18,none,AoS,disabled,55681100,8825369,8809608,8836427,8819290,8797770,8804367,8823711,8804610,8814796,13501704,13501704,10
2025-10-02 14:46:24,35649,pairwise,VerletListsCells,1.000000,vlc_c18,none,AoS,enabled,38178573,5311740,5320672,5255536,5272370,5283833,5272915,5263918,5265233,5265310,8569009,8569009,10
2025-10-02 14:46:24,35659,pairwise,VerletListsCells,1.000000,vlc_c18,none,SoA,disabled,331014322,15326917,15354680,15325262,15341604,15332363,15338175,15327055,15347094,15343739,46905121,46905121,10
2025-10-02 14:46:24,35669,pairwise,VerletListsCells,1.000000,vlc_c18,none,SoA,enabled,194380703,12236593,12219338,12238800,12246327,11698193,11489928,11454385,11477921,11472113,30091429,30091429,10
2025-10-02 14:46:25,35679,pairwise,VerletListsCells,1.000000,vlc_c08,none,AoS,disabled,48965965,9210808,9212167,9222019,9206791,9188260,9182623,9200967,9195919,9211348,13179686,13179686,10
2025-10-02 14:46:25,35689,pairwise,VerletListsCells,1.000000,vlc_c08,none,AoS,enabled,42054939,6021154,5981577,5994380,5995602,5994102,5980854,5989240,5990425,5989809,9599207,9599207,10
2025-10-02 14:46:25,35699,pairwise,VerletListsCells,1.000000,vlc_c08,none,SoA,disabled,307287846,14910651,14901142,14900375,14903750,14918234,14899575,14898366,14910476,14901094,44143150,44143150,10
2025-10-02 14:46:25,35709,pairwise,VerletListsCells,1.000000,vlc_c08,none,SoA,enabled,217387933,13044437,13017420,13040767,13032453,13029280,13025877,13040894,13011692,13013247,33464399,33464399,10
2025-10-02 14:46:26,35719,pairwise,VerletListsCells,1.000000,vlc_sliced,none,AoS,disabled,61581342,13495408,13533327,13466277,13461237,13456923,13431550,13525212,13467878,13513602,18293275,18293275,10
2025-10-02 14:46:26,35729,pairwise,VerletListsCells,1.000000,vlc_sliced,none,AoS,enabled,40516888,6396834,6368010,6343500,6370867,6350822,6349738,6340046,6361303,6378261,9777626,9777626,10
2025-10-02 14:46:26,35739,pairwise,VerletListsCells,1.000000,vlc_sliced,none,SoA,disabled,354894845,18701339,18821600,18594910,18661357,18605646,18575037,18620629,18611132,18700642,52278713,52278713,10
2025-10-02 14:46:27,35749,pairwise,VerletListsCells,1.000000,vlc_sliced,none,SoA,enabled,207819503,12627031,12573296,12592865,12525845,11817663,11789342,11759805,11788479,11827986,31712181,31712181,10
2025-10-02 14:46:27,35759,pairwise,VerletListsCells,1.000000,vlc_sliced_balanced,none,AoS,disabled,59520071,12960582,12964171,12976512,12929975,12942932,12956969,12944598,12956211,12945629,17609764,17609764,10
2025-10-02 14:46:27,35769,pairwise,VerletListsCells,1.000000,vlc_sliced_balanced,none,AoS,enabled,39005263,6424013,6413084,6406789,6392552,6398148,6384710,6392217,6412147,6387239,9661616,9661616,10
2025-10-02 14:46:27,35779,pairwise,VerletListsCells,1.000000,vlc_sliced_balanced,none,SoA,disabled,338951471,18710577,18622032,18617573,18592023,18592714,18596565,18601430,18603128,18612803,50650031,50650031,10
2025-10-02 14:46:28,35789,pairwise,VerletListsCells,1.000000,vlc_sliced_balanced,none,SoA,enabled,197135919,12725335,12632852,12655676,12092660,11836672,11875925,11823325,11824557,11823203,30642612,30642612,10
2025-10-02 14:46:28,35799,pairwise,VerletListsCells,1.000000,vlc_sliced_balanced,squared-particles-per-cell,AoS,disabled,59410656,12735495,12704812,12725542,12717621,12704237,12722772,12722193,12718215,12723260,17388479,17388479,10
2025-10-02 14:46:28,35809,pairwise,VerletListsCells,1.000000,vlc_sliced_balanced,squared-particles-per-cell,AoS,enabled,38978371,6624538,6635194,6614208,6602576,6610894,6607164,6608305,6613064,6610502,9850481,9850481,10
2025-10-02 14:46:29,35819,pairwise,VerletListsCells,1.000000,vlc_sliced_balanced,squared-particles-per-cell,SoA,disabled,340143824,18593247,18534128,18505897,18505547,18492304,18486966,18515027,18492947,18517261,50678714,50678714,10
2025-10-02 14:46:29,35829,pairwise,VerletListsCells,1.000000,vlc_sliced_balanced,squared-particles-per-cell,SoA,enabled,216333863,12674232,12683286,12633186,12680724,12370999,11859894,11845067,11835072,11855200,32677152,32677152,10
2025-10-02 14:46:29,35839,pairwise,VerletListsCells,1.000000,vlc_sliced_balanced,neighbor-list-length,AoS,disabled,59576703,13401467,13401888,13407670,13388540,13410668,13428373,13379758,13392421,13400298,18018778,18018778,10
2025-10-02 14:46:29,35849,pairwise,VerletListsCells,1.000000,vlc_sliced_balanced,neighbor-list-length,AoS,enabled,39013048,6788687,6769532,6779229,6788930,6739252,6779096,6790301,6769940,6745180,9996319,9996319,10
2025-10-02 14:46:30,35859,pairwise,VerletListsCells,1.000000,vlc_sliced_balanced,neighbor-list-length,SoA,disabled,341741853,19484123,19433459,19431540,19378351,19417372,19396982,19418832,19402548,19383684,51648874,51648874,10
2025-10-02 14:46:30,35869,pairwise,VerletListsCells,1.000000,vlc_sliced_balanced,neighbor-list-length,SoA,enabled,225405377,13036941,12962026,13012608,12932774,12976732,12141828,12130608,12122485,12129955,33885133,33885133,10
2025-10-02 14:46:31,35879,pairwise,VerletListsCells,1.000000,vlc_sliced_c02,none,AoS,disabled,63908905,16449630,16599427,16605798,16507860,16635512,16515171,16368621,16454243,16403888,21244905,21244905,10
2025-10-02 14:46:31,35889,pairwise,VerletListsCells,1.000000,vlc_sliced_c02,none,AoS,enabled,40734967,8532287,8483336,8559932,8576928,8494028,8427989,8472254,8638381,8556265,11747636,11747636,10
2025-10-02 14:46:31,35899,pairwise,VerletListsCells,1.000000,vlc_sliced_c02,none,SoA,disabled,348793579,22773233,22543779,22779651,22504422,22647922,22645946,22850526,22476124,22565490,55258066,55258066,10
2025-10-02 14:46:32,35909,pairwise,VerletListsCells,1.000000,vlc_sliced_c02,none,SoA,enabled,227664503,14668115,14547943,14614503,14654930,14641107,14187858,13691655,13803228,13812560,35628640,35628640,10
2025-10-02 14:46:32,35919,pairwise,PairwiseVerletLists,1.000000,vlp_c01,none,AoS,disabled,81782390,11284792,11294267,11319282,11274472,11290684,11282467,11274810,11317560,11325610,18344632,18344632,10
2025-10-02 14:46:33,35929,pairwise,PairwiseVerletLists,1.000000,vlp_c01,none,SoA,disabled,584528680,22148769,22152275,22146488,22151749,22145454,22119519,22140134,22155154,22154532,78384275,78384275,10
2025-10-02 14:46:33,35939,pairwise,PairwiseVerletLists,1.000000,vlp_c18,none,AoS,disabled,74396041,11567840,11542573,11578808,11564179,11582960,11579153,11542464,11547165,11574005,17847518,17847518,10
2025-10-02 14:46:33,35949,pairwise,PairwiseVerletLists,1.000000,vlp_c18,none,AoS,enabled,92752100,7196984,7181365,7166205,7168665,7167022,7185185,7187448,7166522,7173564,15734505,15734505,10
2025-10-02 14:46:34,35959,pairwise,PairwiseVerletLists,1.000000,vlp_c18,none,SoA,disabled,750817764,21190465,21185168,21188193,21168669,21142385,21155957,21181689,21171395,21152382,94135406,94135406,10
2025-10-02 14:46:35,35969,pairwise,PairwiseVerletLists,1.000000,vlp_c18,none,SoA,enabled,521716358,15914963,15919032,15915825,15910075,15901306,15901980,15898187,15914139,15906156,66489801,66489801,10
2025-10-02 14:46:35,35979,pairwise,PairwiseVerletLists,1.000000,vlp_sliced,none,AoS,disabled,81125921,17935554,17944228,17918609,17790218,17951187,17831215,17813493,17796125,17939865,24204640,24204640,10
2025-10-02 14:46:35,35989,pairwise,PairwiseVerletLists,1.000000,vlp_sliced,none,AoS,enabled,91470377,8482502,8515694,8564439,8461359,8553779,8496569,8533713,8549281,8531883,16815959,16815959,10
2025-10-02 14:46:36,35999,pairwise,PairwiseVerletLists,1.000000,vlp_sliced,none,SoA,disabled,718231443,27592276,27285595,27413092,27392945,27361516,27553412,27676241,27698168,27548024,96575271,96575271,10
2025-10-02 14:46:37,36009,pairwise,PairwiseVerletLists,1.000000,vlp_sliced,none,SoA,enabled,526318220,19299971,19174761,19250845,19262056,19264580,19192630,19175649,19124150,19205218,69926807,69926807,10
2025-10-02 14:46:37,36019,pairwise,PairwiseVerletLists,1.000000,vlp_sliced_balanced,none,AoS,disabled,81547178,17867460,17879350,17818051,17826044,17882282,17867507,17840294,17829912,17835837,24219391,24219391,10
2025-10-02 14:46:37,36029,pairwise,PairwiseVerletLists,1.000000,vlp_sliced_balanced,none,AoS,enabled,92053369,8562813,8566336,8557288,8557629,8563001,8533489,8523604,8534252,8544328,16899610,16899610,10
2025-10-02 14:46:38,36039,pairwise,PairwiseVerletLists,1.000000,vlp_sliced_balanced,none,SoA,disabled,730065951,27685822,27634437,27643447,27570220,27613677,27667814,27659017,27620581,27618644,97877961,97877961,10
2025-10-02 14:46:39,36049,pairwise,PairwiseVerletLists,1.000000,vlp_sliced_balanced,none,SoA,enabled,531970517,19320984,19255246,19290790,19277444,19279920,19263192,19281685,19282741,19307415,70552992,70552992,10
2025-10-02 14:46:39,36059,pairwise,PairwiseVerletLists,1.000000,vlp_sliced_c02,none,AoS,disabled,87347037,23985046,24026308,24222633,24021772,23980804,24040990,24051893,24071159,23981333,30372897,30372897,10
2025-10-02 14:46:39,36069,pairwise,PairwiseVerletLists,1.000000,vlp_sliced_c02,none,AoS,enabled,94884128,11063932,11002271,11009022,11053636,10936602,10952181,10986756,11014779,11001685,19390499,19390499,10
2025-10-02 14:46:40,36079,pairwise,PairwiseVerletLists,1.000000,vlp_sliced_c02,none,SoA,disabled,727915458,34034204,33697953,33286378,34054172,33967945,33210384,33924500,33802460,33614176,103150762,103150762,10
2025-10-02 14:46:41,36089,pairwise,PairwiseVerletLists,1.000000,vlp_sliced_c02,none,SoA,enabled,530566868,23611901,23347245,23668074,23566312,23414153,23467578,23250669,22988202,23250449,74113144,74113144,10
2025-10-02 14:46:41,36099,pairwise,PairwiseVerletLists,1.000000,vlp_c08,none,AoS,disabled,79417747,15812045,15751784,15738872,15749680,15715589,15726708,15726427,15725435,15714660,22107894,22107894,10
2025-10-02 14:46:42,36109,pairwise,PairwiseVerletLists,1.000000,vlp_c08,none,AoS,enabled,93017073,8856264,8791191,8783637,8776913,8777536,8779990,8769422,8769291,8776790,17209810,17209810,10
2025-10-02 14:46:43,36119,pairwise,PairwiseVerletLists,1.000000,vlp_c08,none,SoA,disabled,714199766,24523226,24503760,24471514,24491793,24478333,24453840,24490212,24476634,24477505,93456657,93456657,10
2025-10-02 14:46:43,36129,pairwise,PairwiseVerletLists,1.000000,vlp_c08,none,SoA,enabled,523211094,17757481,17765079,17731225,17753465,17744045,17749603,17751584,17753618,17752100,68296929,68296929,10
2025-10-02 14:48:03,40009,pairwise,LinkedCells,1.000000,lc_c01,none,AoS,disabled,21560866,21542558,21728251,21625332,21713762,21957607,22001240,22207772,21523217,21630606,21749120,21749120,10
2025-10-02 14:48:04,40019,pairwise,LinkedCells,1.000000,lc_c01,none,SoA,disabled,12103665,12080000,12174497,12093663,12084109,12122070,12135277,12137418,12089414,12172094,12119220,12119220,10
2025-10-02 14:48:04,40029,pairwise,LinkedCells,1.000000,lc_c01_combined_SoA,none,SoA,disabled,10101441,10180679,10135679,10158972,10290976,10398229,10255164,10376949,10224672,10098969,10222172,10222172,10
2025-10-02 14:48:04,40039,pairwise,LinkedCells,1.000000,lc_c04,none,AoS,disabled,16154310,15922696,16003361,16103363,15786484,16136094,15942864,15968527,15957173,15914285,15988915,15988915,10
2025-10-02 14:48:04,40049,pairwise,LinkedCells,1.000000,lc_c04,none,AoS,enabled,11400046,11379893,11346139,11313726,11294081,11390224,11337156,11398687,11421287,11434373,11371561,11371561,10
2025-10-02 14:48:04,40059,pairwise,LinkedCells,1.000000,lc_c04,none,SoA,disabled,11645671,11642997,11518773,11549089,11571951,11476742,11604055,11591766,11530297,11509382,11564071,11564071,10
2025-10-02 14:48:04,40069,pairwise,LinkedCells,1.000000,lc_c04,none,SoA,enabled,7622444,7578559,7574916,7673513,7661848,7527538,7652830,7607803,7553488,7593615,7604654,7604654,10
2025-10-02 14:48:04,40079,pairwise,LinkedCells,1.000000,lc_c04_HCP,none,AoS,disabled,14643544,14591745,14587920,14558485,14574620,14592203,14709273,14802202,14768592,14974604,14680318,14680318,10
2025-10-02 14:48:04,40089,pairwise,LinkedCells,1.000000,lc_c04_HCP,none,AoS,enabled,10890077,10822785,10844464,10926124,10938642,10919580,10911123,10858029,10759621,10765707,10863615,10863615,10
2025-10-02 14:48:05,40099,pairwise,LinkedCells,1.000000,lc_c04_HCP,none,SoA,disabled,11679524,11599186,11617930,11553460,11557563,11551237,11615669,11637324,11584012,11651954,11604785,11604785,10
2025-10-02 14:48:05,40109,pairwise,LinkedCells,1.000000,lc_c04_HCP,none,SoA,enabled,8143991,8100742,8083898,8091745,8093465,8064956,8043227,7975930,7897686,7846337,8034197,8034197,10
2025-10-02 14:48:05,40119,pairwise,LinkedCells,1.000000,lc_c04_combined_SoA,none,SoA,disabled,12909332,13031830,12906032,12892913,12940695,12894007,13018334,12934380,12924069,13080953,12953253,12953253,10
2025-10-02 14:48:05,40129,pairwise,LinkedCells,1.000000,lc_c04_combined_SoA,none,SoA,enabled,10029263,9972524,9972634,9942066,9977090,9890698,9934120,9971861,9911659,9945578,9954749,9954749,10
2025-10-02 14:48:05,40139,pairwise,LinkedCells,1.000000,lc_c08,none,AoS,disabled,15405538,15354960,15364626,15324405,15282706,15241258,15271908,15253373,15306557,15491634,15329695,15329695,10
2025-10-02 14:48:05,40149,pairwise,LinkedCells,1.000000,lc_c08,none,AoS,enabled,11735604,11696972,11633293,11763931,11761054,11822546,11864594,11762113,11733525,11849206,11762283,11762283,10
2025-10-02 14:48:05,40159,pairwise,LinkedCells,1.000000,lc_c08,none,SoA,disabled,14097434,13906647,13530543,13475041,13418145,13860149,14203191,14162501,14204790,13922381,13878081,13878081,10
2025-10-02 14:48:05,40169,pairwise,LinkedCells,1.000000,lc_c08,none,SoA,enabled,10445931,10470664,10542223,10419057,10273560,10168283,10160022,10140548,10149663,10130840,10290078,10290078,10
2025-10-02 14:48:06,40179,pairwise,LinkedCells,1.000000,lc_c18,none,AoS,disabled,15318185,15251390,15267855,15292340,15278689,15294791,15287507,15272298,15274088,15272679,15280981,15280981,10
2025-10-02 14:48:06,40189,pairwise,LinkedCells,1.000000,lc_c18,none,AoS,enabled,11385243,11306831,11316210,11314116,11314579,11301770,11305890,11286145,11307830,11315985,11315459,11315459,10
2025-10-02 14:48:06,40199,pairwise,LinkedCells,1.000000,lc_c18,none,SoA,disabled,12493997,12648536,12416946,12314865,12360634,12393073,12394787,12385978,12400228,12437967,12424700,12424700,10
2025-10-02 14:48:06,40209,pairwise,LinkedCells,1.000000,lc_c18,none,SoA,enabled,8811338,8654205,8634839,8620798,8675770,8636370,8653738,8585321,8646389,8562689,8648145,8648145,10
2025-10-02 14:48:06,40219,pairwise,LinkedCells,1.000000,lc_sliced,none,AoS,disabled,16399974,16346303,16346250,16402489,16334958,16381339,16405859,16343180,16403084,16387191,16375062,16375062,10
2025-10-02 14:48:06,40229,pairwise,LinkedCells,1.000000,lc_sliced,none,AoS,enabled,11681244,11697767,11724336,11738611,11736734,11716587,11752611,11685789,11720343,11735706,11718972,11718972,10
2025-10-02 14:48:06,40239,pairwise,LinkedCells,1.000000,lc_sliced,none,SoA,disabled,11872780,11800271,11826900,11773485,11785973,11492141,11770360,11796827,11761047,11781519,11766130,11766130,10
2025-10-02 14:48:06,40249,pairwise,LinkedCells,1.000000,lc_sliced,none,SoA,enabled,7488541,7513100,7330968,7458537,7415690,7444268,7458896,7560618,7480068,7472982,7462366,7462366,10
2025-10-02 14:48:07,40259,pairwise,LinkedCells,1.000000,lc_sliced_balanced,none,AoS,disabled,16378837,16357400,16320421,16333231,16345072,16360321,16368118,16333020,16373317,16360320,16353005,16353005,10
2025-10-02 14:48:07,40269,pairwise,LinkedCells,1.000000,lc_sliced_balanced,none,AoS,enabled,11723519,11721686,11739301,11702456,11704698,11717749,11731712,11715799,11721567,11710484,11718896,11718896,10
2025-10-02 14:48:07,40279,pairwise,LinkedCells,1.000000,lc_sliced_balanced,none,SoA,disabled,11828124,11752093,11785459,11755753,11777930,11721248,11787058,11749594,11770151,11744381,11767178,11767178,10
2025-10-02 14:48:07,40289,pairwise,LinkedCells,1.000000,lc_sliced_balanced,none,SoA,enabled,7470551,7416803,7486680,7429366,7420134,7460102,7398759,7436578,7371304,7425143,7431541,7431541,10
2025-10-02 14:48:07,40299,pairwise,LinkedCells,1.000000,lc_sliced_balanced,squared-particles-per-cell,AoS,disabled,17091681,16810724,16809920,16821988,16834569,16825767,16810345,16812881,16828093,16813361,16845932,16845932,10
2025-10-02 14:48:07,40309,pairwise,LinkedCells,1.000000,lc_sliced_balanced,squared-particles-per-cell,AoS,enabled,12257151,12202247,12189380,12211260,12187533,12176713,12197331,12212783,12193157,12191313,12201886,12201886,10
2025-10-02 14:48:07,40319,pairwise,LinkedCells,1.000000,lc_sliced_balanced,squared-particles-per-cell,SoA,disabled,14233625,12878270,12787429,12866202,12869529,12865437,12843565,12877614,12686125,12862875,12977066,12977066,10
2025-10-02 14:48:08,40329,pairwise,LinkedCells,1.000000,lc_sliced_balanced,squared-particles-per-cell,SoA,enabled,8820487,8640623,8583230,8618779,8568668,8615373,8604527,8607671,8591504,8574116,8622497,8622497,10
2025-10-02 14:48:08,40339,pairwise,LinkedCells,1.000000,lc_sliced_c02,none,AoS,disabled,16374384,16238076,16217798,16162574,16172533,16105782,16049202,16184211,16154435,16155163,16181415,16181415,10
2025-10-02 14:48:08,40349,pairwise,LinkedCells,1.000000,lc_sliced_c02,none,AoS,enabled,11538436,11555158,11579209,11579407,11577090,11554951,11568379,11568784,11523376,11563976,11560876,11560876,10
2025-10-02 14:48:08,40359,pairwise,LinkedCells,1.000000,lc_sliced_c02,none,SoA,disabled,12781036,11623472,11494303,11601663,11465764,11569841,11505678,11437654,11718412,11617075,11681489,11681489,10
2025-10-02 14:48:08,40369,pairwise,LinkedCells,1.000000,lc_sliced_c02,none,SoA,enabled,7525335,7134231,7368476,7256826,7145257,7272922,7159549,7311886,7280744,7102851,7255807,7255807,10
2025-10-02 14:48:09,40379,pairwise,VerletClusterLists,1.000000,vcl_c01_balanced,none,AoS,disabled,135500538,32753320,32537388,32553906,32544492,32517696,32539272,32514666,32511405,32632470,42860514,42860514,10
2025-10-02 14:48:09,40389,pairwise,VerletClusterLists,1.000000,vcl_c01_balanced,none,SoA,disabled,95691975,11297213,11299122,11243100,11260713,11286126,11273476,11284938,11289370,11274176,19720020,19720020,10
2025-10-02 14:48:09,40399,pairwise,VerletClusterLists,1.000000,vcl_c06,none,AoS,disabled,124202580,40901772,40536718,40169608,40158950,41178344,40816160,40003161,41184429,40237402,48938911,48938911,10
2025-10-02 14:48:10,40409,pairwise,VerletClusterLists,1.000000,vcl_c06,none,AoS,enabled,67283883,20534010,21081168,20701508,20444450,20401291,20654723,20734682,20696536,20496076,25302832,25302832,10
2025-10-02 14:48:10,40419,pairwise,VerletClusterLists,1.000000,vcl_c06,none,SoA,disabled,98134059,14308735,14041619,14020483,14013799,14335606,14001004,14180933,14000538,14095230,22513200,22513200,10
2025-10-02 14:48:10,40429,pairwise,VerletClusterLists,1.000000,vcl_c06,none,SoA,enabled,54683488,7912377,7848693,7898258,7878588,7731436,7831264,7944988,7950859,7938715,12561866,12561866,10
2025-10-02 14:48:11,40439,pairwise,VerletClusterLists,1.000000,vcl_sliced,none,AoS,disabled,168442264,77209193,85142127,85327209,85295884,77184006,77084800,76312587,76009525,77175982,88518357,88518357,10
2025-10-02 14:48:11,40449,pairwise,VerletClusterLists,1.000000,vcl_sliced,none,AoS,enabled,82467276,43112940,41008191,39101564,38665549,41011673,41037471,40903749,43098675,43115443,45352252,45352252,10
2025-10-02 14:48:12,40459,pairwise,VerletClusterLists,1.000000,vcl_sliced,none,SoA,disabled,107039888,23458192,23493897,23475153,22870777,23473802,21919242,22122309,22912807,22899285,31366534,31366534,10
2025-10-02 14:48:12,40469,pairwise,VerletClusterLists,1.000000,vcl_sliced,none,SoA,enabled,59378977,12517562,12596583,12838763,12582291,12804308,12818960,12801054,12786273,12808852,17393362,17393362,10
2025-10-02 14:48:13,40479,pairwise,VerletClusterLists,1.000000,vcl_sliced_balanced,none,AoS,disabled,168077597,84780280,84756451,84706006,84572905,84828983,84808176,84743169,84864880,84804043,93094248,93094248,10
2025-10-02 14:48:13,40489,pairwise,VerletClusterLists,1.000000,vcl_sliced_balanced,none,AoS,enabled,89229639,43041436,42880550,42890132,42846747,42848522,42872753,42913610,42853749,42901986,47527912,47527912,10
2025-10-02 14:48:14,40499,pairwise,VerletClusterLists,1.000000,vcl_sliced_balanced,none,SoA,disabled,106894496,23322048,23296805,23333142,23308300,23319038,23315325,23322370,23310528,23303573,31672561,31672561,10
2025-10-02 14:48:14,40509,pairwise,VerletClusterLists,1.000000,vcl_sliced_balanced,none,SoA,enabled,59396650,12698030,12747447,12675564,12691741,12686279,12703083,12684561,12679308,12687350,17365001,17365001,10
2025-10-02 14:48:15,40519,pairwise,VerletClusterLists,1.000000,vcl_sliced_balanced,neighbor-list-length,AoS,disabled,183907523,84609207,84848118,84750994,84564824,84754315,84740713,84669671,84657732,84602496,94610558,94610558,10
2025-10-02 14:48:15,40529,pairwise,VerletClusterLists,1.000000,vcl_sliced_balanced,neighbor-list-length,AoS,enabled,89170130,42884966,42830433,42864095,42777226,42839380,42798316,42801949,42875709,42869523,47471172,47471172,10
2025-10-02 14:48:16,40539,pairwise,VerletClusterLists,1.000000,vcl_sliced_balanced,neighbor-list-length,SoA,disabled,107256867,23431357,23418866,23421283,23421184,23435818,23460877,23415594,23402941,23413800,31807858,31807858,10
2025-10-02 14:48:16,40549,pairwise,VerletClusterLists,1.000000,vcl_sliced_balanced,neighbor-list-length,SoA,enabled,59514195,12764595,12757711,12782929,12747556,12741408,12809810,13223379,12753184,12756026,17485078,17485078,10
2025-10-02 14:48:17,40559,pairwise,VerletClusterLists,1.000000,vcl_sliced_c02,none,AoS,disabled,196012669,93512391,100056166,87221045,93949558,93420146,103312975,87327273,100139438,97336723,105228838,105228838,10
2025-10-02 14:48:18,40569,pairwise,VerletClusterLists,1.000000,vcl_sliced_c02,none,AoS,enabled,99213707,52670454,48340009,50988482,50000476,50899237,52478225,49989591,52651938,49158583,55639069,55639069,10
2025-10-02 14:48:18,40579,pairwise,VerletClusterLists,1.000000,vcl_sliced_c02,none,SoA,disabled,112511056,30316188,27749470,28259361,28540716,28634518,29149863,28626298,28437671,30453959,37267909,37267909,10
2025-10-02 14:48:18,40589,pairwise,VerletClusterLists,1.000000,vcl_sliced_c02,none,SoA,enabled,63135914,14230126,15504069,16070665,15987956,15075881,16522940,14890442,16278305,14231513,20192780,20192780,10
2025-10-02 14:48:18,40599,pairwise,VerletLists,1.000000,vl_list_iteration,none,AoS,disabled,56817186,11427608,11466119,11451042,11459106,11451786,11425820,11419042,11437794,11406748,15976224,15976224,10
2025-10-02 14:48:19,40609,pairwise,VerletLists,1.000000,vl_list_iteration,none,SoA,disabled,205702861,11474760,11422310,11439037,11413252,11390411,11406691,11409646,11397264,11380208,30843643,30843643,10
2025-10-02 14:48:19,40619,pairwise,VerletListsCells,1.000000,vlc_c01,none,AoS,disabled,68713978,9446444,9425948,9402949,9396692,9404653,9429787,9417124,9403075,9407473,15344812,15344812,10
2025-10-02 14:48:19,40629,pairwise,VerletListsCells,1.000000,vlc_c01,none,SoA,disabled,219574322,12408118,12383178,12376620,12369526,12378400,12369358,12365066,12385521,12370018,33098012,33098012,10
2025-10-02 14:48:19,40639,pairwise,VerletListsCells,1.000000,vlc_c18,none,AoS,disabled,53971163,9007295,8998708,9005212,8992919,9006389,9004253,9006392,8975057,8984925,13495230,13495230,10
2025-10-02 14:48:20,40649,pairwise,VerletListsCells,1.000000,vlc_c18,none,AoS,enabled,37816317,5460611,5397792,5398844,5404595,5390218,5376135,5398595,5390257,5407877,8644123,8644123,10
2025-10-02 14:48:20,40659,pairwise,VerletListsCells,1.000000,vlc_c18,none,SoA,disabled,337678023,15669508,15663665,15673050,15663880,15673839,15668877,15659990,15651296,15654342,47865646,47865646,10
2025-10-02 14:48:20,40669,pairwise,VerletListsCells,1.000000,vlc_c18,none,SoA,enabled,207757442,12452933,12434321,12432987,12437683,11687838,11669004,11665290,11665915,11675967,31587937,31587937,10
2025-10-02 14:48:20,40679,pairwise,VerletListsCells,1.000000,vlc_c08,none,AoS,disabled,49870762,9375399,9392127,9368083,9348609,9364274,9393041,9348401,9383642,9349175,13419350,13419350,10
2025-10-02 14:48:21,40689,pairwise,VerletListsCells,1.000000,vlc_c08,none,AoS,enabled,42439721,6150916,6126554,6128722,6118222,6128661,6128612,6132771,6122388,6129402,9760596,9760596,10
2025-10-02 14:48:21,40699,pairwise,VerletListsCells,1.000000,vlc_c08,none,SoA,disabled,316284520,15251807,15269897,15282085,15250573,15262584,15258714,15237828,15256923,15375483,45373041,45373041,10
2025-10-02 14:48:21,40709,pairwise,VerletListsCells,1.000000,vlc_c08,none,SoA,enabled,227262394,13281439,13297905,13271994,13284371,13258556,13257724,13268303,13270877,13263021,34671657,34671657,10
2025-10-02 14:48:22,40719,pairwise,VerletListsCells,1.000000,vlc_sliced,none,AoS,disabled,60053683,14015342,14031135,14118456,14004111,13677498,14021624,14016269,13957191,14021484,18591679,18591679,10
2025-10-02 14:48:22,40729,pairwise,VerletListsCells,1.000000,vlc_sliced,none,AoS,enabled,42299334,6556833,6561895,6579664,6548099,6558986,6542138,6525130,6590037,6527646,10128976,10128976,10
2025-10-02 14:48:22,40739,pairwise,VerletListsCells,1.000000,vlc_sliced,none,SoA,disabled,359074114,18851440,18811313,18359018,18793283,18420462,18713778,18726271,18788913,18772470,52731106,52731106,10
2025-10-02 14:48:23,40749,pairwise,VerletListsCells,1.000000,vlc_sliced,none,SoA,enabled,209810849,12958846,12845698,12805892,12843259,12404793,12061490,12057626,12071746,12042355,32190254,32190254,10
2025-10-02 14:48:23,40759,pairwise,VerletListsCells,1.000000,vlc_sliced_balanced,none,AoS,disabled,58713948,13207449,13206002,13216645,13211442,13184263,13208429,13186414,13182763,13198854,17751620,17751620,10
2025-10-02 14:48:23,40769,pairwise,VerletListsCells,1.000000,vlc_sliced_balanced,none,AoS,enabled,39334384,6587145,6565792,6569793,6554481,6556602,6552078,6549674,6560759,6550927,9838162,9838162,10
2025-10-02 14:48:23,40779,pairwise,VerletListsCells,1.000000,vlc_sliced_balanced,none,SoA,disabled,353323987,20025982,19969592,19964574,19968546,19962465,19950007,19966373,19947809,19942931,53302226,53302226,10
2025-10-02 14:48:24,40789,pairwise,VerletListsCells,1.000000,vlc_sliced_balanced,none,SoA,enabled,214028504,12981655,12871640,12926418,12887304,12173131,12164026,12120933,12107647,12103457,32636471,32636471,10
2025-10-02 14:48:24,40799,pairwise,VerletListsCells,1.000000,vlc_sliced_balanced,squared-particles-per-cell,AoS,disabled,58566494,12980898,12996903,12991645,13024386,13009750,12975677,13017738,13013935,13019402,17559682,17559682,10
2025-10-02 14:48:24,40809,pairwise,VerletListsCells,1.000000,vlc_sliced_balanced,squared-particles-per-cell,AoS,enabled,39541132,6791008,6778734,6755750,6780926,6774698,6768303,6765426,6759266,6796276,10051151,10051151,10
2025-10-02 14:48:25,40819,pairwise,VerletListsCells,1.000000,vlc_sliced_balanced,squared-particles-per-cell,SoA,disabled,342297233,18690625,18624935,18667592,18632885,18647627,18645633,18637228,18613243,18652487,51010948,51010948,10
2025-10-02 14:48:25,40829,pairwise,VerletListsCells,1.000000,vlc_sliced_balanced,squared-particles-per-cell,SoA,enabled,220128341,12783411,12828550,12778385,12811518,12642172,11945067,11916564,11948518,11930413,33171293,33171293,10
2025-10-02 14:48:25,40839,pairwise,VerletListsCells,1.000000,vlc_sliced_balanced,neighbor-list-length,AoS,disabled,58918007,13435926,13445035,13418334,13397010,13445528,13415559,13414052,13436640,13427341,17975342,17975342,10
2025-10-02 14:48:25,40849,pairwise,VerletListsCells,1.000000,vlc_sliced_balanced,neighbor-list-length,AoS,enabled,39479166,6870103,6809029,6829322,6821221,6851795,6809386,6836008,6826533,6831960,10096452,10096452,10
2025-10-02 14:48:26,40859,pairwise,VerletListsCells,1.000000,vlc_sliced_balanced,neighbor-list-length,SoA,disabled,345264023,19816600,19744565,19550110,19568748,19560398,19554030,19559886,19539969,19564338,52172266,52172266,10
2025-10-02 14:48:26,40869,pairwise,VerletListsCells,1.000000,vlc_sliced_balanced,neighbor-list-length,SoA,enabled,226093240,13254408,13199050,13184047,13180619,13195210,12389848,12344787,12342685,12321866,34150575,34150575,10
2025-10-02 14:48:27,40879,pairwise,VerletListsCells,1.000000,vlc_sliced_c02,none,AoS,disabled,62159505,16701425,16879589,16792788,16914301,16842119,16716505,16854283,16848011,16825215,21353373,21353373,10
2025-10-02 14:48:27,40889,pairwise,VerletListsCells,1.000000,vlc_sliced_c02,none,AoS,enabled,41136068,8677444,8691136,8661238,8695581,8673338,8656552,8686678,8685373,8679774,11924318,11924318,10
2025-10-02 14:48:27,40899,pairwise,VerletListsCells,1.000000,vlc_sliced_c02,none,SoA,disabled,350674461,23002780,22759267,22836555,22851095,22921882,22809027,22863771,22877496,22840398,55643672,55643672,10
2025-10-02 14:48:28,40909,pairwise,VerletListsCells,1.000000,vlc_sliced_c02,none,SoA,enabled,227351263,14854208,14785686,14741304,14728715,14598433,13895754,13994165,13919894,13920541,35678995,35678995,10
2025-10-02 14:48:28,40919,pairwise,PairwiseVerletLists,1.000000,vlp_c01,none,AoS,disabled,79461823,11385100,11393363,11386532,11406918,11416403,11424774,11381467,11384365,11422020,18206275,18206275,10
2025-10-02 14:48:29,40929,pairwise,PairwiseVerletLists,1.000000,vlp_c01,none,SoA,disabled,590276809,22447093,22413576,22431357,22461426,22429996,22456525,22432904,22428990,22433718,79221239,79221239,10
2025-10-02 14:48:29,40939,pairwise,PairwiseVerletLists,1.000000,vlp_c18,none,AoS,disabled,73082738,11739567,11712521,11721095,11700521,11719580,11729814,11713819,11701077,11704261,17852499,17852499,10
2025-10-02 14:48:29,40949,pairwise,PairwiseVerletLists,1.000000,vlp_c18,none,AoS,enabled,90313768,7311751,7289038,7278819,7282297,7277835,7274379,7290651,7284223,7271462,15587422,15587422,10
2025-10-02 14:48:30,40959,pairwise,PairwiseVerletLists,1.000000,vlp_c18,none,SoA,disabled,771635220,21395505,21372620,21378919,21378880,21369616,21381472,21370126,21391478,21358688,96403252,96403252,10
2025-10-02 14:48:31,40969,pairwise,PairwiseVerletLists,1.000000,vlp_c18,none,SoA,enabled,526433711,16074363,16083723,16082909,16093335,16077430,16082758,16077062,16068715,16086495,67116049,67116049,10
2025-10-02 14:48:31,40979,pairwise,PairwiseVerletLists,1.000000,vlp_sliced,none,AoS,disabled,80931244,18383857,18478879,18263385,18363946,18303131,18265626,18461118,18308173,18365885,24612523,24612523,10
2025-10-02 14:48:31,40989,pairwise,PairwiseVerletLists,1.000000,vlp_sliced,none,AoS,enabled,92681771,8809973,8667463,8757146,8692811,8713027,8705900,8675106,8695548,8697747,17109648,17109648,10
2025-10-02 14:48:32,40999,pairwise,PairwiseVerletLists,1.000000,vlp_sliced,none,SoA,disabled,739637859,27809028,27065535,27754784,27718301,27609739,27898529,27727392,27936063,27732998,98889022,98889022,10
2025-10-02 14:48:33,41009,pairwise,PairwiseVerletLists,1.000000,vlp_sliced,none,SoA,enabled,534710986,19547006,19470972,19032798,19573781,19302430,19662278,19604313,19469660,19425413,70979963,70979963,10
2025-10-02 14:48:33,41019,pairwise,PairwiseVerletLists,1.000000,vlp_sliced_balanced,none,AoS,disabled,80038094,18358300,18376397,18303665,18301055,18345707,18350248,18384902,18318060,18287851,24506427,24506427,10
2025-10-02 14:48:33,41029,pairwise,PairwiseVerletLists,1.000000,vlp_sliced_balanced,none,AoS,enabled,92965794,8788719,8796746,8733706,8754209,8740596,8735501,8697370,8753870,8724708,17169121,17169121,10
2025-10-02 14:48:34,41039,pairwise,PairwiseVerletLists,1.000000,vlp_sliced_balanced,none,SoA,disabled,741620782,27975999,27915659,27948085,27891986,27885455,27906621,27893638,27926169,27918819,99288320,99288320,10
2025-10-02 14:48:35,41049,pairwise,PairwiseVerletLists,1.000000,vlp_sliced_balanced,none,SoA,enabled,536654603,19576661,19564399,19535988,19495444,19521705,19517018,19497016,19537663,19505469,71240596,71240596,10
2025-10-02 14:48:35,41059,pairwise,PairwiseVerletLists,1.000000,vlp_sliced_c02,none,AoS,disabled,86613167,23724043,24247341,24118300,23730963,24218630,23641427,24217797,23574750,24260642,30234705,30234705,10
2025-10-02 14:48:36,41069,pairwise,PairwiseVerletLists,1.000000,vlp_sliced_c02,none,AoS,enabled,95876214,11448481,11300187,11332103,11359590,11348682,11297757,11308784,11247574,11294116,19781348,19781348,10
2025-10-02 14:48:37,41079,pairwise,PairwiseVerletLists,1.000000,vlp_sliced_c02,none,SoA,disabled,748520485,33731553,33866160,34383709,34227119,34227242,34326996,34280384,34425873,34378256,105636777,105636777,10
2025-10-02 14:48:37,41089,pairwise,PairwiseVerletLists,1.000000,vlp_sliced_c02,none,SoA,enabled,538326487,23666019,23731140,23831634,23774283,23684218,23811206,23696005,23588598,23784005,75189358,75189358,10
2025-10-02 14:48:38,41099,pairwise,PairwiseVerletLists,1.000000,vlp_c08,none,AoS,disabled,79132813,16044011,15980995,15973589,15958707,15964574,15951244,15944859,15944546,15942842,22283818,22283818,10
2025-10-02 14:48:38,41109,pairwise,PairwiseVerletLists,1.000000,vlp_c08,none,AoS,enabled,93604048,8989015,8905979,8905369,8912252,8915326,8909675,8905614,8903489,8906590,17385735,17385735,10
2025-10-02 14:48:39,41119,pairwise,PairwiseVerletLists,1.000000,vlp_c08,none,SoA,disabled,738636418,24718791,24718167,24710941,24700692,24693838,24693321,24690808,24680170,24690114,96093325,96093325,10
2025-10-02 14:48:40,41129,pairwise,PairwiseVerletLists,1.000000,vlp_c08,none,SoA,enabled,527468718,17925468,17893743,17881464,17898643,17899157,17898688,17883558,17881416,17884845,68851569,68851569,10
2025-10-02 14:50:01,45009,pairwise,LinkedCells,1.000000,lc_c01,none,AoS,disabled,22255385,22254388,22297061,22245524,22606501,22722273,22620771,22066017,22051928,22066531,22318637,22318637,10
2025-10-02 14:50:01,45019,pairwise,LinkedCells,1.000000,lc_c01,none,SoA,disabled,12549280,12490889,12481481,12485360,12478460,12461948,12454144,12615008,12455137,12496992,12496869,12496869,10
2025-10-02 14:50:01,45029,pairwise,LinkedCells,1.000000,lc_c01_combined_SoA,none,SoA,disabled,10504010,10427772,10584853,10511154,10507698,10367474,10559171,10509379,10663265,10811771,10544654,10544654,10
2025-10-02 14:50:01,45039,pairwise,LinkedCells,1.000000,lc_c04,none,AoS,disabled,16450328,16496223,16342771,16529227,16255085,16349461,16415164,16371240,16340885,16400106,16395048,16395048,10
2025-10-02 14:50:02,45049,pairwise,LinkedCells,1.000000,lc_c04,none,AoS,enabled,11814354,11915392,11781842,11774136,11843214,11775830,11715813,11734473,11683014,11718544,11775661,11775661,10
2025-10-02 14:50:02,45059,pairwise,LinkedCells,1.000000,lc_c04,none,SoA,disabled,12043941,11961184,11982459,11945722,11938412,12003254,12005486,11975248,11962651,11973362,11979171,11979171,10
2025-10-02 14:50:02,45069,pairwise,LinkedCells,1.000000,lc_c04,none,SoA,enabled,7912631,7913451,7867724,7876058,7893042,7947414,7887443,7850384,7886786,7884114,7891904,7891904,10
2025-10-02 14:50:02,45079,pairwise,LinkedCells,1.000000,lc_c04_HCP,none,AoS,disabled,15107994,15269596,15438776,15406620,15482682,15417167,15306108,15166556,15096832,15182163,15287448,15287448,10
2025-10-02 14:50:02,45089,pairwise,LinkedCells,1.000000,lc_c04_HCP,none,AoS,enabled,10962561,11010480,10978356,11035548,11170156,11138063,11172860,11186453,11170668,11214238,11103937,11103937,10
2025-10-02 14:50:02,45099,pairwise,LinkedCells,1.000000,lc_c04_HCP,none,SoA,disabled,12100145,12006699,11815760,11663225,11667406,11675428,11666661,11749062,11837629,11867704,11804971,11804971,10
2025-10-02 14:50:02,45109,pairwise,LinkedCells,1.000000,lc_c04_HCP,none,SoA,enabled,8336858,8254211,8245615,8216075,8207881,8173265,8178747,8180187,8175294,8173165,8214129,8214129,10
2025-10-02 14:50:02,45119,pairwise,LinkedCells,1.000000,lc_c04_combined_SoA,none,SoA,disabled,13434267,13387589,13482500,13435607,13409747,13453145,13248875,13421539,13280826,13410140,13396422,13396422,10
2025-10-02 14:50:03,45129,pairwise,LinkedCells,1.000000,lc_c04_combined_SoA,none,SoA,enabled,10248110,10175472,10197290,10250691,10279747,10242434,10298092,10181938,10254741,10352765,10248128,10248128,10
2025-10-02 14:50:03,45139,pairwise,LinkedCells,1.000000,lc_c08,none,AoS,disabled,16065974,16099164,16121000,16113005,16103688,15732894,15977083,16636115,16543771,16277598,16167028,16167028,10
2025-10-02 14:50:03,45149,pairwise,LinkedCells,1.000000,lc_c08,none,AoS,enabled,12111558,12282980,11900547,11813406,11782639,11766796,11773682,11782715,11763281,11761857,11873945,11873945,10
2025-10-02 14:50:03,45159,pairwise,LinkedCells,1.000000,lc_c08,none,SoA,disabled,14118143,13925929,13917098,13837602,13837773,13877380,13853560,13848044,13842842,13803602,13886196,13886196,10
2025-10-02 14:50:03,45169,pairwise,LinkedCells,1.000000,lc_c08,none,SoA,enabled,10609546,10471709,10487760,10426217,10436226,10441902,10457060,10401101,10432797,10436289,10460060,10460060,10
2025-10-02 14:50:03,45179,pairwise,LinkedCells,1.000000,lc_c18,none,AoS,disabled,15755359,15695120,15756400,15764189,15715840,15684561,15689117,15697783,15674733,15717841,15715093,15715093,10
2025-10-02 14:50:03,45189,pairwise,LinkedCells,1.000000,lc_c18,none,AoS,enabled,11609697,11629749,11624254,11614145,11629316,11607999,11617540,11606465,11639386,11616482,11619502,11619502,10
2025-10-02 14:50:04,45199,pairwise,LinkedCells,1.000000,lc_c18,none,SoA,disabled,12861196,12768179,12766775,12771159,12792968,12766602,12743603,12783534,12799138,12806177,12785932,12785932,10
2025-10-02 14:50:04,45209,pairwise,LinkedCells,1.000000,lc_c18,none,SoA,enabled,9021829,8960129,8924013,8943513,8935773,8938861,8960044,8950530,8932505,8923744,8949093,8949093,10
2025-10-02 14:50:04,45219,pairwise,LinkedCells,1.000000,lc_sliced,none,AoS,disabled,17343815,17243762,17300446,17276411,17201786,17239175,17198890,17222801,17226276,17207115,17246047,17246047,10
2025-10-02 14:50:04,45229,pairwise,LinkedCells,1.000000,lc_sliced,none,AoS,enabled,12378024,12371856,12343790,12378234,12311837,12341778,12355514,12407152,12344304,12384933,12361742,12361742,10
2025-10-02 14:50:04,45239,pairwise,LinkedCells,1.000000,lc_sliced,none,SoA,disabled,12345683,12369398,12343904,12332237,12285796,12287550,12289685,12297315,12307426,12256819,12311581,12311581,10
2025-10-02 14:50:04,45249,pairwise,LinkedCells,1.000000,lc_sliced,none,SoA,enabled,7663604,7723876,7733832,7691930,7719152,7739160,7723200,7726442,7703315,7725629,7715013,7715013,10
2025-10-02 14:50:04,45259,pairwise,LinkedCells,1.000000,lc_sliced_balanced,none,AoS,disabled,17200375,17204675,17174397,17172832,17168228,17172249,17172173,17181599,17162227,17163757,17177250,17177250,10
2025-10-02 14:50:04,45269,pairwise,LinkedCells,1.000000,lc_sliced_balanced,none,AoS,enabled,12295581,12313155,12305322,12317715,12308339,12300642,12313536,12292580,12320702,12323788,12309135,12309135,10
2025-10-02 14:50:05,45279,pairwise,LinkedCells,1.000000,lc_sliced_balanced,none,SoA,disabled,12350076,12318990,12274700,12258079,12252062,12263096,12242866,12269168,12249247,12267400,12274567,12274567,10
2025-10-02 14:50:05,45289,pairwise,LinkedCells,1.000000,lc_sliced_balanced,none,SoA,enabled,7772963,7733911,7717310,7679670,7733633,7723044,7693500,7710751,7702778,7716852,7718441,7718441,10
2025-10-02 14:50:05,45299,pairwise,LinkedCells,1.000000,lc_sliced_balanced,squared-particles-per-cell,AoS,disabled,17467660,17227050,17209248,17200765,17200060,17192710,17214483,17205580,17188435,17189814,17229580,17229580,10
2025-10-02 14:50:05,45309,pairwise,LinkedCells,1.000000,lc_sliced_balanced,squared-particles-per-cell,AoS,enabled,12393506,12315228,12320270,12294107,12288136,12315008,12296977,12313297,12316130,12314313,12316696,12316696,10
2025-10-02 14:50:05,45319,pairwise,LinkedCells,1.000000,lc_sliced_balanced,squared-particles-per-cell,SoA,disabled,14256400,12858387,12752723,12833519,12737552,12691985,12820477,12812599,12734760,12683373,12918177,12918177,10
2025-10-02 14:50:05,45329,pairwise,LinkedCells,1.000000,lc_sliced_balanced,squared-particles-per-cell,SoA,enabled,8824370,8559548,8571168,8569222,8574980,8575009,8621586,8608082,8570244,8570028,8604423,8604423,10
2025-10-02 14:50:06,45339,pairwise,LinkedCells,1.000000,lc_sliced_c02,none,AoS,disabled,17247744,17093395,16986619,17118013,17062427,17138743,17088869,17090943,17108802,16919866,17085541,17085541,10
2025-10-02 14:50:06,45349,pairwise,LinkedCells,1.000000,lc_sliced_c02,none,AoS,enabled,12134621,12203742,12198555,12133221,12228744,12221530,12257376,12226041,12243101,12201813,12204874,12204874,10
2025-10-02 14:50:06,45359,pairwise,LinkedCells,1.000000,lc_sliced_c02,none,SoA,disabled,13347015,12254913,12230498,12127598,12198913,12093178,12262106,12017940,12054279,11930351,12251679,12251679,10
2025-10-02 14:50:06,45369,pairwise,LinkedCells,1.000000,lc_sliced_c02,none,SoA,enabled,7801332,7603502,7405055,7563789,7463495,7450130,7466861,7570849,7563587,7525185,7541377,7541377,10
2025-10-02 14:50:06,45379,pairwise,VerletClusterLists,1.000000,vcl_c01_balanced,none,AoS,disabled,136488718,33242164,33253776,33241499,33213367,33198313,33194144,33212405,33243056,33307728,43559516,43559516,10
2025-10-02 14:50:07,45389,pairwise,VerletClusterLists,1.000000,vcl_c01_balanced,none,SoA,disabled,95008033,11835125,11811985,11804806,11813312,11791442,11817932,11818172,11806512,11817930,20132524,20132524,10
2025-10-02 14:50:07,45399,pairwise,VerletClusterLists,1.000000,vcl_c06,none,AoS,disabled,123913443,42114365,41727502,41752536,41517627,41671923,42380663,41212757,41756808,41385503,49943312,49943312,10
2025-10-02 14:50:07,45409,pairwise,VerletClusterLists,1.000000,vcl_c06,none,AoS,enabled,67185946,21422817,21349646,21272995,21285433,21269665,21185515,20938023,20899614,20598923,25740856,25740856,10
2025-10-02 14:50:08,45419,pairwise,VerletClusterLists,1.000000,vcl_c06,none,SoA,disabled,97337561,14771138,14808714,14656730,14719905,14850573,14637154,14782580,14750543,14558394,22987328,22987328,10
2025-10-02 14:50:08,45429,pairwise,VerletClusterLists,1.000000,vcl_c06,none,SoA,enabled,54387180,8249536,8021731,8037399,8069210,8182321,8081340,7974860,8171673,8156924,12733217,12733217,10
2025-10-02 14:50:09,45439,pairwise,VerletClusterLists,1.000000,vcl_sliced,none,AoS,disabled,167456146,85028118,84895361,78373877,85041594,78284790,78157206,77607573,85060566,85073185,90497840,90497840,10
2025-10-02 14:50:09,45449,pairwise,VerletClusterLists,1.000000,vcl_sliced,none,AoS,enabled,89203194,39958926,42874038,42996816,42834182,40393251,41256061,42908223,41273415,40030038,46372814,46372814,10
2025-10-02 14:50:10,45459,pairwise,VerletClusterLists,1.000000,vcl_sliced,none,SoA,disabled,105812016,23097094,23679773,23568946,21741915,21860400,23107562,23115050,23571040,21949816,31150360,31150360,10
2025-10-02 14:50:10,45469,pairwise,VerletClusterLists,1.000000,vcl_sliced,none,SoA,enabled,58986452,12844177,12675004,12909035,12917797,12281524,12259896,12630292,12658720,12453410,17261630,17261630,10
2025-10-02 14:50:11,45479,pairwise,VerletClusterLists,1.000000,vcl_sliced_balanced,none,AoS,disabled,164928767,82103259,82150198,82130577,82167084,82128669,82099096,82114096,82055241,82124154,90400113,90400113,10
2025-10-02 14:50:11,45489,pairwise,VerletClusterLists,1.000000,vcl_sliced_balanced,none,AoS,enabled,87937921,41931917,41975636,41964484,41954162,41900668,41941614,41921841,42008467,41908194,46544490,46544490,10
2025-10-02 14:50:11,45499,pairwise,VerletClusterLists,1.000000,vcl_sliced_balanced,none,SoA,disabled,105617586,23114225,23166310,23139137,23090877,23140714,23034944,23043217,23079836,23082904,31350974,31350974,10
2025-10-02 14:50:12,45509,pairwise,VerletClusterLists,1.000000,vcl_sliced_balanced,none,SoA,enabled,58811147,12616869,12597829,12615596,12605810,12711417,12593158,13526959,12652537,12609870,17334118,17334118,10
2025-10-02 14:50:13,45519,pairwise,VerletClusterLists,1.000000,vcl_sliced_balanced,neighbor-list-length,AoS,disabled,179968658,82219174,82201180,82272328,82221639,82267088,82251686,82209705,82274635,82298510,92018460,92018460,10
2025-10-02 14:50:13,45529,pairwise,VerletClusterLists,1.000000,vcl_sliced_balanced,neighbor-list-length,AoS,enabled,88053492,42088432,42031892,42012378,42001011,42031855,42019628,42041777,42038165,41981762,46630038,46630038,10
2025-10-02 14:50:13,45539,pairwise,VerletClusterLists,1.000000,vcl_sliced_balanced,neighbor-list-length,SoA,disabled,105754945,23008240,23004587,22990299,22991435,22989304,22967470,22979951,22990369,22975581,31265217,31265217,10
2025-10-02 14:50:14,45549,pairwise,VerletClusterLists,1.000000,vcl_sliced_balanced,neighbor-list-length,SoA,enabled,58927483,12596982,12579308,12601327,13555213,12601335,12590060,13577826,13577968,12598838,17520634,17520634,10
2025-10-02 14:50:15,45559,pairwise,VerletClusterLists,1.000000,vcl_sliced_c02,none,AoS,disabled,195014193,103156256,98951375,93545608,89786306,97573350,100998786,97719521,101089153,97625103,107545965,107545965,10
2025-10-02 14:50:15,45569,pairwise,VerletClusterLists,1.000000,vcl_sliced_c02,none,AoS,enabled,97607320,47079672,48393693,48329719,48383415,50466546,48249869,48462925,50450907,48286927,53571098,53571098,10
2025-10-02 14:50:16,45579,pairwise,VerletClusterLists,1.000000,vcl_sliced_c02,none,SoA,disabled,112004566,29852041,26671578,30225034,29354363,28629233,30182597,27421072,28661183,28799582,37180124,37180124,10
2025-10-02 14:50:16,45589,pairwise,VerletClusterLists,1.000000,vcl_sliced_c02,none,SoA,enabled,62328410,16656748,15638728,15630630,16426981,16467782,15030357,15637439,15605356,15558803,20498122,20498122,10
2025-10-02 14:50:16,45599,pairwise,VerletLists,1.000000,vl_list_iteration,none,AoS,disabled,58450476,11912009,11894454,11890654,11836144,11899168,11894738,11878826,11868084,11851046,16537559,16537559,10
2025-10-02 14:50:16,45609,pairwise,VerletLists,1.000000,vl_list_iteration,none,SoA,disabled,212848237,12036217,11913986,11917299,11926345,11902504,11900301,11921190,11926150,11915828,32020804,32020804,10
2025-10-02 14:50:17,45619,pairwise,VerletListsCells,1.000000,vlc_c01,none,AoS,disabled,68673807,9687738,9685617,9694484,9655037,9678746,9689937,9658516,9698608,9695738,15581822,15581822,10
2025-10-02 14:50:17,45629,pairwise,VerletListsCells,1.000000,vlc_c01,none,SoA,disabled,224504189,12706097,12661333,12665720,12669093,12660923,12673250,12668807,12656698,12661028,33852713,33852713,10
2025-10-02 14:50:17,45639,pairwise,VerletListsCells,1.000000,vlc_c18,none,AoS,disabled,54687545,9201253,9205127,9165251,9169841,9167066,9185600,9204505,9179160,9174893,13734023,13734023,10
2025-10-02 14:50:17,45649,pairwise,VerletListsCells,1.000000,vlc_c18,none,AoS,enabled,38031580,5528244,5538193,5497041,5495724,5502851,5501364,5503077,5491435,5501064,8759056,8759056,10
2025-10-02 14:50:18,45659,pairwise,VerletListsCells,1.000000,vlc_c18,none,SoA,disabled,347845558,16038528,16040495,16070260,16033771,16047263,16044291,16014839,16057153,16043940,49223609,49223609,10
2025-10-02 14:50:18,45669,pairwise,VerletListsCells,1.000000,vlc_c18,none,SoA,enabled,205486065,12720025,12730095,12709408,12728990,12000110,11968528,11958803,11991494,11955501,31624901,31624901,10
2025-10-02 14:50:18,45679,pairwise,VerletListsCells,1.000000,vlc_c08,none,AoS,disabled,50271411,9570586,9574514,9576846,9555644,9553924,9574231,9577218,9564979,9563529,13638288,13638288,10
2025-10-02 14:50:18,45689,pairwise,VerletListsCells,1.000000,vlc_c08,none,AoS,enabled,42577980,6277974,6259260,6261139,6246035,6257992,6260365,6241824,6242259,6252574,9887739,9887739,10
2025-10-02 14:50:19,45699,pairwise,VerletListsCells,1.000000,vlc_c08,none,SoA,disabled,321727134,15554880,15542242,15536082,15556320,15560503,15545461,15556069,15534734,15548598,46166202,46166202,10
2025-10-02 14:50:19,45709,pairwise,VerletListsCells,1.000000,vlc_c08,none,SoA,enabled,230048625,13554165,13566283,13588714,13543989,13566445,13553157,13590659,13572326,13541314,35212566,35212566,10
2025-10-02 14:50:19,45719,pairwise,VerletListsCells,1.000000,vlc_sliced,none,AoS,disabled,61270186,14364842,14151819,14339508,14300372,14270871,14410927,14354324,14350754,14337453,19015105,19015105,10
2025-10-02 14:50:20,45729,pairwise,VerletListsCells,1.000000,vlc_sliced,none,AoS,enabled,42056607,6864206,6897641,6904873,6914268,6948230,6943841,6920274,6878160,6923247,10425134,10425134,10
2025-10-02 14:50:20,45739,pairwise,VerletListsCells,1.000000,vlc_sliced,none,SoA,disabled,370146587,19753136,19664869,19608553,19400409,19737246,19813604,19628748,19330421,19739636,54682320,54682320,10
2025-10-02 14:50:20,45749,pairwise,VerletListsCells,1.000000,vlc_sliced,none,SoA,enabled,208659397,13337090,13307875,13287622,13298589,12579377,12347428,12495768,12391033,12504124,32420830,32420830,10
2025-10-02 14:50:21,45759,pairwise,VerletListsCells,1.000000,vlc_sliced_balanced,none,AoS,disabled,59879502,14523466,14483768,14517346,14486633,14530879,14507946,14487735,14477017,14482768,19037705,19037705,10
2025-10-02 14:50:21,45769,pairwise,VerletListsCells,1.000000,vlc_sliced_balanced,none,AoS,enabled,39541329,6981844,6951662,6952413,6927970,6942718,6920174,6947338,6930216,6957112,10205277,10205277,10
2025-10-02 14:50:21,45779,pairwise,VerletListsCells,1.000000,vlc_sliced_balanced,none,SoA,disabled,353196802,19616011,19537504,19533909,19592839,19575730,19573870,19522483,19538517,19549200,52923686,52923686,10
2025-10-02 14:50:22,45789,pairwise,VerletListsCells,1.000000,vlc_sliced_balanced,none,SoA,enabled,208932049,13324761,13322515,13352035,13297618,12600648,12537742,12583231,12548534,12564442,32506356,32506356,10
2025-10-02 14:50:22,45799,pairwise,VerletListsCells,1.000000,vlc_sliced_balanced,squared-particles-per-cell,AoS,disabled,60294494,13682722,13655152,13671016,13664119,13665790,13672780,13676283,13667625,13704142,18335412,18335412,10
2025-10-02 14:50:22,45809,pairwise,VerletListsCells,1.000000,vlc_sliced_balanced,squared-particles-per-cell,AoS,enabled,39861116,7143593,7124431,7132503,7102748,7111927,7111742,7107468,7129583,7108312,10393342,10393342,10
2025-10-02 14:50:23,45819,pairwise,VerletListsCells,1.000000,vlc_sliced_balanced,squared-particles-per-cell,SoA,disabled,353345514,19705819,19639734,19641291,19633860,19659172,19629120,19644075,19632701,19643022,53017430,53017430,10
2025-10-02 14:50:23,45829,pairwise,VerletListsCells,1.000000,vlc_sliced_balanced,squared-particles-per-cell,SoA,enabled,228009552,13347034,13377291,13334301,13323380,13346390,12513348,12483506,12544338,12504958,34478409,34478409,10
2025-10-02 14:50:23,45839,pairwise,VerletListsCells,1.000000,vlc_sliced_balanced,neighbor-list-length,AoS,disabled,60094127,14170499,14102726,14114800,14120819,14131655,14074084,14084371,14107398,14122003,18712247,18712247,10
2025-10-02 14:50:23,45849,pairwise,VerletListsCells,1.000000,vlc_sliced_balanced,neighbor-list-length,AoS,enabled,39992116,7191729,7164237,7157402,7158257,7160905,7150234,7146124,7161269,7158162,10444043,10444043,10
2025-10-02 14:50:24,45859,pairwise,VerletListsCells,1.000000,vlc_sliced_balanced,neighbor-list-length,SoA,disabled,354412178,20235304,20102956,20118672,20120947,20101447,20101112,20117115,20086743,20100607,53549707,53549707,10
2025-10-02 14:50:24,45869,pairwise,VerletListsCells,1.000000,vlc_sliced_balanced,neighbor-list-length,SoA,enabled,237635345,13688499,13658078,13671518,13642280,13662622,12851793,12812063,12813297,12823447,35725893,35725893,10
2025-10-02 14:50:25,45879,pairwise,VerletListsCells,1.000000,vlc_sliced_c02,none,AoS,disabled,64196799,17708323,17706468,17780241,17731413,17748713,17705258,17772403,17718075,17748056,22381574,22381574,10
2025-10-02 14:50:25,45889,pairwise,VerletListsCells,1.000000,vlc_sliced_c02,none,AoS,enabled,41867675,9347952,9181663,9189500,9234038,9206955,9191977,9176634,9157043,9234774,12478820,12478820,10
2025-10-02 14:50:25,45899,pairwise,VerletListsCells,1.000000,vlc_sliced_c02,none,SoA,disabled,357416222,23844942,23658802,23731392,23551832,23681936,23411490,23812471,23631468,23565476,57030602,57030602,10
2025-10-02 14:50:26,45909,pairwise,VerletListsCells,1.000000,vlc_sliced_c02,none,SoA,enabled,238432482,15419310,15405223,15410736,15548008,15405905,14782823,14619430,14504383,14523965,37405225,37405225,10
2025-10-02 14:50:26,45919,pairwise,PairwiseVerletLists,1.000000,vlp_c01,none,AoS,disabled,80625520,11682041,11681917,11712841,11704406,11680250,11683133,11694439,11685669,11710761,18586097,18586097,10
2025-10-02 14:50:27,45929,pairwise,PairwiseVerletLists,1.000000,vlp_c01,none,SoA,disabled,611057589,23065532,23065267,23054610,23053095,23036458,23052499,23046896,23020592,23038143,81849067,81849067,10
2025-10-02 14:50:27,45939,pairwise,PairwiseVerletLists,1.000000,vlp_c18,none,AoS,disabled,75081126,12322751,12291168,12277411,12306897,12286611,12313593,12291537,12278868,12290378,18574033,18574033,10
2025-10-02 14:50:27,45949,pairwise,PairwiseVerletLists,1.000000,vlp_c18,none,AoS,enabled,88171673,7649412,7625937,7632027,7627075,7625835,7629483,7625507,7624914,7624828,15683668,15683668,10
2025-10-02 14:50:28,45959,pairwise,PairwiseVerletLists,1.000000,vlp_c18,none,SoA,disabled,790331415,22146381,22148704,22123105,22159453,22148455,22157043,22138566,22132985,22129484,98961558,98961558,10
2025-10-02 14:50:29,45969,pairwise,PairwiseVerletLists,1.000000,vlp_c18,none,SoA,enabled,545288239,16634071,16661891,16637828,16645282,16658566,16650979,16654160,16648050,16643120,69512218,69512218,10
2025-10-02 14:50:29,45979,pairwise,PairwiseVerletLists,1.000000,vlp_sliced,none,AoS,disabled,82531306,19131300,19054938,19085579,19044754,18992569,18972490,18942218,18932825,18970690,25365866,25365866,10
2025-10-02 14:50:29,45989,pairwise,PairwiseVerletLists,1.000000,vlp_sliced,none,AoS,enabled,95726387,9399179,9302060,9285905,9300347,9309987,9310884,9267084,9285389,9300609,17948783,17948783,10
2025-10-02 14:50:30,45999,pairwise,PairwiseVerletLists,1.000000,vlp_sliced,none,SoA,disabled,762963540,29824702,29806073,29766136,29297799,29443890,29581294,29607930,29645763,29733078,102967019,102967019,10
2025-10-02 14:50:31,46009,pairwise,PairwiseVerletLists,1.000000,vlp_sliced,none,SoA,enabled,557344193,20474731,20215644,20501415,20586242,20756138,20568435,20255919,20650535,20544677,74189792,74189792,10
2025-10-02 14:50:31,46019,pairwise,PairwiseVerletLists,1.000000,vlp_sliced_balanced,none,AoS,disabled,82445949,18762069,18770978,18837951,18778284,18723480,18738347,18730390,18784205,18749656,25132130,25132130,10
2025-10-02 14:50:32,46029,pairwise,PairwiseVerletLists,1.000000,vlp_sliced_balanced,none,AoS,enabled,96162465,9326238,9335895,9295174,9259915,9305893,9281445,9290630,9305499,9274947,17983809,17983809,10
2025-10-02 14:50:33,46039,pairwise,PairwiseVerletLists,1.000000,vlp_sliced_balanced,none,SoA,disabled,764992742,29747537,29713413,29725202,29729860,29737001,29729864,29691390,29735966,29684513,103248748,103248748,10
2025-10-02 14:50:33,46049,pairwise,PairwiseVerletLists,1.000000,vlp_sliced_balanced,none,SoA,enabled,550189071,20668440,20590403,20616089,20575012,20579781,20568887,20624837,20551657,20551923,73551609,73551609,10
2025-10-02 14:50:34,46059,pairwise,PairwiseVerletLists,1.000000,vlp_sliced_c02,none,AoS,disabled,88586762,24609607,24587430,24300368,24125642,24640937,24732094,24590868,24607417,24350850,30913196,30913196,10
2025-10-02 14:50:34,46069,pairwise,PairwiseVerletLists,1.000000,vlp_sliced_c02,none,AoS,enabled,98754002,12126807,12086511,12104808,11739751,11934858,12024616,12131321,12174050,12064108,20714083,20714083,10
2025-10-02 14:50:35,46079,pairwise,PairwiseVerletLists,1.000000,vlp_sliced_c02,none,SoA,disabled,774702452,36556636,36609222,36313473,36510290,36589469,36585969,36486534,36481372,36444466,110327987,110327987,10
2025-10-02 14:50:36,46089,pairwise,PairwiseVerletLists,1.000000,vlp_sliced_c02,none,SoA,enabled,562380982,24671467,25099521,25181589,25297647,24622119,25114482,25110579,24662183,25130750,78727131,78727131,10
2025-10-02 14:50:36,46099,pairwise,PairwiseVerletLists,1.000000,vlp_c08,none,AoS,disabled,80571233,16551717,16490839,16479347,16466077,16455950,16466510,16450092,16447377,16450613,22882975,22882975,10
2025-10-02 14:50:36,46109,pairwise,PairwiseVerletLists,1.000000,vlp_c08,none,AoS,enabled,96647245,9295955,9243790,9228373,9222769,9217304,9213247,9228520,9218023,9218239,17973346,17973346,10
2025-10-02 14:50:37,46119,pairwise,PairwiseVerletLists,1.000000,vlp_c08,none,SoA,disabled,763667387,25550916,25543885,25529155,25519299,25510009,25508932,25516263,25509123,25507937,99336290,99336290,10
2025-10-02 14:50:38,46129,pairwise,PairwiseVerletLists,1.000000,vlp_c08,none,SoA,enabled,548624492,18492733,18473696,18478862,18476293,18476580,18466787,18490932,18486005,18483124,71494949,71494949,10
2025-10-02 14:52:01,50009,pairwise,LinkedCells,1.000000,lc_c01,none,AoS,disabled,23014584,23083028,23052497,23164300,23493966,23302824,22805907,22854495,23119912,23229323,23112082,23112082,10
2025-10-02 14:52:01,50019,pairwise,LinkedCells,1.000000,lc_c01,none,SoA,disabled,12892751,12945393,12964524,12776020,12827015,12884408,13074391,12854490,13128986,12827812,12917578,12917578,10
2025-10-02 14:52:01,50029,pairwise,LinkedCells,1.000000,lc_c01_combined_SoA,none,SoA,disabled,10784499,10856114,10840636,10802295,10872398,10890504,10750395,10941183,10930929,10881484,10855043,10855043,10
2025-10-02 14:52:01,50039,pairwise,LinkedCells,1.000000,lc_c04,none,AoS,disabled,16986423,16964526,16967613,17034105,17150483,17086109,17116475,17086618,16983571,17035477,17041139,17041139,10
2025-10-02 14:52:01,50049,pairwise,LinkedCells,1.000000,lc_c04,none,AoS,enabled,12016505,12251871,12202741,12127069,12148838,12233624,12169740,12156271,12098994,12254245,12165989,12165989,10
2025-10-02 14:52:02,50059,pairwise,LinkedCells,1.000000,lc_c04,none,SoA,disabled,12399614,12317650,12332254,12296243,12347495,12319919,12274538,12174578,12273675,12338850,12307481,12307481,10
2025-10-02 14:52:02,50069,pairwise,LinkedCells,1.000000,lc_c04,none,SoA,enabled,8107293,8059248,8089248,8053029,8066708,8060779,8061982,8142501,8052069,8079520,8077237,8077237,10
2025-10-02 14:52:02,50079,pairwise,LinkedCells,1.000000,lc_c04_HCP,none,AoS,disabled,15614583,15601270,15639887,15606926,15628376,15630707,15621699,15584848,15591706,15604139,15612414,15612414,10
2025-10-02 14:52:02,50089,pairwise,LinkedCells,1.000000,lc_c04_HCP,none,AoS,enabled,11318983,11323397,11373417,11354294,11394515,11434690,11352394,11351362,11412678,11369516,11368524,11368524,10
2025-10-02 14:52:02,50099,pairwise,LinkedCells,1.000000,lc_c04_HCP,none,SoA,disabled,12311893,12259545,12234615,12235201,12210684,12222944,12146709,12081159,12076013,12125711,12190447,12190447,10
2025-10-02 14:52:02,50109,pairwise,LinkedCells,1.000000,lc_c04_HCP,none,SoA,enabled,8545952,8501866,8466407,8460940,8459278,8463953,8508022,8578119,8554492,8529525,8506855,8506855,10
2025-10-02 14:52:02,50119,pairwise,LinkedCells,1.000000,lc_c04_combined_SoA,none,SoA,disabled,13904061,14037261,13999392,13825850,13686050,13756841,14294835,14129370,13901515,14013431,13954860,13954860,10
2025-10-02 14:52:02,50129,pairwise,LinkedCells,1.000000,lc_c04_combined_SoA,none,SoA,enabled,10604814,10568289,10538878,10607071,10572785,10508346,10539694,10441412,10525961,10569286,10547653,10547653,10
2025-10-02 14:52:03,50139,pairwise,LinkedCells,1.000000,lc_c08,none,AoS,disabled,16335774,16287190,16264787,16264200,16255223,16267469,16270633,16271193,16286724,16237173,16274035,16274035,10
2025-10-02 14:52:03,50149,pairwise,LinkedCells,1.000000,lc_c08,none,AoS,enabled,12127853,12117942,12098865,12109225,12129503,12111745,12094399,12092074,12073365,12106161,12106112,12106112,10
2025-10-02 14:52:03,50159,pairwise,LinkedCells,1.000000,lc_c08,none,SoA,disabled,14423163,14298729,14269362,14239704,14263236,14229766,14214848,14256358,14255433,14252925,14270352,14270352,10
2025-10-02 14:52:03,50169,pairwise,LinkedCells,1.000000,lc_c08,none,SoA,enabled,10926517,10824980,10790524,10807876,10789933,10809463,10807368,10784109,10806084,10746245,10809309,10809309,10
2025-10-02 14:52:03,50179,pairwise,LinkedCells,1.000000,lc_c18,none,AoS,disabled,16323062,16252573,16248633,16261779,16288507,16268183,16262976,16279234,16273542,16290881,16274936,16274936,10
2025-10-02 14:52:03,50189,pairwise,LinkedCells,1.000000,lc_c18,none,AoS,enabled,12100128,12022102,12048104,12068910,12030323,12053016,12062429,12038643,12034478,12049684,12050781,12050781,10
2025-10-02 14:52:03,50199,pairwise,LinkedCells,1.000000,lc_c18,none,SoA,disabled,13415790,13340595,13364666,13350947,13357253,13316025,13349976,13364005,13303575,13353305,13351613,13351613,10
2025-10-02 14:52:04,50209,pairwise,LinkedCells,1.000000,lc_c18,none,SoA,enabled,9406289,9298949,9308296,9335632,9326366,9318265,9361562,9322846,9328413,9305420,9331203,9331203,10
2025-10-02 14:52:04,50219,pairwise,LinkedCells,1.000000,lc_sliced,none,AoS,disabled,18174378,17962743,18160803,18147732,18159394,18140384,18136856,18126813,18153239,18127316,18128965,18128965,10
2025-10-02 14:52:04,50229,pairwise,LinkedCells,1.000000,lc_sliced,none,AoS,enabled,13042774,13072723,13012235,13009132,12965079,12980548,13036618,12989655,13011793,13014107,13013466,13013466,10
2025-10-02 14:52:04,50239,pairwise,LinkedCells,1.000000,lc_sliced,none,SoA,disabled,12754140,12956539,13015001,12989373,12992846,12975980,12963011,13012957,12988212,12966888,12961494,12961494,10
2025-10-02 14:52:04,50249,pairwise,LinkedCells,1.000000,lc_sliced,none,SoA,enabled,8184071,8180997,8156102,8161427,8133612,8152537,8113456,8118693,8138481,8103987,8144336,8144336,10
2025-10-02 14:52:04,50259,pairwise,LinkedCells,1.000000,lc_sliced_balanced,none,AoS,disabled,18164648,18128266,18126943,18110355,18109030,18115888,18117363,18108592,18117560,18143074,18124171,18124171,10
2025-10-02 14:52:04,50269,pairwise,LinkedCells,1.000000,lc_sliced_balanced,none,AoS,enabled,12974134,13001501,12982622,12999010,12984165,12989581,12984078,12991388,12975586,12979301,12986136,12986136,10
2025-10-02 14:52:05,50279,pairwise,LinkedCells,1.000000,lc_sliced_balanced,none,SoA,disabled,13026568,13022672,12995493,12947146,12955600,12973151,12888514,12969274,12822271,12810527,12941121,12941121,10
2025-10-02 14:52:05,50289,pairwise,LinkedCells,1.000000,lc_sliced_balanced,none,SoA,enabled,8124488,8134913,7963516,8008256,7974677,8121292,8102019,8144282,8104327,8079552,8075731,8075731,10
2025-10-02 14:52:05,50299,pairwise,LinkedCells,1.000000,lc_sliced_balanced,squared-particles-per-cell,AoS,disabled,18302971,18080455,18061501,18045564,18036310,18053347,18057620,18049056,18037174,18031446,18075543,18075543,10
2025-10-02 14:52:05,50309,pairwise,LinkedCells,1.000000,lc_sliced_balanced,squared-particles-per-cell,AoS,enabled,12972015,12929812,12951945,12941245,12938974,12913373,12951996,12919101,12927330,12937652,12938344,12938344,10
2025-10-02 14:52:05,50319,pairwise,LinkedCells,1.000000,lc_sliced_balanced,squared-particles-per-cell,SoA,disabled,14500051,12956781,12944125,12957157,12933616,12908838,12935178,12933720,12929257,12913550,13091227,13091227,10
2025-10-02 14:52:05,50329,pairwise,LinkedCells,1.000000,lc_sliced_balanced,squared-particles-per-cell,SoA,enabled,8923092,8738699,8745983,8682315,8669119,8684788,8652721,8671891,8706107,8686604,8716131,8716131,10
2025-10-02 14:52:06,50339,pairwise,LinkedCells,1.000000,lc_sliced_c02,none,AoS,disabled,18194746,17905407,17993231,17884081,17936064,18043925,17985428,17905210,17979953,17938849,17976688,17976688,10
2025-10-02 14:52:06,50349,pairwise,LinkedCells,1.000000,lc_sliced_c02,none,AoS,enabled,12797450,12842810,12792213,12921461,12878804,12821716,12807744,12802278,12753454,12808337,12822626,12822626,10
2025-10-02 14:52:06,50359,pairwise,LinkedCells,1.000000,lc_sliced_c02,none,SoA,disabled,14164382,12756785,12714647,12742458,12724540,12725993,12728424,12653230,12692823,12712780,12861605,12861605,10
2025-10-02 14:52:06,50369,pairwise,LinkedCells,1.000000,lc_sliced_c02,none,SoA,enabled,8055064,7845951,8019293,7814761,7811057,7684891,7771859,7864027,7771969,7944905,7858377,7858377,10
2025-10-02 14:52:06,50379,pairwise,VerletClusterLists,1.000000,vcl_c01_balanced,none,AoS,disabled,136441932,34423595,34342648,34452061,34477487,34405459,34344971,34393171,34460132,34378375,44611982,44611982,10
2025-10-02 14:52:07,50389,pairwise,VerletClusterLists,1.000000,vcl_c01_balanced,none,SoA,disabled,95839402,12243558,12208571,12213973,12220931,12217789,12227623,12266052,12211644,12211842,20586137,20586137,10
2025-10-02 14:52:07,50399,pairwise,VerletClusterLists,1.000000,vcl_c06,none,AoS,disabled,125173672,42714710,42619939,43224096,42672918,42504699,42100223,42743166,42845732,42572595,50917174,50917174,10
2025-10-02 14:52:07,50409,pairwise,VerletClusterLists,1.000000,vcl_c06,none,AoS,enabled,67769722,21340524,21462499,21587447,21602590,21825470,21292684,21946641,21433646,21335804,26159702,26159702,10
2025-10-02 14:52:08,50419,pairwise,VerletClusterLists,1.000000,vcl_c06,none,SoA,disabled,98233685,15063087,15039581,15020298,15107922,15368163,15123263,15008322,15030450,15230697,23422546,23422546,10
2025-10-02 14:52:08,50429,pairwise,VerletClusterLists,1.000000,vcl_c06,none,SoA,enabled,55276288,8312875,8321841,8342657,8253485,8232136,8253257,8408952,8331943,8344095,13007752,13007752,10
2025-10-02 14:52:09,50439,pairwise,VerletClusterLists,1.000000,vcl_sliced,none,AoS,disabled,169108018,85954067,85932392,80638524,82641170,85906288,85871147,85980270,86091419,85992742,93411603,93411603,10
2025-10-02 14:52:09,50449,pairwise,VerletClusterLists,1.000000,vcl_sliced,none,AoS,enabled,89885922,43262022,42480444,43243999,43315542,41631166,43380493,43233608,43296484,35617022,46934669,46934669,10
2025-10-02 14:52:10,50459,pairwise,VerletClusterLists,1.000000,vcl_sliced,none,SoA,disabled,107160057,23688083,23602307,23860675,22961081,23679283,23601718,21962675,23934146,23916938,31836696,31836696,10
2025-10-02 14:52:10,50469,pairwise,VerletClusterLists,1.000000,vcl_sliced,none,SoA,enabled,59599243,12856855,12974431,12045754,12894851,12918282,12787333,12960473,12814710,12895209,17474713,17474713,10
2025-10-02 14:52:11,50479,pairwise,VerletClusterLists,1.000000,vcl_sliced_balanced,none,AoS,disabled,167392913,84552763,84462010,84512642,84417722,84457539,84520416,84522732,84400790,84421384,92766091,92766091,10
2025-10-02 14:52:11,50489,pairwise,VerletClusterLists,1.000000,vcl_sliced_balanced,none,AoS,enabled,89275950,42919225,42897751,42928068,42872152,42981866,42929016,42979142,42948840,42942829,47567483,47567483,10
2025-10-02 14:52:12,50499,pairwise,VerletClusterLists,1.000000,vcl_sliced_balanced,none,SoA,disabled,106516326,23575235,23491070,23502007,23508815,23531805,23586628,23553597,23482561,23540440,31828847,31828847,10
2025-10-02 14:52:12,50509,pairwise,VerletClusterLists,1.000000,vcl_sliced_balanced,none,SoA,enabled,59700248,12920477,12844025,12822167,14075978,12940406,12891996,12883916,12826155,12812323,17671769,17671769,10
2025-10-02 14:52:13,50519,pairwise,VerletClusterLists,1.000000,vcl_sliced_balanced,neighbor-list-length,AoS,disabled,182749152,84371440,84399271,84385384,84329512,84327605,84261255,84370062,84380544,84401724,94197594,94197594,10
2025-10-02 14:52:13,50529,pairwise,VerletClusterLists,1.000000,vcl_sliced_balanced,neighbor-list-length,AoS,enabled,89321429,42891230,42871803,42909876,42983994,42958903,42886169,42884430,42931329,42805065,47544422,47544422,10
2025-10-02 14:52:14,50539,pairwise,VerletClusterLists,1.000000,vcl_sliced_balanced,neighbor-list-length,SoA,disabled,106887808,23461070,23430363,23452779,23454628,23440749,23440328,23441296,23445768,23428043,31788282,31788282,10
2025-10-02 14:52:14,50549,pairwise,VerletClusterLists,1.000000,vcl_sliced_balanced,neighbor-list-length,SoA,enabled,59814579,12826167,12837047,14022489,12815600,12804957,12825011,14207424,12818740,14017843,17898985,17898985,10
2025-10-02 14:52:15,50559,pairwise,VerletClusterLists,1.000000,vcl_sliced_c02,none,AoS,disabled,198925036,91426723,97051855,96974475,101822684,105180838,96939363,91307812,96974119,96965311,107356821,107356821,10
2025-10-02 14:52:16,50569,pairwise,VerletClusterLists,1.000000,vcl_sliced_c02,none,AoS,enabled,99704287,53227775,47547307,53206764,52293136,51217467,51224425,52214464,52890414,53315433,56684146,56684146,10
2025-10-02 14:52:16,50579,pairwise,VerletClusterLists,1.000000,vcl_sliced_c02,none,SoA,disabled,114001290,30240581,30197199,29349942,28976419,27962590,28163884,29336794,30083406,30114849,37842695,37842695,10
2025-10-02 14:52:16,50589,pairwise,VerletClusterLists,1.000000,vcl_sliced_c02,none,SoA,enabled,63013948,16496730,16016834,16046305,15740739,14846500,16827667,17603328,16710117,14461993,20776416,20776416,10
2025-10-02 14:52:16,50599,pairwise,VerletLists,1.000000,vl_list_iteration,none,AoS,disabled,62236076,12314544,12308708,12273787,12248784,12246814,12308156,12293815,12290694,12288849,17281022,17281022,10
2025-10-02 14:52:17,50609,pairwise,VerletLists,1.000000,vl_list_iteration,none,SoA,disabled,225956626,12407934,12332589,12365628,12328879,12322523,12331774,12323116,12337415,12311775,33701825,33701825,10
2025-10-02 14:52:17,50619,pairwise,VerletListsCells,1.000000,vlc_c01,none,AoS,disabled,70537670,10007182,10011363,9970183,10009588,9982643,10007504,9980435,10004474,9975215,16048625,16048625,10
2025-10-02 14:52:17,50629,pairwise,VerletListsCells,1.000000,vlc_c01,none,SoA,disabled,233839985,13036908,13023748,13005859,12990180,13008261,13004656,13006027,13000578,13000823,35091702,35091702,10
2025-10-02 14:52:17,50639,pairwise,VerletListsCells,1.000000,vlc_c18,none,AoS,disabled,55694078,9541039,9548361,9554173,9527032,9527883,9551428,9521079,9523011,9530109,14151818,14151818,10
2025-10-02 14:52:18,50649,pairwise,VerletListsCells,1.000000,vlc_c18,none,AoS,enabled,39170211,5757585,5737972,5736614,5730308,5733830,5742421,5735231,5757281,5734651,9083609,9083609,10
2025-10-02 14:52:18,50659,pairwise,VerletListsCells,1.000000,vlc_c18,none,SoA,disabled,359150646,16530985,16571119,16571646,16561307,16574920,16545892,16568292,16539882,16555757,50817044,50817044,10
2025-10-02 14:52:18,50669,pairwise,VerletListsCells,1.000000,vlc_c18,none,SoA,enabled,209834705,13098467,13090180,13080423,13122074,13102584,12314178,12325631,12315018,12323838,32460709,32460709,10
2025-10-02 14:52:19,50679,pairwise,VerletListsCells,1.000000,vlc_c08,none,AoS,disabled,52140469,9852412,9836525,9827395,9819026,9861478,9838512,9843539,9826272,9827331,14067295,14067295,10
2025-10-02 14:52:19,50689,pairwise,VerletListsCells,1.000000,vlc_c08,none,AoS,enabled,43145963,6445446,6427518,6442245,6430515,6426584,6422866,6430372,6442723,6438743,10105297,10105297,10
2025-10-02 14:52:19,50699,pairwise,VerletListsCells,1.000000,vlc_c08,none,SoA,disabled,334800282,15991866,15989721,15980560,15976234,15996225,15979655,15988789,15992916,15991342,47868758,47868758,10
2025-10-02 14:52:20,50709,pairwise,VerletListsCells,1.000000,vlc_c08,none,SoA,enabled,242734034,13855323,13838706,13842536,13847128,13858071,13837102,13847389,13855791,13851320,36736739,36736739,10
2025-10-02 14:52:20,50719,pairwise,VerletListsCells,1.000000,vlc_sliced,none,AoS,disabled,62371029,14691922,14629860,14737510,14654211,14766692,14753341,14804796,14631761,14789377,19483049,19483049,10
2025-10-02 14:52:20,50729,pairwise,VerletListsCells,1.000000,vlc_sliced,none,AoS,enabled,42613071,7390723,7343249,7270513,7308519,7331499,7351447,7355963,7192763,7304095,10846184,10846184,10
2025-10-02 14:52:20,50739,pairwise,VerletListsCells,1.000000,vlc_sliced,none,SoA,disabled,381543083,20689078,20606802,20619767,20594554,20608531,20560878,20540867,20568069,20560934,56689255,56689255,10
2025-10-02 14:52:21,50749,pairwise,VerletListsCells,1.000000,vlc_sliced,none,SoA,enabled,223329347,13858123,13765936,13750015,13745467,13751217,12906675,13054312,12979883,12987982,34412894,34412894,10
2025-10-02 14:52:21,50759,pairwise,VerletListsCells,1.000000,vlc_sliced_balanced,none,AoS,disabled,60793329,14303684,14298281,14294862,14268497,14309095,14286972,14276230,14277596,14274910,18938344,18938344,10
2025-10-02 14:52:21,50769,pairwise,VerletListsCells,1.000000,vlc_sliced_balanced,none,AoS,enabled,40422474,7377800,7348427,7364825,7336861,7351947,7327008,7357642,7322977,7347716,10655766,10655766,10
2025-10-02 14:52:22,50779,pairwise,VerletListsCells,1.000000,vlc_sliced_balanced,none,SoA,disabled,371189350,20462698,20403625,20372227,20378077,20395008,20389328,20416867,20382792,20376954,55476692,55476692,10
2025-10-02 14:52:22,50789,pairwise,VerletListsCells,1.000000,vlc_sliced_balanced,none,SoA,enabled,214649571,13846404,13837859,13805021,13830961,13522899,13059861,13052364,13032065,13045012,33568201,33568201,10
2025-10-02 14:52:22,50799,pairwise,VerletListsCells,1.000000,vlc_sliced_balanced,squared-particles-per-cell,AoS,disabled,61766457,14516715,14524054,14502870,14520064,14489094,14517004,14539369,14558092,14562056,19249576,19249576,10
2025-10-02 14:52:22,50809,pairwise,VerletListsCells,1.000000,vlc_sliced_balanced,squared-particles-per-cell,AoS,enabled,40858714,7620232,7588685,7562063,7591020,7574305,7582295,7594037,7578379,7578219,10912794,10912794,10
2025-10-02 14:52:23,50819,pairwise,VerletListsCells,1.000000,vlc_sliced_balanced,squared-particles-per-cell,SoA,disabled,368760644,20275378,20255518,20265655,20257873,20248046,20273565,20233820,20230287,20273459,55107423,55107423,10
2025-10-02 14:52:23,50829,pairwise,VerletListsCells,1.000000,vlc_sliced_balanced,squared-particles-per-cell,SoA,enabled,241489494,13808168,13745087,13825416,13845507,13789159,13822783,13050936,12974372,12941684,36329260,36329260,10
2025-10-02 14:52:24,50839,pairwise,VerletListsCells,1.000000,vlc_sliced_balanced,neighbor-list-length,AoS,disabled,61942964,15031750,14938928,14967354,14909250,14908771,14943639,14978601,15003467,14996369,19662108,19662108,10
2025-10-02 14:52:24,50849,pairwise,VerletListsCells,1.000000,vlc_sliced_balanced,neighbor-list-length,AoS,enabled,40698398,7562453,7552660,7545478,7548524,7552570,7539779,7551767,7556277,7550587,10865848,10865848,10
2025-10-02 14:52:24,50859,pairwise,VerletListsCells,1.000000,vlc_sliced_balanced,neighbor-list-length,SoA,disabled,371199653,21218709,21185200,21157138,21126265,21142872,21121212,21137094,21153937,21125210,56156728,56156728,10
2025-10-02 14:52:25,50869,pairwise,VerletListsCells,1.000000,vlc_sliced_balanced,neighbor-list-length,SoA,enabled,245171090,14180831,14043511,14091500,14065602,14075926,14092252,13275861,13249939,13230889,36947739,36947739,10
2025-10-02 14:52:25,50879,pairwise,VerletListsCells,1.000000,vlc_sliced_c02,none,AoS,disabled,65918271,18773625,18586047,18709927,18689489,18802040,18747729,18701704,18659597,18776914,23436534,23436534,10
2025-10-02 14:52:25,50889,pairwise,VerletListsCells,1.000000,vlc_sliced_c02,none,AoS,enabled,43229924,9793370,9673335,9766576,9755696,9688037,9733215,9759590,9735452,9728626,13086381,13086381,10
2025-10-02 14:52:26,50899,pairwise,VerletListsCells,1.000000,vlc_sliced_c02,none,SoA,disabled,374055264,25233879,25003819,25160101,25168814,25032651,25028185,25123353,24826913,25074205,59970717,59970717,10
2025-10-02 14:52:26,50909,pairwise,VerletListsCells,1.000000,vlc_sliced_c02,none,SoA,enabled,245980113,16079182,15980326,16099361,15993881,16044126,16053018,15353614,15199613,15276480,38805971,38805971,10
2025-10-02 14:52:27,50919,pairwise,PairwiseVerletLists,1.000000,vlp_c01,none,AoS,disabled,82373340,12083548,12069177,12094046,12086027,12073753,12064466,12082471,12073812,12073341,19107398,19107398,10
2025-10-02 14:52:27,50929,pairwise,PairwiseVerletLists,1.000000,vlp_c01,none,SoA,disabled,641488795,23905829,23922869,23918762,23897782,23904701,23886265,23895527,23866375,23861483,85654838,85654838,10
2025-10-02 14:52:28,50939,pairwise,PairwiseVerletLists,1.000000,vlp_c18,none,AoS,disabled,77010906,12642754,12631261,12618920,12629021,12631755,12616213,12609849,12612994,12628887,19063255,19063255,10
2025-10-02 14:52:28,50949,pairwise,PairwiseVerletLists,1.000000,vlp_c18,none,AoS,enabled,96407378,7814398,7790215,7790928,7802182,7788014,7783345,7792793,7790342,7793596,16655318,16655318,10
2025-10-02 14:52:29,50959,pairwise,PairwiseVerletLists,1.000000,vlp_c18,none,SoA,disabled,824471216,22713417,22704871,22717174,22711843,22693155,22698011,22687762,22694257,22693478,102878518,102878518,10
2025-10-02 14:52:30,50969,pairwise,PairwiseVerletLists,1.000000,vlp_c18,none,SoA,enabled,568513870,17087278,17082796,17104968,17086773,17096176,17086946,17083817,17093287,17103310,72233921,72233921,10
2025-10-02 14:52:30,50979,pairwise,PairwiseVerletLists,1.000000,vlp_sliced,none,AoS,disabled,85190269,19959056,20339750,20355714,20000244,20013287,20166600,20254157,20298980,20307612,26688566,26688566,10
2025-10-02 14:52:30,50989,pairwise,PairwiseVerletLists,1.000000,vlp_sliced,none,AoS,enabled,98971256,10089249,10024326,10037051,9918235,9952222,9870242,9961196,9902478,9979098,18870535,18870535,10
2025-10-02 14:52:31,50999,pairwise,PairwiseVerletLists,1.000000,vlp_sliced,none,SoA,disabled,794188067,31026121,30906734,30838314,30831927,30219226,31067692,30914056,30460412,30170408,107062295,107062295,10
2025-10-02 14:52:32,51009,pairwise,PairwiseVerletLists,1.000000,vlp_sliced,none,SoA,enabled,576881976,21518367,21339194,21536729,21153998,21097728,21299691,21411574,21325230,21270989,76883547,76883547,10
2025-10-02 14:52:32,51019,pairwise,PairwiseVerletLists,1.000000,vlp_sliced_balanced,none,AoS,disabled,85614313,20512829,20503939,20471196,20450011,20484792,20450249,20442871,20485042,20442910,26985814,26985814,10
2025-10-02 14:52:32,51029,pairwise,PairwiseVerletLists,1.000000,vlp_sliced_balanced,none,AoS,enabled,99560447,10060248,10050073,10036265,10041209,10022242,10000434,10025496,10011140,10023101,18983065,18983065,10
2025-10-02 14:52:33,51039,pairwise,PairwiseVerletLists,1.000000,vlp_sliced_balanced,none,SoA,disabled,799945041,31119065,31036248,31054743,31062287,31025469,31037803,30993440,30983942,30984200,107924223,107924223,10
2025-10-02 14:52:34,51049,pairwise,PairwiseVerletLists,1.000000,vlp_sliced_balanced,none,SoA,enabled,572127410,21426763,21359127,21381021,21427608,21350806,21342227,21353450,21368200,21312206,76444881,76444881,10
2025-10-02 14:52:35,51059,pairwise,PairwiseVerletLists,1.000000,vlp_sliced_c02,none,AoS,disabled,91953275,26841018,26476850,26684414,26559183,26635089,26598186,26434793,26872566,26483363,33153872,33153872,10
2025-10-02 14:52:35,51069,pairwise,PairwiseVerletLists,1.000000,vlp_sliced_c02,none,AoS,enabled,102366683,12922667,12851711,12822612,12767326,12821201,12884058,12777831,12816393,12801924,21783239,21783239,10
2025-10-02 14:52:36,51079,pairwise,PairwiseVerletLists,1.000000,vlp_sliced_c02,none,SoA,disabled,802151586,38215543,38185218,38089653,38052963,38006825,37900357,37904205,38097714,38163364,114476742,114476742,10
2025-10-02 14:52:37,51089,pairwise,PairwiseVerletLists,1.000000,vlp_sliced_c02,none,SoA,enabled,578323901,26085298,26119238,26049975,26108907,26210005,26277958,26087148,26232940,26013783,81350914,81350914,10
2025-10-02 14:52:37,51099,pairwise,PairwiseVerletLists,1.000000,vlp_c08,none,AoS,disabled,82318481,16935098,16883974,16873568,16870981,16857778,16843607,16854866,16856599,16848676,23414362,23414362,10
2025-10-02 14:52:37,51109,pairwise,PairwiseVerletLists,1.000000,vlp_c08,none,AoS,enabled,99128000,9460220,9402150,9384713,9375743,9372091,9388320,9380070,9373684,9382827,18364781,18364781,10
2025-10-02 14:52:38,51119,pairwise,PairwiseVerletLists,1.000000,vlp_c08,none,SoA,disabled,791799281,26300046,26274746,26228183,26224858,26231591,26226609,26219181,26251130,26213333,102796895,102796895,10
2025-10-02 14:52:39,51129,pairwise,PairwiseVerletLists,1.000000,vlp_c08,none,SoA,enabled,575070576,18955403,18936371,18922002,18953278,18925240,18935634,18945028,18930997,18936798,74551132,74551132,10
2025-10-02 14:56:15,55009,pairwise,LinkedCells,1.000000,lc_c01,none,AoS,disabled,12905478,12590722,12643276,12617780,12665992,12624678,13048908,12932623,13084973,12623828,12773825,12773825,10
2025-10-02 14:56:15,55019,pairwise,LinkedCells,1.000000,lc_c01,none,SoA,disabled,7764131,7751004,7727242,7744725,7769800,7781042,7765726,7844894,7790389,7759585,7769853,7769853,10
2025-10-02 14:56:15,55029,pairwise,LinkedCells,1.000000,lc_c01_combined_SoA,none,SoA,disabled,6938136,6960720,6992117,7194586,7071562,6882351,6925575,7082075,6969369,6917708,6993419,6993419,10
2025-10-02 14:56:15,55039,pairwise,LinkedCells,1.000000,lc_c04,none,AoS,disabled,9229660,9056064,9141391,9135183,9062180,9060779,9293735,9096963,9209228,9056317,9134149,9134149,10
2025-10-02 14:56:15,55049,pairwise,LinkedCells,1.000000,lc_c04,none,AoS,enabled,6556556,6614445,6639907,6523959,6558695,6635546,6666379,6651329,6513581,6597645,6595804,6595804,10
2025-10-02 14:56:15,55059,pairwise,LinkedCells,1.000000,lc_c04,none,SoA,disabled,7504362,7396366,7416195,7379602,7454769,7465996,7439738,7372176,7435303,7465957,7433046,7433046,10
2025-10-02 14:56:15,55069,pairwise,LinkedCells,1.000000,lc_c04,none,SoA,enabled,5327809,5267498,5257722,5295081,5332928,5317154,5269705,5387741,5232729,5347379,5303573,5303573,10
2025-10-02 14:56:15,55079,pairwise,LinkedCells,1.000000,lc_c04_HCP,none,AoS,disabled,7886290,7856603,7865939,7860121,7818064,7809859,7838837,7859526,7882357,7894040,7857163,7857163,10
2025-10-02 14:56:15,55089,pairwise,LinkedCells,1.000000,lc_c04_HCP,none,AoS,enabled,5764076,5768581,5764009,5749066,5747052,5762610,5756468,5737024,5760977,5765580,5757543,5757543,10
2025-10-02 14:56:15,55099,pairwise,LinkedCells,1.000000,lc_c04_HCP,none,SoA,disabled,7197634,7165912,7166190,7148449,7166558,7161504,7153392,7233593,7147325,7208108,7174865,7174865,10
2025-10-02 14:56:15,55109,pairwise,LinkedCells,1.000000,lc_c04_HCP,none,SoA,enabled,5471183,5422909,5432323,5390452,5467336,5456692,5412796,5443283,5494964,5389381,5438131,5438131,10
2025-10-02 14:56:15,55119,pairwise,LinkedCells,1.000000,lc_c04_combined_SoA,none,SoA,disabled,9760694,9930528,9623385,9657564,9596095,9644366,9700055,9657100,9673031,9717987,9696080,9696080,10
2025-10-02 14:56:16,55129,pairwise,LinkedCells,1.000000,lc_c04_combined_SoA,none,SoA,enabled,7513665,7546398,7428601,7451007,7442449,7475574,7433660,7516396,7497495,7426268,7473150,7473150,10
2025-10-02 14:56:16,55139,pairwise,LinkedCells,1.000000,lc_c08,none,AoS,disabled,8448722,8392922,8406425,8400756,8379120,8389410,8386793,8384803,8377718,8383636,8395029,8395029,10
2025-10-02 14:56:16,55149,pairwise,LinkedCells,1.000000,lc_c08,none,AoS,enabled,6415621,6387724,6392980,6410835,6413169,6406739,6430865,6393536,6398341,6373003,6402281,6402281,10
2025-10-02 14:56:16,55159,pairwise,LinkedCells,1.000000,lc_c08,none,SoA,disabled,9038124,8915038,8900140,8889062,8898938,8916800,8884146,8819660,8927115,8841105,8903012,8903012,10
2025-10-02 14:56:16,55169,pairwise,LinkedCells,1.000000,lc_c08,none,SoA,enabled,7250084,7236688,7200924,7234169,7254367,7198874,7180477,7254185,7208898,7200281,7221894,7221894,10
2025-10-02 14:56:16,55179,pairwise,LinkedCells,1.000000,lc_c18,none,AoS,disabled,8553817,8552025,8565856,8561548,8532669,8535234,8548061,8560608,8551725,8569269,8553080,8553080,10
2025-10-02 14:56:16,55189,pairwise,LinkedCells,1.000000,lc_c18,none,AoS,enabled,6500625,6491256,6484325,6452917,6445086,6472930,6471380,6530708,6583442,6540938,6497360,6497360,10
2025-10-02 14:56:16,55199,pairwise,LinkedCells,1.000000,lc_c18,none,SoA,disabled,7725839,7744414,7746181,7632459,7717987,7633381,7673742,7675490,7698738,7680742,7692897,7692897,10
2025-10-02 14:56:16,55209,pairwise,LinkedCells,1.000000,lc_c18,none,SoA,enabled,5818825,5827150,5822074,5825756,5788079,5814711,5829737,5860176,5822839,5825952,5823529,5823529,10
2025-10-02 14:56:16,55219,pairwise,LinkedCells,1.000000,lc_sliced,none,AoS,disabled,11033875,11277298,11289113,11048146,11320581,11276180,11017582,11278916,11295774,10796360,11163382,11163382,10
2025-10-02 14:56:16,55229,pairwise,LinkedCells,1.000000,lc_sliced,none,AoS,enabled,8064074,7853277,7867057,8035806,7998556,7995820,8030857,8026344,8018386,7988422,7987859,7987859,10
2025-10-02 14:56:17,55239,pairwise,LinkedCells,1.000000,lc_sliced,none,SoA,disabled,8293723,8404826,8463344,8350794,8337846,8370545,8232184,8330993,8272587,8379891,8343673,8343673,10
2025-10-02 14:56:17,55249,pairwise,LinkedCells,1.000000,lc_sliced,none,SoA,enabled,5513399,5638833,5473453,5564134,5539938,5405304,5549459,5353875,5517400,5420573,5497636,5497636,10
2025-10-02 14:56:17,55259,pairwise,LinkedCells,1.000000,lc_sliced_balanced,none,AoS,disabled,11358744,11279709,11282406,11276054,11282986,11279051,11281289,11268999,11284821,11272625,11286668,11286668,10
2025-10-02 14:56:17,55269,pairwise,LinkedCells,1.000000,lc_sliced_balanced,none,AoS,enabled,8035045,8009797,8009851,8003775,7996990,8006262,8012120,7993438,8003298,7997655,8006822,8006822,10
2025-10-02 14:56:17,55279,pairwise,LinkedCells,1.000000,lc_sliced_balanced,none,SoA,disabled,8379863,8432445,8405350,8401289,8451013,8390389,8404662,8443785,8420772,8386343,8411590,8411590,10
2025-10-02 14:56:17,55289,pairwise,LinkedCells,1.000000,lc_sliced_balanced,none,SoA,enabled,5444223,5575682,5546474,5509477,5544194,5540378,5563172,5527483,5526244,5549822,5532714,5532714,10
2025-10-02 14:56:17,55299,pairwise,LinkedCells,1.000000,lc_sliced_balanced,squared-particles-per-cell,AoS,disabled,11571672,11330486,11304610,11288796,11283479,11275312,11283117,11288662,11286293,11270854,11318327,11318327,10
2025-10-02 14:56:17,55309,pairwise,LinkedCells,1.000000,lc_sliced_balanced,squared-particles-per-cell,AoS,enabled,8097896,8030987,8011625,8012214,8021022,8018635,8010302,8010427,8006953,8006660,8022671,8022671,10
2025-10-02 14:56:17,55319,pairwise,LinkedCells,1.000000,lc_sliced_balanced,squared-particles-per-cell,SoA,disabled,9164056,8280751,8250179,8233477,8206400,8184906,8212826,8231389,8198989,8207736,8317070,8317070,10
2025-10-02 14:56:17,55329,pairwise,LinkedCells,1.000000,lc_sliced_balanced,squared-particles-per-cell,SoA,enabled,5841352,5685131,5692489,5703630,5686121,5724727,5709634,5694590,5708526,5694038,5714023,5714023,10
2025-10-02 14:56:18,55339,pairwise,LinkedCells,1.000000,lc_sliced_c02,none,AoS,disabled,11465170,11240098,11250045,11296837,10596281,11192327,11240311,11048197,11224613,11267640,11182151,11182151,10
2025-10-02 14:56:18,55349,pairwise,LinkedCells,1.000000,lc_sliced_c02,none,AoS,enabled,8010690,7956031,7917964,7818924,7944851,7947158,7931813,7936711,7843107,7924113,7923136,7923136,10
2025-10-02 14:56:18,55359,pairwise,LinkedCells,1.000000,lc_sliced_c02,none,SoA,disabled,8974521,8325885,8231882,8213843,8119604,8130184,8184184,8098065,8287087,8081924,8264717,8264717,10
2025-10-02 14:56:18,55369,pairwise,LinkedCells,1.000000,lc_sliced_c02,none,SoA,enabled,5382926,5391745,5364587,5417869,5497534,5350788,5362563,5333336,5360290,5489989,5395162,5395162,10
2025-10-02 14:56:18,55379,pairwise,VerletClusterLists,1.000000,vcl_c01_balanced,none,AoS,disabled,83965682,18162123,18119644,18077262,18201629,18037287,18066691,18094848,18020571,18093437,24683916,24683916,10
2025-10-02 14:56:18,55389,pairwise,VerletClusterLists,1.000000,vcl_c01_balanced,none,SoA,disabled,60509268,6450484,6447384,6421462,6316332,6333507,6370830,6422199,6425605,6464870,11816193,11816193,10
2025-10-02 14:56:19,55399,pairwise,VerletClusterLists,1.000000,vcl_c06,none,AoS,disabled,101128681,44901302,44606098,45333724,42067371,45622609,44212861,44473426,44404327,44285289,50103568,50103568,10
2025-10-02 14:56:19,55409,pairwise,VerletClusterLists,1.000000,vcl_c06,none,AoS,enabled,54673295,21658363,21327723,21808049,21602976,20448381,21504011,20888457,20551326,20420202,24488277,24488277,10
2025-10-02 14:56:19,55419,pairwise,VerletClusterLists,1.000000,vcl_c06,none,SoA,disabled,73381881,15630628,15969520,16317850,15700001,16209919,16353761,16166293,16445198,16450835,21862587,21862587,10
2025-10-02 14:56:19,55429,pairwise,VerletClusterLists,1.000000,vcl_c06,none,SoA,enabled,41129700,8658451,8920429,8381783,8291934,8617509,8243620,8538121,8813700,8455122,11805036,11805036,10
2025-10-02 14:56:20,55439,pairwise,VerletClusterLists,1.000000,vcl_sliced,none,AoS,disabled,124731716,58854867,68121770,58866192,58883671,58790149,43528879,58727559,58841687,58900631,64824711,64824711,10
2025-10-02 14:56:20,55449,pairwise,VerletClusterLists,1.000000,vcl_sliced,none,AoS,enabled,65558077,23144052,32043694,34496651,30864941,30797994,34612750,29987104,34598333,34606911,35071050,35071050,10
2025-10-02 14:56:21,55459,pairwise,VerletClusterLists,1.000000,vcl_sliced,none,SoA,disabled,72726302,15140322,17768258,18899981,17760281,17761090,18833250,13185951,18867208,18876486,22981912,22981912,10
2025-10-02 14:56:21,55469,pairwise,VerletClusterLists,1.000000,vcl_sliced,none,SoA,enabled,43241365,10368444,9804930,9786263,10371321,9472603,9723775,9784805,9781199,9790510,13212521,13212521,10
2025-10-02 14:56:21,55479,pairwise,VerletClusterLists,1.000000,vcl_sliced_balanced,none,AoS,disabled,120328480,65879083,65758157,65815735,65778972,65782395,65877287,65765061,65897114,65703024,71258530,71258530,10
2025-10-02 14:56:22,55489,pairwise,VerletClusterLists,1.000000,vcl_sliced_balanced,none,AoS,enabled,65331530,33657627,33712986,33769080,33686482,33671684,33635461,33593719,33716010,33793596,36856817,36856817,10
2025-10-02 14:56:22,55499,pairwise,VerletClusterLists,1.000000,vcl_sliced_balanced,none,SoA,disabled,71980918,18342719,18360210,18364238,18320230,18367738,18260190,18349333,18351063,18331400,23702803,23702803,10
2025-10-02 14:56:22,55509,pairwise,VerletClusterLists,1.000000,vcl_sliced_balanced,none,SoA,enabled,42594059,10107652,10073980,10086723,10087059,10056225,10100336,10101875,10108098,10086826,13340282,13340282,10
2025-10-02 14:56:23,55519,pairwise,VerletClusterLists,1.000000,vcl_sliced_balanced,neighbor-list-length,AoS,disabled,128887910,65739671,65750224,65791248,65775840,65655629,65772125,65726529,65882431,65739007,72072061,72072061,10
2025-10-02 14:56:23,55529,pairwise,VerletClusterLists,1.000000,vcl_sliced_balanced,neighbor-list-length,AoS,enabled,65884506,33660298,33745561,33654600,33631094,33717407,33759290,33581159,33739989,33732845,36910674,36910674,10
2025-10-02 14:56:24,55539,pairwise,VerletClusterLists,1.000000,vcl_sliced_balanced,neighbor-list-length,SoA,disabled,73683566,18371113,18267268,18336381,18349665,18336909,18290519,18352935,18347757,18363208,23869931,23869931,10
2025-10-02 14:56:24,55549,pairwise,VerletClusterLists,1.000000,vcl_sliced_balanced,neighbor-list-length,SoA,enabled,41685859,10117341,10115280,10124649,10124405,10126028,10117408,10109700,10055394,10145548,13272160,13272160,10
2025-10-02 14:56:25,55559,pairwise,VerletClusterLists,1.000000,vcl_sliced_c02,none,AoS,disabled,132326517,59824268,66946842,68439266,68638028,70956116,79384318,68361905,70414313,79258566,76455013,76455013,10
2025-10-02 14:56:25,55569,pairwise,VerletClusterLists,1.000000,vcl_sliced_c02,none,AoS,enabled,72365314,37538949,35990921,35759537,39531604,39429315,40947440,39418555,36277139,35649971,41290874,41290874,10
2025-10-02 14:56:25,55579,pairwise,VerletClusterLists,1.000000,vcl_sliced_c02,none,SoA,disabled,78779883,20237198,20660407,21599107,21754757,23685205,23381416,23348790,23629003,21714390,27879015,27879015,10
2025-10-02 14:56:25,55589,pairwise,VerletClusterLists,1.000000,vcl_sliced_c02,none,SoA,enabled,45399287,12255584,11989508,12009713,12306040,13116735,12793576,13049864,12780878,12017961,15771914,15771914,10
2025-10-02 14:56:26,55599,pairwise,VerletLists,1.000000,vl_list_iteration,none,AoS,disabled,33729957,5827922,5859937,5799509,5800169,5804290,5848065,5823885,5804211,5838557,8613649,8613649,10
2025-10-02 14:56:26,55609,pairwise,VerletLists,1.000000,vl_list_iteration,none,SoA,disabled,119382158,7605340,7515141,7509359,7487562,7509999,7507765,7492552,7497856,7485699,18699342,18699342,10
2025-10-02 14:56:26,55619,pairwise,VerletListsCells,1.000000,vlc_c01,none,AoS,disabled,49788041,5694239,5687180,5670153,5672867,5670612,5679461,5685331,5672535,5670247,10089066,10089066,10
2025-10-02 14:56:26,55629,pairwise,VerletListsCells,1.000000,vlc_c01,none,SoA,disabled,133404697,8571063,8508694,8501706,8480108,8498912,8490473,8497792,8501975,8494628,20995004,20995004,10
2025-10-02 14:56:26,55639,pairwise,VerletListsCells,1.000000,vlc_c18,none,AoS,disabled,38198888,5316418,5311597,5313736,5309932,5304498,5337807,5298815,5304017,5315924,8601163,8601163,10
2025-10-02 14:56:26,55649,pairwise,VerletListsCells,1.000000,vlc_c18,none,AoS,enabled,28065468,3591481,3576398,3553281,3554184,3553158,3554804,3553651,3543751,3544392,6009056,6009056,10
2025-10-02 14:56:27,55659,pairwise,VerletListsCells,1.000000,vlc_c18,none,SoA,disabled,195185611,10230286,10229665,10184958,10197746,10188262,10194864,10194819,10200868,10223320,28703039,28703039,10
2025-10-02 14:56:27,55669,pairwise,VerletListsCells,1.000000,vlc_c18,none,SoA,enabled,118414610,8861589,8783206,8037417,7997013,7971314,7958792,7965498,7969451,7964768,19192365,19192365,10
2025-10-02 14:56:27,55679,pairwise,VerletListsCells,1.000000,vlc_c08,none,AoS,disabled,33659851,5347318,5346370,5367453,5343877,5332700,5337412,5333073,5326246,5350425,8174471,8174471,10
2025-10-02 14:56:27,55689,pairwise,VerletListsCells,1.000000,vlc_c08,none,AoS,enabled,28979476,3791049,3759022,3771043,3766290,3754607,3749685,3756191,3753059,3755086,6283550,6283550,10
2025-10-02 14:56:27,55699,pairwise,VerletListsCells,1.000000,vlc_c08,none,SoA,disabled,184487590,9952332,9940284,9928624,9926233,9934326,9929527,9928490,9933269,9925216,27388588,27388588,10
2025-10-02 14:56:27,55709,pairwise,VerletListsCells,1.000000,vlc_c08,none,SoA,enabled,135373001,8874109,8825269,8799015,8814592,8808794,8813942,8798577,8789781,8802656,21469973,21469973,10
2025-10-02 14:56:28,55719,pairwise,VerletListsCells,1.000000,vlc_sliced,none,AoS,disabled,43206931,9286810,9241675,9231120,9205732,9240571,9191352,9264351,9292096,9220747,12638138,12638138,10
2025-10-02 14:56:28,55729,pairwise,VerletListsCells,1.000000,vlc_sliced,none,AoS,enabled,30064863,4459057,4417874,4437092,4439211,4421952,4443518,4438719,4447188,4448588,7001805,7001805,10
2025-10-02 14:56:28,55739,pairwise,VerletListsCells,1.000000,vlc_sliced,none,SoA,disabled,207620776,13041047,12983875,12988948,13093819,12899730,12924795,12974732,12994722,12918538,32444097,32444097,10
2025-10-02 14:56:28,55749,pairwise,VerletListsCells,1.000000,vlc_sliced,none,SoA,enabled,126331060,9286882,9234536,8558912,8406506,8423137,8386832,8366552,8396767,8390736,20378191,20378191,10
2025-10-02 14:56:28,55759,pairwise,VerletListsCells,1.000000,vlc_sliced_balanced,none,AoS,disabled,42781895,8876827,8881636,8866786,8838250,8875812,8873171,8860239,8843273,8864679,12256256,12256256,10
2025-10-02 14:56:28,55769,pairwise,VerletListsCells,1.000000,vlc_sliced_balanced,none,AoS,enabled,29262185,4486612,4495140,4482192,4466877,4477334,4476533,4472416,4484934,4488576,6959279,6959279,10
2025-10-02 14:56:29,55779,pairwise,VerletListsCells,1.000000,vlc_sliced_balanced,none,SoA,disabled,202382845,13204676,13165761,13154738,13180964,13140966,13172832,13143181,13170335,13161068,32087735,32087735,10
2025-10-02 14:56:29,55789,pairwise,VerletListsCells,1.000000,vlc_sliced_balanced,none,SoA,enabled,121255105,9393845,9282442,8534632,8469094,8479655,8433521,8431599,8417785,8400994,19909867,19909867,10
2025-10-02 14:56:29,55799,pairwise,VerletListsCells,1.000000,vlc_sliced_balanced,squared-particles-per-cell,AoS,disabled,42845168,8966780,8963146,8971125,8963299,8960665,8970537,8982405,8971439,8949853,12354441,12354441,10
2025-10-02 14:56:29,55809,pairwise,VerletListsCells,1.000000,vlc_sliced_balanced,squared-particles-per-cell,AoS,enabled,29362852,4659962,4646999,4629377,4633544,4623658,4619438,4623103,4624545,4640192,7106366,7106366,10
2025-10-02 14:56:30,55819,pairwise,VerletListsCells,1.000000,vlc_sliced_balanced,squared-particles-per-cell,SoA,disabled,207552726,13706489,13639770,13680709,13633335,13660940,13628025,13654132,13635979,13616099,33040819,33040819,10
2025-10-02 14:56:30,55829,pairwise,VerletListsCells,1.000000,vlc_sliced_balanced,squared-particles-per-cell,SoA,enabled,147218967,9271793,9163448,9164335,8373675,8335339,8295829,8312011,8338904,8295150,22476944,22476944,10
2025-10-02 14:56:30,55839,pairwise,VerletListsCells,1.000000,vlc_sliced_balanced,neighbor-list-length,AoS,disabled,45028712,9710294,9727076,9670318,9684592,9705255,9657654,9734005,9683183,9710156,13231124,13231124,10
2025-10-02 14:56:30,55849,pairwise,VerletListsCells,1.000000,vlc_sliced_balanced,neighbor-list-length,AoS,enabled,29397111,4724927,4737070,4704299,4712115,4714396,4710823,4718781,4725135,4721818,7186647,7186647,10
2025-10-02 14:56:30,55859,pairwise,VerletListsCells,1.000000,vlc_sliced_balanced,neighbor-list-length,SoA,disabled,212793493,14354784,14285691,14298494,14271064,14270765,14243959,14239351,14231849,14244887,34123432,34123432,10
2025-10-02 14:56:31,55869,pairwise,VerletListsCells,1.000000,vlc_sliced_balanced,neighbor-list-length,SoA,enabled,154335913,9650695,9526593,9507082,8640627,8613949,8615854,8634004,8539040,8543413,23460716,23460716,10
2025-10-02 14:56:31,55879,pairwise,VerletListsCells,1.000000,vlc_sliced_c02,none,AoS,disabled,45310577,11623759,11519590,11393819,11595203,10962833,11484836,11460592,11497520,11553887,14840261,14840261,10
2025-10-02 14:56:31,55889,pairwise,VerletListsCells,1.000000,vlc_sliced_c02,none,AoS,enabled,30573910,5869871,5852217,5720587,5880795,5880769,5861174,5911637,5884795,5912444,8334819,8334819,10
2025-10-02 14:56:31,55899,pairwise,VerletListsCells,1.000000,vlc_sliced_c02,none,SoA,disabled,213892246,16706268,16707792,16857954,16775142,16834825,16756506,16755015,16721302,16926236,36493327,36493327,10
2025-10-02 14:56:32,55909,pairwise,VerletListsCells,1.000000,vlc_sliced_c02,none,SoA,enabled,153218930,10806389,10617741,10729355,9825369,9736337,9815079,9852334,9699691,9796973,24409819,24409819,10
2025-10-02 14:56:32,55919,pairwise,PairwiseVerletLists,1.000000,vlp_c01,none,AoS,disabled,60792200,6805857,6809026,6798283,6798586,6802396,6806356,6801470,6798933,6804183,12201728,12201728,10
2025-10-02 14:56:32,55929,pairwise,PairwiseVerletLists,1.000000,vlp_c01,none,SoA,disabled,354671939,13950296,13943123,13943645,13913949,13924855,13934449,13917986,13918620,13908510,48002736,48002736,10
2025-10-02 14:56:32,55939,pairwise,PairwiseVerletLists,1.000000,vlp_c18,none,AoS,disabled,51820361,6726198,6736454,6766599,6727944,6733051,6724317,6729365,6725111,6724018,11241341,11241341,10
2025-10-02 14:56:33,55949,pairwise,PairwiseVerletLists,1.000000,vlp_c18,none,AoS,enabled,52853547,4594997,4584638,4578971,4577971,4579424,4574929,4583685,4579046,4584653,9409185,9409185,10
2025-10-02 14:56:33,55959,pairwise,PairwiseVerletLists,1.000000,vlp_c18,none,SoA,disabled,448043371,13541250,13536706,13522677,13544860,13535428,13526250,13608965,13519837,13518433,56989777,56989777,10
2025-10-02 14:56:34,55969,pairwise,PairwiseVerletLists,1.000000,vlp_c18,none,SoA,enabled,325655799,10830687,10833302,10802356,10808271,10804936,10808332,10799784,10799501,10815185,42295814,42295814,10
2025-10-02 14:56:34,55979,pairwise,PairwiseVerletLists,1.000000,vlp_sliced,none,AoS,disabled,57975988,12487630,12473663,12553485,12497484,12449404,12400213,12519638,12070343,12418754,16984660,16984660,10
2025-10-02 14:56:34,55989,pairwise,PairwiseVerletLists,1.000000,vlp_sliced,none,AoS,enabled,62105576,6678982,6628468,6600448,6605536,6630334,6544799,6565567,6553581,6560353,12147364,12147364,10
2025-10-02 14:56:34,55999,pairwise,PairwiseVerletLists,1.000000,vlp_sliced,none,SoA,disabled,433594042,19176118,18997564,19008620,18963171,18890661,19124143,18935350,18981621,18953173,60462446,60462446,10
2025-10-02 14:56:35,56009,pairwise,PairwiseVerletLists,1.000000,vlp_sliced,none,SoA,enabled,330546844,13851906,13737688,13749481,13752473,13686781,13730631,13763416,13763034,13794293,45437653,45437653,10
2025-10-02 14:56:35,56019,pairwise,PairwiseVerletLists,1.000000,vlp_sliced_balanced,none,AoS,disabled,57823029,12651417,12629086,12637407,12586809,12580651,12577591,12567463,12589028,12578962,17122143,17122143,10
2025-10-02 14:56:35,56029,pairwise,PairwiseVerletLists,1.000000,vlp_sliced_balanced,none,AoS,enabled,62837649,6683176,6655561,6580911,6590347,6570308,6589673,6548144,6544512,6566232,12216651,12216651,10
2025-10-02 14:56:36,56039,pairwise,PairwiseVerletLists,1.000000,vlp_sliced_balanced,none,SoA,disabled,437115991,19257269,19182176,19229936,19240456,19198624,19230013,19231109,19199942,19227869,61011337,61011337,10
2025-10-02 14:56:36,56049,pairwise,PairwiseVerletLists,1.000000,vlp_sliced_balanced,none,SoA,enabled,335510341,13824470,13778609,13768924,13788741,13737874,13821341,13808790,13789855,13789357,45961829,45961829,10
2025-10-02 14:56:37,56059,pairwise,PairwiseVerletLists,1.000000,vlp_sliced_c02,none,AoS,disabled,61475204,15690803,16051269,15532694,15886719,15950765,15874261,15085012,16022112,16099023,20366786,20366786,10
2025-10-02 14:56:37,56069,pairwise,PairwiseVerletLists,1.000000,vlp_sliced_c02,none,AoS,enabled,63647282,8216664,8228840,8161908,8260291,8194134,8187363,8115285,8245374,8205811,13746295,13746295,10
2025-10-02 14:56:37,56079,pairwise,PairwiseVerletLists,1.000000,vlp_sliced_c02,none,SoA,disabled,441367487,23045602,24007906,23818501,23812801,24148628,23972367,23842486,24160222,22669983,65484597,65484597,10
2025-10-02 14:56:38,56089,pairwise,PairwiseVerletLists,1.000000,vlp_sliced_c02,none,SoA,enabled,337577808,16658953,16704080,16694762,16279498,16779172,16805289,16759960,16625995,16799302,48768481,48768481,10
2025-10-02 14:56:38,56099,pairwise,PairwiseVerletLists,1.000000,vlp_c08,none,AoS,disabled,56084810,9953535,9948489,9925088,9932098,9929601,9918966,9925160,9920634,9924933,14546330,14546330,10
2025-10-02 14:56:38,56109,pairwise,PairwiseVerletLists,1.000000,vlp_c08,none,AoS,enabled,61601862,5732323,5692867,5699764,5697209,5698373,5695316,5697044,5692432,5702030,11290921,11290921,10
2025-10-02 14:56:39,56119,pairwise,PairwiseVerletLists,1.000000,vlp_c08,none,SoA,disabled,434629566,16363918,16314871,16321450,16335712,16319778,16326860,16318484,16319334,16327871,58157784,58157784,10
2025-10-02 14:56:39,56129,pairwise,PairwiseVerletLists,1.000000,vlp_c08,none,SoA,enabled,333937337,12202112,12174117,12176924,12163111,12182108,12179805,12164964,12168326,12153560,44350235,44350235,10
2025-10-02 14:58:24,60009,pairwise,LinkedCells,1.000000,lc_c01,none,AoS,disabled,3620560,3533088,3481588,3474276,3474201,3490285,3460955,3478709,3549632,3522910,3508619,3508619,10
2025-10-02 14:58:24,60019,pairwise,LinkedCells,1.000000,lc_c01,none,SoA,disabled,4001828,3850700,3882488,3841183,3844625,3851586,3835200,3862703,3983647,4024489,3897844,3897844,10
2025-10-02 14:58:24,60029,pairwise,LinkedCells,1.000000,lc_c01_combined_SoA,none,SoA,disabled,3702988,3782610,3711335,3726429,3785630,3667072,3657862,3738315,3695093,3630235,3709756,3709756,10
2025-10-02 14:58:24,60039,pairwise,LinkedCells,1.000000,lc_c04,none,AoS,disabled,3767290,3685570,3596914,3641679,3627554,3575136,3613725,3618971,3604691,3635238,3636676,3636676,10
2025-10-02 14:58:24,60049,pairwise,LinkedCells,1.000000,lc_c04,none,AoS,enabled,2734194,2664103,2733406,2746771,2741380,2727844,2724331,2729645,2666525,2707928,2717612,2717612,10
2025-10-02 14:58:24,60059,pairwise,LinkedCells,1.000000,lc_c04,none,SoA,disabled,3664952,3552709,3550671,3518769,3518650,3526949,3549669,3516353,3540036,3530200,3546895,3546895,10
2025-10-02 14:58:24,60069,pairwise,LinkedCells,1.000000,lc_c04,none,SoA,enabled,2782833,2720310,2694809,2729031,2742716,2697162,2712859,2721678,2735710,2711778,2724888,2724888,10
2025-10-02 14:58:24,60079,pairwise,LinkedCells,1.000000,lc_c04_HCP,none,AoS,disabled,2053678,2003121,1989723,1988477,2001420,2009936,1995121,2023119,2016360,2022855,2010380,2010380,10
2025-10-02 14:58:24,60089,pairwise,LinkedCells,1.000000,lc_c04_HCP,none,AoS,enabled,1577566,1578600,1566204,1569678,1582118,1560990,1573618,1568960,1569914,1575125,1572276,1572276,10
2025-10-02 14:58:24,60099,pairwise,LinkedCells,1.000000,lc_c04_HCP,none,SoA,disabled,3329697,3246795,3217405,3192458,3205401,3235987,3217984,3207912,3189388,3240040,3228306,3228306,10
2025-10-02 14:58:24,60109,pairwise,LinkedCells,1.000000,lc_c04_HCP,none,SoA,enabled,2972434,2938426,2927190,2915192,2928162,2898869,2916403,2931338,2902062,2987605,2931767,2931767,10
2025-10-02 14:58:24,60119,pairwise,LinkedCells,1.000000,lc_c04_combined_SoA,none,SoA,disabled,3915250,3872276,3875791,3875793,3854458,3906158,3859601,3865042,3886016,3830886,3874126,3874126,10
2025-10-02 14:58:24,60129,pairwise,LinkedCells,1.000000,lc_c04_combined_SoA,none,SoA,enabled,3617671,3528458,3485385,3476137,3496839,3509459,3493247,3568674,3524405,3765267,3546553,3546553,10
2025-10-02 14:58:24,60139,pairwise,LinkedCells,1.000000,lc_c08,none,AoS,disabled,2764824,2721831,2719651,2765686,2749532,2752158,2727652,2740352,2736390,2736767,2741484,2741484,10
2025-10-02 14:58:24,60149,pairwise,LinkedCells,1.000000,lc_c08,none,AoS,enabled,2543695,2546046,2479296,2486266,2493690,2527246,2471313,2487888,2488820,2481287,2500554,2500554,10
2025-10-02 14:58:24,60159,pairwise,LinkedCells,1.000000,lc_c08,none,SoA,disabled,4562550,4442221,4430462,4452174,4428982,4441585,4530980,4387355,4374259,4359741,4441030,4441030,10
2025-10-02 14:58:24,60169,pairwise,LinkedCells,1.000000,lc_c08,none,SoA,enabled,4054692,4049269,4093798,4106862,4000500,4018175,3990397,4004247,4029276,4008370,4035558,4035558,10
2025-10-02 14:58:24,60179,pairwise,LinkedCells,1.000000,lc_c18,none,AoS,disabled,2847777,2816120,2835983,2883281,2826298,2836254,2840201,2834762,2852461,2843188,2841631,2841631,10
2025-10-02 14:58:24,60189,pairwise,LinkedCells,1.000000,lc_c18,none,AoS,enabled,2667932,2607085,2609885,2600710,2591314,2587486,2598776,2613690,2599956,2600705,2607753,2607753,10
2025-10-02 14:58:24,60199,pairwise,LinkedCells,1.000000,lc_c18,none,SoA,disabled,3743156,3655412,3585106,3589904,3597308,3625735,3597198,3614746,3597374,3603471,3620940,3620940,10
2025-10-02 14:58:24,60209,pairwise,LinkedCells,1.000000,lc_c18,none,SoA,enabled,3428186,3320001,3318456,3315263,3353358,3385809,3330655,3306311,3317371,3316527,3339193,3339193,10
2025-10-02 14:58:24,60219,pairwise,LinkedCells,1.000000,lc_sliced,none,AoS,disabled,3594009,3867270,3843682,3703257,3616293,3845393,3833903,3832851,3700267,3618828,3745575,3745575,10
2025-10-02 14:58:24,60229,pairwise,LinkedCells,1.000000,lc_sliced,none,AoS,enabled,2848784,2752811,2871723,2858335,2863116,2869961,2866576,2852240,2850028,2854470,2848803,2848803,10
2025-10-02 14:58:25,60239,pairwise,LinkedCells,1.000000,lc_sliced,none,SoA,disabled,4175758,3998398,3951645,3956782,3963833,3859835,3907452,3923272,3937382,3979909,3965426,3965426,10
2025-10-02 14:58:25,60249,pairwise,LinkedCells,1.000000,lc_sliced,none,SoA,enabled,3098754,3047562,3068246,3028751,3025946,3010038,2981011,2993915,3064129,3014127,3033247,3033247,10
2025-10-02 14:58:25,60259,pairwise,LinkedCells,1.000000,lc_sliced_balanced,none,AoS,disabled,3849798,3817243,3819379,3804711,3812572,3819323,3819074,3816601,3811675,3810955,3818132,3818132,10
2025-10-02 14:58:25,60269,pairwise,LinkedCells,1.000000,lc_sliced_balanced,none,AoS,enabled,2846948,2841787,2837307,2850346,2841771,2852729,2841658,2831480,2830799,2824410,2839923,2839923,10
2025-10-02 14:58:25,60279,pairwise,LinkedCells,1.000000,lc_sliced_balanced,none,SoA,disabled,4136538,3941244,3952137,3915534,3930302,3935334,3919840,3928116,3921840,3941030,3952191,3952191,10
2025-10-02 14:58:25,60289,pairwise,LinkedCells,1.000000,lc_sliced_balanced,none,SoA,enabled,3032222,2979469,2951401,2994486,2956024,2956186,2982348,2982054,2961758,2981212,2977715,2977715,10
2025-10-02 14:58:25,60299,pairwise,LinkedCells,1.000000,lc_sliced_balanced,squared-particles-per-cell,AoS,disabled,4445176,3814724,3757218,3748580,3756988,3736246,3752334,3731075,3737692,3731192,3821122,3821122,10
2025-10-02 14:58:25,60309,pairwise,LinkedCells,1.000000,lc_sliced_balanced,squared-particles-per-cell,AoS,enabled,3369243,3233980,3229851,3215377,3212957,3194785,3223409,3215808,3207047,3221957,3232441,3232441,10
2025-10-02 14:58:25,60319,pairwise,LinkedCells,1.000000,lc_sliced_balanced,squared-particles-per-cell,SoA,disabled,8659608,7833495,7874881,7960371,7802801,7784044,7855633,7911719,7866190,7800268,7934901,7934901,10
2025-10-02 14:58:25,60329,pairwise,LinkedCells,1.000000,lc_sliced_balanced,squared-particles-per-cell,SoA,enabled,7539616,7291583,7225886,7211600,7235596,7314050,7376254,7327390,7447293,7326827,7329609,7329609,10
2025-10-02 14:58:25,60339,pairwise,LinkedCells,1.000000,lc_sliced_c02,none,AoS,disabled,3892516,3839429,3726086,3641064,3647780,3825499,3874818,3772689,3641936,3663979,3752579,3752579,10
2025-10-02 14:58:25,60349,pairwise,LinkedCells,1.000000,lc_sliced_c02,none,AoS,enabled,2858593,2856806,2730178,2779025,2771667,2837567,2667192,2764367,2728263,2796520,2779017,2779017,10
2025-10-02 14:58:25,60359,pairwise,LinkedCells,1.000000,lc_sliced_c02,none,SoA,disabled,4713575,3834822,3933842,3929148,3938991,3936179,3877329,3851981,3810427,3774488,3960077,3960077,10
2025-10-02 14:58:25,60369,pairwise,LinkedCells,1.000000,lc_sliced_c02,none,SoA,enabled,3040591,2906865,2889365,2909647,2900926,2920917,2893978,2910235,2900655,2891673,2916484,2916484,10
2025-10-02 14:58:25,60379,pairwise,VerletClusterLists,1.000000,vcl_c01_balanced,none,AoS,disabled,19636489,3513680,3504487,3482718,3486452,3498769,3497108,3482217,3506186,3481597,5108969,5108969,10
2025-10-02 14:58:25,60389,pairwise,VerletClusterLists,1.000000,vcl_c01_balanced,none,SoA,disabled,17824986,1344000,1331651,1333906,1331036,1321794,1332048,1334447,1322785,1321264,2979791,2979791,10
2025-10-02 14:58:26,60399,pairwise,VerletClusterLists,1.000000,vcl_c06,none,AoS,disabled,35493008,21961229,21807804,21941535,22057466,22048142,21994236,22132974,23714545,21967839,23511877,23511877,10
2025-10-02 14:58:26,60409,pairwise,VerletClusterLists,1.000000,vcl_c06,none,AoS,enabled,19107321,11583869,11513740,11503060,11554457,11561581,11514486,11503770,11570308,11539567,12295215,12295215,10
2025-10-02 14:58:26,60419,pairwise,VerletClusterLists,1.000000,vcl_c06,none,SoA,disabled,22623892,8578319,9049201,8782101,9045836,9078685,9100871,8811432,8861581,9133238,10306515,10306515,10
2025-10-02 14:58:26,60429,pairwise,VerletClusterLists,1.000000,vcl_c06,none,SoA,enabled,12257710,4910559,5231563,4963773,4972426,4939343,5107057,4903998,5155138,5047648,5748920,5748920,10
2025-10-02 14:58:26,60439,pairwise,VerletClusterLists,1.000000,vcl_sliced,none,AoS,disabled,33760000,18355864,19917889,18342613,19989998,18391527,18398569,18469844,18329758,18434462,20239051,20239051,10
2025-10-02 14:58:26,60449,pairwise,VerletClusterLists,1.000000,vcl_sliced,none,AoS,enabled,17243422,11026846,11013461,11039147,10066153,10008273,10019735,11017945,15005591,11025300,11746586,11746586,10
2025-10-02 14:58:26,60459,pairwise,VerletClusterLists,1.000000,vcl_sliced,none,SoA,disabled,20577290,6840412,7023225,6828192,6804394,6829094,7033374,7021833,7020179,6823678,8280167,8280167,10
2025-10-02 14:58:26,60469,pairwise,VerletClusterLists,1.000000,vcl_sliced,none,SoA,enabled,11196849,3849775,3856891,3843466,3872448,3863319,3846622,3864801,3842281,3868806,4590525,4590525,10
2025-10-02 14:58:26,60479,pairwise,VerletClusterLists,1.000000,vcl_sliced_balanced,none,AoS,disabled,34830275,17997434,18115728,18044252,17926270,17936888,17909825,17903786,17922566,17922484,19650950,19650950,10
2025-10-02 14:58:27,60489,pairwise,VerletClusterLists,1.000000,vcl_sliced_balanced,none,AoS,enabled,17153056,9935090,10092955,9950398,9925997,9920304,9938722,9908845,10003917,9939326,10676860,10676860,10
2025-10-02 14:58:27,60499,pairwise,VerletClusterLists,1.000000,vcl_sliced_balanced,none,SoA,disabled,21176616,6723141,6738514,6744109,6738587,6732664,6738398,6737571,6728253,6737057,8179491,8179491,10
2025-10-02 14:58:27,60509,pairwise,VerletClusterLists,1.000000,vcl_sliced_balanced,none,SoA,enabled,12028207,3809318,3803836,3810749,3800481,3812721,3799738,3805200,3805967,3809067,4628527,4628527,10
2025-10-02 14:58:27,60519,pairwise,VerletClusterLists,1.000000,vcl_sliced_balanced,neighbor-list-length,AoS,disabled,33905347,17972183,17947623,18156537,17932654,17911773,17980459,17995323,18197737,18074869,19607450,19607450,10
2025-10-02 14:58:27,60529,pairwise,VerletClusterLists,1.000000,vcl_sliced_balanced,neighbor-list-length,AoS,enabled,18025144,10052286,9973494,9971685,10013380,10075724,9995973,9970252,9970135,9971964,10802003,10802003,10
2025-10-02 14:58:27,60539,pairwise,VerletClusterLists,1.000000,vcl_sliced_balanced,neighbor-list-length,SoA,disabled,22645006,6815925,6809959,6824166,6856578,6834105,6847348,6839245,6835022,6824016,8413136,8413136,10
2025-10-02 14:58:27,60549,pairwise,VerletClusterLists,1.000000,vcl_sliced_balanced,neighbor-list-length,SoA,enabled,11264900,3852111,3848519,3851766,3846989,3838516,3853885,3853921,3841940,3849518,4590205,4590205,10
2025-10-02 14:58:27,60559,pairwise,VerletClusterLists,1.000000,vcl_sliced_c02,none,AoS,disabled,35762959,20581020,19854398,19778831,19855524,20671289,19886612,19789404,20563682,19868506,21661221,21661221,10
2025-10-02 14:58:28,60569,pairwise,VerletClusterLists,1.000000,vcl_sliced_c02,none,AoS,enabled,18086970,10826329,10895768,11129933,10704775,13516934,11016274,13741503,13695646,10744038,12435816,12435816,10
2025-10-02 14:58:28,60579,pairwise,VerletClusterLists,1.000000,vcl_sliced_c02,none,SoA,disabled,21368652,7329675,7117310,7300931,7161331,7121538,7129383,7129130,7101021,7092266,8585123,8585123,10
2025-10-02 14:58:28,60589,pairwise,VerletClusterLists,1.000000,vcl_sliced_c02,none,SoA,enabled,12052839,3910945,3880256,3962550,3990851,3834131,3925785,3855138,3873879,3989671,4727604,4727604,10
2025-10-02 14:58:28,60599,pairwise,VerletLists,1.000000,vl_list_iteration,none,AoS,disabled,10929932,1152291,1130130,1129501,1121892,1130269,1129541,1126570,1124906,1124372,2109940,2109940,10
2025-10-02 14:58:28,60609,pairwise,VerletLists,1.000000,vl_list_iteration,none,SoA,disabled,30388731,2772307,2630864,2585206,2585170,2625151,2562591,2643259,2663019,2706705,5416299,5416299,10
2025-10-02 14:58:28,60619,pairwise,VerletListsCells,1.000000,vlc_c01,none,AoS,disabled,27326550,2175324,2174627,2158325,2159890,2172733,2154453,2193978,2181422,2165810,4686311,4686311,10
2025-10-02 14:58:28,60629,pairwise,VerletListsCells,1.000000,vlc_c01,none,SoA,disabled,47497198,4279729,4111855,4133622,4035348,4007173,4009754,4003001,3990420,3966785,8403488,8403488,10
2025-10-02 14:58:28,60639,pairwise,VerletListsCells,1.000000,vlc_c18,none,AoS,disabled,18825553,2395288,2385790,2385911,2371469,2378292,2385762,2387361,2380221,2383350,4027899,4027899,10
2025-10-02 14:58:28,60649,pairwise,VerletListsCells,1.000000,vlc_c18,none,AoS,enabled,16966154,2178704,2165673,2164046,2163375,2164879,2161884,2159928,2172894,2166931,3646446,3646446,10
2025-10-02 14:58:28,60659,pairwise,VerletListsCells,1.000000,vlc_c18,none,SoA,disabled,53433082,4934537,4705630,4653479,4645557,4609069,4700056,4647346,4588141,4563511,9548040,9548040,10
2025-10-02 14:58:28,60669,pairwise,VerletListsCells,1.000000,vlc_c18,none,SoA,enabled,38134353,4568762,4373466,4320103,4372934,4287345,4267207,4260865,4265458,4264079,7711456,7711456,10
2025-10-02 14:58:28,60679,pairwise,VerletListsCells,1.000000,vlc_c08,none,AoS,disabled,14168714,2194288,2190443,2174047,2158630,2169521,2172611,2173665,2178281,2172236,3375243,3375243,10
2025-10-02 14:58:28,60689,pairwise,VerletListsCells,1.000000,vlc_c08,none,AoS,enabled,13838697,2022844,1983451,1974724,1974654,1978330,1977922,1980852,2027672,1977821,3173696,3173696,10
2025-10-02 14:58:28,60699,pairwise,VerletListsCells,1.000000,vlc_c08,none,SoA,disabled,47101460,4662744,4492158,4439900,4409214,4367534,4361071,4356654,4371368,4357690,8691979,8691979,10
2025-10-02 14:58:28,60709,pairwise,VerletListsCells,1.000000,vlc_c08,none,SoA,enabled,38228623,4432503,4244210,4187906,4166533,4235466,4162973,4142653,4202829,4192873,7619656,7619656,10
2025-10-02 14:58:28,60719,pairwise,VerletListsCells,1.000000,vlc_sliced,none,AoS,disabled,19379067,2525187,2600318,2578226,2572693,2576394,2567945,2576293,2551677,2560144,4248794,4248794,10
2025-10-02 14:58:29,60729,pairwise,VerletListsCells,1.000000,vlc_sliced,none,AoS,enabled,16651453,1365888,1310407,1311964,1307822,1301761,1315421,1280271,1299928,1312592,2845750,2845750,10
2025-10-02 14:58:29,60739,pairwise,VerletListsCells,1.000000,vlc_sliced,none,SoA,disabled,55115697,5130492,4930281,4839152,4824141,4805531,4726202,4758956,4854418,4819584,9880445,9880445,10
2025-10-02 14:58:29,60749,pairwise,VerletListsCells,1.000000,vlc_sliced,none,SoA,enabled,38481576,3655365,3540471,3332735,3419070,3523413,3483183,3461279,3483184,3492800,6987307,6987307,10
2025-10-02 14:58:29,60759,pairwise,VerletListsCells,1.000000,vlc_sliced_balanced,none,AoS,disabled,19106740,2583242,2551532,2543320,2539410,2527186,2522639,2527497,2523963,2541582,4196710,4196710,10
2025-10-02 14:58:29,60769,pairwise,VerletListsCells,1.000000,vlc_sliced_balanced,none,AoS,enabled,16302833,1326550,1306504,1299671,1289358,1297411,1293900,1292319,1297775,1293952,2800026,2800026,10
2025-10-02 14:58:29,60779,pairwise,VerletListsCells,1.000000,vlc_sliced_balanced,none,SoA,disabled,54252353,5058876,4812282,4838381,4820241,4762560,4761710,4685375,4757512,4743003,9749228,9749228,10
2025-10-02 14:58:29,60789,pairwise,VerletListsCells,1.000000,vlc_sliced_balanced,none,SoA,enabled,37924411,3628175,3549197,3459268,3515546,3449856,3417046,3301305,3410293,3390459,6904555,6904555,10
2025-10-02 14:58:29,60799,pairwise,VerletListsCells,1.000000,vlc_sliced_balanced,squared-particles-per-cell,AoS,disabled,18609070,2690951,2625531,2608510,2608989,2581433,2581506,2579838,2585327,2580405,4205155,4205155,10
2025-10-02 14:58:29,60809,pairwise,VerletListsCells,1.000000,vlc_sliced_balanced,squared-particles-per-cell,AoS,enabled,16408132,1413061,1363262,1344505,1337772,1335575,1339332,1329799,1329725,1331137,2853229,2853229,10
2025-10-02 14:58:29,60819,pairwise,VerletListsCells,1.000000,vlc_sliced_balanced,squared-particles-per-cell,SoA,disabled,53985240,5141499,5048354,4962993,5051781,4953348,5000975,4990868,4927255,4941548,9900386,9900386,10
2025-10-02 14:58:29,60829,pairwise,VerletListsCells,1.000000,vlc_sliced_balanced,squared-particles-per-cell,SoA,enabled,39878677,3614403,3504679,3446534,3439628,3443114,3414199,3435222,3490591,3532389,7119943,7119943,10
2025-10-02 14:58:29,60839,pairwise,VerletListsCells,1.000000,vlc_sliced_balanced,neighbor-list-length,AoS,disabled,18374913,2638636,2596299,2575465,2570366,2564653,2564371,2565685,2584998,2564840,4160022,4160022,10
2025-10-02 14:58:29,60849,pairwise,VerletListsCells,1.000000,vlc_sliced_balanced,neighbor-list-length,AoS,enabled,16467198,1385122,1328822,1334977,1327056,1328617,1325137,1323487,1330380,1327961,2847875,2847875,10
2025-10-02 14:58:29,60859,pairwise,VerletListsCells,1.000000,vlc_sliced_balanced,neighbor-list-length,SoA,disabled,54940691,5325343,5152050,4879618,5034706,4936495,4835423,4957319,4958765,5004106,10002450,10002450,10
2025-10-02 14:58:30,60869,pairwise,VerletListsCells,1.000000,vlc_sliced_balanced,neighbor-list-length,SoA,enabled,42071109,3838483,3674036,3636329,3596963,3591827,3583387,3558012,3577677,3559253,7468707,7468707,10
2025-10-02 14:58:30,60879,pairwise,VerletListsCells,1.000000,vlc_sliced_c02,none,AoS,disabled,18942822,3183892,3135870,3132134,3078673,3170528,3169902,3095571,3107007,3190525,4720691,4720691,10
2025-10-02 14:58:30,60889,pairwise,VerletListsCells,1.000000,vlc_sliced_c02,none,AoS,enabled,16833059,1670504,1657970,1666242,1639136,1654580,1648369,1642957,1712775,1639284,3176486,3176486,10
2025-10-02 14:58:30,60899,pairwise,VerletListsCells,1.000000,vlc_sliced_c02,none,SoA,disabled,54935330,5828221,5641117,5615368,5683344,5684698,5666202,5585093,5567176,5572402,10577894,10577894,10
2025-10-02 14:58:30,60909,pairwise,VerletListsCells,1.000000,vlc_sliced_c02,none,SoA,enabled,41411706,4056005,3858842,3821551,3722042,3774146,3767331,3807523,3713746,3769235,7570212,7570212,10
2025-10-02 14:58:30,60919,pairwise,PairwiseVerletLists,1.000000,vlp_c01,none,AoS,disabled,24009066,2641730,2626615,2609756,2597420,2607469,2600118,2601947,2604618,2609964,4750869,4750869,10
2025-10-02 14:58:30,60929,pairwise,PairwiseVerletLists,1.000000,vlp_c01,none,SoA,disabled,94247262,6022523,5918750,5894837,5898239,5866957,5845980,5866902,5863879,5918704,14734403,14734403,10
2025-10-02 14:58:30,60939,pairwise,PairwiseVerletLists,1.000000,vlp_c18,none,AoS,disabled,21606552,2868231,2850830,2865097,2849342,2847236,2854556,2871098,2843467,2854914,4731131,4731131,10
2025-10-02 14:58:30,60949,pairwise,PairwiseVerletLists,1.000000,vlp_c18,none,AoS,enabled,22001903,2592989,2584866,2588139,2579891,2579321,2581187,2582010,2573641,2576470,4524041,4524041,10
2025-10-02 14:58:30,60959,pairwise,PairwiseVerletLists,1.000000,vlp_c18,none,SoA,disabled,117997151,6279248,6143755,6127023,6162797,6133643,6130444,6134521,6105755,6154057,17336839,17336839,10
2025-10-02 14:58:31,60969,pairwise,PairwiseVerletLists,1.000000,vlp_c18,none,SoA,enabled,88072057,5740311,5582816,5579613,5562426,5580034,5579391,5547698,5559944,5563158,13836744,13836744,10
2025-10-02 14:58:31,60979,pairwise,PairwiseVerletLists,1.000000,vlp_sliced,none,AoS,disabled,22613185,3534549,3804670,3689448,3662927,3802938,3743450,3796037,3494697,3786070,5592796,5592796,10
2025-10-02 14:58:31,60989,pairwise,PairwiseVerletLists,1.000000,vlp_sliced,none,AoS,enabled,22749009,2131353,2126803,2126584,2083512,2138174,2116461,2057118,2136935,2104213,4177015,4177015,10
2025-10-02 14:58:31,60999,pairwise,PairwiseVerletLists,1.000000,vlp_sliced,none,SoA,disabled,114239122,7766729,7566845,7525500,7539082,7378212,7432735,7435459,7551318,7396310,18183130,18183130,10
2025-10-02 14:58:31,61009,pairwise,PairwiseVerletLists,1.000000,vlp_sliced,none,SoA,enabled,87763707,5902867,5784606,5775577,5703499,5627056,5754026,5852849,5805026,5802408,13977162,13977162,10
2025-10-02 14:58:31,61019,pairwise,PairwiseVerletLists,1.000000,vlp_sliced_balanced,none,AoS,disabled,22851072,3785102,3741822,3714601,3709926,3683381,3677917,3700826,3698369,3686014,5624902,5624902,10
2025-10-02 14:58:31,61029,pairwise,PairwiseVerletLists,1.000000,vlp_sliced_balanced,none,AoS,enabled,22608032,2193439,2142681,2136805,2110376,2122540,2120499,2128233,2110866,2116206,4178966,4178966,10
2025-10-02 14:58:31,61039,pairwise,PairwiseVerletLists,1.000000,vlp_sliced_balanced,none,SoA,disabled,114523054,7712238,7560473,7580519,7535689,7530810,7522112,7549675,7500571,7487046,18250218,18250218,10
2025-10-02 14:58:31,61049,pairwise,PairwiseVerletLists,1.000000,vlp_sliced_balanced,none,SoA,enabled,90869454,5929448,5730127,5748669,5706704,5697156,5688994,5692707,5710850,5713927,14248803,14248803,10
2025-10-02 14:58:31,61059,pairwise,PairwiseVerletLists,1.000000,vlp_sliced_c02,none,AoS,disabled,23736583,4878810,4765175,4844111,4744738,4785777,4729015,4549892,4619243,4807718,6646105,6646105,10
2025-10-02 14:58:32,61069,pairwise,PairwiseVerletLists,1.000000,vlp_sliced_c02,none,AoS,enabled,23195808,2700457,2644622,2667612,2696689,2500022,2669973,2627405,2670927,2682485,4705599,4705599,10
2025-10-02 14:58:32,61079,pairwise,PairwiseVerletLists,1.000000,vlp_sliced_c02,none,SoA,disabled,117373426,8905062,8680303,8663469,8798295,8620878,8463351,8637694,8677254,8753910,19557363,19557363,10
2025-10-02 14:58:32,61089,pairwise,PairwiseVerletLists,1.000000,vlp_sliced_c02,none,SoA,enabled,88649963,6493723,6613681,6554854,6454193,6412705,6531025,6519674,6630788,6478304,14733890,14733890,10
2025-10-02 14:58:32,61099,pairwise,PairwiseVerletLists,1.000000,vlp_c08,none,AoS,disabled,23600233,4613823,4600432,4604326,4585593,4590632,4590779,4595143,4604391,4592418,6497776,6497776,10
2025-10-02 14:58:32,61109,pairwise,PairwiseVerletLists,1.000000,vlp_c08,none,AoS,enabled,23523364,3017391,2995345,2981756,2973352,2980797,2981795,2975263,2972240,2974092,5037539,5037539,10
2025-10-02 14:58:32,61119,pairwise,PairwiseVerletLists,1.000000,vlp_c08,none,SoA,disabled,114107731,8400392,8370823,8348088,8390233,8362521,8364548,8350766,8354961,8354349,18940440,18940440,10
2025-10-02 14:58:32,61129,pairwise,PairwiseVerletLists,1.000000,vlp_c08,none,SoA,enabled,88546512,6592685,6512410,6517641,6507856,6497115,6480363,6498371,6487087,6512729,14715276,14715276,10
2025-10-02 15:00:21,65009,pairwise,LinkedCells,1.000000,lc_c01,none,AoS,disabled,3814676,3754932,3721228,3731775,3716229,3783295,3752836,3747827,3751589,3757452,3753183,3753183,10
2025-10-02 15:00:21,65019,pairwise,LinkedCells,1.000000,lc_c01,none,SoA,disabled,4612333,3963141,4004956,3946427,3930653,3925073,3949908,3981774,4019656,4031074,4036499,4036499,10
2025-10-02 15:00:21,65029,pairwise,LinkedCells,1.000000,lc_c01_combined_SoA,none,SoA,disabled,3879326,4088278,3792961,3786857,3788208,3764806,3702450,3701620,3671215,3695855,3787157,3787157,10
2025-10-02 15:00:21,65039,pairwise,LinkedCells,1.000000,lc_c04,none,AoS,disabled,4050754,4002750,3847557,4045347,3872022,3947567,3904633,3915578,3852611,3935813,3937462,3937462,10
2025-10-02 15:00:21,65049,pairwise,LinkedCells,1.000000,lc_c04,none,AoS,enabled,2910073,2889594,2925187,2972043,2920466,2903944,2975306,2922591,2882503,2927875,2922957,2922957,10
2025-10-02 15:00:21,65059,pairwise,LinkedCells,1.000000,lc_c04,none,SoA,disabled,3836277,3724611,3712259,3690960,3683870,3675578,3673315,3688442,3672506,3682035,3703985,3703985,10
2025-10-02 15:00:21,65069,pairwise,LinkedCells,1.000000,lc_c04,none,SoA,enabled,2871620,2778291,2779626,2781762,2765689,2780288,2777238,2779364,2846594,2821408,2798187,2798187,10
2025-10-02 15:00:21,65079,pairwise,LinkedCells,1.000000,lc_c04_HCP,none,AoS,disabled,2306635,2243350,2227755,2247872,2247577,2255855,2237842,2235381,2238809,2251712,2249278,2249278,10
2025-10-02 15:00:21,65089,pairwise,LinkedCells,1.000000,lc_c04_HCP,none,AoS,enabled,1764491,1744256,1745402,1752069,1741673,1735789,1744209,1753099,1751627,1745531,1747814,1747814,10
2025-10-02 15:00:21,65099,pairwise,LinkedCells,1.000000,lc_c04_HCP,none,SoA,disabled,3432897,3331744,3289787,3313721,3334628,3370542,3338821,3325921,3326248,3348043,3341234,3341234,10
2025-10-02 15:00:21,65109,pairwise,LinkedCells,1.000000,lc_c04_HCP,none,SoA,enabled,3079477,2972888,2954308,3024435,2927760,2959330,2955480,2955673,2966586,2964731,2976066,2976066,10
2025-10-02 15:00:21,65119,pairwise,LinkedCells,1.000000,lc_c04_combined_SoA,none,SoA,disabled,3920543,3871211,4184519,3968062,3958221,3924214,3934354,3944344,3927506,4049138,3968210,3968210,10
2025-10-02 15:00:21,65129,pairwise,LinkedCells,1.000000,lc_c04_combined_SoA,none,SoA,enabled,3591690,3474693,3501042,3503095,3431175,3415326,3442109,3391122,3403052,3437490,3459078,3459078,10
2025-10-02 15:00:21,65139,pairwise,LinkedCells,1.000000,lc_c08,none,AoS,disabled,2982420,2925313,2965840,2969603,2919290,2916738,2922331,2924376,2924310,2921833,2937204,2937204,10
2025-10-02 15:00:21,65149,pairwise,LinkedCells,1.000000,lc_c08,none,AoS,enabled,2601836,2602373,2595524,2597101,2589828,2599840,2587406,2592779,2584743,2570340,2592176,2592176,10
2025-10-02 15:00:21,65159,pairwise,LinkedCells,1.000000,lc_c08,none,SoA,disabled,4541431,4416151,4457019,4443889,4384539,4391279,4401995,4368096,4383558,4427141,4421509,4421509,10
2025-10-02 15:00:21,65169,pairwise,LinkedCells,1.000000,lc_c08,none,SoA,enabled,4076090,4214106,4147737,4168919,4187420,4194399,4127487,4153779,4175351,4129140,4157442,4157442,10
2025-10-02 15:00:21,65179,pairwise,LinkedCells,1.000000,lc_c18,none,AoS,disabled,3024181,3019338,3006238,2997025,3027859,3031558,3031499,2989277,2999125,2980525,3010662,3010662,10
2025-10-02 15:00:21,65189,pairwise,LinkedCells,1.000000,lc_c18,none,AoS,enabled,2679426,2697644,2680313,2688243,2678000,2683520,2663458,2688945,2674848,2672551,2680694,2680694,10
2025-10-02 15:00:21,65199,pairwise,LinkedCells,1.000000,lc_c18,none,SoA,disabled,3839177,3790920,3728347,3710707,3717286,3780291,3738751,3755885,3743387,3723197,3752794,3752794,10
2025-10-02 15:00:22,65209,pairwise,LinkedCells,1.000000,lc_c18,none,SoA,enabled,3507754,3431339,3395809,3410414,3368506,3433854,3397527,3393188,3452540,3393947,3418487,3418487,10
2025-10-02 15:00:22,65219,pairwise,LinkedCells,1.000000,lc_sliced,none,AoS,disabled,4491891,4570739,4455626,4390025,4542749,4535542,4521162,4545037,4532414,4541567,4512674,4512674,10
2025-10-02 15:00:22,65229,pairwise,LinkedCells,1.000000,lc_sliced,none,AoS,enabled,3326804,3319617,3341775,3332595,3341323,3272142,3347314,3268348,3338235,3351172,3323932,3323932,10
2025-10-02 15:00:22,65239,pairwise,LinkedCells,1.000000,lc_sliced,none,SoA,disabled,4430046,4343033,4268508,4292112,4342447,4224325,4290178,4323478,4274204,4285001,4307332,4307332,10
2025-10-02 15:00:22,65249,pairwise,LinkedCells,1.000000,lc_sliced,none,SoA,enabled,3201302,3269835,3141411,3158630,3133735,3157880,3149207,3096630,3142536,3395131,3184629,3184629,10
2025-10-02 15:00:22,65259,pairwise,LinkedCells,1.000000,lc_sliced_balanced,none,AoS,disabled,4585617,4539996,4528194,4525132,4525098,4528036,4522536,4518022,4522444,4515599,4531067,4531067,10
2025-10-02 15:00:22,65269,pairwise,LinkedCells,1.000000,lc_sliced_balanced,none,AoS,enabled,3344971,3326630,3325454,3347841,3337173,3347793,3332801,3338714,3325306,3341900,3336857,3336857,10
2025-10-02 15:00:22,65279,pairwise,LinkedCells,1.000000,lc_sliced_balanced,none,SoA,disabled,4447822,4314466,4287803,4285668,4292648,4400423,4268266,4278102,4258069,4245782,4307904,4307904,10
2025-10-02 15:00:22,65289,pairwise,LinkedCells,1.000000,lc_sliced_balanced,none,SoA,enabled,3257737,3114767,3111179,3106083,3105973,3104442,3128774,3104537,3104105,3092260,3122985,3122985,10
2025-10-02 15:00:22,65299,pairwise,LinkedCells,1.000000,lc_sliced_balanced,squared-particles-per-cell,AoS,disabled,4786282,4620613,4587909,4571715,4567095,4561965,4570961,4575988,4573382,4561197,4597710,4597710,10
2025-10-02 15:00:22,65309,pairwise,LinkedCells,1.000000,lc_sliced_balanced,squared-particles-per-cell,AoS,enabled,3750296,3620145,3620998,3620763,3603724,3592353,3599940,3596305,3595456,3604302,3620427,3620427,10
2025-10-02 15:00:22,65319,pairwise,LinkedCells,1.000000,lc_sliced_balanced,squared-particles-per-cell,SoA,disabled,9478053,8679373,8674132,8601314,8701212,8602352,8701274,8667478,8670507,8628452,8740413,8740413,10
2025-10-02 15:00:22,65329,pairwise,LinkedCells,1.000000,lc_sliced_balanced,squared-particles-per-cell,SoA,enabled,8110651,7922284,7877837,7904828,7977183,7951566,7889077,7899183,7899539,7850656,7928280,7928280,10
2025-10-02 15:00:22,65339,pairwise,LinkedCells,1.000000,lc_sliced_c02,none,AoS,disabled,4713191,4558167,4320188,4272693,4434447,4439645,4554113,4468979,4317640,4553300,4463235,4463235,10
2025-10-02 15:00:22,65349,pairwise,LinkedCells,1.000000,lc_sliced_c02,none,AoS,enabled,3310434,3302236,3279908,3081266,3355430,3266095,3354410,3345926,3341082,3325316,3296209,3296209,10
2025-10-02 15:00:22,65359,pairwise,LinkedCells,1.000000,lc_sliced_c02,none,SoA,disabled,5013600,4305993,4449117,4309633,4278728,4476522,4190866,4199368,4330708,4241979,4379650,4379650,10
2025-10-02 15:00:22,65369,pairwise,LinkedCells,1.000000,lc_sliced_c02,none,SoA,enabled,3245998,3552925,3097554,3119689,3048032,3060381,3117769,3123545,3128749,3075689,3157033,3157033,10
2025-10-02 15:00:22,65379,pairwise,VerletClusterLists,1.000000,vcl_c01_balanced,none,AoS,disabled,21927344,4104829,4138491,4100049,4095207,4095070,4114544,4085237,4096830,4099834,5885743,5885743,10
2025-10-02 15:00:22,65389,pairwise,VerletClusterLists,1.000000,vcl_c01_balanced,none,SoA,disabled,15249901,1522458,1521520,1504499,1504022,1503612,1500889,1498844,1504165,1505575,2881548,2881548,10
2025-10-02 15:00:23,65399,pairwise,VerletClusterLists,1.000000,vcl_c06,none,AoS,disabled,34360878,21273106,21449928,21147523,21305749,22264803,22275743,21364431,21272617,21276278,22799105,22799105,10
2025-10-02 15:00:23,65409,pairwise,VerletClusterLists,1.000000,vcl_c06,none,AoS,enabled,17901619,10913003,10892494,11059243,10922760,11004690,11014821,11148290,10914034,10906649,11667760,11667760,10
2025-10-02 15:00:23,65419,pairwise,VerletClusterLists,1.000000,vcl_c06,none,SoA,disabled,21271321,8378700,8318906,8288915,8481862,8378653,8269228,8495547,8459633,8520150,9686291,9686291,10
2025-10-02 15:00:23,65429,pairwise,VerletClusterLists,1.000000,vcl_c06,none,SoA,enabled,12114394,5280773,5021404,5333172,4618017,4722461,5224179,5426755,4957418,5080625,5777919,5777919,10
2025-10-02 15:00:23,65439,pairwise,VerletClusterLists,1.000000,vcl_sliced,none,AoS,disabled,35914081,20250126,20281723,23253556,23290052,23332227,23299751,20287658,22809359,18511949,23123047,23123047,10
2025-10-02 15:00:23,65449,pairwise,VerletClusterLists,1.000000,vcl_sliced,none,AoS,enabled,18966304,15502740,11269897,12525604,11275962,12479687,12519897,11757658,10094404,12449751,12884190,12884190,10
2025-10-02 15:00:23,65459,pairwise,VerletClusterLists,1.000000,vcl_sliced,none,SoA,disabled,21712306,8763250,7119918,7108704,7098310,7661729,7108081,7125962,7118966,7116842,8793406,8793406,10
2025-10-02 15:00:24,65469,pairwise,VerletClusterLists,1.000000,vcl_sliced,none,SoA,enabled,10913650,4014198,3835041,3980216,3854291,3993260,3985808,3978230,3994164,3994784,4654364,4654364,10
2025-10-02 15:00:24,65479,pairwise,VerletClusterLists,1.000000,vcl_sliced_balanced,none,AoS,disabled,35959350,22271724,22301902,23393335,22298461,22396398,22275124,22290417,22274321,22389251,23785027,23785027,10
2025-10-02 15:00:24,65489,pairwise,VerletClusterLists,1.000000,vcl_sliced_balanced,none,AoS,enabled,18598534,12089229,12106053,12123169,12096255,13486761,12121918,12123684,12100332,12121307,12896723,12896723,10
2025-10-02 15:00:24,65499,pairwise,VerletClusterLists,1.000000,vcl_sliced_balanced,none,SoA,disabled,19723776,6912057,6890504,6909924,6905165,6936349,6913490,6912804,6906093,6897489,8190764,8190764,10
2025-10-02 15:00:24,65509,pairwise,VerletClusterLists,1.000000,vcl_sliced_balanced,none,SoA,enabled,10660543,3910283,3930401,3911289,3906178,3909208,3905654,3889805,3935583,3906149,4586508,4586508,10
2025-10-02 15:00:24,65519,pairwise,VerletClusterLists,1.000000,vcl_sliced_balanced,neighbor-list-length,AoS,disabled,38152812,23636752,22399203,22464098,22490421,22451013,22448550,22420624,22381602,22408169,24125323,24125323,10
2025-10-02 15:00:24,65529,pairwise,VerletClusterLists,1.000000,vcl_sliced_balanced,neighbor-list-length,AoS,enabled,19018101,12204176,12179004,12149083,12196825,13666519,12189871,12205299,12171197,12157982,13013805,13013805,10
2025-10-02 15:00:24,65539,pairwise,VerletClusterLists,1.000000,vcl_sliced_balanced,neighbor-list-length,SoA,disabled,19637720,6943497,6928127,6935198,6929709,6916069,6912395,6926057,8556821,6944000,8362959,8362959,10
2025-10-02 15:00:25,65549,pairwise,VerletClusterLists,1.000000,vcl_sliced_balanced,neighbor-list-length,SoA,enabled,10996962,4735826,3902692,3914406,4733111,3906271,3903996,3899610,3896963,3899899,4778973,4778973,10
2025-10-02 15:00:25,65559,pairwise,VerletClusterLists,1.000000,vcl_sliced_c02,none,AoS,disabled,38898500,25620008,24388909,22234972,25544820,29676910,25616848,24413745,24915448,29732431,27104258,27104258,10
2025-10-02 15:00:25,65569,pairwise,VerletClusterLists,1.000000,vcl_sliced_c02,none,AoS,enabled,20261135,12596378,13599192,12571918,15518229,12584344,12174432,13559711,15486136,12544070,14089554,14089554,10
2025-10-02 15:00:25,65579,pairwise,VerletClusterLists,1.000000,vcl_sliced_c02,none,SoA,disabled,21945204,9277223,8146133,8397845,8150627,8152199,8152716,9226456,8155262,8148782,9775244,9775244,10
2025-10-02 15:00:25,65589,pairwise,VerletClusterLists,1.000000,vcl_sliced_c02,none,SoA,enabled,11039031,5008084,4679434,4500179,4362691,4344209,4484192,4485317,4477020,4694919,5207507,5207507,10
2025-10-02 15:00:25,65599,pairwise,VerletLists,1.000000,vl_list_iteration,none,AoS,disabled,11408679,1632343,1621791,1620988,1604451,1608541,1605859,1606384,1626605,1629127,2596476,2596476,10
2025-10-02 15:00:25,65609,pairwise,VerletLists,1.000000,vl_list_iteration,none,SoA,disabled,32134738,3088307,2916985,2898328,2834577,2809556,2805255,2808193,2773324,2823210,5789246,5789246,10
2025-10-02 15:00:25,65619,pairwise,VerletListsCells,1.000000,vlc_c01,none,AoS,disabled,27866034,2275850,2262986,2271597,2263080,2261986,2258034,2258210,2258204,2258678,4823465,4823465,10
2025-10-02 15:00:25,65629,pairwise,VerletListsCells,1.000000,vlc_c01,none,SoA,disabled,50089223,4525573,4331505,4279825,4318713,4224033,4228621,4203469,4195752,4192084,8858879,8858879,10
2025-10-02 15:00:25,65639,pairwise,VerletListsCells,1.000000,vlc_c18,none,AoS,disabled,19246564,2459836,2458543,2448713,2448422,2434235,2427019,2448052,2437644,2433490,4124251,4124251,10
2025-10-02 15:00:25,65649,pairwise,VerletListsCells,1.000000,vlc_c18,none,AoS,enabled,17311057,2210408,2196273,2203216,2205841,2208889,2205420,2196573,2221273,2198078,3715702,3715702,10
2025-10-02 15:00:26,65659,pairwise,VerletListsCells,1.000000,vlc_c18,none,SoA,disabled,58214204,5148868,4978999,4907463,4884798,4892496,4857292,4866154,4855839,4836451,10244256,10244256,10
2025-10-02 15:00:26,65669,pairwise,VerletListsCells,1.000000,vlc_c18,none,SoA,enabled,42327129,4798107,4643362,4571404,4552512,4514850,4582657,4515583,4489438,4505822,8350086,8350086,10
2025-10-02 15:00:26,65679,pairwise,VerletListsCells,1.000000,vlc_c08,none,AoS,disabled,14632549,2241432,2239304,2246876,2274639,2254987,2236153,2220349,2233711,2221808,3480180,3480180,10
2025-10-02 15:00:26,65689,pairwise,VerletListsCells,1.000000,vlc_c08,none,AoS,enabled,14206827,2027085,2012994,2001872,2010504,2009202,2009159,2003289,2009302,2017959,3230818,3230818,10
2025-10-02 15:00:26,65699,pairwise,VerletListsCells,1.000000,vlc_c08,none,SoA,disabled,51312733,4952927,4755759,4707757,4687247,4698321,4644488,4635916,4606474,4595559,9359718,9359718,10
2025-10-02 15:00:26,65709,pairwise,VerletListsCells,1.000000,vlc_c08,none,SoA,enabled,41552838,4606705,4487422,4448074,4426385,4409346,4398919,4402269,4329861,4222733,8128454,8128454,10
2025-10-02 15:00:26,65719,pairwise,VerletListsCells,1.000000,vlc_sliced,none,AoS,disabled,20714932,3366129,3285965,3027119,3173886,3250685,3201675,3169874,3173987,3240871,4960512,4960512,10
2025-10-02 15:00:26,65729,pairwise,VerletListsCells,1.000000,vlc_sliced,none,AoS,enabled,17247352,1674149,1599907,1580405,1576278,1582469,1591096,1578744,1589702,1573404,3159350,3159350,10
2025-10-02 15:00:26,65739,pairwise,VerletListsCells,1.000000,vlc_sliced,none,SoA,disabled,61495652,5586927,5678133,5500921,5557048,5520060,5558992,5500784,5460135,5463429,11132207,11132207,10
2025-10-02 15:00:26,65749,pairwise,VerletListsCells,1.000000,vlc_sliced,none,SoA,enabled,43771289,4012463,3955898,3864542,3855452,3900635,3899694,3825214,3754615,3864004,7870379,7870379,10
2025-10-02 15:00:26,65759,pairwise,VerletListsCells,1.000000,vlc_sliced_balanced,none,AoS,disabled,20078546,3189175,3137067,3131951,3132084,3120901,3113207,3108295,3113524,3138682,4826343,4826343,10
2025-10-02 15:00:26,65769,pairwise,VerletListsCells,1.000000,vlc_sliced_balanced,none,AoS,enabled,16786181,1649834,1586733,1595301,1595833,1590161,1588178,1595287,1579296,1586331,3115313,3115313,10
2025-10-02 15:00:26,65779,pairwise,VerletListsCells,1.000000,vlc_sliced_balanced,none,SoA,disabled,59463803,5831286,5596401,5556094,5513872,5490605,5466115,5404995,5379240,5348243,10905065,10905065,10
2025-10-02 15:00:27,65789,pairwise,VerletListsCells,1.000000,vlc_sliced_balanced,none,SoA,enabled,42982370,4071815,3900711,3851877,3831878,3773203,3782519,3769984,3759626,3774891,7749887,7749887,10
2025-10-02 15:00:27,65799,pairwise,VerletListsCells,1.000000,vlc_sliced_balanced,squared-particles-per-cell,AoS,disabled,19738066,3314307,3277857,3257218,3238218,3245630,3235064,3230510,3213697,3210998,4896156,4896156,10
2025-10-02 15:00:27,65809,pairwise,VerletListsCells,1.000000,vlc_sliced_balanced,squared-particles-per-cell,AoS,enabled,17012108,1726058,1655219,1635637,1617957,1626204,1629817,1626696,1630448,1630123,3179026,3179026,10
2025-10-02 15:00:27,65819,pairwise,VerletListsCells,1.000000,vlc_sliced_balanced,squared-particles-per-cell,SoA,disabled,58940693,5787954,5660555,5615557,5592129,5568950,5586501,5603750,5575606,5517813,10944950,10944950,10
2025-10-02 15:00:27,65829,pairwise,VerletListsCells,1.000000,vlc_sliced_balanced,squared-particles-per-cell,SoA,enabled,42875856,4021549,3936037,3830837,3893151,3904159,3810655,3789743,3829294,3866783,7775805,7775805,10
2025-10-02 15:00:27,65839,pairwise,VerletListsCells,1.000000,vlc_sliced_balanced,neighbor-list-length,AoS,disabled,19550123,3231880,3184340,3147903,3146405,3155293,3178385,3169827,3166397,3156533,4808708,4808708,10
2025-10-02 15:00:27,65849,pairwise,VerletListsCells,1.000000,vlc_sliced_balanced,neighbor-list-length,AoS,enabled,16993941,1662500,1618682,1612326,1621528,1622147,1620580,1612473,1607241,1616339,3158775,3158775,10
2025-10-02 15:00:27,65859,pairwise,VerletListsCells,1.000000,vlc_sliced_balanced,neighbor-list-length,SoA,disabled,59774276,5902417,5719321,5662072,5613018,5603723,5603229,5598126,5574642,5568169,11061899,11061899,10
2025-10-02 15:00:27,65869,pairwise,VerletListsCells,1.000000,vlc_sliced_balanced,neighbor-list-length,SoA,enabled,41984662,3957708,3774203,3742449,3703837,3714496,3726515,3668455,3713434,3686352,7567210,7567210,10
2025-10-02 15:00:27,65879,pairwise,VerletListsCells,1.000000,vlc_sliced_c02,none,AoS,disabled,20351783,3919701,3984736,3880359,3812367,3858027,3906459,3800838,3772363,3762798,5504942,5504942,10
2025-10-02 15:00:27,65889,pairwise,VerletListsCells,1.000000,vlc_sliced_c02,none,AoS,enabled,17484673,2080272,2033214,2068505,1995503,2010426,2034022,2071808,2016956,2000210,3579558,3579558,10
2025-10-02 15:00:27,65899,pairwise,VerletListsCells,1.000000,vlc_sliced_c02,none,SoA,disabled,60317983,6709399,6720801,6545722,6439065,6439443,6584018,6402407,6494355,6458510,11911169,11911169,10
2025-10-02 15:00:27,65909,pairwise,VerletListsCells,1.000000,vlc_sliced_c02,none,SoA,enabled,43052246,4341066,4416414,4252971,4277754,4251926,4128336,4222940,4365152,4125219,8143402,8143402,10
2025-10-02 15:00:28,65919,pairwise,PairwiseVerletLists,1.000000,vlp_c01,none,AoS,disabled,24737666,2751796,2731165,2718033,2729832,2725147,2729975,2714141,2714546,2710591,4926289,4926289,10
2025-10-02 15:00:28,65929,pairwise,PairwiseVerletLists,1.000000,vlp_c01,none,SoA,disabled,101080608,6184958,6071197,6024583,5999210,6005399,6017329,6011455,5994856,5992486,15538208,15538208,10
2025-10-02 15:00:28,65939,pairwise,PairwiseVerletLists,1.000000,vlp_c18,none,AoS,disabled,22391399,2982949,2953780,2967541,2951806,2937747,2942703,2960011,3006444,2945680,4904005,4904005,10
2025-10-02 15:00:28,65949,pairwise,PairwiseVerletLists,1.000000,vlp_c18,none,AoS,enabled,23387800,2655470,2628961,2632966,2627107,2638530,2667199,2642439,2625207,2637667,4714334,4714334,10
2025-10-02 15:00:28,65959,pairwise,PairwiseVerletLists,1.000000,vlp_c18,none,SoA,disabled,127755324,6333797,6286129,6283119,6281923,6275623,6271343,6298985,6292141,6280399,18435878,18435878,10
2025-10-02 15:00:28,65969,pairwise,PairwiseVerletLists,1.000000,vlp_c18,none,SoA,enabled,95752115,5838509,5558556,5572671,5632723,5673013,5678038,5679055,5662890,5677983,14672555,14672555,10
2025-10-02 15:00:28,65979,pairwise,PairwiseVerletLists,1.000000,vlp_sliced,none,AoS,disabled,24703436,4848640,4642687,4625492,4600460,4602182,4733018,4702016,4303736,4575562,6633722,6633722,10
2025-10-02 15:00:28,65989,pairwise,PairwiseVerletLists,1.000000,vlp_sliced,none,AoS,enabled,23873447,2617596,2600260,2585356,2554067,2585721,2575818,2571323,2558754,2563995,4708633,4708633,10
2025-10-02 15:00:29,65999,pairwise,PairwiseVerletLists,1.000000,vlp_sliced,none,SoA,disabled,123374139,8518447,8465409,8404428,8520107,8456433,8434740,8491465,8524880,8414137,19960418,19960418,10
2025-10-02 15:00:29,66009,pairwise,PairwiseVerletLists,1.000000,vlp_sliced,none,SoA,enabled,94049949,6335907,6275269,6257360,6240661,6273258,6228471,6212435,6336714,6313009,15052303,15052303,10
2025-10-02 15:00:29,66019,pairwise,PairwiseVerletLists,1.000000,vlp_sliced_balanced,none,AoS,disabled,24434405,4742214,4645233,4606286,4620886,4590689,4600825,4554817,4556890,4566289,6591852,6591852,10
2025-10-02 15:00:29,66029,pairwise,PairwiseVerletLists,1.000000,vlp_sliced_balanced,none,AoS,enabled,23905789,2622976,2584943,2557346,2552564,2559922,2543228,2561070,2538543,2543517,4696989,4696989,10
2025-10-02 15:00:29,66039,pairwise,PairwiseVerletLists,1.000000,vlp_sliced_balanced,none,SoA,disabled,123495650,8558917,8429918,8406120,8370971,8397134,8377968,8413515,8374111,8417783,19924208,19924208,10
2025-10-02 15:00:29,66049,pairwise,PairwiseVerletLists,1.000000,vlp_sliced_balanced,none,SoA,enabled,94415194,6411123,6251707,6244573,6231326,6252188,6232049,6241172,6221122,6238515,15073896,15073896,10
2025-10-02 15:00:29,66059,pairwise,PairwiseVerletLists,1.000000,vlp_sliced_c02,none,AoS,disabled,25833813,5800247,5875277,5638930,5812133,5826196,5853927,5929897,5784830,5693447,7804869,7804869,10
2025-10-02 15:00:29,66069,pairwise,PairwiseVerletLists,1.000000,vlp_sliced_c02,none,AoS,enabled,24534383,3283622,3233778,3187335,3208214,3238353,3202997,3205030,3229419,3209826,5353295,5353295,10
2025-10-02 15:00:30,66079,pairwise,PairwiseVerletLists,1.000000,vlp_sliced_c02,none,SoA,disabled,124474057,9822526,9769240,9790379,9764623,9701978,9718569,9643293,9690237,9615330,21199022,21199022,10
2025-10-02 15:00:30,66089,pairwise,PairwiseVerletLists,1.000000,vlp_sliced_c02,none,SoA,enabled,94666797,7308909,7114857,7169993,7153836,7097152,7189626,6980798,7152886,7254018,15908886,15908886,10
2025-10-02 15:00:30,66099,pairwise,PairwiseVerletLists,1.000000,vlp_c08,none,AoS,disabled,24625979,4826504,4808024,4804614,4787774,4805224,4800893,4797717,4793570,4800381,6785067,6785067,10
2025-10-02 15:00:30,66109,pairwise,PairwiseVerletLists,1.000000,vlp_c08,none,AoS,enabled,24448346,3109128,3070111,3064330,3066180,3054644,3065582,3065665,3054216,3054012,5205221,5205221,10
2025-10-02 15:00:30,66119,pairwise,PairwiseVerletLists,1.000000,vlp_c08,none,SoA,disabled,123666526,8612993,8575528,8564056,8579081,8559773,8557471,8546829,8550586,8551429,20076427,20076427,10
2025-10-02 15:00:30,66129,pairwise,PairwiseVerletLists,1.000000,vlp_c08,none,SoA,enabled,94281751,6645127,6540640,6553471,6573162,6567979,6576168,6549606,6547927,6562731,15339855,15339855,10
2025-10-02 15:02:18,70009,pairwise,LinkedCells,1.000000,lc_c01,none,AoS,disabled,3861658,3832341,3785988,3820205,3856031,3837703,3837544,3867293,3814128,3812725,3832561,3832561,10
2025-10-02 15:02:18,70019,pairwise,LinkedCells,1.000000,lc_c01,none,SoA,disabled,4670909,3952434,3955409,3998974,3946576,3944758,4031311,4001445,4033957,4022068,4055783,4055783,10
2025-10-02 15:02:18,70029,pairwise,LinkedCells,1.000000,lc_c01_combined_SoA,none,SoA,disabled,3747040,3805741,3968196,3750324,3853838,3859972,3714465,3705671,3698957,3687812,3779201,3779201,10
2025-10-02 15:02:18,70039,pairwise,LinkedCells,1.000000,lc_c04,none,AoS,disabled,3653565,3533891,3525488,3525728,3508851,3585577,3530330,3684772,3557977,3500167,3560634,3560634,10
2025-10-02 15:02:18,70049,pairwise,LinkedCells,1.000000,lc_c04,none,AoS,enabled,2704075,2672091,2691606,2722375,2619483,2642765,2601997,2652639,2627876,2645535,2658043,2658043,10
2025-10-02 15:02:18,70059,pairwise,LinkedCells,1.000000,lc_c04,none,SoA,disabled,3642975,3495236,3487921,3478362,3483441,3485129,3472666,3478456,3544926,3497426,3506653,3506653,10
2025-10-02 15:02:18,70069,pairwise,LinkedCells,1.000000,lc_c04,none,SoA,enabled,2763013,2688177,2661337,2769955,2717815,2664213,2672934,2691418,2689338,2688061,2700625,2700625,10
2025-10-02 15:02:18,70079,pairwise,LinkedCells,1.000000,lc_c04_HCP,none,AoS,disabled,2404110,2328880,2335981,2316649,2313197,2310587,2315220,2313745,2326068,2332278,2329671,2329671,10
2025-10-02 15:02:18,70089,pairwise,LinkedCells,1.000000,lc_c04_HCP,none,AoS,enabled,1808442,1789131,1789022,1791055,1793177,1782846,1791242,1794401,1782039,1785217,1790657,1790657,10
2025-10-02 15:02:18,70099,pairwise,LinkedCells,1.000000,lc_c04_HCP,none,SoA,disabled,3410912,3278055,3257898,3279430,3301721,3328740,3313825,3278338,3285258,3278264,3301243,3301243,10
2025-10-02 15:02:18,70109,pairwise,LinkedCells,1.000000,lc_c04_HCP,none,SoA,enabled,2964995,2926795,2905512,2914038,2906079,2923319,2868345,2871509,2901226,2954414,2913623,2913623,10
2025-10-02 15:02:18,70119,pairwise,LinkedCells,1.000000,lc_c04_combined_SoA,none,SoA,disabled,3972831,3932454,3934161,3899674,3988095,3973884,3958287,3957336,3974455,3938246,3952941,3952941,10
2025-10-02 15:02:18,70129,pairwise,LinkedCells,1.000000,lc_c04_combined_SoA,none,SoA,enabled,3609767,3513870,3524501,3518110,3528309,3530535,3502905,3459816,3452194,3441522,3508152,3508152,10
2025-10-02 15:02:18,70139,pairwise,LinkedCells,1.000000,lc_c08,none,AoS,disabled,3019104,2998801,2969508,2961747,2955785,2966509,2978669,2989031,2964925,2957574,2976165,2976165,10
2025-10-02 15:02:18,70149,pairwise,LinkedCells,1.000000,lc_c08,none,AoS,enabled,2626267,2676425,2617632,2603512,2607020,2612330,2610401,2615737,2595738,2615081,2618014,2618014,10
2025-10-02 15:02:18,70159,pairwise,LinkedCells,1.000000,lc_c08,none,SoA,disabled,4527853,4316992,4282026,4301452,4322978,4317020,4308808,4267148,4291213,4318531,4325401,4325401,10
2025-10-02 15:02:18,70169,pairwise,LinkedCells,1.000000,lc_c08,none,SoA,enabled,3951255,3943280,3959619,4028976,4006330,4089909,4027262,4021334,4038289,4010310,4007656,4007656,10
2025-10-02 15:02:19,70179,pairwise,LinkedCells,1.000000,lc_c18,none,AoS,disabled,3071425,3110651,3089039,3061287,3058209,3053720,3071316,3053757,3056301,3043768,3066946,3066946,10
2025-10-02 15:02:19,70189,pairwise,LinkedCells,1.000000,lc_c18,none,AoS,enabled,2756875,2742708,2717315,2715563,2710417,2717786,2719389,2760001,2704969,2756729,2730174,2730174,10
2025-10-02 15:02:19,70199,pairwise,LinkedCells,1.000000,lc_c18,none,SoA,disabled,3852996,3776282,3724456,3730133,3718653,3727082,3727003,3726721,3794249,3739901,3751746,3751746,10
2025-10-02 15:02:19,70209,pairwise,LinkedCells,1.000000,lc_c18,none,SoA,enabled,3446428,3388855,3455913,3375935,3364466,3380157,3414373,3427974,3438291,3455659,3414804,3414804,10
2025-10-02 15:02:19,70219,pairwise,LinkedCells,1.000000,lc_sliced,none,AoS,disabled,4785237,4751428,4710139,4718380,4716477,4386318,4663003,4714624,4702754,4677667,4682601,4682601,10
2025-10-02 15:02:19,70229,pairwise,LinkedCells,1.000000,lc_sliced,none,AoS,enabled,3406399,3469539,3213847,3455181,3363512,3449385,3434874,3403262,3442469,3440517,3407898,3407898,10
2025-10-02 15:02:19,70239,pairwise,LinkedCells,1.000000,lc_sliced,none,SoA,disabled,4613034,4445202,4187253,4406070,4367737,4167073,4389605,4395626,4352651,4369264,4369350,4369350,10
2025-10-02 15:02:19,70249,pairwise,LinkedCells,1.000000,lc_sliced,none,SoA,enabled,3266444,3204085,3165622,3195127,3176041,3145347,3042563,3150622,3166127,3183976,3169595,3169595,10
2025-10-02 15:02:19,70259,pairwise,LinkedCells,1.000000,lc_sliced_balanced,none,AoS,disabled,4702673,4673383,4668352,4663190,4662211,4657372,4664981,4670870,4662789,4661115,4668693,4668693,10
2025-10-02 15:02:19,70269,pairwise,LinkedCells,1.000000,lc_sliced_balanced,none,AoS,enabled,3447172,3420413,3421054,3425766,3421222,3424228,3418614,3421877,3453531,3426357,3428022,3428022,10
2025-10-02 15:02:19,70279,pairwise,LinkedCells,1.000000,lc_sliced_balanced,none,SoA,disabled,4481742,4321148,4340799,4343665,4337017,4350449,4347020,4313339,4325038,4346046,4350625,4350625,10
2025-10-02 15:02:19,70289,pairwise,LinkedCells,1.000000,lc_sliced_balanced,none,SoA,enabled,3211189,3144693,3113406,3114813,3096764,3106303,3101992,3129910,3092827,3107804,3121969,3121969,10
2025-10-02 15:02:19,70299,pairwise,LinkedCells,1.000000,lc_sliced_balanced,squared-particles-per-cell,AoS,disabled,4964232,4743279,4710908,4712928,4703622,4702648,4710206,4705902,4705689,4703064,4736247,4736247,10
2025-10-02 15:02:19,70309,pairwise,LinkedCells,1.000000,lc_sliced_balanced,squared-particles-per-cell,AoS,enabled,3504187,3468273,3467493,3465649,3450816,3450415,3461554,3452453,3454623,3454716,3463017,3463017,10
2025-10-02 15:02:19,70319,pairwise,LinkedCells,1.000000,lc_sliced_balanced,squared-particles-per-cell,SoA,disabled,9241732,8394044,8445149,8352107,8398021,8414448,8462124,8371244,8435114,8463476,8497745,8497745,10
2025-10-02 15:02:19,70329,pairwise,LinkedCells,1.000000,lc_sliced_balanced,squared-particles-per-cell,SoA,enabled,7940174,7936825,7863486,7835896,7767996,7819537,7869398,7915936,7819429,7833000,7860167,7860167,10
2025-10-02 15:02:19,70339,pairwise,LinkedCells,1.000000,lc_sliced_c02,none,AoS,disabled,4814500,4729836,4717707,4593020,4622130,4381549,4602321,4628884,4601305,4265579,4595683,4595683,10
2025-10-02 15:02:19,70349,pairwise,LinkedCells,1.000000,lc_sliced_c02,none,AoS,enabled,3232675,3474494,3409677,3387155,3195311,3165383,3447495,3398781,3390820,3185282,3328706,3328706,10
2025-10-02 15:02:19,70359,pairwise,LinkedCells,1.000000,lc_sliced_c02,none,SoA,disabled,4978187,4347563,4421185,4371963,4332172,4378041,4353511,4294518,4324653,4393659,4419544,4419544,10
2025-10-02 15:02:19,70369,pairwise,LinkedCells,1.000000,lc_sliced_c02,none,SoA,enabled,3151994,3047558,3119792,3111552,3125991,3114392,3110250,3121497,3116496,3123575,3114309,3114309,10
2025-10-02 15:02:20,70379,pairwise,VerletClusterLists,1.000000,vcl_c01_balanced,none,AoS,disabled,20806297,4386635,4375519,4379423,4369908,4375437,4376918,4362243,4384902,4378249,6019552,6019552,10
2025-10-02 15:02:20,70389,pairwise,VerletClusterLists,1.000000,vcl_c01_balanced,none,SoA,disabled,15265148,1604337,1590007,1586064,1599006,1588018,1581405,1588325,1604327,1596678,2960330,2960330,10
2025-10-02 15:02:20,70399,pairwise,VerletClusterLists,1.000000,vcl_c06,none,AoS,disabled,33578513,21187956,20801539,21423838,21062971,21074600,21200081,21085534,21137346,20889748,22344212,22344212,10
2025-10-02 15:02:20,70409,pairwise,VerletClusterLists,1.000000,vcl_c06,none,AoS,enabled,17723976,10650266,10865753,10740211,10816792,10820359,10400543,10972656,10970449,10953968,11491496,11491496,10
2025-10-02 15:02:20,70419,pairwise,VerletClusterLists,1.000000,vcl_c06,none,SoA,disabled,22014134,8439836,8751692,8193499,8244212,8174064,8839347,8209833,8161246,8602886,9763074,9763074,10
2025-10-02 15:02:20,70429,pairwise,VerletClusterLists,1.000000,vcl_c06,none,SoA,enabled,11501352,4839728,4811340,4809633,4820806,4960068,4560318,4745517,4630198,4811431,5449038,5449038,10
2025-10-02 15:02:20,70439,pairwise,VerletClusterLists,1.000000,vcl_sliced,none,AoS,disabled,38309180,25410968,25503853,25454855,25489646,19710254,25456533,25459149,25401767,25373409,26156960,26156960,10
2025-10-02 15:02:20,70449,pairwise,VerletClusterLists,1.000000,vcl_sliced,none,AoS,enabled,20474996,13745020,13712318,11966975,11918709,17138135,10771419,10718853,11921425,13644077,13601192,13601192,10
2025-10-02 15:02:21,70459,pairwise,VerletClusterLists,1.000000,vcl_sliced,none,SoA,disabled,20195080,8072350,7089639,7413189,7070324,7798888,8061133,7419436,8072787,8064926,8925775,8925775,10
2025-10-02 15:02:21,70469,pairwise,VerletClusterLists,1.000000,vcl_sliced,none,SoA,enabled,11482020,4522216,4523655,4096562,5187498,4504125,4492036,4510535,4505595,4506744,5233098,5233098,10
2025-10-02 15:02:21,70479,pairwise,VerletClusterLists,1.000000,vcl_sliced_balanced,none,AoS,disabled,39567249,25320302,25553445,25319642,25279295,25302844,25718350,25257854,25428780,25300840,26804859,26804859,10
2025-10-02 15:02:21,70489,pairwise,VerletClusterLists,1.000000,vcl_sliced_balanced,none,AoS,enabled,20354765,13811683,13729621,13754691,13725878,13724839,13714103,13785896,13769262,13796103,14416683,14416683,10
2025-10-02 15:02:21,70499,pairwise,VerletClusterLists,1.000000,vcl_sliced_balanced,none,SoA,disabled,20350893,7908185,7881932,7910325,7892184,7880774,7902881,7886598,7888571,7898598,9140093,9140093,10
2025-10-02 15:02:21,70509,pairwise,VerletClusterLists,1.000000,vcl_sliced_balanced,none,SoA,enabled,11218177,4410169,4410630,4407312,4400889,4403405,4425882,4406912,4454775,4445517,5098366,5098366,10
2025-10-02 15:02:22,70519,pairwise,VerletClusterLists,1.000000,vcl_sliced_balanced,neighbor-list-length,AoS,disabled,41001493,25382311,25392658,25421080,25465983,25403435,25836733,25432041,25469521,25397710,27020296,27020296,10
2025-10-02 15:02:22,70529,pairwise,VerletClusterLists,1.000000,vcl_sliced_balanced,neighbor-list-length,AoS,enabled,21488520,14837116,13788372,13851386,13843511,13789148,13816213,13752795,13812177,13822963,14680219,14680219,10
2025-10-02 15:02:22,70539,pairwise,VerletClusterLists,1.000000,vcl_sliced_balanced,neighbor-list-length,SoA,disabled,19904922,7906721,7896082,7900233,7884666,7913571,7908321,7904406,7913842,7899767,9103252,9103252,10
2025-10-02 15:02:22,70549,pairwise,VerletClusterLists,1.000000,vcl_sliced_balanced,neighbor-list-length,SoA,enabled,11357314,4416878,4406053,4414796,4428928,4436075,4436524,4418986,5215444,4439003,5196999,5196999,10
2025-10-02 15:02:22,70559,pairwise,VerletClusterLists,1.000000,vcl_sliced_c02,none,AoS,disabled,40216192,24742260,31572801,27892655,25818661,26728480,27992961,24617296,25807639,25834258,28122319,28122319,10
2025-10-02 15:02:22,70569,pairwise,VerletClusterLists,1.000000,vcl_sliced_c02,none,AoS,enabled,21843193,13594962,13974406,15043037,13970173,14535744,14963240,14546761,13938256,14971993,15138175,15138175,10
2025-10-02 15:02:22,70579,pairwise,VerletClusterLists,1.000000,vcl_sliced_c02,none,SoA,disabled,22520690,9205407,9063529,8757490,9033739,8634545,9386241,9248227,9899779,8985616,10473525,10473525,10
2025-10-02 15:02:22,70589,pairwise,VerletClusterLists,1.000000,vcl_sliced_c02,none,SoA,enabled,11636929,5108800,5015253,5460376,4933971,4774641,4983094,4880805,5063810,4892015,5674969,5674969,10
2025-10-02 15:02:22,70599,pairwise,VerletLists,1.000000,vl_list_iteration,none,AoS,disabled,11582127,1681127,1699853,1661009,1661703,1657631,1668831,1690960,1693970,1660899,2665810,2665810,10
2025-10-02 15:02:23,70609,pairwise,VerletLists,1.000000,vl_list_iteration,none,SoA,disabled,32606499,2920617,2693060,2714681,2672036,2661101,2686376,2637910,2630935,2655251,5687846,5687846,10
2025-10-02 15:02:23,70619,pairwise,VerletListsCells,1.000000,vlc_c01,none,AoS,disabled,27872917,2306403,2306204,2290579,2297707,2301387,2296007,2292408,2290879,2295881,4855037,4855037,10
2025-10-02 15:02:23,70629,pairwise,VerletListsCells,1.000000,vlc_c01,none,SoA,disabled,50717036,4332528,4077333,4020689,4000764,3991203,3965565,3934091,3937825,3927938,8690496,8690496,10
2025-10-02 15:02:23,70639,pairwise,VerletListsCells,1.000000,vlc_c18,none,AoS,disabled,19450106,2475198,2458814,2461617,2469910,2461053,2470208,2469289,2469621,2456289,4164209,4164209,10
2025-10-02 15:02:23,70649,pairwise,VerletListsCells,1.000000,vlc_c18,none,AoS,enabled,17515324,2218915,2214899,2208835,2216292,2212383,2199826,2204807,2205332,2206558,3740316,3740316,10
2025-10-02 15:02:23,70659,pairwise,VerletListsCells,1.000000,vlc_c18,none,SoA,disabled,60058084,4952496,4714128,4654220,4626166,4627672,4600170,4586045,4579293,4574051,10197231,10197231,10
2025-10-02 15:02:23,70669,pairwise,VerletListsCells,1.000000,vlc_c18,none,SoA,enabled,42419742,4546364,4301340,4245647,4216145,4288128,4199993,4195268,4188093,4194946,8079566,8079566,10
2025-10-02 15:02:23,70679,pairwise,VerletListsCells,1.000000,vlc_c08,none,AoS,disabled,14839469,2272526,2250514,2259646,2245676,2255349,2250730,2252483,2256613,2255164,3513816,3513816,10
2025-10-02 15:02:23,70689,pairwise,VerletListsCells,1.000000,vlc_c08,none,AoS,enabled,14452165,2037579,2016427,2033850,2031165,2019687,2017588,2018323,2006740,2021069,3265459,3265459,10
2025-10-02 15:02:23,70699,pairwise,VerletListsCells,1.000000,vlc_c08,none,SoA,disabled,52525081,4715285,4496991,4440008,4424228,4419055,4379308,4387978,4385335,4447912,9262117,9262117,10
2025-10-02 15:02:23,70709,pairwise,VerletListsCells,1.000000,vlc_c08,none,SoA,enabled,43608797,4344588,4186443,4147752,4128404,4116087,4106247,4101787,4109861,4111225,8096119,8096119,10
2025-10-02 15:02:23,70719,pairwise,VerletListsCells,1.000000,vlc_sliced,none,AoS,disabled,20578725,3503777,3377418,3401817,3351885,3087157,3352685,3355419,3324736,3336269,5066988,5066988,10
2025-10-02 15:02:23,70729,pairwise,VerletListsCells,1.000000,vlc_sliced,none,AoS,enabled,17469969,1706822,1710846,1674734,1667282,1569581,1694460,1677987,1542298,1649115,3236308,3236308,10
2025-10-02 15:02:23,70739,pairwise,VerletListsCells,1.000000,vlc_sliced,none,SoA,disabled,63301154,5771320,5504313,5480567,5374131,5609961,5377303,5669191,5636239,5619537,11334371,11334371,10
2025-10-02 15:02:24,70749,pairwise,VerletListsCells,1.000000,vlc_sliced,none,SoA,enabled,41973419,3954189,3816676,3785360,3793581,3687536,3698908,3723206,3612418,3655464,7570075,7570075,10
2025-10-02 15:02:24,70759,pairwise,VerletListsCells,1.000000,vlc_sliced_balanced,none,AoS,disabled,20496170,3394720,3311653,3314910,3284192,3285710,3285594,3281298,3273178,3280971,5020839,5020839,10
2025-10-02 15:02:24,70769,pairwise,VerletListsCells,1.000000,vlc_sliced_balanced,none,AoS,enabled,16960926,1698769,1659530,1652095,1648330,1649504,1652060,1652200,1656411,1649659,3187947,3187947,10
2025-10-02 15:02:24,70779,pairwise,VerletListsCells,1.000000,vlc_sliced_balanced,none,SoA,disabled,62208363,5902307,5646738,5613776,5580375,5597527,5585872,5637819,5584190,5578163,11293512,11293512,10
2025-10-02 15:02:24,70789,pairwise,VerletListsCells,1.000000,vlc_sliced_balanced,none,SoA,enabled,42537074,3970478,3829554,3773939,3731068,3787199,3716867,3728044,3723514,3716328,7651406,7651406,10
2025-10-02 15:02:24,70799,pairwise,VerletListsCells,1.000000,vlc_sliced_balanced,squared-particles-per-cell,AoS,disabled,19955253,3502484,3480258,3422867,3422372,3409497,3425119,3434159,3419507,3430538,5090205,5090205,10
2025-10-02 15:02:24,70809,pairwise,VerletListsCells,1.000000,vlc_sliced_balanced,squared-particles-per-cell,AoS,enabled,17127175,1826992,1765136,1735689,1730600,1726096,1721984,1721586,1734021,1725090,3281436,3281436,10
2025-10-02 15:02:24,70819,pairwise,VerletListsCells,1.000000,vlc_sliced_balanced,squared-particles-per-cell,SoA,disabled,61466013,5865610,5824606,5800116,5745553,5752450,5796258,5758194,5743023,5765589,11351740,11351740,10
2025-10-02 15:02:24,70829,pairwise,VerletListsCells,1.000000,vlc_sliced_balanced,squared-particles-per-cell,SoA,enabled,44465561,4047338,3994582,3910490,3838783,3816640,3813925,3818730,3850736,3835247,7939203,7939203,10
2025-10-02 15:02:24,70839,pairwise,VerletListsCells,1.000000,vlc_sliced_balanced,neighbor-list-length,AoS,disabled,19997182,3438778,3365977,3376540,3376053,3365388,3362539,3357545,3356622,3343378,5033999,5033999,10
2025-10-02 15:02:24,70849,pairwise,VerletListsCells,1.000000,vlc_sliced_balanced,neighbor-list-length,AoS,enabled,17182038,1742400,1711186,1699203,1695586,1696716,1697238,1693156,1688999,1684024,3249054,3249054,10
2025-10-02 15:02:24,70859,pairwise,VerletListsCells,1.000000,vlc_sliced_balanced,neighbor-list-length,SoA,disabled,61240590,5994401,5869400,5825312,5772379,5752148,5701460,5770373,5710121,5722357,11335853,11335853,10
2025-10-02 15:02:24,70869,pairwise,VerletListsCells,1.000000,vlc_sliced_balanced,neighbor-list-length,SoA,enabled,43998748,4155060,3976790,3858093,3827168,3707395,3842804,3793571,3680581,3766430,7860663,7860663,10
2025-10-02 15:02:25,70879,pairwise,VerletListsCells,1.000000,vlc_sliced_c02,none,AoS,disabled,20690189,4276946,4263694,4244763,4225206,4205481,3997345,4197239,3999679,3985234,5808577,5808577,10
2025-10-02 15:02:25,70889,pairwise,VerletListsCells,1.000000,vlc_sliced_c02,none,AoS,enabled,17675163,2274277,2175989,2165739,2159240,2157489,2060876,2147562,2156561,2165101,3713799,3713799,10
2025-10-02 15:02:25,70899,pairwise,VerletListsCells,1.000000,vlc_sliced_c02,none,SoA,disabled,62064387,6938737,6805673,6740633,6746573,6543482,6683667,6770439,6623586,6746097,12266326,12266326,10
2025-10-02 15:02:25,70909,pairwise,VerletListsCells,1.000000,vlc_sliced_c02,none,SoA,enabled,44301691,4510368,4382517,4362358,4273104,4252753,4443188,4272374,4301950,4310363,8341066,8341066,10
2025-10-02 15:02:25,70919,pairwise,PairwiseVerletLists,1.000000,vlp_c01,none,AoS,disabled,25264023,2817093,2800146,2762705,2771577,2764881,2768736,2772679,2773908,2752477,5024822,5024822,10
2025-10-02 15:02:25,70929,pairwise,PairwiseVerletLists,1.000000,vlp_c01,none,SoA,disabled,104653106,6240354,6069289,5995428,5827588,5831076,5892825,5993003,6007586,6077070,15858732,15858732,10
2025-10-02 15:02:25,70939,pairwise,PairwiseVerletLists,1.000000,vlp_c18,none,AoS,disabled,22461585,3003075,2988342,3052581,2970766,2995551,2982821,2984387,2987583,2986476,4941316,4941316,10
2025-10-02 15:02:25,70949,pairwise,PairwiseVerletLists,1.000000,vlp_c18,none,AoS,enabled,23449261,2672228,2646187,2653614,2639762,2644532,2640582,2659957,2648365,2649656,4730413,4730413,10
2025-10-02 15:02:25,70959,pairwise,PairwiseVerletLists,1.000000,vlp_c18,none,SoA,disabled,129337628,6458683,6296603,6306145,6305663,6276725,6281414,6279605,6341344,6306104,18618990,18618990,10
2025-10-02 15:02:26,70969,pairwise,PairwiseVerletLists,1.000000,vlp_c18,none,SoA,enabled,95145059,5863054,5774097,5776304,5748038,5745088,5750852,5765242,5763024,5770717,14710147,14710147,10
2025-10-02 15:02:26,70979,pairwise,PairwiseVerletLists,1.000000,vlp_sliced,none,AoS,disabled,24870289,4918720,4561235,4778566,4817325,4771056,4767734,4767974,4772263,4753770,6777893,6777893,10
2025-10-02 15:02:26,70989,pairwise,PairwiseVerletLists,1.000000,vlp_sliced,none,AoS,enabled,24407219,2697517,2524421,2659484,2674721,2663362,2650319,2667523,2652485,2621504,4821855,4821855,10
2025-10-02 15:02:26,70999,pairwise,PairwiseVerletLists,1.000000,vlp_sliced,none,SoA,disabled,126057562,8916506,8548428,8688094,8684305,8776270,8754036,8737562,8653220,8764319,20458029,20458029,10
2025-10-02 15:02:26,71009,pairwise,PairwiseVerletLists,1.000000,vlp_sliced,none,SoA,enabled,95971592,6564724,6406698,6368771,6506915,6356607,6421125,6406617,6314897,6440251,15375818,15375818,10
2025-10-02 15:02:26,71019,pairwise,PairwiseVerletLists,1.000000,vlp_sliced_balanced,none,AoS,disabled,24762320,4859839,4787159,4762454,4763620,4729873,4731255,4730986,4717376,4738845,6758372,6758372,10
2025-10-02 15:02:26,71029,pairwise,PairwiseVerletLists,1.000000,vlp_sliced_balanced,none,AoS,enabled,24349102,2848108,2713845,2662268,2663899,2641145,2635754,2684502,2670378,2655850,4852484,4852484,10
2025-10-02 15:02:26,71039,pairwise,PairwiseVerletLists,1.000000,vlp_sliced_balanced,none,SoA,disabled,126218391,8893346,8773204,8763198,8719889,8710575,8705307,8719297,8691771,8725148,20492012,20492012,10
2025-10-02 15:02:27,71049,pairwise,PairwiseVerletLists,1.000000,vlp_sliced_balanced,none,SoA,enabled,96537168,6576415,6388348,6418542,6390318,6440771,6387491,6407041,6405248,6415525,15436686,15436686,10
2025-10-02 15:02:27,71059,pairwise,PairwiseVerletLists,1.000000,vlp_sliced_c02,none,AoS,disabled,26128584,6283801,5896534,6144761,5832473,6089135,5908472,6081531,6142410,6123102,8063080,8063080,10
2025-10-02 15:02:27,71069,pairwise,PairwiseVerletLists,1.000000,vlp_sliced_c02,none,AoS,enabled,25029204,3399341,3372476,3344080,3303309,3346445,3308686,3338952,3344673,3333369,5512053,5512053,10
2025-10-02 15:02:27,71079,pairwise,PairwiseVerletLists,1.000000,vlp_sliced_c02,none,SoA,disabled,127318066,10497734,10282355,10289707,10297833,10309973,10204015,10287358,10247598,10258645,21999328,21999328,10
2025-10-02 15:02:27,71089,pairwise,PairwiseVerletLists,1.000000,vlp_sliced_c02,none,SoA,enabled,97335544,7519486,7437331,7520992,7357922,7350269,7515020,7455262,7484650,7537879,16451435,16451435,10
2025-10-02 15:02:27,71099,pairwise,PairwiseVerletLists,1.000000,vlp_c08,none,AoS,disabled,24757572,4878252,4854654,4852364,4852212,4839887,4843827,4844581,4838506,4844666,6840651,6840651,10
2025-10-02 15:02:27,71109,pairwise,PairwiseVerletLists,1.000000,vlp_c08,none,AoS,enabled,24927100,3129833,3091836,3085210,3082900,3090661,3070798,3074956,3072025,3074424,5269974,5269974,10
2025-10-02 15:02:27,71119,pairwise,PairwiseVerletLists,1.000000,vlp_c08,none,SoA,disabled,125517813,8672501,8615267,8617929,8606196,8616969,8616465,8609558,8614012,8610790,20309749,20309749,10
2025-10-02 15:02:28,71129,pairwise,PairwiseVerletLists,1.000000,vlp_c08,none,SoA,enabled,96243762,6701237,6596885,6617963,6603861,6606790,6604551,6606430,6612138,6601215,15579482,15579482,10
2025-10-02 15:04:17,75009,pairwise,LinkedCells,1.000000,lc_c01,none,AoS,disabled,3894549,3842600,3864728,3888357,3827828,3835560,3826027,3874861,3880465,3894030,3862900,3862900,10
2025-10-02 15:04:17,75019,pairwise,LinkedCells,1.000000,lc_c01,none,SoA,disabled,4729554,4002862,4016291,3963735,3986069,3943055,4085804,4181515,4066730,4045451,4102106,4102106,10
2025-10-02 15:04:17,75029,pairwise,LinkedCells,1.000000,lc_c01_combined_SoA,none,SoA,disabled,3767354,4026622,3931327,3924337,3827632,3823812,3730099,3727141,3704069,3727199,3818959,3818959,10
2025-10-02 15:04:17,75039,pairwise,LinkedCells,1.000000,lc_c04,none,AoS,disabled,4110199,4009198,3910075,3924919,4211887,3935542,3922394,3966797,3939851,3994956,3992581,3992581,10
2025-10-02 15:04:17,75049,pairwise,LinkedCells,1.000000,lc_c04,none,AoS,enabled,2925411,3006757,2956915,2908760,3034243,2981362,2942483,2942140,2948090,2924352,2957050,2957050,10
2025-10-02 15:04:17,75059,pairwise,LinkedCells,1.000000,lc_c04,none,SoA,disabled,3719052,3562795,3565276,3573564,3569957,3600216,3587355,3539454,3551867,3576656,3584619,3584619,10
2025-10-02 15:04:17,75069,pairwise,LinkedCells,1.000000,lc_c04,none,SoA,enabled,2772762,2699950,2684728,2689089,2672835,2680175,2674539,2678921,2709383,2693022,2695540,2695540,10
2025-10-02 15:04:17,75079,pairwise,LinkedCells,1.000000,lc_c04_HCP,none,AoS,disabled,2379222,2337352,2341512,2341825,2348881,2343722,2343446,2335695,2336483,2326721,2343485,2343485,10
2025-10-02 15:04:17,75089,pairwise,LinkedCells,1.000000,lc_c04_HCP,none,AoS,enabled,1811264,1787913,1788237,1805047,1805963,1799020,1785921,1792067,1798095,1797527,1797105,1797105,10
2025-10-02 15:04:17,75099,pairwise,LinkedCells,1.000000,lc_c04_HCP,none,SoA,disabled,3399835,3299675,3329549,3299951,3358810,3381793,3302356,3333379,3310146,3312842,3332833,3332833,10
2025-10-02 15:04:17,75109,pairwise,LinkedCells,1.000000,lc_c04_HCP,none,SoA,enabled,3001516,2912847,2963121,2920925,2916664,2880870,2924293,2943421,2955306,2916406,2933536,2933536,10
2025-10-02 15:04:17,75119,pairwise,LinkedCells,1.000000,lc_c04_combined_SoA,none,SoA,disabled,3938667,3991923,3958688,4067672,3943435,3995024,3949306,3953963,3983204,4035909,3981778,3981778,10
2025-10-02 15:04:17,75129,pairwise,LinkedCells,1.000000,lc_c04_combined_SoA,none,SoA,enabled,3677648,3527771,3506295,3504166,3467105,3488065,3425406,3433607,3418170,3441478,3488971,3488971,10
2025-10-02 15:04:17,75139,pairwise,LinkedCells,1.000000,lc_c08,none,AoS,disabled,3064177,3002023,3020726,3051652,3000829,3001150,3007889,3033506,3005872,2998961,3018678,3018678,10
2025-10-02 15:04:17,75149,pairwise,LinkedCells,1.000000,lc_c08,none,AoS,enabled,2658522,2674106,2684017,2635150,2638610,2639371,2634858,2642465,2671056,2627184,2650533,2650533,10
2025-10-02 15:04:17,75159,pairwise,LinkedCells,1.000000,lc_c08,none,SoA,disabled,4576087,4332754,4286328,4338830,4363045,4307084,4326674,4312058,4279894,4334588,4345733,4345733,10
2025-10-02 15:04:17,75169,pairwise,LinkedCells,1.000000,lc_c08,none,SoA,enabled,3979580,3926839,4029355,4098693,4057977,3999079,4046332,4047066,4051924,4051513,4028835,4028835,10
2025-10-02 15:04:17,75179,pairwise,LinkedCells,1.000000,lc_c18,none,AoS,disabled,3132172,3106100,3100791,3109560,3116206,3100917,3090259,3098057,3104352,3094497,3105290,3105290,10
2025-10-02 15:04:17,75189,pairwise,LinkedCells,1.000000,lc_c18,none,AoS,enabled,2742070,2733327,2777998,2732303,2734674,2736907,2736170,2731799,2745581,2727199,2739802,2739802,10
2025-10-02 15:04:17,75199,pairwise,LinkedCells,1.000000,lc_c18,none,SoA,disabled,3900749,3752117,3751362,3745846,3740336,3743592,3730926,3740814,3740645,3763644,3761002,3761002,10
2025-10-02 15:04:17,75209,pairwise,LinkedCells,1.000000,lc_c18,none,SoA,enabled,3511774,3437922,3391121,3448891,3405724,3396585,3466158,3404640,3391493,3391487,3424579,3424579,10
2025-10-02 15:04:18,75219,pairwise,LinkedCells,1.000000,lc_sliced,none,AoS,disabled,4643754,4477689,5003016,5009453,4996654,4463363,4995784,4902181,4892119,4539681,4792369,4792369,10
2025-10-02 15:04:18,75229,pairwise,LinkedCells,1.000000,lc_sliced,none,AoS,enabled,3674325,3604858,3606270,3643336,3643074,3396951,3615228,3601926,3598758,3440134,3582485,3582485,10
2025-10-02 15:04:18,75239,pairwise,LinkedCells,1.000000,lc_sliced,none,SoA,disabled,4649566,4516348,4521989,4552429,4600499,4521206,4509303,4527698,4505302,4501021,4540535,4540535,10
2025-10-02 15:04:18,75249,pairwise,LinkedCells,1.000000,lc_sliced,none,SoA,enabled,3306990,3456915,3257235,3255465,3258719,3264382,3254136,3239652,3244558,3229673,3276772,3276772,10
2025-10-02 15:04:18,75259,pairwise,LinkedCells,1.000000,lc_sliced_balanced,none,AoS,disabled,4939571,4914389,4901968,4890042,4895513,4895326,4884337,4905428,4893529,4903584,4902368,4902368,10
2025-10-02 15:04:18,75269,pairwise,LinkedCells,1.000000,lc_sliced_balanced,none,AoS,enabled,3608195,3593575,3593592,3590343,3591759,3595762,3594740,3588625,3591102,3589993,3593768,3593768,10
2025-10-02 15:04:18,75279,pairwise,LinkedCells,1.000000,lc_sliced_balanced,none,SoA,disabled,4623517,4511104,4446600,4489025,4491058,4492124,4493379,4468667,4468580,4458748,4494279,4494279,10
2025-10-02 15:04:18,75289,pairwise,LinkedCells,1.000000,lc_sliced_balanced,none,SoA,enabled,3268456,3200829,3197474,3203258,3212439,3192741,3203595,3188145,3187429,3222836,3207719,3207719,10
2025-10-02 15:04:18,75299,pairwise,LinkedCells,1.000000,lc_sliced_balanced,squared-particles-per-cell,AoS,disabled,5208104,5011635,4973915,4966945,4963769,4956776,4955948,4943714,4962589,4948702,4989209,4989209,10
2025-10-02 15:04:18,75309,pairwise,LinkedCells,1.000000,lc_sliced_balanced,squared-particles-per-cell,AoS,enabled,3872394,3739301,3732704,3730585,3736815,3723552,3713621,3722586,3717832,3721524,3741091,3741091,10
2025-10-02 15:04:18,75319,pairwise,LinkedCells,1.000000,lc_sliced_balanced,squared-particles-per-cell,SoA,disabled,10082470,9149079,9219238,9085906,9130336,9214881,9294900,9204672,9277622,9223185,9288228,9288228,10
2025-10-02 15:04:18,75329,pairwise,LinkedCells,1.000000,lc_sliced_balanced,squared-particles-per-cell,SoA,enabled,8608577,8657463,8517963,8590323,8563790,8459745,8498588,8439931,8395039,8463067,8519448,8519448,10
2025-10-02 15:04:18,75339,pairwise,LinkedCells,1.000000,lc_sliced_c02,none,AoS,disabled,5099882,4927798,4922761,4926784,4899361,4990854,4912953,4899479,4988589,4882210,4945066,4945066,10
2025-10-02 15:04:18,75349,pairwise,LinkedCells,1.000000,lc_sliced_c02,none,AoS,enabled,3665062,3589069,3603904,3643301,3573742,3598933,3593878,3411786,3599629,3262850,3554215,3554215,10
2025-10-02 15:04:18,75359,pairwise,LinkedCells,1.000000,lc_sliced_c02,none,SoA,disabled,5471284,4603720,4533713,4353992,4462414,4537328,4453896,4562910,4441368,4447732,4586835,4586835,10
2025-10-02 15:04:18,75369,pairwise,LinkedCells,1.000000,lc_sliced_c02,none,SoA,enabled,3611160,3197845,3210976,3472123,3138151,3187892,3389701,3124325,3441980,3328473,3310262,3310262,10
2025-10-02 15:04:18,75379,pairwise,VerletClusterLists,1.000000,vcl_c01_balanced,none,AoS,disabled,20006250,4540651,4538179,4515749,4519765,4530206,4528367,4523974,4530548,4514154,6074783,6074783,10
2025-10-02 15:04:18,75389,pairwise,VerletClusterLists,1.000000,vcl_c01_balanced,none,SoA,disabled,14796834,1662428,1679985,1657172,1661505,1646049,1642520,1651739,1648126,1650487,2969683,2969683,10
2025-10-02 15:04:19,75399,pairwise,VerletClusterLists,1.000000,vcl_c06,none,AoS,disabled,31728787,20288679,20158306,21045186,20160520,19707989,21747326,20247920,21028185,19847279,21596017,21596017,10
2025-10-02 15:04:19,75409,pairwise,VerletClusterLists,1.000000,vcl_c06,none,AoS,enabled,16777145,10337211,10385334,10796840,11190506,11163593,10719369,10305559,10554237,10181604,11241139,11241139,10
2025-10-02 15:04:19,75419,pairwise,VerletClusterLists,1.000000,vcl_c06,none,SoA,disabled,21499001,7743998,7718486,8053472,7810379,7767044,8066468,7963003,8239979,7995855,9285767,9285767,10
2025-10-02 15:04:19,75429,pairwise,VerletClusterLists,1.000000,vcl_c06,none,SoA,enabled,10953368,4714408,4387719,4445213,4308018,4645773,4549764,4513874,4357588,4459443,5133516,5133516,10
2025-10-02 15:04:19,75439,pairwise,VerletClusterLists,1.000000,vcl_sliced,none,AoS,disabled,38942483,21979392,26064106,26091183,26094086,21910382,20517838,26040545,22702607,26132993,25647561,25647561,10
2025-10-02 15:04:19,75449,pairwise,VerletClusterLists,1.000000,vcl_sliced,none,AoS,enabled,17726654,13984120,12314023,11380074,13982616,11391858,12604729,13987148,13962910,14011409,13534553,13534553,10
2025-10-02 15:04:19,75459,pairwise,VerletClusterLists,1.000000,vcl_sliced,none,SoA,disabled,20469206,8555703,8569512,8548854,8558644,8287016,8540810,7697290,8540879,8294942,9606285,9606285,10
2025-10-02 15:04:20,75469,pairwise,VerletClusterLists,1.000000,vcl_sliced,none,SoA,enabled,11046567,4756303,4766489,4410560,4751289,4763335,4763248,4752832,4746625,4747073,5350431,5350431,10
2025-10-02 15:04:20,75479,pairwise,VerletClusterLists,1.000000,vcl_sliced_balanced,none,AoS,disabled,39809924,26225198,26182082,26216378,26259259,26223243,26427742,26186335,26451512,26246677,27622835,27622835,10
2025-10-02 15:04:20,75489,pairwise,VerletClusterLists,1.000000,vcl_sliced_balanced,none,AoS,enabled,20639510,14332546,15120185,14319034,15111600,14298142,15122575,14321432,14340498,14296573,15190208,15190208,10
2025-10-02 15:04:20,75499,pairwise,VerletClusterLists,1.000000,vcl_sliced_balanced,none,SoA,disabled,22029992,8431810,8415078,8427000,8390753,8414223,8406555,8429960,8408096,9830299,9918376,9918376,10
2025-10-02 15:04:20,75509,pairwise,VerletClusterLists,1.000000,vcl_sliced_balanced,none,SoA,enabled,10964401,4675818,4682490,4685930,4674596,4672752,4685412,4745112,4675550,4672760,5313481,5313481,10
2025-10-02 15:04:20,75519,pairwise,VerletClusterLists,1.000000,vcl_sliced_balanced,neighbor-list-length,AoS,disabled,40472810,26395438,26390507,26363788,26351812,26383553,26374533,26414864,26381328,26372802,27790143,27790143,10
2025-10-02 15:04:21,75529,pairwise,VerletClusterLists,1.000000,vcl_sliced_balanced,neighbor-list-length,AoS,enabled,20634634,14395459,14386105,14345890,14440982,14409160,15229638,14440768,14407409,14396890,15108693,15108693,10
2025-10-02 15:04:21,75539,pairwise,VerletClusterLists,1.000000,vcl_sliced_balanced,neighbor-list-length,SoA,disabled,20386099,8399854,8399108,8392042,8402212,8402300,8400229,8390945,9806903,8386814,9736650,9736650,10
2025-10-02 15:04:21,75549,pairwise,VerletClusterLists,1.000000,vcl_sliced_balanced,neighbor-list-length,SoA,enabled,10923441,4660475,4665719,4646243,4660665,4667770,5360000,4698598,4680523,4678399,5364183,5364183,10
2025-10-02 15:04:21,75559,pairwise,VerletClusterLists,1.000000,vcl_sliced_c02,none,AoS,disabled,42820341,27263792,28335183,26608357,25460592,26701850,25516878,27218637,26631645,27301851,28385912,28385912,10
2025-10-02 15:04:21,75569,pairwise,VerletClusterLists,1.000000,vcl_sliced_c02,none,AoS,enabled,21733051,15130699,14398405,14759312,14454514,15170946,14475956,14464641,15271994,14341631,15420114,15420114,10
2025-10-02 15:04:21,75579,pairwise,VerletClusterLists,1.000000,vcl_sliced_c02,none,SoA,disabled,21705729,9096753,9078601,9361911,9540086,9332486,9792664,10450916,9053955,9559835,10697293,10697293,10
2025-10-02 15:04:21,75589,pairwise,VerletClusterLists,1.000000,vcl_sliced_c02,none,SoA,enabled,11872750,5270870,5112008,5118415,5284685,5193545,5760714,5266772,5238540,5093215,5921150,5921150,10
2025-10-02 15:04:21,75599,pairwise,VerletLists,1.000000,vl_list_iteration,none,AoS,disabled,12012119,1719328,1665918,1661140,1659339,1664960,1660506,1659855,1656159,1653188,2701250,2701250,10
2025-10-02 15:04:21,75609,pairwise,VerletLists,1.000000,vl_list_iteration,none,SoA,disabled,32797427,2936264,2734773,2693699,2681264,2704856,2679155,2658422,2647034,2659735,5719262,5719262,10
2025-10-02 15:04:22,75619,pairwise,VerletListsCells,1.000000,vlc_c01,none,AoS,disabled,28219785,2345609,2314236,2319795,2311238,2314336,2320048,2315325,2313280,2336754,4911040,4911040,10
2025-10-02 15:04:22,75629,pairwise,VerletListsCells,1.000000,vlc_c01,none,SoA,disabled,50944289,4352655,4194000,4053421,4027395,4011364,3984665,3967310,3957294,3957738,8745012,8745012,10
2025-10-02 15:04:22,75639,pairwise,VerletListsCells,1.000000,vlc_c18,none,AoS,disabled,19340142,2488595,2471609,2464103,2471026,2465475,2470978,2466139,2463275,2464641,4156597,4156597,10
2025-10-02 15:04:22,75649,pairwise,VerletListsCells,1.000000,vlc_c18,none,AoS,enabled,17465383,2213793,2205224,2205988,2208458,2209075,2208525,2201907,2204138,2197117,3731960,3731960,10
2025-10-02 15:04:22,75659,pairwise,VerletListsCells,1.000000,vlc_c18,none,SoA,disabled,60530226,4987441,4765639,4677259,4663619,4640566,4618102,4637664,4613003,4635084,10276860,10276860,10
2025-10-02 15:04:22,75669,pairwise,VerletListsCells,1.000000,vlc_c18,none,SoA,enabled,43353396,4587723,4339241,4279526,4236528,4254271,4216525,4214043,4238717,4241176,8196114,8196114,10
2025-10-02 15:04:22,75679,pairwise,VerletListsCells,1.000000,vlc_c08,none,AoS,disabled,14815849,2289697,2272906,2274735,2274701,2255696,2266040,2258310,2266686,2256776,3523139,3523139,10
2025-10-02 15:04:22,75689,pairwise,VerletListsCells,1.000000,vlc_c08,none,AoS,enabled,14383041,2036273,2022181,2026294,2019108,2012484,2012052,2018396,2016693,2018210,3256472,3256472,10
2025-10-02 15:04:22,75699,pairwise,VerletListsCells,1.000000,vlc_c08,none,SoA,disabled,53164103,4774341,4547798,4482924,4438356,4428659,4436467,4414637,4409423,4417160,9351386,9351386,10
2025-10-02 15:04:22,75709,pairwise,VerletListsCells,1.000000,vlc_c08,none,SoA,enabled,42458003,4358589,4126238,4053470,4055194,4023040,4061568,4080294,4135518,4182614,7953452,7953452,10
2025-10-02 15:04:22,75719,pairwise,VerletListsCells,1.000000,vlc_sliced,none,AoS,disabled,20876835,3748982,3539281,3606337,3601826,3479918,3497939,3601625,3616353,3600285,5316937,5316937,10
2025-10-02 15:04:22,75729,pairwise,VerletListsCells,1.000000,vlc_sliced,none,AoS,enabled,17490221,1824030,1818446,1762255,1782066,1802194,1803382,1709462,1795911,1703795,3349176,3349176,10
2025-10-02 15:04:22,75739,pairwise,VerletListsCells,1.000000,vlc_sliced,none,SoA,disabled,64302573,6026867,5954454,5892956,5798683,5724787,5697083,5881548,5761630,5780452,11682102,11682102,10
2025-10-02 15:04:22,75749,pairwise,VerletListsCells,1.000000,vlc_sliced,none,SoA,enabled,42312979,4074014,3894996,3753633,3867959,3825654,3837952,3866217,3769808,3686946,7689015,7689015,10
2025-10-02 15:04:23,75759,pairwise,VerletListsCells,1.000000,vlc_sliced_balanced,none,AoS,disabled,20837732,3687626,3612731,3585437,3558026,3583779,3577626,3565011,3575663,3556424,5314005,5314005,10
2025-10-02 15:04:23,75769,pairwise,VerletListsCells,1.000000,vlc_sliced_balanced,none,AoS,enabled,17136494,1831996,1789727,1779820,1777884,1780135,1780585,1778607,1777216,1777144,3320960,3320960,10
2025-10-02 15:04:23,75779,pairwise,VerletListsCells,1.000000,vlc_sliced_balanced,none,SoA,disabled,62442690,5958569,5777089,5795909,5793226,5832181,5814720,5826514,5858246,5811046,11491018,11491018,10
2025-10-02 15:04:23,75789,pairwise,VerletListsCells,1.000000,vlc_sliced_balanced,none,SoA,enabled,42603329,4109937,3979914,3923923,3866345,3850003,3834606,3838536,3880570,3721286,7760844,7760844,10
2025-10-02 15:04:23,75799,pairwise,VerletListsCells,1.000000,vlc_sliced_balanced,squared-particles-per-cell,AoS,disabled,20260303,3755116,3710321,3674588,3676173,3665572,3656769,3665499,3658393,3668158,5339088,5339088,10
2025-10-02 15:04:23,75809,pairwise,VerletListsCells,1.000000,vlc_sliced_balanced,squared-particles-per-cell,AoS,enabled,17256205,1956944,1884388,1856630,1853095,1838215,1841972,1846549,1846615,1835540,3401614,3401614,10
2025-10-02 15:04:23,75819,pairwise,VerletListsCells,1.000000,vlc_sliced_balanced,squared-particles-per-cell,SoA,disabled,61443771,6106348,6029240,6007371,5982624,5911567,5966321,5985917,5955022,5923699,11531187,11531187,10
2025-10-02 15:04:23,75829,pairwise,VerletListsCells,1.000000,vlc_sliced_balanced,squared-particles-per-cell,SoA,enabled,44629594,4121485,4044023,4000191,3986854,3957529,3941819,3945500,3974585,3917194,8051876,8051876,10
2025-10-02 15:04:23,75839,pairwise,VerletListsCells,1.000000,vlc_sliced_balanced,neighbor-list-length,AoS,disabled,20205686,3698569,3623770,3622213,3604071,3609382,3617545,3607053,3600336,3600024,5278864,5278864,10
2025-10-02 15:04:23,75849,pairwise,VerletListsCells,1.000000,vlc_sliced_balanced,neighbor-list-length,AoS,enabled,17314441,1876607,1827931,1824844,1821109,1809623,1811197,1813572,1807366,1814967,3372165,3372165,10
2025-10-02 15:04:23,75859,pairwise,VerletListsCells,1.000000,vlc_sliced_balanced,neighbor-list-length,SoA,disabled,61611767,6346078,6148662,6036957,6052745,6031681,6010382,6022496,6013137,5970516,11624441,11624441,10
2025-10-02 15:04:23,75869,pairwise,VerletListsCells,1.000000,vlc_sliced_balanced,neighbor-list-length,SoA,enabled,44263285,4251598,4043130,4001745,3888653,3915907,3928190,3921001,3910396,3894324,8001822,8001822,10
2025-10-02 15:04:24,75879,pairwise,VerletListsCells,1.000000,vlc_sliced_c02,none,AoS,disabled,20976735,4435854,4474405,4524956,4171260,4403341,4493641,4429338,4259768,4257071,6042636,6042636,10
2025-10-02 15:04:24,75889,pairwise,VerletListsCells,1.000000,vlc_sliced_c02,none,AoS,enabled,17693470,2241421,2307434,2259113,2274966,2350478,2253627,2183399,2248065,2310924,3812289,3812289,10
2025-10-02 15:04:24,75899,pairwise,VerletListsCells,1.000000,vlc_sliced_c02,none,SoA,disabled,61757441,7178252,7007105,6854982,6831302,7060660,6921958,6886833,6833348,6834681,12416655,12416655,10
2025-10-02 15:04:24,75909,pairwise,VerletListsCells,1.000000,vlc_sliced_c02,none,SoA,enabled,44312420,4653108,4460880,4414223,4336972,4409749,4367751,4339191,4441907,4372446,8410864,8410864,10
2025-10-02 15:04:24,75919,pairwise,PairwiseVerletLists,1.000000,vlp_c01,none,AoS,disabled,24235332,2795488,2783655,2779910,2780007,2773067,2770289,2779999,2779822,2789854,4926741,4926741,10
2025-10-02 15:04:24,75929,pairwise,PairwiseVerletLists,1.000000,vlp_c01,none,SoA,disabled,104867320,6269763,6097787,6087375,6088157,6077707,6133196,5980535,5957708,5917705,15947725,15947725,10
2025-10-02 15:04:24,75939,pairwise,PairwiseVerletLists,1.000000,vlp_c18,none,AoS,disabled,22238336,3019813,2979578,2975682,2986316,2981532,2978866,2986248,2985692,2967057,4909911,4909911,10
2025-10-02 15:04:24,75949,pairwise,PairwiseVerletLists,1.000000,vlp_c18,none,AoS,enabled,23052806,2665148,2656079,2644009,2638725,2650047,2648287,2637688,2643633,2639556,4687597,4687597,10
2025-10-02 15:04:24,75959,pairwise,PairwiseVerletLists,1.000000,vlp_c18,none,SoA,disabled,129682619,6496713,6417810,6414005,6437383,6495274,6461513,6415645,6388803,6385755,18759551,18759551,10
2025-10-02 15:04:24,75969,pairwise,PairwiseVerletLists,1.000000,vlp_c18,none,SoA,enabled,96504135,5908094,5775998,5799045,5790911,5779332,5797396,5773517,5783878,5804476,14871678,14871678,10
2025-10-02 15:04:25,75979,pairwise,PairwiseVerletLists,1.000000,vlp_sliced,none,AoS,disabled,24472777,5157100,5089736,5157087,4968511,5091014,4813750,5102827,5110445,5025711,6998895,6998895,10
2025-10-02 15:04:25,75989,pairwise,PairwiseVerletLists,1.000000,vlp_sliced,none,AoS,enabled,24132748,2757923,2744276,2741540,2745273,2795504,2777409,2733779,2689210,2710063,4882772,4882772,10
2025-10-02 15:04:25,75999,pairwise,PairwiseVerletLists,1.000000,vlp_sliced,none,SoA,disabled,125857418,9192312,9054118,9022526,9098937,9073921,9007654,8990498,9088474,9141918,20752777,20752777,10
2025-10-02 15:04:25,76009,pairwise,PairwiseVerletLists,1.000000,vlp_sliced,none,SoA,enabled,96703211,6800648,6651807,6560173,6614823,6695254,6713660,6687178,6748529,6710699,15688597,15688597,10
2025-10-02 15:04:25,76019,pairwise,PairwiseVerletLists,1.000000,vlp_sliced_balanced,none,AoS,disabled,24598568,5132304,5056377,5014865,4989616,5007828,4965988,4980746,4990532,4986014,6972283,6972283,10
2025-10-02 15:04:25,76029,pairwise,PairwiseVerletLists,1.000000,vlp_sliced_balanced,none,AoS,enabled,24102503,2839661,2776707,2741406,2733600,2751653,2738433,2763653,2752141,2730784,4893053,4893053,10
2025-10-02 15:04:25,76039,pairwise,PairwiseVerletLists,1.000000,vlp_sliced_balanced,none,SoA,disabled,126131066,9322654,9179811,9174309,9151061,9184813,9153510,9155062,9135482,9148009,20873577,20873577,10
2025-10-02 15:04:25,76049,pairwise,PairwiseVerletLists,1.000000,vlp_sliced_balanced,none,SoA,enabled,96984010,6880944,6667025,6696999,6682634,6718984,6692178,6694958,6672783,6672601,15736311,15736311,10
2025-10-02 15:04:26,76059,pairwise,PairwiseVerletLists,1.000000,vlp_sliced_c02,none,AoS,disabled,25911436,6310912,6566620,6481800,6483802,6382257,6346936,6242862,6414880,6340690,8348219,8348219,10
2025-10-02 15:04:26,76069,pairwise,PairwiseVerletLists,1.000000,vlp_sliced_c02,none,AoS,enabled,24820350,3552555,3309066,3480549,3483265,3502913,3455741,3472579,3487799,3437180,5600199,5600199,10
2025-10-02 15:04:26,76079,pairwise,PairwiseVerletLists,1.000000,vlp_sliced_c02,none,SoA,disabled,127291936,10790352,10612750,10737407,10741241,10621701,10724523,10622966,10711068,10675306,22352924,22352924,10
2025-10-02 15:04:26,76089,pairwise,PairwiseVerletLists,1.000000,vlp_sliced_c02,none,SoA,enabled,97937322,7867762,7509166,7764946,7646987,7763081,7706083,7825152,7814277,7633032,16746780,16746780,10
2025-10-02 15:04:26,76099,pairwise,PairwiseVerletLists,1.000000,vlp_c08,none,AoS,disabled,24260076,4883651,4870413,4859778,4861391,4867608,4858780,4855986,4858930,4858384,6803499,6803499,10
2025-10-02 15:04:26,76109,pairwise,PairwiseVerletLists,1.000000,vlp_c08,none,AoS,enabled,24519933,3128206,3091870,3081975,3080050,3090667,3073699,3075610,3077748,3078157,5229791,5229791,10
2025-10-02 15:04:26,76119,pairwise,PairwiseVerletLists,1.000000,vlp_c08,none,SoA,disabled,125551198,8721021,8670088,8654021,8662768,8661707,8660856,8656297,8665160,8668105,20357121,20357121,10
2025-10-02 15:04:27,76129,pairwise,PairwiseVerletLists,1.000000,vlp_c08,none,SoA,enabled,96839301,6690448,6623190,6609773,6612686,6611497,6620205,6626501,6604619,6602324,15644054,15644054,10
2025-10-02 15:06:18,80009,pairwise,LinkedCells,1.000000,lc_c01,none,AoS,disabled,3895930,3853093,3853373,3871650,3844318,3837634,3864964,3862228,3868203,3834084,3858547,3858547,10
2025-10-02 15:06:18,80019,pairwise,LinkedCells,1.000000,lc_c01,none,SoA,disabled,4772858,4041455,3971392,3966103,3982661,3994970,4018538,4044399,4005662,4012484,4081051,4081051,10
2025-10-02 15:06:18,80029,pairwise,LinkedCells,1.000000,lc_c01_combined_SoA,none,SoA,disabled,3791107,3999352,3853211,3920389,3936463,3828097,3711451,3709589,3689928,3687202,3812678,3812678,10
2025-10-02 15:06:18,80039,pairwise,LinkedCells,1.000000,lc_c04,none,AoS,disabled,3972012,3947149,4102811,4011621,3991696,4042229,3920546,3878456,3901013,3957299,3972482,3972482,10
2025-10-02 15:06:18,80049,pairwise,LinkedCells,1.000000,lc_c04,none,AoS,enabled,2930662,2896728,2948777,2992870,2907979,2866797,2924175,2990718,2912991,2964555,2933624,2933624,10
2025-10-02 15:06:18,80059,pairwise,LinkedCells,1.000000,lc_c04,none,SoA,disabled,3700933,3616602,3597523,3611222,3626274,3627761,3578038,3672882,3623835,3687707,3634277,3634277,10
2025-10-02 15:06:18,80069,pairwise,LinkedCells,1.000000,lc_c04,none,SoA,enabled,2762356,2690907,2671680,2691444,2683725,2730110,2693669,2688977,2687474,2730619,2703095,2703095,10
2025-10-02 15:06:18,80079,pairwise,LinkedCells,1.000000,lc_c04_HCP,none,AoS,disabled,2387555,2332588,2323661,2334216,2317301,2323835,2320502,2330780,2333559,2334018,2333800,2333800,10
2025-10-02 15:06:18,80089,pairwise,LinkedCells,1.000000,lc_c04_HCP,none,AoS,enabled,1790759,1773708,1783310,1804963,1777976,1778851,1780910,1782322,1780510,1789929,1784323,1784323,10
2025-10-02 15:06:18,80099,pairwise,LinkedCells,1.000000,lc_c04_HCP,none,SoA,disabled,3437767,3342906,3315114,3302011,3320652,3393901,3327976,3352909,3333304,3318095,3344463,3344463,10
2025-10-02 15:06:18,80109,pairwise,LinkedCells,1.000000,lc_c04_HCP,none,SoA,enabled,3007124,2944202,2944860,2988908,2897183,2921769,2966619,2922186,2930812,2947166,2947082,2947082,10
2025-10-02 15:06:18,80119,pairwise,LinkedCells,1.000000,lc_c04_combined_SoA,none,SoA,disabled,3963472,3976445,3945683,3976013,4056287,3998251,3968769,3958533,4128976,4019476,3999190,3999190,10
2025-10-02 15:06:18,80129,pairwise,LinkedCells,1.000000,lc_c04_combined_SoA,none,SoA,enabled,3593075,3552476,3508143,3517855,3599299,3464167,3414301,3444927,3470886,3441169,3500629,3500629,10
2025-10-02 15:06:18,80139,pairwise,LinkedCells,1.000000,lc_c08,none,AoS,disabled,3120482,3011036,3011046,3020031,3013363,3021782,3020974,3002968,3000987,3011787,3023444,3023444,10
2025-10-02 15:06:18,80149,pairwise,LinkedCells,1.000000,lc_c08,none,AoS,enabled,2648942,2697404,2693851,2650143,2639268,2632955,2635692,2631661,2643814,2668943,2654267,2654267,10
2025-10-02 15:06:18,80159,pairwise,LinkedCells,1.000000,lc_c08,none,SoA,disabled,4534511,4386665,4348105,4305791,4375297,4324892,4300852,4368051,4342959,4286140,4357326,4357326,10
2025-10-02 15:06:18,80169,pairwise,LinkedCells,1.000000,lc_c08,none,SoA,enabled,3990659,4015938,4060593,4079100,4015823,4061340,4092224,4047126,4018139,4058705,4043964,4043964,10
2025-10-02 15:06:18,80179,pairwise,LinkedCells,1.000000,lc_c18,none,AoS,disabled,3111519,3097565,3069841,3138568,3138444,3099303,3096411,3126641,3108396,3130750,3111743,3111743,10
2025-10-02 15:06:18,80189,pairwise,LinkedCells,1.000000,lc_c18,none,AoS,enabled,2741884,2742553,2740625,2731069,2738713,2733343,2731537,2738589,2736043,2737268,2737161,2737161,10
2025-10-02 15:06:18,80199,pairwise,LinkedCells,1.000000,lc_c18,none,SoA,disabled,3858676,3769383,3754244,3744598,3748325,3797867,3756452,3796751,3774829,3747004,3774812,3774812,10
2025-10-02 15:06:19,80209,pairwise,LinkedCells,1.000000,lc_c18,none,SoA,enabled,3433667,3410361,3401189,3392362,3451397,3404153,3467347,3437619,3427435,3421536,3424706,3424706,10
2025-10-02 15:06:19,80219,pairwise,LinkedCells,1.000000,lc_sliced,none,AoS,disabled,5465786,5527082,5507232,5511858,5426661,5526837,5419959,5531041,5511064,5491279,5491879,5491879,10
2025-10-02 15:06:19,80229,pairwise,LinkedCells,1.000000,lc_sliced,none,AoS,enabled,3954806,3997466,3926605,4008497,3945252,3938941,4011586,3927462,3987534,3704195,3940234,3940234,10
2025-10-02 15:06:19,80239,pairwise,LinkedCells,1.000000,lc_sliced,none,SoA,disabled,5007237,4633527,4775409,4804451,4784758,4820324,4831390,4824365,4854272,4811547,4814727,4814727,10
2025-10-02 15:06:19,80249,pairwise,LinkedCells,1.000000,lc_sliced,none,SoA,enabled,3518145,3410652,3403628,3405266,3384252,3372485,3382270,3385215,3303242,3267907,3383306,3383306,10
2025-10-02 15:06:19,80259,pairwise,LinkedCells,1.000000,lc_sliced_balanced,none,AoS,disabled,5557425,5525446,5513263,5505318,5494006,5486359,5490265,5495779,5492045,5485924,5504582,5504582,10
2025-10-02 15:06:19,80269,pairwise,LinkedCells,1.000000,lc_sliced_balanced,none,AoS,enabled,4024919,4002328,4005249,3993050,4001610,3989322,3987642,3997977,3999692,3993802,3999558,3999558,10
2025-10-02 15:06:19,80279,pairwise,LinkedCells,1.000000,lc_sliced_balanced,none,SoA,disabled,4944266,4795812,4790566,4810695,4792587,4789860,4805983,4801148,4803712,4807830,4814245,4814245,10
2025-10-02 15:06:19,80289,pairwise,LinkedCells,1.000000,lc_sliced_balanced,none,SoA,enabled,3446550,3372318,3358937,3373417,3340067,3374028,3365261,3357123,3368835,3345308,3370184,3370184,10
2025-10-02 15:06:19,80299,pairwise,LinkedCells,1.000000,lc_sliced_balanced,squared-particles-per-cell,AoS,disabled,5714419,5502231,5449431,5416744,5427067,5435956,5433539,5423770,5428175,5447061,5467838,5467838,10
2025-10-02 15:06:19,80309,pairwise,LinkedCells,1.000000,lc_sliced_balanced,squared-particles-per-cell,AoS,enabled,4379956,4261898,4254252,4232302,4232185,4228162,4230374,4235547,4229677,4231935,4251628,4251628,10
2025-10-02 15:06:19,80319,pairwise,LinkedCells,1.000000,lc_sliced_balanced,squared-particles-per-cell,SoA,disabled,10984096,10067065,10060888,10002950,9996092,10020340,9999666,10052900,9996675,10036394,10121706,10121706,10
2025-10-02 15:06:19,80329,pairwise,LinkedCells,1.000000,lc_sliced_balanced,squared-particles-per-cell,SoA,enabled,9327559,9148961,9142578,9183071,9126390,9046024,9045677,9017356,9041223,9057850,9113668,9113668,10
2025-10-02 15:06:19,80339,pairwise,LinkedCells,1.000000,lc_sliced_c02,none,AoS,disabled,5697497,5513701,5475866,5213862,5411992,5391058,5403064,5393411,5244483,5468758,5421368,5421368,10
2025-10-02 15:06:19,80349,pairwise,LinkedCells,1.000000,lc_sliced_c02,none,AoS,enabled,4032390,3988154,3992402,3989987,3884385,4002826,3925935,3842242,3972470,3932869,3956365,3956365,10
2025-10-02 15:06:19,80359,pairwise,LinkedCells,1.000000,lc_sliced_c02,none,SoA,disabled,6117973,4834399,4814362,4851532,4810047,4652704,4877918,4761587,4726831,4620230,4906757,4906757,10
2025-10-02 15:06:19,80369,pairwise,LinkedCells,1.000000,lc_sliced_c02,none,SoA,enabled,3687892,3374331,3637320,3556776,3390434,3556144,3610819,3405881,3404016,3562470,3518608,3518608,10
2025-10-02 15:06:20,80379,pairwise,VerletClusterLists,1.000000,vcl_c01_balanced,none,AoS,disabled,18990994,4587770,4589039,4590720,4583164,4580732,4613662,4599147,4633731,4602234,6037118,6037118,10
2025-10-02 15:06:20,80389,pairwise,VerletClusterLists,1.000000,vcl_c01_balanced,none,SoA,disabled,14284878,1709408,1690920,1699475,1686847,1692064,1690033,1692493,1687294,1692156,2952556,2952556,10
2025-10-02 15:06:20,80399,pairwise,VerletClusterLists,1.000000,vcl_c06,none,AoS,disabled,31180762,20736459,19896930,20759080,19015329,19734862,20299099,19347085,21277178,19142164,21138894,21138894,10
2025-10-02 15:06:20,80409,pairwise,VerletClusterLists,1.000000,vcl_c06,none,AoS,enabled,16805896,9828104,10100881,10147467,9969524,10199467,11091970,9850492,9922572,10141974,10805834,10805834,10
2025-10-02 15:06:20,80419,pairwise,VerletClusterLists,1.000000,vcl_c06,none,SoA,disabled,19522732,7727817,7555798,7427371,7871749,7453958,7600770,7459052,7943385,7667341,8822996,8822996,10
2025-10-02 15:06:20,80429,pairwise,VerletClusterLists,1.000000,vcl_c06,none,SoA,enabled,10776046,4611356,4742674,4622612,4730491,4711297,4824441,4489911,4295834,4502174,5230683,5230683,10
2025-10-02 15:06:20,80439,pairwise,VerletClusterLists,1.000000,vcl_sliced,none,AoS,disabled,33211705,26905505,26899956,21771985,26814344,26812863,26936750,26852799,26925889,26803826,26993561,26993561,10
2025-10-02 15:06:20,80449,pairwise,VerletClusterLists,1.000000,vcl_sliced,none,AoS,enabled,18447922,12449104,14416578,14396737,14412977,11967576,14387298,11983923,14417523,12492312,13937194,13937194,10
2025-10-02 15:06:21,80459,pairwise,VerletClusterLists,1.000000,vcl_sliced,none,SoA,disabled,19396273,8953761,8977329,8963679,8948984,8964723,8970599,8972864,8948379,8955236,10005182,10005182,10
2025-10-02 15:06:21,80469,pairwise,VerletClusterLists,1.000000,vcl_sliced,none,SoA,enabled,11048844,4640951,4957569,4969858,4951940,4612413,4935928,4643811,4941823,4945033,5464816,5464816,10
2025-10-02 15:06:21,80479,pairwise,VerletClusterLists,1.000000,vcl_sliced_balanced,none,AoS,disabled,39298696,26976674,26972749,26989672,26987361,26988399,26984879,26958895,26953503,27022403,28213323,28213323,10
2025-10-02 15:06:21,80489,pairwise,VerletClusterLists,1.000000,vcl_sliced_balanced,none,AoS,enabled,20612503,14606832,14604848,15451001,14579138,14573111,14577172,14608069,15535015,15476207,15462388,15462388,10
2025-10-02 15:06:21,80499,pairwise,VerletClusterLists,1.000000,vcl_sliced_balanced,none,SoA,disabled,21014903,8798127,8815143,8796874,8805277,8807825,8810887,8806501,8823514,8795359,10027440,10027440,10
2025-10-02 15:06:21,80509,pairwise,VerletClusterLists,1.000000,vcl_sliced_balanced,none,SoA,enabled,12059533,4873149,4867547,4861464,4849878,5488893,4864858,4858803,4921093,4884569,5652978,5652978,10
2025-10-02 15:06:22,80519,pairwise,VerletClusterLists,1.000000,vcl_sliced_balanced,neighbor-list-length,AoS,disabled,41311510,26984394,27064908,27090072,27207411,26979749,27412476,27098434,27142438,26968347,28525973,28525973,10
2025-10-02 15:06:22,80529,pairwise,VerletClusterLists,1.000000,vcl_sliced_balanced,neighbor-list-length,AoS,enabled,20776005,14619109,14596318,14635272,14560979,15439046,14583800,14582808,14588907,14585300,15296753,15296753,10
2025-10-02 15:06:22,80539,pairwise,VerletClusterLists,1.000000,vcl_sliced_balanced,neighbor-list-length,SoA,disabled,20981400,8842180,8823517,8843473,10071061,8841823,8810723,8821847,8802061,10054415,10289249,10289249,10
2025-10-02 15:06:22,80549,pairwise,VerletClusterLists,1.000000,vcl_sliced_balanced,neighbor-list-length,SoA,enabled,10945266,4889534,4893794,4887321,5515161,4914702,4878344,4886046,4872053,4859491,5554170,5554170,10
2025-10-02 15:06:22,80559,pairwise,VerletClusterLists,1.000000,vcl_sliced_c02,none,AoS,disabled,43502512,29563809,28999808,29454903,29425283,28059268,27606661,26421496,29561076,27650726,30024553,30024553,10
2025-10-02 15:06:22,80569,pairwise,VerletClusterLists,1.000000,vcl_sliced_c02,none,AoS,enabled,21821622,15145135,16006878,15788351,15151127,16506726,16596038,15123432,15910394,15749689,16379938,16379938,10
2025-10-02 15:06:22,80579,pairwise,VerletClusterLists,1.000000,vcl_sliced_c02,none,SoA,disabled,22235249,10003525,10017723,9599531,9668550,9740834,9746174,9775878,9924394,9930407,11064225,11064225,10
2025-10-02 15:06:23,80589,pairwise,VerletClusterLists,1.000000,vcl_sliced_c02,none,SoA,enabled,11992351,5433809,5553343,5443152,5523867,5804876,5731339,5751036,5632252,5730874,6259689,6259689,10
2025-10-02 15:06:23,80599,pairwise,VerletLists,1.000000,vl_list_iteration,none,AoS,disabled,12154514,1684189,1660398,1645567,1647619,1649795,1650875,1647868,1645292,1640495,2702660,2702660,10
2025-10-02 15:06:23,80609,pairwise,VerletLists,1.000000,vl_list_iteration,none,SoA,disabled,32507061,2984955,2825531,2728330,2734878,2693865,2716649,2695007,2662307,2655036,5720361,5720361,10
2025-10-02 15:06:23,80619,pairwise,VerletListsCells,1.000000,vlc_c01,none,AoS,disabled,27673099,2320873,2312664,2322829,2315280,2314635,2307371,2314411,2318679,2310052,4850989,4850989,10
2025-10-02 15:06:23,80629,pairwise,VerletListsCells,1.000000,vlc_c01,none,SoA,disabled,50495825,4389029,4161913,4093170,4035371,4034205,4032309,4011356,3998798,3988920,8724089,8724089,10
2025-10-02 15:06:23,80639,pairwise,VerletListsCells,1.000000,vlc_c18,none,AoS,disabled,19160571,2491974,2524883,2458514,2445196,2455036,2446385,2452093,2440799,2457355,4133280,4133280,10
2025-10-02 15:06:23,80649,pairwise,VerletListsCells,1.000000,vlc_c18,none,AoS,enabled,17261348,2217425,2199765,2198498,2202853,2191480,2202185,2253198,2195281,2195032,3711705,3711705,10
2025-10-02 15:06:23,80659,pairwise,VerletListsCells,1.000000,vlc_c18,none,SoA,disabled,60005429,5018781,4787329,4761203,4715225,4698736,4658488,4653666,4639290,4641967,10258010,10258010,10
2025-10-02 15:06:23,80669,pairwise,VerletListsCells,1.000000,vlc_c18,none,SoA,enabled,41691211,4631495,4393238,4328014,4285249,4305272,4261889,4249692,4226624,4218157,8059084,8059084,10
2025-10-02 15:06:23,80679,pairwise,VerletListsCells,1.000000,vlc_c08,none,AoS,disabled,14660861,2262519,2265343,2409617,2266264,2293121,2248366,2256873,2238058,2247363,3514838,3514838,10
2025-10-02 15:06:23,80689,pairwise,VerletListsCells,1.000000,vlc_c08,none,AoS,enabled,14241574,2019998,2010752,2018913,2004327,2015902,2007168,2014920,2006538,2010489,3235057,3235057,10
2025-10-02 15:06:23,80699,pairwise,VerletListsCells,1.000000,vlc_c08,none,SoA,disabled,52646041,4752274,4572217,4483771,4465726,4452051,4433088,4416138,4407454,4407640,9303639,9303639,10
2025-10-02 15:06:23,80709,pairwise,VerletListsCells,1.000000,vlc_c08,none,SoA,enabled,42120764,4472814,4289420,4151360,4061621,4085417,4032498,4018737,3977044,3942945,7915261,7915261,10
2025-10-02 15:06:23,80719,pairwise,VerletListsCells,1.000000,vlc_sliced,none,AoS,disabled,20978427,4000703,3745130,3585587,3871590,3853836,3836183,3858682,3864825,3855035,5544999,5544999,10
2025-10-02 15:06:23,80729,pairwise,VerletListsCells,1.000000,vlc_sliced,none,AoS,enabled,17411096,2000009,1956888,1937654,1939211,1940467,1897941,1936941,1937780,1907039,3486502,3486502,10
2025-10-02 15:06:24,80739,pairwise,VerletListsCells,1.000000,vlc_sliced,none,SoA,disabled,63288496,6353369,6175932,6041096,6180674,6218374,6140596,6091740,6071799,6019132,11858120,11858120,10
2025-10-02 15:06:24,80749,pairwise,VerletListsCells,1.000000,vlc_sliced,none,SoA,enabled,41512592,4302169,4149586,4079136,4077224,3971788,3988822,3991221,4013564,3968530,7805462,7805462,10
2025-10-02 15:06:24,80759,pairwise,VerletListsCells,1.000000,vlc_sliced_balanced,none,AoS,disabled,20913402,4014055,3907235,3873615,3864754,3883961,3879862,3863292,3869050,3871065,5594028,5594028,10
2025-10-02 15:06:24,80769,pairwise,VerletListsCells,1.000000,vlc_sliced_balanced,none,AoS,enabled,17134352,1972730,1931502,1929663,1933617,1937496,1932612,1926619,1931659,1929561,3455981,3455981,10
2025-10-02 15:06:24,80779,pairwise,VerletListsCells,1.000000,vlc_sliced_balanced,none,SoA,disabled,62425362,6316772,6306136,6209077,6178621,6119650,6115310,6143906,6102182,6117063,11803407,11803407,10
2025-10-02 15:06:24,80789,pairwise,VerletListsCells,1.000000,vlc_sliced_balanced,none,SoA,enabled,42419745,4241909,4112695,4116686,4052252,4001559,4016633,4001438,4013586,3908452,7888495,7888495,10
2025-10-02 15:06:24,80799,pairwise,VerletListsCells,1.000000,vlc_sliced_balanced,squared-particles-per-cell,AoS,disabled,20423968,4091812,4029824,3994771,3991647,3977528,3982137,3976401,3974625,3979241,5642195,5642195,10
2025-10-02 15:06:24,80809,pairwise,VerletListsCells,1.000000,vlc_sliced_balanced,squared-particles-per-cell,AoS,enabled,17260035,2100275,2042114,2020005,2007856,2006183,2000469,2002975,2001247,2012239,3545339,3545339,10
2025-10-02 15:06:24,80819,pairwise,VerletListsCells,1.000000,vlc_sliced_balanced,squared-particles-per-cell,SoA,disabled,61054518,6386987,6275432,6225866,6239261,6217754,6201300,6190172,6208543,6198735,11719856,11719856,10
2025-10-02 15:06:24,80829,pairwise,VerletListsCells,1.000000,vlc_sliced_balanced,squared-particles-per-cell,SoA,enabled,44104250,4251796,4165726,4135501,4086951,4030456,4079810,4070374,4113918,4050968,8108975,8108975,10
2025-10-02 15:06:24,80839,pairwise,VerletListsCells,1.000000,vlc_sliced_balanced,neighbor-list-length,AoS,disabled,20312886,4011720,3960634,3950645,3922516,3939902,3927271,3926800,3917427,3918258,5578805,5578805,10
2025-10-02 15:06:24,80849,pairwise,VerletListsCells,1.000000,vlc_sliced_balanced,neighbor-list-length,AoS,enabled,17350907,2046107,1995819,1990144,1983215,1979428,1984174,1977569,1970869,1972238,3525046,3525046,10
2025-10-02 15:06:25,80859,pairwise,VerletListsCells,1.000000,vlc_sliced_balanced,neighbor-list-length,SoA,disabled,61237631,6660239,6428155,6368787,6370200,6361582,6328190,6343137,6307186,6284495,11868959,11868959,10
2025-10-02 15:06:25,80869,pairwise,VerletListsCells,1.000000,vlc_sliced_balanced,neighbor-list-length,SoA,enabled,43772123,4451644,4257336,4194217,4164384,4151900,4132545,4130252,4129899,4116948,8150124,8150124,10
2025-10-02 15:06:25,80879,pairwise,VerletListsCells,1.000000,vlc_sliced_c02,none,AoS,disabled,21325150,5032258,4993630,4992244,4965864,4884245,4785469,4904820,4987242,4885568,6575648,6575648,10
2025-10-02 15:06:25,80889,pairwise,VerletListsCells,1.000000,vlc_sliced_c02,none,AoS,enabled,17956191,2539144,2565388,2441560,2538144,2547410,2462679,2507394,2473746,2416234,4044788,4044788,10
2025-10-02 15:06:25,80899,pairwise,VerletListsCells,1.000000,vlc_sliced_c02,none,SoA,disabled,62321139,7541695,7526368,7249889,7240339,7237001,7368580,7240143,7350062,7343203,12841841,12841841,10
2025-10-02 15:06:25,80909,pairwise,VerletListsCells,1.000000,vlc_sliced_c02,none,SoA,enabled,43877804,4699555,4707732,4628910,4697111,4510546,4544894,4611799,4642531,4724601,8564548,8564548,10
2025-10-02 15:06:25,80919,pairwise,PairwiseVerletLists,1.000000,vlp_c01,none,AoS,disabled,25717418,2799600,2793753,2792551,2779947,2787317,2776029,2768666,2781251,2763409,5075993,5075993,10
2025-10-02 15:06:25,80929,pairwise,PairwiseVerletLists,1.000000,vlp_c01,none,SoA,disabled,105762575,6267629,6151047,6148862,6149766,6144367,6150148,6134615,6184465,6147195,16124066,16124066,10
2025-10-02 15:06:25,80939,pairwise,PairwiseVerletLists,1.000000,vlp_c18,none,AoS,disabled,22724280,3056806,2981559,2972687,2998240,3035835,3006395,2987680,2985710,3058691,4980788,4980788,10
2025-10-02 15:06:25,80949,pairwise,PairwiseVerletLists,1.000000,vlp_c18,none,AoS,enabled,23453581,2653589,2635384,2647705,2631788,2634414,2625826,2625848,2630029,2636998,4717516,4717516,10
2025-10-02 15:06:26,80959,pairwise,PairwiseVerletLists,1.000000,vlp_c18,none,SoA,disabled,130710249,6458272,6439291,6386682,6387937,6400165,6379505,6411179,6383299,6391706,18834828,18834828,10
2025-10-02 15:06:26,80969,pairwise,PairwiseVerletLists,1.000000,vlp_c18,none,SoA,enabled,98241802,5888194,5767676,5795230,5760844,5752970,5780110,5781121,5766711,5764184,15029883,15029883,10
2025-10-02 15:06:26,80979,pairwise,PairwiseVerletLists,1.000000,vlp_sliced,none,AoS,disabled,25705290,5408167,5371446,5351000,5196498,5118466,5300859,5077424,5308183,5277156,7311448,7311448,10
2025-10-02 15:06:26,80989,pairwise,PairwiseVerletLists,1.000000,vlp_sliced,none,AoS,enabled,24496363,2912142,2907588,2896624,2880580,2809342,2867158,2891352,2892493,2870151,5042378,5042378,10
2025-10-02 15:06:26,80999,pairwise,PairwiseVerletLists,1.000000,vlp_sliced,none,SoA,disabled,127796108,9728262,9666633,9691346,9727635,9172245,9437818,9674045,9604606,9709918,21420860,21420860,10
2025-10-02 15:06:26,81009,pairwise,PairwiseVerletLists,1.000000,vlp_sliced,none,SoA,enabled,97086879,7038712,7010309,6921901,6959829,6896932,6937903,6915145,6933111,6931995,15963271,15963271,10
2025-10-02 15:06:26,81019,pairwise,PairwiseVerletLists,1.000000,vlp_sliced_balanced,none,AoS,disabled,25653475,5555888,5487467,5441370,5451010,5420475,5425595,5427104,5424222,5424730,7471133,7471133,10
2025-10-02 15:06:26,81029,pairwise,PairwiseVerletLists,1.000000,vlp_sliced_balanced,none,AoS,enabled,24471066,2918217,2891347,2886288,2887316,2878429,2877672,2862754,2871857,2879264,5042420,5042420,10
2025-10-02 15:06:27,81039,pairwise,PairwiseVerletLists,1.000000,vlp_sliced_balanced,none,SoA,disabled,127798079,9831780,9723122,9728518,9710878,9733368,9678762,9727859,9705740,9725153,21536325,21536325,10
2025-10-02 15:06:27,81049,pairwise,PairwiseVerletLists,1.000000,vlp_sliced_balanced,none,SoA,enabled,97072359,7073599,6934490,6945174,6927198,6929936,6911882,6967819,6898700,6926637,15958779,15958779,10
2025-10-02 15:06:27,81059,pairwise,PairwiseVerletLists,1.000000,vlp_sliced_c02,none,AoS,disabled,27148156,7054713,6975239,7044580,6964513,6902192,6731665,6956293,6923375,7014369,8971509,8971509,10
2025-10-02 15:06:27,81069,pairwise,PairwiseVerletLists,1.000000,vlp_sliced_c02,none,AoS,enabled,24935769,3567598,3608476,3666181,3626901,3672924,3671588,3721102,3702948,3708001,5788148,5788148,10
2025-10-02 15:06:27,81079,pairwise,PairwiseVerletLists,1.000000,vlp_sliced_c02,none,SoA,disabled,129759787,11648814,11667613,11622807,11511836,11454580,11452832,11556375,11546222,11574678,23379553,23379553,10
2025-10-02 15:06:27,81089,pairwise,PairwiseVerletLists,1.000000,vlp_sliced_c02,none,SoA,enabled,98108319,8314289,8005914,8327646,8229695,8315616,8300840,8237864,8308330,8163655,17231216,17231216,10
2025-10-02 15:06:27,81099,pairwise,PairwiseVerletLists,1.000000,vlp_c08,none,AoS,disabled,25244788,4893860,4873038,4866224,4864977,4859667,4860168,4849006,4854613,4850446,6901678,6901678,10
2025-10-02 15:06:27,81109,pairwise,PairwiseVerletLists,1.000000,vlp_c08,none,AoS,enabled,24735068,3119155,3091560,3081689,3078345,3078624,3073546,3076356,3073214,3077380,5248493,5248493,10
2025-10-02 15:06:28,81119,pairwise,PairwiseVerletLists,1.000000,vlp_c08,none,SoA,disabled,126217977,8682021,8634643,8631621,8628662,8630618,8627754,8633630,8624188,8607237,20391834,20391834,10
2025-10-02 15:06:28,81129,pairwise,PairwiseVerletLists,1.000000,vlp_c08,none,SoA,enabled,96347538,6683394,6587293,6581643,6587316,6588123,6586391,6560411,6564287,6572655,15565905,15565905,10
2025-10-02 15:08:43,85009,pairwise,LinkedCells,1.000000,lc_c01,none,AoS,disabled,3597748,3516567,3524458,3518149,3493812,3516910,3543047,3550578,3520363,3505976,3528760,3528760,10
2025-10-02 15:08:43,85019,pairwise,LinkedCells,1.000000,lc_c01,none,SoA,disabled,4593779,3835440,3831630,3830739,3862562,3872130,3997510,4029554,3892831,3894951,3964112,3964112,10
2025-10-02 15:08:43,85029,pairwise,LinkedCells,1.000000,lc_c01_combined_SoA,none,SoA,disabled,3617286,3630402,3669325,3794440,3661263,3594868,3634139,3582015,3569228,3582299,3633526,3633526,10
2025-10-02 15:08:43,85039,pairwise,LinkedCells,1.000000,lc_c04,none,AoS,disabled,3825191,3903736,3881244,3831605,3904298,3829321,3929664,3799318,3755755,3780892,3844101,3844101,10
2025-10-02 15:08:43,85049,pairwise,LinkedCells,1.000000,lc_c04,none,AoS,enabled,2890158,2865936,2867171,2821017,2823021,2853340,2853922,2849051,2854925,2854231,2853276,2853276,10
2025-10-02 15:08:43,85059,pairwise,LinkedCells,1.000000,lc_c04,none,SoA,disabled,3681190,3538578,3531012,3528781,3538811,3521117,3516273,3512179,3503975,3501862,3537377,3537377,10
2025-10-02 15:08:43,85069,pairwise,LinkedCells,1.000000,lc_c04,none,SoA,enabled,2694999,2692895,2593333,2592143,2595174,2594532,2592107,2587383,2589969,2603217,2613575,2613575,10
2025-10-02 15:08:43,85079,pairwise,LinkedCells,1.000000,lc_c04_HCP,none,AoS,disabled,2176206,2135807,2138859,2139818,2127796,2126471,2113307,2131513,2139216,2125850,2135483,2135483,10
2025-10-02 15:08:43,85089,pairwise,LinkedCells,1.000000,lc_c04_HCP,none,AoS,enabled,1642380,1656761,1649888,1643160,1651489,1658562,1654354,1651880,1646327,1643228,1649802,1649802,10
2025-10-02 15:08:43,85099,pairwise,LinkedCells,1.000000,lc_c04_HCP,none,SoA,disabled,3255479,3186066,3139778,3155860,3146330,3174568,3162202,3159791,3156701,3166633,3170340,3170340,10
2025-10-02 15:08:43,85109,pairwise,LinkedCells,1.000000,lc_c04_HCP,none,SoA,enabled,2898146,2826416,2828863,2842186,2807529,2829492,2811418,2789118,2833972,2796315,2826344,2826344,10
2025-10-02 15:08:43,85119,pairwise,LinkedCells,1.000000,lc_c04_combined_SoA,none,SoA,disabled,3815864,3848724,3869147,3809902,3796606,3894927,3853297,3864488,3871605,3914746,3853930,3853930,10
2025-10-02 15:08:43,85129,pairwise,LinkedCells,1.000000,lc_c04_combined_SoA,none,SoA,enabled,3513848,3458245,3491534,3463963,3441387,3470635,3456753,3476946,3389601,3392901,3455581,3455581,10
2025-10-02 15:08:43,85139,pairwise,LinkedCells,1.000000,lc_c08,none,AoS,disabled,2928735,2877332,2854542,2846187,2842257,2855070,2857288,2877114,2857888,2855408,2865181,2865181,10
2025-10-02 15:08:43,85149,pairwise,LinkedCells,1.000000,lc_c08,none,AoS,enabled,2558817,2532295,2537644,2548308,2551580,2535451,2555446,2584199,2572002,2549197,2552493,2552493,10
2025-10-02 15:08:44,85159,pairwise,LinkedCells,1.000000,lc_c08,none,SoA,disabled,4412494,4312029,4200658,4165838,4219699,4167129,4186792,4201372,4217371,4145185,4222855,4222855,10
2025-10-02 15:08:44,85169,pairwise,LinkedCells,1.000000,lc_c08,none,SoA,enabled,3854302,3852996,3864903,3877656,3793907,3937136,3959840,3898274,3902721,3976275,3891800,3891800,10
2025-10-02 15:08:44,85179,pairwise,LinkedCells,1.000000,lc_c18,none,AoS,disabled,2978753,2948348,2953047,2963039,2979742,3004697,2973564,2987413,2981130,2963119,2973284,2973284,10
2025-10-02 15:08:44,85189,pairwise,LinkedCells,1.000000,lc_c18,none,AoS,enabled,2669837,2663637,2717751,2656048,2651697,2656317,2650078,2650010,2658092,2650457,2662392,2662392,10
2025-10-02 15:08:44,85199,pairwise,LinkedCells,1.000000,lc_c18,none,SoA,disabled,3774639,3663311,3625223,3631786,3620547,3670840,3630276,3637456,3643389,3622553,3652001,3652001,10
2025-10-02 15:08:44,85209,pairwise,LinkedCells,1.000000,lc_c18,none,SoA,enabled,3355827,3326280,3319180,3313831,3313459,3362733,3321879,3314247,3315726,3310907,3325406,3325406,10
2025-10-02 15:08:44,85219,pairwise,LinkedCells,1.000000,lc_sliced,none,AoS,disabled,6001102,6036814,5372152,5626999,6059177,5967308,6034901,6033343,5668849,6028151,5882878,5882878,10
2025-10-02 15:08:44,85229,pairwise,LinkedCells,1.000000,lc_sliced,none,AoS,enabled,4405760,4406290,4035504,4407746,4398378,4092906,4414479,4406497,4250243,4387541,4320533,4320533,10
2025-10-02 15:08:44,85239,pairwise,LinkedCells,1.000000,lc_sliced,none,SoA,disabled,5339580,5113162,5132742,5151393,5074410,5118565,4975354,5122284,4725233,5089858,5084258,5084258,10
2025-10-02 15:08:44,85249,pairwise,LinkedCells,1.000000,lc_sliced,none,SoA,enabled,3578681,3535178,3537821,3516385,3529992,3543091,3545757,3508905,3538072,3534546,3536842,3536842,10
2025-10-02 15:08:44,85259,pairwise,LinkedCells,1.000000,lc_sliced_balanced,none,AoS,disabled,6053361,6025779,6022704,6023188,6014931,6009088,6019177,6017554,6022410,6015530,6022372,6022372,10
2025-10-02 15:08:44,85269,pairwise,LinkedCells,1.000000,lc_sliced_balanced,none,AoS,enabled,4410642,4391940,4385044,4390190,4376440,4373108,4375828,4374588,4368041,4375513,4382132,4382132,10
2025-10-02 15:08:44,85279,pairwise,LinkedCells,1.000000,lc_sliced_balanced,none,SoA,disabled,5212251,5088102,5056869,5078556,5060687,5068622,5074592,5086286,5057481,5062364,5084580,5084580,10
2025-10-02 15:08:44,85289,pairwise,LinkedCells,1.000000,lc_sliced_balanced,none,SoA,enabled,3593082,3494434,3495089,3465705,3474239,3451617,3454071,3453005,3470582,3464613,3481643,3481643,10
2025-10-02 15:08:44,85299,pairwise,LinkedCells,1.000000,lc_sliced_balanced,squared-particles-per-cell,AoS,disabled,6251799,6062400,5995964,6005490,6000541,5991044,6006396,6001047,5999407,5976983,6029106,6029106,10
2025-10-02 15:08:44,85309,pairwise,LinkedCells,1.000000,lc_sliced_balanced,squared-particles-per-cell,AoS,enabled,4420945,4379449,4387324,4389090,4379084,4392038,4368301,4386435,4377364,4375646,4385566,4385566,10
2025-10-02 15:08:44,85319,pairwise,LinkedCells,1.000000,lc_sliced_balanced,squared-particles-per-cell,SoA,disabled,10295957,9300869,9269260,9283306,9325394,9323165,9372443,9346423,9127848,9308805,9395346,9395346,10
2025-10-02 15:08:44,85329,pairwise,LinkedCells,1.000000,lc_sliced_balanced,squared-particles-per-cell,SoA,enabled,8770056,8691353,8668253,8538267,8624382,8606417,8650347,8685072,8641442,8634890,8651047,8651047,10
2025-10-02 15:08:45,85339,pairwise,LinkedCells,1.000000,lc_sliced_c02,none,AoS,disabled,6236885,6093532,5833703,6062312,5868513,6046068,5466919,6049775,5615891,5971835,5924542,5924542,10
2025-10-02 15:08:45,85349,pairwise,LinkedCells,1.000000,lc_sliced_c02,none,AoS,enabled,4189841,4374678,4404069,4357309,4400489,4381058,4398414,4362684,4362581,4370285,4360140,4360140,10
2025-10-02 15:08:45,85359,pairwise,LinkedCells,1.000000,lc_sliced_c02,none,SoA,disabled,5840102,5051320,5187839,4988164,5152764,5126828,4925312,5158165,5174690,5060351,5166552,5166552,10
2025-10-02 15:08:45,85369,pairwise,LinkedCells,1.000000,lc_sliced_c02,none,SoA,enabled,3672786,3488790,3682981,3493644,3705899,3602165,3621633,3702721,3587620,3721963,3628020,3628020,10
2025-10-02 15:08:45,85379,pairwise,VerletClusterLists,1.000000,vcl_c01_balanced,none,AoS,disabled,18141482,4091337,4076961,4071738,4079583,4064521,4082312,4067573,4067638,4075990,5481912,5481912,10
2025-10-02 15:08:45,85389,pairwise,VerletClusterLists,1.000000,vcl_c01_balanced,none,SoA,disabled,13602812,1578278,1567980,1547974,1572189,1565212,1546547,1563077,1564167,1558117,2766634,2766634,10
2025-10-02 15:08:45,85399,pairwise,VerletClusterLists,1.000000,vcl_c06,none,AoS,disabled,32917408,20768098,20728432,20885951,20775092,22718547,20860186,20838581,21451198,21664204,22360768,22360768,10
2025-10-02 15:08:45,85409,pairwise,VerletClusterLists,1.000000,vcl_c06,none,AoS,enabled,17174803,10770471,11301525,10836770,11111576,11085317,10819597,11377471,11075521,11132848,11668589,11668589,10
2025-10-02 15:08:45,85419,pairwise,VerletClusterLists,1.000000,vcl_c06,none,SoA,disabled,19636733,8458065,8679996,8539727,8718675,8556100,8550548,8306403,8852633,8611197,9691007,9691007,10
2025-10-02 15:08:45,85429,pairwise,VerletClusterLists,1.000000,vcl_c06,none,SoA,enabled,10633306,5449667,5001671,4758749,4763996,5270684,4894051,4697979,4743404,5181530,5539503,5539503,10
2025-10-02 15:08:46,85439,pairwise,VerletClusterLists,1.000000,vcl_sliced,none,AoS,disabled,35439620,20628903,23705852,20535876,23706813,23719827,23706278,23773067,23699391,23737192,24265281,24265281,10
2025-10-02 15:08:46,85449,pairwise,VerletClusterLists,1.000000,vcl_sliced,none,AoS,enabled,18138764,11399588,11385101,12733647,11375350,11346412,12716908,12777594,11343525,12743626,12596051,12596051,10
2025-10-02 15:08:46,85459,pairwise,VerletClusterLists,1.000000,vcl_sliced,none,SoA,disabled,20838223,8250243,7370659,8224165,7387630,8225115,8220627,8214076,7970722,9455616,9415707,9415707,10
2025-10-02 15:08:46,85469,pairwise,VerletClusterLists,1.000000,vcl_sliced,none,SoA,enabled,11585401,4599783,4578438,5218971,4603507,4587090,4595007,4601708,4597799,4390315,5335801,5335801,10
2025-10-02 15:08:46,85479,pairwise,VerletClusterLists,1.000000,vcl_sliced_balanced,none,AoS,disabled,37250330,25014255,25090468,25095327,25030212,24978554,25032038,25043541,25010767,25235241,26278072,26278072,10
2025-10-02 15:08:46,85489,pairwise,VerletClusterLists,1.000000,vcl_sliced_balanced,none,AoS,enabled,20171920,13524993,13502896,13526338,14142446,14138185,13524064,13509495,13507789,13506469,14305459,14305459,10
2025-10-02 15:08:46,85499,pairwise,VerletClusterLists,1.000000,vcl_sliced_balanced,none,SoA,disabled,20309510,8297989,8303139,8300171,8282709,8296556,8294219,8293226,8295600,8297855,9497097,9497097,10
2025-10-02 15:08:46,85509,pairwise,VerletClusterLists,1.000000,vcl_sliced_balanced,none,SoA,enabled,11373582,4582460,4583321,4591109,4590040,4579956,4577677,4565537,4580174,4599926,5262377,5262377,10
2025-10-02 15:08:47,85519,pairwise,VerletClusterLists,1.000000,vcl_sliced_balanced,neighbor-list-length,AoS,disabled,39499014,24986400,24998271,24961579,25060873,25388301,25039296,25021425,25009320,25114247,26507872,26507872,10
2025-10-02 15:08:47,85529,pairwise,VerletClusterLists,1.000000,vcl_sliced_balanced,neighbor-list-length,AoS,enabled,20328910,13546708,13504934,13528484,13544094,13549498,13525936,13562195,13512167,14143420,14274634,14274634,10
2025-10-02 15:08:47,85539,pairwise,VerletClusterLists,1.000000,vcl_sliced_balanced,neighbor-list-length,SoA,disabled,20588894,8319259,8328784,8309848,8292328,8297051,9274834,8285151,8315759,9296288,9730818,9730818,10
2025-10-02 15:08:47,85549,pairwise,VerletClusterLists,1.000000,vcl_sliced_balanced,neighbor-list-length,SoA,enabled,10761170,5072445,5063214,5052057,4576649,4573426,4582376,4568417,4565084,4573465,5338830,5338830,10
2025-10-02 15:08:47,85559,pairwise,VerletClusterLists,1.000000,vcl_sliced_c02,none,AoS,disabled,38871982,24715798,24825824,24921861,24975693,24799717,24798191,24894815,24826469,24842333,26247268,26247268,10
2025-10-02 15:08:47,85569,pairwise,VerletClusterLists,1.000000,vcl_sliced_c02,none,AoS,enabled,18923579,12570263,14350418,12703957,13366944,13233285,12674123,13419865,12575998,13283497,13710192,13710192,10
2025-10-02 15:08:48,85579,pairwise,VerletClusterLists,1.000000,vcl_sliced_c02,none,SoA,disabled,20798809,8792482,8731858,8881283,8831635,9804702,8780254,8722430,8743230,8717820,10080449,10080449,10
2025-10-02 15:08:48,85589,pairwise,VerletClusterLists,1.000000,vcl_sliced_c02,none,SoA,enabled,10848215,4547516,4557159,5051401,4552341,4556388,4392104,4379709,4473437,4630540,5198880,5198880,10
2025-10-02 15:08:48,85599,pairwise,VerletLists,1.000000,vl_list_iteration,none,AoS,disabled,10161625,1163557,1144811,1149666,1143482,1144865,1149644,1142665,1136850,1173291,2051045,2051045,10
2025-10-02 15:08:48,85609,pairwise,VerletLists,1.000000,vl_list_iteration,none,SoA,disabled,29993849,2803844,2676447,2616306,2608351,2606173,2595784,2599725,2593526,2590531,5368453,5368453,10
2025-10-02 15:08:48,85619,pairwise,VerletListsCells,1.000000,vlc_c01,none,AoS,disabled,27166031,2245364,2216874,2252642,2228185,2200068,2189439,2192833,2191392,2200866,4708368,4708368,10
2025-10-02 15:08:48,85629,pairwise,VerletListsCells,1.000000,vlc_c01,none,SoA,disabled,48125629,4197221,3959185,3898334,3848768,3829585,3825251,3807998,3808289,3795677,8309593,8309593,10
2025-10-02 15:08:48,85639,pairwise,VerletListsCells,1.000000,vlc_c18,none,AoS,disabled,18645794,2381603,2363465,2374791,2361299,2372501,2371193,2374092,2372298,2362495,3997952,3997952,10
2025-10-02 15:08:48,85649,pairwise,VerletListsCells,1.000000,vlc_c18,none,AoS,enabled,16918983,2155182,2147832,2149192,2150975,2183722,2148565,2146690,2140791,2143716,3628564,3628564,10
2025-10-02 15:08:48,85659,pairwise,VerletListsCells,1.000000,vlc_c18,none,SoA,disabled,54836510,4814796,4589789,4547226,4496085,4452046,4450093,4415575,4476479,4508557,9558715,9558715,10
2025-10-02 15:08:48,85669,pairwise,VerletListsCells,1.000000,vlc_c18,none,SoA,enabled,39319899,4398815,4181354,4128985,4135346,4208440,4104851,4112639,4077056,4102870,7677024,7677024,10
2025-10-02 15:08:48,85679,pairwise,VerletListsCells,1.000000,vlc_c08,none,AoS,disabled,14182258,2189111,2242183,2177550,2179503,2182669,2176348,2179114,2193267,2176446,3387844,3387844,10
2025-10-02 15:08:48,85689,pairwise,VerletListsCells,1.000000,vlc_c08,none,AoS,enabled,13764245,1980793,1966684,1972314,1964499,1965985,1966556,1963033,1963828,1962467,3147040,3147040,10
2025-10-02 15:08:48,85699,pairwise,VerletListsCells,1.000000,vlc_c08,none,SoA,disabled,48242659,4577855,4358492,4279435,4272528,4294588,4230989,4245563,4236553,4235398,8697406,8697406,10
2025-10-02 15:08:48,85709,pairwise,VerletListsCells,1.000000,vlc_c08,none,SoA,enabled,38646159,4223168,4064469,4026665,4029582,4023859,4027045,4068328,4023927,3997505,7513070,7513070,10
2025-10-02 15:08:48,85719,pairwise,VerletListsCells,1.000000,vlc_sliced,none,AoS,disabled,20867779,4371010,4270544,4175805,4228164,4221314,4217790,4224681,4211489,4208665,5899723,5899723,10
2025-10-02 15:08:48,85729,pairwise,VerletListsCells,1.000000,vlc_sliced,none,AoS,enabled,17372792,2152051,2009061,2121121,2115280,2114459,2100562,2113823,2090395,2108645,3629818,3629818,10
2025-10-02 15:08:49,85739,pairwise,VerletListsCells,1.000000,vlc_sliced,none,SoA,disabled,58119139,6657102,6587659,6533926,6365908,6450990,6364814,6449590,6345973,6392084,11626718,11626718,10
2025-10-02 15:08:49,85749,pairwise,VerletListsCells,1.000000,vlc_sliced,none,SoA,enabled,39682007,4229623,4235947,3868616,4201928,3946868,4068960,4076211,4192683,4001434,7650427,7650427,10
2025-10-02 15:08:49,85759,pairwise,VerletListsCells,1.000000,vlc_sliced_balanced,none,AoS,disabled,20725238,4291005,4234642,4215472,4205996,4201467,4182943,4196924,4210964,4191050,5865569,5865569,10
2025-10-02 15:08:49,85769,pairwise,VerletListsCells,1.000000,vlc_sliced_balanced,none,AoS,enabled,17018876,2156307,2107961,2108635,2102979,2104696,2099511,2102420,2100647,2096321,3599834,3599834,10
2025-10-02 15:08:49,85779,pairwise,VerletListsCells,1.000000,vlc_sliced_balanced,none,SoA,disabled,57807129,6646838,6508480,6452208,6422652,6405214,6393560,6328178,6296929,6281418,11554260,11554260,10
2025-10-02 15:08:49,85789,pairwise,VerletListsCells,1.000000,vlc_sliced_balanced,none,SoA,enabled,40907270,4266162,4167439,4042825,4029842,3991535,3998971,3918192,3964639,3942472,7722934,7722934,10
2025-10-02 15:08:49,85799,pairwise,VerletListsCells,1.000000,vlc_sliced_balanced,squared-particles-per-cell,AoS,disabled,20386463,4479845,4411855,4382927,4337215,4333939,4343784,4339791,4328402,4322448,5966666,5966666,10
2025-10-02 15:08:49,85809,pairwise,VerletListsCells,1.000000,vlc_sliced_balanced,squared-particles-per-cell,AoS,enabled,17224945,2288965,2211958,2202542,2195111,2183101,2183596,2177969,2185092,2171318,3702459,3702459,10
2025-10-02 15:08:49,85819,pairwise,VerletListsCells,1.000000,vlc_sliced_balanced,squared-particles-per-cell,SoA,disabled,57296532,6479261,6368842,6325072,6427514,6435420,6450939,6421490,6481223,6436651,11512293,11512293,10
2025-10-02 15:08:49,85829,pairwise,VerletListsCells,1.000000,vlc_sliced_balanced,squared-particles-per-cell,SoA,enabled,41111784,4286261,4229474,4140278,4094692,4036357,4106281,4120700,4135168,4106200,7836719,7836719,10
2025-10-02 15:08:49,85839,pairwise,VerletListsCells,1.000000,vlc_sliced_balanced,neighbor-list-length,AoS,disabled,20195519,4352254,4295460,4282944,4292328,4284261,4287232,4279445,4279866,4284058,5883336,5883336,10
2025-10-02 15:08:49,85849,pairwise,VerletListsCells,1.000000,vlc_sliced_balanced,neighbor-list-length,AoS,enabled,17343039,2237939,2176794,2162832,2154356,2156123,2166422,2157752,2166251,2156520,3687802,3687802,10
2025-10-02 15:08:50,85859,pairwise,VerletListsCells,1.000000,vlc_sliced_balanced,neighbor-list-length,SoA,disabled,56878785,6847766,6696961,6621043,6584567,6565214,6568283,6582560,6564482,6519830,11642949,11642949,10
2025-10-02 15:08:50,85869,pairwise,VerletListsCells,1.000000,vlc_sliced_balanced,neighbor-list-length,SoA,enabled,41258730,4485443,4311822,4282149,4247303,4299169,4255545,4263580,4265237,4217384,7988636,7988636,10
2025-10-02 15:08:50,85879,pairwise,VerletListsCells,1.000000,vlc_sliced_c02,none,AoS,disabled,21250881,5344302,5385711,5359938,5039593,5432175,5159568,5321797,5295923,5247391,6883727,6883727,10
2025-10-02 15:08:50,85889,pairwise,VerletListsCells,1.000000,vlc_sliced_c02,none,AoS,enabled,17653947,2639028,2785169,2689446,2739376,2703905,2529467,2721934,2706618,2666001,4183488,4183488,10
2025-10-02 15:08:50,85899,pairwise,VerletListsCells,1.000000,vlc_sliced_c02,none,SoA,disabled,57982044,7970470,7676135,7553991,7659287,7586229,7691380,7735288,7724047,7586324,12716518,12716518,10
2025-10-02 15:08:50,85909,pairwise,VerletListsCells,1.000000,vlc_sliced_c02,none,SoA,enabled,41112762,5027182,4825807,4875592,4762090,4756716,4891331,4730033,4856017,4596547,8443407,8443407,10
2025-10-02 15:08:50,85919,pairwise,PairwiseVerletLists,1.000000,vlp_c01,none,AoS,disabled,24057807,2662796,2645035,2635226,2624333,2630644,2624044,2638723,2635675,2635154,4778943,4778943,10
2025-10-02 15:08:50,85929,pairwise,PairwiseVerletLists,1.000000,vlp_c01,none,SoA,disabled,95086020,5997004,5885700,5823695,5793830,5806135,5816049,5840549,5805380,5805624,14765997,14765997,10
2025-10-02 15:08:50,85939,pairwise,PairwiseVerletLists,1.000000,vlp_c18,none,AoS,disabled,21554078,2883649,2879973,2883665,2874436,2868475,2865791,2865962,2862452,2869935,4740841,4740841,10
2025-10-02 15:08:50,85949,pairwise,PairwiseVerletLists,1.000000,vlp_c18,none,AoS,enabled,22093525,2648829,2568091,2569467,2555586,2571165,2569463,2571889,2568940,2571171,4528811,4528811,10
2025-10-02 15:08:50,85959,pairwise,PairwiseVerletLists,1.000000,vlp_c18,none,SoA,disabled,117494700,6227901,6171965,6172883,6210984,6152244,6172408,6149107,6187194,6186559,17312594,17312594,10
2025-10-02 15:08:51,85969,pairwise,PairwiseVerletLists,1.000000,vlp_c18,none,SoA,enabled,87397847,5700123,5594869,5600225,5586300,5582921,5579747,5603811,5599009,5594112,13783895,13783895,10
2025-10-02 15:08:51,85979,pairwise,PairwiseVerletLists,1.000000,vlp_sliced,none,AoS,disabled,25332620,6080258,5850546,5875935,5922996,5860546,5747359,5830189,5567908,5939895,7800825,7800825,10
2025-10-02 15:08:51,85989,pairwise,PairwiseVerletLists,1.000000,vlp_sliced,none,AoS,enabled,23216670,3202685,3174900,3098105,3171974,3138411,3000822,3174834,3007370,3156549,5134231,5134231,10
2025-10-02 15:08:51,85999,pairwise,PairwiseVerletLists,1.000000,vlp_sliced,none,SoA,disabled,119944567,10240342,10130495,10075669,10092449,10046833,10184488,9828845,9876074,10078116,21049787,21049787,10
2025-10-02 15:08:51,86009,pairwise,PairwiseVerletLists,1.000000,vlp_sliced,none,SoA,enabled,89139519,7268208,7251295,7156001,6962126,7158727,7237949,7207398,7101675,7150714,15363360,15363360,10
2025-10-02 15:08:51,86019,pairwise,PairwiseVerletLists,1.000000,vlp_sliced_balanced,none,AoS,disabled,24963046,5894568,5818609,5791031,5753679,5754570,5749807,5742045,5759736,5743529,7697061,7697061,10
2025-10-02 15:08:51,86029,pairwise,PairwiseVerletLists,1.000000,vlp_sliced_balanced,none,AoS,enabled,23392845,3185167,3164625,3141021,3123960,3117109,3126698,3118942,3108061,3112805,5159123,5159123,10
2025-10-02 15:08:52,86039,pairwise,PairwiseVerletLists,1.000000,vlp_sliced_balanced,none,SoA,disabled,116032037,10318380,10114369,10142768,10125744,10121885,10071783,10137910,10117908,10104072,20728685,20728685,10
2025-10-02 15:08:52,86049,pairwise,PairwiseVerletLists,1.000000,vlp_sliced_balanced,none,SoA,enabled,88903074,7437976,7248121,7274987,7242620,7270610,7227573,7269901,7224872,7293045,15439277,15439277,10
2025-10-02 15:08:52,86059,pairwise,PairwiseVerletLists,1.000000,vlp_sliced_c02,none,AoS,disabled,26333250,7495999,7391366,7366108,7361437,7004769,7261913,7134140,7374211,7240660,9196385,9196385,10
2025-10-02 15:08:52,86069,pairwise,PairwiseVerletLists,1.000000,vlp_sliced_c02,none,AoS,enabled,24113295,3902673,3975299,4011944,3866131,3933774,3726099,3904953,3887210,4001022,5932239,5932239,10
2025-10-02 15:08:52,86079,pairwise,PairwiseVerletLists,1.000000,vlp_sliced_c02,none,SoA,disabled,117980785,12281681,12045270,12089465,12077113,11975109,11939163,11967371,11953292,12120101,22642934,22642934,10
2025-10-02 15:08:52,86089,pairwise,PairwiseVerletLists,1.000000,vlp_sliced_c02,none,SoA,enabled,90060087,8483405,8413305,8585693,8522830,8506882,8635530,8576558,8364355,8468604,16661724,16661724,10
2025-10-02 15:08:52,86099,pairwise,PairwiseVerletLists,1.000000,vlp_c08,none,AoS,disabled,23670991,4693558,4680251,4671645,4669746,4676464,4669561,4670552,4670062,4664421,6573724,6573724,10
2025-10-02 15:08:52,86109,pairwise,PairwiseVerletLists,1.000000,vlp_c08,none,AoS,enabled,23329361,3054197,3026578,3014574,3015308,3005960,3004896,3003792,3009621,3004041,5046832,5046832,10
2025-10-02 15:08:53,86119,pairwise,PairwiseVerletLists,1.000000,vlp_c08,none,SoA,disabled,113668641,8385061,8319829,8335893,8324798,8330216,8324587,8325623,8325532,8309728,18864990,18864990,10
2025-10-02 15:08:53,86129,pairwise,PairwiseVerletLists,1.000000,vlp_c08,none,SoA,enabled,88015174,6483737,6387769,6388998,6384467,6388035,6380342,6377104,6382220,6381137,14556897,14556897,10
2025-10-02 15:11:34,90009,pairwise,LinkedCells,1.000000,lc_c01,none,AoS,disabled,3107067,3059404,3043808,3047332,3050831,3060217,3070412,3123856,3073260,3054343,3069052,3069052,10
2025-10-02 15:11:34,90019,pairwise,LinkedCells,1.000000,lc_c01,none,SoA,disabled,4297712,3578904,3622113,3570195,3568148,3579202,3585884,3589448,3650458,3652718,3669477,3669477,10
2025-10-02 15:11:34,90029,pairwise,LinkedCells,1.000000,lc_c01_combined_SoA,none,SoA,disabled,3358165,3409610,3529159,3491130,3391390,3467311,3507544,3432203,3393913,3363569,3434398,3434398,10
2025-10-02 15:11:34,90039,pairwise,LinkedCells,1.000000,lc_c04,none,AoS,disabled,3690239,3807299,3648270,3588425,3674087,3804629,3851533,3712685,3742685,3650440,3717028,3717028,10
2025-10-02 15:11:34,90049,pairwise,LinkedCells,1.000000,lc_c04,none,AoS,enabled,2713026,2722709,2699411,2776145,2693538,2692532,2725577,2711498,2755919,2702254,2719260,2719260,10
2025-10-02 15:11:34,90059,pairwise,LinkedCells,1.000000,lc_c04,none,SoA,disabled,3482814,3330452,3306906,3318802,3349663,3334075,3319454,3322264,3328117,3312979,3340551,3340551,10
2025-10-02 15:11:34,90069,pairwise,LinkedCells,1.000000,lc_c04,none,SoA,enabled,2482604,2435010,2452000,2436204,2424779,2438393,2445025,2431458,2439079,2434972,2441951,2441951,10
2025-10-02 15:11:34,90079,pairwise,LinkedCells,1.000000,lc_c04_HCP,none,AoS,disabled,1801910,1749962,1728961,1742312,1745129,1751053,1764029,1752434,1734582,1754890,1752526,1752526,10
2025-10-02 15:11:34,90089,pairwise,LinkedCells,1.000000,lc_c04_HCP,none,AoS,enabled,1398194,1380719,1381469,1378026,1382358,1368310,1375145,1376981,1381465,1376984,1379964,1379964,10
2025-10-02 15:11:34,90099,pairwise,LinkedCells,1.000000,lc_c04_HCP,none,SoA,disabled,3015702,2928565,2924259,2950860,2919914,2942925,2918587,2902594,2917043,2934670,2935511,2935511,10
2025-10-02 15:11:34,90109,pairwise,LinkedCells,1.000000,lc_c04_HCP,none,SoA,enabled,2695306,2637987,2663001,2706406,2666660,2671246,2679758,2685861,2668077,2635740,2671004,2671004,10
2025-10-02 15:11:34,90119,pairwise,LinkedCells,1.000000,lc_c04_combined_SoA,none,SoA,disabled,3622272,3575271,3517467,3554417,3583128,3579427,3546972,3539561,3521885,3560283,3560067,3560067,10
2025-10-02 15:11:34,90129,pairwise,LinkedCells,1.000000,lc_c04_combined_SoA,none,SoA,enabled,3242618,3170804,3248902,3222147,3227362,3238620,3243820,3197637,3200291,3250262,3224246,3224246,10
2025-10-02 15:11:34,90139,pairwise,LinkedCells,1.000000,lc_c08,none,AoS,disabled,2660610,2611844,2606939,2607211,2611668,2609639,2605582,2603787,2624101,2614505,2615588,2615588,10
2025-10-02 15:11:34,90149,pairwise,LinkedCells,1.000000,lc_c08,none,AoS,enabled,2428134,2391366,2370662,2379372,2383829,2433100,2437754,2398940,2408080,2400157,2403139,2403139,10
2025-10-02 15:11:34,90159,pairwise,LinkedCells,1.000000,lc_c08,none,SoA,disabled,4140365,4037208,4058433,4058860,4048263,4037832,4078247,4028330,4054542,4042558,4058463,4058463,10
2025-10-02 15:11:34,90169,pairwise,LinkedCells,1.000000,lc_c08,none,SoA,enabled,3840063,3688768,3701773,3696604,3727379,3674590,3692839,3673934,3731388,3696585,3712391,3712391,10
2025-10-02 15:11:34,90179,pairwise,LinkedCells,1.000000,lc_c18,none,AoS,disabled,2742531,2727919,2733683,2729616,2732123,2725340,2720821,2760884,2774155,2749840,2739690,2739690,10
2025-10-02 15:11:34,90189,pairwise,LinkedCells,1.000000,lc_c18,none,AoS,enabled,2501099,2499450,2506668,2557485,2507078,2497555,2511494,2482318,2564270,2553389,2518080,2518080,10
2025-10-02 15:11:34,90199,pairwise,LinkedCells,1.000000,lc_c18,none,SoA,disabled,3481350,3400187,3396063,3434274,3368188,3370493,3363347,3365041,3389070,3369541,3393754,3393754,10
2025-10-02 15:11:34,90209,pairwise,LinkedCells,1.000000,lc_c18,none,SoA,enabled,3185290,3195101,3143073,3155035,3142664,3141116,3141792,3141319,3141337,3196991,3158371,3158371,10
2025-10-02 15:11:34,90219,pairwise,LinkedCells,1.000000,lc_sliced,none,AoS,disabled,5493930,5635494,5634487,5189225,5559358,5556302,5554448,5422371,5622721,5554578,5522290,5522290,10
2025-10-02 15:11:34,90229,pairwise,LinkedCells,1.000000,lc_sliced,none,AoS,enabled,4058421,4106156,4052716,4092760,4053555,4085487,3986998,3561521,4008216,4107854,4011368,4011368,10
2025-10-02 15:11:34,90239,pairwise,LinkedCells,1.000000,lc_sliced,none,SoA,disabled,4790744,4650965,4661122,4619030,4645333,4652750,4795334,4628906,4673063,4318206,4643544,4643544,10
2025-10-02 15:11:34,90249,pairwise,LinkedCells,1.000000,lc_sliced,none,SoA,enabled,3254097,3191390,3098529,3144569,3214692,3189424,3163815,3157382,3024783,3182423,3162109,3162109,10
2025-10-02 15:11:34,90259,pairwise,LinkedCells,1.000000,lc_sliced_balanced,none,AoS,disabled,5645255,5618419,5614780,5605121,5609745,5608541,5603883,5612491,5612734,5608983,5613994,5613994,10
2025-10-02 15:11:35,90269,pairwise,LinkedCells,1.000000,lc_sliced_balanced,none,AoS,enabled,4103088,4083034,4077536,4082844,4084228,4073228,4072144,4076744,4078731,4089746,4082131,4082131,10
2025-10-02 15:11:35,90279,pairwise,LinkedCells,1.000000,lc_sliced_balanced,none,SoA,disabled,4780429,4658517,4642136,4631100,4634765,4647103,4617547,4637077,4613179,4614286,4647613,4647613,10
2025-10-02 15:11:35,90289,pairwise,LinkedCells,1.000000,lc_sliced_balanced,none,SoA,enabled,3250875,3156552,3209352,3235501,3179129,3191285,3178974,3146125,3178821,3131638,3185824,3185824,10
2025-10-02 15:11:35,90299,pairwise,LinkedCells,1.000000,lc_sliced_balanced,squared-particles-per-cell,AoS,disabled,5848161,5663800,5603241,5595768,5589626,5593391,5586278,5591951,5596441,5593857,5626250,5626250,10
2025-10-02 15:11:35,90309,pairwise,LinkedCells,1.000000,lc_sliced_balanced,squared-particles-per-cell,AoS,enabled,4113509,4084572,4073962,4067073,4067959,4068367,4069040,4083159,4074505,4069707,4077185,4077185,10
2025-10-02 15:11:35,90319,pairwise,LinkedCells,1.000000,lc_sliced_balanced,squared-particles-per-cell,SoA,disabled,9504666,8609616,8627465,8546891,8634977,8549073,8581478,8582942,8578599,8597041,8681274,8681274,10
2025-10-02 15:11:35,90329,pairwise,LinkedCells,1.000000,lc_sliced_balanced,squared-particles-per-cell,SoA,enabled,8351747,8244612,8276850,8244907,8211711,8196153,8207948,8239516,8186780,8206010,8236622,8236622,10
2025-10-02 15:11:35,90339,pairwise,LinkedCells,1.000000,lc_sliced_c02,none,AoS,disabled,5837249,5648351,5187892,5603599,5471186,5631787,5634060,5517173,5592410,5231690,5535539,5535539,10
2025-10-02 15:11:35,90349,pairwise,LinkedCells,1.000000,lc_sliced_c02,none,AoS,enabled,4125137,4075738,3984525,4093614,4098418,4034900,4039305,3798861,3823161,3792066,3986572,3986572,10
2025-10-02 15:11:35,90359,pairwise,LinkedCells,1.000000,lc_sliced_c02,none,SoA,disabled,5584628,4784444,4697609,4574510,4578530,4545751,4615628,4710227,4721027,4649262,4746161,4746161,10
2025-10-02 15:11:35,90369,pairwise,LinkedCells,1.000000,lc_sliced_c02,none,SoA,enabled,3257369,3049890,3163380,3120517,3175020,3456911,3175424,3209655,3219993,3158319,3198647,3198647,10
2025-10-02 15:11:35,90379,pairwise,VerletClusterLists,1.000000,vcl_c01_balanced,none,AoS,disabled,16885604,3278102,3280795,3290329,3308541,3305220,3290463,3305394,3283514,3281355,4650931,4650931,10
2025-10-02 15:11:35,90389,pairwise,VerletClusterLists,1.000000,vcl_c01_balanced,none,SoA,disabled,12986629,1274723,1258715,1271815,1265486,1265662,1252451,1262067,1258072,1260175,2435578,2435578,10
2025-10-02 15:11:35,90399,pairwise,VerletClusterLists,1.000000,vcl_c06,none,AoS,disabled,32301701,22357987,21600704,22172101,22530322,21564367,22700730,21569984,23955646,22962771,23371631,23371631,10
2025-10-02 15:11:36,90409,pairwise,VerletClusterLists,1.000000,vcl_c06,none,AoS,enabled,17394464,11095212,11020085,11054418,11120579,11783572,11181727,10928218,10884182,11084349,11754680,11754680,10
2025-10-02 15:11:36,90419,pairwise,VerletClusterLists,1.000000,vcl_c06,none,SoA,disabled,20386262,9135801,8828110,8647985,8641708,8809550,8710976,8640465,8670586,8913084,9938452,9938452,10
2025-10-02 15:11:36,90429,pairwise,VerletClusterLists,1.000000,vcl_c06,none,SoA,enabled,11145300,4962427,4828676,5030486,5066458,5273745,4864571,5001276,5249129,4980602,5640266,5640266,10
2025-10-02 15:11:36,90439,pairwise,VerletClusterLists,1.000000,vcl_sliced,none,AoS,disabled,33056068,30953679,20006198,21736005,21826268,21864622,19929923,21780694,19837934,19853199,23084458,23084458,10
2025-10-02 15:11:36,90449,pairwise,VerletClusterLists,1.000000,vcl_sliced,none,AoS,enabled,16754792,11036618,11740663,11755903,11026888,11038152,11755353,11776982,11754449,11052255,11969204,11969204,10
2025-10-02 15:11:36,90459,pairwise,VerletClusterLists,1.000000,vcl_sliced,none,SoA,disabled,18688088,7749358,7693765,7771463,7246746,7763249,7249394,7757175,7742922,7238201,8690035,8690035,10
2025-10-02 15:11:36,90469,pairwise,VerletClusterLists,1.000000,vcl_sliced,none,SoA,enabled,10219721,4289403,4274933,4288194,4367821,4363241,4363397,4354637,4359782,4384274,4926540,4926540,10
2025-10-02 15:11:36,90479,pairwise,VerletClusterLists,1.000000,vcl_sliced_balanced,none,AoS,disabled,34376898,22972291,22954086,22962060,23051113,23062252,22961791,22954798,22937969,22916774,24115002,24115002,10
2025-10-02 15:11:37,90489,pairwise,VerletClusterLists,1.000000,vcl_sliced_balanced,none,AoS,enabled,18056965,12415282,12419452,12475426,12469735,12433953,12438028,12417934,12421355,12744443,13029257,13029257,10
2025-10-02 15:11:37,90499,pairwise,VerletClusterLists,1.000000,vcl_sliced_balanced,none,SoA,disabled,19380000,7928035,7929546,7938430,7942288,7933099,7940243,8516275,7928643,7926071,9136263,9136263,10
2025-10-02 15:11:37,90509,pairwise,VerletClusterLists,1.000000,vcl_sliced_balanced,none,SoA,enabled,10177170,4362823,4369503,4606501,4373444,4372608,4362610,4359715,4377151,4349296,4971081,4971081,10
2025-10-02 15:11:37,90519,pairwise,VerletClusterLists,1.000000,vcl_sliced_balanced,neighbor-list-length,AoS,disabled,34763989,23153454,23037422,22988643,22980693,22960028,23084520,23004209,23088446,23093524,24215492,24215492,10
2025-10-02 15:11:37,90529,pairwise,VerletClusterLists,1.000000,vcl_sliced_balanced,neighbor-list-length,AoS,enabled,18208256,12482871,12422847,12769841,12466971,12439275,12442080,12779433,12450125,12434661,13089635,13089635,10
2025-10-02 15:11:37,90539,pairwise,VerletClusterLists,1.000000,vcl_sliced_balanced,neighbor-list-length,SoA,disabled,19210864,7924136,7919398,8496781,7904303,7915948,7944141,7921067,7934444,7943345,9111442,9111442,10
2025-10-02 15:11:37,90549,pairwise,VerletClusterLists,1.000000,vcl_sliced_balanced,neighbor-list-length,SoA,enabled,10106664,4611389,4612246,4365344,4362421,4371248,4359371,4356417,4364780,4353656,4986353,4986353,10
2025-10-02 15:11:38,90559,pairwise,VerletClusterLists,1.000000,vcl_sliced_c02,none,AoS,disabled,39691607,26841668,28676863,28680182,28691989,28863687,28645302,28650846,26796077,26836083,29237430,29237430,10
2025-10-02 15:11:38,90569,pairwise,VerletClusterLists,1.000000,vcl_sliced_c02,none,AoS,enabled,20178562,14275177,15322908,15309680,14277357,14251227,15277237,15294385,14233430,14237841,15265779,15265779,10
2025-10-02 15:11:38,90579,pairwise,VerletClusterLists,1.000000,vcl_sliced_c02,none,SoA,disabled,19716336,9649064,9606794,9699950,9914943,9611736,9622678,9972359,9955916,9634725,10738449,10738449,10
2025-10-02 15:11:38,90589,pairwise,VerletClusterLists,1.000000,vcl_sliced_c02,none,SoA,enabled,10861736,5067818,5353384,5364603,5529222,5067151,5555515,5011168,5019149,5325391,5815513,5815513,10
2025-10-02 15:11:38,90599,pairwise,VerletLists,1.000000,vl_list_iteration,none,AoS,disabled,9211109,994956,982011,981630,978303,978639,976754,980098,975908,979535,1803893,1803893,10
2025-10-02 15:11:38,90609,pairwise,VerletLists,1.000000,vl_list_iteration,none,SoA,disabled,24703108,2598186,2483310,2444222,2441767,2442121,2370706,2403777,2397322,2393755,4667827,4667827,10
2025-10-02 15:11:38,90619,pairwise,VerletListsCells,1.000000,vlc_c01,none,AoS,disabled,26253839,2050552,2041255,2034343,2035993,2037723,2029539,2036036,2037089,2037017,4459338,4459338,10
2025-10-02 15:11:38,90629,pairwise,VerletListsCells,1.000000,vlc_c01,none,SoA,disabled,43376697,3898022,3721466,3645146,3602953,3635405,3613859,3588024,3586311,3587714,7625559,7625559,10
2025-10-02 15:11:38,90639,pairwise,VerletListsCells,1.000000,vlc_c18,none,AoS,disabled,17851605,2258254,2245596,2247766,2254969,2247363,2247627,2250998,2239002,2252051,3809522,3809522,10
2025-10-02 15:11:38,90649,pairwise,VerletListsCells,1.000000,vlc_c18,none,AoS,enabled,16359926,2078349,2078563,2075220,2075941,2076963,2082427,2075593,2080485,2077309,3506077,3506077,10
2025-10-02 15:11:38,90659,pairwise,VerletListsCells,1.000000,vlc_c18,none,SoA,disabled,47059682,4483322,4310119,4254365,4201079,4200028,4208253,4198988,4183748,4159816,8525939,8525939,10
2025-10-02 15:11:38,90669,pairwise,VerletListsCells,1.000000,vlc_c18,none,SoA,enabled,34409896,4132636,3961755,3950149,3934801,3912251,3925483,3906327,3912619,4005212,7005112,7005112,10
2025-10-02 15:11:38,90679,pairwise,VerletListsCells,1.000000,vlc_c08,none,AoS,disabled,13464209,2083634,2071995,2070087,2077271,2075542,2067710,2064195,2069778,2077377,3212179,3212179,10
2025-10-02 15:11:38,90689,pairwise,VerletListsCells,1.000000,vlc_c08,none,AoS,enabled,13097701,1907154,1900547,1902656,1896610,1900077,1896539,1905863,1900381,1901127,3020865,3020865,10
2025-10-02 15:11:39,90699,pairwise,VerletListsCells,1.000000,vlc_c08,none,SoA,disabled,40637388,4243426,4047920,4009871,4023815,4057153,3976363,4001682,4007847,4003792,7700925,7700925,10
2025-10-02 15:11:39,90709,pairwise,VerletListsCells,1.000000,vlc_c08,none,SoA,enabled,33315488,3980688,3850502,3839152,3824034,3817967,3814483,3810790,3817854,3811873,6788282,6788282,10
2025-10-02 15:11:39,90719,pairwise,VerletListsCells,1.000000,vlc_sliced,none,AoS,disabled,19898623,4048641,3983322,3977464,3942705,3961595,3975749,3944513,3948867,3962264,5564374,5564374,10
2025-10-02 15:11:39,90729,pairwise,VerletListsCells,1.000000,vlc_sliced,none,AoS,enabled,16660066,2069480,1999794,2016272,2002640,1998391,1870179,1993363,1902021,1979934,3449213,3449213,10
2025-10-02 15:11:39,90739,pairwise,VerletListsCells,1.000000,vlc_sliced,none,SoA,disabled,48861689,6213790,6064725,6053296,6069928,5995265,5947921,5941479,5724474,5989346,10286190,10286190,10
2025-10-02 15:11:39,90749,pairwise,VerletListsCells,1.000000,vlc_sliced,none,SoA,enabled,34241376,3968776,3934658,3883481,3946036,3906742,3838767,3838044,3725283,3630861,6891402,6891402,10
2025-10-02 15:11:39,90759,pairwise,VerletListsCells,1.000000,vlc_sliced_balanced,none,AoS,disabled,19715580,4026209,3967367,3973585,3972706,3974083,3965730,3963185,3962382,3963921,5548474,5548474,10
2025-10-02 15:11:39,90769,pairwise,VerletListsCells,1.000000,vlc_sliced_balanced,none,AoS,enabled,16412957,2030814,1998407,1997585,1997066,2002082,2002898,1991688,1991521,1996888,3442190,3442190,10
2025-10-02 15:11:39,90779,pairwise,VerletListsCells,1.000000,vlc_sliced_balanced,none,SoA,disabled,48518066,6309754,6015514,6039790,5984126,5897068,5997592,6007838,5937439,5938491,10264567,10264567,10
2025-10-02 15:11:39,90789,pairwise,VerletListsCells,1.000000,vlc_sliced_balanced,none,SoA,enabled,34732802,4046535,3913227,3754813,3862182,3855312,3882087,3856543,3867898,3853577,6962497,6962497,10
2025-10-02 15:11:39,90799,pairwise,VerletListsCells,1.000000,vlc_sliced_balanced,squared-particles-per-cell,AoS,disabled,19204826,4163661,4081319,4050041,4039315,4028335,4034466,4035473,4032684,4049028,5571914,5571914,10
2025-10-02 15:11:39,90809,pairwise,VerletListsCells,1.000000,vlc_sliced_balanced,squared-particles-per-cell,AoS,enabled,16522852,2125286,2076053,2056874,2044562,2049427,2053913,2050756,2045480,2043975,3506917,3506917,10
2025-10-02 15:11:39,90819,pairwise,VerletListsCells,1.000000,vlc_sliced_balanced,squared-particles-per-cell,SoA,disabled,48619849,6314806,6190125,6139515,6105806,6078537,6069640,6092817,6031742,6062501,10370533,10370533,10
2025-10-02 15:11:40,90829,pairwise,VerletListsCells,1.000000,vlc_sliced_balanced,squared-particles-per-cell,SoA,enabled,35950428,3974973,3884312,3837979,3857776,3918275,3785525,3951162,4010570,4061757,7123275,7123275,10
2025-10-02 15:11:40,90839,pairwise,VerletListsCells,1.000000,vlc_sliced_balanced,neighbor-list-length,AoS,disabled,19189795,4094607,4046341,4028589,4027841,4024165,4048798,4036988,4046673,4062687,5560647,5560647,10
2025-10-02 15:11:40,90849,pairwise,VerletListsCells,1.000000,vlc_sliced_balanced,neighbor-list-length,AoS,enabled,16697518,2089188,2050579,2049334,2044985,2042491,2047855,2044324,2044712,2038131,3514911,3514911,10
2025-10-02 15:11:40,90859,pairwise,VerletListsCells,1.000000,vlc_sliced_balanced,neighbor-list-length,SoA,disabled,50104183,6354535,6204236,6243156,6073305,5863278,5847244,5976684,5853664,6106739,10462702,10462702,10
2025-10-02 15:11:40,90869,pairwise,VerletListsCells,1.000000,vlc_sliced_balanced,neighbor-list-length,SoA,enabled,35815316,4184411,4083578,4042919,4017978,4008536,3999679,4018075,4011736,3947827,7213005,7213005,10
2025-10-02 15:11:40,90879,pairwise,VerletListsCells,1.000000,vlc_sliced_c02,none,AoS,disabled,20097333,5120094,5128757,4795228,4630569,4762253,4737405,5056505,5000267,4886751,6421516,6421516,10
2025-10-02 15:11:40,90889,pairwise,VerletListsCells,1.000000,vlc_sliced_c02,none,AoS,enabled,17075866,2512013,2471584,2499529,2493620,2620602,2512215,2635509,2506531,2576033,3990350,3990350,10
2025-10-02 15:11:40,90899,pairwise,VerletListsCells,1.000000,vlc_sliced_c02,none,SoA,disabled,49942076,7338894,7187354,7115996,7233767,6938221,6946358,6891214,7121998,6925334,11364120,11364120,10
2025-10-02 15:11:40,90909,pairwise,VerletListsCells,1.000000,vlc_sliced_c02,none,SoA,enabled,36325114,4801318,4631780,4569808,4635564,4585064,4596911,4534235,4369251,4629271,7767831,7767831,10
2025-10-02 15:11:40,90919,pairwise,PairwiseVerletLists,1.000000,vlp_c01,none,AoS,disabled,22945723,2452272,2443909,2438782,2436542,2439605,2432244,2440580,2441931,2424686,4489627,4489627,10
2025-10-02 15:11:40,90929,pairwise,PairwiseVerletLists,1.000000,vlp_c01,none,SoA,disabled,79317925,5539564,5274645,5276104,5238809,5260945,5217963,5240341,5230378,5212436,12680910,12680910,10
2025-10-02 15:11:40,90939,pairwise,PairwiseVerletLists,1.000000,vlp_c18,none,AoS,disabled,20236388,2715135,2703596,2707258,2692892,2700538,2704492,2693150,2687417,2687163,4452802,4452802,10
2025-10-02 15:11:40,90949,pairwise,PairwiseVerletLists,1.000000,vlp_c18,none,AoS,enabled,20606753,2485688,2472258,2478364,2468213,2474880,2464781,2472206,2481515,2458937,4286359,4286359,10
2025-10-02 15:11:41,90959,pairwise,PairwiseVerletLists,1.000000,vlp_c18,none,SoA,disabled,97034024,5832677,5741020,5721701,5726726,5722125,5712602,5741578,5709113,5744678,14868623,14868623,10
2025-10-02 15:11:41,90969,pairwise,PairwiseVerletLists,1.000000,vlp_c18,none,SoA,enabled,74885442,5412354,5250111,5264570,5248863,5240414,5235150,5230971,5242547,5243229,12225364,12225364,10
2025-10-02 15:11:41,90979,pairwise,PairwiseVerletLists,1.000000,vlp_sliced,none,AoS,disabled,23142048,5404774,5349468,5323566,5273625,5358203,4801520,5018072,5226252,5306892,7020441,7020441,10
2025-10-02 15:11:41,90989,pairwise,PairwiseVerletLists,1.000000,vlp_sliced,none,AoS,enabled,21731238,2845664,2979701,2828793,2987678,2960714,2974770,2803030,2790466,2755016,4765707,4765707,10
2025-10-02 15:11:41,90999,pairwise,PairwiseVerletLists,1.000000,vlp_sliced,none,SoA,disabled,97341260,9414225,9447955,9425999,9340348,9311433,9368663,9502004,9482232,9202410,18183652,18183652,10
2025-10-02 15:11:41,91009,pairwise,PairwiseVerletLists,1.000000,vlp_sliced,none,SoA,enabled,76654324,6955261,6764660,6769412,6776497,6791616,6829912,6760350,6864922,6806658,13797361,13797361,10
2025-10-02 15:11:41,91019,pairwise,PairwiseVerletLists,1.000000,vlp_sliced_balanced,none,AoS,disabled,23377778,5404627,5322000,5300589,5289340,5307333,5304902,5281102,5261658,5268943,7111826,7111826,10
2025-10-02 15:11:41,91029,pairwise,PairwiseVerletLists,1.000000,vlp_sliced_balanced,none,AoS,enabled,21651059,3025255,2989031,2989728,2974960,2956507,2971737,2974957,2947211,2945066,4842551,4842551,10
2025-10-02 15:11:42,91039,pairwise,PairwiseVerletLists,1.000000,vlp_sliced_balanced,none,SoA,disabled,96763401,9633285,9483693,9489516,9402751,9430063,9425814,9471965,9469268,9432175,18200192,18200192,10
2025-10-02 15:11:42,91049,pairwise,PairwiseVerletLists,1.000000,vlp_sliced_balanced,none,SoA,enabled,77166687,6947725,6774794,6774254,6718344,6846325,6742445,6804636,6778887,6786531,13834062,13834062,10
2025-10-02 15:11:42,91059,pairwise,PairwiseVerletLists,1.000000,vlp_sliced_c02,none,AoS,disabled,24731090,6799370,6975896,6852212,6897442,6837603,6798612,6754031,6862407,6510609,8601927,8601927,10
2025-10-02 15:11:42,91069,pairwise,PairwiseVerletLists,1.000000,vlp_sliced_c02,none,AoS,enabled,22205567,3717376,3586195,3793179,3731271,3649620,3621649,3555295,3726215,3669297,5525566,5525566,10
2025-10-02 15:11:42,91079,pairwise,PairwiseVerletLists,1.000000,vlp_sliced_c02,none,SoA,disabled,100208248,11415668,11060686,11170701,11168988,10903526,11259275,11235697,11138096,11063196,20062407,20062407,10
2025-10-02 15:11:42,91089,pairwise,PairwiseVerletLists,1.000000,vlp_sliced_c02,none,SoA,enabled,76994665,8115873,8081446,7903904,7640063,7734123,7748389,8030329,7839378,8014552,14810272,14810272,10
2025-10-02 15:11:42,91099,pairwise,PairwiseVerletLists,1.000000,vlp_c08,none,AoS,disabled,22174064,4386293,4368969,4369740,4365070,4365945,4360988,4362308,4365264,4364868,6148350,6148350,10
2025-10-02 15:11:42,91109,pairwise,PairwiseVerletLists,1.000000,vlp_c08,none,AoS,enabled,21453712,2902756,2865817,2862637,2863336,2859794,2865664,2856734,2862603,2853570,4724662,4724662,10
2025-10-02 15:11:42,91119,pairwise,PairwiseVerletLists,1.000000,vlp_c08,none,SoA,disabled,94936175,7967340,7918151,7907066,7911968,7899371,7903477,7905123,7913686,7916129,16617848,16617848,10
2025-10-02 15:11:43,91129,pairwise,PairwiseVerletLists,1.000000,vlp_c08,none,SoA,enabled,75330768,6159574,6008031,6016654,6024642,5988786,5997091,6012354,6005838,5991842,12953557,12953557,10
2025-10-02 15:14:04,95009,pairwise,LinkedCells,1.000000,lc_c01,none,AoS,disabled,2509030,2468058,2463728,2478991,2470563,2468201,2502044,2491721,2488921,2480291,2482154,2482154,10
2025-10-02 15:14:04,95019,pairwise,LinkedCells,1.000000,lc_c01,none,SoA,disabled,3895571,3309300,3274288,3258459,3274963,3244964,3248982,3294430,3278952,3265143,3334504,3334504,10
2025-10-02 15:14:04,95029,pairwise,LinkedCells,1.000000,lc_c01_combined_SoA,none,SoA,disabled,3128541,3146097,3115404,3099646,3205239,3273109,3230033,3204931,3260326,3209020,3187234,3187234,10
2025-10-02 15:14:04,95039,pairwise,LinkedCells,1.000000,lc_c04,none,AoS,disabled,3398429,3324585,3339531,3314073,3343872,3364545,3282319,3275614,3283375,3275638,3320197,3320197,10
2025-10-02 15:14:04,95049,pairwise,LinkedCells,1.000000,lc_c04,none,AoS,enabled,2498032,2448763,2471293,2448616,2464422,2474444,2474611,2470536,2444415,2463624,2465875,2465875,10
2025-10-02 15:14:04,95059,pairwise,LinkedCells,1.000000,lc_c04,none,SoA,disabled,3180537,3069037,3056595,3077214,3059028,3054306,3040130,3053801,3065430,3061911,3071798,3071798,10
2025-10-02 15:14:04,95069,pairwise,LinkedCells,1.000000,lc_c04,none,SoA,enabled,2366029,2303073,2314907,2310468,2294700,2316027,2288141,2318305,2293994,2279531,2308517,2308517,10
2025-10-02 15:14:04,95079,pairwise,LinkedCells,1.000000,lc_c04_HCP,none,AoS,disabled,1480044,1413421,1398371,1404228,1405098,1414666,1400583,1400520,1405670,1387974,1411057,1411057,10
2025-10-02 15:14:04,95089,pairwise,LinkedCells,1.000000,lc_c04_HCP,none,AoS,enabled,1130871,1125733,1123884,1124440,1117522,1119218,1119423,1130005,1136274,1126107,1125347,1125347,10
2025-10-02 15:14:04,95099,pairwise,LinkedCells,1.000000,lc_c04_HCP,none,SoA,disabled,2694208,2642962,2618477,2652881,2646754,2617102,2610039,2640719,2626564,2613782,2636348,2636348,10
2025-10-02 15:14:04,95109,pairwise,LinkedCells,1.000000,lc_c04_HCP,none,SoA,enabled,2499360,2482092,2479270,2462175,2449809,2476774,2482992,2466330,2447052,2458437,2470428,2470428,10
2025-10-02 15:14:04,95119,pairwise,LinkedCells,1.000000,lc_c04_combined_SoA,none,SoA,disabled,3352014,3281322,3306153,3292234,3274027,3282102,3297304,3274558,3260180,3253511,3287340,3287340,10
2025-10-02 15:14:04,95129,pairwise,LinkedCells,1.000000,lc_c04_combined_SoA,none,SoA,enabled,3051537,2940471,2961433,2979974,2983206,2987907,2969549,2976126,2964387,2959859,2977444,2977444,10
2025-10-02 15:14:05,95139,pairwise,LinkedCells,1.000000,lc_c08,none,AoS,disabled,2411362,2336448,2332411,2336452,2284667,2287593,2267239,2254702,2264373,2317138,2309238,2309238,10
2025-10-02 15:14:05,95149,pairwise,LinkedCells,1.000000,lc_c08,none,AoS,enabled,2204453,2152026,2155594,2145415,2145565,2134183,2148468,2194811,2205104,2204294,2168991,2168991,10
2025-10-02 15:14:05,95159,pairwise,LinkedCells,1.000000,lc_c08,none,SoA,disabled,3767325,3631796,3662741,3670433,3657493,3720626,3762660,3729798,3732076,3732066,3706701,3706701,10
2025-10-02 15:14:05,95169,pairwise,LinkedCells,1.000000,lc_c08,none,SoA,enabled,3611729,3602806,3628308,3611451,3593668,3607218,3575491,3590561,3578458,3612782,3601246,3601246,10
2025-10-02 15:14:05,95179,pairwise,LinkedCells,1.000000,lc_c18,none,AoS,disabled,2441771,2419077,2428421,2411021,2430309,2417059,2416924,2419321,2404359,2408060,2419631,2419631,10
2025-10-02 15:14:05,95189,pairwise,LinkedCells,1.000000,lc_c18,none,AoS,enabled,2296710,2289444,2292274,2293411,2302381,2286492,2285488,2284300,2291837,2285569,2290789,2290789,10
2025-10-02 15:14:05,95199,pairwise,LinkedCells,1.000000,lc_c18,none,SoA,disabled,3196161,3117145,3159725,3159574,3121071,3129322,3107647,3102281,3099453,3104940,3129731,3129731,10
2025-10-02 15:14:05,95209,pairwise,LinkedCells,1.000000,lc_c18,none,SoA,enabled,3033935,2981657,2975468,3013219,2973294,2971629,2977725,2954961,2964193,2953118,2979919,2979919,10
2025-10-02 15:14:05,95219,pairwise,LinkedCells,1.000000,lc_sliced,none,AoS,disabled,3896264,3356012,3534596,3879237,3784205,3606538,3876124,3582173,3855341,3761533,3713202,3713202,10
2025-10-02 15:14:05,95229,pairwise,LinkedCells,1.000000,lc_sliced,none,AoS,enabled,2676571,2660972,2778188,2657665,2775042,2775374,2782364,2771985,2744685,2823054,2744589,2744589,10
2025-10-02 15:14:05,95239,pairwise,LinkedCells,1.000000,lc_sliced,none,SoA,disabled,3830951,3577351,3615957,3601534,3613625,3592485,3585488,3588286,3547276,3607824,3616076,3616076,10
2025-10-02 15:14:05,95249,pairwise,LinkedCells,1.000000,lc_sliced,none,SoA,enabled,2703709,2637998,2579499,2636155,2651720,2671884,2595065,2673519,2674058,2670986,2649458,2649458,10
2025-10-02 15:14:05,95259,pairwise,LinkedCells,1.000000,lc_sliced_balanced,none,AoS,disabled,3891560,3857825,3844620,3856788,3859051,3855620,3841064,3845939,3849865,3858068,3856039,3856039,10
2025-10-02 15:14:05,95269,pairwise,LinkedCells,1.000000,lc_sliced_balanced,none,AoS,enabled,2843843,2828243,2841347,2838593,2834873,2833782,2827103,2837598,2836459,2838767,2836060,2836060,10
2025-10-02 15:14:05,95279,pairwise,LinkedCells,1.000000,lc_sliced_balanced,none,SoA,disabled,3764340,3606812,3606816,3600802,3564504,3567081,3564070,3571231,3564566,3563815,3597403,3597403,10
2025-10-02 15:14:05,95289,pairwise,LinkedCells,1.000000,lc_sliced_balanced,none,SoA,enabled,2751367,2626958,2630025,2639494,2643685,2623479,2634784,2641376,2630527,2624763,2644645,2644645,10
2025-10-02 15:14:05,95299,pairwise,LinkedCells,1.000000,lc_sliced_balanced,squared-particles-per-cell,AoS,disabled,4355208,3899331,3822996,3819941,3815832,3811844,3813345,3809965,3818033,3824320,3879081,3879081,10
2025-10-02 15:14:05,95309,pairwise,LinkedCells,1.000000,lc_sliced_balanced,squared-particles-per-cell,AoS,enabled,3414261,3274222,3255197,3266561,3277657,3269896,3255472,3277274,3265791,3244567,3280089,3280089,10
2025-10-02 15:14:05,95319,pairwise,LinkedCells,1.000000,lc_sliced_balanced,squared-particles-per-cell,SoA,disabled,9692034,8986204,8900899,9008403,8913210,8858095,8791232,8901517,8874640,8836963,8976318,8976318,10
2025-10-02 15:14:05,95329,pairwise,LinkedCells,1.000000,lc_sliced_balanced,squared-particles-per-cell,SoA,enabled,8731952,8543910,8541562,8593227,8497194,8546804,8519504,8581102,8485816,8560096,8560115,8560115,10
2025-10-02 15:14:05,95339,pairwise,LinkedCells,1.000000,lc_sliced_c02,none,AoS,disabled,4001907,3798155,3821842,3882222,3633139,3868661,3746414,3807752,3864958,3792610,3821765,3821765,10
2025-10-02 15:14:05,95349,pairwise,LinkedCells,1.000000,lc_sliced_c02,none,AoS,enabled,2779241,2695055,2839236,2797978,2816234,2860382,2846347,2807300,2777454,2797365,2801659,2801659,10
2025-10-02 15:14:05,95359,pairwise,LinkedCells,1.000000,lc_sliced_c02,none,SoA,disabled,4354414,3653170,3560764,3514407,3563441,3527568,3515629,3582090,3665668,3804130,3674127,3674127,10
2025-10-02 15:14:05,95369,pairwise,LinkedCells,1.000000,lc_sliced_c02,none,SoA,enabled,2760094,2609137,2611577,2643725,2630564,2564704,2602614,2626410,2576669,2609210,2623470,2623470,10
2025-10-02 15:14:06,95379,pairwise,VerletClusterLists,1.000000,vcl_c01_balanced,none,AoS,disabled,14113527,2027357,2035403,2046171,2063790,2038019,2031329,2034857,2052600,2044346,3248739,3248739,10
2025-10-02 15:14:06,95389,pairwise,VerletClusterLists,1.000000,vcl_c01_balanced,none,SoA,disabled,11261194,794036,791216,785655,788958,795037,789590,786582,785742,781957,1835996,1835996,10
2025-10-02 15:14:06,95399,pairwise,VerletClusterLists,1.000000,vcl_c06,none,AoS,disabled,31441937,19877686,20087224,20013011,19943590,19930495,19992611,20067963,19928544,19927828,21121088,21121088,10
2025-10-02 15:14:06,95409,pairwise,VerletClusterLists,1.000000,vcl_c06,none,AoS,enabled,17546308,10177333,10092043,10042700,10085546,10108900,10130552,10078985,10136401,10150864,10854962,10854962,10
2025-10-02 15:14:06,95419,pairwise,VerletClusterLists,1.000000,vcl_c06,none,SoA,disabled,18598479,8410960,8462898,8398556,8544921,8306337,8277599,8148089,8601658,8421494,9417098,9417098,10
2025-10-02 15:14:06,95429,pairwise,VerletClusterLists,1.000000,vcl_c06,none,SoA,enabled,12072208,4448147,4471965,4351085,4478314,4532437,4378224,4305364,4434979,4376875,5184959,5184959,10
2025-10-02 15:14:06,95439,pairwise,VerletClusterLists,1.000000,vcl_sliced,none,AoS,disabled,30744326,22191849,22147871,22133571,22164219,20430500,22162421,20437870,22605080,22149935,22716763,22716763,10
2025-10-02 15:14:06,95449,pairwise,VerletClusterLists,1.000000,vcl_sliced,none,AoS,enabled,19305183,11831314,11155997,11869241,11163444,11166495,11890657,11952349,11119854,11166093,12262062,12262062,10
2025-10-02 15:14:06,95459,pairwise,VerletClusterLists,1.000000,vcl_sliced,none,SoA,disabled,18555277,7890067,7567371,7913760,7419870,7386182,7897953,7879275,7881669,7908449,8829986,8829986,10
2025-10-02 15:14:07,95469,pairwise,VerletClusterLists,1.000000,vcl_sliced,none,SoA,enabled,11635507,4306091,4316971,4425433,4291333,4290532,4458479,4295609,4291974,4296080,5060800,5060800,10
2025-10-02 15:14:07,95479,pairwise,VerletClusterLists,1.000000,vcl_sliced_balanced,none,AoS,disabled,32114022,21930167,21839202,21854964,21954658,21805974,22080075,22244646,21834154,21876047,22953390,22953390,10
2025-10-02 15:14:07,95489,pairwise,VerletClusterLists,1.000000,vcl_sliced_balanced,none,AoS,enabled,19251517,11825690,11816861,11795306,11815974,11959831,11832204,11816914,11780724,11844791,12573980,12573980,10
2025-10-02 15:14:07,95499,pairwise,VerletClusterLists,1.000000,vcl_sliced_balanced,none,SoA,disabled,18411448,7892545,7894225,7924388,7889058,7920619,7927109,7893422,7897946,7914062,8956481,8956481,10
2025-10-02 15:14:07,95509,pairwise,VerletClusterLists,1.000000,vcl_sliced_balanced,none,SoA,enabled,11618746,4291289,4307679,4280158,4294169,4288818,4297623,4301151,4291141,4281617,5025238,5025238,10
2025-10-02 15:14:07,95519,pairwise,VerletClusterLists,1.000000,vcl_sliced_balanced,neighbor-list-length,AoS,disabled,33143843,21830340,21858649,21719914,21928540,21768809,21770817,21773755,21753593,22017327,22956558,22956558,10
2025-10-02 15:14:07,95529,pairwise,VerletClusterLists,1.000000,vcl_sliced_balanced,neighbor-list-length,AoS,enabled,19169240,11789945,11761011,11818675,11779856,11770093,11821854,11781557,11776777,11816810,12528581,12528581,10
2025-10-02 15:14:08,95539,pairwise,VerletClusterLists,1.000000,vcl_sliced_balanced,neighbor-list-length,SoA,disabled,20781367,7916225,7924128,7905607,7919608,7930704,7895304,7910836,7918330,7911262,9201337,9201337,10
2025-10-02 15:14:08,95549,pairwise,VerletClusterLists,1.000000,vcl_sliced_balanced,neighbor-list-length,SoA,enabled,11822279,4296240,4294654,4291099,4315040,4297702,4300330,4279844,4296687,4286038,5047990,5047990,10
2025-10-02 15:14:08,95559,pairwise,VerletClusterLists,1.000000,vcl_sliced_c02,none,AoS,disabled,34087734,22319409,22206519,23251195,22357680,23072701,23057067,24299259,22876225,22359872,23988765,23988765,10
2025-10-02 15:14:08,95569,pairwise,VerletClusterLists,1.000000,vcl_sliced_c02,none,AoS,enabled,20246999,12368463,12319963,12395107,12239649,12318863,12325093,12450355,12654100,12352757,13167134,13167134,10
2025-10-02 15:14:08,95579,pairwise,VerletClusterLists,1.000000,vcl_sliced_c02,none,SoA,disabled,18309274,7849230,7828033,7867244,8001243,7990690,7957123,7934804,7873683,7928513,8953983,8953983,10
2025-10-02 15:14:08,95589,pairwise,VerletClusterLists,1.000000,vcl_sliced_c02,none,SoA,enabled,11791437,4302637,4263077,4295599,4289959,4383376,4281920,4363395,4250773,4246448,5046861,5046861,10
2025-10-02 15:14:08,95599,pairwise,VerletLists,1.000000,vl_list_iteration,none,AoS,disabled,7757125,792846,782615,779712,778357,773618,777979,774711,769490,778948,1476539,1476539,10
2025-10-02 15:14:08,95609,pairwise,VerletLists,1.000000,vl_list_iteration,none,SoA,disabled,18510024,2304954,2194342,2201748,2179891,2166294,2126666,2174265,2159213,2154768,3817216,3817216,10
2025-10-02 15:14:08,95619,pairwise,VerletListsCells,1.000000,vlc_c01,none,AoS,disabled,24779793,1841047,1858627,1816868,1821604,1807503,1812738,1808092,1810041,1816169,4117247,4117247,10
2025-10-02 15:14:08,95629,pairwise,VerletListsCells,1.000000,vlc_c01,none,SoA,disabled,38252636,3251242,3180545,3210798,3223854,3269398,3254149,3259714,3269485,3269810,6744162,6744162,10
2025-10-02 15:14:08,95639,pairwise,VerletListsCells,1.000000,vlc_c18,none,AoS,disabled,16822084,2101640,2110782,2100632,2098552,2108391,2102355,2105426,2094911,2101698,3574646,3574646,10
2025-10-02 15:14:08,95649,pairwise,VerletListsCells,1.000000,vlc_c18,none,AoS,enabled,15675940,1999329,2033385,2009800,1994764,1989241,1987856,1993463,1997239,1994709,3367572,3367572,10
2025-10-02 15:14:08,95659,pairwise,VerletListsCells,1.000000,vlc_c18,none,SoA,disabled,37218373,3636614,3558509,3752770,3834700,3817481,3781076,3820901,3862146,3788572,7107113,7107113,10
2025-10-02 15:14:09,95669,pairwise,VerletListsCells,1.000000,vlc_c18,none,SoA,enabled,29222737,3732132,3644206,3654854,3654099,3633982,3649462,3643927,3630637,3628306,6209433,6209433,10
2025-10-02 15:14:09,95679,pairwise,VerletListsCells,1.000000,vlc_c08,none,AoS,disabled,12348374,1929466,1912838,1956350,1938973,1918029,1923728,1921431,1919096,1925088,2969337,2969337,10
2025-10-02 15:14:09,95689,pairwise,VerletListsCells,1.000000,vlc_c08,none,AoS,enabled,12155384,1826808,1829456,1821774,1823571,1823314,1819681,1821856,1823056,1818699,2856359,2856359,10
2025-10-02 15:14:09,95699,pairwise,VerletListsCells,1.000000,vlc_c08,none,SoA,disabled,31736972,3719109,3565870,3537516,3535314,3560401,3543770,3553365,3649550,3536999,6393886,6393886,10
2025-10-02 15:14:09,95709,pairwise,VerletListsCells,1.000000,vlc_c08,none,SoA,enabled,26920912,3595883,3504350,3508008,3503440,3508375,3518137,3491130,3498010,3549672,5859791,5859791,10
2025-10-02 15:14:09,95719,pairwise,VerletListsCells,1.000000,vlc_sliced,none,AoS,disabled,17542174,2630836,2615288,2595333,2549678,2550699,2562248,2592993,2577071,2407207,4062352,4062352,10
2025-10-02 15:14:09,95729,pairwise,VerletListsCells,1.000000,vlc_sliced,none,AoS,enabled,15251886,1335258,1313823,1337391,1339545,1301409,1336838,1305651,1323489,1333672,2717895,2717895,10
2025-10-02 15:14:09,95739,pairwise,VerletListsCells,1.000000,vlc_sliced,none,SoA,disabled,37917995,4406639,4442012,4185587,4269950,4370738,4361055,4411704,4350480,4288019,7700417,7700417,10
2025-10-02 15:14:09,95749,pairwise,VerletListsCells,1.000000,vlc_sliced,none,SoA,enabled,28384537,3200795,3115373,3185524,2967811,3118246,3125385,3052452,3059460,3031391,5624096,5624096,10
2025-10-02 15:14:09,95759,pairwise,VerletListsCells,1.000000,vlc_sliced_balanced,none,AoS,disabled,17324567,2620875,2586177,2574294,2584813,2581097,2592967,2588646,2591873,2585499,4063080,4063080,10
2025-10-02 15:14:09,95769,pairwise,VerletListsCells,1.000000,vlc_sliced_balanced,none,AoS,enabled,15123415,1352754,1323589,1320102,1329663,1330128,1328233,1331139,1328270,1322187,2708947,2708947,10
2025-10-02 15:14:09,95779,pairwise,VerletListsCells,1.000000,vlc_sliced_balanced,none,SoA,disabled,37924906,4587611,4389248,4318567,4086644,4277829,4373255,4305103,4281358,4150704,7669522,7669522,10
2025-10-02 15:14:09,95789,pairwise,VerletListsCells,1.000000,vlc_sliced_balanced,none,SoA,enabled,28641178,3256829,3143331,3084494,3122828,3119054,3110361,3116121,3144342,3087953,5682648,5682648,10
2025-10-02 15:14:09,95799,pairwise,VerletListsCells,1.000000,vlc_sliced_balanced,squared-particles-per-cell,AoS,disabled,16824952,2723441,2660046,2648166,2650404,2641425,2647151,2643031,2634999,2629608,4070322,4070322,10
2025-10-02 15:14:09,95809,pairwise,VerletListsCells,1.000000,vlc_sliced_balanced,squared-particles-per-cell,AoS,enabled,15223110,1415998,1377070,1370456,1363440,1368674,1372841,1369460,1364585,1365607,2759123,2759123,10
2025-10-02 15:14:09,95819,pairwise,VerletListsCells,1.000000,vlc_sliced_balanced,squared-particles-per-cell,SoA,disabled,37991653,4661024,4532428,4456065,4438221,4406542,4405997,4400744,4411619,4363644,7806793,7806793,10
2025-10-02 15:14:09,95829,pairwise,VerletListsCells,1.000000,vlc_sliced_balanced,squared-particles-per-cell,SoA,enabled,29942720,3366709,3274762,3276803,3276028,3248918,3241140,3282540,3231396,3236822,5937783,5937783,10
2025-10-02 15:14:09,95839,pairwise,VerletListsCells,1.000000,vlc_sliced_balanced,neighbor-list-length,AoS,disabled,16769234,2652004,2633923,2617859,2620242,2614835,2620149,2615577,2618547,2615495,4037786,4037786,10
2025-10-02 15:14:10,95849,pairwise,VerletListsCells,1.000000,vlc_sliced_balanced,neighbor-list-length,AoS,enabled,15177992,1382735,1364668,1366620,1365679,1365390,1362213,1362911,1354944,1352706,2745585,2745585,10
2025-10-02 15:14:10,95859,pairwise,VerletListsCells,1.000000,vlc_sliced_balanced,neighbor-list-length,SoA,disabled,38188103,4727778,4564424,4585049,4380903,4339278,4308505,4302178,4307414,4325422,7802905,7802905,10
2025-10-02 15:14:10,95869,pairwise,VerletListsCells,1.000000,vlc_sliced_balanced,neighbor-list-length,SoA,enabled,29640889,3292912,3016085,2991696,2987050,2986091,2974859,2972690,2977082,2972036,5681138,5681138,10
2025-10-02 15:14:10,95879,pairwise,VerletListsCells,1.000000,vlc_sliced_c02,none,AoS,disabled,17290928,3241672,3302146,3194244,3228015,3281633,3251572,3281882,3171160,3172004,4641525,4641525,10
2025-10-02 15:14:10,95889,pairwise,VerletListsCells,1.000000,vlc_sliced_c02,none,AoS,enabled,15545231,1711929,1795026,1687156,1685442,1701467,1694480,1679345,1682671,1685588,3086833,3086833,10
2025-10-02 15:14:10,95899,pairwise,VerletListsCells,1.000000,vlc_sliced_c02,none,SoA,disabled,38589528,5436020,5173210,5125245,5099327,5089410,5059670,5153559,5040162,5112371,8487849,8487849,10
2025-10-02 15:14:10,95909,pairwise,VerletListsCells,1.000000,vlc_sliced_c02,none,SoA,enabled,29516771,3710123,3581009,3717563,3633331,3582453,3557511,3581901,3548385,3616299,6204534,6204534,10
2025-10-02 15:14:10,95919,pairwise,PairwiseVerletLists,1.000000,vlp_c01,none,AoS,disabled,20233421,2181414,2160402,2153924,2164019,2156219,2159684,2150697,2154233,2147417,3966142,3966142,10
2025-10-02 15:14:10,95929,pairwise,PairwiseVerletLists,1.000000,vlp_c01,none,SoA,disabled,64355084,4873996,4577492,4520308,4504510,4498769,4498722,4514018,4491449,4494521,10532886,10532886,10
2025-10-02 15:14:10,95939,pairwise,PairwiseVerletLists,1.000000,vlp_c18,none,AoS,disabled,18332217,2523789,2507567,2487151,2497448,2530025,2492171,2516058,2492940,2495177,4087453,4087453,10
2025-10-02 15:14:10,95949,pairwise,PairwiseVerletLists,1.000000,vlp_c18,none,AoS,enabled,18759398,2373615,2420024,2372086,2426110,2364638,2360360,2357550,2361103,2358039,4015292,4015292,10
2025-10-02 15:14:10,95959,pairwise,PairwiseVerletLists,1.000000,vlp_c18,none,SoA,disabled,80243135,5246787,5038362,5038281,5032775,4994596,5016489,5015481,5023404,4994325,12564363,12564363,10
2025-10-02 15:14:10,95969,pairwise,PairwiseVerletLists,1.000000,vlp_c18,none,SoA,enabled,61528843,4922780,4654267,4552474,4517008,4554939,4663940,4650097,4640608,4659400,10334435,10334435,10
2025-10-02 15:14:10,95979,pairwise,PairwiseVerletLists,1.000000,vlp_sliced,none,AoS,disabled,19902542,3733076,3591194,3597100,3639949,3584509,3644860,3646752,3572066,3628591,5254063,5254063,10
2025-10-02 15:14:11,95989,pairwise,PairwiseVerletLists,1.000000,vlp_sliced,none,AoS,enabled,18654457,2140540,2147107,2173035,2075938,2181499,2052674,2219738,2070005,2259719,3797471,3797471,10
2025-10-02 15:14:11,95999,pairwise,PairwiseVerletLists,1.000000,vlp_sliced,none,SoA,disabled,73506592,6885334,6916934,6972882,6818151,6931571,6922535,6914327,6707714,6855000,13543103,13543103,10
2025-10-02 15:14:11,96009,pairwise,PairwiseVerletLists,1.000000,vlp_sliced,none,SoA,enabled,60597808,5335514,5228106,5055281,5215561,5203407,5271942,5202608,5230101,5229905,10757023,10757023,10
2025-10-02 15:14:11,96019,pairwise,PairwiseVerletLists,1.000000,vlp_sliced_balanced,none,AoS,disabled,19881678,3710185,3647461,3651560,3630618,3636567,3671808,3621177,3656958,3626758,5273476,5273476,10
2025-10-02 15:14:11,96029,pairwise,PairwiseVerletLists,1.000000,vlp_sliced_balanced,none,AoS,enabled,18560586,2127984,2065353,2073898,2067306,2060926,2066091,2072209,2061609,2073668,3722962,3722962,10
2025-10-02 15:14:11,96039,pairwise,PairwiseVerletLists,1.000000,vlp_sliced_balanced,none,SoA,disabled,73467662,7113829,6877114,6902758,6876273,6870766,6915672,6927728,6930918,6945927,13582864,13582864,10
2025-10-02 15:14:11,96049,pairwise,PairwiseVerletLists,1.000000,vlp_sliced_balanced,none,SoA,enabled,60934426,5452142,5274530,5268724,5250932,5216861,5288623,5255484,5248920,5260758,10845139,10845139,10
2025-10-02 15:14:11,96059,pairwise,PairwiseVerletLists,1.000000,vlp_sliced_c02,none,AoS,disabled,20593067,4611538,4591564,4578435,4452993,4488986,4491236,4501317,4592980,4571314,6147342,6147342,10
2025-10-02 15:14:11,96069,pairwise,PairwiseVerletLists,1.000000,vlp_sliced_c02,none,AoS,enabled,18992217,2584450,2506421,2511532,2611426,2610029,2640696,2502892,2561971,2615006,4213663,4213663,10
2025-10-02 15:14:11,96079,pairwise,PairwiseVerletLists,1.000000,vlp_sliced_c02,none,SoA,disabled,74732646,8257528,7939576,8010267,8055789,8145238,8062947,8146396,7944547,8176488,14747142,14747142,10
2025-10-02 15:14:12,96089,pairwise,PairwiseVerletLists,1.000000,vlp_sliced_c02,none,SoA,enabled,61353093,6097166,6062477,5984471,6030390,5936739,6057819,6093243,5922490,5933725,11547160,11547160,10
2025-10-02 15:14:12,96099,pairwise,PairwiseVerletLists,1.000000,vlp_c08,none,AoS,disabled,20186886,4032297,4016032,3997583,4000844,4018340,4012706,4011078,3988452,3993187,5625740,5625740,10
2025-10-02 15:14:12,96109,pairwise,PairwiseVerletLists,1.000000,vlp_c08,none,AoS,enabled,19276006,2745314,2717373,2707883,2704122,2713254,2696526,2698803,2704878,2701592,4366574,4366574,10
2025-10-02 15:14:12,96119,pairwise,PairwiseVerletLists,1.000000,vlp_c08,none,SoA,disabled,73529840,7391613,7339149,7312055,7327666,7348019,7318067,7316938,7305681,7316469,13950549,13950549,10
2025-10-02 15:14:12,96129,pairwise,PairwiseVerletLists,1.000000,vlp_c08,none,SoA,enabled,61050279,5648852,5500951,5477102,5454222,5451960,5457359,5445421,5454882,5456774,11039780,11039780,10
2025-10-02 15:16:21,100009,pairwise,LinkedCells,1.000000,lc_c01,none,AoS,disabled,2236849,2221019,2263328,2258333,2238563,2233760,2234612,2225718,2244742,2198056,2235497,2235497,10
2025-10-02 15:16:21,100019,pairwise,LinkedCells,1.000000,lc_c01,none,SoA,disabled,3776407,3199807,3147855,3153588,3190599,3146596,3143538,3170776,3202938,3162281,3229438,3229438,10
2025-10-02 15:16:21,100029,pairwise,LinkedCells,1.000000,lc_c01_combined_SoA,none,SoA,disabled,3058912,3069624,3093453,3123723,3204140,3348875,3322937,3317689,3082262,3099035,3172064,3172064,10
2025-10-02 15:16:21,100039,pairwise,LinkedCells,1.000000,lc_c04,none,AoS,disabled,3311423,3179410,3131660,3129884,3225092,3095159,3092845,3103188,3106819,3148085,3152356,3152356,10
2025-10-02 15:16:21,100049,pairwise,LinkedCells,1.000000,lc_c04,none,AoS,enabled,2326598,2312525,2326453,2313653,2396868,2321843,2318219,2319653,2324999,2300977,2326178,2326178,10
2025-10-02 15:16:21,100059,pairwise,LinkedCells,1.000000,lc_c04,none,SoA,disabled,3041165,2912379,2881366,2879276,2902629,2890121,2884552,2908472,2892605,2894100,2908666,2908666,10
2025-10-02 15:16:21,100069,pairwise,LinkedCells,1.000000,lc_c04,none,SoA,enabled,2267258,2169066,2161826,2187900,2185017,2169876,2164601,2159897,2167008,2167583,2180003,2180003,10
2025-10-02 15:16:21,100079,pairwise,LinkedCells,1.000000,lc_c04_HCP,none,AoS,disabled,1303038,1252628,1231797,1245214,1254720,1239187,1259167,1214954,1234063,1228598,1246336,1246336,10
2025-10-02 15:16:21,100089,pairwise,LinkedCells,1.000000,lc_c04_HCP,none,AoS,enabled,999140,995629,990571,992250,1008645,1002265,1004757,990918,986088,996484,996674,996674,10
2025-10-02 15:16:21,100099,pairwise,LinkedCells,1.000000,lc_c04_HCP,none,SoA,disabled,2577518,2489686,2481605,2494382,2493604,2486906,2506649,2512998,2524850,2508434,2507662,2507662,10
2025-10-02 15:16:21,100109,pairwise,LinkedCells,1.000000,lc_c04_HCP,none,SoA,enabled,2433665,2370566,2386804,2411214,2383785,2388114,2380174,2408807,2370862,2374457,2390844,2390844,10
2025-10-02 15:16:21,100119,pairwise,LinkedCells,1.000000,lc_c04_combined_SoA,none,SoA,disabled,3202273,3156487,3159957,3157984,3125686,3159960,3154653,3148852,3154121,3164020,3158398,3158398,10
2025-10-02 15:16:21,100129,pairwise,LinkedCells,1.000000,lc_c04_combined_SoA,none,SoA,enabled,2933062,2860576,2860041,2871202,2851496,2894759,2882332,2877875,2883856,2856572,2877176,2877176,10
2025-10-02 15:16:21,100139,pairwise,LinkedCells,1.000000,lc_c08,none,AoS,disabled,2232084,2206352,2139862,2204635,2178221,2146827,2175748,2200203,2141593,2185627,2181115,2181115,10
2025-10-02 15:16:21,100149,pairwise,LinkedCells,1.000000,lc_c08,none,AoS,enabled,2084609,2053816,2066197,2048423,2052515,2042403,2046139,2054296,2052625,2045415,2054643,2054643,10
2025-10-02 15:16:21,100159,pairwise,LinkedCells,1.000000,lc_c08,none,SoA,disabled,3680785,3586312,3520966,3555740,3503146,3545751,3587998,3574960,3592388,3602207,3575025,3575025,10
2025-10-02 15:16:21,100169,pairwise,LinkedCells,1.000000,lc_c08,none,SoA,enabled,3565464,3533765,3557231,3522878,3523821,3509198,3521981,3516268,3510474,3573478,3533455,3533455,10
2025-10-02 15:16:21,100179,pairwise,LinkedCells,1.000000,lc_c18,none,AoS,disabled,2304431,2294839,2312037,2280543,2288176,2297215,2291740,2297694,2311302,2304152,2298212,2298212,10
2025-10-02 15:16:21,100189,pairwise,LinkedCells,1.000000,lc_c18,none,AoS,enabled,2210737,2224520,2232958,2217396,2270081,2273890,2219567,2209401,2227781,2260240,2234656,2234656,10
2025-10-02 15:16:21,100199,pairwise,LinkedCells,1.000000,lc_c18,none,SoA,disabled,3102217,3027568,3003246,3035695,3037773,3013548,3010672,3011047,3012549,2996115,3025042,3025042,10
2025-10-02 15:16:21,100209,pairwise,LinkedCells,1.000000,lc_c18,none,SoA,enabled,2954944,2934564,2921039,2946985,2974877,2909521,2916687,2927354,2917228,2900438,2930363,2930363,10
2025-10-02 15:16:21,100219,pairwise,LinkedCells,1.000000,lc_sliced,none,AoS,disabled,2999552,2992813,2982939,2653885,2985197,2643862,2979523,2968314,2962056,2965386,2913352,2913352,10
2025-10-02 15:16:21,100229,pairwise,LinkedCells,1.000000,lc_sliced,none,AoS,enabled,2254621,2226922,2250397,2219123,2225851,2234381,2219016,2218250,2212050,2206617,2226722,2226722,10
2025-10-02 15:16:21,100239,pairwise,LinkedCells,1.000000,lc_sliced,none,SoA,disabled,3245115,3139916,3093243,3115466,3049599,3051039,3051915,3099601,3060555,2896794,3080324,3080324,10
2025-10-02 15:16:21,100249,pairwise,LinkedCells,1.000000,lc_sliced,none,SoA,enabled,2440665,2383683,2383311,2368027,2351219,2327939,2365229,2361366,2379250,2343409,2370409,2370409,10
2025-10-02 15:16:21,100259,pairwise,LinkedCells,1.000000,lc_sliced_balanced,none,AoS,disabled,2994568,2955021,2950358,2946150,2943856,2937761,2946780,2943371,2955860,2953843,2952756,2952756,10
2025-10-02 15:16:21,100269,pairwise,LinkedCells,1.000000,lc_sliced_balanced,none,AoS,enabled,2247054,2210950,2227549,2222840,2214936,2212927,2218356,2227232,2220406,2229422,2223167,2223167,10
2025-10-02 15:16:21,100279,pairwise,LinkedCells,1.000000,lc_sliced_balanced,none,SoA,disabled,3312494,3202017,3154978,3145219,3134927,3162969,3158686,3159463,3149586,3141872,3172220,3172220,10
2025-10-02 15:16:22,100289,pairwise,LinkedCells,1.000000,lc_sliced_balanced,none,SoA,enabled,2706378,2441377,2433329,2413354,2418332,2426986,2436315,2409340,2418393,2422644,2452644,2452644,10
2025-10-02 15:16:22,100299,pairwise,LinkedCells,1.000000,lc_sliced_balanced,squared-particles-per-cell,AoS,disabled,3982394,3254827,3137382,3133458,3121906,3114360,3127523,3099432,3127761,3127082,3222612,3222612,10
2025-10-02 15:16:22,100309,pairwise,LinkedCells,1.000000,lc_sliced_balanced,squared-particles-per-cell,AoS,enabled,3063166,2938151,2921662,2923298,2927957,2923271,2930667,2951961,2931627,2930798,2944255,2944255,10
2025-10-02 15:16:22,100319,pairwise,LinkedCells,1.000000,lc_sliced_balanced,squared-particles-per-cell,SoA,disabled,9496578,8767956,8752583,8782391,8731967,8807342,8727849,8741460,8703005,8746473,8825760,8825760,10
2025-10-02 15:16:22,100329,pairwise,LinkedCells,1.000000,lc_sliced_balanced,squared-particles-per-cell,SoA,enabled,8731893,8482472,8457613,8518352,8435244,8577965,8523457,8490033,8540987,8478294,8523630,8523630,10
2025-10-02 15:16:22,100339,pairwise,LinkedCells,1.000000,lc_sliced_c02,none,AoS,disabled,3039159,2990669,2970671,3044060,2976396,2964753,2976822,2913247,2928714,2954496,2975898,2975898,10
2025-10-02 15:16:22,100349,pairwise,LinkedCells,1.000000,lc_sliced_c02,none,AoS,enabled,2208694,2238018,2107431,2181078,2200423,2262208,2225132,2179371,2278338,2218403,2209909,2209909,10
2025-10-02 15:16:22,100359,pairwise,LinkedCells,1.000000,lc_sliced_c02,none,SoA,disabled,3781350,3097920,2984675,3022937,3090214,2915630,3048172,3048860,2925216,3171258,3108622,3108622,10
2025-10-02 15:16:22,100369,pairwise,LinkedCells,1.000000,lc_sliced_c02,none,SoA,enabled,2586926,2299473,2329088,2306052,2285329,2306309,2274199,2286358,2299759,2333485,2330697,2330697,10
2025-10-02 15:16:22,100379,pairwise,VerletClusterLists,1.000000,vcl_c01_balanced,none,AoS,disabled,16260631,1550679,1538799,1555604,1528661,1542120,1533179,1552653,1551841,1539802,3015396,3015396,10
2025-10-02 15:16:22,100389,pairwise,VerletClusterLists,1.000000,vcl_c01_balanced,none,SoA,disabled,11249939,643496,635936,636636,636871,646937,649369,648541,646661,642831,1703720,1703720,10
2025-10-02 15:16:22,100399,pairwise,VerletClusterLists,1.000000,vcl_c06,none,AoS,disabled,33862121,20692256,20616521,20650798,20593317,20611181,20601301,20605281,20640393,20691786,21956495,21956495,10
2025-10-02 15:16:22,100409,pairwise,VerletClusterLists,1.000000,vcl_c06,none,AoS,enabled,16562003,10908737,10890971,10864442,10848557,10884854,10853369,10817835,10825686,11070253,11452670,11452670,10
2025-10-02 15:16:22,100419,pairwise,VerletClusterLists,1.000000,vcl_c06,none,SoA,disabled,18722535,8332060,8236095,8282745,8268726,8231432,8254417,8227920,8373225,8232056,9316121,9316121,10
2025-10-02 15:16:22,100429,pairwise,VerletClusterLists,1.000000,vcl_c06,none,SoA,enabled,11058979,4728230,4862067,4782970,4938365,4861993,5058869,4868606,4798628,4780905,5473960,5473960,10
2025-10-02 15:16:23,100439,pairwise,VerletClusterLists,1.000000,vcl_sliced,none,AoS,disabled,30213360,19548506,19538624,19572239,19407201,19522507,19524422,19566195,19423195,19563295,20587953,20587953,10
2025-10-02 15:16:23,100449,pairwise,VerletClusterLists,1.000000,vcl_sliced,none,AoS,enabled,16285632,10654244,10524779,10574310,10597375,10645906,10600936,10518588,10526272,10624198,11155223,11155223,10
2025-10-02 15:16:23,100459,pairwise,VerletClusterLists,1.000000,vcl_sliced,none,SoA,disabled,20483907,7121117,7057196,7071727,7108103,7133066,7118258,7104461,7116159,7102582,8441656,8441656,10
2025-10-02 15:16:23,100469,pairwise,VerletClusterLists,1.000000,vcl_sliced,none,SoA,enabled,9666422,4049931,4024522,4036402,4035441,4050553,4028994,4020650,4025789,3996892,4593559,4593559,10
2025-10-02 15:16:23,100479,pairwise,VerletClusterLists,1.000000,vcl_sliced_balanced,none,AoS,disabled,30886451,20297294,20287984,20292796,20296633,20237527,20304115,20429287,20253609,20410999,21369669,21369669,10
2025-10-02 15:16:23,100489,pairwise,VerletClusterLists,1.000000,vcl_sliced_balanced,none,AoS,enabled,16575367,10978542,10989617,11038622,11007790,10983549,11019573,10993613,10986579,10976841,11555008,11555008,10
2025-10-02 15:16:23,100499,pairwise,VerletClusterLists,1.000000,vcl_sliced_balanced,none,SoA,disabled,17859034,7478308,7476320,7450725,7471975,7468420,7463864,7473313,7461423,7445353,8504873,8504873,10
2025-10-02 15:16:23,100509,pairwise,VerletClusterLists,1.000000,vcl_sliced_balanced,none,SoA,enabled,9645457,4025179,4037178,4025394,4024946,4086121,4036597,4029996,4027353,4024012,4596223,4596223,10
2025-10-02 15:16:24,100519,pairwise,VerletClusterLists,1.000000,vcl_sliced_balanced,neighbor-list-length,AoS,disabled,31864161,20277427,20131417,20161686,20146480,20125615,20249209,20282625,20261439,20154598,21365465,21365465,10
2025-10-02 15:16:24,100529,pairwise,VerletClusterLists,1.000000,vcl_sliced_balanced,neighbor-list-length,AoS,enabled,16463810,10899917,10995932,10906965,10936628,10924033,10962915,10907612,10920530,10907021,11482535,11482535,10
2025-10-02 15:16:24,100539,pairwise,VerletClusterLists,1.000000,vcl_sliced_balanced,neighbor-list-length,SoA,disabled,17943843,7446404,7427561,7422334,7412663,7430478,7428402,7446366,7418380,7425823,8480225,8480225,10
2025-10-02 15:16:24,100549,pairwise,VerletClusterLists,1.000000,vcl_sliced_balanced,neighbor-list-length,SoA,enabled,9629233,4020810,4024168,4014293,4002593,4013527,4002700,4036716,4020081,4014708,4577882,4577882,10
2025-10-02 15:16:24,100559,pairwise,VerletClusterLists,1.000000,vcl_sliced_c02,none,AoS,disabled,34969422,20828483,20788100,20881478,20797901,20771951,20807905,20759383,20950008,20717581,22227221,22227221,10
2025-10-02 15:16:24,100569,pairwise,VerletClusterLists,1.000000,vcl_sliced_c02,none,AoS,enabled,16577262,11014911,11089103,10962220,11020528,10936478,10968781,10996040,11013611,10930975,11550990,11550990,10
2025-10-02 15:16:24,100579,pairwise,VerletClusterLists,1.000000,vcl_sliced_c02,none,SoA,disabled,20959600,7526466,7439071,7531000,7560254,7502930,7476594,7474908,7459045,7433849,8836371,8836371,10
2025-10-02 15:16:24,100589,pairwise,VerletClusterLists,1.000000,vcl_sliced_c02,none,SoA,enabled,10565749,4056940,4067947,4088259,4002266,3984380,4003073,4059621,3999222,3981787,4680924,4680924,10
2025-10-02 15:16:24,100599,pairwise,VerletLists,1.000000,vl_list_iteration,none,AoS,disabled,6783230,490658,483203,481487,482066,485231,481655,486952,490659,484451,1114958,1114958,10
2025-10-02 15:16:24,100609,pairwise,VerletLists,1.000000,vl_list_iteration,none,SoA,disabled,16226357,2037585,2025866,1913676,1959714,1958878,2026290,2089057,2115493,2085089,3443800,3443800,10
2025-10-02 15:16:24,100619,pairwise,VerletListsCells,1.000000,vlc_c01,none,AoS,disabled,24193499,1729080,1730359,1722159,1723013,1720162,1717625,1721334,1724584,1720379,3970219,3970219,10
2025-10-02 15:16:25,100629,pairwise,VerletListsCells,1.000000,vlc_c01,none,SoA,disabled,35370943,3454238,3317077,3273927,3295599,3268177,3235136,3178803,3200953,3220850,6481570,6481570,10
2025-10-02 15:16:25,100639,pairwise,VerletListsCells,1.000000,vlc_c18,none,AoS,disabled,16368486,2040305,2031986,2026821,2022625,2020405,2030152,2074281,2024275,2022966,3466230,3466230,10
2025-10-02 15:16:25,100649,pairwise,VerletListsCells,1.000000,vlc_c18,none,AoS,enabled,15321998,1957004,1950329,1943699,1951370,1941954,1937646,1944293,1944700,1944941,3283793,3283793,10
2025-10-02 15:16:25,100659,pairwise,VerletListsCells,1.000000,vlc_c18,none,SoA,disabled,32225888,3691459,3583453,3579649,3516843,3570670,3551908,3673015,3728215,3595666,6471676,6471676,10
2025-10-02 15:16:25,100669,pairwise,VerletListsCells,1.000000,vlc_c18,none,SoA,enabled,26880909,3686847,3663736,3647141,3633368,3631113,3620728,3620855,3627006,3546936,5955863,5955863,10
2025-10-02 15:16:25,100679,pairwise,VerletListsCells,1.000000,vlc_c08,none,AoS,disabled,12031449,1856860,1852527,1848457,1848700,1845524,1854070,1861263,1854508,1851350,2870470,2870470,10
2025-10-02 15:16:25,100689,pairwise,VerletListsCells,1.000000,vlc_c08,none,AoS,enabled,11642924,1780417,1785713,1786279,1784514,1783404,1772588,1779517,1778419,1780833,2767460,2767460,10
2025-10-02 15:16:25,100699,pairwise,VerletListsCells,1.000000,vlc_c08,none,SoA,disabled,27116477,3419369,3349655,3359105,3473414,3559096,3557836,3554460,3548420,3577380,5851520,5851520,10
2025-10-02 15:16:25,100709,pairwise,VerletListsCells,1.000000,vlc_c08,none,SoA,enabled,23873867,3555518,3488348,3497550,3490798,3511031,3493169,3559190,3486977,3506005,5546244,5546244,10
2025-10-02 15:16:25,100719,pairwise,VerletListsCells,1.000000,vlc_sliced,none,AoS,disabled,16258836,1916198,1900925,1924431,1921488,1947057,1947251,1938229,1940756,1911619,3360678,3360678,10
2025-10-02 15:16:25,100729,pairwise,VerletListsCells,1.000000,vlc_sliced,none,AoS,enabled,14483688,1017779,1003889,1004082,1013217,979489,966281,1015205,996831,1007029,2348748,2348748,10
2025-10-02 15:16:25,100739,pairwise,VerletListsCells,1.000000,vlc_sliced,none,SoA,disabled,32494809,3834189,3518336,3692465,3664962,3594335,3617049,3576098,3575734,3614640,6518261,6518261,10
2025-10-02 15:16:25,100749,pairwise,VerletListsCells,1.000000,vlc_sliced,none,SoA,enabled,25645564,2835063,2940503,2824770,2652381,2644608,2811779,2758452,2728872,2737846,5057983,5057983,10
2025-10-02 15:16:25,100759,pairwise,VerletListsCells,1.000000,vlc_sliced_balanced,none,AoS,disabled,16321788,1936308,1911918,1898401,1896479,1906079,1895422,1898017,1903799,1901852,3347005,3347005,10
2025-10-02 15:16:25,100769,pairwise,VerletListsCells,1.000000,vlc_sliced_balanced,none,AoS,enabled,14402085,1006040,994101,987192,993355,986057,988869,981987,981130,984579,2330538,2330538,10
2025-10-02 15:16:25,100779,pairwise,VerletListsCells,1.000000,vlc_sliced_balanced,none,SoA,disabled,32845156,3820761,3630884,3666451,3626688,3651341,3608806,3609352,3668923,3605765,6573412,6573412,10
2025-10-02 15:16:25,100789,pairwise,VerletListsCells,1.000000,vlc_sliced_balanced,none,SoA,enabled,26045846,2843806,2819049,2840824,2783235,2731083,2695324,2665582,2636690,2715831,5077727,5077727,10
2025-10-02 15:16:25,100799,pairwise,VerletListsCells,1.000000,vlc_sliced_balanced,squared-particles-per-cell,AoS,disabled,15605817,2052558,2008141,1995051,1995744,1985296,1982710,1985808,1983823,1985408,3358035,3358035,10
2025-10-02 15:16:25,100809,pairwise,VerletListsCells,1.000000,vlc_sliced_balanced,squared-particles-per-cell,AoS,enabled,14594704,1090703,1054548,1045885,1045809,1040838,1040176,1041134,1043146,1044790,2404172,2404172,10
2025-10-02 15:16:26,100819,pairwise,VerletListsCells,1.000000,vlc_sliced_balanced,squared-particles-per-cell,SoA,disabled,32829537,3882255,3773015,3726840,3730774,3768490,3740303,3716348,3694919,3686811,6654928,6654928,10
2025-10-02 15:16:26,100829,pairwise,VerletListsCells,1.000000,vlc_sliced_balanced,squared-particles-per-cell,SoA,enabled,26983385,2948261,2874428,2864017,2849784,2820179,2859179,2838500,2819312,2828799,5268583,5268583,10
2025-10-02 15:16:26,100839,pairwise,VerletListsCells,1.000000,vlc_sliced_balanced,neighbor-list-length,AoS,disabled,15570932,2010326,1988743,1980353,1986113,1985386,1980022,1976435,1973002,1974306,3342561,3342561,10
2025-10-02 15:16:26,100849,pairwise,VerletListsCells,1.000000,vlc_sliced_balanced,neighbor-list-length,AoS,enabled,14574700,1054227,1038917,1036756,1035769,1030516,1034181,1035851,1037301,1036906,2391511,2391511,10
2025-10-02 15:16:26,100859,pairwise,VerletListsCells,1.000000,vlc_sliced_balanced,neighbor-list-length,SoA,disabled,33090158,3984169,3689499,3623305,3613025,3632380,3667338,3655462,3610222,3577896,6614345,6614345,10
2025-10-02 15:16:26,100869,pairwise,VerletListsCells,1.000000,vlc_sliced_balanced,neighbor-list-length,SoA,enabled,27017255,2911984,2675036,2657881,2659412,2661118,2655712,2662761,2649345,2637659,5118815,5118815,10
2025-10-02 15:16:26,100879,pairwise,VerletListsCells,1.000000,vlc_sliced_c02,none,AoS,disabled,15830483,2351302,2216429,2317979,2261950,2229535,2314044,2218218,2310009,2294400,3634434,3634434,10
2025-10-02 15:16:26,100889,pairwise,VerletListsCells,1.000000,vlc_sliced_c02,none,AoS,enabled,14733672,1239801,1220090,1211405,1190561,1180733,1191529,1205299,1206540,1199566,2557919,2557919,10
2025-10-02 15:16:26,100899,pairwise,VerletListsCells,1.000000,vlc_sliced_c02,none,SoA,disabled,32870439,4323425,4244198,4354882,4332622,4202711,4087216,4190264,4179398,4018784,7080393,7080393,10
2025-10-02 15:16:26,100909,pairwise,VerletListsCells,1.000000,vlc_sliced_c02,none,SoA,enabled,26760057,3211574,2989215,3121346,3052675,3091986,3211165,3126648,3073937,3003177,5464177,5464177,10
2025-10-02 15:16:26,100919,pairwise,PairwiseVerletLists,1.000000,vlp_c01,none,AoS,disabled,19399742,2078862,2039354,2037146,2040452,2032299,2039329,2039386,2041175,2035884,3778362,3778362,10
2025-10-02 15:16:26,100929,pairwise,PairwiseVerletLists,1.000000,vlp_c01,none,SoA,disabled,53016635,4580412,4285072,4236822,4211908,4212719,4189608,4193804,4193814,4173022,9129381,9129381,10
2025-10-02 15:16:26,100939,pairwise,PairwiseVerletLists,1.000000,vlp_c18,none,AoS,disabled,17652698,2424636,2397927,2403148,2410040,2407445,2401447,2396582,2396669,2394597,3928518,3928518,10
2025-10-02 15:16:26,100949,pairwise,PairwiseVerletLists,1.000000,vlp_c18,none,AoS,enabled,17776809,2321537,2307172,2299799,2303586,2314152,2297264,2314356,2309367,2293045,3853708,3853708,10
2025-10-02 15:16:26,100959,pairwise,PairwiseVerletLists,1.000000,vlp_c18,none,SoA,disabled,63291824,4944664,4735775,4682977,4678209,4666874,4667516,4674379,4667137,4660257,10566961,10566961,10
2025-10-02 15:16:26,100969,pairwise,PairwiseVerletLists,1.000000,vlp_c18,none,SoA,enabled,57653674,4748174,4487034,4517652,4493804,4482186,4473675,4484118,4451649,4479207,9827116,9827116,10
2025-10-02 15:16:27,100979,pairwise,PairwiseVerletLists,1.000000,vlp_sliced,none,AoS,disabled,18233815,2872992,2837599,2845084,2832132,2773204,2738906,2864520,2896997,2914132,4380937,4380937,10
2025-10-02 15:16:27,100989,pairwise,PairwiseVerletLists,1.000000,vlp_sliced,none,AoS,enabled,17502248,1799004,1870856,1631596,1721250,1847197,1679645,1814157,1744477,1800348,3341077,3341077,10
2025-10-02 15:16:27,100999,pairwise,PairwiseVerletLists,1.000000,vlp_sliced,none,SoA,disabled,66723615,5755663,5701505,5613692,5575299,5632056,5565036,5797444,5793210,5836166,11799368,11799368,10
2025-10-02 15:16:27,101009,pairwise,PairwiseVerletLists,1.000000,vlp_sliced,none,SoA,enabled,53575266,4752901,4554788,4556927,4563256,4402426,4589576,4668991,4440049,4348846,9445302,9445302,10
2025-10-02 15:16:27,101019,pairwise,PairwiseVerletLists,1.000000,vlp_sliced_balanced,none,AoS,disabled,18328443,2897288,2921330,2773678,2790174,2781044,2752950,2770881,2776372,2769040,4356119,4356119,10
2025-10-02 15:16:27,101029,pairwise,PairwiseVerletLists,1.000000,vlp_sliced_balanced,none,AoS,enabled,17225481,1702061,1709230,1698049,1662457,1667604,1687596,1698238,1697998,1693075,3244178,3244178,10
2025-10-02 15:16:27,101039,pairwise,PairwiseVerletLists,1.000000,vlp_sliced_balanced,none,SoA,disabled,66944608,5900284,5675416,5662406,5653775,5618047,5678244,5710686,5681620,5702849,11822793,11822793,10
2025-10-02 15:16:27,101049,pairwise,PairwiseVerletLists,1.000000,vlp_sliced_balanced,none,SoA,enabled,54135859,4719975,4487978,4494289,4457403,4458913,4472215,4486272,4479457,4483195,9467554,9467554,10
2025-10-02 15:16:27,101059,pairwise,PairwiseVerletLists,1.000000,vlp_sliced_c02,none,AoS,disabled,18903878,3430165,3452445,3500382,3411105,3387151,3292943,3396741,3380144,3411265,4956621,4956621,10
2025-10-02 15:16:27,101069,pairwise,PairwiseVerletLists,1.000000,vlp_sliced_c02,none,AoS,enabled,17579394,2027783,2033617,2059667,2063081,2006599,2057624,2028697,1972233,1983643,3581233,3581233,10
2025-10-02 15:16:27,101079,pairwise,PairwiseVerletLists,1.000000,vlp_sliced_c02,none,SoA,disabled,63505018,6613334,6541170,6445815,6564716,6512750,6446640,6397309,6487262,6439537,12195354,12195354,10
2025-10-02 15:16:27,101089,pairwise,PairwiseVerletLists,1.000000,vlp_sliced_c02,none,SoA,enabled,54532193,5100064,5059356,5022942,5099963,4937399,5039251,5044612,5041942,5008081,9988580,9988580,10
2025-10-02 15:16:27,101099,pairwise,PairwiseVerletLists,1.000000,vlp_c08,none,AoS,disabled,19396701,3851073,3812568,3815875,3814649,3816881,3813708,3813246,3817320,3828306,5378031,5378031,10
2025-10-02 15:16:28,101109,pairwise,PairwiseVerletLists,1.000000,vlp_c08,none,AoS,enabled,18278251,2671930,2634646,2639562,2631462,2616404,2625905,2630568,2620112,2613883,4196272,4196272,10
2025-10-02 15:16:28,101119,pairwise,PairwiseVerletLists,1.000000,vlp_c08,none,SoA,disabled,64027935,7142951,7089577,7086160,7093811,7080239,7095427,7072303,7111056,7141063,12794051,12794051,10
2025-10-02 15:16:28,101129,pairwise,PairwiseVerletLists,1.000000,vlp_c08,none,SoA,enabled,54980073,5459192,5278056,5239257,5234463,5210852,5202976,5209447,5224798,5229592,10226870,10226870,10
2025-10-02 15:18:32,105009,pairwise,LinkedCells,1.000000,lc_c01,none,AoS,disabled,2249341,2229805,2231500,2230055,2207294,2208877,2217733,2228428,2233559,2209404,2224599,2224599,10
2025-10-02 15:18:32,105019,pairwise,LinkedCells,1.000000,lc_c01,none,SoA,disabled,3942709,3274642,3232417,3237710,3268064,3226957,3217719,3234192,3249585,3230752,3311474,3311474,10
2025-10-02 15:18:32,105029,pairwise,LinkedCells,1.000000,lc_c01_combined_SoA,none,SoA,disabled,3202349,3227772,3313611,3328261,3202818,3292779,3313796,3291856,3230319,3277832,3268139,3268139,10
2025-10-02 15:18:32,105039,pairwise,LinkedCells,1.000000,lc_c04,none,AoS,disabled,3197100,3175243,3106721,3126843,3122982,3225972,3099768,3137416,3091327,3102833,3138619,3138619,10
2025-10-02 15:18:32,105049,pairwise,LinkedCells,1.000000,lc_c04,none,AoS,enabled,2327898,2326630,2333500,2321485,2320671,2315029,2310090,2356447,2311472,2359254,2328247,2328247,10
2025-10-02 15:18:32,105059,pairwise,LinkedCells,1.000000,lc_c04,none,SoA,disabled,3102345,2961758,2951658,2977063,2971677,2962774,2943547,2957561,2935214,3004601,2976819,2976819,10
2025-10-02 15:18:32,105069,pairwise,LinkedCells,1.000000,lc_c04,none,SoA,enabled,2304342,2241610,2239305,2244312,2248157,2236904,2233039,2232868,2235512,2229988,2244603,2244603,10
2025-10-02 15:18:32,105079,pairwise,LinkedCells,1.000000,lc_c04_HCP,none,AoS,disabled,1319131,1262538,1270676,1263059,1273585,1251064,1248198,1244269,1252901,1246907,1263232,1263232,10
2025-10-02 15:18:32,105089,pairwise,LinkedCells,1.000000,lc_c04_HCP,none,AoS,enabled,1006173,1004559,1000842,1011587,1008570,1007172,1006286,1007470,1001866,1001230,1005575,1005575,10
2025-10-02 15:18:32,105099,pairwise,LinkedCells,1.000000,lc_c04_HCP,none,SoA,disabled,2634674,2560367,2577924,2579799,2577137,2561825,2575686,2562823,2549040,2571753,2575102,2575102,10
2025-10-02 15:18:32,105109,pairwise,LinkedCells,1.000000,lc_c04_HCP,none,SoA,enabled,2520161,2458603,2422769,2445994,2461667,2450686,2430294,2425057,2424771,2450572,2449057,2449057,10
2025-10-02 15:18:32,105119,pairwise,LinkedCells,1.000000,lc_c04_combined_SoA,none,SoA,disabled,3379729,3314334,3295469,3309840,3300450,3314421,3280759,3305207,3293766,3327867,3312184,3312184,10
2025-10-02 15:18:32,105129,pairwise,LinkedCells,1.000000,lc_c04_combined_SoA,none,SoA,enabled,3082525,3033033,2997714,3080848,2980335,3027383,3031824,3061650,3076804,3049609,3042171,3042171,10
2025-10-02 15:18:32,105139,pairwise,LinkedCells,1.000000,lc_c08,none,AoS,disabled,2239362,2207857,2193357,2148864,2135840,2193289,2140610,2140815,2135010,2136792,2167179,2167179,10
2025-10-02 15:18:32,105149,pairwise,LinkedCells,1.000000,lc_c08,none,AoS,enabled,2049586,2051277,2043249,2046771,2042387,2112650,2038726,2115112,2038505,2048866,2058712,2058712,10
2025-10-02 15:18:32,105159,pairwise,LinkedCells,1.000000,lc_c08,none,SoA,disabled,3738521,3645407,3646646,3632974,3597870,3628316,3619820,3771500,3724846,3716524,3672242,3672242,10
2025-10-02 15:18:32,105169,pairwise,LinkedCells,1.000000,lc_c08,none,SoA,enabled,3629139,3644111,3597815,3601153,3590162,3604623,3577003,3575981,3596001,3551197,3596718,3596718,10
2025-10-02 15:18:32,105179,pairwise,LinkedCells,1.000000,lc_c18,none,AoS,disabled,2296953,2270985,2325276,2344160,2284051,2281107,2285407,2278976,2260897,2277832,2290563,2290563,10
2025-10-02 15:18:33,105189,pairwise,LinkedCells,1.000000,lc_c18,none,AoS,enabled,2222661,2280457,2201683,2206408,2257829,2199415,2200687,2200058,2196283,2215021,2218049,2218049,10
2025-10-02 15:18:33,105199,pairwise,LinkedCells,1.000000,lc_c18,none,SoA,disabled,3222976,3078745,3085254,3074624,3137816,3069161,3064612,3080093,3109919,3086582,3100977,3100977,10
2025-10-02 15:18:33,105209,pairwise,LinkedCells,1.000000,lc_c18,none,SoA,enabled,3002323,2976435,2963350,3012897,2994606,2984748,2963340,3020834,2973151,3045441,2993711,2993711,10
2025-10-02 15:18:33,105219,pairwise,LinkedCells,1.000000,lc_sliced,none,AoS,disabled,3152386,2972051,3135683,3224528,2969272,3236180,3227328,3233794,3213210,3230147,3159457,3159457,10
2025-10-02 15:18:33,105229,pairwise,LinkedCells,1.000000,lc_sliced,none,AoS,enabled,2424954,2357567,2351600,2345237,2129574,2236471,2349063,2343678,2214648,2240371,2299315,2299315,10
2025-10-02 15:18:33,105239,pairwise,LinkedCells,1.000000,lc_sliced,none,SoA,disabled,3392835,3273650,3253924,3070909,3049980,3248955,3243067,3245790,3051596,3259237,3208993,3208993,10
2025-10-02 15:18:33,105249,pairwise,LinkedCells,1.000000,lc_sliced,none,SoA,enabled,2557487,2417072,2425346,2417095,2406489,2412086,2411777,2432456,2397650,2406282,2428373,2428373,10
2025-10-02 15:18:33,105259,pairwise,LinkedCells,1.000000,lc_sliced_balanced,none,AoS,disabled,3155098,3148079,3132040,3132549,3133433,3137581,3123207,3122242,3134837,3138566,3135762,3135762,10
2025-10-02 15:18:33,105269,pairwise,LinkedCells,1.000000,lc_sliced_balanced,none,AoS,enabled,2360587,2352320,2339691,2337413,2335601,2342266,2358273,2353248,2355012,2346325,2348073,2348073,10
2025-10-02 15:18:33,105279,pairwise,LinkedCells,1.000000,lc_sliced_balanced,none,SoA,disabled,3354746,3224229,3199834,3213384,3208972,3218105,3189220,3189194,3204752,3196154,3219858,3219858,10
2025-10-02 15:18:33,105289,pairwise,LinkedCells,1.000000,lc_sliced_balanced,none,SoA,enabled,2517850,2386331,2397117,2370296,2369111,2367958,2387904,2383605,2364621,2374181,2391896,2391896,10
2025-10-02 15:18:33,105299,pairwise,LinkedCells,1.000000,lc_sliced_balanced,squared-particles-per-cell,AoS,disabled,3921410,3161627,3098073,3104493,3089062,3100441,3091855,3100288,3093372,3093424,3185404,3185404,10
2025-10-02 15:18:33,105309,pairwise,LinkedCells,1.000000,lc_sliced_balanced,squared-particles-per-cell,AoS,enabled,3013067,2893901,2864462,2861051,2885125,2881932,2859303,2857301,2884008,2862384,2886253,2886253,10
2025-10-02 15:18:33,105319,pairwise,LinkedCells,1.000000,lc_sliced_balanced,squared-particles-per-cell,SoA,disabled,9915426,9308031,9250466,9183153,9114052,9163172,9186279,9144715,9101030,9068579,9243489,9243489,10
2025-10-02 15:18:33,105329,pairwise,LinkedCells,1.000000,lc_sliced_balanced,squared-particles-per-cell,SoA,enabled,9113052,8840493,8771264,8943366,9038677,8969827,8770834,8841027,8861184,9046021,8919574,8919574,10
2025-10-02 15:18:33,105339,pairwise,LinkedCells,1.000000,lc_sliced_c02,none,AoS,disabled,3407731,3094326,3115477,3104437,3110821,3215474,3236795,3219578,3090435,3086713,3168178,3168178,10
2025-10-02 15:18:33,105349,pairwise,LinkedCells,1.000000,lc_sliced_c02,none,AoS,enabled,2416563,2242221,2303186,2277570,2415950,2308629,2394235,2404434,2405906,2397804,2356649,2356649,10
2025-10-02 15:18:33,105359,pairwise,LinkedCells,1.000000,lc_sliced_c02,none,SoA,disabled,4115206,3217572,3222989,3018526,3343161,3200085,3201861,3124006,3440189,3248819,3313241,3313241,10
2025-10-02 15:18:33,105369,pairwise,LinkedCells,1.000000,lc_sliced_c02,none,SoA,enabled,2584371,2399781,2360440,2373970,2308175,2358092,2333218,2338878,2320511,2353433,2373086,2373086,10
2025-10-02 15:18:33,105379,pairwise,VerletClusterLists,1.000000,vcl_c01_balanced,none,AoS,disabled,12420263,1506541,1507573,1503257,1499352,1494002,1497112,1487410,1493587,1497047,2590614,2590614,10
2025-10-02 15:18:33,105389,pairwise,VerletClusterLists,1.000000,vcl_c01_balanced,none,SoA,disabled,10173451,626861,625591,619591,615934,619564,619002,620124,622733,625452,1576830,1576830,10
2025-10-02 15:18:34,105399,pairwise,VerletClusterLists,1.000000,vcl_c06,none,AoS,disabled,30145452,19304384,19357199,19455124,19345659,19787455,19383835,19373735,19299628,19381369,20483383,20483383,10
2025-10-02 15:18:34,105409,pairwise,VerletClusterLists,1.000000,vcl_c06,none,AoS,enabled,16077502,9853090,9666987,9668812,9651500,9648177,9628006,9671503,9638642,9608934,10311314,10311314,10
2025-10-02 15:18:34,105419,pairwise,VerletClusterLists,1.000000,vcl_c06,none,SoA,disabled,17395041,7932509,7843421,7944041,7785621,7807985,7724683,8001373,7591483,7762738,8778889,8778889,10
2025-10-02 15:18:34,105429,pairwise,VerletClusterLists,1.000000,vcl_c06,none,SoA,enabled,10388073,4195445,4241471,4168802,4171067,4198356,4173432,4190846,4216297,4129581,4807336,4807336,10
2025-10-02 15:18:34,105439,pairwise,VerletClusterLists,1.000000,vcl_sliced,none,AoS,disabled,29411031,19107366,18020166,19113227,19083628,19130565,19105319,17997619,19091652,17894491,19795505,19795505,10
2025-10-02 15:18:34,105449,pairwise,VerletClusterLists,1.000000,vcl_sliced,none,AoS,enabled,16702905,9942776,9921616,9828495,9788324,9871759,9828675,10280247,9821804,10290931,10627752,10627752,10
2025-10-02 15:18:34,105459,pairwise,VerletClusterLists,1.000000,vcl_sliced,none,SoA,disabled,17341569,6633596,6834924,6830113,6692834,6703068,6635114,6827883,6818000,6689882,7800697,7800697,10
2025-10-02 15:18:34,105469,pairwise,VerletClusterLists,1.000000,vcl_sliced,none,SoA,enabled,10034884,3723781,3716147,3721023,3792368,3691732,3701222,3701808,3696315,3687214,4346649,4346649,10
2025-10-02 15:18:34,105479,pairwise,VerletClusterLists,1.000000,vcl_sliced_balanced,none,AoS,disabled,28161259,18755138,18762749,18754348,18829914,18780471,18803936,18781036,18753001,18905913,19728776,19728776,10
2025-10-02 15:18:35,105489,pairwise,VerletClusterLists,1.000000,vcl_sliced_balanced,none,AoS,enabled,16569633,10265124,10235727,10303618,10222430,10203941,10226027,10247908,10190281,10226296,10869097,10869097,10
2025-10-02 15:18:35,105499,pairwise,VerletClusterLists,1.000000,vcl_sliced_balanced,none,SoA,disabled,16368507,6838420,6845481,6823472,6858830,6839952,6841878,6852005,6835893,6843545,7794798,7794798,10
2025-10-02 15:18:35,105509,pairwise,VerletClusterLists,1.000000,vcl_sliced_balanced,none,SoA,enabled,10041983,3712697,3694929,3692197,3693074,3686917,3695197,3703716,3690114,3684327,4329514,4329514,10
2025-10-02 15:18:35,105519,pairwise,VerletClusterLists,1.000000,vcl_sliced_balanced,neighbor-list-length,AoS,disabled,31981076,18866618,18882311,18954365,18900346,18850409,19026870,19028785,19046384,18896253,20243341,20243341,10
2025-10-02 15:18:35,105529,pairwise,VerletClusterLists,1.000000,vcl_sliced_balanced,neighbor-list-length,AoS,enabled,16731040,10298145,10311788,10292853,10282939,10412146,10371559,10287828,10342544,10295612,10962644,10962644,10
2025-10-02 15:18:35,105539,pairwise,VerletClusterLists,1.000000,vcl_sliced_balanced,neighbor-list-length,SoA,disabled,16313372,6833845,6843018,6856124,6847546,6846289,6840535,6898378,6834331,6842813,7795624,7795624,10
2025-10-02 15:18:35,105549,pairwise,VerletClusterLists,1.000000,vcl_sliced_balanced,neighbor-list-length,SoA,enabled,10239705,3710692,3699780,3705656,3730681,3702549,3709212,3702195,3709763,3697209,4360743,4360743,10
2025-10-02 15:18:35,105559,pairwise,VerletClusterLists,1.000000,vcl_sliced_c02,none,AoS,disabled,30113805,19724154,19681168,19800337,19733045,19767260,19719679,19672546,19660283,19742737,20761500,20761500,10
2025-10-02 15:18:35,105569,pairwise,VerletClusterLists,1.000000,vcl_sliced_c02,none,AoS,enabled,17024748,10697119,10643650,10724293,10736615,10838139,10678096,10694704,10653731,10684529,11337561,11337561,10
2025-10-02 15:18:36,105579,pairwise,VerletClusterLists,1.000000,vcl_sliced_c02,none,SoA,disabled,18809125,6826362,6837222,6800818,6805557,6816139,6828630,6782692,6819556,6887855,8021395,8021395,10
2025-10-02 15:18:36,105589,pairwise,VerletClusterLists,1.000000,vcl_sliced_c02,none,SoA,enabled,10035944,3824665,3710588,3747608,3691530,3654757,3661972,3690987,3684442,3667038,4336952,4336952,10
2025-10-02 15:18:36,105599,pairwise,VerletLists,1.000000,vl_list_iteration,none,AoS,disabled,7066838,498297,483606,481082,486769,480973,485453,473763,472809,477369,1140695,1140695,10
2025-10-02 15:18:36,105609,pairwise,VerletLists,1.000000,vl_list_iteration,none,SoA,disabled,16650798,2174549,2055239,2059806,2032008,2012028,2007749,2032050,2005145,1989878,3501924,3501924,10
2025-10-02 15:18:36,105619,pairwise,VerletListsCells,1.000000,vlc_c01,none,AoS,disabled,24362841,1725391,1729227,1717144,1726568,1727881,1715683,1713018,1719863,1727515,3986512,3986512,10
2025-10-02 15:18:36,105629,pairwise,VerletListsCells,1.000000,vlc_c01,none,SoA,disabled,35323406,3343879,3170783,3074138,3093943,3080672,3130621,3071044,3157288,3147913,6359368,6359368,10
2025-10-02 15:18:36,105639,pairwise,VerletListsCells,1.000000,vlc_c18,none,AoS,disabled,16452536,2018795,2019526,2017196,2004601,2008003,2016244,2001986,2007807,2024222,3457091,3457091,10
2025-10-02 15:18:36,105649,pairwise,VerletListsCells,1.000000,vlc_c18,none,AoS,enabled,15365560,1944202,1939877,1936187,1937946,1937732,1938739,1941942,1927577,1937288,3280704,3280704,10
2025-10-02 15:18:36,105659,pairwise,VerletListsCells,1.000000,vlc_c18,none,SoA,disabled,32636538,3743707,3606744,3615791,3615648,3619587,3622859,3606751,3568045,3531125,6516679,6516679,10
2025-10-02 15:18:36,105669,pairwise,VerletListsCells,1.000000,vlc_c18,none,SoA,enabled,26985090,3509286,3470725,3508402,3437908,3473564,3531314,3575269,3586668,3435637,5851386,5851386,10
2025-10-02 15:18:36,105679,pairwise,VerletListsCells,1.000000,vlc_c08,none,AoS,disabled,12050668,1854133,1851624,1847742,1839402,1841097,1849586,1837696,1847467,1829440,2864885,2864885,10
2025-10-02 15:18:36,105689,pairwise,VerletListsCells,1.000000,vlc_c08,none,AoS,enabled,11808898,1780892,1782547,1777015,1778694,1773535,1768200,1774157,1777395,1764401,2778573,2778573,10
2025-10-02 15:18:36,105699,pairwise,VerletListsCells,1.000000,vlc_c08,none,SoA,disabled,27322370,3525852,3528748,3454715,3466162,3573027,3470778,3465285,3416391,3427074,5865039,5865039,10
2025-10-02 15:18:36,105709,pairwise,VerletListsCells,1.000000,vlc_c08,none,SoA,enabled,24110840,3386666,3339286,3370256,3428916,3455509,3421300,3438678,3441630,3442875,5483594,5483594,10
2025-10-02 15:18:36,105719,pairwise,VerletListsCells,1.000000,vlc_sliced,none,AoS,disabled,16534154,2207336,2147564,2083319,2075550,2145879,2145046,2071881,2078684,2158957,3564836,3564836,10
2025-10-02 15:18:36,105729,pairwise,VerletListsCells,1.000000,vlc_sliced,none,AoS,enabled,14770747,1069281,1101197,1094460,1126158,1079811,1083302,1071943,1093108,1091344,2458135,2458135,10
2025-10-02 15:18:36,105739,pairwise,VerletListsCells,1.000000,vlc_sliced,none,SoA,disabled,32786270,3890832,3741935,3685679,3782749,3814625,3746670,3816520,3802512,3790034,6685782,6685782,10
2025-10-02 15:18:36,105749,pairwise,VerletListsCells,1.000000,vlc_sliced,none,SoA,enabled,25917450,2914803,2922642,2841449,2859386,2853183,2886345,2816297,2765568,2857420,5163453,5163453,10
2025-10-02 15:18:36,105759,pairwise,VerletListsCells,1.000000,vlc_sliced_balanced,none,AoS,disabled,16598916,2092424,2072930,2070613,2067463,2066912,2073763,2066007,2063680,2065076,3523778,3523778,10
2025-10-02 15:18:36,105769,pairwise,VerletListsCells,1.000000,vlc_sliced_balanced,none,AoS,enabled,14632791,1075859,1064535,1060419,1063572,1058629,1062932,1059023,1060518,1058642,2419692,2419692,10
2025-10-02 15:18:37,105779,pairwise,VerletListsCells,1.000000,vlc_sliced_balanced,none,SoA,disabled,32743450,3958196,3806800,3787857,3765297,3759915,3755174,3755810,3807454,3753313,6689326,6689326,10
2025-10-02 15:18:37,105789,pairwise,VerletListsCells,1.000000,vlc_sliced_balanced,none,SoA,enabled,26162347,2931567,2871233,2856308,2859537,2852556,2884827,2802480,2857377,2859465,5193769,5193769,10
2025-10-02 15:18:37,105799,pairwise,VerletListsCells,1.000000,vlc_sliced_balanced,squared-particles-per-cell,AoS,disabled,15833615,2220915,2169990,2170673,2171248,2167236,2166889,2161930,2167584,2159157,3538922,3538922,10
2025-10-02 15:18:37,105809,pairwise,VerletListsCells,1.000000,vlc_sliced_balanced,squared-particles-per-cell,AoS,enabled,14627725,1176440,1146626,1133958,1138737,1144751,1139271,1136761,1141759,1140160,2492618,2492618,10
2025-10-02 15:18:37,105819,pairwise,VerletListsCells,1.000000,vlc_sliced_balanced,squared-particles-per-cell,SoA,disabled,32710210,4120717,4009956,3966979,3892485,3942682,3929234,3918563,3932776,3934044,6835764,6835764,10
2025-10-02 15:18:37,105829,pairwise,VerletListsCells,1.000000,vlc_sliced_balanced,squared-particles-per-cell,SoA,enabled,27325204,3027153,2984665,2991649,2961879,2997718,2901628,2916433,2954168,2904118,5396461,5396461,10
2025-10-02 15:18:37,105839,pairwise,VerletListsCells,1.000000,vlc_sliced_balanced,neighbor-list-length,AoS,disabled,15842279,2203760,2175689,2174225,2168846,2173447,2167033,2168682,2165759,2164733,3540444,3540444,10
2025-10-02 15:18:37,105849,pairwise,VerletListsCells,1.000000,vlc_sliced_balanced,neighbor-list-length,AoS,enabled,14826334,1150744,1135795,1136059,1131187,1145474,1133671,1126735,1136708,1132411,2505511,2505511,10
2025-10-02 15:18:37,105859,pairwise,VerletListsCells,1.000000,vlc_sliced_balanced,neighbor-list-length,SoA,disabled,32969455,4148885,3841111,3774384,3789651,3785437,3760283,3724786,3724601,3740909,6725950,6725950,10
2025-10-02 15:18:37,105869,pairwise,VerletListsCells,1.000000,vlc_sliced_balanced,neighbor-list-length,SoA,enabled,27306838,2797974,2761406,2962238,2745963,2756138,2737776,2749088,2946381,2737115,5250091,5250091,10
2025-10-02 15:18:37,105879,pairwise,VerletListsCells,1.000000,vlc_sliced_c02,none,AoS,disabled,16197333,2514897,2554883,2551992,2586272,2508449,2524548,2504907,2537072,2563753,3904410,3904410,10
2025-10-02 15:18:37,105889,pairwise,VerletListsCells,1.000000,vlc_sliced_c02,none,AoS,enabled,14999007,1370423,1346809,1364954,1315460,1318339,1311061,1317030,1297060,1325626,2696576,2696576,10
2025-10-02 15:18:37,105899,pairwise,VerletListsCells,1.000000,vlc_sliced_c02,none,SoA,disabled,33134239,4706555,4441061,4355372,4400023,4274901,4244895,4144781,4331731,4448315,7248187,7248187,10
2025-10-02 15:18:37,105909,pairwise,VerletListsCells,1.000000,vlc_sliced_c02,none,SoA,enabled,27307231,3164564,3158055,2980520,3117538,3147930,3015731,3014497,3058578,3166030,5513066,5513066,10
2025-10-02 15:18:37,105919,pairwise,PairwiseVerletLists,1.000000,vlp_c01,none,AoS,disabled,20814182,2038580,2041585,2029816,2029648,2028742,2028633,2023193,2021947,2023729,3908005,3908005,10
2025-10-02 15:18:37,105929,pairwise,PairwiseVerletLists,1.000000,vlp_c01,none,SoA,disabled,53440197,4575047,4296629,4233960,4198748,4172723,4192351,4215192,4160082,4169233,9165416,9165416,10
2025-10-02 15:18:37,105939,pairwise,PairwiseVerletLists,1.000000,vlp_c18,none,AoS,disabled,18577013,2396355,2396687,2382905,2377404,2377688,2384189,2381469,2374704,2391056,4003946,4003946,10
2025-10-02 15:18:37,105949,pairwise,PairwiseVerletLists,1.000000,vlp_c18,none,AoS,enabled,18218742,2298732,2300802,2294914,2282454,2293847,2285991,2291005,2291560,2287252,3884529,3884529,10
2025-10-02 15:18:38,105959,pairwise,PairwiseVerletLists,1.000000,vlp_c18,none,SoA,disabled,63565697,4976671,4765962,4719698,4694622,4694690,4713604,4681182,4687742,4657976,10615783,10615783,10
2025-10-02 15:18:38,105969,pairwise,PairwiseVerletLists,1.000000,vlp_c18,none,SoA,enabled,55941217,4779695,4558020,4521239,4502732,4488341,4498754,4489448,4484067,4483914,9674742,9674742,10
2025-10-02 15:18:38,105979,pairwise,PairwiseVerletLists,1.000000,vlp_sliced,none,AoS,disabled,19666035,3097377,2978837,3018835,3060830,3122285,3154090,2939181,2946064,3066934,4705046,4705046,10
2025-10-02 15:18:38,105989,pairwise,PairwiseVerletLists,1.000000,vlp_sliced,none,AoS,enabled,17709059,1893611,1848313,1857894,1955903,1919998,1919654,1938875,2010563,1911903,3496576,3496576,10
2025-10-02 15:18:38,105999,pairwise,PairwiseVerletLists,1.000000,vlp_sliced,none,SoA,disabled,67852101,6105109,6008857,6034487,6009038,5993650,6022786,5997874,6026341,6017867,12206811,12206811,10
2025-10-02 15:18:38,106009,pairwise,PairwiseVerletLists,1.000000,vlp_sliced,none,SoA,enabled,55821248,5049118,4819923,4822089,4851296,4723718,4643067,4671124,4878016,4804547,9908414,9908414,10
2025-10-02 15:18:38,106019,pairwise,PairwiseVerletLists,1.000000,vlp_sliced_balanced,none,AoS,disabled,19557308,3190337,3138947,3137797,3115788,3096988,3123860,3143332,3116518,3187593,4780846,4780846,10
2025-10-02 15:18:38,106029,pairwise,PairwiseVerletLists,1.000000,vlp_sliced_balanced,none,AoS,enabled,18099020,1955654,1863463,1847603,1898037,1838469,1923082,1790733,1924724,1875742,3501652,3501652,10
2025-10-02 15:18:38,106039,pairwise,PairwiseVerletLists,1.000000,vlp_sliced_balanced,none,SoA,disabled,63550505,6105143,5896858,5816384,5852340,5845172,5887205,5892229,5926994,5912734,11668556,11668556,10
2025-10-02 15:18:38,106049,pairwise,PairwiseVerletLists,1.000000,vlp_sliced_balanced,none,SoA,enabled,54081621,4890286,4703027,4689454,4650424,4677062,4635860,4649719,4649003,4689407,9631585,9631585,10
2025-10-02 15:18:38,106059,pairwise,PairwiseVerletLists,1.000000,vlp_sliced_c02,none,AoS,disabled,20571146,4013568,3958473,3812133,3900820,3766332,3745459,3912159,3917117,3703554,5530076,5530076,10
2025-10-02 15:18:38,106069,pairwise,PairwiseVerletLists,1.000000,vlp_sliced_c02,none,AoS,enabled,18133454,2108691,2259913,2243732,2222482,2188910,2142453,2168243,2159483,2194708,3782206,3782206,10
2025-10-02 15:18:39,106079,pairwise,PairwiseVerletLists,1.000000,vlp_sliced_c02,none,SoA,disabled,63692454,7117528,6898378,6903947,7011704,6892413,7054481,6855328,6844322,6882723,12615327,12615327,10
2025-10-02 15:18:39,106089,pairwise,PairwiseVerletLists,1.000000,vlp_sliced_c02,none,SoA,enabled,54729863,5406533,5228671,5423738,5313899,5190459,5356413,5240267,5257969,5235412,10238321,10238321,10
2025-10-02 15:18:39,106099,pairwise,PairwiseVerletLists,1.000000,vlp_c08,none,AoS,disabled,20624532,3847397,3833504,3823225,3808331,3814541,3808561,3813165,3820180,3820198,5501363,5501363,10
2025-10-02 15:18:39,106109,pairwise,PairwiseVerletLists,1.000000,vlp_c08,none,AoS,enabled,18712057,2668068,2642533,2618036,2636512,2619530,2626010,2618568,2622934,2624637,4238887,4238887,10
2025-10-02 15:18:39,106119,pairwise,PairwiseVerletLists,1.000000,vlp_c08,none,SoA,disabled,64164298,7177880,7141552,7111808,7111464,7103225,7103921,7104879,7099134,7094743,12821289,12821289,10
2025-10-02 15:18:39,106129,pairwise,PairwiseVerletLists,1.000000,vlp_c08,none,SoA,enabled,54874036,5465061,5294641,5278713,5254536,5234965,5234627,5230392,5249600,5240376,10235694,10235694,10
2025-10-02 15:20:39,110009,pairwise,LinkedCells,1.000000,lc_c01,none,AoS,disabled,2302073,2304003,2296557,2269814,2301032,2281449,2317070,2257334,2266841,2305622,2290179,2290179,10
2025-10-02 15:20:39,110019,pairwise,LinkedCells,1.000000,lc_c01,none,SoA,disabled,4163446,3426151,3405817,3368705,3354864,3387093,3417797,3360286,3358913,3376268,3461933,3461933,10
2025-10-02 15:20:39,110029,pairwise,LinkedCells,1.000000,lc_c01_combined_SoA,none,SoA,disabled,3494222,3449656,3435356,3375164,3528355,3655064,3521107,3467324,3444178,3460291,3483071,3483071,10
2025-10-02 15:20:39,110039,pairwise,LinkedCells,1.000000,lc_c04,none,AoS,disabled,3356909,3238460,3340653,3216398,3207066,3260844,3205266,3279497,3343158,3195383,3264362,3264362,10
2025-10-02 15:20:39,110049,pairwise,LinkedCells,1.000000,lc_c04,none,AoS,enabled,2419595,2406337,2399321,2414396,2378121,2442128,2421716,2412978,2437180,2411312,2414308,2414308,10
2025-10-02 15:20:39,110059,pairwise,LinkedCells,1.000000,lc_c04,none,SoA,disabled,3224608,3101972,3084173,3094715,3092290,3088054,3091023,3083478,3087532,3090799,3103864,3103864,10
2025-10-02 15:20:39,110069,pairwise,LinkedCells,1.000000,lc_c04,none,SoA,enabled,2435075,2338794,2339824,2346306,2371155,2350015,2344553,2333242,2341165,2342023,2354214,2354214,10
2025-10-02 15:20:40,110079,pairwise,LinkedCells,1.000000,lc_c04_HCP,none,AoS,disabled,1305501,1253063,1241634,1252010,1256848,1252088,1252878,1240213,1246378,1240478,1254108,1254108,10
2025-10-02 15:20:40,110089,pairwise,LinkedCells,1.000000,lc_c04_HCP,none,AoS,enabled,1022357,1024129,1019430,1011475,1018686,1024516,1036407,1030555,1020452,1014418,1022241,1022241,10
2025-10-02 15:20:40,110099,pairwise,LinkedCells,1.000000,lc_c04_HCP,none,SoA,disabled,2783481,2708491,2692130,2677093,2679261,2692908,2660905,2640935,2648565,2672213,2685597,2685597,10
2025-10-02 15:20:40,110109,pairwise,LinkedCells,1.000000,lc_c04_HCP,none,SoA,enabled,2590098,2524726,2533467,2553437,2544778,2568541,2529781,2528543,2534173,2550510,2545805,2545805,10
2025-10-02 15:20:40,110119,pairwise,LinkedCells,1.000000,lc_c04_combined_SoA,none,SoA,disabled,3489553,3452936,3452516,3489681,3514822,3458916,3445469,3456051,3484925,3435105,3467997,3467997,10
2025-10-02 15:20:40,110129,pairwise,LinkedCells,1.000000,lc_c04_combined_SoA,none,SoA,enabled,3230138,3149800,3154794,3159376,3208493,3172236,3177577,3170910,3167302,3165263,3175588,3175588,10
2025-10-02 15:20:40,110139,pairwise,LinkedCells,1.000000,lc_c08,none,AoS,disabled,2303781,2232187,2213783,2209045,2209413,2194217,2149010,2147771,2145620,2149152,2195397,2195397,10
2025-10-02 15:20:40,110149,pairwise,LinkedCells,1.000000,lc_c08,none,AoS,enabled,2058689,2050887,2067030,2056149,2065648,2060105,2100514,2078733,2060231,2064119,2066210,2066210,10
2025-10-02 15:20:40,110159,pairwise,LinkedCells,1.000000,lc_c08,none,SoA,disabled,3901568,3760992,3845537,3834999,3828329,3835974,3870005,3832474,3830353,3831994,3837222,3837222,10
2025-10-02 15:20:40,110169,pairwise,LinkedCells,1.000000,lc_c08,none,SoA,enabled,3760733,3692783,3677032,3702227,3683380,3670152,3705598,3667751,3698837,3658679,3691716,3691716,10
2025-10-02 15:20:40,110179,pairwise,LinkedCells,1.000000,lc_c18,none,AoS,disabled,2315505,2291690,2295777,2278253,2275751,2269801,2332653,2276405,2341553,2271857,2294923,2294923,10
2025-10-02 15:20:40,110189,pairwise,LinkedCells,1.000000,lc_c18,none,AoS,enabled,2221888,2208777,2220164,2215812,2213148,2207449,2211905,2199992,2224201,2250044,2217337,2217337,10
2025-10-02 15:20:40,110199,pairwise,LinkedCells,1.000000,lc_c18,none,SoA,disabled,3283290,3211782,3238634,3249078,3193669,3183575,3197522,3187071,3194506,3196650,3213576,3213576,10
2025-10-02 15:20:40,110209,pairwise,LinkedCells,1.000000,lc_c18,none,SoA,enabled,3112988,3138057,3090809,3089667,3126922,3074774,3080218,3119966,3083259,3079097,3099575,3099575,10
2025-10-02 15:20:40,110219,pairwise,LinkedCells,1.000000,lc_sliced,none,AoS,disabled,3390991,3515206,3355984,3248983,3334732,3331922,3273321,3325999,3287440,3328321,3339289,3339289,10
2025-10-02 15:20:40,110229,pairwise,LinkedCells,1.000000,lc_sliced,none,AoS,enabled,2514139,2585211,2577964,2580356,2490492,2498935,2504636,2499144,2586209,2580304,2541738,2541738,10
2025-10-02 15:20:40,110239,pairwise,LinkedCells,1.000000,lc_sliced,none,SoA,disabled,3623341,3484386,3416812,3435244,3398711,3228465,3446083,3441442,3429264,3426482,3433022,3433022,10
2025-10-02 15:20:40,110249,pairwise,LinkedCells,1.000000,lc_sliced,none,SoA,enabled,2554392,2525297,2552855,2533352,2442054,2528008,2539193,2508441,2462686,2529309,2517558,2517558,10
2025-10-02 15:20:40,110259,pairwise,LinkedCells,1.000000,lc_sliced_balanced,none,AoS,disabled,3368257,3329283,3334182,3338324,3342191,3335882,3336865,3338876,3335573,3328963,3338839,3338839,10
2025-10-02 15:20:40,110269,pairwise,LinkedCells,1.000000,lc_sliced_balanced,none,AoS,enabled,2533389,2488301,2486379,2483289,2486386,2487369,2478068,2479522,2478992,2478349,2488003,2488003,10
2025-10-02 15:20:40,110279,pairwise,LinkedCells,1.000000,lc_sliced_balanced,none,SoA,disabled,3512682,3372400,3364304,3371444,3376434,3378414,3366351,3354794,3365749,3371354,3383392,3383392,10
2025-10-02 15:20:40,110289,pairwise,LinkedCells,1.000000,lc_sliced_balanced,none,SoA,enabled,2617378,2523282,2494211,2490940,2495218,2504359,2491133,2496517,2498391,2508871,2512029,2512029,10
2025-10-02 15:20:40,110299,pairwise,LinkedCells,1.000000,lc_sliced_balanced,squared-particles-per-cell,AoS,disabled,3709592,3499525,3449145,3452166,3446959,3445662,3435594,3449207,3447417,3441956,3477722,3477722,10
2025-10-02 15:20:40,110309,pairwise,LinkedCells,1.000000,lc_sliced_balanced,squared-particles-per-cell,AoS,enabled,2819628,2710313,2709817,2725603,2712602,2688512,2684469,2687832,2688800,2698588,2712616,2712616,10
2025-10-02 15:20:40,110319,pairwise,LinkedCells,1.000000,lc_sliced_balanced,squared-particles-per-cell,SoA,disabled,10455232,9492074,9464337,9405030,9409341,9358767,9402015,9412624,9412867,9476658,9528894,9528894,10
2025-10-02 15:20:40,110329,pairwise,LinkedCells,1.000000,lc_sliced_balanced,squared-particles-per-cell,SoA,enabled,9305209,9157284,9043177,8888220,9129716,9141907,9069780,9113648,9178594,9160751,9118828,9118828,10
2025-10-02 15:20:41,110339,pairwise,LinkedCells,1.000000,lc_sliced_c02,none,AoS,disabled,3416377,3466163,3504847,3295610,3485480,3235412,3408456,3418324,3383121,3509912,3412370,3412370,10
2025-10-02 15:20:41,110349,pairwise,LinkedCells,1.000000,lc_sliced_c02,none,AoS,enabled,2566770,2544282,2550956,2485602,2535420,2541441,2539535,2551201,2479284,2542111,2533659,2533659,10
2025-10-02 15:20:41,110359,pairwise,LinkedCells,1.000000,lc_sliced_c02,none,SoA,disabled,4540103,3692444,3628203,3472314,3477335,3598254,3588205,3625001,3660390,3671415,3695365,3695365,10
2025-10-02 15:20:41,110369,pairwise,LinkedCells,1.000000,lc_sliced_c02,none,SoA,enabled,2650168,2511761,2449643,2481502,2471901,2470951,2504170,2442217,2461448,2471143,2491489,2491489,10
2025-10-02 15:20:41,110379,pairwise,VerletClusterLists,1.000000,vcl_c01_balanced,none,AoS,disabled,12414220,1568578,1566108,1575979,1555604,1536360,1551677,1531290,1555559,1551537,2640690,2640690,10
2025-10-02 15:20:41,110389,pairwise,VerletClusterLists,1.000000,vcl_c01_balanced,none,SoA,disabled,10755966,678404,664195,662273,665537,664108,662571,646910,657073,656120,1671315,1671315,10
2025-10-02 15:20:41,110399,pairwise,VerletClusterLists,1.000000,vcl_c06,none,AoS,disabled,27654741,18446470,18459122,18375222,18389454,18412624,18381172,18449862,18442573,18374463,19338570,19338570,10
2025-10-02 15:20:41,110409,pairwise,VerletClusterLists,1.000000,vcl_c06,none,AoS,enabled,15339555,9395166,9335966,9352360,9415698,9370625,9351318,9395041,9387143,9393111,9973597,9973597,10
2025-10-02 15:20:41,110419,pairwise,VerletClusterLists,1.000000,vcl_c06,none,SoA,disabled,18782498,7321930,7308964,7343957,7235970,7309550,7294228,7385173,7271088,7184116,8443747,8443747,10
2025-10-02 15:20:41,110429,pairwise,VerletClusterLists,1.000000,vcl_c06,none,SoA,enabled,10150241,3939969,3970739,3950971,3984470,3953565,3889149,3886383,3953098,3984486,4566307,4566307,10
2025-10-02 15:20:41,110439,pairwise,VerletClusterLists,1.000000,vcl_sliced,none,AoS,disabled,27490757,17860100,17909773,17868118,17696016,17905444,17875879,17862253,17929202,18260294,18865783,18865783,10
2025-10-02 15:20:41,110449,pairwise,VerletClusterLists,1.000000,vcl_sliced,none,AoS,enabled,15556021,9802422,9775372,9780847,9679104,9702076,9782599,9677025,9775535,9781490,10331248,10331248,10
2025-10-02 15:20:42,110459,pairwise,VerletClusterLists,1.000000,vcl_sliced,none,SoA,disabled,17872955,6795584,6588301,6527059,6566381,6658010,6582804,6541885,6533052,6586376,7725239,7725239,10
2025-10-02 15:20:42,110469,pairwise,VerletClusterLists,1.000000,vcl_sliced,none,SoA,enabled,9517533,3657788,3631110,3639150,3635295,3634590,3618719,3612670,3608650,3617751,4217325,4217325,10
2025-10-02 15:20:42,110479,pairwise,VerletClusterLists,1.000000,vcl_sliced_balanced,none,AoS,disabled,27834074,18355810,18368796,18376351,18330358,18430930,18440125,18604053,18388969,18451363,19358082,19358082,10
2025-10-02 15:20:42,110489,pairwise,VerletClusterLists,1.000000,vcl_sliced_balanced,none,AoS,enabled,16039915,10045771,10041377,10088689,10046290,9988407,10024059,10047299,10046735,10047981,10641652,10641652,10
2025-10-02 15:20:42,110499,pairwise,VerletClusterLists,1.000000,vcl_sliced_balanced,none,SoA,disabled,16598458,6713884,6706486,6718582,6723286,6718998,6710470,6709031,6717522,6702235,7701895,7701895,10
2025-10-02 15:20:42,110509,pairwise,VerletClusterLists,1.000000,vcl_sliced_balanced,none,SoA,enabled,9484908,3633233,3643964,3651672,3622580,3639358,3631356,3627681,3627821,3631451,4219402,4219402,10
2025-10-02 15:20:42,110519,pairwise,VerletClusterLists,1.000000,vcl_sliced_balanced,neighbor-list-length,AoS,disabled,28621617,18499861,18495438,18537590,18505641,18545646,18565385,18521354,18528913,18537556,19535900,19535900,10
2025-10-02 15:20:42,110529,pairwise,VerletClusterLists,1.000000,vcl_sliced_balanced,neighbor-list-length,AoS,enabled,15896176,10129887,10133325,10118055,10105987,10126801,10137433,10102278,10120129,10120340,10699040,10699040,10
2025-10-02 15:20:42,110539,pairwise,VerletClusterLists,1.000000,vcl_sliced_balanced,neighbor-list-length,SoA,disabled,15895738,6852640,6735116,6743404,6822407,6749340,6736034,6823334,6728426,6729348,7681578,7681578,10
2025-10-02 15:20:42,110549,pairwise,VerletClusterLists,1.000000,vcl_sliced_balanced,neighbor-list-length,SoA,enabled,9465652,3656581,3643154,3714152,3650729,3658514,3638648,3698511,3649950,3689350,4246524,4246524,10
2025-10-02 15:20:43,110559,pairwise,VerletClusterLists,1.000000,vcl_sliced_c02,none,AoS,disabled,30121794,19092649,18973114,19067297,19047511,18994711,18920933,18918076,19180902,19052953,20136993,20136993,10
2025-10-02 15:20:43,110569,pairwise,VerletClusterLists,1.000000,vcl_sliced_c02,none,AoS,enabled,15962191,10078110,10097423,10024278,10078143,10058254,10083292,10121686,10200949,10094175,10679849,10679849,10
2025-10-02 15:20:43,110579,pairwise,VerletClusterLists,1.000000,vcl_sliced_c02,none,SoA,disabled,18331785,6744789,6822238,6822611,6753737,6754026,6734882,6733221,6727679,6746765,7917173,7917173,10
2025-10-02 15:20:43,110589,pairwise,VerletClusterLists,1.000000,vcl_sliced_c02,none,SoA,enabled,10370348,3643188,3636953,3765360,3651314,3624245,3623751,3713727,3646123,3693584,4336858,4336858,10
2025-10-02 15:20:43,110599,pairwise,VerletLists,1.000000,vl_list_iteration,none,AoS,disabled,7933730,723836,713593,709946,706147,706925,710003,722211,710222,705566,1434217,1434217,10
2025-10-02 15:20:43,110609,pairwise,VerletLists,1.000000,vl_list_iteration,none,SoA,disabled,17677983,2188915,2107472,2063580,2091260,2108314,1977252,1905356,1810152,1811584,3574186,3574186,10
2025-10-02 15:20:43,110619,pairwise,VerletListsCells,1.000000,vlc_c01,none,AoS,disabled,24738614,1734719,1731200,1735854,1726233,1725176,1721605,1729632,1732472,1738653,4031415,4031415,10
2025-10-02 15:20:43,110629,pairwise,VerletListsCells,1.000000,vlc_c01,none,SoA,disabled,36552907,3359946,3203218,3184571,3190600,3229321,3219875,3213037,3188989,3176303,6551875,6551875,10
2025-10-02 15:20:43,110639,pairwise,VerletListsCells,1.000000,vlc_c18,none,AoS,disabled,16625903,2028766,2077738,2029442,2019252,2032719,2016593,2018330,2017578,2025562,3489188,3489188,10
2025-10-02 15:20:43,110649,pairwise,VerletListsCells,1.000000,vlc_c18,none,AoS,enabled,15530874,1949405,1946497,1947465,1943836,1951961,1941179,1947245,1947083,1940952,3304649,3304649,10
2025-10-02 15:20:43,110659,pairwise,VerletListsCells,1.000000,vlc_c18,none,SoA,disabled,34423204,3706415,3663827,3650593,3613449,3574113,3540718,3528111,3614215,3598792,6691342,6691342,10
2025-10-02 15:20:43,110669,pairwise,VerletListsCells,1.000000,vlc_c18,none,SoA,enabled,27816068,3714980,3633088,3553081,3518899,3505033,3500785,3482097,3453386,3469680,5964709,5964709,10
2025-10-02 15:20:43,110679,pairwise,VerletListsCells,1.000000,vlc_c08,none,AoS,disabled,12155801,1859851,1855374,1845434,1906231,1843004,1852311,1856163,1844863,1851811,2887083,2887083,10
2025-10-02 15:20:43,110689,pairwise,VerletListsCells,1.000000,vlc_c08,none,AoS,enabled,11897056,1787874,1784592,1784642,1775132,1829900,1798897,1779898,1786229,1777306,2800152,2800152,10
2025-10-02 15:20:43,110699,pairwise,VerletListsCells,1.000000,vlc_c08,none,SoA,disabled,28334240,3659862,3551018,3516692,3514056,3496689,3590737,3505323,3483848,3486606,6013907,6013907,10
2025-10-02 15:20:44,110709,pairwise,VerletListsCells,1.000000,vlc_c08,none,SoA,enabled,25022616,3557924,3481938,3501036,3483557,3480507,3496379,3491088,3486012,3483556,5648460,5648460,10
2025-10-02 15:20:44,110719,pairwise,VerletListsCells,1.000000,vlc_sliced,none,AoS,disabled,17070604,2264882,2328399,2207399,2180323,2215531,2160741,2207093,2300078,2276795,3721183,3721183,10
2025-10-02 15:20:44,110729,pairwise,VerletListsCells,1.000000,vlc_sliced,none,AoS,enabled,14920187,1196964,1129627,1109503,1171728,1191170,1146604,1133803,1138688,1152838,2529111,2529111,10
2025-10-02 15:20:44,110739,pairwise,VerletListsCells,1.000000,vlc_sliced,none,SoA,disabled,34383238,4242202,3988743,3834419,3911828,3934832,3771977,3929305,3694414,3878530,6956948,6956948,10
2025-10-02 15:20:44,110749,pairwise,VerletListsCells,1.000000,vlc_sliced,none,SoA,enabled,26794710,2906527,2930858,2970095,3026992,2931604,2942430,2953711,2921156,2964855,5334293,5334293,10
2025-10-02 15:20:44,110759,pairwise,VerletListsCells,1.000000,vlc_sliced_balanced,none,AoS,disabled,17052049,2251052,2221213,2204219,2222378,2206032,2206317,2202507,2203084,2202702,3697155,3697155,10
2025-10-02 15:20:44,110769,pairwise,VerletListsCells,1.000000,vlc_sliced_balanced,none,AoS,enabled,14841272,1153266,1146934,1137831,1139530,1137538,1138939,1141240,1140412,1137370,2511433,2511433,10
2025-10-02 15:20:44,110779,pairwise,VerletListsCells,1.000000,vlc_sliced_balanced,none,SoA,disabled,34369236,4210678,4097107,3970909,3947004,3946049,3923892,3900989,3884234,3888423,7013852,7013852,10
2025-10-02 15:20:44,110789,pairwise,VerletListsCells,1.000000,vlc_sliced_balanced,none,SoA,enabled,27196654,3026437,2796234,2952977,2871334,3052122,2950201,2945457,2933635,2720595,5344564,5344564,10
2025-10-02 15:20:44,110799,pairwise,VerletListsCells,1.000000,vlc_sliced_balanced,squared-particles-per-cell,AoS,disabled,16357661,2349701,2297169,2291656,2281750,2280120,2274754,2270793,2279356,2270968,3695392,3695392,10
2025-10-02 15:20:44,110809,pairwise,VerletListsCells,1.000000,vlc_sliced_balanced,squared-particles-per-cell,AoS,enabled,14917964,1234735,1201270,1197241,1196477,1196208,1194423,1191591,1190216,1192332,2571245,2571245,10
2025-10-02 15:20:44,110819,pairwise,VerletListsCells,1.000000,vlc_sliced_balanced,squared-particles-per-cell,SoA,disabled,34512016,4235482,4124613,4035184,4064543,4017591,3982597,4004933,4017567,4018503,7101302,7101302,10
2025-10-02 15:20:44,110829,pairwise,VerletListsCells,1.000000,vlc_sliced_balanced,squared-particles-per-cell,SoA,enabled,28630088,3059546,3017728,3049784,3008089,2990183,2927105,2984017,2997520,2981423,5564547,5564547,10
2025-10-02 15:20:44,110839,pairwise,VerletListsCells,1.000000,vlc_sliced_balanced,neighbor-list-length,AoS,disabled,16334849,2351504,2321452,2324158,2331873,2330927,2318375,2314518,2311211,2316816,3725568,3725568,10
2025-10-02 15:20:44,110849,pairwise,VerletListsCells,1.000000,vlc_sliced_balanced,neighbor-list-length,AoS,enabled,15010643,1227628,1208757,1214743,1212322,1211122,1208955,1206357,1197532,1202884,2590094,2590094,10
2025-10-02 15:20:44,110859,pairwise,VerletListsCells,1.000000,vlc_sliced_balanced,neighbor-list-length,SoA,disabled,34798216,4394582,4206496,3966781,3932679,3925778,3921669,3904120,3900610,3904040,7085497,7085497,10
2025-10-02 15:20:44,110869,pairwise,VerletListsCells,1.000000,vlc_sliced_balanced,neighbor-list-length,SoA,enabled,28503791,3058265,2869638,2859664,2852262,2842153,2838493,2838936,2840835,2835815,5433984,5433984,10
2025-10-02 15:20:44,110879,pairwise,VerletListsCells,1.000000,vlc_sliced_c02,none,AoS,disabled,16551793,2846312,2788438,2777631,2792518,2765132,2682542,2794987,2712880,2708302,4142053,4142053,10
2025-10-02 15:20:44,110889,pairwise,VerletListsCells,1.000000,vlc_sliced_c02,none,AoS,enabled,15280057,1505554,1449624,1435154,1454921,1459978,1442085,1526512,1467577,1438133,2845959,2845959,10
2025-10-02 15:20:45,110899,pairwise,VerletListsCells,1.000000,vlc_sliced_c02,none,SoA,disabled,34955259,4764708,4713614,4664806,4646183,4604263,4469174,4557747,4579197,4590406,7654535,7654535,10
2025-10-02 15:20:45,110909,pairwise,VerletListsCells,1.000000,vlc_sliced_c02,none,SoA,enabled,28739352,3480039,3310161,3268698,3414374,3354953,3333005,3321221,3304856,3293529,5882018,5882018,10
2025-10-02 15:20:45,110919,pairwise,PairwiseVerletLists,1.000000,vlp_c01,none,AoS,disabled,19951232,2063280,2046955,2040495,2042596,2034934,2040045,2046769,2039802,2033648,3833975,3833975,10
2025-10-02 15:20:45,110929,pairwise,PairwiseVerletLists,1.000000,vlp_c01,none,SoA,disabled,55388078,4746195,4413580,4365180,4316712,4310154,4295429,4299723,4288659,4280892,9470459,9470459,10
2025-10-02 15:20:45,110939,pairwise,PairwiseVerletLists,1.000000,vlp_c18,none,AoS,disabled,18147317,2419946,2404746,2395402,2389178,2390257,2446056,2395919,2382264,2422789,3979387,3979387,10
2025-10-02 15:20:45,110949,pairwise,PairwiseVerletLists,1.000000,vlp_c18,none,AoS,enabled,18096388,2316847,2312859,2301537,2299884,2306196,2296456,2308121,2300561,2307856,3884669,3884669,10
2025-10-02 15:20:45,110959,pairwise,PairwiseVerletLists,1.000000,vlp_c18,none,SoA,disabled,67880393,5129988,4838461,4769881,4761595,4799695,4748088,4760442,4771169,4675748,11113545,11113545,10
2025-10-02 15:20:45,110969,pairwise,PairwiseVerletLists,1.000000,vlp_c18,none,SoA,enabled,60497856,4765782,4518061,4505117,4557708,4559495,4547677,4530347,4541595,4532341,10155597,10155597,10
2025-10-02 15:20:45,110979,pairwise,PairwiseVerletLists,1.000000,vlp_sliced,none,AoS,disabled,19349661,3326311,3201763,3290429,3088084,3211067,3070208,3304483,3037771,3187287,4806705,4806705,10
2025-10-02 15:20:45,110989,pairwise,PairwiseVerletLists,1.000000,vlp_sliced,none,AoS,enabled,18032581,1915371,2067891,1857793,2037647,1893351,1999907,1999767,1895647,2037930,3573788,3573788,10
2025-10-02 15:20:45,110999,pairwise,PairwiseVerletLists,1.000000,vlp_sliced,none,SoA,disabled,65890015,6566148,6313459,6381550,6286825,6216076,6151359,6099851,6458521,6307107,12267090,12267090,10
2025-10-02 15:20:45,111009,pairwise,PairwiseVerletLists,1.000000,vlp_sliced,none,SoA,enabled,56533659,4996911,4938580,4937661,4850399,4922378,4893317,5032893,4926530,4898414,10093074,10093074,10
2025-10-02 15:20:45,111019,pairwise,PairwiseVerletLists,1.000000,vlp_sliced_balanced,none,AoS,disabled,19413569,3328741,3297854,3280683,3271333,3260740,3264919,3242242,3243088,3280413,4888357,4888357,10
2025-10-02 15:20:46,111029,pairwise,PairwiseVerletLists,1.000000,vlp_sliced_balanced,none,AoS,enabled,17857264,1984004,1916570,1938807,1932583,1899725,1880510,1922571,1901336,1935821,3516918,3516918,10
2025-10-02 15:20:46,111039,pairwise,PairwiseVerletLists,1.000000,vlp_sliced_balanced,none,SoA,disabled,65816703,6483393,6263363,6233434,6212843,6250171,6204268,6233373,6222516,6217269,12213732,12213732,10
2025-10-02 15:20:46,111049,pairwise,PairwiseVerletLists,1.000000,vlp_sliced_balanced,none,SoA,enabled,56669865,5000595,4813149,4824277,4743451,4825473,4820851,4824373,4799454,4853473,10017495,10017495,10
2025-10-02 15:20:46,111059,pairwise,PairwiseVerletLists,1.000000,vlp_sliced_c02,none,AoS,disabled,19923784,4112509,4021963,4026997,4052374,3950193,3999291,4069104,4045950,3883130,5608528,5608528,10
2025-10-02 15:20:46,111069,pairwise,PairwiseVerletLists,1.000000,vlp_sliced_c02,none,AoS,enabled,18229952,2314195,2373145,2335477,2348141,2435945,2417116,2387169,2376821,2354942,3957290,3957290,10
2025-10-02 15:20:46,111079,pairwise,PairwiseVerletLists,1.000000,vlp_sliced_c02,none,SoA,disabled,66318938,7349616,7232085,7246281,7091140,7128111,7120643,7136631,7257759,7086715,13096791,13096791,10
2025-10-02 15:20:46,111089,pairwise,PairwiseVerletLists,1.000000,vlp_sliced_c02,none,SoA,enabled,57173410,5667168,5616338,5553586,5573023,5508275,5408131,5457757,5300399,5549330,10680741,10680741,10
2025-10-02 15:20:46,111099,pairwise,PairwiseVerletLists,1.000000,vlp_c08,none,AoS,disabled,19803773,3863331,3841984,3837429,3835706,3830715,3821796,3831753,3830422,3823871,5432078,5432078,10
2025-10-02 15:20:46,111109,pairwise,PairwiseVerletLists,1.000000,vlp_c08,none,AoS,enabled,18588246,2677455,2657898,2643158,2642804,2645093,2633281,2637400,2643239,2637163,4240572,4240572,10
2025-10-02 15:20:46,111119,pairwise,PairwiseVerletLists,1.000000,vlp_c08,none,SoA,disabled,66379870,7299907,7242236,7236887,7228586,7241619,7218706,7216718,7228625,7213391,13150654,13150654,10
2025-10-02 15:20:46,111129,pairwise,PairwiseVerletLists,1.000000,vlp_c08,none,SoA,enabled,56853024,5567521,5383756,5356446,5333790,5343959,5350852,5334384,5334724,5337335,10519578,10519578,10
2025-10-02 15:22:43,115009,pairwise,LinkedCells,1.000000,lc_c01,none,AoS,disabled,2366256,2349774,2335920,2346993,2392722,2354570,2326619,2333551,2318351,2322803,2344755,2344755,10
2025-10-02 15:22:43,115019,pairwise,LinkedCells,1.000000,lc_c01,none,SoA,disabled,4382489,3570098,3507814,3536317,3520747,3501903,3500616,3539656,3498171,3500831,3605863,3605863,10
2025-10-02 15:22:43,115029,pairwise,LinkedCells,1.000000,lc_c01_combined_SoA,none,SoA,disabled,3647359,3597568,3700218,3636759,3677929,3648824,3852237,3779208,3700319,3861600,3710201,3710201,10
2025-10-02 15:22:43,115039,pairwise,LinkedCells,1.000000,lc_c04,none,AoS,disabled,3449638,3317115,3406955,3302623,3306089,3304621,3310179,3289631,3446514,3300469,3343383,3343383,10
2025-10-02 15:22:43,115049,pairwise,LinkedCells,1.000000,lc_c04,none,AoS,enabled,2499594,2500088,2473841,2466818,2549779,2480881,2474996,2458500,2479015,2479979,2486348,2486348,10
2025-10-02 15:22:43,115059,pairwise,LinkedCells,1.000000,lc_c04,none,SoA,disabled,3375661,3293683,3250496,3221920,3226010,3225642,3242089,3229680,3229525,3238279,3253297,3253297,10
2025-10-02 15:22:43,115069,pairwise,LinkedCells,1.000000,lc_c04,none,SoA,enabled,2488392,2407925,2404799,2402688,2395810,2404551,2404469,2393457,2395861,2383041,2408098,2408098,10
2025-10-02 15:22:43,115079,pairwise,LinkedCells,1.000000,lc_c04_HCP,none,AoS,disabled,1313636,1284951,1281309,1273087,1263831,1260498,1277401,1284417,1266353,1263382,1276886,1276886,10
2025-10-02 15:22:43,115089,pairwise,LinkedCells,1.000000,lc_c04_HCP,none,AoS,enabled,1044191,1034282,1029738,1024338,1027870,1023112,1021849,1028091,1027593,1033211,1029427,1029427,10
2025-10-02 15:22:43,115099,pairwise,LinkedCells,1.000000,lc_c04_HCP,none,SoA,disabled,2899958,2825223,2798298,2798871,2794196,2792262,2803794,2823442,2797759,2793319,2812712,2812712,10
2025-10-02 15:22:43,115109,pairwise,LinkedCells,1.000000,lc_c04_HCP,none,SoA,enabled,2708108,2652430,2659786,2654673,2671127,2663986,2625531,2636994,2678078,2641201,2659191,2659191,10
2025-10-02 15:22:43,115119,pairwise,LinkedCells,1.000000,lc_c04_combined_SoA,none,SoA,disabled,3717456,3657694,3673636,3719044,3622075,3647634,3629847,3650330,3656328,3635819,3660985,3660985,10
2025-10-02 15:22:43,115129,pairwise,LinkedCells,1.000000,lc_c04_combined_SoA,none,SoA,enabled,3426952,3346896,3407149,3451282,3352848,3312348,3342544,3334504,3356455,3375313,3370629,3370629,10
2025-10-02 15:22:43,115139,pairwise,LinkedCells,1.000000,lc_c08,none,AoS,disabled,2288772,2239143,2239633,2227390,2227939,2235577,2221569,2177082,2173734,2174472,2220530,2220530,10
2025-10-02 15:22:43,115149,pairwise,LinkedCells,1.000000,lc_c08,none,AoS,enabled,2082827,2079387,2075004,2079912,2074649,2077073,2077651,2075236,2083312,2091499,2079654,2079654,10
2025-10-02 15:22:43,115159,pairwise,LinkedCells,1.000000,lc_c08,none,SoA,disabled,4168187,4016672,3976819,3989778,4012077,3962560,3960289,3989099,3959392,3956849,3999171,3999171,10
2025-10-02 15:22:44,115169,pairwise,LinkedCells,1.000000,lc_c08,none,SoA,enabled,3836327,3812196,3788212,3785923,3823109,3810254,3804897,3843247,3807130,3770684,3808197,3808197,10
2025-10-02 15:22:44,115179,pairwise,LinkedCells,1.000000,lc_c18,none,AoS,disabled,2382020,2302911,2330856,2296776,2297309,2294701,2301467,2295010,2300815,2287278,2308913,2308913,10
2025-10-02 15:22:44,115189,pairwise,LinkedCells,1.000000,lc_c18,none,AoS,enabled,2230328,2220965,2281671,2222705,2222900,2230393,2231424,2223041,2220968,2221201,2230559,2230559,10
2025-10-02 15:22:44,115199,pairwise,LinkedCells,1.000000,lc_c18,none,SoA,disabled,3462283,3342640,3335757,3389611,3334196,3327742,3320932,3388746,3326840,3317809,3354655,3354655,10
2025-10-02 15:22:44,115209,pairwise,LinkedCells,1.000000,lc_c18,none,SoA,enabled,3224934,3184753,3182516,3177835,3169548,3218668,3183992,3180934,3216783,3183945,3192390,3192390,10
2025-10-02 15:22:44,115219,pairwise,LinkedCells,1.000000,lc_sliced,none,AoS,disabled,3438293,3414259,3400319,3566678,3552473,3398995,3396157,3390874,3391053,3391234,3434033,3434033,10
2025-10-02 15:22:44,115229,pairwise,LinkedCells,1.000000,lc_sliced,none,AoS,enabled,2564024,2641168,2541612,2540529,2553885,2637861,2654414,2538936,2529221,2650645,2585228,2585228,10
2025-10-02 15:22:44,115239,pairwise,LinkedCells,1.000000,lc_sliced,none,SoA,disabled,3651480,3585017,3472051,3532676,3459663,3475069,3460728,3448397,3554303,3468443,3510782,3510782,10
2025-10-02 15:22:44,115249,pairwise,LinkedCells,1.000000,lc_sliced,none,SoA,enabled,2668632,2584648,2588569,2583838,2569662,2622452,2625497,2814279,2617876,2598667,2627412,2627412,10
2025-10-02 15:22:44,115259,pairwise,LinkedCells,1.000000,lc_sliced_balanced,none,AoS,disabled,3459589,3447455,3432108,3435043,3430381,3426686,3424003,3411175,3406326,3400547,3427331,3427331,10
2025-10-02 15:22:44,115269,pairwise,LinkedCells,1.000000,lc_sliced_balanced,none,AoS,enabled,2546983,2530305,2528261,2527760,2527109,2534223,2531301,2530746,2533625,2530817,2532112,2532112,10
2025-10-02 15:22:44,115279,pairwise,LinkedCells,1.000000,lc_sliced_balanced,none,SoA,disabled,3553300,3457093,3435721,3440501,3435995,3432491,3438369,3444536,3439597,3452759,3453035,3453035,10
2025-10-02 15:22:44,115289,pairwise,LinkedCells,1.000000,lc_sliced_balanced,none,SoA,enabled,2640305,2565363,2560556,2552321,2572835,2562400,2543790,2561201,2575745,2552544,2568705,2568705,10
2025-10-02 15:22:44,115299,pairwise,LinkedCells,1.000000,lc_sliced_balanced,squared-particles-per-cell,AoS,disabled,3858498,3636108,3609137,3602959,3593961,3594722,3601692,3592966,3593443,3591679,3627515,3627515,10
2025-10-02 15:22:44,115309,pairwise,LinkedCells,1.000000,lc_sliced_balanced,squared-particles-per-cell,AoS,enabled,2701503,2668414,2665899,2668580,2662898,2670555,2669015,2660219,2663159,2657945,2668818,2668818,10
2025-10-02 15:22:44,115319,pairwise,LinkedCells,1.000000,lc_sliced_balanced,squared-particles-per-cell,SoA,disabled,10159564,9138105,9095852,9118937,9087874,9082104,9091792,9225763,9096550,9093286,9218982,9218982,10
2025-10-02 15:22:44,115329,pairwise,LinkedCells,1.000000,lc_sliced_balanced,squared-particles-per-cell,SoA,enabled,8917453,8673861,8681088,8668111,8671905,8673857,8655880,8697397,8717001,8666473,8702302,8702302,10
2025-10-02 15:22:44,115339,pairwise,LinkedCells,1.000000,lc_sliced_c02,none,AoS,disabled,3786575,3588810,3563114,3553031,3451712,3435009,3579079,3313230,3441693,3381625,3509387,3509387,10
2025-10-02 15:22:44,115349,pairwise,LinkedCells,1.000000,lc_sliced_c02,none,AoS,enabled,2551435,2511207,2561457,2630183,2652960,2568339,2482308,2448492,2560704,2643469,2561055,2561055,10
2025-10-02 15:22:44,115359,pairwise,LinkedCells,1.000000,lc_sliced_c02,none,SoA,disabled,4691746,3752803,3664662,3621654,3675387,3628590,3736178,3641861,3477918,3363578,3725437,3725437,10
2025-10-02 15:22:44,115369,pairwise,LinkedCells,1.000000,lc_sliced_c02,none,SoA,enabled,2987793,2573631,2564017,2558908,2552430,2529424,2543575,2572491,2573352,2550583,2600620,2600620,10
2025-10-02 15:22:44,115379,pairwise,VerletClusterLists,1.000000,vcl_c01_balanced,none,AoS,disabled,13995986,1591626,1594709,1584615,1588213,1581457,1607337,1592727,1591898,1580961,2830952,2830952,10
2025-10-02 15:22:44,115389,pairwise,VerletClusterLists,1.000000,vcl_c01_balanced,none,SoA,disabled,9660723,655355,651909,642229,660675,644584,645913,649833,651835,641830,1550488,1550488,10
2025-10-02 15:22:45,115399,pairwise,VerletClusterLists,1.000000,vcl_c06,none,AoS,disabled,26183877,16340909,16535999,16384465,16447038,16439254,16363965,16940787,16383864,16433006,17445316,17445316,10
2025-10-02 15:22:45,115409,pairwise,VerletClusterLists,1.000000,vcl_c06,none,AoS,enabled,14473699,8657460,8615466,8577578,8559454,8595310,8554749,8563912,8549631,8539959,9168721,9168721,10
2025-10-02 15:22:45,115419,pairwise,VerletClusterLists,1.000000,vcl_c06,none,SoA,disabled,15390236,6479645,6612717,6568498,6705052,6544909,6573781,6503164,6528641,6649680,7455631,7455631,10
2025-10-02 15:22:45,115429,pairwise,VerletClusterLists,1.000000,vcl_c06,none,SoA,enabled,8721180,3747461,3835527,3744820,3823852,3929777,3743563,3657453,3699743,3770995,4267436,4267436,10
2025-10-02 15:22:45,115439,pairwise,VerletClusterLists,1.000000,vcl_sliced,none,AoS,disabled,25663391,16841611,16844576,16871444,16650847,17255018,16835411,16872784,16884352,17302879,17802231,17802231,10
2025-10-02 15:22:45,115449,pairwise,VerletClusterLists,1.000000,vcl_sliced,none,AoS,enabled,14492045,9152946,9276365,9272797,9305632,9660243,9273844,9650164,9264156,9293355,9864154,9864154,10
2025-10-02 15:22:45,115459,pairwise,VerletClusterLists,1.000000,vcl_sliced,none,SoA,disabled,15134295,6259210,6257718,6248600,6241813,6239291,6199851,6185024,6280935,6189359,7123609,7123609,10
2025-10-02 15:22:45,115469,pairwise,VerletClusterLists,1.000000,vcl_sliced,none,SoA,enabled,9209762,3401838,3402063,3401532,3424075,3399496,3391480,3405072,3390627,3387881,3981382,3981382,10
2025-10-02 15:22:45,115479,pairwise,VerletClusterLists,1.000000,vcl_sliced_balanced,none,AoS,disabled,26212259,17267797,17299055,17226913,17252771,17233361,17269676,17286966,17257032,17196195,18150202,18150202,10
2025-10-02 15:22:46,115489,pairwise,VerletClusterLists,1.000000,vcl_sliced_balanced,none,AoS,enabled,15012079,9493278,9500097,9546366,9496124,9530490,9476146,9506070,9502415,9501378,10056444,10056444,10
2025-10-02 15:22:46,115499,pairwise,VerletClusterLists,1.000000,vcl_sliced_balanced,none,SoA,disabled,15130410,6306106,6254159,6256402,6239095,6261505,6249161,6248566,6251931,6242220,7143954,7143954,10
2025-10-02 15:22:46,115509,pairwise,VerletClusterLists,1.000000,vcl_sliced_balanced,none,SoA,enabled,8514175,3437319,3389984,3391532,3390722,3388647,3398569,3395191,3381759,3386109,3907399,3907399,10
2025-10-02 15:22:46,115519,pairwise,VerletClusterLists,1.000000,vcl_sliced_balanced,neighbor-list-length,AoS,disabled,26847605,17110711,17145797,17122828,17106111,17073454,17078477,17220227,17115921,17080415,18090154,18090154,10
2025-10-02 15:22:46,115529,pairwise,VerletClusterLists,1.000000,vcl_sliced_balanced,neighbor-list-length,AoS,enabled,14578484,9416427,9408587,9423221,9485718,9520041,9482112,9432168,9591749,9461593,9980009,9980009,10
2025-10-02 15:22:46,115539,pairwise,VerletClusterLists,1.000000,vcl_sliced_balanced,neighbor-list-length,SoA,disabled,15240899,6273472,6330827,6261209,6271459,6245352,6253155,6254235,6313536,6261790,7170592,7170592,10
2025-10-02 15:22:46,115549,pairwise,VerletClusterLists,1.000000,vcl_sliced_balanced,neighbor-list-length,SoA,enabled,8535664,3395441,3393838,3407186,3383787,3446863,3430165,3401625,3437646,3402118,3923433,3923433,10
2025-10-02 15:22:46,115559,pairwise,VerletClusterLists,1.000000,vcl_sliced_c02,none,AoS,disabled,29137268,17976788,17969930,17777077,17595556,17773623,17775171,17781401,17919009,17739464,18944528,18944528,10
2025-10-02 15:22:46,115569,pairwise,VerletClusterLists,1.000000,vcl_sliced_c02,none,AoS,enabled,15784027,9430694,9435137,9582580,9467681,9407865,9646135,9399005,9627522,9509212,10128985,10128985,10
2025-10-02 15:22:46,115579,pairwise,VerletClusterLists,1.000000,vcl_sliced_c02,none,SoA,disabled,16178260,6374799,6302372,6280445,6264584,6278138,6268488,6268719,6362244,6271598,7284964,7284964,10
2025-10-02 15:22:46,115589,pairwise,VerletClusterLists,1.000000,vcl_sliced_c02,none,SoA,enabled,8490517,3427739,3443896,3430462,3481565,3409982,3481277,3424801,3427931,3409034,3942719,3942719,10
2025-10-02 15:22:46,115599,pairwise,VerletLists,1.000000,vl_list_iteration,none,AoS,disabled,8506868,746407,737734,732260,738699,739074,731043,751161,757364,730370,1517097,1517097,10
2025-10-02 15:22:47,115609,pairwise,VerletLists,1.000000,vl_list_iteration,none,SoA,disabled,18699509,2264397,2143926,2103602,2111648,2112536,2112230,2113178,2107701,2106752,3787547,3787547,10
2025-10-02 15:22:47,115619,pairwise,VerletListsCells,1.000000,vlc_c01,none,AoS,disabled,24772442,1745346,1742572,1746159,1740332,1740785,1743756,1738969,1741479,1737086,4044892,4044892,10
2025-10-02 15:22:47,115629,pairwise,VerletListsCells,1.000000,vlc_c01,none,SoA,disabled,37866306,3281524,3324596,3348993,3310710,3305343,3252996,3250805,3195619,3222285,6735917,6735917,10
2025-10-02 15:22:47,115639,pairwise,VerletListsCells,1.000000,vlc_c18,none,AoS,disabled,16919600,2036253,2068865,2043837,2029198,2026718,2023109,2032935,2025657,2022992,3522916,3522916,10
2025-10-02 15:22:47,115649,pairwise,VerletListsCells,1.000000,vlc_c18,none,AoS,enabled,15515402,1951973,1948849,1958253,1952545,1949533,1947043,1957352,1945900,1945569,3307241,3307241,10
2025-10-02 15:22:47,115659,pairwise,VerletListsCells,1.000000,vlc_c18,none,SoA,disabled,35247478,3733165,3612723,3557776,3597353,3563172,3708265,3719442,3771679,3728844,6823989,6823989,10
2025-10-02 15:22:47,115669,pairwise,VerletListsCells,1.000000,vlc_c18,none,SoA,enabled,29255119,3630629,3572581,3563526,3541395,3545485,3541265,3582190,3629702,3630002,6149188,6149188,10
2025-10-02 15:22:47,115679,pairwise,VerletListsCells,1.000000,vlc_c08,none,AoS,disabled,12454677,1865480,1853487,1917199,1848429,1860430,1861127,1860445,1858361,1852846,2923247,2923247,10
2025-10-02 15:22:47,115689,pairwise,VerletListsCells,1.000000,vlc_c08,none,AoS,enabled,11939486,1787954,1799716,1790444,1788766,1792018,1793024,1790346,1777349,1787819,2804692,2804692,10
2025-10-02 15:22:47,115699,pairwise,VerletListsCells,1.000000,vlc_c08,none,SoA,disabled,29498381,3736394,3592454,3517780,3490166,3472862,3447254,3435953,3434962,3404894,6103109,6103109,10
2025-10-02 15:22:47,115709,pairwise,VerletListsCells,1.000000,vlc_c08,none,SoA,enabled,25967209,3600960,3503649,3493985,3499503,3515392,3498950,3500868,3504257,3497682,5758245,5758245,10
2025-10-02 15:22:47,115719,pairwise,VerletListsCells,1.000000,vlc_sliced,none,AoS,disabled,17384759,2350840,2334554,2306802,2245394,2286444,2297396,2299210,2219954,2292238,3801758,3801758,10
2025-10-02 15:22:47,115729,pairwise,VerletListsCells,1.000000,vlc_sliced,none,AoS,enabled,15020246,1188977,1247675,1191640,1195571,1257168,1244461,1226251,1194741,1202927,2596965,2596965,10
2025-10-02 15:22:47,115739,pairwise,VerletListsCells,1.000000,vlc_sliced,none,SoA,disabled,35636344,4270830,4207951,4102309,3986378,4089801,4046675,4005895,4132213,3969559,7244795,7244795,10
2025-10-02 15:22:47,115749,pairwise,VerletListsCells,1.000000,vlc_sliced,none,SoA,enabled,27706795,3011068,3047178,2852080,2986240,3027797,2911419,2980470,2996437,2981470,5450094,5450094,10
2025-10-02 15:22:47,115759,pairwise,VerletListsCells,1.000000,vlc_sliced_balanced,none,AoS,disabled,17497289,2334828,2301987,2301221,2292224,2290782,2299340,2295792,2286887,2293182,3819352,3819352,10
2025-10-02 15:22:47,115769,pairwise,VerletListsCells,1.000000,vlc_sliced_balanced,none,AoS,enabled,14972340,1199508,1179945,1183698,1177183,1182383,1173791,1173982,1174072,1171552,2558845,2558845,10
2025-10-02 15:22:47,115779,pairwise,VerletListsCells,1.000000,vlc_sliced_balanced,none,SoA,disabled,35730563,4286958,4133646,4070620,4044379,4028631,4028796,4042146,4017799,4005195,7238873,7238873,10
2025-10-02 15:22:48,115789,pairwise,VerletListsCells,1.000000,vlc_sliced_balanced,none,SoA,enabled,28216709,3054600,3058912,2985856,2884104,2894282,3000876,3073561,3029421,3004401,5520271,5520271,10
2025-10-02 15:22:48,115799,pairwise,VerletListsCells,1.000000,vlc_sliced_balanced,squared-particles-per-cell,AoS,disabled,16644726,2433957,2376535,2357809,2354238,2344002,2352441,2345811,2348316,2341590,3789942,3789942,10
2025-10-02 15:22:48,115809,pairwise,VerletListsCells,1.000000,vlc_sliced_balanced,squared-particles-per-cell,AoS,enabled,15133868,1294214,1255582,1238118,1234024,1230765,1234311,1230743,1226822,1231122,2630956,2630956,10
2025-10-02 15:22:48,115819,pairwise,VerletListsCells,1.000000,vlc_sliced_balanced,squared-particles-per-cell,SoA,disabled,35488965,4393058,4278086,4214933,4175374,4180795,4192050,4165280,4171699,4097299,7335753,7335753,10
2025-10-02 15:22:48,115829,pairwise,VerletListsCells,1.000000,vlc_sliced_balanced,squared-particles-per-cell,SoA,enabled,29463135,3224500,3173031,3147609,3140214,3173792,3199066,3124003,3124706,3128906,5789895,5789895,10
2025-10-02 15:22:48,115839,pairwise,VerletListsCells,1.000000,vlc_sliced_balanced,neighbor-list-length,AoS,disabled,16612356,2468139,2429147,2427935,2425366,2425879,2437137,2429428,2421397,2430880,3850766,3850766,10
2025-10-02 15:22:48,115849,pairwise,VerletListsCells,1.000000,vlc_sliced_balanced,neighbor-list-length,AoS,enabled,15295456,1279437,1262997,1268059,1268510,1262557,1258303,1261735,1259592,1256690,2667332,2667332,10
2025-10-02 15:22:48,115859,pairwise,VerletListsCells,1.000000,vlc_sliced_balanced,neighbor-list-length,SoA,disabled,36171162,4577662,4230887,4156206,4089632,4093379,4127499,4124881,4132353,4122771,7382642,7382642,10
2025-10-02 15:22:48,115869,pairwise,VerletListsCells,1.000000,vlc_sliced_balanced,neighbor-list-length,SoA,enabled,29678787,3247731,2984094,2934950,2936650,2936021,2934431,2928983,2907418,2915709,5640477,5640477,10
2025-10-02 15:22:48,115879,pairwise,VerletListsCells,1.000000,vlc_sliced_c02,none,AoS,disabled,16850504,2939929,2970051,2940924,2870156,2778105,2852212,2921459,2737789,2864048,4272517,4272517,10
2025-10-02 15:22:48,115889,pairwise,VerletListsCells,1.000000,vlc_sliced_c02,none,AoS,enabled,15331448,1538493,1477118,1462151,1465654,1524135,1516750,1444985,1518253,1496968,2877595,2877595,10
2025-10-02 15:22:48,115899,pairwise,VerletListsCells,1.000000,vlc_sliced_c02,none,SoA,disabled,36384321,4964874,4871080,4745704,4760344,4678587,4792758,4696020,4764763,4784517,7944296,7944296,10
2025-10-02 15:22:48,115909,pairwise,VerletListsCells,1.000000,vlc_sliced_c02,none,SoA,enabled,29795602,3441568,3464865,3328451,3460341,3269306,3497588,3379651,3348876,3448371,6043461,6043461,10
2025-10-02 15:22:48,115919,pairwise,PairwiseVerletLists,1.000000,vlp_c01,none,AoS,disabled,20662785,2083513,2060947,2054400,2053150,2068609,2052399,2049436,2051248,2053792,3919027,3919027,10
2025-10-02 15:22:48,115929,pairwise,PairwiseVerletLists,1.000000,vlp_c01,none,SoA,disabled,57508263,4758402,4490508,4429103,4384540,4388421,4363931,4353761,4340029,4351754,9736870,9736870,10
2025-10-02 15:22:48,115939,pairwise,PairwiseVerletLists,1.000000,vlp_c18,none,AoS,disabled,18392723,2428645,2414913,2406346,2399599,2417669,2403387,2404363,2401617,2396332,4006558,4006558,10
2025-10-02 15:22:48,115949,pairwise,PairwiseVerletLists,1.000000,vlp_c18,none,AoS,enabled,18300135,2314637,2314366,2308999,2294477,2297823,2303353,2302668,2305110,2304605,3904617,3904617,10
2025-10-02 15:22:49,115959,pairwise,PairwiseVerletLists,1.000000,vlp_c18,none,SoA,disabled,71705243,5162998,4941227,4892796,4862508,4855004,4851762,4843898,4855433,4859108,11582997,11582997,10
2025-10-02 15:22:49,115969,pairwise,PairwiseVerletLists,1.000000,vlp_c18,none,SoA,enabled,60781687,4956156,4736471,4689707,4612053,4557254,4522525,4494680,4498072,4520875,10236947,10236947,10
2025-10-02 15:22:49,115979,pairwise,PairwiseVerletLists,1.000000,vlp_sliced,none,AoS,disabled,19870424,3657458,3633244,3480979,3479733,3453906,3489581,3475462,3300623,3402883,5124428,5124428,10
2025-10-02 15:22:49,115989,pairwise,PairwiseVerletLists,1.000000,vlp_sliced,none,AoS,enabled,17934210,2006730,1937213,1966872,1798319,1948311,1942635,1951543,1984509,1803071,3527341,3527341,10
2025-10-02 15:22:49,115999,pairwise,PairwiseVerletLists,1.000000,vlp_sliced,none,SoA,disabled,69715360,6756691,6590533,6391540,6168166,6517999,6540144,6532458,6544960,6485814,12824366,12824366,10
2025-10-02 15:22:49,116009,pairwise,PairwiseVerletLists,1.000000,vlp_sliced,none,SoA,enabled,60644116,5209858,4982090,5028928,5131654,4808529,5081295,5142812,5080710,5104045,10621403,10621403,10
2025-10-02 15:22:49,116019,pairwise,PairwiseVerletLists,1.000000,vlp_sliced_balanced,none,AoS,disabled,19541916,3293524,3230416,3210082,3222907,3218188,3218798,3194448,3191386,3217463,4853912,4853912,10
2025-10-02 15:22:49,116029,pairwise,PairwiseVerletLists,1.000000,vlp_sliced_balanced,none,AoS,enabled,18124362,1993433,1982639,1947636,1943358,1948760,1962696,1970401,1956083,1942329,3577169,3577169,10
2025-10-02 15:22:49,116039,pairwise,PairwiseVerletLists,1.000000,vlp_sliced_balanced,none,SoA,disabled,68012602,6630906,6462397,6393734,6376633,6418924,6394109,6428304,6407258,6426124,12595098,12595098,10
2025-10-02 15:22:49,116049,pairwise,PairwiseVerletLists,1.000000,vlp_sliced_balanced,none,SoA,enabled,58329138,5178621,5051092,5005165,5006192,5030773,4963512,4990335,4984992,4972666,10351248,10351248,10
2025-10-02 15:22:49,116059,pairwise,PairwiseVerletLists,1.000000,vlp_sliced_c02,none,AoS,disabled,20479232,4023586,4048507,4015925,3820153,4029149,3936173,3968369,4072658,4028656,5642240,5642240,10
2025-10-02 15:22:50,116069,pairwise,PairwiseVerletLists,1.000000,vlp_sliced_c02,none,AoS,enabled,18432656,2383201,2321493,2369497,2235821,2239186,2313738,2326116,2330779,2377858,3933034,3933034,10
2025-10-02 15:22:50,116079,pairwise,PairwiseVerletLists,1.000000,vlp_sliced_c02,none,SoA,disabled,69092421,7472675,7417617,7383703,7121358,7317187,7255438,7293409,7185452,7188001,13472726,13472726,10
2025-10-02 15:22:50,116089,pairwise,PairwiseVerletLists,1.000000,vlp_sliced_c02,none,SoA,enabled,58705896,5825750,5786285,5725294,5736316,5510114,5632739,5507194,5572105,5769745,10977143,10977143,10
2025-10-02 15:22:50,116099,pairwise,PairwiseVerletLists,1.000000,vlp_c08,none,AoS,disabled,20163586,3893987,3874034,3867787,3861771,3865762,3865418,3869617,3866638,3868152,5499674,5499674,10
2025-10-02 15:22:50,116109,pairwise,PairwiseVerletLists,1.000000,vlp_c08,none,AoS,enabled,18896651,2696485,2662817,2652582,2666389,2648805,2654796,2651227,2667903,2653118,4285077,4285077,10
2025-10-02 15:22:50,116119,pairwise,PairwiseVerletLists,1.000000,vlp_c08,none,SoA,disabled,69321198,7441932,7387266,7367955,7411181,7401009,7373928,7388278,7371012,7396399,13586015,13586015,10
2025-10-02 15:22:50,116129,pairwise,PairwiseVerletLists,1.000000,vlp_c08,none,SoA,enabled,58703722,5659667,5453147,5421701,5422231,5401359,5399984,5512204,5425743,5370921,10777067,10777067,10
2025-10-02 15:26:38,120009,pairwise,LinkedCells,1.000000,lc_c01,none,AoS,disabled,2372462,2333366,2338488,2327678,2310972,2317472,2329330,2355406,2329602,2330728,2334550,2334550,10
2025-10-02 15:26:38,120019,pairwise,LinkedCells,1.000000,lc_c01,none,SoA,disabled,4442487,3683009,3605576,3601551,3685778,3660017,3680672,3668889,3658628,3629814,3731641,3731641,10
2025-10-02 15:26:38,120029,pairwise,LinkedCells,1.000000,lc_c01_combined_SoA,none,SoA,disabled,3847728,3783299,3763292,3776076,3668413,3682188,3670262,3698860,3678934,3653152,3722220,3722220,10
2025-10-02 15:26:38,120039,pairwise,LinkedCells,1.000000,lc_c04,none,AoS,disabled,3008448,2952367,2935361,3037245,2932001,2939627,3014149,2933336,2933455,2923819,2960980,2960980,10
2025-10-02 15:26:38,120049,pairwise,LinkedCells,1.000000,lc_c04,none,AoS,enabled,2215342,2204161,2214323,2244745,2213145,2203505,2210012,2222028,2212993,2233553,2217380,2217380,10
2025-10-02 15:26:38,120059,pairwise,LinkedCells,1.000000,lc_c04,none,SoA,disabled,3223711,3124001,3110270,3087235,3091609,3098329,3094842,3082871,3091502,3116940,3112130,3112130,10
2025-10-02 15:26:38,120069,pairwise,LinkedCells,1.000000,lc_c04,none,SoA,enabled,2498385,2416788,2414692,2403319,2400972,2390533,2427883,2410233,2400750,2410613,2417416,2417416,10
2025-10-02 15:26:38,120079,pairwise,LinkedCells,1.000000,lc_c04_HCP,none,AoS,disabled,1321762,1270312,1272295,1266805,1254767,1268598,1260381,1264726,1262981,1281066,1272369,1272369,10
2025-10-02 15:26:38,120089,pairwise,LinkedCells,1.000000,lc_c04_HCP,none,AoS,enabled,1038401,1030212,1028401,1032739,1032639,1031259,1039052,1037604,1038888,1041901,1035108,1035108,10
2025-10-02 15:26:38,120099,pairwise,LinkedCells,1.000000,lc_c04_HCP,none,SoA,disabled,2994380,2870192,2886622,2875943,2855498,2871695,2872533,2868232,2866924,2855457,2881746,2881746,10
2025-10-02 15:26:38,120109,pairwise,LinkedCells,1.000000,lc_c04_HCP,none,SoA,enabled,2766511,2746559,2709983,2719069,2728621,2747699,2704840,2734509,2733874,2738382,2733004,2733004,10
2025-10-02 15:26:38,120119,pairwise,LinkedCells,1.000000,lc_c04_combined_SoA,none,SoA,disabled,3831841,3794077,3901664,3801436,3770305,3777461,3773486,3779124,3801593,3805944,3803692,3803692,10
2025-10-02 15:26:38,120129,pairwise,LinkedCells,1.000000,lc_c04_combined_SoA,none,SoA,enabled,3582083,3515263,3472821,3557719,3572095,3589341,3563915,3548776,3524772,3557252,3548403,3548403,10
2025-10-02 15:26:38,120139,pairwise,LinkedCells,1.000000,lc_c08,none,AoS,disabled,2199536,2145776,2143607,2140161,2143270,2141683,2134639,2143604,2146390,2136361,2147502,2147502,10
2025-10-02 15:26:38,120149,pairwise,LinkedCells,1.000000,lc_c08,none,AoS,enabled,2152548,2074959,2065164,2061545,2077460,2069422,2107764,2086237,2068114,2077163,2084037,2084037,10
2025-10-02 15:26:38,120159,pairwise,LinkedCells,1.000000,lc_c08,none,SoA,disabled,4214109,4089935,4089817,4082041,4066481,4115263,4077354,4092082,4107690,4096212,4103097,4103097,10
2025-10-02 15:26:38,120169,pairwise,LinkedCells,1.000000,lc_c08,none,SoA,enabled,3964977,3967797,3927055,3827209,3835050,3847987,3813024,3884458,3807213,3830075,3870484,3870484,10
2025-10-02 15:26:38,120179,pairwise,LinkedCells,1.000000,lc_c18,none,AoS,disabled,2297349,2272881,2271373,2310117,2253955,2284267,2300354,2292655,2273566,2312072,2286858,2286858,10
2025-10-02 15:26:38,120189,pairwise,LinkedCells,1.000000,lc_c18,none,AoS,enabled,2220520,2203422,2217162,2215079,2272493,2213637,2217741,2232665,2220201,2225471,2223838,2223838,10
2025-10-02 15:26:38,120199,pairwise,LinkedCells,1.000000,lc_c18,none,SoA,disabled,3579862,3478681,3405874,3404616,3438294,3394000,3418288,3431373,3477176,3426620,3445477,3445477,10
2025-10-02 15:26:38,120209,pairwise,LinkedCells,1.000000,lc_c18,none,SoA,enabled,3322083,3288152,3329784,3277469,3290353,3337747,3291278,3277897,3277292,3320905,3301295,3301295,10
2025-10-02 15:26:38,120219,pairwise,LinkedCells,1.000000,lc_sliced,none,AoS,disabled,3182574,3151147,2834775,3144166,3193035,3194317,3138388,3189913,3142869,3137880,3130905,3130905,10
2025-10-02 15:26:38,120229,pairwise,LinkedCells,1.000000,lc_sliced,none,AoS,enabled,2401651,2353107,2386901,2351649,2171615,2346751,2361609,2343051,2114335,2404441,2323510,2323510,10
2025-10-02 15:26:38,120239,pairwise,LinkedCells,1.000000,lc_sliced,none,SoA,disabled,3562168,3253561,3395451,3339633,3365155,3352489,3341566,3367374,3368091,3370465,3371594,3371594,10
2025-10-02 15:26:38,120249,pairwise,LinkedCells,1.000000,lc_sliced,none,SoA,enabled,2714725,2549750,2549113,2495576,2555346,2509294,2491832,2563611,2567711,2541626,2553858,2553858,10
2025-10-02 15:26:39,120259,pairwise,LinkedCells,1.000000,lc_sliced_balanced,none,AoS,disabled,3188391,3174590,3140930,3146737,3130263,3133636,3135136,3136923,3135208,3136768,3145857,3145857,10
2025-10-02 15:26:39,120269,pairwise,LinkedCells,1.000000,lc_sliced_balanced,none,AoS,enabled,2341930,2334248,2334024,2330796,2320385,2334586,2328883,2326977,2337728,2323290,2331283,2331283,10
2025-10-02 15:26:39,120279,pairwise,LinkedCells,1.000000,lc_sliced_balanced,none,SoA,disabled,3480682,3315944,3309195,3318011,3310329,3310650,3306214,3304483,3292463,3313838,3326180,3326180,10
2025-10-02 15:26:39,120289,pairwise,LinkedCells,1.000000,lc_sliced_balanced,none,SoA,enabled,2634201,2516762,2517341,2527998,2533591,2528683,2514280,2516429,2525994,2532932,2534820,2534820,10
2025-10-02 15:26:39,120299,pairwise,LinkedCells,1.000000,lc_sliced_balanced,squared-particles-per-cell,AoS,disabled,3551370,3323759,3278797,3279646,3272401,3277258,3278845,3264083,3260241,3261159,3304755,3304755,10
2025-10-02 15:26:39,120309,pairwise,LinkedCells,1.000000,lc_sliced_balanced,squared-particles-per-cell,AoS,enabled,2459337,2425515,2428101,2426478,2435823,2431040,2430763,2428059,2434798,2428891,2432879,2432879,10
2025-10-02 15:26:39,120319,pairwise,LinkedCells,1.000000,lc_sliced_balanced,squared-particles-per-cell,SoA,disabled,9211020,8237246,8168212,8173939,8197117,8139248,8158395,8201489,8155777,8208025,8285046,8285046,10
2025-10-02 15:26:39,120329,pairwise,LinkedCells,1.000000,lc_sliced_balanced,squared-particles-per-cell,SoA,enabled,8042966,7757186,7732521,7753649,7709467,7746861,7717230,7731914,7742979,7730077,7766484,7766484,10
2025-10-02 15:26:39,120339,pairwise,LinkedCells,1.000000,lc_sliced_c02,none,AoS,disabled,3367412,3269350,2982088,3229627,2987045,3000464,3167677,3124771,3147519,3251418,3152736,3152736,10
2025-10-02 15:26:39,120349,pairwise,LinkedCells,1.000000,lc_sliced_c02,none,AoS,enabled,2423454,2323886,2339410,2365239,2376847,2411130,2359026,2252865,2282503,2234691,2336904,2336904,10
2025-10-02 15:26:39,120359,pairwise,LinkedCells,1.000000,lc_sliced_c02,none,SoA,disabled,4394849,3351757,3298286,3315682,3218513,3342454,3266690,3326036,3234050,3287650,3403596,3403596,10
2025-10-02 15:26:39,120369,pairwise,LinkedCells,1.000000,lc_sliced_c02,none,SoA,enabled,2831587,2517436,2515294,2467470,2491182,2540519,2475262,2517945,2487280,2472807,2531678,2531678,10
2025-10-02 15:26:39,120379,pairwise,VerletClusterLists,1.000000,vcl_c01_balanced,none,AoS,disabled,10260113,1397235,1386320,1380939,1387151,1385849,1385606,1385079,1390483,1401830,2276060,2276060,10
2025-10-02 15:26:39,120389,pairwise,VerletClusterLists,1.000000,vcl_c01_balanced,none,SoA,disabled,7906573,587225,583342,581493,581627,575103,569917,574245,572438,582648,1311460,1311460,10
2025-10-02 15:26:39,120399,pairwise,VerletClusterLists,1.000000,vcl_c06,none,AoS,disabled,22187739,14799941,15126172,14805849,15142799,14816796,14857160,14901738,14900282,14891669,15643013,15643013,10
2025-10-02 15:26:39,120409,pairwise,VerletClusterLists,1.000000,vcl_c06,none,AoS,enabled,12209799,7692135,7578582,7566863,7641870,7656091,7609600,7611982,7571158,7611259,8074933,8074933,10
2025-10-02 15:26:39,120419,pairwise,VerletClusterLists,1.000000,vcl_c06,none,SoA,disabled,12940238,6016536,6217407,5981682,5913174,5989012,6050288,6011235,5983890,5840232,6694369,6694369,10
2025-10-02 15:26:39,120429,pairwise,VerletClusterLists,1.000000,vcl_c06,none,SoA,enabled,8105993,3456707,3475041,3503615,3631745,3690508,3703333,3737218,3666045,3768236,4073843,4073843,10
2025-10-02 15:26:40,120439,pairwise,VerletClusterLists,1.000000,vcl_sliced,none,AoS,disabled,19188173,11981066,12297137,12296637,13431363,12327995,12325376,12309469,11928626,11998078,13008391,13008391,10
2025-10-02 15:26:40,120449,pairwise,VerletClusterLists,1.000000,vcl_sliced,none,AoS,enabled,11137209,7007832,6965037,6973189,6835332,7094173,6800974,6970117,6974960,6803037,7356185,7356185,10
2025-10-02 15:26:40,120459,pairwise,VerletClusterLists,1.000000,vcl_sliced,none,SoA,disabled,11367567,4410442,4368792,4421964,4363359,4415636,4420502,4428763,4397845,4381472,5097634,5097634,10
2025-10-02 15:26:40,120469,pairwise,VerletClusterLists,1.000000,vcl_sliced,none,SoA,enabled,6677324,2437512,2440208,2436133,2428379,2430903,2409543,2428785,2431305,2436857,2855694,2855694,10
2025-10-02 15:26:40,120479,pairwise,VerletClusterLists,1.000000,vcl_sliced_balanced,none,AoS,disabled,19280014,12635237,12451701,12422516,12570002,12411541,12397320,12476695,12445833,12525116,13161597,13161597,10
2025-10-02 15:26:40,120489,pairwise,VerletClusterLists,1.000000,vcl_sliced_balanced,none,AoS,enabled,11375219,7131713,7101874,7069479,7080575,7106469,7092767,7132511,7092309,7100900,7528381,7528381,10
2025-10-02 15:26:40,120499,pairwise,VerletClusterLists,1.000000,vcl_sliced_balanced,none,SoA,disabled,11415513,4489280,4409356,4402032,4434647,4414846,4408561,4418710,4437917,4418046,5124890,5124890,10
2025-10-02 15:26:40,120509,pairwise,VerletClusterLists,1.000000,vcl_sliced_balanced,none,SoA,enabled,7114295,2438704,2441494,2441206,2476956,2421680,2469658,2429306,2436444,2433663,2910340,2910340,10
2025-10-02 15:26:40,120519,pairwise,VerletClusterLists,1.000000,vcl_sliced_balanced,neighbor-list-length,AoS,disabled,21083379,12550341,12518439,12489623,12478261,12647119,12487647,12571362,12590145,12595979,13401229,13401229,10
2025-10-02 15:26:40,120529,pairwise,VerletClusterLists,1.000000,vcl_sliced_balanced,neighbor-list-length,AoS,enabled,11473577,7151792,7143399,7157476,7175855,7134271,7126299,7150069,7171305,7173137,7585717,7585717,10
2025-10-02 15:26:40,120539,pairwise,VerletClusterLists,1.000000,vcl_sliced_balanced,neighbor-list-length,SoA,disabled,12255870,4398720,4403110,4386197,4395876,4394463,4447612,4400744,4389308,4406719,5187861,5187861,10
2025-10-02 15:26:40,120549,pairwise,VerletClusterLists,1.000000,vcl_sliced_balanced,neighbor-list-length,SoA,enabled,6633392,2430396,2417897,2416266,2426408,2464857,2414842,2421206,2428821,2426530,2848061,2848061,10
2025-10-02 15:26:40,120559,pairwise,VerletClusterLists,1.000000,vcl_sliced_c02,none,AoS,disabled,21263683,13584440,13350622,13264088,13250560,13561361,13534723,13409499,14177959,13513454,14291038,14291038,10
2025-10-02 15:26:41,120569,pairwise,VerletClusterLists,1.000000,vcl_sliced_c02,none,AoS,enabled,11185810,6974687,6936927,6874400,6882160,6813009,6863862,6954115,6905669,6895089,7328572,7328572,10
2025-10-02 15:26:41,120579,pairwise,VerletClusterLists,1.000000,vcl_sliced_c02,none,SoA,disabled,11516041,4436218,4523965,4419801,4505359,4417312,4489477,4511428,4424081,4589074,5183275,5183275,10
2025-10-02 15:26:41,120589,pairwise,VerletClusterLists,1.000000,vcl_sliced_c02,none,SoA,enabled,6626455,2430813,2420969,2513034,2433636,2416616,2422811,2512852,2441548,2434897,2865363,2865363,10
2025-10-02 15:26:41,120599,pairwise,VerletLists,1.000000,vl_list_iteration,none,AoS,disabled,8664877,738818,728329,727366,723405,714294,724909,741513,724811,722361,1521067,1521067,10
2025-10-02 15:26:41,120609,pairwise,VerletLists,1.000000,vl_list_iteration,none,SoA,disabled,19281176,2205347,2094603,2086909,2070539,2067128,2061788,2057873,2077807,2066790,3806995,3806995,10
2025-10-02 15:26:41,120619,pairwise,VerletListsCells,1.000000,vlc_c01,none,AoS,disabled,24837440,1738448,1721310,1721445,1726005,1727829,1719397,1720606,1716743,1727436,4035665,4035665,10
2025-10-02 15:26:41,120629,pairwise,VerletListsCells,1.000000,vlc_c01,none,SoA,disabled,37860312,3491661,3357860,3341167,3333806,3345779,3334021,3326885,3329673,3314726,6803589,6803589,10
2025-10-02 15:26:41,120639,pairwise,VerletListsCells,1.000000,vlc_c18,none,AoS,disabled,16975876,2027345,2026571,2023553,2009123,2017086,2005798,2008029,2024046,2010056,3512748,3512748,10
2025-10-02 15:26:41,120649,pairwise,VerletListsCells,1.000000,vlc_c18,none,AoS,enabled,15608443,1953427,1935108,1942284,1951677,1947391,1943871,1938669,1950319,1942851,3311403,3311403,10
2025-10-02 15:26:41,120659,pairwise,VerletListsCells,1.000000,vlc_c18,none,SoA,disabled,34515668,3861174,3720141,3733300,3731084,3731153,3715436,3737238,3724160,3706748,6817610,6817610,10
2025-10-02 15:26:41,120669,pairwise,VerletListsCells,1.000000,vlc_c18,none,SoA,enabled,28674591,3759344,3664124,3677208,3675889,3665899,3666787,3662095,3660935,3666115,6177298,6177298,10
2025-10-02 15:26:41,120679,pairwise,VerletListsCells,1.000000,vlc_c08,none,AoS,disabled,12496844,1853988,1901701,1912569,1854132,1841434,1860216,1866532,1836450,1850635,2927450,2927450,10
2025-10-02 15:26:41,120689,pairwise,VerletListsCells,1.000000,vlc_c08,none,AoS,enabled,12131220,1804775,1793794,1789735,1781989,1781355,1779542,1777171,1778230,1788108,2820591,2820591,10
2025-10-02 15:26:41,120699,pairwise,VerletListsCells,1.000000,vlc_c08,none,SoA,disabled,29447310,3704974,3572397,3571645,3518512,3531988,3501066,3483409,3601708,3476048,6140905,6140905,10
2025-10-02 15:26:41,120709,pairwise,VerletListsCells,1.000000,vlc_c08,none,SoA,enabled,26041533,3623724,3531495,3536953,3508614,3551700,3535615,3510827,3501290,3463749,5780549,5780549,10
2025-10-02 15:26:41,120719,pairwise,VerletListsCells,1.000000,vlc_sliced,none,AoS,disabled,17296436,2091765,2173872,2055708,1993862,1991102,2151638,2054508,2142403,2063921,3601521,3601521,10
2025-10-02 15:26:41,120729,pairwise,VerletListsCells,1.000000,vlc_sliced,none,AoS,enabled,14880885,1098817,1098649,1082042,1077500,1114562,1066076,1055163,1069444,1120888,2466402,2466402,10
2025-10-02 15:26:41,120739,pairwise,VerletListsCells,1.000000,vlc_sliced,none,SoA,disabled,34957643,3949185,3774372,3815125,3732840,3830265,3820051,3729474,3788533,3759314,6915679,6915679,10
2025-10-02 15:26:41,120749,pairwise,VerletListsCells,1.000000,vlc_sliced,none,SoA,enabled,28272778,2924647,2865444,2904290,2897356,2936187,2905045,2862754,2890599,2922910,5438200,5438200,10
2025-10-02 15:26:42,120759,pairwise,VerletListsCells,1.000000,vlc_sliced_balanced,none,AoS,disabled,17148720,2075756,2072559,2059239,2056527,2059055,2048501,2059862,2045430,2052831,3567847,3567847,10
2025-10-02 15:26:42,120769,pairwise,VerletListsCells,1.000000,vlc_sliced_balanced,none,AoS,enabled,14861895,1088720,1070403,1068578,1082468,1076082,1070780,1066350,1067571,1067007,2451984,2451984,10
2025-10-02 15:26:42,120779,pairwise,VerletListsCells,1.000000,vlc_sliced_balanced,none,SoA,disabled,34924265,3919327,3610857,3692646,3748354,3753645,3772772,3784044,3609208,3791220,6860633,6860633,10
2025-10-02 15:26:42,120789,pairwise,VerletListsCells,1.000000,vlc_sliced_balanced,none,SoA,enabled,28333216,2830510,2919288,2910259,2858863,2833656,2849982,2850834,2899201,2898927,5418473,5418473,10
2025-10-02 15:26:42,120799,pairwise,VerletListsCells,1.000000,vlc_sliced_balanced,squared-particles-per-cell,AoS,disabled,16417129,2170495,2119301,2100619,2102653,2091851,2090292,2103786,2094181,2090635,3538093,3538093,10
2025-10-02 15:26:42,120809,pairwise,VerletListsCells,1.000000,vlc_sliced_balanced,squared-particles-per-cell,AoS,enabled,15058432,1157322,1118427,1123083,1105727,1109921,1111701,1120641,1115022,1108178,2512845,2512845,10
2025-10-02 15:26:42,120819,pairwise,VerletListsCells,1.000000,vlc_sliced_balanced,squared-particles-per-cell,SoA,disabled,34985093,4191065,4057577,4005483,3998768,3950090,3939294,3924638,3945241,4002889,7100013,7100013,10
2025-10-02 15:26:42,120829,pairwise,VerletListsCells,1.000000,vlc_sliced_balanced,squared-particles-per-cell,SoA,enabled,29495825,3105358,3091511,3020910,2966813,3022723,2959675,3054833,2985134,2995259,5669803,5669803,10
2025-10-02 15:26:42,120839,pairwise,VerletListsCells,1.000000,vlc_sliced_balanced,neighbor-list-length,AoS,disabled,16440652,2211643,2184049,2179654,2173670,2175890,2177493,2168073,2170153,2183568,3606483,3606483,10
2025-10-02 15:26:42,120849,pairwise,VerletListsCells,1.000000,vlc_sliced_balanced,neighbor-list-length,AoS,enabled,15172117,1167162,1150902,1143351,1146777,1149133,1143407,1148469,1164244,1141436,2552699,2552699,10
2025-10-02 15:26:42,120859,pairwise,VerletListsCells,1.000000,vlc_sliced_balanced,neighbor-list-length,SoA,disabled,35537097,4279638,4125272,3912555,3869896,3851313,3833927,3828650,3813607,3854785,7090673,7090673,10
2025-10-02 15:26:42,120869,pairwise,VerletListsCells,1.000000,vlc_sliced_balanced,neighbor-list-length,SoA,enabled,29755097,3130663,2980104,2835992,3085487,2825546,2818076,3013731,2820435,2820671,5608579,5608579,10
2025-10-02 15:26:42,120879,pairwise,VerletListsCells,1.000000,vlc_sliced_c02,none,AoS,disabled,16636766,2664000,2516678,2603226,2533637,2583666,2490007,2584711,2593552,2554120,3976035,3976035,10
2025-10-02 15:26:42,120889,pairwise,VerletListsCells,1.000000,vlc_sliced_c02,none,AoS,enabled,15227248,1453957,1404566,1345544,1335648,1323662,1303403,1403462,1303238,1290394,2739111,2739111,10
2025-10-02 15:26:42,120899,pairwise,VerletListsCells,1.000000,vlc_sliced_c02,none,SoA,disabled,35553294,4613430,4662158,4518449,4453538,4436584,4449876,4417410,4372336,4428098,7590517,7590517,10
2025-10-02 15:26:42,120909,pairwise,VerletListsCells,1.000000,vlc_sliced_c02,none,SoA,enabled,29769108,3311431,3225796,3194277,3232347,3337730,3102350,3222722,3187289,3265548,5884859,5884859,10
2025-10-02 15:26:42,120919,pairwise,PairwiseVerletLists,1.000000,vlp_c01,none,AoS,disabled,20369039,2048230,2034353,2035388,2041602,2028652,2028321,2024925,2023999,2028318,3866282,3866282,10
2025-10-02 15:26:43,120929,pairwise,PairwiseVerletLists,1.000000,vlp_c01,none,SoA,disabled,56625151,4805150,4507485,4423060,4383332,4375678,4362948,4355047,4369032,4327307,9653418,9653418,10
2025-10-02 15:26:43,120939,pairwise,PairwiseVerletLists,1.000000,vlp_c18,none,AoS,disabled,18431106,2399989,2389919,2395006,2431252,2377588,2379108,2370567,2370077,2364606,3990921,3990921,10
2025-10-02 15:26:43,120949,pairwise,PairwiseVerletLists,1.000000,vlp_c18,none,AoS,enabled,18175127,2311536,2305833,2353827,2298676,2297873,2281648,2297430,2293645,2282587,3889817,3889817,10
2025-10-02 15:26:43,120959,pairwise,PairwiseVerletLists,1.000000,vlp_c18,none,SoA,disabled,67116277,5194603,4923454,4861499,4853568,4843131,4817499,4831754,4816920,4814336,11107303,11107303,10
2025-10-02 15:26:43,120969,pairwise,PairwiseVerletLists,1.000000,vlp_c18,none,SoA,enabled,57835946,4969331,4697125,4700812,4627796,4614420,4606340,4602687,4617864,4610905,9988322,9988322,10
2025-10-02 15:26:43,120979,pairwise,PairwiseVerletLists,1.000000,vlp_sliced,none,AoS,disabled,19343134,3123679,3089824,3069418,3064170,2977019,3059522,2960282,3055498,3074351,4681689,4681689,10
2025-10-02 15:26:43,120989,pairwise,PairwiseVerletLists,1.000000,vlp_sliced,none,AoS,enabled,17842046,1861747,1851462,1792849,1772441,1844239,1741344,1828677,1872654,1728573,3413602,3413602,10
2025-10-02 15:26:43,120999,pairwise,PairwiseVerletLists,1.000000,vlp_sliced,none,SoA,disabled,66413531,6166613,5839886,6051455,5900209,5978831,6119948,6069484,5961888,5976241,12047807,12047807,10
2025-10-02 15:26:43,121009,pairwise,PairwiseVerletLists,1.000000,vlp_sliced,none,SoA,enabled,57622883,4913408,4603658,4855276,4588216,4653923,4828367,4896283,4910101,4942393,10081450,10081450,10
2025-10-02 15:26:43,121019,pairwise,PairwiseVerletLists,1.000000,vlp_sliced_balanced,none,AoS,disabled,19330763,3002567,2949479,2939862,2951357,2908411,2930435,2925225,2934716,2934125,4580693,4580693,10
2025-10-02 15:26:43,121029,pairwise,PairwiseVerletLists,1.000000,vlp_sliced_balanced,none,AoS,enabled,17770700,1791124,1774151,1757133,1895648,1743928,1843905,1808373,1729546,1881030,3399553,3399553,10
2025-10-02 15:26:43,121039,pairwise,PairwiseVerletLists,1.000000,vlp_sliced_balanced,none,SoA,disabled,69836501,6101963,5842330,5831528,5853115,5975744,5932694,5849981,5715734,5738669,12267825,12267825,10
2025-10-02 15:26:44,121049,pairwise,PairwiseVerletLists,1.000000,vlp_sliced_balanced,none,SoA,enabled,57816775,4943625,4748581,4723189,4695176,4725826,4688710,4727898,4650293,4643047,10036311,10036311,10
2025-10-02 15:26:44,121059,pairwise,PairwiseVerletLists,1.000000,vlp_sliced_c02,none,AoS,disabled,19879825,3806528,3868490,3641045,3790834,3588623,3897598,3487561,3572245,3590059,5312280,5312280,10
2025-10-02 15:26:44,121069,pairwise,PairwiseVerletLists,1.000000,vlp_sliced_c02,none,AoS,enabled,18170116,2128579,2255457,2149449,2166725,2239324,2245988,2137217,2095693,2281771,3787031,3787031,10
2025-10-02 15:26:44,121079,pairwise,PairwiseVerletLists,1.000000,vlp_sliced_c02,none,SoA,disabled,71279614,7106389,6911822,6639884,6688434,6777891,6802802,6784575,6866326,6945841,13280357,13280357,10
2025-10-02 15:26:44,121089,pairwise,PairwiseVerletLists,1.000000,vlp_sliced_c02,none,SoA,enabled,58211956,5526991,5418507,5173944,5241748,5257938,5227514,5200247,5370056,5379717,10600861,10600861,10
2025-10-02 15:26:44,121099,pairwise,PairwiseVerletLists,1.000000,vlp_c08,none,AoS,disabled,20171596,3852671,3840330,3832456,3829601,3871905,3828710,3828570,3824644,3834038,5471451,5471451,10
2025-10-02 15:26:44,121109,pairwise,PairwiseVerletLists,1.000000,vlp_c08,none,AoS,enabled,18801702,2680915,2644934,2643526,2635776,2637890,2622304,2635439,2630442,2636753,4256967,4256967,10
2025-10-02 15:26:44,121119,pairwise,PairwiseVerletLists,1.000000,vlp_c08,none,SoA,disabled,68003528,7422508,7351665,7352094,7345962,7422147,7366185,7331965,7360930,7340680,13429766,13429766,10
2025-10-02 15:26:44,121129,pairwise,PairwiseVerletLists,1.000000,vlp_c08,none,SoA,enabled,58623015,5700608,5456052,5444782,5424625,5423284,5433017,5406477,5414888,5421843,10774858,10774858,10
2025-10-02 15:30:18,125009,pairwise,LinkedCells,1.000000,lc_c01,none,AoS,disabled,2465791,2445078,2382705,2395932,2394033,2390473,2378689,2400503,2402346,2425793,2408134,2408134,10
2025-10-02 15:30:18,125019,pairwise,LinkedCells,1.000000,lc_c01,none,SoA,disabled,4791806,3827921,3802842,3874717,3893743,3821684,3883189,3887698,3834303,3874913,3949280,3949280,10
2025-10-02 15:30:18,125029,pairwise,LinkedCells,1.000000,lc_c01_combined_SoA,none,SoA,disabled,4172896,4247211,4087483,3955091,3953533,3956477,3908603,3929591,3940228,3934373,4008547,4008547,10
2025-10-02 15:30:18,125039,pairwise,LinkedCells,1.000000,lc_c04,none,AoS,disabled,1980474,1933381,1910756,1933125,1924799,1931809,1916008,1993627,1911057,1906880,1934191,1934191,10
2025-10-02 15:30:18,125049,pairwise,LinkedCells,1.000000,lc_c04,none,AoS,enabled,1512022,1498647,1476984,1490341,1479681,1550596,1491027,1467654,1513143,1480079,1496017,1496017,10
2025-10-02 15:30:19,125059,pairwise,LinkedCells,1.000000,lc_c04,none,SoA,disabled,2980425,2831873,2830621,2838973,2828204,2828684,2835449,2837731,2841668,2829251,2848287,2848287,10
2025-10-02 15:30:19,125069,pairwise,LinkedCells,1.000000,lc_c04,none,SoA,enabled,2563437,2521329,2517111,2506949,2517739,2521786,2501744,2509153,2513019,2508293,2518055,2518055,10
2025-10-02 15:30:19,125079,pairwise,LinkedCells,1.000000,lc_c04_HCP,none,AoS,disabled,1293080,1243272,1222675,1230449,1218032,1220662,1233693,1228544,1221508,1234581,1234649,1234649,10
2025-10-02 15:30:19,125089,pairwise,LinkedCells,1.000000,lc_c04_HCP,none,AoS,enabled,1028415,1019739,1009827,1008454,1016576,1019981,1011500,1017582,1015377,1025710,1017315,1017315,10
2025-10-02 15:30:19,125099,pairwise,LinkedCells,1.000000,lc_c04_HCP,none,SoA,disabled,3225950,3096830,3129303,3102035,3084940,3098195,3118927,3102233,3089331,3115661,3116339,3116339,10
2025-10-02 15:30:19,125109,pairwise,LinkedCells,1.000000,lc_c04_HCP,none,SoA,enabled,2927863,2889651,2885502,2911571,2918897,2921485,2898803,2918341,2917994,2885906,2907601,2907601,10
2025-10-02 15:30:19,125119,pairwise,LinkedCells,1.000000,lc_c04_combined_SoA,none,SoA,disabled,4206111,4176495,4172544,4179761,4120199,4132035,4178326,4156948,4169838,4195201,4168745,4168745,10
2025-10-02 15:30:19,125129,pairwise,LinkedCells,1.000000,lc_c04_combined_SoA,none,SoA,enabled,3934770,3891125,3855196,3838281,3843852,3825526,4006009,3910045,3928915,3851889,3888560,3888560,10
2025-10-02 15:30:19,125139,pairwise,LinkedCells,1.000000,lc_c08,none,AoS,disabled,2280985,2259309,2272962,2211655,2221395,2216677,2210788,2213813,2222447,2221357,2233138,2233138,10
2025-10-02 15:30:19,125149,pairwise,LinkedCells,1.000000,lc_c08,none,AoS,enabled,2121041,2118685,2117885,2144424,2136509,2141611,2134626,2134775,2136466,2120293,2130631,2130631,10
2025-10-02 15:30:19,125159,pairwise,LinkedCells,1.000000,lc_c08,none,SoA,disabled,4476942,4376477,4331354,4340039,4377716,4348748,4269137,4336759,4307802,4307127,4347209,4347209,10
2025-10-02 15:30:19,125169,pairwise,LinkedCells,1.000000,lc_c08,none,SoA,enabled,4173060,4113834,4133669,4143199,4006511,4002264,4000154,4023472,3994422,4011613,4060219,4060219,10
2025-10-02 15:30:19,125179,pairwise,LinkedCells,1.000000,lc_c18,none,AoS,disabled,2474208,2401366,2430896,2418449,2424080,2426526,2415818,2414658,2423465,2427462,2425692,2425692,10
2025-10-02 15:30:19,125189,pairwise,LinkedCells,1.000000,lc_c18,none,AoS,enabled,2305555,2331242,2335816,2305115,2312342,2310163,2316412,2319318,2323917,2324952,2318482,2318482,10
2025-10-02 15:30:19,125199,pairwise,LinkedCells,1.000000,lc_c18,none,SoA,disabled,3732158,3680102,3619490,3610462,3628395,3623704,3628988,3688870,3617937,3610112,3644021,3644021,10
2025-10-02 15:30:19,125209,pairwise,LinkedCells,1.000000,lc_c18,none,SoA,enabled,3462605,3485163,3439654,3439470,3428528,3435231,3495919,3446314,3446255,3455251,3453438,3453438,10
2025-10-02 15:30:19,125219,pairwise,LinkedCells,1.000000,lc_sliced,none,AoS,disabled,2444850,2421371,2317800,2312599,2153525,2410712,2311966,2126037,2410109,2407932,2331689,2331689,10
2025-10-02 15:30:19,125229,pairwise,LinkedCells,1.000000,lc_sliced,none,AoS,enabled,1789240,1698211,1774154,1835594,1831432,1762416,1761050,1769330,1827483,1818830,1786774,1786774,10
2025-10-02 15:30:19,125239,pairwise,LinkedCells,1.000000,lc_sliced,none,SoA,disabled,3295297,3113781,3079858,3092793,3066180,2966902,3056268,3042721,3083005,3065110,3086191,3086191,10
2025-10-02 15:30:19,125249,pairwise,LinkedCells,1.000000,lc_sliced,none,SoA,enabled,2552184,2485608,2526526,2505206,2468668,2477410,2485571,2510816,2462444,2487997,2496242,2496242,10
2025-10-02 15:30:19,125259,pairwise,LinkedCells,1.000000,lc_sliced_balanced,none,AoS,disabled,2352376,2327371,2322483,2333606,2331534,2326593,2319477,2309163,2309301,2308783,2324068,2324068,10
2025-10-02 15:30:19,125269,pairwise,LinkedCells,1.000000,lc_sliced_balanced,none,AoS,enabled,1774984,1759813,1757565,1750715,1754462,1761414,1751425,1769424,1759097,1758585,1759747,1759747,10
2025-10-02 15:30:19,125279,pairwise,LinkedCells,1.000000,lc_sliced_balanced,none,SoA,disabled,3168047,3039184,3020572,3007137,3139655,3020518,3013641,3016592,3022410,3021125,3046888,3046888,10
2025-10-02 15:30:19,125289,pairwise,LinkedCells,1.000000,lc_sliced_balanced,none,SoA,enabled,2559369,2450418,2458351,2455222,2452028,2456292,2527248,2436525,2456294,2471744,2472348,2472348,10
2025-10-02 15:30:19,125299,pairwise,LinkedCells,1.000000,lc_sliced_balanced,squared-particles-per-cell,AoS,disabled,2628633,2405257,2354646,2363700,2347191,2351540,2362771,2374494,2355507,2358161,2390189,2390189,10
2025-10-02 15:30:19,125309,pairwise,LinkedCells,1.000000,lc_sliced_balanced,squared-particles-per-cell,AoS,enabled,1842565,1809570,1802539,1794732,1813618,1813488,1803915,1804124,1792876,1795438,1807285,1807285,10
2025-10-02 15:30:19,125319,pairwise,LinkedCells,1.000000,lc_sliced_balanced,squared-particles-per-cell,SoA,disabled,6242922,5246409,5210192,5172254,5170287,5188224,5189161,5175325,5171868,5182365,5294900,5294900,10
2025-10-02 15:30:19,125329,pairwise,LinkedCells,1.000000,lc_sliced_balanced,squared-particles-per-cell,SoA,enabled,5181664,4827478,4809845,4847113,4823783,4808650,4790210,4792922,4825304,4819315,4852627,4852627,10
2025-10-02 15:30:20,125339,pairwise,LinkedCells,1.000000,lc_sliced_c02,none,AoS,disabled,2636914,2439347,2351737,2248753,2342396,2415152,2367409,2415414,2415863,2350966,2398395,2398395,10
2025-10-02 15:30:20,125349,pairwise,LinkedCells,1.000000,lc_sliced_c02,none,AoS,enabled,1878584,1785122,1793256,1843980,1778387,1838354,1784103,1845231,1762203,1846117,1815533,1815533,10
2025-10-02 15:30:20,125359,pairwise,LinkedCells,1.000000,lc_sliced_c02,none,SoA,disabled,4167344,3086227,3043035,3034784,2961223,2980183,3015940,2971224,3021737,2998087,3127978,3127978,10
2025-10-02 15:30:20,125369,pairwise,LinkedCells,1.000000,lc_sliced_c02,none,SoA,enabled,2836515,2472633,2442358,2439630,2451229,2474219,2436279,2455816,2475177,2472049,2495590,2495590,10
2025-10-02 15:30:20,125379,pairwise,VerletClusterLists,1.000000,vcl_c01_balanced,none,AoS,disabled,7730907,1211024,1223343,1211976,1226381,1208205,1213108,1205146,1200621,1207674,1863838,1863838,10
2025-10-02 15:30:20,125389,pairwise,VerletClusterLists,1.000000,vcl_c01_balanced,none,SoA,disabled,5504473,544362,531970,532355,536221,533515,537058,532041,525003,522928,1029992,1029992,10
2025-10-02 15:30:20,125399,pairwise,VerletClusterLists,1.000000,vcl_c06,none,AoS,disabled,12154420,7376042,7455739,7504868,7418048,7335598,7386582,7908245,7882392,7394936,7981687,7981687,10
2025-10-02 15:30:20,125409,pairwise,VerletClusterLists,1.000000,vcl_c06,none,AoS,enabled,6935714,4370455,4355561,4232046,4182823,4166574,4191148,4384190,4358435,4384263,4556120,4556120,10
2025-10-02 15:30:20,125419,pairwise,VerletClusterLists,1.000000,vcl_c06,none,SoA,disabled,8063842,3282007,3470887,3256724,3404665,3552136,3637741,3488594,3478294,3430094,3906498,3906498,10
2025-10-02 15:30:20,125429,pairwise,VerletClusterLists,1.000000,vcl_c06,none,SoA,enabled,4648443,1965663,1908036,1895293,1894134,1900377,1887779,1935953,1886120,1882701,2180449,2180449,10
2025-10-02 15:30:20,125439,pairwise,VerletClusterLists,1.000000,vcl_sliced,none,AoS,disabled,14489914,9796433,9771996,9776308,9832468,9737996,9766422,9795172,9839305,8494842,10130085,10130085,10
2025-10-02 15:30:20,125449,pairwise,VerletClusterLists,1.000000,vcl_sliced,none,AoS,enabled,7828998,5144381,5221177,5185580,5186010,4883739,5241350,5158892,5116671,5102703,5406949,5406949,10
2025-10-02 15:30:20,125459,pairwise,VerletClusterLists,1.000000,vcl_sliced,none,SoA,disabled,7622717,3159030,3148779,3061774,3157907,3052933,3238828,3142853,3164196,3053111,3580212,3580212,10
2025-10-02 15:30:20,125469,pairwise,VerletClusterLists,1.000000,vcl_sliced,none,SoA,enabled,4826154,1852960,1853403,1825627,1840813,1835628,1858779,1826999,1823129,1823123,2136661,2136661,10
2025-10-02 15:30:20,125479,pairwise,VerletClusterLists,1.000000,vcl_sliced_balanced,none,AoS,disabled,14606201,9841840,9833296,9850535,9851939,9867300,9869622,9825084,9832882,9892012,10327070,10327070,10
2025-10-02 15:30:20,125489,pairwise,VerletClusterLists,1.000000,vcl_sliced_balanced,none,AoS,enabled,7792011,5159248,5158197,5170643,5153602,5161557,5147121,5174986,5171515,5172440,5426131,5426131,10
2025-10-02 15:30:20,125499,pairwise,VerletClusterLists,1.000000,vcl_sliced_balanced,none,SoA,disabled,7689392,3162409,3145005,3145211,3146512,3145523,3141185,3138398,3139468,3136939,3599003,3599003,10
2025-10-02 15:30:20,125509,pairwise,VerletClusterLists,1.000000,vcl_sliced_balanced,none,SoA,enabled,4505117,1831080,1831013,1826029,1831462,1819693,1820673,1827655,1821454,1819846,2093401,2093401,10
2025-10-02 15:30:20,125519,pairwise,VerletClusterLists,1.000000,vcl_sliced_balanced,neighbor-list-length,AoS,disabled,16463600,10563491,10640918,10647097,10614640,10579761,10603457,10609513,10586138,10616800,11192541,11192541,10
2025-10-02 15:30:20,125529,pairwise,VerletClusterLists,1.000000,vcl_sliced_balanced,neighbor-list-length,AoS,enabled,8094527,5456449,5457427,5475522,5448027,5461663,5437598,5469995,5459224,5443583,5720400,5720400,10
2025-10-02 15:30:21,125539,pairwise,VerletClusterLists,1.000000,vcl_sliced_balanced,neighbor-list-length,SoA,disabled,7869092,3374784,3345767,3359290,3360406,3349109,3340770,3380519,3345164,3344415,3806931,3806931,10
2025-10-02 15:30:21,125549,pairwise,VerletClusterLists,1.000000,vcl_sliced_balanced,neighbor-list-length,SoA,enabled,4626506,1909982,1894290,1895120,1887480,1895585,1887978,1893874,1890218,1894506,2167553,2167553,10
2025-10-02 15:30:21,125559,pairwise,VerletClusterLists,1.000000,vcl_sliced_c02,none,AoS,disabled,16680319,10865535,11035758,10742973,10464522,10752546,10885856,10737455,10925244,10729890,11382009,11382009,10
2025-10-02 15:30:21,125569,pairwise,VerletClusterLists,1.000000,vcl_sliced_c02,none,AoS,enabled,8406153,5809541,5760542,5855242,5721763,5901745,5734817,5753313,5866071,5796062,6060524,6060524,10
2025-10-02 15:30:21,125579,pairwise,VerletClusterLists,1.000000,vcl_sliced_c02,none,SoA,disabled,8464252,3687576,3697704,3778806,3794066,3738209,3610014,3709453,3704157,3612408,4179664,4179664,10
2025-10-02 15:30:21,125589,pairwise,VerletClusterLists,1.000000,vcl_sliced_c02,none,SoA,enabled,4765372,2433799,2410559,2292657,2420819,2404598,2417860,2100237,2446655,2420767,2611331,2611331,10
2025-10-02 15:30:21,125599,pairwise,VerletLists,1.000000,vl_list_iteration,none,AoS,disabled,9105602,752662,748400,741846,745243,746436,744196,748199,741935,745009,1581952,1581952,10
2025-10-02 15:30:21,125609,pairwise,VerletLists,1.000000,vl_list_iteration,none,SoA,disabled,21245431,2294712,2168053,2155013,2138586,2124306,2119126,2126472,2117411,2126448,4061555,4061555,10
2025-10-02 15:30:21,125619,pairwise,VerletListsCells,1.000000,vlc_c01,none,AoS,disabled,25285619,1732401,1718207,1716096,1722013,1723917,1724794,1715345,1713715,1723291,4077539,4077539,10
2025-10-02 15:30:21,125629,pairwise,VerletListsCells,1.000000,vlc_c01,none,SoA,disabled,39481492,3608080,3432459,3396557,3393019,3357745,3355335,3353964,3357663,3369742,7010605,7010605,10
2025-10-02 15:30:21,125639,pairwise,VerletListsCells,1.000000,vlc_c18,none,AoS,disabled,17224719,2091517,2093685,2083505,2083797,2075782,2075373,2078273,2080969,2077783,3596540,3596540,10
2025-10-02 15:30:21,125649,pairwise,VerletListsCells,1.000000,vlc_c18,none,AoS,enabled,15817592,1972068,1972944,1964025,1971664,1975804,1969355,1974581,1963557,1971947,3355353,3355353,10
2025-10-02 15:30:21,125659,pairwise,VerletListsCells,1.000000,vlc_c18,none,SoA,disabled,36477845,3988036,3878257,3840492,3797834,3822077,3803196,3798282,3811236,3820793,7103804,7103804,10
2025-10-02 15:30:21,125669,pairwise,VerletListsCells,1.000000,vlc_c18,none,SoA,enabled,29682197,3840396,3737401,3713667,3725019,3731893,3737778,3715893,3721991,3718106,6332434,6332434,10
2025-10-02 15:30:21,125679,pairwise,VerletListsCells,1.000000,vlc_c08,none,AoS,disabled,12691336,1910051,1913593,1904801,1900087,1903930,1890321,1914113,1899655,1899437,2982731,2982731,10
2025-10-02 15:30:21,125689,pairwise,VerletListsCells,1.000000,vlc_c08,none,AoS,enabled,12599304,1814367,1823447,1815100,1805629,1823767,1811749,1812281,1803564,1801765,2891096,2891096,10
2025-10-02 15:30:21,125699,pairwise,VerletListsCells,1.000000,vlc_c08,none,SoA,disabled,31382687,3845571,3677925,3659136,3638411,3666106,3706894,3680659,3650034,3640314,6454773,6454773,10
2025-10-02 15:30:21,125709,pairwise,VerletListsCells,1.000000,vlc_c08,none,SoA,enabled,27690159,3697188,3603949,3605760,3614873,3607805,3607154,3590610,3588439,3608976,6021490,6021490,10
2025-10-02 15:30:21,125719,pairwise,VerletListsCells,1.000000,vlc_sliced,none,AoS,disabled,16822118,1509401,1507213,1557917,1543889,1469767,1546653,1541128,1534228,1479705,3051201,3051201,10
2025-10-02 15:30:22,125729,pairwise,VerletListsCells,1.000000,vlc_sliced,none,AoS,enabled,14877830,830141,807773,805099,800745,803337,792731,800471,826345,798948,2214341,2214341,10
2025-10-02 15:30:22,125739,pairwise,VerletListsCells,1.000000,vlc_sliced,none,SoA,disabled,36122998,3558929,3290684,3388011,3361889,3372313,3341627,3336095,3211289,3349023,6633285,6633285,10
2025-10-02 15:30:22,125749,pairwise,VerletListsCells,1.000000,vlc_sliced,none,SoA,enabled,28796686,2775694,2750105,2713216,2730060,2704764,2748253,2704176,2718163,2730293,5337140,5337140,10
2025-10-02 15:30:22,125759,pairwise,VerletListsCells,1.000000,vlc_sliced_balanced,none,AoS,disabled,16739149,1514875,1493587,1488108,1485201,1482602,1482514,1482916,1486898,1486450,3014230,3014230,10
2025-10-02 15:30:22,125769,pairwise,VerletListsCells,1.000000,vlc_sliced_balanced,none,AoS,enabled,14711436,804743,790594,785812,789602,785029,787471,786586,786492,784428,2181219,2181219,10
2025-10-02 15:30:22,125779,pairwise,VerletListsCells,1.000000,vlc_sliced_balanced,none,SoA,disabled,36201308,3625690,3326615,3377433,3250798,3366452,3328984,3350950,3343908,3211143,6638327,6638327,10
2025-10-02 15:30:22,125789,pairwise,VerletListsCells,1.000000,vlc_sliced_balanced,none,SoA,enabled,29259813,2807294,2725008,2682028,2655140,2723726,2676405,2653773,2647588,2681468,5351223,5351223,10
2025-10-02 15:30:22,125799,pairwise,VerletListsCells,1.000000,vlc_sliced_balanced,squared-particles-per-cell,AoS,disabled,16052231,1595134,1556400,1530968,1527230,1528818,1526005,1521936,1520523,1519918,2987915,2987915,10
2025-10-02 15:30:22,125809,pairwise,VerletListsCells,1.000000,vlc_sliced_balanced,squared-particles-per-cell,AoS,enabled,14838452,878224,846582,838116,838190,843223,838110,837954,832228,835849,2242692,2242692,10
2025-10-02 15:30:22,125819,pairwise,VerletListsCells,1.000000,vlc_sliced_balanced,squared-particles-per-cell,SoA,disabled,36042218,3731656,3671027,3661506,3618206,3605681,3581818,3562116,3603521,3516124,6859386,6859386,10
2025-10-02 15:30:22,125829,pairwise,VerletListsCells,1.000000,vlc_sliced_balanced,squared-particles-per-cell,SoA,enabled,30691927,2701109,2865195,2867170,2854656,2881093,2844046,2579030,2705652,2489986,5547986,5547986,10
2025-10-02 15:30:22,125839,pairwise,VerletListsCells,1.000000,vlc_sliced_balanced,neighbor-list-length,AoS,disabled,16083069,1619920,1599768,1592993,1586944,1589114,1581573,1581087,1579123,1569942,3038352,3038352,10
2025-10-02 15:30:22,125849,pairwise,VerletListsCells,1.000000,vlc_sliced_balanced,neighbor-list-length,AoS,enabled,14901869,879595,860540,860086,853253,853511,860374,852393,847629,846016,2261526,2261526,10
2025-10-02 15:30:22,125859,pairwise,VerletListsCells,1.000000,vlc_sliced_balanced,neighbor-list-length,SoA,disabled,36846331,3485422,3543552,3531155,3557510,3390696,3558253,3526770,3508283,3525238,6847320,6847320,10
2025-10-02 15:30:22,125869,pairwise,VerletListsCells,1.000000,vlc_sliced_balanced,neighbor-list-length,SoA,enabled,30818825,2866096,2756076,2752335,2612413,2718680,2714343,2733935,2746578,2765282,5548455,5548455,10
2025-10-02 15:30:22,125879,pairwise,VerletListsCells,1.000000,vlc_sliced_c02,none,AoS,disabled,16050370,1842381,1913404,1862969,1885702,1838952,1978278,1880021,1825068,1904155,3298129,3298129,10
2025-10-02 15:30:22,125889,pairwise,VerletListsCells,1.000000,vlc_sliced_c02,none,AoS,enabled,14896882,972422,1053898,992628,987323,988754,979653,1001591,971712,996579,2384144,2384144,10
2025-10-02 15:30:22,125899,pairwise,VerletListsCells,1.000000,vlc_sliced_c02,none,SoA,disabled,36998367,3835476,3596863,3604458,3924845,4021440,3889997,4000671,4013284,3804070,7168947,7168947,10
2025-10-02 15:30:23,125909,pairwise,VerletListsCells,1.000000,vlc_sliced_c02,none,SoA,enabled,31254213,3002817,2978800,2768433,3004802,3000563,2939516,2996963,3027124,2951326,5792455,5792455,10
2025-10-02 15:30:23,125919,pairwise,PairwiseVerletLists,1.000000,vlp_c01,none,AoS,disabled,19757020,2063315,2060819,2043516,2040422,2042777,2044231,2042375,2044650,2042431,3818155,3818155,10
2025-10-02 15:30:23,125929,pairwise,PairwiseVerletLists,1.000000,vlp_c01,none,SoA,disabled,57996100,4955981,4641492,4575613,4528957,4516087,4513611,4496660,4472754,4482776,9918002,9918002,10
2025-10-02 15:30:23,125939,pairwise,PairwiseVerletLists,1.000000,vlp_c18,none,AoS,disabled,18017240,2493589,2481277,2482354,2487297,2463484,2463252,2459998,2467230,2463078,4027879,4027879,10
2025-10-02 15:30:23,125949,pairwise,PairwiseVerletLists,1.000000,vlp_c18,none,AoS,enabled,18153937,2337197,2324148,2313436,2325341,2323478,2318121,2330072,2326766,2318133,3907062,3907062,10
2025-10-02 15:30:23,125959,pairwise,PairwiseVerletLists,1.000000,vlp_c18,none,SoA,disabled,68592960,5330389,5042055,5015867,4974908,4961829,4987933,4964273,4939861,4971624,11378169,11378169,10
2025-10-02 15:30:23,125969,pairwise,PairwiseVerletLists,1.000000,vlp_c18,none,SoA,enabled,59336690,5095848,4820265,4748099,4742757,4741853,4705261,4719009,4710556,4695621,10231595,10231595,10
2025-10-02 15:30:23,125979,pairwise,PairwiseVerletLists,1.000000,vlp_sliced,none,AoS,disabled,18069761,2468610,2468253,2527389,2546965,2513746,2435755,2425069,2543090,2382462,4038109,4038109,10
2025-10-02 15:30:23,125989,pairwise,PairwiseVerletLists,1.000000,vlp_sliced,none,AoS,enabled,17621034,1578959,1564741,1553320,1562676,1569591,1553711,1584676,1499194,1509860,3159775,3159775,10
2025-10-02 15:30:23,125999,pairwise,PairwiseVerletLists,1.000000,vlp_sliced,none,SoA,disabled,67564780,5576913,5387467,5307682,5121532,5220414,5381404,5306758,5275174,5271171,11541328,11541328,10
2025-10-02 15:30:23,126009,pairwise,PairwiseVerletLists,1.000000,vlp_sliced,none,SoA,enabled,59024711,4588254,4394582,4403686,4298641,4342992,4383810,4165561,4309766,4459091,9837109,9837109,10
2025-10-02 15:30:23,126019,pairwise,PairwiseVerletLists,1.000000,vlp_sliced_balanced,none,AoS,disabled,17919020,2395558,2343668,2340721,2335411,2344611,2337799,2324097,2345770,2325685,3901233,3901233,10
2025-10-02 15:30:23,126029,pairwise,PairwiseVerletLists,1.000000,vlp_sliced_balanced,none,AoS,enabled,17572734,1541870,1499265,1507015,1498992,1477221,1508135,1494349,1504774,1473977,3107833,3107833,10
2025-10-02 15:30:24,126039,pairwise,PairwiseVerletLists,1.000000,vlp_sliced_balanced,none,SoA,disabled,67890354,5457610,5270324,5237633,5205080,5241481,5174755,5203297,5178793,5212335,11507165,11507165,10
2025-10-02 15:30:24,126049,pairwise,PairwiseVerletLists,1.000000,vlp_sliced_balanced,none,SoA,enabled,58876687,4470109,4295147,4288266,4170751,4244534,4260643,4237483,4195891,4208653,9724816,9724816,10
2025-10-02 15:30:24,126059,pairwise,PairwiseVerletLists,1.000000,vlp_sliced_c02,none,AoS,disabled,18650801,3080235,3059076,2821632,2921465,3035885,3050078,3005282,3006506,2959843,4559079,4559079,10
2025-10-02 15:30:24,126069,pairwise,PairwiseVerletLists,1.000000,vlp_sliced_c02,none,AoS,enabled,17894276,1875804,1916507,1908736,1821094,1812897,1887791,1866522,1901950,1796423,3468199,3468199,10
2025-10-02 15:30:24,126079,pairwise,PairwiseVerletLists,1.000000,vlp_sliced_c02,none,SoA,disabled,68498499,6172749,5893852,5841370,5969893,5915482,5925825,6034593,6005847,5978220,12223632,12223632,10
2025-10-02 15:30:24,126089,pairwise,PairwiseVerletLists,1.000000,vlp_sliced_c02,none,SoA,enabled,62648979,5176287,4786436,4744442,5039339,4804394,4794179,4952506,4737141,4857192,10654089,10654089,10
2025-10-02 15:30:24,126099,pairwise,PairwiseVerletLists,1.000000,vlp_c08,none,AoS,disabled,19570648,3945370,3924534,3917540,3908538,3909895,3907849,3910949,3911342,3912122,5481877,5481877,10
2025-10-02 15:30:24,126109,pairwise,PairwiseVerletLists,1.000000,vlp_c08,none,AoS,enabled,19133084,2728458,2689080,2694582,2689688,2666809,2669899,2676709,2666990,2661365,4327666,4327666,10
2025-10-02 15:30:24,126119,pairwise,PairwiseVerletLists,1.000000,vlp_c08,none,SoA,disabled,75636496,7544435,7485872,7487323,7473030,7465343,7475317,7474893,7469822,7483006,14299552,14299552,10
2025-10-02 15:30:24,126129,pairwise,PairwiseVerletLists,1.000000,vlp_c08,none,SoA,enabled,64089829,5861370,5625226,5590628,5578641,5580279,5573343,5590009,5562584,5564936,11461683,11461683,10
