Date,Iteration,Interaction Type,Container,CellSizeFactor,Traversal,Load Estimator,Data Layout,Newton 3,sample0,sample1,sample2,sample3,sample4,sample5,sample6,sample7,sample8,sample9,Reduced,Smoothed,Mean Rebuild Frequency
2025-10-02 14:28:05,9,pairwise,LinkedCells,1.000000,lc_c01,none,AoS,disabled,36846878,35470345,35487008,35556833,35535770,35283272,35277916,35498921,35346551,35185066,35548855,35548855,10
2025-10-02 14:28:05,19,pairwise,LinkedCells,1.000000,lc_c01,none,SoA,disabled,16888453,14649319,14743080,14751751,14720653,14771801,14792733,14730849,14741486,14778030,14956815,14956815,10
2025-10-02 14:28:05,29,pairwise,LinkedCells,1.000000,lc_c01_combined_SoA,none,SoA,disabled,11936626,11664246,11868562,11646749,11666527,11679586,11681464,11553859,11605810,11806459,11710988,11710988,10
2025-10-02 14:28:05,39,pairwise,LinkedCells,1.000000,lc_c04,none,AoS,disabled,28763222,28696886,28982598,28937805,28728731,28627776,28736461,29166555,28946026,28965741,28855179,28855179,10
2025-10-02 14:28:06,49,pairwise,LinkedCells,1.000000,lc_c04,none,AoS,enabled,17897584,18127906,18109959,18028842,18082927,18086250,17999278,18077642,18008149,17948859,18036739,18036739,10
2025-10-02 14:28:06,59,pairwise,LinkedCells,1.000000,lc_c04,none,SoA,disabled,14638230,14553496,14538367,14585339,14591177,14586876,14517990,14521576,14481150,14610778,14562497,14562497,10
2025-10-02 14:28:06,69,pairwise,LinkedCells,1.000000,lc_c04,none,SoA,enabled,8889185,8806987,8827354,8901599,8837118,8844718,8840535,8831703,8858631,8891831,8852965,8852965,10
2025-10-02 14:28:06,79,pairwise,LinkedCells,1.000000,lc_c04_HCP,none,AoS,disabled,26450987,26446801,26416229,26398060,26441525,26439323,26424293,26449939,26468078,26454932,26439016,26439016,10
2025-10-02 14:28:06,89,pairwise,LinkedCells,1.000000,lc_c04_HCP,none,AoS,enabled,16638828,16631089,16639504,16647177,16652013,16648176,16658018,16644270,16659959,16643075,16646210,16646210,10
2025-10-02 14:28:06,99,pairwise,LinkedCells,1.000000,lc_c04_HCP,none,SoA,disabled,14108037,14010467,14033056,14009783,13995226,13985710,14164368,13934332,13983987,13862872,14008783,14008783,10
2025-10-02 14:28:06,109,pairwise,LinkedCells,1.000000,lc_c04_HCP,none,SoA,enabled,9034761,8884752,8942466,8975930,8829849,8907797,8847332,8939059,8854693,8863803,8908043,8908043,10
2025-10-02 14:28:07,119,pairwise,LinkedCells,1.000000,lc_c04_combined_SoA,none,SoA,disabled,16679426,16552107,16295753,16605530,16159985,16265114,16611437,16497777,16970226,16625300,16526264,16526264,10
2025-10-02 14:28:07,129,pairwise,LinkedCells,1.000000,lc_c04_combined_SoA,none,SoA,enabled,10981866,11009201,10868069,10854093,10946926,10849032,10921126,11018737,10966244,10949922,10936521,10936521,10
2025-10-02 14:28:07,139,pairwise,LinkedCells,1.000000,lc_c08,none,AoS,disabled,27355639,27172131,27160623,27145191,27144007,27120132,27175075,27133212,27143059,27141562,27169062,27169062,10
2025-10-02 14:28:07,149,pairwise,LinkedCells,1.000000,lc_c08,none,AoS,enabled,17514293,17511292,17489925,17489245,17524008,17495135,17512301,17497076,17487752,17503948,17502496,17502496,10
2025-10-02 14:28:07,159,pairwise,LinkedCells,1.000000,lc_c08,none,SoA,disabled,15885877,15740359,15638691,15727331,15667979,15644202,15714433,15685914,15641687,15677479,15702394,15702394,10
2025-10-02 14:28:08,169,pairwise,LinkedCells,1.000000,lc_c08,none,SoA,enabled,10685865,10578959,10452760,10483214,10513259,10569211,10522074,10594352,10614569,10546881,10556113,10556113,10
2025-10-02 14:28:08,179,pairwise,LinkedCells,1.000000,lc_c18,none,AoS,disabled,27307030,27216835,27252834,27259759,27235993,27220444,27238127,27263828,27211304,27230252,27243640,27243640,10
2025-10-02 14:28:08,189,pairwise,LinkedCells,1.000000,lc_c18,none,AoS,enabled,17409662,17391308,17384461,17404987,17391345,17377894,17388805,17407219,17434874,17385445,17397599,17397599,10
2025-10-02 14:28:08,199,pairwise,LinkedCells,1.000000,lc_c18,none,SoA,disabled,14739581,14659138,14690928,14676847,14637990,14656434,14644324,14678953,14687845,14635436,14670747,14670747,10
2025-10-02 14:28:08,209,pairwise,LinkedCells,1.000000,lc_c18,none,SoA,enabled,9450950,9425828,9411299,9469208,9455623,9431607,9435474,9451943,9419974,9431402,9438330,9438330,10
2025-10-02 14:28:09,219,pairwise,LinkedCells,1.000000,lc_sliced,none,AoS,disabled,29832525,29963639,29758052,29166390,29463354,29469961,29741240,29726406,29829460,29498863,29644988,29644988,10
2025-10-02 14:28:09,229,pairwise,LinkedCells,1.000000,lc_sliced,none,AoS,enabled,18430243,18229935,18700960,18382136,18378866,18191542,18939606,18258559,18376383,18198199,18408642,18408642,10
2025-10-02 14:28:09,239,pairwise,LinkedCells,1.000000,lc_sliced,none,SoA,disabled,14569810,14858096,14544773,14576181,14494498,14577419,14558457,14539059,14530103,14572708,14582110,14582110,10
2025-10-02 14:28:09,249,pairwise,LinkedCells,1.000000,lc_sliced,none,SoA,enabled,8571100,8629739,8696549,8592079,8639652,8737204,8560924,8605963,8705879,8617326,8635640,8635640,10
2025-10-02 14:28:09,259,pairwise,LinkedCells,1.000000,lc_sliced_balanced,none,AoS,disabled,29790256,29761153,29793020,29734734,29723103,29753771,29745042,29721746,29753951,29732412,29750918,29750918,10
2025-10-02 14:28:09,269,pairwise,LinkedCells,1.000000,lc_sliced_balanced,none,AoS,enabled,18369627,18377432,18354146,18353159,18348799,18357252,18342884,18364091,18347479,18360365,18357522,18357522,10
2025-10-02 14:28:10,279,pairwise,LinkedCells,1.000000,lc_sliced_balanced,none,SoA,disabled,14620793,14542494,14521243,14482437,14519555,14560407,14513753,14532826,14500339,14481813,14527565,14527565,10
2025-10-02 14:28:10,289,pairwise,LinkedCells,1.000000,lc_sliced_balanced,none,SoA,enabled,8502178,8490684,8517263,8477549,8500203,8494234,8465732,8478988,8499361,8450644,8487683,8487683,10
2025-10-02 14:28:10,299,pairwise,LinkedCells,1.000000,lc_sliced_balanced,squared-particles-per-cell,AoS,disabled,29549700,29148796,29143307,29124674,29136315,29110553,29136575,29108715,29104609,29137134,29170037,29170037,10
2025-10-02 14:28:10,309,pairwise,LinkedCells,1.000000,lc_sliced_balanced,squared-particles-per-cell,AoS,enabled,18208572,18166323,18136588,18153179,18102131,18077091,18100162,18127154,18108193,18146799,18132619,18132619,10
2025-10-02 14:28:10,319,pairwise,LinkedCells,1.000000,lc_sliced_balanced,squared-particles-per-cell,SoA,disabled,15403765,14523878,14449519,14456837,14512945,14483039,14498978,14477800,14513898,14517656,14583830,14583830,10
2025-10-02 14:28:11,329,pairwise,LinkedCells,1.000000,lc_sliced_balanced,squared-particles-per-cell,SoA,enabled,8772712,8629015,8544964,8570685,8495013,8574000,8549697,8498643,8563037,8561138,8575890,8575890,10
2025-10-02 14:28:11,339,pairwise,LinkedCells,1.000000,lc_sliced_c02,none,AoS,disabled,32869052,34057260,32790969,32781926,32734298,32784563,32740587,33782473,33909677,32776947,33122774,33122774,10
2025-10-02 14:28:11,349,pairwise,LinkedCells,1.000000,lc_sliced_c02,none,AoS,enabled,20085589,20282024,20430431,20253805,20347886,20351883,20960458,20307686,20343440,20315463,20367865,20367865,10
2025-10-02 14:28:11,359,pairwise,LinkedCells,1.000000,lc_sliced_c02,none,SoA,disabled,16266534,15515660,15354310,15493235,15344779,15342163,15340170,15444492,15339603,15342899,15478384,15478384,10
2025-10-02 14:28:11,369,pairwise,LinkedCells,1.000000,lc_sliced_c02,none,SoA,enabled,9018392,8975355,9060729,9015627,8905558,8823732,8820794,9079739,8800620,8993468,8949400,8949400,10
2025-10-02 14:28:12,379,pairwise,VerletClusterLists,1.000000,vcl_c01_balanced,none,AoS,disabled,285029578,54853586,54781429,54808048,54792856,54736270,54746622,54782330,54740649,54748596,77801995,77801995,10
2025-10-02 14:28:13,389,pairwise,VerletClusterLists,1.000000,vcl_c01_balanced,none,SoA,disabled,229006338,19655263,19588261,19583587,19724746,19657477,19600951,19615299,19722934,19610742,40576559,40576559,10
2025-10-02 14:28:14,399,pairwise,VerletClusterLists,1.000000,vcl_c06,none,AoS,disabled,301864614,92853810,93849888,95017064,92900943,96158696,96544351,96224387,95032227,93796088,115424206,115424206,10
2025-10-02 14:28:14,409,pairwise,VerletClusterLists,1.000000,vcl_c06,none,AoS,enabled,148030197,43405546,43475257,43312763,43469801,43463640,43494174,43405606,43322172,43367720,53874687,53874687,10
2025-10-02 14:28:15,419,pairwise,VerletClusterLists,1.000000,vcl_c06,none,SoA,disabled,239435156,34193843,33885193,33053199,33146688,33801869,33272722,33907375,33843457,33805753,54234524,54234524,10
2025-10-02 14:28:15,429,pairwise,VerletClusterLists,1.000000,vcl_c06,none,SoA,enabled,120770110,16324635,16427166,16349287,16168518,16224397,16116305,16461178,16433505,16585056,26786015,26786015,10
2025-10-02 14:28:17,439,pairwise,VerletClusterLists,1.000000,vcl_sliced,none,AoS,disabled,312562437,106916547,107125240,107045281,107232086,107132281,107099230,106960202,107276716,106994692,127634470,127634470,10
2025-10-02 14:28:17,449,pairwise,VerletClusterLists,1.000000,vcl_sliced,none,AoS,enabled,158772877,53757112,53789261,53844146,53762408,53818478,53740417,53760292,53774223,53711850,64273105,64273105,10
2025-10-02 14:28:18,459,pairwise,VerletClusterLists,1.000000,vcl_sliced,none,SoA,disabled,236259469,30033215,30079081,30263269,29982124,30121121,30030221,30196233,29923820,30033550,50692210,50692210,10
2025-10-02 14:28:18,469,pairwise,VerletClusterLists,1.000000,vcl_sliced,none,SoA,enabled,121389515,16255104,16262837,16277843,16255730,16260671,16247855,16282768,16303947,16286939,26782320,26782320,10
2025-10-02 14:28:19,479,pairwise,VerletClusterLists,1.000000,vcl_sliced_balanced,none,AoS,disabled,312433958,106330777,106305893,106290020,106322839,106339638,106323996,106343266,106304786,106323416,126931858,126931858,10
2025-10-02 14:28:20,489,pairwise,VerletClusterLists,1.000000,vcl_sliced_balanced,none,AoS,enabled,158570934,54068763,54004633,54008194,54047145,54100650,54007354,54109939,54054879,54095327,64506781,64506781,10
2025-10-02 14:28:21,499,pairwise,VerletClusterLists,1.000000,vcl_sliced_balanced,none,SoA,disabled,236074170,30222895,30241421,30211811,30162466,30162888,30244360,30231884,30180097,30259382,50799136,50799136,10
2025-10-02 14:28:21,509,pairwise,VerletClusterLists,1.000000,vcl_sliced_balanced,none,SoA,enabled,121923913,16536972,16495390,16487975,16525872,16433920,16427434,16441343,16533204,16569370,27037538,27037538,10
2025-10-02 14:28:22,519,pairwise,VerletClusterLists,1.000000,vcl_sliced_balanced,neighbor-list-length,AoS,disabled,333295974,108694100,108772937,108655150,108607134,108770914,108779628,108594080,108757158,108755389,131168246,131168246,10
2025-10-02 14:28:23,529,pairwise,VerletClusterLists,1.000000,vcl_sliced_balanced,neighbor-list-length,AoS,enabled,159792618,54739317,54683665,54700274,54795004,54779270,54765971,54695125,54698893,54766915,65241705,65241705,10
2025-10-02 14:28:23,539,pairwise,VerletClusterLists,1.000000,vcl_sliced_balanced,neighbor-list-length,SoA,disabled,237955124,30307193,30287623,30263552,30282265,30281495,30270344,30269052,30283047,30274437,51047412,51047412,10
2025-10-02 14:28:24,549,pairwise,VerletClusterLists,1.000000,vcl_sliced_balanced,neighbor-list-length,SoA,enabled,121357681,16378943,16342983,16363577,16376757,16374419,16340134,16368840,16340888,17496000,26974022,26974022,10
2025-10-02 14:28:25,559,pairwise,VerletClusterLists,1.000000,vcl_sliced_c02,none,AoS,disabled,361104281,134972935,134991948,134974136,134876961,134909762,134902798,134868156,134634914,134990995,157522688,157522688,10
2025-10-02 14:28:26,569,pairwise,VerletClusterLists,1.000000,vcl_sliced_c02,none,AoS,enabled,173450734,68532850,68295259,68089406,68311279,68103229,68245659,68176203,68481167,67943893,78762967,78762967,10
2025-10-02 14:28:27,579,pairwise,VerletClusterLists,1.000000,vcl_sliced_c02,none,SoA,disabled,245663145,40138458,40048174,40295451,40319726,40226882,40150168,40226426,40071917,40252679,60739302,60739302,10
2025-10-02 14:28:27,589,pairwise,VerletClusterLists,1.000000,vcl_sliced_c02,none,SoA,enabled,127257246,21906138,21902276,21944833,21947006,22126807,21869459,21924772,22140207,21951175,32496991,32496991,10
2025-10-02 14:28:27,599,pairwise,VerletLists,1.000000,vl_list_iteration,none,AoS,disabled,111245690,21665944,21678831,21662278,21661351,21664529,21667717,21657028,21667447,21668237,30623905,30623905,10
2025-10-02 14:28:28,609,pairwise,VerletLists,1.000000,vl_list_iteration,none,SoA,disabled,337035981,24216471,24202870,24175934,24192138,24172183,24235920,24176469,24189795,24185788,55478354,55478354,10
2025-10-02 14:28:28,619,pairwise,VerletListsCells,1.000000,vlc_c01,none,AoS,disabled,106538418,17175454,17175937,17179581,17173192,17204427,17203308,17187390,17193814,17178689,26121020,26121020,10
2025-10-02 14:28:29,629,pairwise,VerletListsCells,1.000000,vlc_c01,none,SoA,disabled,296732492,18353100,18382868,18390542,18352477,18359805,18372980,18423326,18355890,18364574,46208805,46208805,10
2025-10-02 14:28:29,639,pairwise,VerletListsCells,1.000000,vlc_c18,none,AoS,disabled,94250408,16810225,16823194,16778184,16791761,16770787,16806432,16821177,16780250,16788572,24542098,24542098,10
2025-10-02 14:28:29,649,pairwise,VerletListsCells,1.000000,vlc_c18,none,AoS,enabled,56602023,9219090,9213812,9184594,9221123,9200692,9183819,9174486,9183723,9175204,13935856,13935856,10
2025-10-02 14:28:30,659,pairwise,VerletListsCells,1.000000,vlc_c18,none,SoA,disabled,527710261,22947300,22966964,22951270,22884839,22920328,22952063,22969983,22939100,22936337,73417844,73417844,10
2025-10-02 14:28:30,669,pairwise,VerletListsCells,1.000000,vlc_c18,none,SoA,enabled,285037878,16447526,16415072,16395817,16384852,16426387,16384610,16408385,16407393,16405357,43271327,43271327,10
2025-10-02 14:28:31,679,pairwise,VerletListsCells,1.000000,vlc_c08,none,AoS,disabled,85392910,16817030,16807530,16786854,16774314,16788773,16768710,16766730,16794780,16786132,23648375,23648375,10
2025-10-02 14:28:31,689,pairwise,VerletListsCells,1.000000,vlc_c08,none,AoS,enabled,62248282,9905579,9885415,9967311,9891125,9864640,9876442,9881399,9879479,9903177,15130284,15130284,10
2025-10-02 14:28:31,699,pairwise,VerletListsCells,1.000000,vlc_c08,none,SoA,disabled,434532095,21128010,21086964,21118707,21102703,21074432,21070204,21093872,21070866,21076156,62435400,62435400,10
2025-10-02 14:28:32,709,pairwise,VerletListsCells,1.000000,vlc_c08,none,SoA,enabled,306526399,17676858,17690607,17650712,17665259,17652901,17689560,17662828,17651249,17677135,46554350,46554350,10
2025-10-02 14:28:32,719,pairwise,VerletListsCells,1.000000,vlc_sliced,none,AoS,disabled,108112923,28274067,28435042,28389652,28693336,28180421,28564639,28655508,28578655,28701784,36458602,36458602,10
2025-10-02 14:28:33,729,pairwise,VerletListsCells,1.000000,vlc_sliced,none,AoS,enabled,64304979,13791294,13811869,13734276,13739019,13729632,13725907,13700380,13808214,13730369,18807593,18807593,10
2025-10-02 14:28:33,739,pairwise,VerletListsCells,1.000000,vlc_sliced,none,SoA,disabled,522407897,30451237,30339772,29349100,29341447,30382293,30320864,30299441,30413765,30324314,79363012,79363012,10
2025-10-02 14:28:34,749,pairwise,VerletListsCells,1.000000,vlc_sliced,none,SoA,enabled,277455249,19706933,19722927,19546127,19591425,19569128,19600782,19681042,19625170,19672335,45417111,45417111,10
2025-10-02 14:28:34,759,pairwise,VerletListsCells,1.000000,vlc_sliced_balanced,none,AoS,disabled,101988783,26874061,26873505,26866908,26901607,26860881,26799391,26845499,26829398,26795644,34363566,34363566,10
2025-10-02 14:28:34,769,pairwise,VerletListsCells,1.000000,vlc_sliced_balanced,none,AoS,enabled,60455924,13792195,13817976,13815368,13790654,13797309,13792681,13790550,13779567,13790408,18462262,18462262,10
2025-10-02 14:28:35,779,pairwise,VerletListsCells,1.000000,vlc_sliced_balanced,none,SoA,disabled,509148868,30381514,30289964,30248892,30311112,30249570,30333324,30251901,30261388,30230190,78170672,78170672,10
2025-10-02 14:28:36,789,pairwise,VerletListsCells,1.000000,vlc_sliced_balanced,none,SoA,enabled,288563041,19485510,19548844,19406149,19561201,19519618,19393394,19364073,19402297,19393368,46363749,46363749,10
2025-10-02 14:28:36,799,pairwise,VerletListsCells,1.000000,vlc_sliced_balanced,squared-particles-per-cell,AoS,disabled,103909312,27168735,27150412,27222076,27150401,27165745,27177617,27141811,27174128,27142412,34840264,34840264,10
2025-10-02 14:28:36,809,pairwise,VerletListsCells,1.000000,vlc_sliced_balanced,squared-particles-per-cell,AoS,enabled,63093426,14133874,14135081,14113675,14094113,14133116,14127702,14106206,14107589,14100728,19014550,19014550,10
2025-10-02 14:28:37,819,pairwise,VerletListsCells,1.000000,vlc_sliced_balanced,squared-particles-per-cell,SoA,disabled,491962045,29130394,28902268,28871252,28951034,28959465,28875251,28879995,28977989,28886952,75239663,75239663,10
2025-10-02 14:28:38,829,pairwise,VerletListsCells,1.000000,vlc_sliced_balanced,squared-particles-per-cell,SoA,enabled,295120835,19470405,19457737,19399937,19433662,19430350,19441689,19445726,19454673,19403945,47005895,47005895,10
2025-10-02 14:28:38,839,pairwise,VerletListsCells,1.000000,vlc_sliced_balanced,neighbor-list-length,AoS,disabled,103234546,27947245,27902570,27849540,27885106,27886332,27878447,27873064,27876193,27867880,35420092,35420092,10
2025-10-02 14:28:38,849,pairwise,VerletListsCells,1.000000,vlc_sliced_balanced,neighbor-list-length,AoS,enabled,63432921,14319734,14307688,14294686,14280044,14302094,14299837,14294456,14286195,14281911,19209955,19209955,10
2025-10-02 14:28:39,859,pairwise,VerletListsCells,1.000000,vlc_sliced_balanced,neighbor-list-length,SoA,disabled,504310430,29848339,29789302,29820183,29825911,29763176,29785142,29793846,29769722,29802271,77250831,77250831,10
2025-10-02 14:28:39,869,pairwise,VerletListsCells,1.000000,vlc_sliced_balanced,neighbor-list-length,SoA,enabled,303118221,20021753,19954883,19912259,19881970,19925891,19923239,19927773,19960344,19898379,48252470,48252470,10
2025-10-02 14:28:40,879,pairwise,VerletListsCells,1.000000,vlc_sliced_c02,none,AoS,disabled,114522059,35196514,34809596,34970617,35072281,35075726,35025353,34757334,34716217,35120933,42926663,42926663,10
2025-10-02 14:28:40,889,pairwise,VerletListsCells,1.000000,vlc_sliced_c02,none,AoS,enabled,66239766,18347304,18381512,18302360,18344797,18331396,18195843,18314318,18392009,18354771,23120406,23120406,10
2025-10-02 14:28:41,899,pairwise,VerletListsCells,1.000000,vlc_sliced_c02,none,SoA,disabled,503484513,35359297,35268481,35300350,35285834,35176402,35274000,35284529,35304170,35312877,82105044,82105044,10
2025-10-02 14:28:42,909,pairwise,VerletListsCells,1.000000,vlc_sliced_c02,none,SoA,enabled,305124921,23395550,23369504,23175507,23168416,23394441,23065461,23316842,23351725,23337084,51469944,51469944,10
2025-10-02 14:28:42,919,pairwise,PairwiseVerletLists,1.000000,vlp_c01,none,AoS,disabled,129253198,19139407,19126311,19097808,19121599,19057187,19108293,19100842,19093179,19081732,30117955,30117955,10
2025-10-02 14:28:43,929,pairwise,PairwiseVerletLists,1.000000,vlp_c01,none,SoA,disabled,814473481,28219043,28275759,28194620,28217781,28248364,28186725,28245280,28184961,28205888,106845189,106845189,10
2025-10-02 14:28:43,939,pairwise,PairwiseVerletLists,1.000000,vlp_c18,none,AoS,disabled,121297632,19732461,19739901,19718475,19706092,19705991,19706762,19689420,19701155,19716076,29871395,29871395,10
2025-10-02 14:28:44,949,pairwise,PairwiseVerletLists,1.000000,vlp_c18,none,AoS,enabled,129564557,11324428,11304091,11297643,11324599,11321247,11321202,11312377,11305662,11299760,23137556,23137556,10
2025-10-02 14:28:45,959,pairwise,PairwiseVerletLists,1.000000,vlp_c18,none,SoA,disabled,947117696,28214509,28227705,28249063,28183695,28230932,28094865,28210968,28227810,28237777,120099501,120099501,10
2025-10-02 14:28:46,969,pairwise,PairwiseVerletLists,1.000000,vlp_c18,none,SoA,enabled,636195201,21587390,21568501,21586028,21607393,21582321,21555774,21615638,21559869,21568681,83042679,83042679,10
2025-10-02 14:28:46,979,pairwise,PairwiseVerletLists,1.000000,vlp_sliced,none,AoS,disabled,132354946,33228662,33202895,33350470,33272491,33291318,33109279,33230205,33271148,33133669,43144507,43144507,10
2025-10-02 14:28:46,989,pairwise,PairwiseVerletLists,1.000000,vlp_sliced,none,AoS,enabled,132041874,15878453,15953281,15855420,15870213,15948660,15820209,15853365,15833527,15867348,27492234,27492234,10
2025-10-02 14:28:48,999,pairwise,PairwiseVerletLists,1.000000,vlp_sliced,none,SoA,disabled,903464062,36485436,35356877,35229948,35260561,35362198,35385204,35454841,35452818,35299337,122275127,122275127,10
2025-10-02 14:28:48,1009,pairwise,PairwiseVerletLists,1.000000,vlp_sliced,none,SoA,enabled,641781447,25856331,25784675,25867497,25834247,25824147,25805966,25829388,25812707,25774904,87417130,87417130,10
2025-10-02 14:28:49,1019,pairwise,PairwiseVerletLists,1.000000,vlp_sliced_balanced,none,AoS,disabled,131663498,32793742,32739964,32678348,32672979,32713043,32766875,32780686,32799687,32793481,42640230,42640230,10
2025-10-02 14:28:49,1029,pairwise,PairwiseVerletLists,1.000000,vlp_sliced_balanced,none,AoS,enabled,132213375,15933574,15955260,15933052,15952615,15895745,15926804,15910119,15944630,15918802,27558396,27558396,10
2025-10-02 14:28:50,1039,pairwise,PairwiseVerletLists,1.000000,vlp_sliced_balanced,none,SoA,disabled,904208278,35256765,35158919,35224117,35176213,35123572,35202613,35143393,35290208,35208665,122099273,122099273,10
2025-10-02 14:28:51,1049,pairwise,PairwiseVerletLists,1.000000,vlp_sliced_balanced,none,SoA,enabled,640658493,25750439,25681365,25718138,25854165,25706061,25699711,25702307,25863223,25716451,87235035,87235035,10
2025-10-02 14:28:52,1059,pairwise,PairwiseVerletLists,1.000000,vlp_sliced_c02,none,AoS,disabled,143481770,42868855,43121799,42844168,41417035,42754186,42773904,41471504,42747963,42922066,52640324,52640324,10
2025-10-02 14:28:52,1069,pairwise,PairwiseVerletLists,1.000000,vlp_sliced_c02,none,AoS,enabled,137652522,20707985,20664163,20669453,20640042,20657586,20648545,20464682,20423221,20586077,32311427,32311427,10
2025-10-02 14:28:54,1079,pairwise,PairwiseVerletLists,1.000000,vlp_sliced_c02,none,SoA,disabled,913263696,46081688,46273178,46186463,46198290,46216665,45987797,43423939,43474275,46161750,132326774,132326774,10
2025-10-02 14:28:54,1089,pairwise,PairwiseVerletLists,1.000000,vlp_sliced_c02,none,SoA,enabled,645355424,31533514,31576942,31461262,31536671,31410102,31607350,31436357,31469487,31505338,92889244,92889244,10
2025-10-02 14:28:55,1099,pairwise,PairwiseVerletLists,1.000000,vlp_c08,none,AoS,disabled,125182635,23975957,23958116,23926980,23930211,23913915,23911634,23908489,23930397,23906925,34054525,34054525,10
2025-10-02 14:28:55,1109,pairwise,PairwiseVerletLists,1.000000,vlp_c08,none,AoS,enabled,129794753,12814643,12742783,12713116,12716933,12703192,12689494,12696690,12721077,12704596,24429727,24429727,10
2025-10-02 14:28:56,1119,pairwise,PairwiseVerletLists,1.000000,vlp_c08,none,SoA,disabled,899822469,32618193,32565084,32569444,32530427,32569095,32520032,32501913,32579180,32555986,119283181,119283181,10
2025-10-02 14:28:57,1129,pairwise,PairwiseVerletLists,1.000000,vlp_c08,none,SoA,enabled,638615969,23514417,23485317,23483783,23508861,23505641,23435635,23485417,23527336,23505426,85006780,85006780,10
2025-10-02 14:30:55,5009,pairwise,LinkedCells,1.000000,lc_c01,none,AoS,disabled,25660881,25547746,26156877,25533822,25905762,25571360,25615718,25799308,25777896,25844651,25741401,25741401,10
2025-10-02 14:30:55,5019,pairwise,LinkedCells,1.000000,lc_c01,none,SoA,disabled,14342989,14037166,13966047,14045500,14131619,14160127,14227403,14163836,14117235,13941163,14113308,14113308,10
2025-10-02 14:30:56,5029,pairwise,LinkedCells,1.000000,lc_c01_combined_SoA,none,SoA,disabled,11672234,11671077,11651477,11655535,11698697,11734788,11677100,11645191,11718759,11695111,11681996,11681996,10
2025-10-02 14:30:56,5039,pairwise,LinkedCells,1.000000,lc_c04,none,AoS,disabled,18275497,18242271,18300904,18406921,18213442,18195674,18227211,18181728,18203924,18183863,18243142,18243142,10
2025-10-02 14:30:56,5049,pairwise,LinkedCells,1.000000,lc_c04,none,AoS,enabled,13209687,13202152,13062095,13237100,13292259,13240051,13224185,13077380,13145865,13200776,13189154,13189154,10
2025-10-02 14:30:56,5059,pairwise,LinkedCells,1.000000,lc_c04,none,SoA,disabled,13522827,13467298,13423037,13527160,13421622,13502602,13400884,13397926,13303569,13518202,13448512,13448512,10
2025-10-02 14:30:56,5069,pairwise,LinkedCells,1.000000,lc_c04,none,SoA,enabled,8912864,8832766,8759552,8811683,8896260,8770266,8886833,8873552,8785639,8894723,8842413,8842413,10
2025-10-02 14:30:56,5079,pairwise,LinkedCells,1.000000,lc_c04_HCP,none,AoS,disabled,17118760,17110652,17098930,17091298,17101019,17074188,17094151,17079995,17119999,17085353,17097434,17097434,10
2025-10-02 14:30:56,5089,pairwise,LinkedCells,1.000000,lc_c04_HCP,none,AoS,enabled,12515858,12533849,12499775,12520643,12531774,12563598,12571806,12558863,12551628,12563192,12541098,12541098,10
2025-10-02 14:30:57,5099,pairwise,LinkedCells,1.000000,lc_c04_HCP,none,SoA,disabled,13443574,13441366,13313203,13388073,13384058,13338959,13325233,13341499,13323809,13343553,13364332,13364332,10
2025-10-02 14:30:57,5109,pairwise,LinkedCells,1.000000,lc_c04_HCP,none,SoA,enabled,9347461,9320072,9305047,9277297,9260739,9296888,9273995,9267458,9264256,9261464,9287467,9287467,10
2025-10-02 14:30:57,5119,pairwise,LinkedCells,1.000000,lc_c04_combined_SoA,none,SoA,disabled,15568079,15612850,15586740,15444836,15411400,15519032,15509113,15554903,15385384,15442003,15503433,15503433,10
2025-10-02 14:30:57,5129,pairwise,LinkedCells,1.000000,lc_c04_combined_SoA,none,SoA,enabled,12046786,11984820,11930059,11889471,11931207,11882478,11961273,11889006,11936492,12131168,11958275,11958275,10
2025-10-02 14:30:57,5139,pairwise,LinkedCells,1.000000,lc_c08,none,AoS,disabled,18033338,17946485,17844451,17826281,17888992,17704487,17850036,17719972,17861361,17929187,17860458,17860458,10
2025-10-02 14:30:57,5149,pairwise,LinkedCells,1.000000,lc_c08,none,AoS,enabled,13387579,13367599,13353081,13444807,13459512,13411968,13349047,13357395,13400749,13451420,13398315,13398315,10
2025-10-02 14:30:57,5159,pairwise,LinkedCells,1.000000,lc_c08,none,SoA,disabled,16077794,15949651,15900645,15856489,15870007,15860553,15843005,15810714,15862325,15788551,15881972,15881972,10
2025-10-02 14:30:58,5169,pairwise,LinkedCells,1.000000,lc_c08,none,SoA,enabled,12039997,11987729,11936522,11916074,11948043,11900294,11878666,11877128,11918572,11925799,11932881,11932881,10
2025-10-02 14:30:58,5179,pairwise,LinkedCells,1.000000,lc_c18,none,AoS,disabled,18110775,18083812,18062467,18100488,18077131,18079473,18061997,18094370,18113650,18096294,18088045,18088045,10
2025-10-02 14:30:58,5189,pairwise,LinkedCells,1.000000,lc_c18,none,AoS,enabled,13499509,13506688,13493022,13516380,13460244,13460622,13528027,13489621,13345788,13347100,13464699,13464699,10
2025-10-02 14:30:58,5199,pairwise,LinkedCells,1.000000,lc_c18,none,SoA,disabled,15598740,15408543,15370411,15363053,15350716,15326281,15444280,15412665,15176656,15220613,15367195,15367195,10
2025-10-02 14:30:58,5209,pairwise,LinkedCells,1.000000,lc_c18,none,SoA,enabled,10371638,10345309,10528931,10496316,10495454,10494813,10469943,10509149,10491771,10463087,10466641,10466641,10
2025-10-02 14:30:58,5219,pairwise,LinkedCells,1.000000,lc_sliced,none,AoS,disabled,20541761,21247627,20492958,20505165,20541734,20507841,20508862,20488479,21176445,20244747,20625561,20625561,10
2025-10-02 14:30:59,5229,pairwise,LinkedCells,1.000000,lc_sliced,none,AoS,enabled,14522813,15273662,14797350,15272473,14665500,14991641,14841624,14807115,15278047,14802394,14925261,14925261,10
2025-10-02 14:30:59,5239,pairwise,LinkedCells,1.000000,lc_sliced,none,SoA,disabled,14742899,14730552,14734465,14692764,14994989,14476152,14541567,14985389,14459272,14466872,14682491,14682491,10
2025-10-02 14:30:59,5249,pairwise,LinkedCells,1.000000,lc_sliced,none,SoA,enabled,8983032,9011651,9058596,9031114,8949439,9048380,9172162,8973512,9002244,9118344,9034846,9034846,10
2025-10-02 14:30:59,5259,pairwise,LinkedCells,1.000000,lc_sliced_balanced,none,AoS,disabled,20563799,20553282,20528393,20539470,20551506,20523282,20525918,20518435,20535739,20513999,20535381,20535381,10
2025-10-02 14:30:59,5269,pairwise,LinkedCells,1.000000,lc_sliced_balanced,none,AoS,enabled,14816277,14830160,14831051,14813113,14808943,14829584,14827999,14815783,14818223,14844003,14823513,14823513,10
2025-10-02 14:30:59,5279,pairwise,LinkedCells,1.000000,lc_sliced_balanced,none,SoA,disabled,14757995,14702795,14676429,14677009,14674093,14686856,14630614,14683086,14675106,14655418,14681939,14681939,10
2025-10-02 14:30:59,5289,pairwise,LinkedCells,1.000000,lc_sliced_balanced,none,SoA,enabled,9063344,9023171,9031476,9034289,9004295,9029844,9042526,9010529,9014900,9005515,9025988,9025988,10
2025-10-02 14:31:00,5299,pairwise,LinkedCells,1.000000,lc_sliced_balanced,squared-particles-per-cell,AoS,disabled,20762138,20559399,20532006,20537264,20488636,20506713,20498352,20479338,20489133,20523853,20537682,20537682,10
2025-10-02 14:31:00,5309,pairwise,LinkedCells,1.000000,lc_sliced_balanced,squared-particles-per-cell,AoS,enabled,14917224,14909550,14872494,14838169,14820082,14835598,14852759,14850812,14844960,14844101,14858574,14858574,10
2025-10-02 14:31:00,5319,pairwise,LinkedCells,1.000000,lc_sliced_balanced,squared-particles-per-cell,SoA,disabled,16445750,14717966,14675008,14675737,14672246,14700537,14673380,14716938,14644078,14659331,14858096,14858096,10
2025-10-02 14:31:00,5329,pairwise,LinkedCells,1.000000,lc_sliced_balanced,squared-particles-per-cell,SoA,enabled,9265487,9067702,9056054,9049525,9021433,9000484,9042096,9018519,9029612,9004177,9055508,9055508,10
2025-10-02 14:31:00,5339,pairwise,LinkedCells,1.000000,lc_sliced_c02,none,AoS,disabled,21360040,21186211,21131667,21201934,20787743,20739515,20589240,20492732,20828883,21114136,20943209,20943209,10
2025-10-02 14:31:01,5349,pairwise,LinkedCells,1.000000,lc_sliced_c02,none,AoS,enabled,15107941,14965723,14881752,14781342,14759210,15188864,15172163,15202163,14943440,14760516,14976310,14976310,10
2025-10-02 14:31:01,5359,pairwise,LinkedCells,1.000000,lc_sliced_c02,none,SoA,disabled,16359621,14574791,14703349,14731140,14640636,14881397,14916862,14922722,15117997,14531133,14937964,14937964,10
2025-10-02 14:31:01,5369,pairwise,LinkedCells,1.000000,lc_sliced_c02,none,SoA,enabled,9210792,9081315,9020817,9058946,8913171,9004023,9003931,8897137,8881661,9018904,9009069,9009069,10
2025-10-02 14:31:01,5379,pairwise,VerletClusterLists,1.000000,vcl_c01_balanced,none,AoS,disabled,153296022,32938589,32914014,32970358,32982784,32899728,32893970,32880014,32920056,32909010,44960454,44960454,10
2025-10-02 14:31:02,5389,pairwise,VerletClusterLists,1.000000,vcl_c01_balanced,none,SoA,disabled,107818097,11944424,11925154,11989983,11944317,11908203,11983948,11890643,11985677,11915205,21530564,21530564,10
2025-10-02 14:31:02,5399,pairwise,VerletClusterLists,1.000000,vcl_c06,none,AoS,disabled,138049612,42883068,42782075,43760063,41955365,42585777,43049331,42294408,43308369,42643452,52331151,52331151,10
2025-10-02 14:31:02,5409,pairwise,VerletClusterLists,1.000000,vcl_c06,none,AoS,enabled,75346580,21280391,21117468,21393922,21618788,21451485,21350391,21259301,21548179,21462701,26782920,26782920,10
2025-10-02 14:31:03,5419,pairwise,VerletClusterLists,1.000000,vcl_c06,none,SoA,disabled,111435600,15891143,15960800,15631598,16072789,15848177,16033256,15995894,15663274,15848072,25438060,25438060,10
2025-10-02 14:31:03,5429,pairwise,VerletClusterLists,1.000000,vcl_c06,none,SoA,enabled,62749543,8814798,8679783,8743126,8854943,8580928,8628631,8679357,8638405,8709333,14107884,14107884,10
2025-10-02 14:31:04,5439,pairwise,VerletClusterLists,1.000000,vcl_sliced,none,AoS,disabled,158562150,63233222,71737798,63232323,65623685,71782053,71852383,71646943,71631034,69272922,77857450,77857450,10
2025-10-02 14:31:04,5449,pairwise,VerletClusterLists,1.000000,vcl_sliced,none,AoS,enabled,90906836,37243980,37210301,37112111,30499110,37102058,37178676,37047859,31574740,31735429,40761109,40761109,10
2025-10-02 14:31:04,5459,pairwise,VerletClusterLists,1.000000,vcl_sliced,none,SoA,disabled,115879417,20669566,20677917,20719070,20720015,20714761,20724090,18383004,18408977,18185431,29508224,29508224,10
2025-10-02 14:31:05,5469,pairwise,VerletClusterLists,1.000000,vcl_sliced,none,SoA,enabled,65264937,10158605,11709839,11242459,11755790,11703529,11176901,10095518,11714913,11759045,16658152,16658152,10
2025-10-02 14:31:06,5479,pairwise,VerletClusterLists,1.000000,vcl_sliced_balanced,none,AoS,disabled,168956315,73420557,73393339,73434191,73419640,73462717,73442500,73470625,73528639,73418760,82994727,82994727,10
2025-10-02 14:31:06,5489,pairwise,VerletClusterLists,1.000000,vcl_sliced_balanced,none,AoS,enabled,91280518,37522037,37513413,37600046,37504469,37558345,37529759,37582738,37588796,37605513,42928563,42928563,10
2025-10-02 14:31:06,5499,pairwise,VerletClusterLists,1.000000,vcl_sliced_balanced,none,SoA,disabled,117660474,22585668,22511000,22495642,22565924,22567879,22565717,22510851,22575393,22518469,32055701,32055701,10
2025-10-02 14:31:07,5509,pairwise,VerletClusterLists,1.000000,vcl_sliced_balanced,none,SoA,enabled,66627296,12699891,12640489,12667222,12584355,12601543,12614832,12682635,12670010,12700145,18048841,18048841,10
2025-10-02 14:31:07,5519,pairwise,VerletClusterLists,1.000000,vcl_sliced_balanced,neighbor-list-length,AoS,disabled,187663393,73250257,73466812,73356233,73396795,73304693,73300453,73233730,73391902,73349566,84771382,84771382,10
2025-10-02 14:31:08,5529,pairwise,VerletClusterLists,1.000000,vcl_sliced_balanced,neighbor-list-length,AoS,enabled,91045815,37453624,37471817,37585910,37467170,37484934,37618165,37508653,37462247,37559411,42865773,42865773,10
2025-10-02 14:31:08,5539,pairwise,VerletClusterLists,1.000000,vcl_sliced_balanced,neighbor-list-length,SoA,disabled,118179890,22567280,22578103,22578538,22592060,22573920,22585999,22582555,22580972,22557433,32137674,32137674,10
2025-10-02 14:31:08,5549,pairwise,VerletClusterLists,1.000000,vcl_sliced_balanced,neighbor-list-length,SoA,enabled,66572726,12680498,12676725,12694992,12679811,12693063,12704388,12670844,12659206,12683634,18071588,18071588,10
2025-10-02 14:31:09,5559,pairwise,VerletClusterLists,1.000000,vcl_sliced_c02,none,AoS,disabled,197175704,80636685,79842894,78004633,80839840,81708623,82702157,78003302,76850526,80616331,91638068,91638068,10
2025-10-02 14:31:10,5569,pairwise,VerletClusterLists,1.000000,vcl_sliced_c02,none,AoS,enabled,93247756,39139734,42353995,42730251,42261466,39010660,41644575,41781552,42452548,38430040,46305257,46305257,10
2025-10-02 14:31:10,5579,pairwise,VerletClusterLists,1.000000,vcl_sliced_c02,none,SoA,disabled,122015927,23205872,25514367,25481059,23259387,23467290,24170005,24965655,24157868,24388275,34062570,34062570,10
2025-10-02 14:31:10,5589,pairwise,VerletClusterLists,1.000000,vcl_sliced_c02,none,SoA,enabled,67367613,13107654,13151108,13070621,13941403,13910147,13115917,13032322,13932847,13081534,18771115,18771115,10
2025-10-02 14:31:11,5599,pairwise,VerletLists,1.000000,vl_list_iteration,none,AoS,disabled,77203779,16582463,16553591,16550880,16563862,16556886,16569722,16550843,16560260,16548285,22624056,22624056,10
2025-10-02 14:31:11,5609,pairwise,VerletLists,1.000000,vl_list_iteration,none,SoA,disabled,261154704,13900468,13788682,13757383,13786579,13780120,13753886,13747573,13782556,13762200,38521415,38521415,10
2025-10-02 14:31:11,5619,pairwise,VerletListsCells,1.000000,vlc_c01,none,AoS,disabled,79584557,10907678,10918862,10909867,10949178,10898382,10939613,10951382,10907021,10912724,17787926,17787926,10
2025-10-02 14:31:12,5629,pairwise,VerletListsCells,1.000000,vlc_c01,none,SoA,disabled,272659417,15410726,14478262,14486139,14484067,14482352,14481922,14491287,14496063,14469817,40394005,40394005,10
2025-10-02 14:31:12,5639,pairwise,VerletListsCells,1.000000,vlc_c18,none,AoS,disabled,63624178,10900493,10872577,10864084,10886492,10884786,10903002,10892595,10883988,10906294,16161848,16161848,10
2025-10-02 14:31:12,5649,pairwise,VerletListsCells,1.000000,vlc_c18,none,AoS,enabled,44349990,6475674,6472992,6449271,6430060,6445539,6446960,6458360,6444354,6464031,10243722,10243722,10
2025-10-02 14:31:13,5659,pairwise,VerletListsCells,1.000000,vlc_c18,none,SoA,disabled,421532360,18763904,18772654,18760034,18770763,18734772,18723651,18756765,18766649,18741866,59032341,59032341,10
2025-10-02 14:31:13,5669,pairwise,VerletListsCells,1.000000,vlc_c18,none,SoA,enabled,260918359,14668991,14621205,14697020,14783052,14799080,14735386,13933068,13924610,13888788,39096955,39096955,10
2025-10-02 14:31:13,5679,pairwise,VerletListsCells,1.000000,vlc_c08,none,AoS,disabled,55868344,10834619,10844753,10829336,10808447,10792945,10792314,10808598,10820890,10817567,15321780,15321780,10
2025-10-02 14:31:13,5689,pairwise,VerletListsCells,1.000000,vlc_c08,none,AoS,enabled,48055278,7103314,7068435,7070757,7061294,7057746,7064756,7054848,7069013,7072362,11167779,11167779,10
2025-10-02 14:31:14,5699,pairwise,VerletListsCells,1.000000,vlc_c08,none,SoA,disabled,389348110,17902575,17905666,17911370,17863667,17872472,17892990,17886697,17895814,17858618,55033797,55033797,10
2025-10-02 14:31:14,5709,pairwise,VerletListsCells,1.000000,vlc_c08,none,SoA,enabled,276002611,15747284,15748042,15760388,15765722,15727362,15742272,15746178,15771142,15728176,41773917,41773917,10
2025-10-02 14:31:15,5719,pairwise,VerletListsCells,1.000000,vlc_sliced,none,AoS,disabled,71603226,18388532,17732803,18364005,18394907,17790768,18359546,17786298,17794690,17756835,23397160,23397160,10
2025-10-02 14:31:15,5729,pairwise,VerletListsCells,1.000000,vlc_sliced,none,AoS,enabled,48251659,8347583,8679264,8362751,8639522,8358078,8358815,8337504,8376438,8353236,12406484,12406484,10
2025-10-02 14:31:16,5739,pairwise,VerletListsCells,1.000000,vlc_sliced,none,SoA,disabled,450415241,25840982,25780000,25554270,25689442,25686857,25601620,25528866,25679004,26183431,68195970,68195970,10
2025-10-02 14:31:16,5749,pairwise,VerletListsCells,1.000000,vlc_sliced,none,SoA,enabled,264750010,15636838,15770382,15805922,15648178,15856871,15723341,15192631,15057807,15198705,40464068,40464068,10
2025-10-02 14:31:16,5759,pairwise,VerletListsCells,1.000000,vlc_sliced_balanced,none,AoS,disabled,69732138,16613012,16627997,16599315,16597790,16595540,16616697,16587342,16583309,16567135,21912026,21912026,10
2025-10-02 14:31:16,5769,pairwise,VerletListsCells,1.000000,vlc_sliced_balanced,none,AoS,enabled,45474612,8457678,8422587,8397318,8376849,8396973,8379063,8380773,8397703,8384852,12106840,12106840,10
2025-10-02 14:31:17,5779,pairwise,VerletListsCells,1.000000,vlc_sliced_balanced,none,SoA,disabled,440625158,26326137,26276262,26265490,26292673,26320459,26196757,26268247,26254685,26288657,67711452,67711452,10
2025-10-02 14:31:17,5789,pairwise,VerletListsCells,1.000000,vlc_sliced_balanced,none,SoA,enabled,266829670,15597614,15565266,15494670,15604139,15695876,15626457,14805216,14791767,14793501,40480417,40480417,10
2025-10-02 14:31:18,5799,pairwise,VerletListsCells,1.000000,vlc_sliced_balanced,squared-particles-per-cell,AoS,disabled,68456619,16272881,16250357,16288223,16232319,16206377,16240894,16208203,16226232,16208971,21459106,21459106,10
2025-10-02 14:31:18,5809,pairwise,VerletListsCells,1.000000,vlc_sliced_balanced,squared-particles-per-cell,AoS,enabled,45570659,8684778,8626079,8626282,8623413,8618485,8614868,8713125,8588584,8578986,12324525,12324525,10
2025-10-02 14:31:18,5819,pairwise,VerletListsCells,1.000000,vlc_sliced_balanced,squared-particles-per-cell,SoA,disabled,408547298,23356683,23380854,23291299,23291868,23321100,23249457,23264693,23264445,23313095,61828078,61828078,10
2025-10-02 14:31:19,5829,pairwise,VerletListsCells,1.000000,vlc_sliced_balanced,squared-particles-per-cell,SoA,enabled,251911998,15554207,15482290,15537769,15590545,15618022,15623609,14785228,14735538,14608290,38944749,38944749,10
2025-10-02 14:31:19,5839,pairwise,VerletListsCells,1.000000,vlc_sliced_balanced,neighbor-list-length,AoS,disabled,69905407,16449557,16465293,16483543,16460657,16426342,16434458,16469017,16452290,16442970,21798952,21798952,10
2025-10-02 14:31:19,5849,pairwise,VerletListsCells,1.000000,vlc_sliced_balanced,neighbor-list-length,AoS,enabled,45876925,8648590,8598762,8555983,8575961,8579711,8547150,8574789,8554768,8559942,12307258,12307258,10
2025-10-02 14:31:20,5859,pairwise,VerletListsCells,1.000000,vlc_sliced_balanced,neighbor-list-length,SoA,disabled,409793419,24345501,24244018,24293552,24165807,24200189,24193408,24163932,24155482,24270076,62782537,62782537,10
2025-10-02 14:31:20,5869,pairwise,VerletListsCells,1.000000,vlc_sliced_balanced,neighbor-list-length,SoA,enabled,257482862,16011634,15955876,15896538,15955928,15971826,15990274,15183845,15123091,15039680,39861154,39861154,10
2025-10-02 14:31:21,5879,pairwise,VerletListsCells,1.000000,vlc_sliced_c02,none,AoS,disabled,72332703,21062069,20447936,20313550,20792230,20253523,20196716,20973701,20848679,20453527,25767462,25767462,10
2025-10-02 14:31:21,5889,pairwise,VerletListsCells,1.000000,vlc_sliced_c02,none,AoS,enabled,47929327,11158133,10851193,10501875,11082987,11001723,10556147,10844663,11141775,10792997,14586082,14586082,10
2025-10-02 14:31:22,5899,pairwise,VerletListsCells,1.000000,vlc_sliced_c02,none,SoA,disabled,415768075,28693575,27640217,28753583,28032319,28052763,28079823,28009424,28009463,28058987,66909822,66909822,10
2025-10-02 14:31:22,5909,pairwise,VerletListsCells,1.000000,vlc_sliced_c02,none,SoA,enabled,268888247,18403123,18149962,17895459,18278076,18327576,18133893,18336005,17240101,17447547,43109998,43109998,10
2025-10-02 14:31:22,5919,pairwise,PairwiseVerletLists,1.000000,vlp_c01,none,AoS,disabled,88481746,13283007,13268115,13299158,13310894,13317339,13286132,13259770,13265881,13290954,20806299,20806299,10
2025-10-02 14:31:23,5929,pairwise,PairwiseVerletLists,1.000000,vlp_c01,none,SoA,disabled,761049498,26867904,26862607,26869961,26843326,26868862,26854077,26862709,26848021,26844072,100277103,100277103,10
2025-10-02 14:31:24,5939,pairwise,PairwiseVerletLists,1.000000,vlp_c18,none,AoS,disabled,87921666,14391691,14375861,14359140,14374210,14365072,14386352,14384383,14365512,14345238,21726911,21726911,10
2025-10-02 14:31:24,5949,pairwise,PairwiseVerletLists,1.000000,vlp_c18,none,AoS,enabled,102306073,8917014,8897686,8889657,8897256,8898301,8892041,8903944,8891273,8915100,18240834,18240834,10
2025-10-02 14:31:25,5959,pairwise,PairwiseVerletLists,1.000000,vlp_c18,none,SoA,disabled,995048918,25680328,25641927,25632998,25671915,25679334,25663946,25661662,25664009,25677235,122602227,122602227,10
2025-10-02 14:31:26,5969,pairwise,PairwiseVerletLists,1.000000,vlp_c18,none,SoA,enabled,654999608,19183501,19197909,19176938,19211989,19191471,19182830,19171251,19176688,19184883,82767706,82767706,10
2025-10-02 14:31:26,5979,pairwise,PairwiseVerletLists,1.000000,vlp_sliced,none,AoS,disabled,95819930,23734530,23561157,23701510,23768739,24885790,25012781,24896085,24850288,23730540,31396134,31396134,10
2025-10-02 14:31:26,5989,pairwise,PairwiseVerletLists,1.000000,vlp_sliced,none,AoS,enabled,111830545,11117287,11374045,11101064,11453879,11318172,11076509,11339310,11321210,11356045,21328805,21328805,10
2025-10-02 14:31:28,5999,pairwise,PairwiseVerletLists,1.000000,vlp_sliced,none,SoA,disabled,955734227,35787038,37622166,37180417,35640880,37623717,37658157,35760787,35617471,37705495,128633035,128633035,10
2025-10-02 14:31:29,6009,pairwise,PairwiseVerletLists,1.000000,vlp_sliced,none,SoA,enabled,669762777,24499684,24227140,23898280,24669714,24397742,23884524,24124195,24039400,24619204,88812265,88812265,10
2025-10-02 14:31:29,6019,pairwise,PairwiseVerletLists,1.000000,vlp_sliced_balanced,none,AoS,disabled,97554927,24204393,24136269,24146678,24155037,24127750,24110308,24137194,24085830,24158220,31481660,31481660,10
2025-10-02 14:31:29,6029,pairwise,PairwiseVerletLists,1.000000,vlp_sliced_balanced,none,AoS,enabled,111972570,11235228,11197046,11197462,11142746,11170375,11172372,11136589,11139467,11169460,21253331,21253331,10
2025-10-02 14:31:30,6039,pairwise,PairwiseVerletLists,1.000000,vlp_sliced_balanced,none,SoA,disabled,956837015,36072030,36159032,36142709,36120466,36112597,36106727,36170753,36046861,36183532,128195171,128195171,10
2025-10-02 14:31:31,6049,pairwise,PairwiseVerletLists,1.000000,vlp_sliced_balanced,none,SoA,enabled,669382849,24230673,24193364,24201352,24198664,24194409,24188686,24213070,24030875,24210829,88704477,88704477,10
2025-10-02 14:31:32,6059,pairwise,PairwiseVerletLists,1.000000,vlp_sliced_c02,none,AoS,disabled,102029869,29903122,28990376,29023984,31871949,32071587,29830045,31872553,29969614,29765700,37532879,37532879,10
2025-10-02 14:31:32,6069,pairwise,PairwiseVerletLists,1.000000,vlp_sliced_c02,none,AoS,enabled,114723991,14360070,14535330,14279635,14207554,13862344,14565664,13876438,14651477,13964208,24302670,24302670,10
2025-10-02 14:31:33,6079,pairwise,PairwiseVerletLists,1.000000,vlp_sliced_c02,none,SoA,disabled,966930141,43065334,43679954,43818827,43643025,43468613,43568399,43735175,41433719,43549036,135689222,135689222,10
2025-10-02 14:31:34,6089,pairwise,PairwiseVerletLists,1.000000,vlp_sliced_c02,none,SoA,enabled,670026911,29277775,29235639,29686363,28826571,28971517,28041577,28913684,29604873,29053982,93163888,93163888,10
2025-10-02 14:31:35,6099,pairwise,PairwiseVerletLists,1.000000,vlp_c08,none,AoS,disabled,91333804,18976596,18933787,18912380,18897303,18895477,18876509,18863388,18865072,18866109,26142042,26142042,10
2025-10-02 14:31:35,6109,pairwise,PairwiseVerletLists,1.000000,vlp_c08,none,AoS,enabled,112217957,10556338,10474706,10470268,10449299,10450708,10442743,10436494,10430361,10442595,20637146,20637146,10
2025-10-02 14:31:36,6119,pairwise,PairwiseVerletLists,1.000000,vlp_c08,none,SoA,disabled,957514522,29144809,29179549,29142176,29143406,29128022,29109966,29130233,29168136,29157493,121981830,121981830,10
2025-10-02 14:31:37,6129,pairwise,PairwiseVerletLists,1.000000,vlp_c08,none,SoA,enabled,667042182,21367100,21339202,21350495,21363846,21339851,21358032,21339350,21353210,21365797,85921906,85921906,10
2025-10-02 14:33:20,10009,pairwise,LinkedCells,1.000000,lc_c01,none,AoS,disabled,25282105,25083333,25746975,25198843,25509420,25196465,25423728,25366526,25459590,25583366,25385034,25385034,10
2025-10-02 14:33:21,10019,pairwise,LinkedCells,1.000000,lc_c01,none,SoA,disabled,14121845,13912026,14022481,14099344,14078906,14133378,14095308,14114849,13928281,13885903,14039231,14039231,10
2025-10-02 14:33:21,10029,pairwise,LinkedCells,1.000000,lc_c01_combined_SoA,none,SoA,disabled,11849153,11910011,12006341,11942899,11887712,11978574,11932159,11875931,11899896,11922857,11920552,11920552,10
2025-10-02 14:33:21,10039,pairwise,LinkedCells,1.000000,lc_c04,none,AoS,disabled,18047876,17967463,17987335,18101262,18093435,17843142,17992541,18043012,18058301,17991757,18012612,18012612,10
2025-10-02 14:33:21,10049,pairwise,LinkedCells,1.000000,lc_c04,none,AoS,enabled,12985689,13033771,13010975,13034765,13022735,12999488,13040019,13050780,12916527,13042711,13013745,13013745,10
2025-10-02 14:33:21,10059,pairwise,LinkedCells,1.000000,lc_c04,none,SoA,disabled,13584047,13376147,13346091,13410343,13322893,13364857,13428585,13444966,13428700,13351487,13405811,13405811,10
2025-10-02 14:33:21,10069,pairwise,LinkedCells,1.000000,lc_c04,none,SoA,enabled,8894702,8799245,8756711,8880156,8863149,8800895,8837239,8895747,8756464,8919601,8840390,8840390,10
2025-10-02 14:33:21,10079,pairwise,LinkedCells,1.000000,lc_c04_HCP,none,AoS,disabled,16895255,16918214,16860674,16856238,16876123,16825040,16865512,16866833,16881812,16867703,16871340,16871340,10
2025-10-02 14:33:22,10089,pairwise,LinkedCells,1.000000,lc_c04_HCP,none,AoS,enabled,12299948,12299166,12301139,12291104,12332165,12345111,12353057,12333599,12330623,12339570,12322547,12322547,10
2025-10-02 14:33:22,10099,pairwise,LinkedCells,1.000000,lc_c04_HCP,none,SoA,disabled,13370403,13312689,13325568,13310756,13324175,13303366,13311963,13300585,13276923,13279535,13311596,13311596,10
2025-10-02 14:33:22,10109,pairwise,LinkedCells,1.000000,lc_c04_HCP,none,SoA,enabled,9390056,9371068,9331578,9337319,9326494,9312656,9307900,9319888,9298531,9305822,9330130,9330130,10
2025-10-02 14:33:22,10119,pairwise,LinkedCells,1.000000,lc_c04_combined_SoA,none,SoA,disabled,15853145,15718214,15728676,15712601,15802810,15842689,15893924,15800892,15727543,15817528,15789802,15789802,10
2025-10-02 14:33:22,10129,pairwise,LinkedCells,1.000000,lc_c04_combined_SoA,none,SoA,enabled,12256211,12271630,12200638,12219451,12239594,12158330,12189861,12197523,12204573,12205903,12214370,12214370,10
2025-10-02 14:33:22,10139,pairwise,LinkedCells,1.000000,lc_c08,none,AoS,disabled,17703284,17583661,17553724,17600152,17433726,17552830,17422160,17532512,17632273,17560993,17557530,17557530,10
2025-10-02 14:33:22,10149,pairwise,LinkedCells,1.000000,lc_c08,none,AoS,enabled,13022798,13008220,13141055,13143026,13060124,13020496,13032703,13068304,13139242,13147783,13078374,13078374,10
2025-10-02 14:33:23,10159,pairwise,LinkedCells,1.000000,lc_c08,none,SoA,disabled,15928076,15769686,15710670,15714743,15731665,15696416,15679273,15729771,15725410,15680933,15736664,15736664,10
2025-10-02 14:33:23,10169,pairwise,LinkedCells,1.000000,lc_c08,none,SoA,enabled,12054674,11922703,11922908,11927011,11929507,11902057,11907954,11956951,11907555,11875863,11930717,11930717,10
2025-10-02 14:33:23,10179,pairwise,LinkedCells,1.000000,lc_c18,none,AoS,disabled,17854758,17819549,17850326,17832851,17813038,17793041,17826004,17806438,17829184,17838893,17826408,17826408,10
2025-10-02 14:33:23,10189,pairwise,LinkedCells,1.000000,lc_c18,none,AoS,enabled,13253580,13207520,13240043,13176108,13182526,13218520,13159518,13088675,13158363,13245108,13192995,13192995,10
2025-10-02 14:33:23,10199,pairwise,LinkedCells,1.000000,lc_c18,none,SoA,disabled,15463451,15337731,15333436,15362599,15366325,15457271,15296571,15106222,15041552,15181723,15294687,15294687,10
2025-10-02 14:33:23,10209,pairwise,LinkedCells,1.000000,lc_c18,none,SoA,enabled,10751833,10703005,10736879,10684302,10670941,10710223,10717054,10673517,10653483,10700328,10700155,10700155,10
2025-10-02 14:33:24,10219,pairwise,LinkedCells,1.000000,lc_sliced,none,AoS,disabled,22304664,22912437,22283314,22410974,22674561,22334157,22697152,22655215,22678145,22330836,22528144,22528144,10
2025-10-02 14:33:24,10229,pairwise,LinkedCells,1.000000,lc_sliced,none,AoS,enabled,16355866,15855518,16107637,16290489,15998743,16309283,16016066,16318239,16341136,16132964,16172593,16172593,10
2025-10-02 14:33:24,10239,pairwise,LinkedCells,1.000000,lc_sliced,none,SoA,disabled,16016653,15988081,15933586,15964128,15951230,15910548,15801339,15633180,15960102,15897727,15905656,15905656,10
2025-10-02 14:33:24,10249,pairwise,LinkedCells,1.000000,lc_sliced,none,SoA,enabled,9712093,9766062,9777761,9682479,9747355,9752595,9733058,9620497,9639762,9623687,9705534,9705534,10
2025-10-02 14:33:24,10259,pairwise,LinkedCells,1.000000,lc_sliced_balanced,none,AoS,disabled,22703076,22664454,22668103,22689649,22698348,22713089,22685984,22692609,22694042,22708563,22691790,22691790,10
2025-10-02 14:33:24,10269,pairwise,LinkedCells,1.000000,lc_sliced_balanced,none,AoS,enabled,16336593,16354726,16339017,16354710,16359469,16330865,16355924,16370764,16347120,16348820,16349800,16349800,10
2025-10-02 14:33:25,10279,pairwise,LinkedCells,1.000000,lc_sliced_balanced,none,SoA,disabled,16001325,15973273,15954560,15946437,15942722,15917006,15893986,15934061,15920036,15939318,15942272,15942272,10
2025-10-02 14:33:25,10289,pairwise,LinkedCells,1.000000,lc_sliced_balanced,none,SoA,enabled,9908610,9746346,9741398,9741275,9706459,9727878,9746780,9744430,9692063,9725478,9748071,9748071,10
2025-10-02 14:33:25,10299,pairwise,LinkedCells,1.000000,lc_sliced_balanced,squared-particles-per-cell,AoS,disabled,23311873,23097103,23056880,23066966,23069568,23066866,23061168,23065156,23072997,23067692,23093626,23093626,10
2025-10-02 14:33:25,10309,pairwise,LinkedCells,1.000000,lc_sliced_balanced,squared-particles-per-cell,AoS,enabled,16632304,16580249,16577589,16562447,16549089,16564294,16569105,16552465,16581064,16548211,16571680,16571680,10
2025-10-02 14:33:25,10319,pairwise,LinkedCells,1.000000,lc_sliced_balanced,squared-particles-per-cell,SoA,disabled,18058259,16303312,16316462,16278999,16299023,16288983,16201864,16299992,16183472,16299144,16452950,16452950,10
2025-10-02 14:33:26,10329,pairwise,LinkedCells,1.000000,lc_sliced_balanced,squared-particles-per-cell,SoA,enabled,10789586,10602878,10581873,10576078,10583203,10585410,10570637,10594694,10564790,10579611,10602875,10602875,10
2025-10-02 14:33:26,10339,pairwise,LinkedCells,1.000000,lc_sliced_c02,none,AoS,disabled,22806143,22694420,22616016,22629314,22524377,22519930,22563126,22214240,22661989,22213366,22544291,22544291,10
2025-10-02 14:33:26,10349,pairwise,LinkedCells,1.000000,lc_sliced_c02,none,AoS,enabled,16275813,16236269,16009487,16208942,16246895,15947857,16159587,16049223,16226783,16226884,16158773,16158773,10
2025-10-02 14:33:26,10359,pairwise,LinkedCells,1.000000,lc_sliced_c02,none,SoA,disabled,17616233,15934115,15845933,15861896,15895096,15713570,15882553,15662387,15771762,15837223,16002076,16002076,10
2025-10-02 14:33:26,10369,pairwise,LinkedCells,1.000000,lc_sliced_c02,none,SoA,enabled,9985712,9654113,9453225,9772392,9836796,9444779,9732480,9672738,9478902,9732106,9676323,9676323,10
2025-10-02 14:33:27,10379,pairwise,VerletClusterLists,1.000000,vcl_c01_balanced,none,AoS,disabled,147820534,33487052,33399713,33405922,33400078,33437092,33394513,33364372,33366070,33371612,44844695,44844695,10
2025-10-02 14:33:27,10389,pairwise,VerletClusterLists,1.000000,vcl_c01_balanced,none,SoA,disabled,104019725,12160506,12181024,12177842,12159286,12172899,12200633,12243593,12242903,12108400,21366680,21366680,10
2025-10-02 14:33:28,10399,pairwise,VerletClusterLists,1.000000,vcl_c06,none,AoS,disabled,135470829,43928996,44150444,42833934,44691108,43007905,44055683,42756483,44928727,43223549,52904765,52904765,10
2025-10-02 14:33:28,10409,pairwise,VerletClusterLists,1.000000,vcl_c06,none,AoS,enabled,74180380,22543195,22144301,22323921,22362400,22629822,22407450,22422949,22246288,22720062,27598076,27598076,10
2025-10-02 14:33:28,10419,pairwise,VerletClusterLists,1.000000,vcl_c06,none,SoA,disabled,106840960,16125687,16180685,16061531,16268075,15839345,15860722,15934291,16250621,15758089,25112000,25112000,10
2025-10-02 14:33:28,10429,pairwise,VerletClusterLists,1.000000,vcl_c06,none,SoA,enabled,61339518,9052349,8945090,9018351,9049333,8976363,8952267,8997095,9174348,8998064,14250277,14250277,10
2025-10-02 14:33:29,10439,pairwise,VerletClusterLists,1.000000,vcl_sliced,none,AoS,disabled,160426946,63307538,75675365,69051576,69608515,62322656,70299081,69142189,63206591,72124919,77516537,77516537,10
2025-10-02 14:33:30,10449,pairwise,VerletClusterLists,1.000000,vcl_sliced,none,AoS,enabled,88679195,36182129,36717691,36218547,36264090,33118184,35679747,36181407,36151107,36214112,41140620,41140620,10
2025-10-02 14:33:30,10459,pairwise,VerletClusterLists,1.000000,vcl_sliced,none,SoA,disabled,112125068,21335812,20568026,18742546,21414304,21138057,21425650,22360518,22565283,21383643,30305890,30305890,10
2025-10-02 14:33:30,10469,pairwise,VerletClusterLists,1.000000,vcl_sliced,none,SoA,enabled,63194144,12213659,12803107,10466236,12594074,12012841,12276625,12296576,12131617,12201186,17219005,17219005,10
2025-10-02 14:33:31,10479,pairwise,VerletClusterLists,1.000000,vcl_sliced_balanced,none,AoS,disabled,160569094,69647862,69608895,69654611,69645665,69665085,69531284,69711029,69766981,69646761,78744726,78744726,10
2025-10-02 14:33:31,10489,pairwise,VerletClusterLists,1.000000,vcl_sliced_balanced,none,AoS,enabled,87776623,36020530,35993171,35953361,36046795,35939055,36075974,35971189,35983472,35993791,41175396,41175396,10
2025-10-02 14:33:32,10499,pairwise,VerletClusterLists,1.000000,vcl_sliced_balanced,none,SoA,disabled,112960499,21519948,21486863,21493804,21391265,21447417,21433921,21443532,21440433,21444974,30606265,30606265,10
2025-10-02 14:33:32,10509,pairwise,VerletClusterLists,1.000000,vcl_sliced_balanced,none,SoA,enabled,63857300,11830041,11668380,11683211,11692133,11756302,11691279,11680678,11739094,11664355,16926277,16926277,10
2025-10-02 14:33:33,10519,pairwise,VerletClusterLists,1.000000,vcl_sliced_balanced,neighbor-list-length,AoS,disabled,178658962,69632225,69722180,69765311,69727926,69660468,69679238,69650003,69692240,69555925,80574447,80574447,10
2025-10-02 14:33:33,10529,pairwise,VerletClusterLists,1.000000,vcl_sliced_balanced,neighbor-list-length,AoS,enabled,87566675,36084074,36106017,36112012,36052483,36052098,36084060,36023334,36101667,36143547,41232596,41232596,10
2025-10-02 14:33:34,10539,pairwise,VerletClusterLists,1.000000,vcl_sliced_balanced,neighbor-list-length,SoA,disabled,112409697,21436102,21443983,21438673,21467129,21443712,21453673,21448529,21456656,21421277,30541943,30541943,10
2025-10-02 14:33:34,10549,pairwise,VerletClusterLists,1.000000,vcl_sliced_balanced,neighbor-list-length,SoA,enabled,63829441,11712395,11696767,11688299,11690483,11688413,11684110,11664736,11695393,11674041,16902407,16902407,10
2025-10-02 14:33:35,10559,pairwise,VerletClusterLists,1.000000,vcl_sliced_c02,none,AoS,disabled,202089762,90796036,94129797,88683655,82591761,91957091,88569875,80866091,91266787,91294783,100224563,100224563,10
2025-10-02 14:33:35,10569,pairwise,VerletClusterLists,1.000000,vcl_sliced_c02,none,AoS,enabled,98138651,48730595,43836911,48806200,48709763,48384998,48872060,48797931,43159935,41696872,51913391,51913391,10
2025-10-02 14:33:36,10579,pairwise,VerletClusterLists,1.000000,vcl_sliced_c02,none,SoA,disabled,119222154,24607386,28599544,24453800,25377017,27593254,24494201,28360233,29015295,28590235,36031311,36031311,10
2025-10-02 14:33:36,10589,pairwise,VerletClusterLists,1.000000,vcl_sliced_c02,none,SoA,enabled,67954063,15016225,15898069,16213779,16485603,15907171,15973414,16852049,14545595,16035718,21088168,21088168,10
2025-10-02 14:33:36,10599,pairwise,VerletLists,1.000000,vl_list_iteration,none,AoS,disabled,76575635,16548607,16529119,16531033,16519290,16523019,16523196,16532514,16537283,16532327,22535201,22535201,10
2025-10-02 14:33:37,10609,pairwise,VerletLists,1.000000,vl_list_iteration,none,SoA,disabled,258692219,13864227,13833080,13821752,13860606,13834225,13847577,13845088,13846333,13825493,38327059,38327059,10
2025-10-02 14:33:37,10619,pairwise,VerletListsCells,1.000000,vlc_c01,none,AoS,disabled,77896438,10779846,10749887,10738199,10789399,10770060,10776117,10786030,10738324,10750798,17477509,17477509,10
2025-10-02 14:33:37,10629,pairwise,VerletListsCells,1.000000,vlc_c01,none,SoA,disabled,268224087,15213160,14279350,14292082,14318909,14313954,14331266,14317106,14273446,14314812,39787816,39787816,10
2025-10-02 14:33:37,10639,pairwise,VerletListsCells,1.000000,vlc_c18,none,AoS,disabled,63270621,10743019,10765278,10774933,10753248,10741174,10753425,10754820,10759225,10751177,16006691,16006691,10
2025-10-02 14:33:38,10649,pairwise,VerletListsCells,1.000000,vlc_c18,none,AoS,enabled,42778650,6365000,6371545,6330119,6348391,6334038,6316192,6334652,6327473,6344785,9985084,9985084,10
2025-10-02 14:33:38,10659,pairwise,VerletListsCells,1.000000,vlc_c18,none,SoA,disabled,416561774,18655199,18631358,18631916,18615641,18615261,18634362,18621595,18674654,18644829,58428658,58428658,10
2025-10-02 14:33:39,10669,pairwise,VerletListsCells,1.000000,vlc_c18,none,SoA,enabled,258676848,14575975,14595128,14667826,14673349,14683722,14701679,13861720,13838991,13855768,38813100,38813100,10
2025-10-02 14:33:39,10679,pairwise,VerletListsCells,1.000000,vlc_c08,none,AoS,disabled,57108473,10674044,10648858,10633102,10624988,10636677,10620689,10624597,10636361,10630625,15283841,15283841,10
2025-10-02 14:33:39,10689,pairwise,VerletListsCells,1.000000,vlc_c08,none,AoS,enabled,47983824,7007540,6957602,6951140,6942690,6932723,6950322,6951766,6944453,6953493,11057554,11057554,10
2025-10-02 14:33:39,10699,pairwise,VerletListsCells,1.000000,vlc_c08,none,SoA,disabled,382351046,17783573,17818347,17787168,17768428,17760182,17760577,17759874,17774586,17779994,54234376,54234376,10
2025-10-02 14:33:40,10709,pairwise,VerletListsCells,1.000000,vlc_c08,none,SoA,enabled,281020272,15578426,15589118,15580451,15565818,15597180,15606610,15606400,15594897,15629372,42136854,42136854,10
2025-10-02 14:33:40,10719,pairwise,VerletListsCells,1.000000,vlc_sliced,none,AoS,disabled,74125936,19585219,19417984,19375492,19328051,19605492,19361666,19408651,19415537,19392025,24901605,24901605,10
2025-10-02 14:33:40,10729,pairwise,VerletListsCells,1.000000,vlc_sliced,none,AoS,enabled,47915205,9068823,9054850,8896717,9176545,9015775,9010889,9034875,9128078,8978374,12928012,12928012,10
2025-10-02 14:33:41,10739,pairwise,VerletListsCells,1.000000,vlc_sliced,none,SoA,disabled,435941692,24894708,25315490,25206164,25303620,25067545,25201844,25215015,25397900,25173391,66271736,66271736,10
2025-10-02 14:33:41,10749,pairwise,VerletListsCells,1.000000,vlc_sliced,none,SoA,enabled,258662105,16325711,16405741,16280712,16480881,16329037,16207378,15499909,15496390,15484750,40317261,40317261,10
2025-10-02 14:33:42,10759,pairwise,VerletListsCells,1.000000,vlc_sliced_balanced,none,AoS,disabled,69736819,17204752,17152299,17209956,17237538,17185275,17201949,17183998,17215624,17174979,22450318,22450318,10
2025-10-02 14:33:42,10769,pairwise,VerletListsCells,1.000000,vlc_sliced_balanced,none,AoS,enabled,45593217,9091378,9039943,9043728,9018763,9050802,9017781,9003377,8990218,9019485,12686868,12686868,10
2025-10-02 14:33:42,10779,pairwise,VerletListsCells,1.000000,vlc_sliced_balanced,none,SoA,disabled,430046408,27028386,26914800,26919649,26935457,26919562,26938477,26915906,26914351,26915183,67244817,67244817,10
2025-10-02 14:33:43,10789,pairwise,VerletListsCells,1.000000,vlc_sliced_balanced,none,SoA,enabled,246560188,16236239,16120181,16182567,16233100,16236874,15933668,15382561,15354156,15372984,38961251,38961251,10
2025-10-02 14:33:43,10799,pairwise,VerletListsCells,1.000000,vlc_sliced_balanced,squared-particles-per-cell,AoS,disabled,69082742,17340337,17343155,17328078,17334406,17325366,17336299,17318369,17312137,17323412,22504430,22504430,10
2025-10-02 14:33:43,10809,pairwise,VerletListsCells,1.000000,vlc_sliced_balanced,squared-particles-per-cell,AoS,enabled,45891681,9307717,9285365,9252661,9270121,9262628,9276965,9265841,9252412,9237719,12930310,12930310,10
2025-10-02 14:33:44,10819,pairwise,VerletListsCells,1.000000,vlc_sliced_balanced,squared-particles-per-cell,SoA,disabled,405449458,24777521,24830697,24715201,24761932,24707944,24672591,24694379,24737565,24704327,62805161,62805161,10
2025-10-02 14:33:44,10829,pairwise,VerletListsCells,1.000000,vlc_sliced_balanced,squared-particles-per-cell,SoA,enabled,263342108,16323796,16114829,16281298,16368851,16381006,16385347,15366778,15531334,15339854,40743519,40743519,10
2025-10-02 14:33:45,10839,pairwise,VerletListsCells,1.000000,vlc_sliced_balanced,neighbor-list-length,AoS,disabled,69041859,17801054,17758128,17771710,17802116,17836317,17821451,17855430,17773882,17800714,22926265,22926265,10
2025-10-02 14:33:45,10849,pairwise,VerletListsCells,1.000000,vlc_sliced_balanced,neighbor-list-length,AoS,enabled,45575294,9315245,9268984,9282031,9262644,9239731,9255759,9246343,9247948,9262482,12895646,12895646,10
2025-10-02 14:33:46,10859,pairwise,VerletListsCells,1.000000,vlc_sliced_balanced,neighbor-list-length,SoA,disabled,408525674,25953742,25923188,25906857,25903030,25899653,25873625,25867132,25872537,25895973,64162140,64162140,10
2025-10-02 14:33:46,10869,pairwise,VerletListsCells,1.000000,vlc_sliced_balanced,neighbor-list-length,SoA,enabled,264682522,16798248,16726086,16808234,16804399,16754383,16800336,15957583,15909712,15907483,41314897,41314897,10
2025-10-02 14:33:46,10879,pairwise,VerletListsCells,1.000000,vlc_sliced_c02,none,AoS,disabled,72841260,20854091,20751258,21761758,22521025,21688988,22522131,21597565,21632009,22509647,26867973,26867973,10
2025-10-02 14:33:46,10889,pairwise,VerletListsCells,1.000000,vlc_sliced_c02,none,AoS,enabled,47845263,11154294,11895932,11940102,11557492,11344527,11811909,11667076,11577795,11871546,15266593,15266593,10
2025-10-02 14:33:47,10899,pairwise,VerletListsCells,1.000000,vlc_sliced_c02,none,SoA,disabled,411120126,29400737,28664157,29893406,28662502,29839924,28719927,29233797,28821442,30518724,67487473,67487473,10
2025-10-02 14:33:48,10909,pairwise,VerletListsCells,1.000000,vlc_sliced_c02,none,SoA,enabled,258771163,18488018,18855533,19242921,18599816,19209293,18590437,18385454,17969260,17727780,42583967,42583967,10
2025-10-02 14:33:48,10919,pairwise,PairwiseVerletLists,1.000000,vlp_c01,none,AoS,disabled,87893669,13173070,13133782,13181052,13139939,13141556,13182235,13167789,13176646,13180091,20636982,20636982,10
2025-10-02 14:33:49,10929,pairwise,PairwiseVerletLists,1.000000,vlp_c01,none,SoA,disabled,745894200,26075873,26058229,26034167,26068627,26073000,26037586,26030549,26024955,26036207,98033339,98033339,10
2025-10-02 14:33:49,10939,pairwise,PairwiseVerletLists,1.000000,vlp_c18,none,AoS,disabled,85674290,14243560,14239131,14239186,14236867,14246718,14254316,14227883,14240334,14208284,21381056,21381056,10
2025-10-02 14:33:49,10949,pairwise,PairwiseVerletLists,1.000000,vlp_c18,none,AoS,enabled,95681945,8834135,8771292,8780023,8771429,8779119,8774868,8780718,8773317,8766003,17471284,17471284,10
2025-10-02 14:33:51,10959,pairwise,PairwiseVerletLists,1.000000,vlp_c18,none,SoA,disabled,961707547,25595125,25603669,25585776,25601728,25609194,25593167,25583790,25567637,25590347,119203797,119203797,10
2025-10-02 14:33:51,10969,pairwise,PairwiseVerletLists,1.000000,vlp_c18,none,SoA,enabled,640419790,19149511,19159256,19124498,19139042,19151202,19120518,19152513,19140577,19103661,81266056,81266056,10
2025-10-02 14:33:52,10979,pairwise,PairwiseVerletLists,1.000000,vlp_sliced,none,AoS,disabled,98646701,25647910,26513720,25726290,25663495,26548022,25746957,25609134,26496240,26360552,33295901,33295901,10
2025-10-02 14:33:52,10989,pairwise,PairwiseVerletLists,1.000000,vlp_sliced,none,AoS,enabled,111268961,12019192,11826041,11948369,11969856,11916272,11822904,11804693,11921956,11934177,21843242,21843242,10
2025-10-02 14:33:53,10999,pairwise,PairwiseVerletLists,1.000000,vlp_sliced,none,SoA,disabled,943165024,39423677,39407811,38334477,39381771,38537188,37243636,38986071,38072771,37906725,129045914,129045914,10
2025-10-02 14:33:54,11009,pairwise,PairwiseVerletLists,1.000000,vlp_sliced,none,SoA,enabled,661679558,25380464,25533609,25768949,25428075,25497128,25590970,25468304,25486806,25544483,89137834,89137834,10
2025-10-02 14:33:55,11019,pairwise,PairwiseVerletLists,1.000000,vlp_sliced_balanced,none,AoS,disabled,97479937,26019143,25993735,25984648,25990518,26009850,25990789,26015574,25989347,25968521,33144205,33144205,10
2025-10-02 14:33:55,11029,pairwise,PairwiseVerletLists,1.000000,vlp_sliced_balanced,none,AoS,enabled,111274207,12036689,11827331,11857108,11855289,11843785,11851195,11873000,11844369,11837672,21810064,21810064,10
2025-10-02 14:33:56,11039,pairwise,PairwiseVerletLists,1.000000,vlp_sliced_balanced,none,SoA,disabled,939742334,38086840,38069301,38087272,38029067,38045670,38063255,38050345,38020780,38027215,128222207,128222207,10
2025-10-02 14:33:57,11049,pairwise,PairwiseVerletLists,1.000000,vlp_sliced_balanced,none,SoA,enabled,659071826,25484361,25385594,25405444,25407459,25359747,25370620,25463119,25353211,25364270,88766564,88766564,10
2025-10-02 14:33:57,11059,pairwise,PairwiseVerletLists,1.000000,vlp_sliced_c02,none,AoS,disabled,103097898,33734136,33730756,33660746,31260926,31341702,31405057,31163786,31161937,33666695,39422363,39422363,10
2025-10-02 14:33:58,11069,pairwise,PairwiseVerletLists,1.000000,vlp_sliced_c02,none,AoS,enabled,114890958,14997841,14590168,14569756,14907712,14910470,15216375,14932371,14875628,14917677,24880895,24880895,10
2025-10-02 14:33:59,11079,pairwise,PairwiseVerletLists,1.000000,vlp_sliced_c02,none,SoA,disabled,948032616,44152731,47914012,46641289,46776694,45065928,44942884,47965893,46954977,44609867,136305688,136305688,10
2025-10-02 14:34:00,11089,pairwise,PairwiseVerletLists,1.000000,vlp_sliced_c02,none,SoA,enabled,666459078,29444668,30441312,29742190,30494418,30489262,30355839,29694339,29603832,30513124,93723805,93723805,10
2025-10-02 14:34:00,11099,pairwise,PairwiseVerletLists,1.000000,vlp_c08,none,AoS,disabled,91745753,18761145,18710427,18682906,18677388,18672949,18669887,18648906,18646075,18647942,25986337,25986337,10
2025-10-02 14:34:00,11109,pairwise,PairwiseVerletLists,1.000000,vlp_c08,none,AoS,enabled,110686757,10431504,10337263,10310209,10296928,10291274,10295322,10306271,10290520,10293703,20353974,20353974,10
2025-10-02 14:34:02,11119,pairwise,PairwiseVerletLists,1.000000,vlp_c08,none,SoA,disabled,926523456,29019046,29011267,29013497,28979432,28989049,28982672,28943885,28974922,28966963,118740418,118740418,10
2025-10-02 14:34:03,11129,pairwise,PairwiseVerletLists,1.000000,vlp_c08,none,SoA,enabled,651336669,21128359,21129287,21121224,21120963,21136963,21121724,21125210,21128401,21132035,84148083,84148083,10
2025-10-02 14:35:47,15009,pairwise,LinkedCells,1.000000,lc_c01,none,AoS,disabled,25273164,25107494,25722065,25166481,25566931,25153845,25405030,25505830,25578339,25552638,25403181,25403181,10
2025-10-02 14:35:48,15019,pairwise,LinkedCells,1.000000,lc_c01,none,SoA,disabled,14036172,13758225,13795067,13963545,13928582,13925658,13874604,13942248,13797508,13784176,13880578,13880578,10
2025-10-02 14:35:48,15029,pairwise,LinkedCells,1.000000,lc_c01_combined_SoA,none,SoA,disabled,11888297,11979325,11927258,12028211,11869580,11985406,11851357,11915959,11918480,11938509,11930237,11930237,10
2025-10-02 14:35:48,15039,pairwise,LinkedCells,1.000000,lc_c04,none,AoS,disabled,18284568,18376590,18462001,18445401,18471618,18436866,18424005,18228416,18324043,18448454,18390195,18390195,10
2025-10-02 14:35:48,15049,pairwise,LinkedCells,1.000000,lc_c04,none,AoS,enabled,13197913,13167692,13215105,13280162,13228376,13160024,13121963,13237832,13228701,13190851,13202861,13202861,10
2025-10-02 14:35:48,15059,pairwise,LinkedCells,1.000000,lc_c04,none,SoA,disabled,13417992,13469342,13426804,13401981,13380738,13473972,13433302,13464598,13310114,13279522,13405835,13405835,10
2025-10-02 14:35:48,15069,pairwise,LinkedCells,1.000000,lc_c04,none,SoA,enabled,8884755,8847867,8867560,8887593,8895720,8790737,8920191,8706185,8946882,8910787,8865827,8865827,10
2025-10-02 14:35:48,15079,pairwise,LinkedCells,1.000000,lc_c04_HCP,none,AoS,disabled,17038860,16964697,16982207,16939764,16983784,16930550,16993763,16956337,16954985,16982797,16972773,16972773,10
2025-10-02 14:35:49,15089,pairwise,LinkedCells,1.000000,lc_c04_HCP,none,AoS,enabled,12377924,12366999,12410370,12420022,12432626,12424472,12397980,12404236,12412825,12425114,12407256,12407256,10
2025-10-02 14:35:49,15099,pairwise,LinkedCells,1.000000,lc_c04_HCP,none,SoA,disabled,13339673,13287748,13282283,13242908,13238596,13222739,13240244,13256781,13247127,13230407,13258850,13258850,10
2025-10-02 14:35:49,15109,pairwise,LinkedCells,1.000000,lc_c04_HCP,none,SoA,enabled,9345799,9301181,9327306,9275528,9294451,9280259,9289675,9277235,9306834,9302334,9300060,9300060,10
2025-10-02 14:35:49,15119,pairwise,LinkedCells,1.000000,lc_c04_combined_SoA,none,SoA,disabled,15849493,15694572,15715811,15696947,15860213,15857206,15695431,15711362,15702285,15859444,15764275,15764275,10
2025-10-02 14:35:49,15129,pairwise,LinkedCells,1.000000,lc_c04_combined_SoA,none,SoA,enabled,12259239,12144729,12163019,12166462,12136979,12196833,12459939,12400581,12204013,12007977,12213977,12213977,10
2025-10-02 14:35:49,15139,pairwise,LinkedCells,1.000000,lc_c08,none,AoS,disabled,17620696,17513856,17551386,17401933,17519150,17379222,17484893,17608613,17508284,17477871,17506590,17506590,10
2025-10-02 14:35:50,15149,pairwise,LinkedCells,1.000000,lc_c08,none,AoS,enabled,12947940,13063307,13042588,12951810,12927911,12915760,13038090,13057782,13066911,13029097,13004118,13004118,10
2025-10-02 14:35:50,15159,pairwise,LinkedCells,1.000000,lc_c08,none,SoA,disabled,15725240,15605814,15571865,15555930,15544856,15548525,15534861,15524178,15572599,15536922,15572078,15572078,10
2025-10-02 14:35:50,15169,pairwise,LinkedCells,1.000000,lc_c08,none,SoA,enabled,11879677,11863833,11843426,11801350,11810141,11838020,11818018,11827829,11780282,11819751,11828232,11828232,10
2025-10-02 14:35:50,15179,pairwise,LinkedCells,1.000000,lc_c18,none,AoS,disabled,17795275,17777829,17733706,17742718,17727558,17741748,17765552,17754899,17738889,17735306,17751347,17751347,10
2025-10-02 14:35:50,15189,pairwise,LinkedCells,1.000000,lc_c18,none,AoS,enabled,13140487,13109203,13098248,13082234,13123043,12966694,12939550,13131947,13109859,13139318,13084057,13084057,10
2025-10-02 14:35:50,15199,pairwise,LinkedCells,1.000000,lc_c18,none,SoA,disabled,15206719,15136094,15159807,15232418,15252121,15004159,14808739,14894146,15101300,15266892,15106239,15106239,10
2025-10-02 14:35:50,15209,pairwise,LinkedCells,1.000000,lc_c18,none,SoA,enabled,10618311,10560428,10540866,10571893,10526514,10559068,10512912,10568397,10551256,10525189,10553483,10553483,10
2025-10-02 14:35:51,15219,pairwise,LinkedCells,1.000000,lc_sliced,none,AoS,disabled,21816482,21490655,21682557,21523388,21761148,21756495,21668114,21757194,21766147,21762482,21698465,21698465,10
2025-10-02 14:35:51,15229,pairwise,LinkedCells,1.000000,lc_sliced,none,AoS,enabled,15567979,15627923,15644581,15665666,15635229,15676887,15927955,15902848,15829011,15664337,15714241,15714241,10
2025-10-02 14:35:51,15239,pairwise,LinkedCells,1.000000,lc_sliced,none,SoA,disabled,15492133,15416232,15437453,15455664,15450704,15694050,15305986,15193739,15366635,15390474,15420306,15420306,10
2025-10-02 14:35:51,15249,pairwise,LinkedCells,1.000000,lc_sliced,none,SoA,enabled,9534106,9415680,9474574,9513061,9363447,9451685,9489187,9474143,9463627,9514228,9469373,9469373,10
2025-10-02 14:35:51,15259,pairwise,LinkedCells,1.000000,lc_sliced_balanced,none,AoS,disabled,21784352,21758823,21741380,21751629,21746120,21746788,21750197,21760094,21775540,21761612,21757653,21757653,10
2025-10-02 14:35:52,15269,pairwise,LinkedCells,1.000000,lc_sliced_balanced,none,AoS,enabled,15661664,15651975,15667359,15661830,15657306,15674882,15652785,15665563,15662518,15664905,15662078,15662078,10
2025-10-02 14:35:52,15279,pairwise,LinkedCells,1.000000,lc_sliced_balanced,none,SoA,disabled,15457480,15418195,15436373,15446977,15320357,15416027,15391141,15360754,15377006,15390363,15401466,15401466,10
2025-10-02 14:35:52,15289,pairwise,LinkedCells,1.000000,lc_sliced_balanced,none,SoA,enabled,9533641,9499927,9504927,9498763,9491737,9498820,9492792,9477775,9501312,9495051,9499474,9499474,10
2025-10-02 14:35:52,15299,pairwise,LinkedCells,1.000000,lc_sliced_balanced,squared-particles-per-cell,AoS,disabled,22153958,21895129,21884581,21867122,21860612,21863828,21836443,21850487,21862898,21870640,21894569,21894569,10
2025-10-02 14:35:52,15309,pairwise,LinkedCells,1.000000,lc_sliced_balanced,squared-particles-per-cell,AoS,enabled,15809477,15767766,15760963,15754384,15732181,15741745,15748163,15758838,15749815,15748740,15757206,15757206,10
2025-10-02 14:35:52,15319,pairwise,LinkedCells,1.000000,lc_sliced_balanced,squared-particles-per-cell,SoA,disabled,17478197,15675332,15645356,15663135,15596524,15610529,15633966,15632185,15616000,15563145,15811436,15811436,10
2025-10-02 14:35:53,15329,pairwise,LinkedCells,1.000000,lc_sliced_balanced,squared-particles-per-cell,SoA,enabled,10289669,10124591,10071685,10086547,10088600,10074558,10089135,10086862,10056186,10085005,10105283,10105283,10
2025-10-02 14:35:53,15339,pairwise,LinkedCells,1.000000,lc_sliced_c02,none,AoS,disabled,22166095,21696771,21678751,21664379,21692377,21668916,21862793,22009967,21696399,22059461,21819590,21819590,10
2025-10-02 14:35:53,15349,pairwise,LinkedCells,1.000000,lc_sliced_c02,none,AoS,enabled,15777901,15561016,15545714,15545380,15808219,15768779,15566307,15744388,15749716,15764520,15683194,15683194,10
2025-10-02 14:35:53,15359,pairwise,LinkedCells,1.000000,lc_sliced_c02,none,SoA,disabled,17207030,15569889,15364788,15277171,15315619,15219768,15259836,15371184,15445806,15302244,15533333,15533333,10
2025-10-02 14:35:53,15369,pairwise,LinkedCells,1.000000,lc_sliced_c02,none,SoA,enabled,9491921,9569030,9460856,9514372,9586339,9535318,9337066,9515993,9489801,9499007,9499969,9499969,10
2025-10-02 14:35:54,15379,pairwise,VerletClusterLists,1.000000,vcl_c01_balanced,none,AoS,disabled,145310640,33554164,33532119,33466964,33515633,33598546,33509971,33536200,33613491,33533834,44717155,44717155,10
2025-10-02 14:35:54,15389,pairwise,VerletClusterLists,1.000000,vcl_c01_balanced,none,SoA,disabled,101593972,12257560,12247930,12219455,12233424,12228062,12299426,12271920,12233179,12234501,21181942,21181942,10
2025-10-02 14:35:55,15399,pairwise,VerletClusterLists,1.000000,vcl_c06,none,AoS,disabled,131764622,44940791,43224420,43634113,44571769,44569077,44224769,45327325,43428836,43930489,52961621,52961621,10
2025-10-02 14:35:55,15409,pairwise,VerletClusterLists,1.000000,vcl_c06,none,AoS,enabled,73343776,22167760,22363757,22620339,22540013,22210082,21968033,22429255,22554288,22239878,27443717,27443717,10
2025-10-02 14:35:55,15419,pairwise,VerletClusterLists,1.000000,vcl_c06,none,SoA,disabled,104232809,16103824,16013996,15847746,16311542,15968239,16060885,16123538,15894266,16359359,24891619,24891619,10
2025-10-02 14:35:55,15429,pairwise,VerletClusterLists,1.000000,vcl_c06,none,SoA,enabled,60098134,8902727,9000688,8856842,8986311,9011059,8875837,8931735,8908801,8836994,14040912,14040912,10
2025-10-02 14:35:56,15439,pairwise,VerletClusterLists,1.000000,vcl_sliced,none,AoS,disabled,157913827,69724357,68073042,69735269,66309344,72884563,69811406,69802635,69837686,69673720,78376584,78376584,10
2025-10-02 14:35:57,15449,pairwise,VerletClusterLists,1.000000,vcl_sliced,none,AoS,enabled,84357651,36518229,36544487,36501238,36539398,36519882,36719239,36865599,36771934,41176904,41851455,41851455,10
2025-10-02 14:35:57,15459,pairwise,VerletClusterLists,1.000000,vcl_sliced,none,SoA,disabled,110602638,21407950,21339225,22273638,21283797,21272462,21258814,21411101,18918443,18984630,29875269,29875269,10
2025-10-02 14:35:57,15469,pairwise,VerletClusterLists,1.000000,vcl_sliced,none,SoA,enabled,61510894,12307914,12355191,12318064,12278296,10558385,12299290,12379953,12328916,10625586,16896248,16896248,10
2025-10-02 14:35:58,15479,pairwise,VerletClusterLists,1.000000,vcl_sliced_balanced,none,AoS,disabled,157573434,69724384,69448393,69421484,69402224,69520992,69461604,69374318,69428399,69411193,78276641,78276641,10
2025-10-02 14:35:58,15489,pairwise,VerletClusterLists,1.000000,vcl_sliced_balanced,none,AoS,enabled,86982533,36265516,36251092,36162129,36272570,36307335,36148674,36245115,36196673,36276389,41310801,41310801,10
2025-10-02 14:35:59,15499,pairwise,VerletClusterLists,1.000000,vcl_sliced_balanced,none,SoA,disabled,109691425,21569775,21544641,21566443,21544986,21530694,22238095,21571585,21560007,21639060,30445670,30445670,10
2025-10-02 14:35:59,15509,pairwise,VerletClusterLists,1.000000,vcl_sliced_balanced,none,SoA,enabled,62923339,11906353,11914468,11904924,11912934,11912112,11922518,11888786,11911804,11904489,17010172,17010172,10
2025-10-02 14:36:00,15519,pairwise,VerletClusterLists,1.000000,vcl_sliced_balanced,neighbor-list-length,AoS,disabled,176551688,69522289,69451832,69638292,69500370,69446261,69604728,69570149,69571879,69615405,80247288,80247288,10
2025-10-02 14:36:00,15529,pairwise,VerletClusterLists,1.000000,vcl_sliced_balanced,neighbor-list-length,AoS,enabled,86775300,36296795,36313567,36213558,36267145,36220421,36246313,36269945,36246034,36339141,41318821,41318821,10
2025-10-02 14:36:00,15539,pairwise,VerletClusterLists,1.000000,vcl_sliced_balanced,neighbor-list-length,SoA,disabled,110341664,21608193,21607279,21552061,21589319,21541788,21548777,21576565,21567621,21579359,30451262,30451262,10
2025-10-02 14:36:01,15549,pairwise,VerletClusterLists,1.000000,vcl_sliced_balanced,neighbor-list-length,SoA,enabled,62778591,11970274,11957931,11973238,11963350,11947686,11961170,11975476,11957653,11947823,17043318,17043318,10
2025-10-02 14:36:02,15559,pairwise,VerletClusterLists,1.000000,vcl_sliced_c02,none,AoS,disabled,197475751,92341170,92332274,90604635,94305411,83627141,90518217,81905853,90565582,90500826,100417685,100417685,10
2025-10-02 14:36:02,15569,pairwise,VerletClusterLists,1.000000,vcl_sliced_c02,none,AoS,enabled,98033934,49030829,50869402,47618333,48912536,47603111,48791872,49059719,47414559,47722580,53505687,53505687,10
2025-10-02 14:36:03,15579,pairwise,VerletClusterLists,1.000000,vcl_sliced_c02,none,SoA,disabled,113707346,28848426,24965330,24860869,28327894,28775074,28323524,28798528,24932480,28778445,36031791,36031791,10
2025-10-02 14:36:03,15589,pairwise,VerletClusterLists,1.000000,vcl_sliced_c02,none,SoA,enabled,66777709,16191065,16786713,15109272,16692427,16175477,14621136,16506466,16749939,16747317,21235751,21235751,10
2025-10-02 14:36:03,15599,pairwise,VerletLists,1.000000,vl_list_iteration,none,AoS,disabled,75983377,16465856,16450099,16447602,16454081,16453612,16436427,16454356,16440337,16430614,22401635,22401635,10
2025-10-02 14:36:04,15609,pairwise,VerletLists,1.000000,vl_list_iteration,none,SoA,disabled,269223673,13930708,13868756,13881661,13868471,13874549,13857192,13860862,13858727,13848191,39407278,39407278,10
2025-10-02 14:36:04,15619,pairwise,VerletListsCells,1.000000,vlc_c01,none,AoS,disabled,77159359,10728843,10690994,10657128,10693690,10686813,10685502,10652162,10640805,10694512,17328980,17328980,10
2025-10-02 14:36:04,15629,pairwise,VerletListsCells,1.000000,vlc_c01,none,SoA,disabled,266920575,15094151,14291997,14327456,14313218,14322174,14316875,14323217,14306957,14301001,39651761,39651761,10
2025-10-02 14:36:04,15639,pairwise,VerletListsCells,1.000000,vlc_c18,none,AoS,disabled,61410806,10734119,10735787,10732480,10728946,10712830,10716707,10731171,10704547,10726964,15793435,15793435,10
2025-10-02 14:36:05,15649,pairwise,VerletListsCells,1.000000,vlc_c18,none,AoS,enabled,42576784,6257167,6255997,6227072,6245684,6220102,6240689,6211910,6208200,6221450,9866505,9866505,10
2025-10-02 14:36:05,15659,pairwise,VerletListsCells,1.000000,vlc_c18,none,SoA,disabled,417579568,18688220,18702490,18699042,18724271,18697304,18704036,18729950,18720499,18690228,58593560,58593560,10
2025-10-02 14:36:06,15669,pairwise,VerletListsCells,1.000000,vlc_c18,none,SoA,enabled,256020764,14593805,14621633,14668766,14664237,14724671,14694827,13892857,13850645,13842981,38557517,38557517,10
2025-10-02 14:36:06,15679,pairwise,VerletListsCells,1.000000,vlc_c08,none,AoS,disabled,56158327,10556205,10529265,10545858,10521209,10549035,10547770,10545326,10525186,10525989,15100417,15100417,10
2025-10-02 14:36:06,15689,pairwise,VerletListsCells,1.000000,vlc_c08,none,AoS,enabled,49119509,6868213,6864136,6849640,6839004,6840724,6829844,6835402,6835039,6828878,11071038,11071038,10
2025-10-02 14:36:06,15699,pairwise,VerletListsCells,1.000000,vlc_c08,none,SoA,disabled,381532111,17740555,17725059,17736533,17728272,17732337,17763347,17743062,17730007,17734678,54116595,54116595,10
2025-10-02 14:36:07,15709,pairwise,VerletListsCells,1.000000,vlc_c08,none,SoA,enabled,274775031,15523444,15496042,15488222,15508423,15534977,15497229,15488596,15486937,15467176,41426607,41426607,10
2025-10-02 14:36:07,15719,pairwise,VerletListsCells,1.000000,vlc_sliced,none,AoS,disabled,71407422,19766500,19688565,19651334,19748381,19684240,19681700,19586701,18063720,19639907,24691846,24691846,10
2025-10-02 14:36:07,15729,pairwise,VerletListsCells,1.000000,vlc_sliced,none,AoS,enabled,46257176,9005372,8954835,8923494,8945563,8882520,8894646,8880623,8931490,8895732,12657144,12657144,10
2025-10-02 14:36:08,15739,pairwise,VerletListsCells,1.000000,vlc_sliced,none,SoA,disabled,438436767,25143987,25108583,25025693,25031272,25065906,25017002,25038498,25130661,24936875,66393524,66393524,10
2025-10-02 14:36:08,15749,pairwise,VerletListsCells,1.000000,vlc_sliced,none,SoA,enabled,251649657,16247622,16227103,15707138,16281587,16325234,16061056,15484143,15494901,15414002,39489244,39489244,10
2025-10-02 14:36:09,15759,pairwise,VerletListsCells,1.000000,vlc_sliced_balanced,none,AoS,disabled,67911331,17541462,17596618,17553903,17535502,17540124,17517264,17543440,17493905,17488933,22572247,22572247,10
2025-10-02 14:36:09,15769,pairwise,VerletListsCells,1.000000,vlc_sliced_balanced,none,AoS,enabled,44754403,9020927,8982643,8990369,8964701,8967527,8948777,8974603,8954025,8938184,12549615,12549615,10
2025-10-02 14:36:09,15779,pairwise,VerletListsCells,1.000000,vlc_sliced_balanced,none,SoA,disabled,429834787,26868756,26881750,26864147,26854041,26838865,26829559,26826879,26830907,26807933,67143761,67143761,10
2025-10-02 14:36:10,15789,pairwise,VerletListsCells,1.000000,vlc_sliced_balanced,none,SoA,enabled,264601686,16229897,16105539,16187983,16247158,16161536,15817462,15329691,15355750,15369670,40740636,40740636,10
2025-10-02 14:36:10,15799,pairwise,VerletListsCells,1.000000,vlc_sliced_balanced,squared-particles-per-cell,AoS,disabled,67907732,17042792,17034062,17038302,17017525,17028821,17057801,17031663,17015478,17012099,22118627,22118627,10
2025-10-02 14:36:10,15809,pairwise,VerletListsCells,1.000000,vlc_sliced_balanced,squared-particles-per-cell,AoS,enabled,45537293,9111626,9078009,9049005,9037882,9078321,9073731,9035933,9052975,9039876,12709464,12709464,10
2025-10-02 14:36:11,15819,pairwise,VerletListsCells,1.000000,vlc_sliced_balanced,squared-particles-per-cell,SoA,disabled,406945917,24443393,24424037,24387782,24429201,24412291,24373037,24397977,24392461,24418713,62662480,62662480,10
2025-10-02 14:36:11,15829,pairwise,VerletListsCells,1.000000,vlc_sliced_balanced,squared-particles-per-cell,SoA,enabled,262962908,16053890,16010329,16129022,16073027,16114189,16125156,15313658,15239867,15227081,40524911,40524911,10
2025-10-02 14:36:12,15839,pairwise,VerletListsCells,1.000000,vlc_sliced_balanced,neighbor-list-length,AoS,disabled,67557147,17508238,17526091,17517785,17609573,17536763,17508413,17511487,17506773,17530421,22531268,22531268,10
2025-10-02 14:36:12,15849,pairwise,VerletListsCells,1.000000,vlc_sliced_balanced,neighbor-list-length,AoS,enabled,45097737,9176227,9114198,9113530,9111480,9079750,9102475,9086727,9068810,9056493,12700742,12700742,10
2025-10-02 14:36:13,15859,pairwise,VerletListsCells,1.000000,vlc_sliced_balanced,neighbor-list-length,SoA,disabled,404316030,25517666,25385450,25399709,25448670,25385608,25389974,25405483,25389517,25374496,63301260,63301260,10
2025-10-02 14:36:13,15869,pairwise,VerletListsCells,1.000000,vlc_sliced_balanced,neighbor-list-length,SoA,enabled,252578003,16597563,16535386,16573523,16636139,16617779,16606458,15785637,15790311,15724200,39944499,39944499,10
2025-10-02 14:36:13,15879,pairwise,VerletListsCells,1.000000,vlc_sliced_c02,none,AoS,disabled,71828464,22508418,22327982,22482411,21110777,22287592,22238821,22696047,22364943,21684332,27152977,27152977,10
2025-10-02 14:36:13,15889,pairwise,VerletListsCells,1.000000,vlc_sliced_c02,none,AoS,enabled,47527600,11934480,12059978,11942166,11500588,11938773,11895697,12066469,11960620,11477724,15430409,15430409,10
2025-10-02 14:36:14,15899,pairwise,VerletListsCells,1.000000,vlc_sliced_c02,none,SoA,disabled,414241735,30617031,30450335,29421595,30764311,30607120,30328987,30356713,30693930,30764322,68824607,68824607,10
2025-10-02 14:36:15,15909,pairwise,VerletListsCells,1.000000,vlc_sliced_c02,none,SoA,enabled,266205922,19289229,19149261,19140692,19155873,19047012,19225099,18360109,18355361,18258095,43618664,43618664,10
2025-10-02 14:36:15,15919,pairwise,PairwiseVerletLists,1.000000,vlp_c01,none,AoS,disabled,86490615,13135909,13118789,13137371,13103912,13111142,13134582,13128745,13094266,13143122,20459845,20459845,10
2025-10-02 14:36:16,15929,pairwise,PairwiseVerletLists,1.000000,vlp_c01,none,SoA,disabled,711466439,26194375,26168387,26154086,26153265,26180106,26168759,26150619,26161677,26162769,94696047,94696047,10
2025-10-02 14:36:16,15939,pairwise,PairwiseVerletLists,1.000000,vlp_c18,none,AoS,disabled,83060100,14215512,14235927,14222830,14220772,14240697,14209575,14231727,14231479,14232010,21110062,21110062,10
2025-10-02 14:36:16,15949,pairwise,PairwiseVerletLists,1.000000,vlp_c18,none,AoS,enabled,100529142,8756564,8714937,8725944,8730107,8720553,8752840,8715567,8722423,8716940,17908501,17908501,10
2025-10-02 14:36:17,15959,pairwise,PairwiseVerletLists,1.000000,vlp_c18,none,SoA,disabled,941877397,25554504,25543848,25533343,25542262,25519001,25523545,25500093,25514933,25497760,117160668,117160668,10
2025-10-02 14:36:18,15969,pairwise,PairwiseVerletLists,1.000000,vlp_c18,none,SoA,enabled,641959717,19135850,19106288,19133932,19127998,19111288,19112056,19107958,19103685,19096719,81399549,81399549,10
2025-10-02 14:36:19,15979,pairwise,PairwiseVerletLists,1.000000,vlp_sliced,none,AoS,disabled,96155365,26287180,26223723,26173872,26218457,26199420,26184176,26219152,26231089,26236395,33212882,33212882,10
2025-10-02 14:36:19,15989,pairwise,PairwiseVerletLists,1.000000,vlp_sliced,none,AoS,enabled,109475239,11782718,11753530,11859710,11761717,11693942,11759036,11762304,11423875,11755715,21502777,21502777,10
2025-10-02 14:36:20,15999,pairwise,PairwiseVerletLists,1.000000,vlp_sliced,none,SoA,disabled,920143271,37321744,37789963,37538964,37682242,37465645,37616027,37914450,37587138,37647797,125870723,125870723,10
2025-10-02 14:36:21,16009,pairwise,PairwiseVerletLists,1.000000,vlp_sliced,none,SoA,enabled,649337157,25269795,25144400,25257252,25178725,25119595,25059727,25327057,25154950,25175177,87602382,87602382,10
2025-10-02 14:36:21,16019,pairwise,PairwiseVerletLists,1.000000,vlp_sliced_balanced,none,AoS,disabled,96081978,26445678,26422070,26402573,26371558,26401601,26395894,26363138,26366470,26424063,33367502,33367502,10
2025-10-02 14:36:22,16029,pairwise,PairwiseVerletLists,1.000000,vlp_sliced_balanced,none,AoS,enabled,109875780,12016963,11833303,11810877,11814894,11808130,11812143,11810907,11805144,11823298,21641143,21641143,10
2025-10-02 14:36:23,16039,pairwise,PairwiseVerletLists,1.000000,vlp_sliced_balanced,none,SoA,disabled,919086792,37767259,37738636,37780024,37746902,37691252,37718120,37736906,37754096,37767439,125878741,125878741,10
2025-10-02 14:36:24,16049,pairwise,PairwiseVerletLists,1.000000,vlp_sliced_balanced,none,SoA,enabled,655249443,25152568,25077984,25125676,25132668,25091213,25100575,25105462,25067187,25088872,88119164,88119164,10
2025-10-02 14:36:24,16059,pairwise,PairwiseVerletLists,1.000000,vlp_sliced_c02,none,AoS,disabled,103823845,33312709,32913089,31827456,31761370,32647811,33359230,32555771,32883074,32959073,39804342,39804342,10
2025-10-02 14:36:25,16069,pairwise,PairwiseVerletLists,1.000000,vlp_sliced_c02,none,AoS,enabled,114087812,15351847,15152856,15173573,15285142,14707516,15128744,15190303,15260145,15050447,25038838,25038838,10
2025-10-02 14:36:26,16079,pairwise,PairwiseVerletLists,1.000000,vlp_sliced_c02,none,SoA,disabled,933093375,45962042,43168914,47451044,46941570,47000803,45442030,43244875,47057697,46956175,134631852,134631852,10
2025-10-02 14:36:27,16089,pairwise,PairwiseVerletLists,1.000000,vlp_sliced_c02,none,SoA,enabled,657173486,29889892,31352409,31333847,29271944,30896710,31107719,29333092,31451456,31433052,93324359,93324359,10
2025-10-02 14:36:27,16099,pairwise,PairwiseVerletLists,1.000000,vlp_c08,none,AoS,disabled,89310972,18697037,18661814,18641932,18624544,18617264,18614239,18600198,18621800,18600138,25698993,25698993,10
2025-10-02 14:36:27,16109,pairwise,PairwiseVerletLists,1.000000,vlp_c08,none,AoS,enabled,109567913,10359682,10266105,10245678,10231597,10229311,10222620,10228944,10225641,10219569,20179706,20179706,10
2025-10-02 14:36:29,16119,pairwise,PairwiseVerletLists,1.000000,vlp_c08,none,SoA,disabled,910363246,29013759,29005375,28975791,29000002,28982896,28999258,28972610,28980141,28947678,117124075,117124075,10
2025-10-02 14:36:29,16129,pairwise,PairwiseVerletLists,1.000000,vlp_c08,none,SoA,enabled,645010429,21126012,21091708,21154751,21106470,21135247,21125161,21113700,21122655,21108203,83509433,83509433,10
2025-10-02 14:38:14,20009,pairwise,LinkedCells,1.000000,lc_c01,none,AoS,disabled,25252170,25170971,25760529,25127261,25476823,25314695,25165191,25494939,25746383,25536703,25404566,25404566,10
2025-10-02 14:38:14,20019,pairwise,LinkedCells,1.000000,lc_c01,none,SoA,disabled,14065033,13871999,13707648,13798471,13868269,13957258,13908055,13950826,13795435,13745105,13866809,13866809,10
2025-10-02 14:38:14,20029,pairwise,LinkedCells,1.000000,lc_c01_combined_SoA,none,SoA,disabled,11926731,11929546,11857513,11923514,12045445,11876924,11971624,11883321,11989399,11906731,11931074,11931074,10
2025-10-02 14:38:14,20039,pairwise,LinkedCells,1.000000,lc_c04,none,AoS,disabled,18153159,18132101,18117273,18072204,18154504,17987483,18078427,18033274,18077067,18201795,18100728,18100728,10
2025-10-02 14:38:15,20049,pairwise,LinkedCells,1.000000,lc_c04,none,AoS,enabled,13132228,13144300,13055363,13076781,12914775,12969507,12875439,13078445,13021229,12943108,13021116,13021116,10
2025-10-02 14:38:15,20059,pairwise,LinkedCells,1.000000,lc_c04,none,SoA,disabled,13471208,13411291,13522429,13296760,13263615,13370558,13409597,13328910,13394454,13324417,13379323,13379323,10
2025-10-02 14:38:15,20069,pairwise,LinkedCells,1.000000,lc_c04,none,SoA,enabled,8883742,8884050,8908637,8804400,8822956,8870330,8826619,8898231,8880676,8896586,8867622,8867622,10
2025-10-02 14:38:15,20079,pairwise,LinkedCells,1.000000,lc_c04_HCP,none,AoS,disabled,17105274,17090621,17023119,17044640,17020335,17083160,17050623,17042535,17087395,17070376,17061807,17061807,10
2025-10-02 14:38:15,20089,pairwise,LinkedCells,1.000000,lc_c04_HCP,none,AoS,enabled,12359362,12349077,12318128,12299760,12332707,12293223,12367110,12346029,12320727,12326984,12331309,12331309,10
2025-10-02 14:38:15,20099,pairwise,LinkedCells,1.000000,lc_c04_HCP,none,SoA,disabled,13321600,13341431,13260905,13256910,13241354,13260094,13257303,13239549,13253567,13236580,13266928,13266928,10
2025-10-02 14:38:15,20109,pairwise,LinkedCells,1.000000,lc_c04_HCP,none,SoA,enabled,9330248,9292303,9304556,9287808,9284868,9263873,9276219,9283619,9283403,9230449,9283734,9283734,10
2025-10-02 14:38:15,20119,pairwise,LinkedCells,1.000000,lc_c04_combined_SoA,none,SoA,disabled,15760321,15753458,15665882,15657833,15708514,15627523,15808285,15658452,15706616,15757820,15710470,15710470,10
2025-10-02 14:38:16,20129,pairwise,LinkedCells,1.000000,lc_c04_combined_SoA,none,SoA,enabled,12171862,12119881,12103862,12116776,12142538,12053129,12158833,12103712,12120256,12099068,12118991,12118991,10
2025-10-02 14:38:16,20139,pairwise,LinkedCells,1.000000,lc_c08,none,AoS,disabled,17679785,17636051,17593771,17619782,17586662,17589319,17583358,17403851,17573134,17565406,17583111,17583111,10
2025-10-02 14:38:16,20149,pairwise,LinkedCells,1.000000,lc_c08,none,AoS,enabled,12936945,12949624,13019897,12831712,12818142,13008671,12811256,12832064,13023542,13019432,12925128,12925128,10
2025-10-02 14:38:16,20159,pairwise,LinkedCells,1.000000,lc_c08,none,SoA,disabled,15591177,15447125,15360181,15556132,15418103,15298477,15396023,15458280,15564617,15546135,15463624,15463624,10
2025-10-02 14:38:16,20169,pairwise,LinkedCells,1.000000,lc_c08,none,SoA,enabled,11866298,11896615,11804877,11787743,11776679,11755752,11824034,11802296,11765902,11791631,11807182,11807182,10
2025-10-02 14:38:16,20179,pairwise,LinkedCells,1.000000,lc_c18,none,AoS,disabled,17817110,17766534,17724935,17781864,17730869,17734476,17753135,17747212,17751530,17752815,17756047,17756047,10
2025-10-02 14:38:17,20189,pairwise,LinkedCells,1.000000,lc_c18,none,AoS,enabled,13152979,13108582,13103161,13115320,13108233,13096453,13101922,13123592,13109126,13111734,13113109,13113109,10
2025-10-02 14:38:17,20199,pairwise,LinkedCells,1.000000,lc_c18,none,SoA,disabled,15388639,15255917,15262665,15265283,15058495,15053648,15251645,14750106,14691104,15290622,15126811,15126811,10
2025-10-02 14:38:17,20209,pairwise,LinkedCells,1.000000,lc_c18,none,SoA,enabled,10704634,10499563,10501021,10477348,10505595,10488944,10504993,10579080,10592561,10389492,10524322,10524322,10
2025-10-02 14:38:17,20219,pairwise,LinkedCells,1.000000,lc_sliced,none,AoS,disabled,21170469,20939586,21060245,21077891,20894522,20898330,21045079,21033591,20880241,20798959,20979891,20979891,10
2025-10-02 14:38:17,20229,pairwise,LinkedCells,1.000000,lc_sliced,none,AoS,enabled,15019198,15010952,15086600,14985561,15108935,15008568,14985300,15042345,15162822,15075729,15048601,15048601,10
2025-10-02 14:38:17,20239,pairwise,LinkedCells,1.000000,lc_sliced,none,SoA,disabled,15029526,14917861,15000101,15008610,14989254,15008960,14833939,14959379,14990510,14977378,14971551,14971551,10
2025-10-02 14:38:18,20249,pairwise,LinkedCells,1.000000,lc_sliced,none,SoA,enabled,9267562,9308975,9270733,9274441,9251180,9292286,9251314,9251471,9256280,9297761,9272199,9272199,10
2025-10-02 14:38:18,20259,pairwise,LinkedCells,1.000000,lc_sliced_balanced,none,AoS,disabled,20959920,20932104,20921310,20936488,20920781,20935264,20924650,20935381,20919259,20934106,20931925,20931925,10
2025-10-02 14:38:18,20269,pairwise,LinkedCells,1.000000,lc_sliced_balanced,none,AoS,enabled,15125109,15083121,15090159,15080349,15094235,15104738,15085272,15077882,15067353,15083836,15089205,15089205,10
2025-10-02 14:38:18,20279,pairwise,LinkedCells,1.000000,lc_sliced_balanced,none,SoA,disabled,15018788,14971976,14968155,14939261,14939054,14960881,14944622,14924607,14937281,14939313,14954393,14954393,10
2025-10-02 14:38:18,20289,pairwise,LinkedCells,1.000000,lc_sliced_balanced,none,SoA,enabled,9274520,9262143,9266911,9239368,9244945,9233338,9261180,9215022,9327123,9222428,9254697,9254697,10
2025-10-02 14:38:18,20299,pairwise,LinkedCells,1.000000,lc_sliced_balanced,squared-particles-per-cell,AoS,disabled,21294477,21026099,21007927,21000284,21005325,20971858,20978991,20985493,20981324,20993131,21024490,21024490,10
2025-10-02 14:38:19,20309,pairwise,LinkedCells,1.000000,lc_sliced_balanced,squared-particles-per-cell,AoS,enabled,15203662,15086736,15057484,15054356,15060329,15053930,15045983,15065515,15048957,15063714,15074066,15074066,10
2025-10-02 14:38:19,20319,pairwise,LinkedCells,1.000000,lc_sliced_balanced,squared-particles-per-cell,SoA,disabled,17010141,15013040,14957878,14946945,14940159,14963820,14953537,14956706,14957897,14872825,15157294,15157294,10
2025-10-02 14:38:19,20329,pairwise,LinkedCells,1.000000,lc_sliced_balanced,squared-particles-per-cell,SoA,enabled,9845126,9682543,9652339,9624438,9649639,9668387,9625090,9616432,9629008,9616697,9660969,9660969,10
2025-10-02 14:38:19,20339,pairwise,LinkedCells,1.000000,lc_sliced_c02,none,AoS,disabled,21106596,20688231,20972447,20775827,20932032,20994932,20788821,20930343,20687826,20695464,20857251,20857251,10
2025-10-02 14:38:19,20349,pairwise,LinkedCells,1.000000,lc_sliced_c02,none,AoS,enabled,14979562,14861896,14964865,14933740,14825829,14798175,14826414,14967514,14928690,14964907,14905159,14905159,10
2025-10-02 14:38:20,20359,pairwise,LinkedCells,1.000000,lc_sliced_c02,none,SoA,disabled,16894484,14831102,14813953,14834725,14863650,15071905,14802763,14842214,14632962,14855214,15044296,15044296,10
2025-10-02 14:38:20,20369,pairwise,LinkedCells,1.000000,lc_sliced_c02,none,SoA,enabled,9315504,9121696,9181144,9128216,9054530,9053515,9212729,9331209,9243834,9144645,9178702,9178702,10
2025-10-02 14:38:20,20379,pairwise,VerletClusterLists,1.000000,vcl_c01_balanced,none,AoS,disabled,144047328,33807728,33811544,33790294,33777284,33786748,33793630,33778896,33816174,33801910,44821153,44821153,10
2025-10-02 14:38:20,20389,pairwise,VerletClusterLists,1.000000,vcl_c01_balanced,none,SoA,disabled,100115745,12412083,12370534,12371482,12390118,12412576,12398197,12401312,12407219,12370284,21164955,21164955,10
2025-10-02 14:38:21,20399,pairwise,VerletClusterLists,1.000000,vcl_c06,none,AoS,disabled,131181477,44035726,44778855,45298000,43828794,45142800,45514789,44363047,44973771,44747482,53386473,53386473,10
2025-10-02 14:38:21,20409,pairwise,VerletClusterLists,1.000000,vcl_c06,none,AoS,enabled,72950267,22301903,22428637,22352016,22100371,22413932,22087543,22218937,22570426,22878463,27430248,27430248,10
2025-10-02 14:38:22,20419,pairwise,VerletClusterLists,1.000000,vcl_c06,none,SoA,disabled,104284588,16022904,16536247,16244678,16484731,16406770,16148820,16395956,16372685,16300521,25119789,25119789,10
2025-10-02 14:38:22,20429,pairwise,VerletClusterLists,1.000000,vcl_c06,none,SoA,enabled,59044589,8842262,8945282,8850516,9215444,9118377,9019498,8991095,9031597,8808353,13986701,13986701,10
2025-10-02 14:38:23,20439,pairwise,VerletClusterLists,1.000000,vcl_sliced,none,AoS,disabled,165393180,73267257,67068173,67134393,75542813,71604792,71557516,65954549,71467240,71300648,80029055,80029055,10
2025-10-02 14:38:23,20449,pairwise,VerletClusterLists,1.000000,vcl_sliced,none,AoS,enabled,87600161,33944268,33689937,33787407,33663445,37212369,37396066,37169539,33911692,37454927,40582981,40582981,10
2025-10-02 14:38:23,20459,pairwise,VerletClusterLists,1.000000,vcl_sliced,none,SoA,disabled,106634171,21850503,21833671,21870501,21851524,21822338,19277183,21909666,21696052,22908871,30165447,30165447,10
2025-10-02 14:38:23,20469,pairwise,VerletClusterLists,1.000000,vcl_sliced,none,SoA,enabled,62793589,12760722,12706696,12298042,12742310,12784503,11169959,12739090,10753710,12781331,17352994,17352994,10
2025-10-02 14:38:24,20479,pairwise,VerletClusterLists,1.000000,vcl_sliced_balanced,none,AoS,disabled,156281986,69083078,69001962,69048948,69155772,69153218,69071500,69091614,69068918,69146566,77810356,77810356,10
2025-10-02 14:38:25,20489,pairwise,VerletClusterLists,1.000000,vcl_sliced_balanced,none,AoS,enabled,86133360,36114868,36053952,36044760,35977901,35950880,35997747,36031016,36149407,36065797,41051968,41051968,10
2025-10-02 14:38:25,20499,pairwise,VerletClusterLists,1.000000,vcl_sliced_balanced,none,SoA,disabled,108550114,21402168,21389966,21400139,21388435,21398733,21405592,21373590,21394292,21394067,30109709,30109709,10
2025-10-02 14:38:25,20509,pairwise,VerletClusterLists,1.000000,vcl_sliced_balanced,none,SoA,enabled,62396102,12343117,12349621,12371179,12338822,12344548,12347039,12353150,12346782,12339461,17352982,17352982,10
2025-10-02 14:38:26,20519,pairwise,VerletClusterLists,1.000000,vcl_sliced_balanced,neighbor-list-length,AoS,disabled,173376797,69197898,69288724,69198147,69315502,69245402,69258721,69363047,69241859,69300891,79678698,79678698,10
2025-10-02 14:38:27,20529,pairwise,VerletClusterLists,1.000000,vcl_sliced_balanced,neighbor-list-length,AoS,enabled,85999476,36014718,36114277,36120441,36102660,36092755,36083408,36083605,36111229,36141126,41086369,41086369,10
2025-10-02 14:38:27,20539,pairwise,VerletClusterLists,1.000000,vcl_sliced_balanced,neighbor-list-length,SoA,disabled,110464529,21472946,21469164,21463498,21451205,21447384,21448622,21448455,21436864,21460716,30356338,30356338,10
2025-10-02 14:38:27,20549,pairwise,VerletClusterLists,1.000000,vcl_sliced_balanced,neighbor-list-length,SoA,enabled,62516519,12405656,12413925,12418183,12424446,12423276,12396092,12437231,12427536,12416473,17427932,17427932,10
2025-10-02 14:38:28,20559,pairwise,VerletClusterLists,1.000000,vcl_sliced_c02,none,AoS,disabled,195744596,91668031,91817209,92419091,92371894,90650521,80074462,80195905,92299920,92250626,99949225,99949225,10
2025-10-02 14:38:29,20569,pairwise,VerletClusterLists,1.000000,vcl_sliced_c02,none,AoS,enabled,92206358,48207286,42541106,43634617,48796532,43624613,48134856,47820544,49368326,42972594,50730682,50730682,10
2025-10-02 14:38:29,20579,pairwise,VerletClusterLists,1.000000,vcl_sliced_c02,none,SoA,disabled,116367999,25105932,28275196,25084223,25100960,25227128,25029313,28579995,29436282,28661053,35686807,35686807,10
2025-10-02 14:38:29,20589,pairwise,VerletClusterLists,1.000000,vcl_sliced_c02,none,SoA,enabled,67042693,16344052,14892122,14733117,16458004,14719422,16460528,16855358,16756622,15403362,20966527,20966527,10
2025-10-02 14:38:29,20599,pairwise,VerletLists,1.000000,vl_list_iteration,none,AoS,disabled,75646251,16197880,16196515,16181146,16240292,16181351,16195122,16198568,16176983,16225897,22144000,22144000,10
2025-10-02 14:38:30,20609,pairwise,VerletLists,1.000000,vl_list_iteration,none,SoA,disabled,260823613,13829398,13774336,13766362,13777710,13774081,13760671,13802736,13802433,13773731,38488506,38488506,10
2025-10-02 14:38:30,20619,pairwise,VerletListsCells,1.000000,vlc_c01,none,AoS,disabled,76175176,10675313,10643979,10684656,10647353,10673413,10669348,10634410,10673039,10668816,17214549,17214549,10
2025-10-02 14:38:31,20629,pairwise,VerletListsCells,1.000000,vlc_c01,none,SoA,disabled,266609310,14867523,14228307,14224553,14213827,14234597,14218999,14228659,14226432,14221781,39527398,39527398,10
2025-10-02 14:38:31,20639,pairwise,VerletListsCells,1.000000,vlc_c18,none,AoS,disabled,62472911,10690015,10702934,10734603,10691866,10704994,10703568,10706800,10694772,10675275,15877773,15877773,10
2025-10-02 14:38:31,20649,pairwise,VerletListsCells,1.000000,vlc_c18,none,AoS,enabled,42317056,6277298,6246161,6249978,6271707,6230732,6239483,6247910,6231553,6238641,9855051,9855051,10
2025-10-02 14:38:31,20659,pairwise,VerletListsCells,1.000000,vlc_c18,none,SoA,disabled,417712483,18563460,18555357,18561312,18528241,18556992,18544577,18580128,18549426,18552123,58470409,58470409,10
2025-10-02 14:38:32,20669,pairwise,VerletListsCells,1.000000,vlc_c18,none,SoA,enabled,246018011,14514434,14538409,14594150,14624714,14554945,14174954,13789676,13768473,13784780,37436253,37436253,10
2025-10-02 14:38:32,20679,pairwise,VerletListsCells,1.000000,vlc_c08,none,AoS,disabled,56170456,10515505,10489990,10487288,10467877,10476582,10470863,10485871,10442543,10445078,15045205,15045205,10
2025-10-02 14:38:32,20689,pairwise,VerletListsCells,1.000000,vlc_c08,none,AoS,enabled,48160634,6862614,6832701,6832918,6837980,6828845,6856147,6830918,6831361,6831733,10970584,10970584,10
2025-10-02 14:38:33,20699,pairwise,VerletListsCells,1.000000,vlc_c08,none,SoA,disabled,382635434,17602946,17606020,17598801,17566374,17552441,17567787,17558243,17544599,17558576,54079121,54079121,10
2025-10-02 14:38:33,20709,pairwise,VerletListsCells,1.000000,vlc_c08,none,SoA,enabled,278204284,15321873,15366087,15361207,15359973,15368477,15357116,15345622,15379229,15348481,41641234,41641234,10
2025-10-02 14:38:33,20719,pairwise,VerletListsCells,1.000000,vlc_sliced,none,AoS,disabled,69795658,18646268,17155348,18687443,18620959,18643466,18578712,18570483,18511326,18660960,23587061,23587061,10
2025-10-02 14:38:34,20729,pairwise,VerletListsCells,1.000000,vlc_sliced,none,AoS,enabled,46255924,8752969,8762553,8696606,8716761,8766287,8803308,8722893,8730770,8480382,12468844,12468844,10
2025-10-02 14:38:34,20739,pairwise,VerletListsCells,1.000000,vlc_sliced,none,SoA,disabled,432689059,24113204,23950857,24112844,24232608,24162558,24290727,24100336,24293697,23967057,64991294,64991294,10
2025-10-02 14:38:35,20749,pairwise,VerletListsCells,1.000000,vlc_sliced,none,SoA,enabled,253063477,16097437,15958097,16024351,16150676,16104460,15501903,15105165,15254357,15257439,39451735,39451735,10
2025-10-02 14:38:35,20759,pairwise,VerletListsCells,1.000000,vlc_sliced_balanced,none,AoS,disabled,67817213,16644881,16607692,16601356,16575001,16542504,16564737,16557640,16548999,16569192,21702921,21702921,10
2025-10-02 14:38:35,20769,pairwise,VerletListsCells,1.000000,vlc_sliced_balanced,none,AoS,enabled,45371002,8838610,8792827,8761724,8788005,8762144,8758797,8796866,8772565,8758665,12440119,12440119,10
2025-10-02 14:38:36,20779,pairwise,VerletListsCells,1.000000,vlc_sliced_balanced,none,SoA,disabled,425476994,24799808,24761958,24741875,24748010,24732784,24759226,24715874,24732758,24745369,64821465,64821465,10
2025-10-02 14:38:36,20789,pairwise,VerletListsCells,1.000000,vlc_sliced_balanced,none,SoA,enabled,247580439,15983395,15940698,15988009,16013320,15988470,15537590,15148520,15118078,15147625,38844614,38844614,10
2025-10-02 14:38:36,20799,pairwise,VerletListsCells,1.000000,vlc_sliced_balanced,squared-particles-per-cell,AoS,disabled,67783590,16668284,16644960,16688403,16671623,16646691,16629787,16624064,16650054,16615508,21762296,21762296,10
2025-10-02 14:38:37,20809,pairwise,VerletListsCells,1.000000,vlc_sliced_balanced,squared-particles-per-cell,AoS,enabled,45415503,8922548,8904714,8908135,8875945,8871248,8869523,8868406,8835669,8840306,12531199,12531199,10
2025-10-02 14:38:37,20819,pairwise,VerletListsCells,1.000000,vlc_sliced_balanced,squared-particles-per-cell,SoA,disabled,403719324,24086709,24025909,24045730,24058006,24009427,24056189,24052746,24031833,24002489,62008836,62008836,10
2025-10-02 14:38:38,20829,pairwise,VerletListsCells,1.000000,vlc_sliced_balanced,squared-particles-per-cell,SoA,enabled,262549702,15880188,15889856,15955713,16035125,16070899,15933988,15142258,15104309,15089268,40365130,40365130,10
2025-10-02 14:38:38,20839,pairwise,VerletListsCells,1.000000,vlc_sliced_balanced,neighbor-list-length,AoS,disabled,69146204,17267364,17291291,17279373,17286913,17289182,17264686,17266158,17267129,17249121,22460741,22460741,10
2025-10-02 14:38:38,20849,pairwise,VerletListsCells,1.000000,vlc_sliced_balanced,neighbor-list-length,AoS,enabled,44631635,8970688,8929778,8915290,8920074,8917154,8894766,8903001,8892099,8882517,12485699,12485699,10
2025-10-02 14:38:39,20859,pairwise,VerletListsCells,1.000000,vlc_sliced_balanced,neighbor-list-length,SoA,disabled,408998720,25240126,25155493,25088051,25189355,25131637,25135431,25141990,25123550,25138282,63534262,63534262,10
2025-10-02 14:38:39,20869,pairwise,VerletListsCells,1.000000,vlc_sliced_balanced,neighbor-list-length,SoA,enabled,265700260,16444145,16413348,16458612,16458387,16489395,16431323,15638079,15615647,15615005,41126419,41126419,10
2025-10-02 14:38:39,20879,pairwise,VerletListsCells,1.000000,vlc_sliced_c02,none,AoS,disabled,72212406,21110576,21137142,21378352,21380318,20743421,21126785,21255502,21032017,21038410,26241492,26241492,10
2025-10-02 14:38:40,20889,pairwise,VerletListsCells,1.000000,vlc_sliced_c02,none,AoS,enabled,47341747,11144636,11368420,11234199,11170074,11360882,11184522,11262638,11251467,11305133,14862371,14862371,10
2025-10-02 14:38:40,20899,pairwise,VerletListsCells,1.000000,vlc_sliced_c02,none,SoA,disabled,412521551,28716341,29027499,29104032,28957648,29134254,29214096,29089088,28868499,28952631,67358563,67358563,10
2025-10-02 14:38:41,20909,pairwise,VerletListsCells,1.000000,vlc_sliced_c02,none,SoA,enabled,266240826,18428101,18275824,18255604,18346678,18371777,18315180,17549051,17518639,17613560,42891523,42891523,10
2025-10-02 14:38:41,20919,pairwise,PairwiseVerletLists,1.000000,vlp_c01,none,AoS,disabled,88991568,13063634,13024121,13025268,13042717,13049394,13048078,13030070,13049835,13052602,20637728,20637728,10
2025-10-02 14:38:42,20929,pairwise,PairwiseVerletLists,1.000000,vlp_c01,none,SoA,disabled,704413002,25224223,25221588,25214185,25209855,25188668,25189440,25202179,25188088,25182242,93123346,93123346,10
2025-10-02 14:38:42,20939,pairwise,PairwiseVerletLists,1.000000,vlp_c18,none,AoS,disabled,85618049,14215064,14193512,14184965,14216446,14208940,14201690,14208001,14216484,14202364,21346551,21346551,10
2025-10-02 14:38:42,20949,pairwise,PairwiseVerletLists,1.000000,vlp_c18,none,AoS,enabled,99045969,8740867,8705562,8723700,8696250,8720955,8709572,8696071,8692483,8703407,17743483,17743483,10
2025-10-02 14:38:44,20959,pairwise,PairwiseVerletLists,1.000000,vlp_c18,none,SoA,disabled,926881825,25406325,25374096,25384422,25371746,25370133,25364157,25375675,25371124,25377998,115527749,115527749,10
2025-10-02 14:38:44,20969,pairwise,PairwiseVerletLists,1.000000,vlp_c18,none,SoA,enabled,628600959,19089900,19052710,19030484,19043219,19030886,19036964,19041652,19041245,19064834,80003285,80003285,10
2025-10-02 14:38:45,20979,pairwise,PairwiseVerletLists,1.000000,vlp_sliced,none,AoS,disabled,96945532,24708484,25005917,24972847,25189831,25128731,24824639,24747950,25153637,25107223,32178478,32178478,10
2025-10-02 14:38:45,20989,pairwise,PairwiseVerletLists,1.000000,vlp_sliced,none,AoS,enabled,109386654,12083118,11333006,11338023,11287062,11123689,11300864,11168840,11301379,11357029,21167966,21167966,10
2025-10-02 14:38:46,20999,pairwise,PairwiseVerletLists,1.000000,vlp_sliced,none,SoA,disabled,899932966,36266573,36065033,36244999,36503452,36110450,36029521,36315011,36234509,36297605,122600011,122600011,10
2025-10-02 14:38:47,21009,pairwise,PairwiseVerletLists,1.000000,vlp_sliced,none,SoA,enabled,642235186,24734483,24889158,24821043,24826774,24785788,24487960,24703715,24636011,24721311,86484142,86484142,10
2025-10-02 14:38:47,21019,pairwise,PairwiseVerletLists,1.000000,vlp_sliced_balanced,none,AoS,disabled,96942213,25311455,25290936,25244406,25263428,25242344,25244895,25285416,25253962,25255452,32433450,32433450,10
2025-10-02 14:38:48,21029,pairwise,PairwiseVerletLists,1.000000,vlp_sliced_balanced,none,AoS,enabled,110798619,12195323,11383500,11344976,11339740,11348697,11333358,11314568,11337018,11333394,21372918,21372918,10
2025-10-02 14:38:49,21039,pairwise,PairwiseVerletLists,1.000000,vlp_sliced_balanced,none,SoA,disabled,908609364,36832040,36834674,36871607,36854388,36882062,36858806,36794522,36842641,36831241,124021134,124021134,10
2025-10-02 14:38:50,21049,pairwise,PairwiseVerletLists,1.000000,vlp_sliced_balanced,none,SoA,enabled,639772922,24815853,24801549,24849376,24763011,24788658,24759374,24800915,24697602,24702251,86275150,86275150,10
2025-10-02 14:38:50,21059,pairwise,PairwiseVerletLists,1.000000,vlp_sliced_c02,none,AoS,disabled,105456446,32481560,32974108,32537846,32479955,32592325,32925219,32665241,32581980,33016285,39971096,39971096,10
2025-10-02 14:38:51,21069,pairwise,PairwiseVerletLists,1.000000,vlp_sliced_c02,none,AoS,enabled,113405351,14282018,14424557,14395150,14267044,14221522,14254997,14252016,14232957,14246844,24198245,24198245,10
2025-10-02 14:38:52,21079,pairwise,PairwiseVerletLists,1.000000,vlp_sliced_c02,none,SoA,disabled,913780255,44612178,43983556,44418580,44563457,44878958,43937714,43751967,44381545,45080964,131338917,131338917,10
2025-10-02 14:38:53,21089,pairwise,PairwiseVerletLists,1.000000,vlp_sliced_c02,none,SoA,enabled,643987349,29461667,29765845,29591331,29617771,29735203,29806273,29879313,29633476,29830743,91130896,91130896,10
2025-10-02 14:38:53,21099,pairwise,PairwiseVerletLists,1.000000,vlp_c08,none,AoS,disabled,90623226,18584625,18537893,18511625,18497325,18492063,18730561,18480115,18479695,18480586,25741770,25741770,10
2025-10-02 14:38:53,21109,pairwise,PairwiseVerletLists,1.000000,vlp_c08,none,AoS,enabled,109132789,10288987,10219463,10180324,10170063,10167823,10166608,10164044,10156428,10171048,20081757,20081757,10
2025-10-02 14:38:54,21119,pairwise,PairwiseVerletLists,1.000000,vlp_c08,none,SoA,disabled,894056154,28878598,28846802,28827985,28823832,28807692,28821376,28823807,28804613,28794222,115348507,115348507,10
2025-10-02 14:38:55,21129,pairwise,PairwiseVerletLists,1.000000,vlp_c08,none,SoA,enabled,631798322,20894382,20851880,20886189,20874801,20881149,20850305,20870286,20888579,20858324,81965421,81965421,10
2025-10-02 14:41:55,25009,pairwise,LinkedCells,1.000000,lc_c01,none,AoS,disabled,19746339,19325161,19671135,19661960,19410673,19502413,19527064,19794260,19943663,19971737,19655439,19655439,10
2025-10-02 14:41:55,25019,pairwise,LinkedCells,1.000000,lc_c01,none,SoA,disabled,11191050,11172823,11191980,11154961,11161679,11158220,11164632,11300108,11420376,11265863,11218168,11218168,10
2025-10-02 14:41:55,25029,pairwise,LinkedCells,1.000000,lc_c01_combined_SoA,none,SoA,disabled,10103186,9974197,9920590,9957365,9957753,9824896,10161994,9921433,9828435,10198233,9984808,9984808,10
2025-10-02 14:41:55,25039,pairwise,LinkedCells,1.000000,lc_c04,none,AoS,disabled,13971515,14117903,14045627,13988753,14049395,13936043,14162902,13918586,13940649,14042610,14017397,14017397,10
2025-10-02 14:41:55,25049,pairwise,LinkedCells,1.000000,lc_c04,none,AoS,enabled,9947464,10066547,10046712,10208124,10016324,10115379,9999429,9946656,9902882,9972152,10022166,10022166,10
2025-10-02 14:41:55,25059,pairwise,LinkedCells,1.000000,lc_c04,none,SoA,disabled,10710771,10768810,10649927,10712940,10758925,10747167,10781951,10803712,10739249,10778412,10745186,10745186,10
2025-10-02 14:41:55,25069,pairwise,LinkedCells,1.000000,lc_c04,none,SoA,enabled,7410453,7401460,7403042,7384259,7451763,7421378,7390490,7416561,7412297,7344994,7403669,7403669,10
2025-10-02 14:41:55,25079,pairwise,LinkedCells,1.000000,lc_c04_HCP,none,AoS,disabled,12715179,12654079,12658064,12640788,12697762,12937109,13107889,13208707,13275944,12985446,12888096,12888096,10
2025-10-02 14:41:55,25089,pairwise,LinkedCells,1.000000,lc_c04_HCP,none,AoS,enabled,9504849,9522778,9482882,9478019,9397855,9333245,9399788,9268919,9277270,9396484,9406208,9406208,10
2025-10-02 14:41:56,25099,pairwise,LinkedCells,1.000000,lc_c04_HCP,none,SoA,disabled,10758580,10810440,10737638,10749688,10686418,10741289,10824226,10875344,10868395,10802070,10785408,10785408,10
2025-10-02 14:41:56,25109,pairwise,LinkedCells,1.000000,lc_c04_HCP,none,SoA,enabled,7857832,7825913,7823788,7831332,7809607,7849100,7805559,7753648,7736768,7733694,7802724,7802724,10
2025-10-02 14:41:56,25119,pairwise,LinkedCells,1.000000,lc_c04_combined_SoA,none,SoA,disabled,13061991,13398329,13147682,13023753,13077655,13260666,13168494,13311242,13221395,13326831,13199803,13199803,10
2025-10-02 14:41:56,25129,pairwise,LinkedCells,1.000000,lc_c04_combined_SoA,none,SoA,enabled,10427894,10424685,10394156,10474342,10463909,10384121,10268066,10226968,10245566,10311425,10362113,10362113,10
2025-10-02 14:41:56,25139,pairwise,LinkedCells,1.000000,lc_c08,none,AoS,disabled,13140560,13079701,13237559,13362083,13444892,13369165,13371503,13344409,13409944,13344468,13310427,13310427,10
2025-10-02 14:41:56,25149,pairwise,LinkedCells,1.000000,lc_c08,none,AoS,enabled,9935780,9967722,9978106,9908636,9887296,9845671,9937880,9892401,9868179,9842186,9906385,9906385,10
2025-10-02 14:41:56,25159,pairwise,LinkedCells,1.000000,lc_c08,none,SoA,disabled,12943552,12691216,12659792,12666156,12586348,12642318,12744641,12849049,12826887,12884585,12749454,12749454,10
2025-10-02 14:41:56,25169,pairwise,LinkedCells,1.000000,lc_c08,none,SoA,enabled,10096983,10002747,9952139,10015364,10004156,9983090,10048274,10019789,9989483,10025587,10013760,10013760,10
2025-10-02 14:41:57,25179,pairwise,LinkedCells,1.000000,lc_c18,none,AoS,disabled,13654042,13733530,13330807,13231732,13681705,13266755,13987125,14050535,14013633,13954502,13690436,13690436,10
2025-10-02 14:41:57,25189,pairwise,LinkedCells,1.000000,lc_c18,none,AoS,enabled,10467200,10437572,10025672,10395949,9854052,9988986,10416517,10374555,9994601,10502930,10245802,10245802,10
2025-10-02 14:41:57,25199,pairwise,LinkedCells,1.000000,lc_c18,none,SoA,disabled,11794219,11632154,11671646,11662184,11704981,11679840,11697092,11694216,11719885,11660896,11691710,11691710,10
2025-10-02 14:41:57,25209,pairwise,LinkedCells,1.000000,lc_c18,none,SoA,enabled,8482753,8393959,8394560,8392246,8381392,8388912,8395537,8372856,8414107,8388813,8400512,8400512,10
2025-10-02 14:41:57,25219,pairwise,LinkedCells,1.000000,lc_sliced,none,AoS,disabled,19154212,18937600,18977580,19083488,19092662,19024016,18943849,19087084,18929215,18916977,19014667,19014667,10
2025-10-02 14:41:57,25229,pairwise,LinkedCells,1.000000,lc_sliced,none,AoS,enabled,13405064,13619744,13574806,13592323,13545257,13658160,13711746,13643645,13580680,13642420,13597384,13597384,10
2025-10-02 14:41:57,25239,pairwise,LinkedCells,1.000000,lc_sliced,none,SoA,disabled,13595896,14725635,13229108,13547585,13566776,13517223,13519818,13506837,13475459,13498755,13618308,13618308,10
2025-10-02 14:41:58,25249,pairwise,LinkedCells,1.000000,lc_sliced,none,SoA,enabled,8498920,8373651,8381568,8399809,8270486,8388155,8396950,8409312,8429522,8448725,8399709,8399709,10
2025-10-02 14:41:58,25259,pairwise,LinkedCells,1.000000,lc_sliced_balanced,none,AoS,disabled,19055972,19030729,19015228,19013762,19016522,19007657,19029119,19031098,19021227,19013911,19023522,19023522,10
2025-10-02 14:41:58,25269,pairwise,LinkedCells,1.000000,lc_sliced_balanced,none,AoS,enabled,13697744,13708183,13713260,13715571,13709819,13711397,13707058,13704528,13716205,13694932,13707869,13707869,10
2025-10-02 14:41:58,25279,pairwise,LinkedCells,1.000000,lc_sliced_balanced,none,SoA,disabled,13572305,13540670,13517749,13463094,13516331,13506806,13465044,13483030,13514670,13513936,13509363,13509363,10
2025-10-02 14:41:58,25289,pairwise,LinkedCells,1.000000,lc_sliced_balanced,none,SoA,enabled,8466913,8421392,8435936,8440301,8413676,8431491,8424341,8426612,8434135,8420639,8431543,8431543,10
2025-10-02 14:41:58,25299,pairwise,LinkedCells,1.000000,lc_sliced_balanced,squared-particles-per-cell,AoS,disabled,19285537,18987931,18985328,18985897,18986722,18979481,18974842,18968869,18979661,18969896,19010416,19010416,10
2025-10-02 14:41:59,25309,pairwise,LinkedCells,1.000000,lc_sliced_balanced,squared-particles-per-cell,AoS,enabled,13652481,13569179,13553803,13561479,13560257,13549913,13559651,13573201,13565056,13542844,13568786,13568786,10
2025-10-02 14:41:59,25319,pairwise,LinkedCells,1.000000,lc_sliced_balanced,squared-particles-per-cell,SoA,disabled,15195177,13408146,13437156,13366349,13409760,13366947,13409722,13378351,13433327,13419504,13582443,13582443,10
2025-10-02 14:41:59,25329,pairwise,LinkedCells,1.000000,lc_sliced_balanced,squared-particles-per-cell,SoA,enabled,8762158,8551882,8536828,8562508,8531510,8530264,8556587,8515434,8516209,8508022,8557139,8557139,10
2025-10-02 14:41:59,25339,pairwise,LinkedCells,1.000000,lc_sliced_c02,none,AoS,disabled,19129521,18585779,18524824,19030104,18900494,19145888,18803059,18912942,18789817,18850103,18867252,18867252,10
2025-10-02 14:41:59,25349,pairwise,LinkedCells,1.000000,lc_sliced_c02,none,AoS,enabled,13388491,13453424,13341403,13424949,13395207,13529099,13442441,13321587,13103866,13429266,13382973,13382973,10
2025-10-02 14:41:59,25359,pairwise,LinkedCells,1.000000,lc_sliced_c02,none,SoA,disabled,15197001,13544106,13037107,13293410,13615170,13085095,13247734,13329280,13229961,13092606,13467147,13467147,10
2025-10-02 14:41:59,25369,pairwise,LinkedCells,1.000000,lc_sliced_c02,none,SoA,enabled,8510074,8307290,8143524,8155707,8111435,8388236,8143108,8177517,8262277,8200108,8239927,8239927,10
2025-10-02 14:42:00,25379,pairwise,VerletClusterLists,1.000000,vcl_c01_balanced,none,AoS,disabled,119613207,26759218,26748237,26781246,26764788,26762278,26744012,26716890,26763692,26735034,36038859,36038859,10
2025-10-02 14:42:00,25389,pairwise,VerletClusterLists,1.000000,vcl_c01_balanced,none,SoA,disabled,88233681,9553236,9523650,9495342,9503795,9488878,9493047,9526734,9502011,9496336,17381670,17381670,10
2025-10-02 14:42:01,25399,pairwise,VerletClusterLists,1.000000,vcl_c06,none,AoS,disabled,115182106,42771247,42176531,42129699,40641990,40252438,41805931,42528135,39742915,42927560,49015854,49015854,10
2025-10-02 14:42:01,25409,pairwise,VerletClusterLists,1.000000,vcl_c06,none,AoS,enabled,63904025,21523121,23069301,22283568,22279827,22556113,21861535,21896571,21787064,21685419,26284654,26284654,10
2025-10-02 14:42:01,25419,pairwise,VerletClusterLists,1.000000,vcl_c06,none,SoA,disabled,91738183,14678394,14543487,14923046,14988911,14495208,14718651,14919565,15044391,14783308,22483314,22483314,10
2025-10-02 14:42:01,25429,pairwise,VerletClusterLists,1.000000,vcl_c06,none,SoA,enabled,50984545,8340098,8149616,8566033,8326737,8518631,8507287,8273559,8149607,8508829,12632494,12632494,10
2025-10-02 14:42:02,25439,pairwise,VerletClusterLists,1.000000,vcl_sliced,none,AoS,disabled,141142376,63716122,64583017,63763594,61703980,61781344,61664399,63796241,63700367,61682499,70753393,70753393,10
2025-10-02 14:42:02,25449,pairwise,VerletClusterLists,1.000000,vcl_sliced,none,AoS,enabled,73919860,32024004,31970355,31114366,34461074,31342710,31857391,31953726,31894072,31804401,36234195,36234195,10
2025-10-02 14:42:03,25459,pairwise,VerletClusterLists,1.000000,vcl_sliced,none,SoA,disabled,95712859,17459118,18133922,17378849,17392941,18155748,17636891,18134415,17499992,17370637,25487536,25487536,10
2025-10-02 14:42:03,25469,pairwise,VerletClusterLists,1.000000,vcl_sliced,none,SoA,enabled,52238468,10492711,10262361,9500870,10268862,10260144,10555815,9507124,10399898,9821525,14330777,14330777,10
2025-10-02 14:42:04,25479,pairwise,VerletClusterLists,1.000000,vcl_sliced_balanced,none,AoS,disabled,137826373,62876008,62873766,62800728,62883387,62800171,62901255,62836145,62885668,62873211,70355670,70355670,10
2025-10-02 14:42:04,25489,pairwise,VerletClusterLists,1.000000,vcl_sliced_balanced,none,AoS,enabled,73806664,32054733,32057410,32090966,32014822,31962752,32082415,31949593,32002184,31974703,36199624,36199624,10
2025-10-02 14:42:04,25499,pairwise,VerletClusterLists,1.000000,vcl_sliced_balanced,none,SoA,disabled,94970764,17521717,17513455,17498287,17527476,17504265,17541058,17538422,17511052,17497560,25262405,25262405,10
2025-10-02 14:42:04,25509,pairwise,VerletClusterLists,1.000000,vcl_sliced_balanced,none,SoA,enabled,52117020,11781745,9931296,11739422,9918971,9938494,9929709,9936843,11796560,9996690,14708674,14708674,10
2025-10-02 14:42:05,25519,pairwise,VerletClusterLists,1.000000,vcl_sliced_balanced,neighbor-list-length,AoS,disabled,153872007,62856959,62750842,62819111,62920121,63023051,62976581,62844767,62803271,62898314,71976501,71976501,10
2025-10-02 14:42:05,25529,pairwise,VerletClusterLists,1.000000,vcl_sliced_balanced,neighbor-list-length,AoS,enabled,73425335,32032140,32061834,32071828,31999061,31998032,31962552,32005025,31937374,32035226,36152840,36152840,10
2025-10-02 14:42:06,25539,pairwise,VerletClusterLists,1.000000,vcl_sliced_balanced,neighbor-list-length,SoA,disabled,94741016,17606696,17596993,17560211,17557196,17558730,17531606,17565771,17554977,17568251,25284144,25284144,10
2025-10-02 14:42:06,25549,pairwise,VerletClusterLists,1.000000,vcl_sliced_balanced,neighbor-list-length,SoA,enabled,52191703,10008305,10020775,10031063,10001390,9987374,10006810,10002719,9992947,9999667,14224275,14224275,10
2025-10-02 14:42:07,25559,pairwise,VerletClusterLists,1.000000,vcl_sliced_c02,none,AoS,disabled,165682304,78386725,75329551,75979821,77729344,79660263,77857230,73367311,75417085,75501763,85491139,85491139,10
2025-10-02 14:42:07,25569,pairwise,VerletClusterLists,1.000000,vcl_sliced_c02,none,AoS,enabled,80899170,40551029,38483901,40431646,37424335,38579863,37161026,39320481,39360373,39467884,43167970,43167970,10
2025-10-02 14:42:08,25579,pairwise,VerletClusterLists,1.000000,vcl_sliced_c02,none,SoA,disabled,100118027,22326669,22304450,23281561,22763207,23143961,22933302,22672370,23221348,24684941,30744983,30744983,10
2025-10-02 14:42:08,25589,pairwise,VerletClusterLists,1.000000,vcl_sliced_c02,none,SoA,enabled,54321901,12514859,12173706,12782088,12126711,12480572,12753865,12442315,12766108,12613030,16697515,16697515,10
2025-10-02 14:42:08,25599,pairwise,VerletLists,1.000000,vl_list_iteration,none,AoS,disabled,57217242,10528166,10539890,10603774,10563176,10617934,10543772,10571664,10596291,10503067,15228497,15228497,10
2025-10-02 14:42:08,25609,pairwise,VerletLists,1.000000,vl_list_iteration,none,SoA,disabled,201359940,11319919,11166039,11203647,11060547,11177825,11060239,11077810,11244149,11115137,30178525,30178525,10
2025-10-02 14:42:09,25619,pairwise,VerletListsCells,1.000000,vlc_c01,none,AoS,disabled,66003688,8272502,8224874,8215744,8232409,8217852,8257538,8251645,8228459,8225640,14013034,14013034,10
2025-10-02 14:42:09,25629,pairwise,VerletListsCells,1.000000,vlc_c01,none,SoA,disabled,206158436,11723546,11691841,11681883,11691213,11699164,11665257,11699220,11689266,11685199,31138502,31138502,10
2025-10-02 14:42:09,25639,pairwise,VerletListsCells,1.000000,vlc_c18,none,AoS,disabled,52021942,7938331,7918258,7916292,7900090,7914665,7926255,7910440,7912518,7915191,12327397,12327397,10
2025-10-02 14:42:09,25649,pairwise,VerletListsCells,1.000000,vlc_c18,none,AoS,enabled,36171775,4861097,4791554,4814896,4803527,4800036,4839298,4796639,4792221,4823695,7949473,7949473,10
2025-10-02 14:42:10,25659,pairwise,VerletListsCells,1.000000,vlc_c18,none,SoA,disabled,309198232,14592651,14624379,14589368,14609152,14574879,14599650,14581859,14589552,14597846,44055756,44055756,10
2025-10-02 14:42:10,25669,pairwise,VerletListsCells,1.000000,vlc_c18,none,SoA,enabled,197950409,12019527,12004923,12033401,12063363,11352275,11249168,11205445,11231254,11234784,30234454,30234454,10
2025-10-02 14:42:10,25679,pairwise,VerletListsCells,1.000000,vlc_c08,none,AoS,disabled,45902574,7995949,7997663,7966380,7991222,7981895,7970715,7977925,7957720,7969411,11771145,11771145,10
2025-10-02 14:42:10,25689,pairwise,VerletListsCells,1.000000,vlc_c08,none,AoS,enabled,39264119,5282618,5262712,5273356,5267264,5262718,5253278,5269784,5259305,5259970,8665512,8665512,10
2025-10-02 14:42:10,25699,pairwise,VerletListsCells,1.000000,vlc_c08,none,SoA,disabled,290502632,14080260,14074303,14067237,14086567,14078611,14083870,14080533,14069472,14054402,41717788,41717788,10
2025-10-02 14:42:11,25709,pairwise,VerletListsCells,1.000000,vlc_c08,none,SoA,enabled,207256762,12448640,12409777,12424336,12409343,12416018,12409385,12415762,12425745,12492202,31910797,31910797,10
2025-10-02 14:42:11,25719,pairwise,VerletListsCells,1.000000,vlc_sliced,none,AoS,disabled,61929542,16643468,16633350,16603383,16620026,16578879,16510407,16567714,15788993,16181600,21005735,21005735,10
2025-10-02 14:42:11,25729,pairwise,VerletListsCells,1.000000,vlc_sliced,none,AoS,enabled,41728583,7719754,7696467,7707988,7742292,7614164,7757053,7673285,7633991,7680681,11095425,11095425,10
2025-10-02 14:42:12,25739,pairwise,VerletListsCells,1.000000,vlc_sliced,none,SoA,disabled,327201671,20994234,21015457,20974449,20947119,20908367,21009196,20742679,20934552,20759502,51548722,51548722,10
2025-10-02 14:42:12,25749,pairwise,VerletListsCells,1.000000,vlc_sliced,none,SoA,enabled,192332119,13996435,13968568,14017710,14001191,13340704,13098330,13118576,13119648,13027662,31402093,31402093,10
2025-10-02 14:42:12,25759,pairwise,VerletListsCells,1.000000,vlc_sliced_balanced,none,AoS,disabled,59700737,14865436,14865450,14875682,14894516,14872611,14863643,14856343,14845025,14854770,19349420,19349420,10
2025-10-02 14:42:12,25769,pairwise,VerletListsCells,1.000000,vlc_sliced_balanced,none,AoS,enabled,39751274,7730532,7698968,7700659,7684477,7668435,7661834,7658506,7673251,7707519,10893545,10893545,10
2025-10-02 14:42:13,25779,pairwise,VerletListsCells,1.000000,vlc_sliced_balanced,none,SoA,disabled,323405850,21503358,21416245,21427813,21406266,21384665,21413552,21382724,21408481,21451746,51620070,51620070,10
2025-10-02 14:42:13,25789,pairwise,VerletListsCells,1.000000,vlc_sliced_balanced,none,SoA,enabled,204058158,14012282,14016247,14035320,14040013,13238717,13168475,13222149,13166828,13149433,32610761,32610761,10
2025-10-02 14:42:13,25799,pairwise,VerletListsCells,1.000000,vlc_sliced_balanced,squared-particles-per-cell,AoS,disabled,60947306,15049838,15049455,15036399,15051003,15047698,15040136,15022372,15071648,15128654,19644450,19644450,10
2025-10-02 14:42:14,25809,pairwise,VerletListsCells,1.000000,vlc_sliced_balanced,squared-particles-per-cell,AoS,enabled,39425046,7954667,7920717,7880872,7885224,7891620,7869106,7858421,7861316,7875678,11042266,11042266,10
2025-10-02 14:42:14,25819,pairwise,VerletListsCells,1.000000,vlc_sliced_balanced,squared-particles-per-cell,SoA,disabled,315922126,21201959,21086852,21161425,21144741,21156889,21123791,21142609,21125351,21128831,50619457,50619457,10
2025-10-02 14:42:14,25829,pairwise,VerletListsCells,1.000000,vlc_sliced_balanced,squared-particles-per-cell,SoA,enabled,213410531,14061001,14058203,14081604,14092923,13357464,13191444,13213123,13203841,13147840,33581797,33581797,10
2025-10-02 14:42:15,25839,pairwise,VerletListsCells,1.000000,vlc_sliced_balanced,neighbor-list-length,AoS,disabled,61652462,15499089,15522557,15509415,15481779,15533205,15540618,15524591,15513717,15467293,20124472,20124472,10
2025-10-02 14:42:15,25849,pairwise,VerletListsCells,1.000000,vlc_sliced_balanced,neighbor-list-length,AoS,enabled,39720325,7980056,7946667,7916491,7909960,7918083,7891600,7907521,7918864,7914981,11102454,11102454,10
2025-10-02 14:42:15,25859,pairwise,VerletListsCells,1.000000,vlc_sliced_balanced,neighbor-list-length,SoA,disabled,319112261,22084884,21982107,22015873,21979829,22008954,22014428,21990366,22036480,21978542,51720371,51720371,10
2025-10-02 14:42:16,25869,pairwise,VerletListsCells,1.000000,vlc_sliced_balanced,neighbor-list-length,SoA,enabled,216566047,14400212,14374390,14392709,14373901,13901089,13504492,13507228,13480103,13475768,34197593,34197593,10
2025-10-02 14:42:16,25879,pairwise,VerletListsCells,1.000000,vlc_sliced_c02,none,AoS,disabled,64906609,19716916,19744248,19680744,19720396,19742135,18768766,19726935,19698190,19867490,24157242,24157242,10
2025-10-02 14:42:16,25889,pairwise,VerletListsCells,1.000000,vlc_sliced_c02,none,AoS,enabled,41905166,10430871,10447432,10412563,10431461,10362448,10399893,10421125,10410224,10428425,13564960,13564960,10
2025-10-02 14:42:17,25899,pairwise,VerletListsCells,1.000000,vlc_sliced_c02,none,SoA,disabled,321131406,26217713,26298977,26174421,26195189,26247647,26213783,26250245,24960547,26284733,55597466,55597466,10
2025-10-02 14:42:17,25909,pairwise,VerletListsCells,1.000000,vlc_sliced_c02,none,SoA,enabled,218264370,16195134,16478437,16503747,16543331,16576155,15719058,15665873,15581572,15656587,36318426,36318426,10
2025-10-02 14:42:17,25919,pairwise,PairwiseVerletLists,1.000000,vlp_c01,none,AoS,disabled,77138170,10122219,10078359,10114274,10076889,10086570,10088125,10115792,10082214,10079745,16798235,16798235,10
2025-10-02 14:42:18,25929,pairwise,PairwiseVerletLists,1.000000,vlp_c01,none,SoA,disabled,541622616,20257666,20255859,20279893,20272807,20255623,20264861,20255063,20274121,20246194,72398470,72398470,10
2025-10-02 14:42:18,25939,pairwise,PairwiseVerletLists,1.000000,vlp_c18,none,AoS,disabled,70473036,10563705,10555286,10524573,10565396,10541831,10562467,10534984,10520377,10539286,16538093,16538093,10
2025-10-02 14:42:19,25949,pairwise,PairwiseVerletLists,1.000000,vlp_c18,none,AoS,enabled,88905015,6586800,6571096,6571744,6592813,6575134,6574102,6576089,6582031,6563512,14809833,14809833,10
2025-10-02 14:42:19,25959,pairwise,PairwiseVerletLists,1.000000,vlp_c18,none,SoA,disabled,698139302,19627651,19631706,19644057,19642106,19629010,19606378,19612027,19628403,19593131,87475376,87475376,10
2025-10-02 14:42:20,25969,pairwise,PairwiseVerletLists,1.000000,vlp_c18,none,SoA,enabled,485328847,15169674,15167464,15164624,15151852,15150743,15147142,15163379,15166942,15162228,62177288,62177288,10
2025-10-02 14:42:20,25979,pairwise,PairwiseVerletLists,1.000000,vlp_sliced,none,AoS,disabled,79344945,20450925,20352464,21451092,21362314,21424701,19755928,21380082,21270846,21132072,26792536,26792536,10
2025-10-02 14:42:21,25989,pairwise,PairwiseVerletLists,1.000000,vlp_sliced,none,AoS,enabled,91948844,10035708,10000469,10066490,10067146,10041198,10001400,10063852,10008761,9984110,18221797,18221797,10
2025-10-02 14:42:22,25999,pairwise,PairwiseVerletLists,1.000000,vlp_sliced,none,SoA,disabled,676136763,30891471,30980493,30954080,30493029,31011412,30950743,30398106,30487841,30936278,95324021,95324021,10
2025-10-02 14:42:22,26009,pairwise,PairwiseVerletLists,1.000000,vlp_sliced,none,SoA,enabled,496762058,21731616,21560647,21643089,21512698,21484386,21547736,21317157,21675790,21582596,69081777,69081777,10
2025-10-02 14:42:23,26019,pairwise,PairwiseVerletLists,1.000000,vlp_sliced_balanced,none,AoS,disabled,82763589,21714803,21692341,21659316,21655794,21655097,21692008,21626740,21634368,21669890,27776394,27776394,10
2025-10-02 14:42:23,26029,pairwise,PairwiseVerletLists,1.000000,vlp_sliced_balanced,none,AoS,enabled,91187646,10100996,10108101,10069208,10076228,10092377,10089377,10069956,10057158,10045174,18189621,18189621,10
2025-10-02 14:42:24,26039,pairwise,PairwiseVerletLists,1.000000,vlp_sliced_balanced,none,SoA,disabled,675550798,30896107,30946882,30886192,30923892,30921315,30912362,30890642,30905233,30899632,95373304,95373304,10
2025-10-02 14:42:24,26049,pairwise,PairwiseVerletLists,1.000000,vlp_sliced_balanced,none,SoA,enabled,502488901,21453305,21354683,21383241,21383146,21354189,21354547,21353681,21350587,21320720,69479699,69479699,10
2025-10-02 14:42:25,26059,pairwise,PairwiseVerletLists,1.000000,vlp_sliced_c02,none,AoS,disabled,88676685,27292903,27584919,27439096,27585856,25013450,27019594,27304028,27254239,27336819,33250758,33250758,10
2025-10-02 14:42:25,26069,pairwise,PairwiseVerletLists,1.000000,vlp_sliced_c02,none,AoS,enabled,97340505,13240343,13212980,13206882,13120669,13214360,13184978,13099743,13182336,13172350,21597513,21597513,10
2025-10-02 14:42:26,26079,pairwise,PairwiseVerletLists,1.000000,vlp_sliced_c02,none,SoA,disabled,693660802,38805449,39028986,38541444,38970723,37564221,39040336,36915156,39027629,37816316,103937106,103937106,10
2025-10-02 14:42:27,26089,pairwise,PairwiseVerletLists,1.000000,vlp_sliced_c02,none,SoA,enabled,501812690,25341159,26668903,26533818,26586525,26784390,26504845,26379439,26649721,26604003,73986548,73986548,10
2025-10-02 14:42:27,26099,pairwise,PairwiseVerletLists,1.000000,vlp_c08,none,AoS,disabled,75900180,14431324,14381711,14372313,14362387,14351481,14340959,14353653,14353996,14337043,20518504,20518504,10
2025-10-02 14:42:27,26109,pairwise,PairwiseVerletLists,1.000000,vlp_c08,none,AoS,enabled,88550244,8035038,7978226,7974717,7991406,7979638,7977124,7982007,7978380,7979253,16042602,16042602,10
2025-10-02 14:42:28,26119,pairwise,PairwiseVerletLists,1.000000,vlp_c08,none,SoA,disabled,667604923,22944007,22940156,22904908,22919153,22911079,22913308,22906413,22913597,23210979,87416852,87416852,10
2025-10-02 14:42:29,26129,pairwise,PairwiseVerletLists,1.000000,vlp_c08,none,SoA,enabled,497048749,16878275,16871654,16862464,16839532,16834444,16832883,16840709,16839974,16836473,64868515,64868515,10
2025-10-02 14:44:14,30009,pairwise,LinkedCells,1.000000,lc_c01,none,AoS,disabled,5889162,5684490,5667719,5689651,5739915,5883653,5681124,5715007,5891713,5698146,5754057,5754057,10
2025-10-02 14:44:14,30019,pairwise,LinkedCells,1.000000,lc_c01,none,SoA,disabled,5229800,5295198,5249443,5252663,5132280,5268941,5286195,5245828,5241481,5310584,5251240,5251240,10
2025-10-02 14:44:14,30029,pairwise,LinkedCells,1.000000,lc_c01_combined_SoA,none,SoA,disabled,4925001,5002336,5069553,5093554,4996938,4927781,5106860,5006696,4897072,5051110,5007689,5007689,10
2025-10-02 14:44:14,30039,pairwise,LinkedCells,1.000000,lc_c04,none,AoS,disabled,4602603,4185005,4190772,4176108,4238430,4215243,4255280,4238099,4214357,4201895,4251778,4251778,10
2025-10-02 14:44:15,30049,pairwise,LinkedCells,1.000000,lc_c04,none,AoS,enabled,3171299,3151379,3151848,3121343,3132970,3140404,3124828,3112151,3113968,3126639,3134682,3134682,10
2025-10-02 14:44:15,30059,pairwise,LinkedCells,1.000000,lc_c04,none,SoA,disabled,4666633,4748477,4680320,4688019,4729119,4728927,4671664,4718496,4677840,4787022,4709651,4709651,10
2025-10-02 14:44:15,30069,pairwise,LinkedCells,1.000000,lc_c04,none,SoA,enabled,3598546,3651640,3693268,3675654,3667177,3708797,3596203,3618651,3675200,3731552,3661668,3661668,10
2025-10-02 14:44:15,30079,pairwise,LinkedCells,1.000000,lc_c04_HCP,none,AoS,disabled,3468888,3406854,3401992,3372963,3400964,3447602,3409184,3360007,3355673,3385933,3401005,3401005,10
2025-10-02 14:44:15,30089,pairwise,LinkedCells,1.000000,lc_c04_HCP,none,AoS,enabled,2671334,2575579,2596017,2874933,2576767,2571448,2570266,2563729,2619552,2916638,2653625,2653625,10
2025-10-02 14:44:15,30099,pairwise,LinkedCells,1.000000,lc_c04_HCP,none,SoA,disabled,4659270,4739506,4604874,4707515,4804235,4675259,4723963,4675749,4702271,4697716,4699035,4699035,10
2025-10-02 14:44:15,30109,pairwise,LinkedCells,1.000000,lc_c04_HCP,none,SoA,enabled,3991038,4022537,4007750,3997378,4025523,4045284,4054030,4025477,3986466,4008763,4016424,4016424,10
2025-10-02 14:44:15,30119,pairwise,LinkedCells,1.000000,lc_c04_combined_SoA,none,SoA,disabled,5436269,5590816,5472938,5491404,5476630,5516112,5492971,5455509,5608598,5429871,5497111,5497111,10
2025-10-02 14:44:15,30129,pairwise,LinkedCells,1.000000,lc_c04_combined_SoA,none,SoA,enabled,4921985,4807628,4844234,4865845,4881692,4831281,4843960,4836512,4837447,4812228,4848280,4848280,10
2025-10-02 14:44:15,30139,pairwise,LinkedCells,1.000000,lc_c08,none,AoS,disabled,3893923,3844032,3891520,3802795,3830557,3820047,3851410,3884746,3849612,3803323,3847195,3847195,10
2025-10-02 14:44:15,30149,pairwise,LinkedCells,1.000000,lc_c08,none,AoS,enabled,3254881,3179453,3162009,3180885,3170317,3166511,3169753,3168037,3287596,3405353,3214479,3214479,10
2025-10-02 14:44:15,30159,pairwise,LinkedCells,1.000000,lc_c08,none,SoA,disabled,6300436,6125170,6274249,6195996,6143052,6183304,6158214,6159149,6099042,6227415,6186602,6186602,10
2025-10-02 14:44:15,30169,pairwise,LinkedCells,1.000000,lc_c08,none,SoA,enabled,5419603,5448741,5450901,5396692,5418100,5406750,5430014,5416982,5407048,5401792,5419661,5419661,10
2025-10-02 14:44:15,30179,pairwise,LinkedCells,1.000000,lc_c18,none,AoS,disabled,4211768,4267497,4120567,4277220,4236086,4213320,4238242,4183742,4214142,4195568,4215814,4215814,10
2025-10-02 14:44:15,30189,pairwise,LinkedCells,1.000000,lc_c18,none,AoS,enabled,3588423,3579394,3483591,3602149,3543520,3526609,3489166,3602338,3514016,3520777,3544998,3544998,10
2025-10-02 14:44:15,30199,pairwise,LinkedCells,1.000000,lc_c18,none,SoA,disabled,5214189,5312272,5256106,5286460,5275758,5207771,5370325,5243569,5264464,5207139,5263805,5263805,10
2025-10-02 14:44:15,30209,pairwise,LinkedCells,1.000000,lc_c18,none,SoA,enabled,4516349,4465665,4468721,4470561,4491265,4492094,4465883,4474476,4473356,4492753,4481112,4481112,10
2025-10-02 14:44:15,30219,pairwise,LinkedCells,1.000000,lc_sliced,none,AoS,disabled,6327573,5982770,5946913,5996394,5773341,6049247,5880680,5898712,6003195,5973620,5983243,5983243,10
2025-10-02 14:44:15,30229,pairwise,LinkedCells,1.000000,lc_sliced,none,AoS,enabled,4436405,4215919,4408044,4474495,4318820,4534252,4390058,4440696,4395730,4184884,4379930,4379930,10
2025-10-02 14:44:16,30239,pairwise,LinkedCells,1.000000,lc_sliced,none,SoA,disabled,5951715,5968513,6088595,5885464,6070289,6039261,6123046,5964061,6111947,6112853,6031573,6031573,10
2025-10-02 14:44:16,30249,pairwise,LinkedCells,1.000000,lc_sliced,none,SoA,enabled,4250685,4213159,4444933,4401409,4406193,4379355,4377455,4241758,4315627,4390113,4342068,4342068,10
2025-10-02 14:44:16,30259,pairwise,LinkedCells,1.000000,lc_sliced_balanced,none,AoS,disabled,6066818,5986589,5978714,6033467,5998987,6000936,5967520,6017549,6039448,6000613,6009064,6009064,10
2025-10-02 14:44:16,30269,pairwise,LinkedCells,1.000000,lc_sliced_balanced,none,AoS,enabled,4474548,4422589,4439704,4484652,4419099,4501763,4433397,4456583,4447296,4399713,4447934,4447934,10
2025-10-02 14:44:16,30279,pairwise,LinkedCells,1.000000,lc_sliced_balanced,none,SoA,disabled,6026560,6013081,6026588,6063194,5981874,6092908,5976032,6027318,5817807,6130201,6015555,6015555,10
2025-10-02 14:44:16,30289,pairwise,LinkedCells,1.000000,lc_sliced_balanced,none,SoA,enabled,4289358,4374440,4407976,4418813,4382324,4374239,4403608,4404075,4463775,4337944,4385654,4385654,10
2025-10-02 14:44:16,30299,pairwise,LinkedCells,1.000000,lc_sliced_balanced,squared-particles-per-cell,AoS,disabled,6265729,5953669,5891396,5896561,5887711,5883029,5897843,5884021,5887579,5871650,5931918,5931918,10
2025-10-02 14:44:16,30309,pairwise,LinkedCells,1.000000,lc_sliced_balanced,squared-particles-per-cell,AoS,enabled,4551622,4408923,4392306,4407798,4417047,4503871,4432509,4449332,4462873,4443084,4446935,4446935,10
2025-10-02 14:44:16,30319,pairwise,LinkedCells,1.000000,lc_sliced_balanced,squared-particles-per-cell,SoA,disabled,8876209,7488429,7683975,7489633,7567328,7598022,7725764,7725921,7650813,7637139,7744323,7744323,10
2025-10-02 14:44:16,30329,pairwise,LinkedCells,1.000000,lc_sliced_balanced,squared-particles-per-cell,SoA,enabled,6798905,6846927,6848267,6730996,6741184,6728061,6793174,6568815,6647288,6811869,6751547,6751547,10
2025-10-02 14:44:16,30339,pairwise,LinkedCells,1.000000,lc_sliced_c02,none,AoS,disabled,6138234,5925123,5896979,5922453,5880185,5920870,5867079,5822116,5948766,5974987,5929678,5929678,10
2025-10-02 14:44:16,30349,pairwise,LinkedCells,1.000000,lc_sliced_c02,none,AoS,enabled,4476536,4350486,4472172,4388986,4373920,4394254,4283833,4359260,4328072,4374607,4380212,4380212,10
2025-10-02 14:44:16,30359,pairwise,LinkedCells,1.000000,lc_sliced_c02,none,SoA,disabled,6858505,5903222,6036362,6070640,5864728,5716551,5930528,5869652,5919942,5897461,6006758,6006758,10
2025-10-02 14:44:16,30369,pairwise,LinkedCells,1.000000,lc_sliced_c02,none,SoA,enabled,4132860,4245989,4278886,4317876,4257309,4264735,4164380,4112247,4275884,4269258,4231941,4231941,10
2025-10-02 14:44:17,30379,pairwise,VerletClusterLists,1.000000,vcl_c01_balanced,none,AoS,disabled,31321170,6366515,6399704,6300136,6437076,6295205,6448006,6350803,6401574,6317477,8863766,8863766,10
2025-10-02 14:44:17,30389,pairwise,VerletClusterLists,1.000000,vcl_c01_balanced,none,SoA,disabled,22478224,2298701,2295209,2426678,2359550,2344031,2356524,2414942,2340259,2366448,4368055,4368055,10
2025-10-02 14:44:17,30399,pairwise,VerletClusterLists,1.000000,vcl_c06,none,AoS,disabled,41507881,22028803,22575408,20974314,22568283,21472427,20967596,22779554,22019897,22070020,23896418,23896418,10
2025-10-02 14:44:17,30409,pairwise,VerletClusterLists,1.000000,vcl_c06,none,AoS,enabled,25171062,11640917,11274480,11642923,11879027,11251845,11365706,11309158,11332885,11798767,12866676,12866676,10
2025-10-02 14:44:17,30419,pairwise,VerletClusterLists,1.000000,vcl_c06,none,SoA,disabled,27228087,8619459,8226703,8299656,8376080,8594376,8487591,8233588,8314272,8349300,10272910,10272910,10
2025-10-02 14:44:17,30429,pairwise,VerletClusterLists,1.000000,vcl_c06,none,SoA,enabled,17881976,4974581,4665483,4969883,4889186,4791086,4641716,4800239,4662231,4765458,6104183,6104183,10
2025-10-02 14:44:17,30439,pairwise,VerletClusterLists,1.000000,vcl_sliced,none,AoS,disabled,47737658,28618837,24268210,28527206,28664016,28467366,24251938,24300855,24335249,28857270,28802860,28802860,10
2025-10-02 14:44:18,30449,pairwise,VerletClusterLists,1.000000,vcl_sliced,none,AoS,enabled,26522512,13015898,13003693,13062483,15583242,15577557,13026587,15478229,15604530,15538094,15641282,15641282,10
2025-10-02 14:44:18,30459,pairwise,VerletClusterLists,1.000000,vcl_sliced,none,SoA,disabled,28919344,9665206,9638673,9656234,9649725,9662634,9653172,9630630,8347449,9644723,11446778,11446778,10
2025-10-02 14:44:18,30469,pairwise,VerletClusterLists,1.000000,vcl_sliced,none,SoA,enabled,18325080,5417075,5393906,5399373,5391767,5360608,5366153,5381382,5387653,5119268,6654226,6654226,10
2025-10-02 14:44:18,30479,pairwise,VerletClusterLists,1.000000,vcl_sliced_balanced,none,AoS,disabled,44805510,26573814,24340032,24388085,26524223,24384980,26519602,26565492,24324137,26563341,27498921,27498921,10
2025-10-02 14:44:18,30489,pairwise,VerletClusterLists,1.000000,vcl_sliced_balanced,none,AoS,enabled,27515710,14532067,14561986,14575131,14528222,14501764,14545361,13244359,14504569,14538307,15704747,15704747,10
2025-10-02 14:44:18,30499,pairwise,VerletClusterLists,1.000000,vcl_sliced_balanced,none,SoA,disabled,27659656,9367753,9362496,8586558,9346842,9344290,9352655,9331198,8537802,9320849,11021009,11021009,10
2025-10-02 14:44:18,30509,pairwise,VerletClusterLists,1.000000,vcl_sliced_balanced,none,SoA,enabled,18466689,5161035,5170092,5151259,5131255,5150994,5141867,5149976,5147142,5164251,6483455,6483455,10
2025-10-02 14:44:19,30519,pairwise,VerletClusterLists,1.000000,vcl_sliced_balanced,neighbor-list-length,AoS,disabled,52626958,28587888,28622077,28818917,28695520,28593170,28655527,28653611,28699900,28661143,31061470,31061470,10
2025-10-02 14:44:19,30529,pairwise,VerletClusterLists,1.000000,vcl_sliced_balanced,neighbor-list-length,AoS,enabled,27629800,13306458,14558754,14566683,14565256,14552898,14531146,14528949,14551375,14522555,15731386,15731386,10
2025-10-02 14:44:19,30539,pairwise,VerletClusterLists,1.000000,vcl_sliced_balanced,neighbor-list-length,SoA,disabled,28364923,9689029,9692311,9680196,9656536,9676177,9655573,9681479,9671546,9652678,11542044,11542044,10
2025-10-02 14:44:19,30549,pairwise,VerletClusterLists,1.000000,vcl_sliced_balanced,neighbor-list-length,SoA,enabled,18059086,5162279,5152923,5139006,5148923,5176584,5151787,5130511,5138219,5137838,6439715,6439715,10
2025-10-02 14:44:19,30559,pairwise,VerletClusterLists,1.000000,vcl_sliced_c02,none,AoS,disabled,53225080,32860820,32686152,30689009,30231116,32408752,32801194,30702568,30752769,32809088,33916654,33916654,10
2025-10-02 14:44:20,30569,pairwise,VerletClusterLists,1.000000,vcl_sliced_c02,none,AoS,enabled,31249552,17748431,17563182,17305897,17593088,17638628,17218326,18555384,17135873,17549428,18955778,18955778,10
2025-10-02 14:44:20,30579,pairwise,VerletClusterLists,1.000000,vcl_sliced_c02,none,SoA,disabled,29446942,11240814,10751973,11308187,11245840,11265801,10964724,10843319,11229920,11221354,12951886,12951886,10
2025-10-02 14:44:20,30589,pairwise,VerletClusterLists,1.000000,vcl_sliced_c02,none,SoA,enabled,19654144,6386664,6343533,6353676,6161785,6369210,6165460,6271025,6348720,6414687,7646890,7646890,10
2025-10-02 14:44:20,30599,pairwise,VerletLists,1.000000,vl_list_iteration,none,AoS,disabled,19672509,3261096,3195857,3177696,3168110,3215114,3185711,3197716,3174475,3175959,4842424,4842424,10
2025-10-02 14:44:20,30609,pairwise,VerletLists,1.000000,vl_list_iteration,none,SoA,disabled,57587988,4450918,4143743,4037238,4009257,3971729,3982870,3946116,3929749,3925838,9398544,9398544,10
2025-10-02 14:44:20,30619,pairwise,VerletListsCells,1.000000,vlc_c01,none,AoS,disabled,33104736,2858563,2892670,2853951,2879255,2824391,2833038,2871453,2841874,2861460,5882139,5882139,10
2025-10-02 14:44:20,30629,pairwise,VerletListsCells,1.000000,vlc_c01,none,SoA,disabled,73706813,5778821,5428058,5407156,5343133,5315601,5300279,5297257,5269179,5277191,12212348,12212348,10
2025-10-02 14:44:20,30639,pairwise,VerletListsCells,1.000000,vlc_c18,none,AoS,disabled,23234290,2946884,2903820,2925250,2899625,2932518,2898731,2958580,2972786,2957150,4962963,4962963,10
2025-10-02 14:44:20,30649,pairwise,VerletListsCells,1.000000,vlc_c18,none,AoS,enabled,19656920,2466539,2476679,2464946,2434630,2495408,2474087,2459606,2472211,2423491,4182451,4182451,10
2025-10-02 14:44:21,30659,pairwise,VerletListsCells,1.000000,vlc_c18,none,SoA,disabled,96054749,6543153,6391862,6317427,6348152,6280828,6272130,6281361,6261532,6243445,15299463,15299463,10
2025-10-02 14:44:21,30669,pairwise,VerletListsCells,1.000000,vlc_c18,none,SoA,enabled,67260763,6517477,5744134,5646445,5540527,5552773,5473303,5392802,5386449,5371144,11788581,11788581,10
2025-10-02 14:44:21,30679,pairwise,VerletListsCells,1.000000,vlc_c08,none,AoS,disabled,18697889,2716469,2755665,2772540,2727309,2706499,2703254,2743196,2708172,2695177,4322616,4322616,10
2025-10-02 14:44:21,30689,pairwise,VerletListsCells,1.000000,vlc_c08,none,AoS,enabled,17611227,2341886,2330216,2320764,2263099,2340092,2266241,2265905,2266004,2271646,3827707,3827707,10
2025-10-02 14:44:21,30699,pairwise,VerletListsCells,1.000000,vlc_c08,none,SoA,disabled,86974986,6289371,6108621,6070732,6056551,6047442,6090767,6050312,6016637,6066080,14177149,14177149,10
2025-10-02 14:44:21,30709,pairwise,VerletListsCells,1.000000,vlc_c08,none,SoA,enabled,69024364,5818080,5639024,5556229,5535014,5526494,5492970,5472540,5481533,5480621,11902686,11902686,10
2025-10-02 14:44:21,30719,pairwise,VerletListsCells,1.000000,vlc_sliced,none,AoS,disabled,25714469,4750385,4634868,4618967,4631097,4567594,4561350,4559210,4601620,4614120,6725367,6725367,10
2025-10-02 14:44:21,30729,pairwise,VerletListsCells,1.000000,vlc_sliced,none,AoS,enabled,20068105,2257347,2195233,2153290,2145501,2162229,2081718,2166352,2166597,2111504,3950787,3950787,10
2025-10-02 14:44:21,30739,pairwise,VerletListsCells,1.000000,vlc_sliced,none,SoA,disabled,99129229,8097104,8012394,7931427,7944606,7964333,7915759,7956360,7886763,7971156,17080912,17080912,10
2025-10-02 14:44:22,30749,pairwise,VerletListsCells,1.000000,vlc_sliced,none,SoA,enabled,66972006,5826695,5120149,5010725,5023749,5003230,5068302,4980449,5004836,5004236,11301437,11301437,10
2025-10-02 14:44:22,30759,pairwise,VerletListsCells,1.000000,vlc_sliced_balanced,none,AoS,disabled,24905931,4492514,4432040,4401517,4399745,4404413,4381051,4379116,4367192,4383792,6454730,6454730,10
2025-10-02 14:44:22,30769,pairwise,VerletListsCells,1.000000,vlc_sliced_balanced,none,AoS,enabled,19766268,2247155,2146820,2113903,2114716,2111678,2099414,2099120,2093530,2091365,3888396,3888396,10
2025-10-02 14:44:22,30779,pairwise,VerletListsCells,1.000000,vlc_sliced_balanced,none,SoA,disabled,98450705,8281670,8095154,8056823,7963779,8017840,8003441,7987932,8010816,7984267,17085242,17085242,10
2025-10-02 14:44:22,30789,pairwise,VerletListsCells,1.000000,vlc_sliced_balanced,none,SoA,enabled,67308161,5875464,5169716,5035470,4969895,4939267,4946441,4934030,4914380,4906352,11299917,11299917,10
2025-10-02 14:44:22,30799,pairwise,VerletListsCells,1.000000,vlc_sliced_balanced,squared-particles-per-cell,AoS,disabled,24872614,4443888,4410462,4376958,4367994,4356233,4346257,4367266,4359786,4345160,6424661,6424661,10
2025-10-02 14:44:22,30809,pairwise,VerletListsCells,1.000000,vlc_sliced_balanced,squared-particles-per-cell,AoS,enabled,19700307,2380896,2316344,2275566,2242995,2231896,2215346,2223756,2223499,2204919,4001552,4001552,10
2025-10-02 14:44:22,30819,pairwise,VerletListsCells,1.000000,vlc_sliced_balanced,squared-particles-per-cell,SoA,disabled,102648031,8824472,8793458,8755430,8724661,8695651,8714026,8689750,8681264,8714969,18124171,18124171,10
2025-10-02 14:44:22,30829,pairwise,VerletListsCells,1.000000,vlc_sliced_balanced,squared-particles-per-cell,SoA,enabled,78440481,6038933,5261741,5152937,5089264,5117372,5087899,5061076,5072046,5071018,12539276,12539276,10
2025-10-02 14:44:23,30839,pairwise,VerletListsCells,1.000000,vlc_sliced_balanced,neighbor-list-length,AoS,disabled,24832858,4432915,4395962,4369818,4361027,4348969,4337343,4328152,4351109,4358244,6411639,6411639,10
2025-10-02 14:44:23,30849,pairwise,VerletListsCells,1.000000,vlc_sliced_balanced,neighbor-list-length,AoS,enabled,19608491,2248843,2149675,2122103,2109506,2117395,2128063,2111831,2115005,2100714,3881162,3881162,10
2025-10-02 14:44:23,30859,pairwise,VerletListsCells,1.000000,vlc_sliced_balanced,neighbor-list-length,SoA,disabled,104700602,9245574,9028291,8933583,8871478,8860098,8850857,8845324,8818736,8809892,18496442,18496442,10
2025-10-02 14:44:23,30869,pairwise,VerletListsCells,1.000000,vlc_sliced_balanced,neighbor-list-length,SoA,enabled,82193630,6333014,5397937,5221560,5086552,5090617,5044701,5040976,5064371,5039339,12951269,12951269,10
2025-10-02 14:44:23,30879,pairwise,VerletListsCells,1.000000,vlc_sliced_c02,none,AoS,disabled,25535086,5096935,5084531,5272830,5169187,5267642,5105660,5217999,5019380,5289173,7205841,7205841,10
2025-10-02 14:44:23,30889,pairwise,VerletListsCells,1.000000,vlc_sliced_c02,none,AoS,enabled,20154084,2673926,2683578,2534788,2503090,2666392,2565981,2526516,2671833,2557427,4353761,4353761,10
2025-10-02 14:44:23,30899,pairwise,VerletListsCells,1.000000,vlc_sliced_c02,none,SoA,disabled,107388361,10139238,9997390,9870516,9858315,9899067,9760590,9757382,9880904,9948401,19650016,19650016,10
2025-10-02 14:44:23,30909,pairwise,VerletListsCells,1.000000,vlc_sliced_c02,none,SoA,enabled,83228500,6815393,5653772,5468042,5407960,5589520,5495850,5593052,5396072,5483973,13413213,13413213,10
2025-10-02 14:44:24,30919,pairwise,PairwiseVerletLists,1.000000,vlp_c01,none,AoS,disabled,33648079,3634427,3595567,3586517,3581189,3580248,3575489,3571328,3605961,3571659,6595045,6595045,10
2025-10-02 14:44:24,30929,pairwise,PairwiseVerletLists,1.000000,vlp_c01,none,SoA,disabled,195805381,8323616,8321637,8275219,8322067,8269076,8316527,8295859,8267568,8315171,27051211,27051211,10
2025-10-02 14:44:24,30939,pairwise,PairwiseVerletLists,1.000000,vlp_c18,none,AoS,disabled,29023892,3782877,3746737,3698234,3766875,3689131,3708561,3690351,3701627,3709189,6251747,6251747,10
2025-10-02 14:44:24,30949,pairwise,PairwiseVerletLists,1.000000,vlp_c18,none,AoS,enabled,32400416,3012560,3008392,3053557,3006579,3001682,2997595,3002244,2987971,3001071,5947206,5947206,10
2025-10-02 14:44:24,30959,pairwise,PairwiseVerletLists,1.000000,vlp_c18,none,SoA,disabled,244885290,8448728,8368145,8300108,8328973,8322183,8346985,8316215,8300154,8337753,31995453,31995453,10
2025-10-02 14:44:25,30969,pairwise,PairwiseVerletLists,1.000000,vlp_c18,none,SoA,enabled,178608548,7379656,7366829,7351181,7326983,7342985,7341966,7346140,7317679,7324182,24470614,24470614,10
2025-10-02 14:44:25,30979,pairwise,PairwiseVerletLists,1.000000,vlp_sliced,none,AoS,disabled,32763783,6875459,6751663,6682781,6717408,6667095,6680283,6732996,6707883,6735033,9331437,9331437,10
2025-10-02 14:44:25,30989,pairwise,PairwiseVerletLists,1.000000,vlp_sliced,none,AoS,enabled,34454491,3825931,3727531,3712329,3749961,3734060,3683376,3688620,3667950,3657413,6790165,6790165,10
2025-10-02 14:44:25,30999,pairwise,PairwiseVerletLists,1.000000,vlp_sliced,none,SoA,disabled,236736617,11993248,11828853,11831612,11840191,11780540,11715126,11812905,11929073,11813229,34328138,34328138,10
2025-10-02 14:44:25,31009,pairwise,PairwiseVerletLists,1.000000,vlp_sliced,none,SoA,enabled,180678825,8819660,8991155,8896795,8836897,9102985,8849428,8869086,9033996,8916340,26099516,26099516,10
2025-10-02 14:44:25,31019,pairwise,PairwiseVerletLists,1.000000,vlp_sliced_balanced,none,AoS,disabled,32631655,6842354,6777321,6725413,6732708,6707607,6673789,6661232,6684098,6692589,9312876,9312876,10
2025-10-02 14:44:26,31029,pairwise,PairwiseVerletLists,1.000000,vlp_sliced_balanced,none,AoS,enabled,34619385,3869120,3784053,3752531,3741034,3719039,3723704,3698786,3715501,3699876,6832302,6832302,10
2025-10-02 14:44:26,31039,pairwise,PairwiseVerletLists,1.000000,vlp_sliced_balanced,none,SoA,disabled,237416938,11987659,11839560,11910226,11878501,11860533,11943396,11843491,11883143,11874094,34443754,34443754,10
2025-10-02 14:44:26,31049,pairwise,PairwiseVerletLists,1.000000,vlp_sliced_balanced,none,SoA,enabled,181421468,9161204,8984109,8990502,8946935,8920388,8932239,8948182,8949329,8942428,26219678,26219678,10
2025-10-02 14:44:26,31059,pairwise,PairwiseVerletLists,1.000000,vlp_sliced_c02,none,AoS,disabled,34301101,8401029,8544474,8279114,8405534,8228005,8440324,8402909,8268324,8446190,10971699,10971699,10
2025-10-02 14:44:26,31069,pairwise,PairwiseVerletLists,1.000000,vlp_sliced_c02,none,AoS,enabled,35309270,4679789,4632840,4566458,4454622,4478633,4440138,4567895,4456390,4434126,7602015,7602015,10
2025-10-02 14:44:27,31079,pairwise,PairwiseVerletLists,1.000000,vlp_sliced_c02,none,SoA,disabled,238711958,13580217,13620116,13582234,13477714,13803919,13374191,13901312,13762548,13924557,36173876,36173876,10
2025-10-02 14:44:27,31089,pairwise,PairwiseVerletLists,1.000000,vlp_sliced_c02,none,SoA,enabled,181841845,10199168,10074240,10096975,10105552,10228014,10081522,9939393,10093260,10061640,27272160,27272160,10
2025-10-02 14:44:27,31099,pairwise,PairwiseVerletLists,1.000000,vlp_c08,none,AoS,disabled,31591498,6036208,6026817,6020014,6022855,6024394,6018727,6044328,6040504,6023404,8584874,8584874,10
2025-10-02 14:44:27,31109,pairwise,PairwiseVerletLists,1.000000,vlp_c08,none,AoS,enabled,34450951,3694534,3675861,3680331,3681028,3680142,3673136,3683670,3681946,3698569,6760016,6760016,10
2025-10-02 14:44:28,31119,pairwise,PairwiseVerletLists,1.000000,vlp_c08,none,SoA,disabled,235616172,10910086,10892212,10879845,10894370,10883562,10900897,10874224,10893257,10876134,33362075,33362075,10
2025-10-02 14:44:28,31129,pairwise,PairwiseVerletLists,1.000000,vlp_c08,none,SoA,enabled,180171314,8462601,8364128,8391382,8354444,8395708,8381639,8398077,8367612,8471112,25575801,25575801,10
2025-10-02 14:46:07,35009,pairwise,LinkedCells,1.000000,lc_c01,none,AoS,disabled,5282697,5132523,5363551,5243238,5144352,5144137,5216919,5258393,5276918,5185124,5224784,5224784,10
2025-10-02 14:46:07,35019,pairwise,LinkedCells,1.000000,lc_c01,none,SoA,disabled,5852874,5013838,5113122,4992240,4990231,4963527,5096491,5028090,4989353,4986765,5102652,5102652,10
2025-10-02 14:46:08,35029,pairwise,LinkedCells,1.000000,lc_c01_combined_SoA,none,SoA,disabled,4705433,4892893,4702199,4758524,4826750,4853192,4780596,4760875,4831969,4910510,4802293,4802293,10
2025-10-02 14:46:08,35039,pairwise,LinkedCells,1.000000,lc_c04,none,AoS,disabled,4155435,4082819,4040651,4074877,4087381,4038063,4026683,4044485,4103173,4103505,4075706,4075706,10
2025-10-02 14:46:08,35049,pairwise,LinkedCells,1.000000,lc_c04,none,AoS,enabled,3032252,3036914,3046200,2995648,3017324,3071926,3011992,3072496,3002421,3042946,3033011,3033011,10
2025-10-02 14:46:08,35059,pairwise,LinkedCells,1.000000,lc_c04,none,SoA,disabled,4436105,4422447,4427768,4430114,4446683,4409377,4461641,4399635,4457166,4458233,4434916,4434916,10
2025-10-02 14:46:08,35069,pairwise,LinkedCells,1.000000,lc_c04,none,SoA,enabled,3320837,3513392,3521453,3467758,3519889,3630678,3480806,3482069,3471261,3525152,3493329,3493329,10
2025-10-02 14:46:08,35079,pairwise,LinkedCells,1.000000,lc_c04_HCP,none,AoS,disabled,3202670,3101378,3125354,3311828,3097402,3121183,3093534,3121227,3163483,3151627,3148967,3148967,10
2025-10-02 14:46:08,35089,pairwise,LinkedCells,1.000000,lc_c04_HCP,none,AoS,enabled,2439058,2356268,2352812,2351332,2356250,2382147,2386332,2383070,2385691,2352631,2374558,2374558,10
2025-10-02 14:46:08,35099,pairwise,LinkedCells,1.000000,lc_c04_HCP,none,SoA,disabled,4306749,4446399,4478874,4406660,4311968,4386553,4492415,4371241,4346687,4359089,4390663,4390663,10
2025-10-02 14:46:08,35109,pairwise,LinkedCells,1.000000,lc_c04_HCP,none,SoA,enabled,3608289,3750667,3744700,3691444,3742184,3718973,3724142,3752629,3703068,3763994,3720008,3720008,10
2025-10-02 14:46:08,35119,pairwise,LinkedCells,1.000000,lc_c04_combined_SoA,none,SoA,disabled,4998975,5000753,4973011,4978582,5064074,5017182,4990697,4976916,4965935,5014006,4998012,4998012,10
2025-10-02 14:46:08,35129,pairwise,LinkedCells,1.000000,lc_c04_combined_SoA,none,SoA,enabled,4371094,4373804,4424661,4392458,4376424,4274858,4458065,4406043,4400188,4358828,4383641,4383641,10
2025-10-02 14:46:08,35139,pairwise,LinkedCells,1.000000,lc_c08,none,AoS,disabled,3663157,3592924,3581056,3612454,3573671,3573829,3575987,3577572,3642180,3581844,3597466,3597466,10
2025-10-02 14:46:08,35149,pairwise,LinkedCells,1.000000,lc_c08,none,AoS,enabled,3028879,3015336,3021346,3009352,3015135,3017852,3010948,2977823,2957792,2964838,3001929,3001929,10
2025-10-02 14:46:08,35159,pairwise,LinkedCells,1.000000,lc_c08,none,SoA,disabled,5594478,5628585,5569177,5565927,5552766,5571387,5659116,5575136,5563884,5584642,5586509,5586509,10
2025-10-02 14:46:08,35169,pairwise,LinkedCells,1.000000,lc_c08,none,SoA,enabled,4989732,5040506,4946523,4919295,4935580,4996787,4972278,4973524,4976342,4991353,4974191,4974191,10
2025-10-02 14:46:08,35179,pairwise,LinkedCells,1.000000,lc_c18,none,AoS,disabled,3730540,3724205,3762540,3703366,3701567,3706293,3723748,3842312,3706414,3722806,3732378,3732378,10
2025-10-02 14:46:08,35189,pairwise,LinkedCells,1.000000,lc_c18,none,AoS,enabled,3159381,3147608,3105730,3083880,3122295,3120751,3132311,3144076,3088415,3133965,3123840,3123840,10
2025-10-02 14:46:08,35199,pairwise,LinkedCells,1.000000,lc_c18,none,SoA,disabled,4633714,4780196,4786891,4768887,4765877,4750772,4676532,4835473,4943332,4777162,4771882,4771882,10
2025-10-02 14:46:08,35209,pairwise,LinkedCells,1.000000,lc_c18,none,SoA,enabled,4265710,4143948,4162508,4085461,4162428,4062112,4145316,4148230,4148615,4150399,4147472,4147472,10
2025-10-02 14:46:08,35219,pairwise,LinkedCells,1.000000,lc_sliced,none,AoS,disabled,5441390,5389261,5382247,5369377,5362999,5361513,5402540,5459227,5431036,5461414,5406100,5406100,10
2025-10-02 14:46:08,35229,pairwise,LinkedCells,1.000000,lc_sliced,none,AoS,enabled,4086578,4061848,3860837,4069847,4066442,3974358,4044313,4002516,4071968,4092741,4033144,4033144,10
2025-10-02 14:46:09,35239,pairwise,LinkedCells,1.000000,lc_sliced,none,SoA,disabled,5433956,5651080,5597269,5633831,5598049,5575709,5592102,5614565,5365501,5579965,5564202,5564202,10
2025-10-02 14:46:09,35249,pairwise,LinkedCells,1.000000,lc_sliced,none,SoA,enabled,3917676,4076545,3997306,4121101,4079189,4098052,4060715,4116474,3962481,4055444,4048498,4048498,10
2025-10-02 14:46:09,35259,pairwise,LinkedCells,1.000000,lc_sliced_balanced,none,AoS,disabled,5611936,5446418,5496873,5411148,5531511,5385159,5555896,5404657,5539374,5393474,5477644,5477644,10
2025-10-02 14:46:09,35269,pairwise,LinkedCells,1.000000,lc_sliced_balanced,none,AoS,enabled,4108317,3983508,4013718,4092306,3972858,4125872,4010994,3997881,4105295,3982311,4039305,4039305,10
2025-10-02 14:46:09,35279,pairwise,LinkedCells,1.000000,lc_sliced_balanced,none,SoA,disabled,5426916,5580161,5654864,5530633,5543084,5540002,5548769,5636616,5566347,5560057,5558744,5558744,10
2025-10-02 14:46:09,35289,pairwise,LinkedCells,1.000000,lc_sliced_balanced,none,SoA,enabled,3846023,4067944,4123732,4179619,4048168,4059362,3912617,4036874,4065278,4130460,4047007,4047007,10
2025-10-02 14:46:09,35299,pairwise,LinkedCells,1.000000,lc_sliced_balanced,squared-particles-per-cell,AoS,disabled,5836584,5479879,5450729,5426802,5427246,5424017,5435839,5431284,5413967,5417980,5474432,5474432,10
2025-10-02 14:46:09,35309,pairwise,LinkedCells,1.000000,lc_sliced_balanced,squared-particles-per-cell,AoS,enabled,4192776,4100911,4120701,4130930,4109827,4155866,4110332,4114628,4140114,4113012,4128909,4128909,10
2025-10-02 14:46:09,35319,pairwise,LinkedCells,1.000000,lc_sliced_balanced,squared-particles-per-cell,SoA,disabled,8945481,7973202,7934073,7886757,7958831,7903273,7890162,8026493,7928934,7989073,8043627,8043627,10
2025-10-02 14:46:09,35329,pairwise,LinkedCells,1.000000,lc_sliced_balanced,squared-particles-per-cell,SoA,enabled,7282734,7120076,7141573,7209920,7269971,7137163,7141978,7214758,7176781,7173071,7186802,7186802,10
2025-10-02 14:46:09,35339,pairwise,LinkedCells,1.000000,lc_sliced_c02,none,AoS,disabled,5688763,5410707,5366980,5310804,5361241,5221616,5103155,5387053,5357841,5232465,5344062,5344062,10
2025-10-02 14:46:09,35349,pairwise,LinkedCells,1.000000,lc_sliced_c02,none,AoS,enabled,4039689,4044586,4002333,4163500,4048892,3941901,4068118,4040675,4019517,4101077,4047028,4047028,10
2025-10-02 14:46:09,35359,pairwise,LinkedCells,1.000000,lc_sliced_c02,none,SoA,disabled,6698556,5658406,5702891,5510313,5596855,5683013,5530071,5837607,5490919,5848528,5755715,5755715,10
2025-10-02 14:46:09,35369,pairwise,LinkedCells,1.000000,lc_sliced_c02,none,SoA,enabled,4241592,4051872,4112214,4260568,4115544,4207927,4156961,4089354,4135263,3918053,4128934,4128934,10
2025-10-02 14:46:09,35379,pairwise,VerletClusterLists,1.000000,vcl_c01_balanced,none,AoS,disabled,30481753,5730959,5890224,6004424,5888045,5837883,5946265,5838056,5983565,5863941,8346511,8346511,10
2025-10-02 14:46:10,35389,pairwise,VerletClusterLists,1.000000,vcl_c01_balanced,none,SoA,disabled,21937429,2137733,2145949,2131544,2131759,2191914,2207049,2151928,2153210,2221532,4141004,4141004,10
2025-10-02 14:46:10,35399,pairwise,VerletClusterLists,1.000000,vcl_c06,none,AoS,disabled,39990176,23007383,22170424,22628237,22867267,21732329,23239275,21835981,22921651,22392540,24278525,24278525,10
2025-10-02 14:46:10,35409,pairwise,VerletClusterLists,1.000000,vcl_c06,none,AoS,enabled,23774842,11728126,11309652,11455841,11799532,11400931,11320453,11732909,11613007,11710509,12784580,12784580,10
2025-10-02 14:46:10,35419,pairwise,VerletClusterLists,1.000000,vcl_c06,none,SoA,disabled,28601360,8512264,8369602,8641880,8314300,8339576,8307377,8381917,8485526,8479253,10443304,10443304,10
2025-10-02 14:46:10,35429,pairwise,VerletClusterLists,1.000000,vcl_c06,none,SoA,enabled,17630548,5069037,5029181,4850045,5011434,4795991,5387494,5127761,4881941,4850204,6263363,6263363,10
2025-10-02 14:46:10,35439,pairwise,VerletClusterLists,1.000000,vcl_sliced,none,AoS,disabled,43388791,26557224,23516803,26403417,23498537,26711549,26557129,26654997,26652788,26524323,27646555,27646555,10
2025-10-02 14:46:11,35449,pairwise,VerletClusterLists,1.000000,vcl_sliced,none,AoS,enabled,27140451,14548783,14508109,16230381,14359549,14307203,14510670,12676325,13346382,14491638,15611948,15611948,10
2025-10-02 14:46:11,35459,pairwise,VerletClusterLists,1.000000,vcl_sliced,none,SoA,disabled,27198077,9034106,9030864,9023018,9019004,9019857,9028741,9022417,9023976,9038863,10843891,10843891,10
2025-10-02 14:46:11,35469,pairwise,VerletClusterLists,1.000000,vcl_sliced,none,SoA,enabled,16982149,4999826,5011355,4981310,5007681,4924055,4993977,4987918,4993736,5002361,6188436,6188436,10
2025-10-02 14:46:11,35479,pairwise,VerletClusterLists,1.000000,vcl_sliced_balanced,none,AoS,disabled,44825076,26323944,26308888,26317092,26531083,26331034,26332688,26434723,26317738,26501569,28222382,28222382,10
2025-10-02 14:46:11,35489,pairwise,VerletClusterLists,1.000000,vcl_sliced_balanced,none,AoS,enabled,26668781,14479718,13457747,14398021,14470802,14437999,13439380,13459270,13452690,14477122,15274152,15274152,10
2025-10-02 14:46:11,35499,pairwise,VerletClusterLists,1.000000,vcl_sliced_balanced,none,SoA,disabled,30130836,9025492,9036680,9017768,9022967,9015392,9029962,9048667,9020087,9029444,11137729,11137729,10
2025-10-02 14:46:11,35509,pairwise,VerletClusterLists,1.000000,vcl_sliced_balanced,none,SoA,enabled,17373565,4961213,4980917,4989994,4974993,4975815,4974140,4968329,4974817,4982230,6215600,6215600,10
2025-10-02 14:46:12,35519,pairwise,VerletClusterLists,1.000000,vcl_sliced_balanced,neighbor-list-length,AoS,disabled,47727790,26471181,26414301,24672436,26372119,26416331,26507331,24552948,26434843,26399706,28196898,28196898,10
2025-10-02 14:46:12,35529,pairwise,VerletClusterLists,1.000000,vcl_sliced_balanced,neighbor-list-length,AoS,enabled,26599084,14472710,14478682,14487171,14477491,14507956,14492872,14471349,14508137,14480022,15697546,15697546,10
2025-10-02 14:46:12,35539,pairwise,VerletClusterLists,1.000000,vcl_sliced_balanced,neighbor-list-length,SoA,disabled,27368937,9061827,9062715,8582320,9052317,9056495,9047168,9072967,9041533,9057233,10840350,10840350,10
2025-10-02 14:46:12,35549,pairwise,VerletClusterLists,1.000000,vcl_sliced_balanced,neighbor-list-length,SoA,enabled,16967859,5004141,4992187,4986775,5003395,4977311,4985401,4982220,4999628,5037555,6193646,6193646,10
2025-10-02 14:46:12,35559,pairwise,VerletClusterLists,1.000000,vcl_sliced_c02,none,AoS,disabled,57039743,41176299,38706273,36872601,34410050,34357633,41274457,34408159,41034892,38707608,39798771,39798771,10
2025-10-02 14:46:13,35569,pairwise,VerletClusterLists,1.000000,vcl_sliced_c02,none,AoS,enabled,33671096,18102045,18184146,18094774,20016439,21472266,21536195,20396154,18090062,20436775,20999995,20999995,10
2025-10-02 14:46:13,35579,pairwise,VerletClusterLists,1.000000,vcl_sliced_c02,none,SoA,disabled,30750435,13277363,11915157,12739139,12745291,13252150,13254111,13294715,12742039,12749218,14671961,14671961,10
2025-10-02 14:46:13,35589,pairwise,VerletClusterLists,1.000000,vcl_sliced_c02,none,SoA,enabled,18885285,7058719,7012674,7297604,7032964,7043172,7297419,7037986,7297441,7190892,8315415,8315415,10
2025-10-02 14:46:13,35599,pairwise,VerletLists,1.000000,vl_list_iteration,none,AoS,disabled,17049492,2245421,2230063,2257895,2233148,2204389,2243687,2259741,2207177,2251689,3718269,3718269,10
2025-10-02 14:46:13,35609,pairwise,VerletLists,1.000000,vl_list_iteration,none,SoA,disabled,52188788,4136904,3837456,3761664,3745610,3719227,3695316,3657669,3648033,3629628,8602029,8602029,10
2025-10-02 14:46:13,35619,pairwise,VerletListsCells,1.000000,vlc_c01,none,AoS,disabled,31913583,2773121,2701753,2704561,2708263,2763991,2722825,2688203,2690145,2690359,5635680,5635680,10
2025-10-02 14:46:13,35629,pairwise,VerletListsCells,1.000000,vlc_c01,none,SoA,disabled,68664021,5430690,5239394,5111322,5150460,5091959,5057172,5010427,4991185,4996554,11474318,11474318,10
2025-10-02 14:46:13,35639,pairwise,VerletListsCells,1.000000,vlc_c18,none,AoS,disabled,21990896,2853932,2781047,2815678,2832183,2832346,2799414,2825741,2765579,2777815,4727462,4727462,10
2025-10-02 14:46:13,35649,pairwise,VerletListsCells,1.000000,vlc_c18,none,AoS,enabled,19522542,2384732,2358704,2356472,2398681,2366221,2380152,2344499,2353423,2343798,4080921,4080921,10
2025-10-02 14:46:14,35659,pairwise,VerletListsCells,1.000000,vlc_c18,none,SoA,disabled,87846583,6181255,6013822,5949563,5894092,5896158,5878364,5881122,5866375,5901653,14130898,14130898,10
2025-10-02 14:46:14,35669,pairwise,VerletListsCells,1.000000,vlc_c18,none,SoA,enabled,62065514,6202540,5419826,5253036,5180859,5154972,5203611,5121112,5130757,5129863,10986208,10986208,10
2025-10-02 14:46:14,35679,pairwise,VerletListsCells,1.000000,vlc_c08,none,AoS,disabled,17296009,2590660,2568275,2584005,2615799,2563045,2616984,2585720,2614677,2561122,4059628,4059628,10
2025-10-02 14:46:14,35689,pairwise,VerletListsCells,1.000000,vlc_c08,none,AoS,enabled,16900364,2214347,2190556,2183845,2179030,2172246,2175155,2194346,2181069,2184948,3657590,3657590,10
2025-10-02 14:46:14,35699,pairwise,VerletListsCells,1.000000,vlc_c08,none,SoA,disabled,78942346,5919534,5823846,5699311,5723274,5662237,5689939,5673802,5641690,5678470,13045444,13045444,10
2025-10-02 14:46:14,35709,pairwise,VerletListsCells,1.000000,vlc_c08,none,SoA,enabled,63061505,5562516,5324709,5219710,5242017,5179883,5165970,5195280,5176653,5161234,11028947,11028947,10
2025-10-02 14:46:14,35719,pairwise,VerletListsCells,1.000000,vlc_sliced,none,AoS,disabled,24121165,4272758,4292229,4251935,4052294,3945961,3960628,4214792,4191807,4055139,6135870,6135870,10
2025-10-02 14:46:14,35729,pairwise,VerletListsCells,1.000000,vlc_sliced,none,AoS,enabled,19510893,2003135,2000429,1980306,1972790,1959638,1875464,1841555,1962578,1945003,3705178,3705178,10
2025-10-02 14:46:14,35739,pairwise,VerletListsCells,1.000000,vlc_sliced,none,SoA,disabled,92159578,7595469,7423659,7495396,7369746,7378886,7424961,7477253,7318193,7373856,15901699,15901699,10
2025-10-02 14:46:14,35749,pairwise,VerletListsCells,1.000000,vlc_sliced,none,SoA,enabled,61313927,5485156,4731907,4609306,4581356,4526846,4630543,4598060,4524879,4604660,10360663,10360663,10
2025-10-02 14:46:14,35759,pairwise,VerletListsCells,1.000000,vlc_sliced_balanced,none,AoS,disabled,23300679,3916488,3850970,3827808,3843872,3822009,3832423,3811951,3819212,3807115,5783252,5783252,10
2025-10-02 14:46:14,35769,pairwise,VerletListsCells,1.000000,vlc_sliced_balanced,none,AoS,enabled,19148717,1975452,1875094,1857555,1849762,1848494,1858826,1850191,1849530,1849670,3596329,3596329,10
2025-10-02 14:46:15,35779,pairwise,VerletListsCells,1.000000,vlc_sliced_balanced,none,SoA,disabled,88975567,7412527,7250639,7251829,7198948,7195028,7140618,7183600,7153090,7142846,15390469,15390469,10
2025-10-02 14:46:15,35789,pairwise,VerletListsCells,1.000000,vlc_sliced_balanced,none,SoA,enabled,61438865,5093257,4695717,4581906,4564059,4479960,4462178,4505689,4464759,4502888,10278927,10278927,10
2025-10-02 14:46:15,35799,pairwise,VerletListsCells,1.000000,vlc_sliced_balanced,squared-particles-per-cell,AoS,disabled,23489171,3902991,3857409,3827469,3842535,3824338,3815850,3806436,3805428,3793183,5796480,5796480,10
2025-10-02 14:46:15,35809,pairwise,VerletListsCells,1.000000,vlc_sliced_balanced,squared-particles-per-cell,AoS,enabled,19252749,2105326,2050966,1995015,1973929,1971450,1962670,1964440,1952978,1951884,3718140,3718140,10
2025-10-02 14:46:15,35819,pairwise,VerletListsCells,1.000000,vlc_sliced_balanced,squared-particles-per-cell,SoA,disabled,92808360,8113853,8028880,7992345,8017206,7999461,7963827,7967975,7963581,7968431,16482391,16482391,10
2025-10-02 14:46:15,35829,pairwise,VerletListsCells,1.000000,vlc_sliced_balanced,squared-particles-per-cell,SoA,enabled,71016518,5647052,4953743,4833121,4764435,4736637,4734435,4746669,4744829,4713734,11489116,11489116,10
2025-10-02 14:46:15,35839,pairwise,VerletListsCells,1.000000,vlc_sliced_balanced,neighbor-list-length,AoS,disabled,23741618,3870854,3813068,3781452,3792522,3771377,3791629,3771884,3765010,3781693,5788110,5788110,10
2025-10-02 14:46:15,35849,pairwise,VerletListsCells,1.000000,vlc_sliced_balanced,neighbor-list-length,AoS,enabled,19315067,1995626,1911280,1888480,1874257,1885816,1890725,1888431,1877281,1876370,3640333,3640333,10
2025-10-02 14:46:16,35859,pairwise,VerletListsCells,1.000000,vlc_sliced_balanced,neighbor-list-length,SoA,disabled,96760459,8451536,8270017,8167916,8119540,8111035,8048371,8085659,8058583,8038469,17011158,17011158,10
2025-10-02 14:46:16,35869,pairwise,VerletListsCells,1.000000,vlc_sliced_balanced,neighbor-list-length,SoA,enabled,75291996,5958010,4964207,4804189,4753690,4703218,4711915,4683292,4666664,4773058,11931023,11931023,10
2025-10-02 14:46:16,35879,pairwise,VerletListsCells,1.000000,vlc_sliced_c02,none,AoS,disabled,24719396,4887435,5056047,5031965,4627718,4845741,4849891,5032148,4645101,4814690,6851012,6851012,10
2025-10-02 14:46:16,35889,pairwise,VerletListsCells,1.000000,vlc_sliced_c02,none,AoS,enabled,19697171,2458220,2414542,2379651,2355186,2550319,2438463,2486520,2440120,2549486,4176967,4176967,10
2025-10-02 14:46:16,35899,pairwise,VerletListsCells,1.000000,vlc_sliced_c02,none,SoA,disabled,97439484,9127447,8940845,8866053,8919502,8788661,8963146,8925968,8892987,8998150,17786224,17786224,10
2025-10-02 14:46:16,35909,pairwise,VerletListsCells,1.000000,vlc_sliced_c02,none,SoA,enabled,75064326,6324995,5383087,5359496,5143481,5177188,5192165,5116075,4949927,5072168,12278290,12278290,10
2025-10-02 14:46:16,35919,pairwise,PairwiseVerletLists,1.000000,vlp_c01,none,AoS,disabled,32025495,3384480,3389900,3360763,3399391,3350317,3351837,3345908,3343483,3351278,6230284,6230284,10
2025-10-02 14:46:16,35929,pairwise,PairwiseVerletLists,1.000000,vlp_c01,none,SoA,disabled,174295038,7829321,7833708,7784913,7808581,7791023,7790564,7819350,7799871,7804958,24455732,24455732,10
2025-10-02 14:46:17,35939,pairwise,PairwiseVerletLists,1.000000,vlp_c18,none,AoS,disabled,27584036,3473436,3461664,3487880,3455778,3483429,3481729,3457252,3456244,3451429,5879287,5879287,10
2025-10-02 14:46:17,35949,pairwise,PairwiseVerletLists,1.000000,vlp_c18,none,AoS,enabled,29135007,2906106,2889621,2889232,2934087,2879727,2882909,2876100,2873705,2928187,5519467,5519467,10
2025-10-02 14:46:17,35959,pairwise,PairwiseVerletLists,1.000000,vlp_c18,none,SoA,disabled,220679057,7857635,7825409,7866194,7822566,7839813,7844832,7839922,7817001,7831491,29122391,29122391,10
2025-10-02 14:46:17,35969,pairwise,PairwiseVerletLists,1.000000,vlp_c18,none,SoA,enabled,160238744,7053082,7015369,7097094,6996736,7041379,7003467,6987844,7012848,7051974,22349852,22349852,10
2025-10-02 14:46:17,35979,pairwise,PairwiseVerletLists,1.000000,vlp_sliced,none,AoS,disabled,30580207,6003581,5832080,5939562,5791907,5608150,5877729,5746224,5925189,5724056,8302867,8302867,10
2025-10-02 14:46:17,35989,pairwise,PairwiseVerletLists,1.000000,vlp_sliced,none,AoS,enabled,31785155,3369070,3397134,3297620,3351083,3309642,3309860,3215784,3256810,3254262,6154641,6154641,10
2025-10-02 14:46:18,35999,pairwise,PairwiseVerletLists,1.000000,vlp_sliced,none,SoA,disabled,214505588,11322771,11220002,11228641,11119346,11227885,11003873,11219266,11008714,11019409,31487548,31487548,10
2025-10-02 14:46:18,36009,pairwise,PairwiseVerletLists,1.000000,vlp_sliced,none,SoA,enabled,163866519,8251608,8341548,8079301,8079159,8246755,8166835,8078956,8024774,8029716,23716516,23716516,10
2025-10-02 14:46:18,36019,pairwise,PairwiseVerletLists,1.000000,vlp_sliced_balanced,none,AoS,disabled,30679331,5979348,5907224,5837972,5841143,5810610,5796036,5810581,5801009,5791296,8325455,8325455,10
2025-10-02 14:46:18,36029,pairwise,PairwiseVerletLists,1.000000,vlp_sliced_balanced,none,AoS,enabled,31783094,3398485,3324930,3292398,3278732,3281354,3262722,3259263,3262011,3266433,6140942,6140942,10
2025-10-02 14:46:18,36039,pairwise,PairwiseVerletLists,1.000000,vlp_sliced_balanced,none,SoA,disabled,214467029,11194291,11079087,11067699,11090735,11056832,11088438,11092279,11052203,11095185,31428377,31428377,10
2025-10-02 14:46:19,36049,pairwise,PairwiseVerletLists,1.000000,vlp_sliced_balanced,none,SoA,enabled,162819485,8277984,8158117,8162827,8117962,8132973,8146734,8143637,8108061,8112370,23618015,23618015,10
2025-10-02 14:46:19,36059,pairwise,PairwiseVerletLists,1.000000,vlp_sliced_c02,none,AoS,disabled,32007122,7593638,7466328,7271707,7257400,7231566,7280181,7112929,7454609,7381459,9805693,9805693,10
2025-10-02 14:46:19,36069,pairwise,PairwiseVerletLists,1.000000,vlp_sliced_c02,none,AoS,enabled,32380041,4150156,4055024,4038161,4039543,3997688,4062179,4087571,4018588,3988351,6881729,6881729,10
2025-10-02 14:46:19,36079,pairwise,PairwiseVerletLists,1.000000,vlp_sliced_c02,none,SoA,disabled,216502083,13000647,13125972,12782484,12990462,12806056,13302683,12900521,12983015,12937119,33333103,33333103,10
2025-10-02 14:46:19,36089,pairwise,PairwiseVerletLists,1.000000,vlp_sliced_c02,none,SoA,enabled,164445509,9421205,9465038,9663787,9490895,9573040,9333261,9520871,9475505,9768867,25015797,25015797,10
2025-10-02 14:46:19,36099,pairwise,PairwiseVerletLists,1.000000,vlp_c08,none,AoS,disabled,30185465,5693178,5664176,5671138,5663920,5655787,5690922,5651208,5664081,5662907,8120277,8120277,10
2025-10-02 14:46:20,36109,pairwise,PairwiseVerletLists,1.000000,vlp_c08,none,AoS,enabled,31926695,3537470,3496713,3487499,3484233,3515335,3492261,3485432,3491401,3484942,6340198,6340198,10
2025-10-02 14:46:20,36119,pairwise,PairwiseVerletLists,1.000000,vlp_c08,none,SoA,disabled,214111751,10431388,10434874,10379310,10350975,10385711,10413412,10368177,10389156,10416250,30768099,30768099,10
2025-10-02 14:46:20,36129,pairwise,PairwiseVerletLists,1.000000,vlp_c08,none,SoA,enabled,163931695,8027082,8005135,8009762,8023447,8001665,8009412,8032826,7984501,8004877,23603039,23603039,10
2025-10-02 14:48:03,40009,pairwise,LinkedCells,1.000000,lc_c01,none,AoS,disabled,5125743,5000622,4968450,4996657,4992472,5065683,5295995,5003230,4988199,5148114,5058515,5058515,10
2025-10-02 14:48:03,40019,pairwise,LinkedCells,1.000000,lc_c01,none,SoA,disabled,5725515,4962086,4892430,4755778,4953542,4809476,5042351,4989143,4925261,4904570,4996014,4996014,10
2025-10-02 14:48:03,40029,pairwise,LinkedCells,1.000000,lc_c01_combined_SoA,none,SoA,disabled,4594995,4770481,4640149,4647802,4704064,4649885,4543858,4574533,4795649,4700068,4662147,4662147,10
2025-10-02 14:48:03,40039,pairwise,LinkedCells,1.000000,lc_c04,none,AoS,disabled,3848513,3806585,3815161,3763762,3785035,3752104,3826545,3752132,3805948,3846484,3800226,3800226,10
2025-10-02 14:48:03,40049,pairwise,LinkedCells,1.000000,lc_c04,none,AoS,enabled,2847143,2822983,2806049,2819905,2872850,2824702,2812988,2813422,2871092,2826717,2831784,2831784,10
2025-10-02 14:48:03,40059,pairwise,LinkedCells,1.000000,lc_c04,none,SoA,disabled,4178522,4245012,4266240,4068589,4296748,4248370,4136688,4119339,4190393,4228392,4197828,4197828,10
2025-10-02 14:48:04,40069,pairwise,LinkedCells,1.000000,lc_c04,none,SoA,enabled,3156561,3198148,3402869,3372729,3293093,3330442,3366915,3351648,3354149,3402708,3322926,3322926,10
2025-10-02 14:48:04,40079,pairwise,LinkedCells,1.000000,lc_c04_HCP,none,AoS,disabled,3115280,3083454,3163415,3057938,3082106,3216081,3087422,3086282,3053427,3061019,3100642,3100642,10
2025-10-02 14:48:04,40089,pairwise,LinkedCells,1.000000,lc_c04_HCP,none,AoS,enabled,2347732,2389609,2400973,2329215,2330942,2355150,2359082,2367994,2369601,2351912,2360220,2360220,10
2025-10-02 14:48:04,40099,pairwise,LinkedCells,1.000000,lc_c04_HCP,none,SoA,disabled,4280259,4448844,4131380,4064956,4136210,4221000,4627059,4054848,4293894,4257765,4251621,4251621,10
2025-10-02 14:48:04,40109,pairwise,LinkedCells,1.000000,lc_c04_HCP,none,SoA,enabled,3538323,3846083,3638349,3622838,3626307,3719781,3642082,3698239,3665272,3682900,3668016,3668016,10
2025-10-02 14:48:04,40119,pairwise,LinkedCells,1.000000,lc_c04_combined_SoA,none,SoA,disabled,4750863,4918254,4977034,4856014,4847710,4906257,4905024,4863687,4884407,4890649,4879989,4879989,10
2025-10-02 14:48:04,40129,pairwise,LinkedCells,1.000000,lc_c04_combined_SoA,none,SoA,enabled,4359261,4227753,4243807,4243430,4356545,4273388,4283470,4322111,4292751,4288970,4289148,4289148,10
2025-10-02 14:48:04,40139,pairwise,LinkedCells,1.000000,lc_c08,none,AoS,disabled,3729916,3527508,3520741,3521469,3495262,3509561,3520679,3538528,3517503,3539618,3542077,3542077,10
2025-10-02 14:48:04,40149,pairwise,LinkedCells,1.000000,lc_c08,none,AoS,enabled,2989569,2967984,2967217,2967475,2975619,2969913,2972883,2972334,2969790,2944864,2969764,2969764,10
2025-10-02 14:48:04,40159,pairwise,LinkedCells,1.000000,lc_c08,none,SoA,disabled,5355406,5570528,5542595,5434996,5462115,5451147,5448635,5404152,5494895,5499948,5466441,5466441,10
2025-10-02 14:48:04,40169,pairwise,LinkedCells,1.000000,lc_c08,none,SoA,enabled,4764078,4820740,5087182,4804188,4772437,4815958,4784399,4878034,4862577,4814574,4840416,4840416,10
2025-10-02 14:48:04,40179,pairwise,LinkedCells,1.000000,lc_c18,none,AoS,disabled,3777899,3812270,3629669,3623400,3629237,3610012,3609854,3746716,3739635,3623377,3680206,3680206,10
2025-10-02 14:48:04,40189,pairwise,LinkedCells,1.000000,lc_c18,none,AoS,enabled,3088474,3095185,3099141,3082848,3148532,3090572,3117704,3228265,3085057,3083612,3111938,3111938,10
2025-10-02 14:48:04,40199,pairwise,LinkedCells,1.000000,lc_c18,none,SoA,disabled,4574005,4503020,4609262,4740680,4792380,4649048,4708511,4624906,4543115,4712163,4645708,4645708,10
2025-10-02 14:48:04,40209,pairwise,LinkedCells,1.000000,lc_c18,none,SoA,enabled,3945869,3922871,3939405,3881885,4016004,3865204,3994487,3922128,4096528,3961507,3954588,3954588,10
2025-10-02 14:48:04,40219,pairwise,LinkedCells,1.000000,lc_sliced,none,AoS,disabled,5778421,5739047,5511319,5583428,5619522,5573518,5581080,5609678,5414878,5473136,5588402,5588402,10
2025-10-02 14:48:04,40229,pairwise,LinkedCells,1.000000,lc_sliced,none,AoS,enabled,4166850,4035651,4073038,4217659,4281883,4141439,4220274,4152713,4202997,4264565,4175706,4175706,10
2025-10-02 14:48:04,40239,pairwise,LinkedCells,1.000000,lc_sliced,none,SoA,disabled,5541889,5685804,5388425,5609918,5408749,5327744,5297882,5653638,5391158,5458267,5476347,5476347,10
2025-10-02 14:48:04,40249,pairwise,LinkedCells,1.000000,lc_sliced,none,SoA,enabled,3850881,3767178,3817778,3830173,3748110,3841828,3733784,3786436,3807855,3668938,3785295,3785295,10
2025-10-02 14:48:04,40259,pairwise,LinkedCells,1.000000,lc_sliced_balanced,none,AoS,disabled,5786846,5627278,5703252,5622698,5725214,5581953,5739587,5607041,5676473,5614815,5668514,5668514,10
2025-10-02 14:48:05,40269,pairwise,LinkedCells,1.000000,lc_sliced_balanced,none,AoS,enabled,4283206,4164548,4202867,4227601,4130763,4225201,4161973,4149338,4254545,4127219,4192725,4192725,10
2025-10-02 14:48:05,40279,pairwise,LinkedCells,1.000000,lc_sliced_balanced,none,SoA,disabled,5482915,5492609,5361439,5635592,5349787,5553357,5373270,5513246,5254063,5223604,5423987,5423987,10
2025-10-02 14:48:05,40289,pairwise,LinkedCells,1.000000,lc_sliced_balanced,none,SoA,enabled,3849826,3739686,4074958,3758336,3734409,3750792,4033610,3723312,3724972,3759408,3814930,3814930,10
2025-10-02 14:48:05,40299,pairwise,LinkedCells,1.000000,lc_sliced_balanced,squared-particles-per-cell,AoS,disabled,6200567,5879894,5844730,5825000,5807501,5822927,5819306,5812100,5807540,5808509,5862806,5862806,10
2025-10-02 14:48:05,40309,pairwise,LinkedCells,1.000000,lc_sliced_balanced,squared-particles-per-cell,AoS,enabled,4419685,4379461,4370270,4446443,4373382,4388089,4421468,4382478,4394656,4373343,4394926,4394926,10
2025-10-02 14:48:05,40319,pairwise,LinkedCells,1.000000,lc_sliced_balanced,squared-particles-per-cell,SoA,disabled,9752535,8612996,8474223,8591646,8670511,8671884,8647938,8640843,8530202,8635830,8722860,8722860,10
2025-10-02 14:48:05,40329,pairwise,LinkedCells,1.000000,lc_sliced_balanced,squared-particles-per-cell,SoA,enabled,7628364,7554550,7610849,7557182,7539121,7486605,7429949,7636058,7532815,7497446,7547293,7547293,10
2025-10-02 14:48:05,40339,pairwise,LinkedCells,1.000000,lc_sliced_c02,none,AoS,disabled,6010424,5730569,5741263,5719106,5740699,5712447,5709230,5678933,5666383,5774844,5748389,5748389,10
2025-10-02 14:48:05,40349,pairwise,LinkedCells,1.000000,lc_sliced_c02,none,AoS,enabled,4104347,4303790,4298313,4309888,4243818,4333505,4224120,4180856,4333551,4030440,4236262,4236262,10
2025-10-02 14:48:05,40359,pairwise,LinkedCells,1.000000,lc_sliced_c02,none,SoA,disabled,6390711,5709802,5424168,5336926,5426040,5266514,5485552,5319661,5433290,5352030,5514469,5514469,10
2025-10-02 14:48:05,40369,pairwise,LinkedCells,1.000000,lc_sliced_c02,none,SoA,enabled,4179033,3890028,3752948,3797389,4042520,3975176,3825686,3750432,3725622,4003359,3894219,3894219,10
2025-10-02 14:48:05,40379,pairwise,VerletClusterLists,1.000000,vcl_c01_balanced,none,AoS,disabled,28685343,5616676,5919368,5766290,5934170,5823053,5909310,5901106,5758874,5974195,8128838,8128838,10
2025-10-02 14:48:05,40389,pairwise,VerletClusterLists,1.000000,vcl_c01_balanced,none,SoA,disabled,19445328,2106236,2111509,2121358,2110995,2149124,2186574,2146783,2120007,2184503,3868241,3868241,10
2025-10-02 14:48:06,40399,pairwise,VerletClusterLists,1.000000,vcl_c06,none,AoS,disabled,39430653,20919967,21121678,21192790,21212535,21011428,21039884,20707647,22243767,21934770,23081511,23081511,10
2025-10-02 14:48:06,40409,pairwise,VerletClusterLists,1.000000,vcl_c06,none,AoS,enabled,23196598,12020835,11335663,11831266,11734820,12545337,11555051,11743651,11509222,12127299,12959973,12959973,10
2025-10-02 14:48:06,40419,pairwise,VerletClusterLists,1.000000,vcl_c06,none,SoA,disabled,27566395,8386255,8568918,8507255,8276827,8682993,8454048,8765775,8385145,8740300,10433391,10433391,10
2025-10-02 14:48:06,40429,pairwise,VerletClusterLists,1.000000,vcl_c06,none,SoA,enabled,15827235,5123568,5056735,5256521,5373728,5214177,5272964,5335538,4934076,5068249,6246278,6246278,10
2025-10-02 14:48:06,40439,pairwise,VerletClusterLists,1.000000,vcl_sliced,none,AoS,disabled,39269898,28712909,28683785,21686369,21652912,28686507,28727264,28670869,28684106,28694501,28346911,28346911,10
2025-10-02 14:48:06,40449,pairwise,VerletClusterLists,1.000000,vcl_sliced,none,AoS,enabled,26324177,15300447,15307599,15280670,15323138,11736017,13963127,15226904,15296757,15288972,15904780,15904780,10
2025-10-02 14:48:06,40459,pairwise,VerletClusterLists,1.000000,vcl_sliced,none,SoA,disabled,25331124,9131738,9149848,9135041,7603067,9151415,9149614,7602491,9134719,9123439,10451249,10451249,10
2025-10-02 14:48:07,40469,pairwise,VerletClusterLists,1.000000,vcl_sliced,none,SoA,enabled,15605609,5015368,5003692,5017613,5026600,5001249,5289095,5006423,4516103,4517767,5999951,5999951,10
2025-10-02 14:48:07,40479,pairwise,VerletClusterLists,1.000000,vcl_sliced_balanced,none,AoS,disabled,44103021,26147142,26088350,26194082,26092040,26152490,26159652,26260603,26143754,26175956,27951708,27951708,10
2025-10-02 14:48:07,40489,pairwise,VerletClusterLists,1.000000,vcl_sliced_balanced,none,AoS,enabled,25823419,14314670,14347170,14328216,14366068,14380710,14349449,14335294,14309963,14323135,15487809,15487809,10
2025-10-02 14:48:07,40499,pairwise,VerletClusterLists,1.000000,vcl_sliced_balanced,none,SoA,disabled,26274692,8651250,8670161,8653432,8674774,8655093,9097559,8662303,8661940,8653725,10465492,10465492,10
2025-10-02 14:48:07,40509,pairwise,VerletClusterLists,1.000000,vcl_sliced_balanced,none,SoA,enabled,15668171,4817192,4810382,4797535,4813602,4789485,4841632,4795225,4795418,4797235,5892587,5892587,10
2025-10-02 14:48:07,40519,pairwise,VerletClusterLists,1.000000,vcl_sliced_balanced,neighbor-list-length,AoS,disabled,47459789,26194908,26180800,26129013,26160235,26216255,26177183,26377421,26172418,26214904,28328291,28328291,10
2025-10-02 14:48:08,40529,pairwise,VerletClusterLists,1.000000,vcl_sliced_balanced,neighbor-list-length,AoS,enabled,25361775,14378040,14582868,14359504,14353320,14348458,14339805,14390968,14404335,14331182,15485024,15485024,10
2025-10-02 14:48:08,40539,pairwise,VerletClusterLists,1.000000,vcl_sliced_balanced,neighbor-list-length,SoA,disabled,26319371,8658218,8667840,8692487,9102547,8684956,8657159,8666945,8674271,8678372,10480216,10480216,10
2025-10-02 14:48:08,40549,pairwise,VerletClusterLists,1.000000,vcl_sliced_balanced,neighbor-list-length,SoA,enabled,15774199,4807480,4800351,4805624,4799408,4790344,4822873,4789480,4815467,4794456,5899967,5899967,10
2025-10-02 14:48:08,40559,pairwise,VerletClusterLists,1.000000,vcl_sliced_c02,none,AoS,disabled,53029513,28513816,33444891,31048375,34759327,30912992,30901221,31163132,33589046,33445236,34080754,34080754,10
2025-10-02 14:48:08,40569,pairwise,VerletClusterLists,1.000000,vcl_sliced_c02,none,AoS,enabled,29409914,17020972,15965260,18587925,18617698,15868818,18605895,17421466,17002042,18491656,18699164,18699164,10
2025-10-02 14:48:08,40579,pairwise,VerletClusterLists,1.000000,vcl_sliced_c02,none,SoA,disabled,27614526,10952879,10768218,10292781,10093654,10699813,10028066,10300694,10284460,10759046,12179413,12179413,10
2025-10-02 14:48:09,40589,pairwise,VerletClusterLists,1.000000,vcl_sliced_c02,none,SoA,enabled,17967167,5930114,6192586,6185752,5923632,6185232,6168269,5656237,5650856,5913886,7177373,7177373,10
2025-10-02 14:48:09,40599,pairwise,VerletLists,1.000000,vl_list_iteration,none,AoS,disabled,15567569,2194622,2194904,2191938,2166861,2146841,2144440,2170524,2156242,2181063,3511500,3511500,10
2025-10-02 14:48:09,40609,pairwise,VerletLists,1.000000,vl_list_iteration,none,SoA,disabled,50379566,3921739,3728835,3605705,3550363,3525721,3563286,3558451,3540984,3563530,8293817,8293817,10
2025-10-02 14:48:09,40619,pairwise,VerletListsCells,1.000000,vlc_c01,none,AoS,disabled,31521402,2681982,2678327,2721071,2655880,2653450,2677434,2702193,2682660,2711652,5568605,5568605,10
2025-10-02 14:48:09,40629,pairwise,VerletListsCells,1.000000,vlc_c01,none,SoA,disabled,66393483,5313790,5037532,4948847,4911797,4945649,4911214,4858244,4858266,4881166,11105998,11105998,10
2025-10-02 14:48:09,40639,pairwise,VerletListsCells,1.000000,vlc_c18,none,AoS,disabled,21624993,2740932,2750682,2795947,2706900,2748112,2727110,2779581,2714706,2719779,4630873,4630873,10
2025-10-02 14:48:09,40649,pairwise,VerletListsCells,1.000000,vlc_c18,none,AoS,enabled,19171947,2358099,2328595,2333583,2330261,2325301,2326699,2383999,2364469,2326607,4024956,4024956,10
2025-10-02 14:48:09,40659,pairwise,VerletListsCells,1.000000,vlc_c18,none,SoA,disabled,84057562,5995561,5824441,5773065,5732465,5696643,5756348,5690409,5737928,5687723,13595213,13595213,10
2025-10-02 14:48:09,40669,pairwise,VerletListsCells,1.000000,vlc_c18,none,SoA,enabled,59306906,5908749,5236434,5081849,5041900,5054002,5042492,4992124,4955883,5000874,10562121,10562121,10
2025-10-02 14:48:09,40679,pairwise,VerletListsCells,1.000000,vlc_c08,none,AoS,disabled,16998504,2547609,2585223,2526811,2505534,2505894,2508289,2556321,2512759,2522750,3976969,3976969,10
2025-10-02 14:48:09,40689,pairwise,VerletListsCells,1.000000,vlc_c08,none,AoS,enabled,16598580,2175003,2213821,2147790,2148535,2147992,2141288,2147708,2146503,2129442,3599665,3599665,10
2025-10-02 14:48:10,40699,pairwise,VerletListsCells,1.000000,vlc_c08,none,SoA,disabled,75896101,5787365,5586090,5559931,5514906,5475087,5460063,5464266,5517461,5462749,12572401,12572401,10
2025-10-02 14:48:10,40709,pairwise,VerletListsCells,1.000000,vlc_c08,none,SoA,enabled,60327578,5359486,5125158,5052473,5027217,5015976,5049295,5006348,5002897,4990950,10595737,10595737,10
2025-10-02 14:48:10,40719,pairwise,VerletListsCells,1.000000,vlc_sliced,none,AoS,disabled,23855638,4365994,4201774,4199056,4155333,4158708,4138226,4148108,4160903,4003819,6138755,6138755,10
2025-10-02 14:48:10,40729,pairwise,VerletListsCells,1.000000,vlc_sliced,none,AoS,enabled,19359957,2091652,2010105,2008319,2024595,2005540,1988668,1994239,1992951,2012013,3748803,3748803,10
2025-10-02 14:48:10,40739,pairwise,VerletListsCells,1.000000,vlc_sliced,none,SoA,disabled,88695688,7464950,7413989,7301511,7344832,7303518,7293474,7256154,7254582,7211502,15454019,15454019,10
2025-10-02 14:48:10,40749,pairwise,VerletListsCells,1.000000,vlc_sliced,none,SoA,enabled,59564953,4919657,4743291,4690147,4588729,4563975,4506206,4529286,4562398,4501077,10116971,10116971,10
2025-10-02 14:48:10,40759,pairwise,VerletListsCells,1.000000,vlc_sliced_balanced,none,AoS,disabled,23196583,4113749,4070218,4039638,4044145,4038231,4029243,4030470,4034300,4019628,5961619,5961619,10
2025-10-02 14:48:10,40769,pairwise,VerletListsCells,1.000000,vlc_sliced_balanced,none,AoS,enabled,19030520,2092069,2001982,1986994,1981367,1975508,1970936,1975905,1970295,1967427,3695300,3695300,10
2025-10-02 14:48:10,40779,pairwise,VerletListsCells,1.000000,vlc_sliced_balanced,none,SoA,disabled,85933672,7477523,7341544,7250609,7201515,7200950,7237694,7225067,7182039,7175156,15122576,15122576,10
2025-10-02 14:48:10,40789,pairwise,VerletListsCells,1.000000,vlc_sliced_balanced,none,SoA,enabled,59071490,5032465,4734246,4615092,4558406,4536429,4539204,4525571,4555123,4511943,10067996,10067996,10
2025-10-02 14:48:10,40799,pairwise,VerletListsCells,1.000000,vlc_sliced_balanced,squared-particles-per-cell,AoS,disabled,23586803,4123776,4071476,4050724,4049735,4054298,4054566,4017967,4046650,4043857,6009984,6009984,10
2025-10-02 14:48:11,40809,pairwise,VerletListsCells,1.000000,vlc_sliced_balanced,squared-particles-per-cell,AoS,enabled,19102204,2192968,2132281,2094871,2081373,2070002,2067858,2064531,2054630,2061122,3792183,3792183,10
2025-10-02 14:48:11,40819,pairwise,VerletListsCells,1.000000,vlc_sliced_balanced,squared-particles-per-cell,SoA,disabled,89644510,8122663,8047324,8011913,8023029,7995997,7984678,8042270,7974694,8000924,16184800,16184800,10
2025-10-02 14:48:11,40829,pairwise,VerletListsCells,1.000000,vlc_sliced_balanced,squared-particles-per-cell,SoA,enabled,68439077,5705724,4929365,4799634,4788782,4756955,4785593,4742526,4756867,4729968,11243448,11243448,10
2025-10-02 14:48:11,40839,pairwise,VerletListsCells,1.000000,vlc_sliced_balanced,neighbor-list-length,AoS,disabled,23259367,4085914,4021771,4005775,3991855,3979031,3990647,3980675,3986550,3984779,5928635,5928635,10
2025-10-02 14:48:11,40849,pairwise,VerletListsCells,1.000000,vlc_sliced_balanced,neighbor-list-length,AoS,enabled,19093470,2098115,2018815,2001322,1989219,1981301,1980717,1998063,1992872,1986052,3713994,3713994,10
2025-10-02 14:48:11,40859,pairwise,VerletListsCells,1.000000,vlc_sliced_balanced,neighbor-list-length,SoA,disabled,92786790,8529587,8288818,8262028,8164114,8119052,8111765,8089494,8125082,8074719,16655144,16655144,10
2025-10-02 14:48:11,40869,pairwise,VerletListsCells,1.000000,vlc_sliced_balanced,neighbor-list-length,SoA,enabled,71510248,5849527,4983208,4828297,4724065,4693550,4672615,4712175,4679450,4682576,11533570,11533570,10
2025-10-02 14:48:11,40879,pairwise,VerletListsCells,1.000000,vlc_sliced_c02,none,AoS,disabled,24802988,5154967,4925177,4854616,5080477,4858521,5035073,4847591,4865267,4832186,6925685,6925685,10
2025-10-02 14:48:11,40889,pairwise,VerletListsCells,1.000000,vlc_sliced_c02,none,AoS,enabled,19591506,2514589,2454143,2449284,2420963,2537538,2397444,2461989,2411781,2435184,4167441,4167441,10
2025-10-02 14:48:12,40899,pairwise,VerletListsCells,1.000000,vlc_sliced_c02,none,SoA,disabled,95163977,9422985,9229034,9210291,9288471,9238210,9078891,9145270,9186740,9128393,17809225,17809225,10
2025-10-02 14:48:12,40909,pairwise,VerletListsCells,1.000000,vlc_sliced_c02,none,SoA,enabled,72268818,6252942,5371288,5219218,5128518,5164122,5082621,5031172,5086629,5067152,11967247,11967247,10
2025-10-02 14:48:12,40919,pairwise,PairwiseVerletLists,1.000000,vlp_c01,none,AoS,disabled,31983210,3334050,3300175,3296977,3351708,3348728,3279686,3294941,3280893,3277625,6174799,6174799,10
2025-10-02 14:48:12,40929,pairwise,PairwiseVerletLists,1.000000,vlp_c01,none,SoA,disabled,172577493,7749020,7654721,7653931,7659454,7695178,7637423,7638470,7643032,7635163,24154388,24154388,10
2025-10-02 14:48:12,40939,pairwise,PairwiseVerletLists,1.000000,vlp_c18,none,AoS,disabled,27066452,3407307,3446656,3393062,3409193,3393351,3451703,3389697,3412356,3386596,5775637,5775637,10
2025-10-02 14:48:12,40949,pairwise,PairwiseVerletLists,1.000000,vlp_c18,none,AoS,enabled,28640617,2862304,2846299,2925839,2853952,2852407,2844398,2839148,2846745,2846304,5435800,5435800,10
2025-10-02 14:48:13,40959,pairwise,PairwiseVerletLists,1.000000,vlp_c18,none,SoA,disabled,213156806,7724834,7753046,7698142,7697565,7709690,7693119,7754762,7715699,7687403,28259105,28259105,10
2025-10-02 14:48:13,40969,pairwise,PairwiseVerletLists,1.000000,vlp_c18,none,SoA,enabled,152911807,6918602,6851922,6845165,6894452,6890083,6837536,6831596,6827616,6893658,21470243,21470243,10
2025-10-02 14:48:13,40979,pairwise,PairwiseVerletLists,1.000000,vlp_sliced,none,AoS,disabled,30591487,6205597,6133871,6139555,6138095,6087495,6055656,6083480,5936886,6058624,8543074,8543074,10
2025-10-02 14:48:13,40989,pairwise,PairwiseVerletLists,1.000000,vlp_sliced,none,AoS,enabled,31068656,3600898,3464139,3430098,3311045,3401147,3333170,3407191,3464374,3386514,6186723,6186723,10
2025-10-02 14:48:13,40999,pairwise,PairwiseVerletLists,1.000000,vlp_sliced,none,SoA,disabled,208014545,10601905,10671720,10536705,10533792,10493770,10103341,10677686,10178192,10492075,30230372,30230372,10
2025-10-02 14:48:13,41009,pairwise,PairwiseVerletLists,1.000000,vlp_sliced,none,SoA,enabled,156554684,8517944,8333451,8397903,8404925,8333237,8048766,8337617,8082398,8282006,23129292,23129292,10
2025-10-02 14:48:14,41019,pairwise,PairwiseVerletLists,1.000000,vlp_sliced_balanced,none,AoS,disabled,30371518,6184680,6094643,6049164,6026877,6007546,6043813,6032834,6016671,5974961,8480269,8480269,10
2025-10-02 14:48:14,41029,pairwise,PairwiseVerletLists,1.000000,vlp_sliced_balanced,none,AoS,enabled,31216807,3579626,3446946,3441434,3400240,3388447,3388714,3397033,3370107,3367613,6199696,6199696,10
2025-10-02 14:48:14,41039,pairwise,PairwiseVerletLists,1.000000,vlp_sliced_balanced,none,SoA,disabled,209129947,10756091,10650843,10671087,10680644,10684146,10622377,10619541,10614064,10644190,30507292,30507292,10
2025-10-02 14:48:14,41049,pairwise,PairwiseVerletLists,1.000000,vlp_sliced_balanced,none,SoA,enabled,156858444,8499991,8390479,8353277,8315356,8308469,8303245,8312007,8323661,8288677,23195359,23195359,10
2025-10-02 14:48:14,41059,pairwise,PairwiseVerletLists,1.000000,vlp_sliced_c02,none,AoS,disabled,32027488,7671741,7468199,7581407,7468466,7491902,7409861,7428600,7513931,7406697,9946828,9946828,10
2025-10-02 14:48:14,41069,pairwise,PairwiseVerletLists,1.000000,vlp_sliced_c02,none,AoS,enabled,31904915,4266446,4137642,4081104,4201487,4190208,4278229,4168543,4164165,4163370,6955610,6955610,10
2025-10-02 14:48:15,41079,pairwise,PairwiseVerletLists,1.000000,vlp_sliced_c02,none,SoA,disabled,208969084,12265649,12224475,12203200,12133162,12523957,12231744,12193992,12422975,12092276,31926051,31926051,10
2025-10-02 14:48:15,41089,pairwise,PairwiseVerletLists,1.000000,vlp_sliced_c02,none,SoA,enabled,156770661,9360755,9303398,9467297,9588589,9511037,9715294,9318278,9742986,9479150,24225744,24225744,10
2025-10-02 14:48:15,41099,pairwise,PairwiseVerletLists,1.000000,vlp_c08,none,AoS,disabled,29624289,5595024,5574857,5569624,5563898,5558004,5562263,5556476,5555465,5556725,7971662,7971662,10
2025-10-02 14:48:15,41109,pairwise,PairwiseVerletLists,1.000000,vlp_c08,none,AoS,enabled,31252551,3476475,3452823,3452367,3438567,3444778,3444870,3484923,3439459,3431396,6231820,6231820,10
2025-10-02 14:48:15,41119,pairwise,PairwiseVerletLists,1.000000,vlp_c08,none,SoA,disabled,206190267,10275162,10243964,10234688,10271568,10269277,10234005,10237656,10246871,10222648,29842610,29842610,10
2025-10-02 14:48:16,41129,pairwise,PairwiseVerletLists,1.000000,vlp_c08,none,SoA,enabled,155453342,7925216,7857767,7848404,7877130,7885594,7834984,7886120,7856801,7839594,22626494,22626494,10
2025-10-02 14:50:01,45009,pairwise,LinkedCells,1.000000,lc_c01,none,AoS,disabled,4308548,4220757,4239877,4217035,4237427,4278280,4466597,4319046,4234303,4245173,4276704,4276704,10
2025-10-02 14:50:01,45019,pairwise,LinkedCells,1.000000,lc_c01,none,SoA,disabled,5305389,4716988,4650475,4616889,4604581,4517624,4548544,4631656,4658261,4517956,4676836,4676836,10
2025-10-02 14:50:01,45029,pairwise,LinkedCells,1.000000,lc_c01_combined_SoA,none,SoA,disabled,4270334,4493277,4470086,4509390,4328042,4313360,4385181,4489823,4308984,4270208,4383868,4383868,10
2025-10-02 14:50:01,45039,pairwise,LinkedCells,1.000000,lc_c04,none,AoS,disabled,3898796,3739428,3700110,3670256,3671367,3764263,3696521,3802687,3772567,3696826,3741281,3741281,10
2025-10-02 14:50:01,45049,pairwise,LinkedCells,1.000000,lc_c04,none,AoS,enabled,2770580,2776291,2769532,2774775,2743946,2756035,2743900,2774896,2738144,2762793,2761088,2761088,10
2025-10-02 14:50:01,45059,pairwise,LinkedCells,1.000000,lc_c04,none,SoA,disabled,3875636,3756497,3789210,3882283,3766153,3733394,3816216,3736974,3748691,3835994,3794104,3794104,10
2025-10-02 14:50:01,45069,pairwise,LinkedCells,1.000000,lc_c04,none,SoA,enabled,2992506,2916368,2926967,3278391,2912979,2921907,2916700,2925419,2916390,2926445,2963407,2963407,10
2025-10-02 14:50:01,45079,pairwise,LinkedCells,1.000000,lc_c04_HCP,none,AoS,disabled,2614675,2506289,2487221,2475949,2482914,2529917,2483801,2475131,2536146,2675915,2526795,2526795,10
2025-10-02 14:50:01,45089,pairwise,LinkedCells,1.000000,lc_c04_HCP,none,AoS,enabled,1925994,1912887,1905710,1912154,1914509,1910316,1913995,1913204,1914954,2069190,1929290,1929290,10
2025-10-02 14:50:01,45099,pairwise,LinkedCells,1.000000,lc_c04_HCP,none,SoA,disabled,3874666,3739705,3838132,3640632,3673373,3824138,3693469,3916586,3698555,3773740,3767299,3767299,10
2025-10-02 14:50:01,45109,pairwise,LinkedCells,1.000000,lc_c04_HCP,none,SoA,enabled,3378356,3242737,3233855,3212055,3208841,3222638,3339096,3252579,3261449,3700665,3305226,3305226,10
2025-10-02 14:50:01,45119,pairwise,LinkedCells,1.000000,lc_c04_combined_SoA,none,SoA,disabled,4445078,4445278,4514268,4858910,4659098,4640047,4494476,4543224,4467370,4630645,4569838,4569838,10
2025-10-02 14:50:01,45129,pairwise,LinkedCells,1.000000,lc_c04_combined_SoA,none,SoA,enabled,3879057,3998563,4183045,4018062,4003479,3944644,4070278,3917126,4047260,4073267,4013477,4013477,10
2025-10-02 14:50:01,45139,pairwise,LinkedCells,1.000000,lc_c08,none,AoS,disabled,3189993,3089125,3081059,3083156,3068911,3069692,3088169,3086175,3029474,3081484,3086723,3086723,10
2025-10-02 14:50:01,45149,pairwise,LinkedCells,1.000000,lc_c08,none,AoS,enabled,2674551,2711248,2648058,2660739,2648904,2709903,2653382,2675221,2723710,2654576,2676028,2676028,10
2025-10-02 14:50:01,45159,pairwise,LinkedCells,1.000000,lc_c08,none,SoA,disabled,4964088,5073571,5047944,5026464,4952273,5025135,4959830,5119136,5170328,4998381,5033714,5033714,10
2025-10-02 14:50:01,45169,pairwise,LinkedCells,1.000000,lc_c08,none,SoA,enabled,4464994,4510409,4421987,4416215,4470369,4474531,4514012,4504811,4431832,4501063,4471022,4471022,10
2025-10-02 14:50:02,45179,pairwise,LinkedCells,1.000000,lc_c18,none,AoS,disabled,3256415,3226738,3184102,3212518,3238332,3223753,3238867,3221358,3219554,3210743,3223237,3223237,10
2025-10-02 14:50:02,45189,pairwise,LinkedCells,1.000000,lc_c18,none,AoS,enabled,2793680,2782741,2821518,2860457,2840195,2801484,2833896,2837333,2769177,2821178,2816165,2816165,10
2025-10-02 14:50:02,45199,pairwise,LinkedCells,1.000000,lc_c18,none,SoA,disabled,4185574,4079254,4061612,4144137,4149671,4097932,4152780,4097752,4093891,4096867,4115946,4115946,10
2025-10-02 14:50:02,45209,pairwise,LinkedCells,1.000000,lc_c18,none,SoA,enabled,3718597,3667767,3670634,3686314,3665276,3669218,3643364,3585042,3656994,3672420,3663562,3663562,10
2025-10-02 14:50:02,45219,pairwise,LinkedCells,1.000000,lc_sliced,none,AoS,disabled,5529009,5459806,5410525,5402491,5473756,5499039,5482358,5406012,5412010,5226648,5430164,5430164,10
2025-10-02 14:50:02,45229,pairwise,LinkedCells,1.000000,lc_sliced,none,AoS,enabled,4018771,4011955,3968116,3958518,4015872,3952196,3980797,4018402,3966908,4010680,3990221,3990221,10
2025-10-02 14:50:02,45239,pairwise,LinkedCells,1.000000,lc_sliced,none,SoA,disabled,5129676,5019682,5007554,4997907,5140806,5095905,5154508,5121899,5096457,5147817,5091220,5091220,10
2025-10-02 14:50:02,45249,pairwise,LinkedCells,1.000000,lc_sliced,none,SoA,enabled,3644237,3508542,3634696,3648783,3625187,3662529,3640484,3615060,3658643,3598125,3623627,3623627,10
2025-10-02 14:50:02,45259,pairwise,LinkedCells,1.000000,lc_sliced_balanced,none,AoS,disabled,5584055,5393007,5403287,5407143,5401102,5393117,5391891,5381801,5392419,5442512,5419032,5419032,10
2025-10-02 14:50:02,45269,pairwise,LinkedCells,1.000000,lc_sliced_balanced,none,AoS,enabled,3979138,3976110,3965882,3981259,4007267,3969451,3975544,3990183,3993957,3979278,3981806,3981806,10
2025-10-02 14:50:02,45279,pairwise,LinkedCells,1.000000,lc_sliced_balanced,none,SoA,disabled,5196998,5081060,5160833,5059800,5053875,5018932,5121981,5057457,5121883,5068827,5094164,5094164,10
2025-10-02 14:50:02,45289,pairwise,LinkedCells,1.000000,lc_sliced_balanced,none,SoA,enabled,3654892,3607805,3584789,3681856,3603173,3569185,3662854,3625119,3552177,3659530,3620137,3620137,10
2025-10-02 14:50:02,45299,pairwise,LinkedCells,1.000000,lc_sliced_balanced,squared-particles-per-cell,AoS,disabled,5752826,5490636,5460554,5436722,5451092,5444409,5452949,5515645,5463766,5512893,5498148,5498148,10
2025-10-02 14:50:02,45309,pairwise,LinkedCells,1.000000,lc_sliced_balanced,squared-particles-per-cell,AoS,enabled,4092935,4035355,4151791,4041499,4035747,4035906,4021173,4019389,4018690,4022503,4047498,4047498,10
2025-10-02 14:50:02,45319,pairwise,LinkedCells,1.000000,lc_sliced_balanced,squared-particles-per-cell,SoA,disabled,8921159,7935608,7800757,7791863,7739828,7677992,7817636,7613192,7822584,7742569,7886318,7886318,10
2025-10-02 14:50:02,45329,pairwise,LinkedCells,1.000000,lc_sliced_balanced,squared-particles-per-cell,SoA,enabled,6983644,6961454,6981470,7044480,6868552,7033847,6941829,7076730,6970325,7035159,6989748,6989748,10
2025-10-02 14:50:02,45339,pairwise,LinkedCells,1.000000,lc_sliced_c02,none,AoS,disabled,5766124,5492773,5388966,5478665,5293426,5475942,5460579,5465579,5471811,5121136,5441499,5441499,10
2025-10-02 14:50:02,45349,pairwise,LinkedCells,1.000000,lc_sliced_c02,none,AoS,enabled,4049497,4030907,4018585,3968641,3951304,3878529,3870808,4027059,3962181,4032160,3978966,3978966,10
2025-10-02 14:50:03,45359,pairwise,LinkedCells,1.000000,lc_sliced_c02,none,SoA,disabled,6194345,5301910,5055960,5152541,5259243,5153369,5233296,5047535,5157235,5139725,5269515,5269515,10
2025-10-02 14:50:03,45369,pairwise,LinkedCells,1.000000,lc_sliced_c02,none,SoA,enabled,3837061,3677924,3736099,3587098,3813318,3870803,3705098,3683907,3597508,3636029,3714483,3714483,10
2025-10-02 14:50:03,45379,pairwise,VerletClusterLists,1.000000,vcl_c01_balanced,none,AoS,disabled,19581825,4505265,4539613,4548593,4622537,4605572,4441567,4617025,4567048,4485959,6051500,6051500,10
2025-10-02 14:50:03,45389,pairwise,VerletClusterLists,1.000000,vcl_c01_balanced,none,SoA,disabled,14096849,1673942,1689308,1730165,1735895,1712990,1662510,1718018,1774713,1755082,2954947,2954947,10
2025-10-02 14:50:03,45399,pairwise,VerletClusterLists,1.000000,vcl_c06,none,AoS,disabled,27715513,16566888,15220358,16097008,16358736,15651401,15684773,15855027,16271432,15403432,17082456,17082456,10
2025-10-02 14:50:03,45409,pairwise,VerletClusterLists,1.000000,vcl_c06,none,AoS,enabled,16006822,8479753,8137111,8327201,8304454,8294413,8273991,8390640,8131128,8411620,9075713,9075713,10
2025-10-02 14:50:03,45419,pairwise,VerletClusterLists,1.000000,vcl_c06,none,SoA,disabled,17704957,5988097,6139825,5980043,6315237,6107885,5994387,6280881,6226460,6113739,7285150,7285150,10
2025-10-02 14:50:03,45429,pairwise,VerletClusterLists,1.000000,vcl_c06,none,SoA,enabled,11589428,3619359,3910949,3593581,3807620,3745615,3545714,3816105,3657283,3535372,4482101,4482101,10
2025-10-02 14:50:03,45439,pairwise,VerletClusterLists,1.000000,vcl_sliced,none,AoS,disabled,32657163,21433434,21438688,21342611,21370634,21315179,21322274,19027653,15604499,21328179,21684030,21684030,10
2025-10-02 14:50:03,45449,pairwise,VerletClusterLists,1.000000,vcl_sliced,none,AoS,enabled,18838933,10894221,9623562,10868503,10851855,10844754,10886663,10826076,11259026,10922030,11581561,11581561,10
2025-10-02 14:50:04,45459,pairwise,VerletClusterLists,1.000000,vcl_sliced,none,SoA,disabled,18281907,6308918,6305352,6498158,6314492,5529171,6331340,5535650,5530624,6313065,7294867,7294867,10
2025-10-02 14:50:04,45469,pairwise,VerletClusterLists,1.000000,vcl_sliced,none,SoA,enabled,11630299,3518617,3494652,3538837,3512051,3108181,3507438,3500207,3519847,3508463,4283859,4283859,10
2025-10-02 14:50:04,45479,pairwise,VerletClusterLists,1.000000,vcl_sliced_balanced,none,AoS,disabled,32030565,20490280,20483583,20480819,20541040,20472300,20487006,20455402,21980390,21921886,21934326,21934326,10
2025-10-02 14:50:04,45489,pairwise,VerletClusterLists,1.000000,vcl_sliced_balanced,none,AoS,enabled,18602440,10592384,10570908,12702368,10565621,10565369,12697334,10564810,10576664,10582100,11801999,11801999,10
2025-10-02 14:50:04,45499,pairwise,VerletClusterLists,1.000000,vcl_sliced_balanced,none,SoA,disabled,17069931,6132957,7892043,6109074,6103907,6101643,6094390,6108731,6100848,6112057,7382557,7382557,10
2025-10-02 14:50:04,45509,pairwise,VerletClusterLists,1.000000,vcl_sliced_balanced,none,SoA,enabled,12514067,3420426,3430602,3416038,3407661,3432812,3416664,3423530,3425470,3400472,4328774,4328774,10
2025-10-02 14:50:04,45519,pairwise,VerletClusterLists,1.000000,vcl_sliced_balanced,neighbor-list-length,AoS,disabled,34490908,20520726,20513442,20456030,20507704,20501830,20478134,20484078,20498107,20477493,21892844,21892844,10
2025-10-02 14:50:04,45529,pairwise,VerletClusterLists,1.000000,vcl_sliced_balanced,neighbor-list-length,AoS,enabled,18536871,10603348,10564737,10558492,10577975,10531513,10552680,10559493,12645578,10570404,11570108,11570108,10
2025-10-02 14:50:04,45539,pairwise,VerletClusterLists,1.000000,vcl_sliced_balanced,neighbor-list-length,SoA,disabled,17348351,6107224,6115279,6089646,6101429,6085365,6092888,6085885,6101971,6093856,7222189,7222189,10
2025-10-02 14:50:05,45549,pairwise,VerletClusterLists,1.000000,vcl_sliced_balanced,neighbor-list-length,SoA,enabled,11346101,3410748,4511641,3419757,3414615,3422375,3404020,4467206,3427215,3421433,4424510,4424510,10
2025-10-02 14:50:05,45559,pairwise,VerletClusterLists,1.000000,vcl_sliced_c02,none,AoS,disabled,45084484,30839201,25340116,30370259,30368004,30688146,30398588,30594160,30714214,30665957,31506312,31506312,10
2025-10-02 14:50:05,45569,pairwise,VerletClusterLists,1.000000,vcl_sliced_c02,none,AoS,enabled,21490944,15425377,15677043,15530643,15523996,15674121,13513532,13512847,13506350,14764328,15461917,15461917,10
2025-10-02 14:50:05,45579,pairwise,VerletClusterLists,1.000000,vcl_sliced_c02,none,SoA,disabled,21359026,9764846,9698668,9123119,9715879,9673440,8908768,9768422,9833767,9786811,10763273,10763273,10
2025-10-02 14:50:05,45589,pairwise,VerletClusterLists,1.000000,vcl_sliced_c02,none,SoA,enabled,12674646,5295882,5269875,4848605,5254967,5240570,4884342,5266186,5219242,4901396,5885570,5885570,10
2025-10-02 14:50:05,45599,pairwise,VerletLists,1.000000,vl_list_iteration,none,AoS,disabled,13753878,1903270,1914138,1901359,1866490,1861331,1903553,1904145,1860443,1922626,3079122,3079122,10
2025-10-02 14:50:05,45609,pairwise,VerletLists,1.000000,vl_list_iteration,none,SoA,disabled,41087721,3351376,3110965,3009149,3025927,3039368,3004810,3017916,2988886,2979894,6861601,6861601,10
2025-10-02 14:50:05,45619,pairwise,VerletListsCells,1.000000,vlc_c01,none,AoS,disabled,29135350,2381072,2414442,2367768,2414774,2376740,2368041,2382615,2372841,2358817,5057245,5057245,10
2025-10-02 14:50:06,45629,pairwise,VerletListsCells,1.000000,vlc_c01,none,SoA,disabled,58183818,4763737,4519791,4427233,4352588,4345597,4339396,4349156,4383984,4323301,9798859,9798859,10
2025-10-02 14:50:06,45639,pairwise,VerletListsCells,1.000000,vlc_c18,none,AoS,disabled,20080990,2543107,2531625,2596093,2558356,2525173,2527730,2523492,2534022,2570140,4299072,4299072,10
2025-10-02 14:50:06,45649,pairwise,VerletListsCells,1.000000,vlc_c18,none,AoS,enabled,18185889,2242904,2229175,2224013,2219025,2221716,2219862,2222099,2219512,2218395,3820258,3820258,10
2025-10-02 14:50:06,45659,pairwise,VerletListsCells,1.000000,vlc_c18,none,SoA,disabled,71022377,5410871,5151601,5120582,5071983,5022593,4997196,4994822,5107914,5033913,11693385,11693385,10
2025-10-02 14:50:06,45669,pairwise,VerletListsCells,1.000000,vlc_c18,none,SoA,enabled,51470826,5066987,4717429,4581101,4525807,4624215,4548151,4598254,4444113,4421775,9299865,9299865,10
2025-10-02 14:50:06,45679,pairwise,VerletListsCells,1.000000,vlc_c08,none,AoS,disabled,15774470,2413782,2385021,2322694,2320000,2322971,2367737,2318183,2312800,2327519,3686516,3686516,10
2025-10-02 14:50:06,45689,pairwise,VerletListsCells,1.000000,vlc_c08,none,AoS,enabled,15367339,2059218,2046250,2049552,2036659,2041029,2048166,2041174,2042222,2040080,3377168,3377168,10
2025-10-02 14:50:06,45699,pairwise,VerletListsCells,1.000000,vlc_c08,none,SoA,disabled,62966885,5182983,4940713,4890655,4887671,4859367,4894540,4833858,4837719,4866918,10716130,10716130,10
2025-10-02 14:50:06,45709,pairwise,VerletListsCells,1.000000,vlc_c08,none,SoA,enabled,50731449,4820964,4633880,4532210,4511809,4487684,4461067,4477815,4467441,4481024,9160533,9160533,10
2025-10-02 14:50:06,45719,pairwise,VerletListsCells,1.000000,vlc_sliced,none,AoS,disabled,22216729,4082070,3989620,3935426,3895237,3896908,3890993,3903741,3935510,3878808,5762504,5762504,10
2025-10-02 14:50:06,45729,pairwise,VerletListsCells,1.000000,vlc_sliced,none,AoS,enabled,18276621,1986027,1930516,1916989,1892210,1775970,1919747,1893736,1891164,1772060,3525504,3525504,10
2025-10-02 14:50:06,45739,pairwise,VerletListsCells,1.000000,vlc_sliced,none,SoA,disabled,74002980,6859906,6760238,6718056,6755885,6657734,6450716,6691823,6723038,6680213,13430058,13430058,10
2025-10-02 14:50:06,45749,pairwise,VerletListsCells,1.000000,vlc_sliced,none,SoA,enabled,50336921,4613033,4352291,4204538,4249043,4237019,4207675,4190594,4182233,4294896,8886824,8886824,10
2025-10-02 14:50:07,45759,pairwise,VerletListsCells,1.000000,vlc_sliced_balanced,none,AoS,disabled,21636108,3934023,3865574,3814188,3821240,3819497,3818891,3809055,3809144,3807530,5613525,5613525,10
2025-10-02 14:50:07,45769,pairwise,VerletListsCells,1.000000,vlc_sliced_balanced,none,AoS,enabled,18066871,1988727,1919708,1906019,1901406,1897523,1900137,1897358,1893950,1901159,3527285,3527285,10
2025-10-02 14:50:07,45779,pairwise,VerletListsCells,1.000000,vlc_sliced_balanced,none,SoA,disabled,72411320,6943689,6743504,6661703,6664868,6641203,6616872,6625878,6624569,6603777,13253737,13253737,10
2025-10-02 14:50:07,45789,pairwise,VerletListsCells,1.000000,vlc_sliced_balanced,none,SoA,enabled,50898567,4592039,4300262,4241183,4192632,4214870,4185316,4163621,4170829,4165314,8912462,8912462,10
2025-10-02 14:50:07,45799,pairwise,VerletListsCells,1.000000,vlc_sliced_balanced,squared-particles-per-cell,AoS,disabled,21544629,3942167,3894735,3869569,3862540,3856464,3848735,3844095,3843321,3820385,5632663,5632663,10
2025-10-02 14:50:07,45809,pairwise,VerletListsCells,1.000000,vlc_sliced_balanced,squared-particles-per-cell,AoS,enabled,18277430,2080874,2007362,1971984,1951018,1944350,1938349,1936227,1936684,1940483,3598475,3598475,10
2025-10-02 14:50:07,45819,pairwise,VerletListsCells,1.000000,vlc_sliced_balanced,squared-particles-per-cell,SoA,disabled,72064973,7052428,6976643,6945622,6970192,6940003,6930525,6910340,6950944,6894124,13463579,13463579,10
2025-10-02 14:50:07,45829,pairwise,VerletListsCells,1.000000,vlc_sliced_balanced,squared-particles-per-cell,SoA,enabled,53201991,4579070,4441046,4390557,4370354,4324082,4389982,4328699,4347992,4323234,9269700,9269700,10
2025-10-02 14:50:07,45839,pairwise,VerletListsCells,1.000000,vlc_sliced_balanced,neighbor-list-length,AoS,disabled,21384498,3860690,3798916,3769943,3759289,3762983,3764850,3765087,3749318,3758279,5537385,5537385,10
2025-10-02 14:50:07,45849,pairwise,VerletListsCells,1.000000,vlc_sliced_balanced,neighbor-list-length,AoS,enabled,18332951,1995963,1916895,1902786,1898097,1899102,1899113,1903025,1897487,1891132,3553655,3553655,10
2025-10-02 14:50:07,45859,pairwise,VerletListsCells,1.000000,vlc_sliced_balanced,neighbor-list-length,SoA,disabled,73044730,7397137,7183766,7093631,7038704,6994364,6993639,6978430,6952320,6936355,13661307,13661307,10
2025-10-02 14:50:08,45869,pairwise,VerletListsCells,1.000000,vlc_sliced_balanced,neighbor-list-length,SoA,enabled,53227911,4810759,4503315,4398167,4350187,4318005,4299158,4311339,4321096,4278855,9281878,9281878,10
2025-10-02 14:50:08,45879,pairwise,VerletListsCells,1.000000,vlc_sliced_c02,none,AoS,disabled,22186632,4297310,4358323,4533065,4407570,4353591,4435763,4247699,4356742,4467970,6164465,6164465,10
2025-10-02 14:50:08,45889,pairwise,VerletListsCells,1.000000,vlc_sliced_c02,none,AoS,enabled,18782806,2427720,2295917,2345903,2294742,2264794,2358998,2290120,2173915,2247684,3948259,3948259,10
2025-10-02 14:50:08,45899,pairwise,VerletListsCells,1.000000,vlc_sliced_c02,none,SoA,disabled,73409573,7951652,7828510,7792243,7786103,7695883,7677351,7640146,7773880,7678140,14323348,14323348,10
2025-10-02 14:50:08,45909,pairwise,VerletListsCells,1.000000,vlc_sliced_c02,none,SoA,enabled,53064581,5128619,4709334,4659471,4654023,4653127,4571144,4580109,4631163,4547646,9519921,9519921,10
2025-10-02 14:50:08,45919,pairwise,PairwiseVerletLists,1.000000,vlp_c01,none,AoS,disabled,26300656,2927413,2916259,2918970,2928919,2901334,2890206,2887143,2900092,2907801,5247878,5247878,10
2025-10-02 14:50:08,45929,pairwise,PairwiseVerletLists,1.000000,vlp_c01,none,SoA,disabled,130982925,6955675,6864185,6897827,6854261,6857300,6864214,6886996,6860512,6844732,19286862,19286862,10
2025-10-02 14:50:08,45939,pairwise,PairwiseVerletLists,1.000000,vlp_c18,none,AoS,disabled,23618335,3156872,3101118,3097695,3086186,3102543,3125169,3091354,3094255,3075645,5154916,5154916,10
2025-10-02 14:50:08,45949,pairwise,PairwiseVerletLists,1.000000,vlp_c18,none,AoS,enabled,24746382,2711013,2690987,2680125,2676446,2702398,2748560,2678604,2688191,2677440,4900014,4900014,10
2025-10-02 14:50:09,45959,pairwise,PairwiseVerletLists,1.000000,vlp_c18,none,SoA,disabled,163636519,7115003,7076955,7069038,7084429,7047411,7094516,7066987,7108390,7099844,22739908,22739908,10
2025-10-02 14:50:09,45969,pairwise,PairwiseVerletLists,1.000000,vlp_c18,none,SoA,enabled,117018596,6426319,6319841,6318808,6299160,6301825,6281273,6289500,6344189,6303874,17390338,17390338,10
2025-10-02 14:50:09,45979,pairwise,PairwiseVerletLists,1.000000,vlp_sliced,none,AoS,disabled,26723069,5658377,5593052,5517577,5561808,5527725,5545635,5177149,5483723,5552202,7634031,7634031,10
2025-10-02 14:50:09,45989,pairwise,PairwiseVerletLists,1.000000,vlp_sliced,none,AoS,enabled,26518140,3189691,3149560,3137002,3122073,3107571,3086815,3117794,3115399,3092504,5463654,5463654,10
2025-10-02 14:50:09,45999,pairwise,PairwiseVerletLists,1.000000,vlp_sliced,none,SoA,disabled,159768785,10529374,10465532,10345241,10447726,10420851,10423674,10447779,10424796,10419341,25369309,25369309,10
2025-10-02 14:50:09,46009,pairwise,PairwiseVerletLists,1.000000,vlp_sliced,none,SoA,enabled,120181375,7694651,7451036,7581499,7564280,7563788,7511300,7560047,7565169,7532416,18820555,18820555,10
2025-10-02 14:50:09,46019,pairwise,PairwiseVerletLists,1.000000,vlp_sliced_balanced,none,AoS,disabled,26605781,5664014,5524875,5493545,5472902,5485506,5451996,5470677,5458974,5481569,7610983,7610983,10
2025-10-02 14:50:10,46029,pairwise,PairwiseVerletLists,1.000000,vlp_sliced_balanced,none,AoS,enabled,26764118,3224811,3172325,3134388,3121312,3108006,3134004,3121161,3108305,3095641,5498406,5498406,10
2025-10-02 14:50:10,46039,pairwise,PairwiseVerletLists,1.000000,vlp_sliced_balanced,none,SoA,disabled,159994331,10636032,10545054,10527312,10505468,10492772,10459780,10517117,10466636,10491109,25463560,25463560,10
2025-10-02 14:50:10,46049,pairwise,PairwiseVerletLists,1.000000,vlp_sliced_balanced,none,SoA,enabled,119286927,7731593,7625688,7578806,7512839,7562241,7502014,7539924,7501073,7511690,18735279,18735279,10
2025-10-02 14:50:10,46059,pairwise,PairwiseVerletLists,1.000000,vlp_sliced_c02,none,AoS,disabled,27752123,6837304,6752708,6796465,6871442,7017227,6788588,6738224,6778854,6742287,8907521,8907521,10
2025-10-02 14:50:10,46069,pairwise,PairwiseVerletLists,1.000000,vlp_sliced_c02,none,AoS,enabled,27329434,3748666,3772614,3786362,3744746,3670074,3667003,3767873,3795558,3793139,6107546,6107546,10
2025-10-02 14:50:10,46079,pairwise,PairwiseVerletLists,1.000000,vlp_sliced_c02,none,SoA,disabled,161010131,12131311,11903991,11784105,11842941,11891115,11828774,11773952,11941316,11897293,26800492,26800492,10
2025-10-02 14:50:11,46089,pairwise,PairwiseVerletLists,1.000000,vlp_sliced_c02,none,SoA,enabled,120746606,8553214,8528998,8476932,8475972,8251173,8564071,8506706,8492398,8452718,19704878,19704878,10
2025-10-02 14:50:11,46099,pairwise,PairwiseVerletLists,1.000000,vlp_c08,none,AoS,disabled,25944630,5142237,5081551,5081858,5081674,5104600,5076938,5086992,5110510,5076001,7178698,7178698,10
2025-10-02 14:50:11,46109,pairwise,PairwiseVerletLists,1.000000,vlp_c08,none,AoS,enabled,26935738,3238030,3211444,3212885,3206839,3203235,3201318,3210038,3227622,3193506,5584065,5584065,10
2025-10-02 14:50:11,46119,pairwise,PairwiseVerletLists,1.000000,vlp_c08,none,SoA,disabled,158243415,9515633,9488096,9471840,9466092,9475890,9480807,9478092,9489739,9484445,24359404,24359404,10
2025-10-02 14:50:11,46129,pairwise,PairwiseVerletLists,1.000000,vlp_c08,none,SoA,enabled,118941387,7385442,7323541,7332763,7344322,7325180,7307751,7333495,7329908,7313865,18493764,18493764,10
2025-10-02 14:52:01,50009,pairwise,LinkedCells,1.000000,lc_c01,none,AoS,disabled,3482356,3415649,3428693,3418907,3453846,3400574,3402587,3431291,3423351,3512450,3436969,3436969,10
2025-10-02 14:52:01,50019,pairwise,LinkedCells,1.000000,lc_c01,none,SoA,disabled,4966369,3993360,3993577,3966952,3966637,4038496,4072228,3970456,3963065,3969196,4090033,4090033,10
2025-10-02 14:52:01,50029,pairwise,LinkedCells,1.000000,lc_c01_combined_SoA,none,SoA,disabled,3895144,4037255,3943933,3951394,4061030,3978346,3964272,4227690,3878494,4030263,3996781,3996781,10
2025-10-02 14:52:01,50039,pairwise,LinkedCells,1.000000,lc_c04,none,AoS,disabled,3254533,3258925,3171550,3150285,3170979,3145190,3153032,3193730,3153491,3130133,3178184,3178184,10
2025-10-02 14:52:01,50049,pairwise,LinkedCells,1.000000,lc_c04,none,AoS,enabled,2360045,2364133,2352394,2345137,2368095,2366960,2356855,2329253,2349932,2366400,2355920,2355920,10
2025-10-02 14:52:01,50059,pairwise,LinkedCells,1.000000,lc_c04,none,SoA,disabled,3402281,3325072,3389854,3368123,3317065,3316002,3324122,3314173,3383391,3367610,3350768,3350768,10
2025-10-02 14:52:01,50069,pairwise,LinkedCells,1.000000,lc_c04,none,SoA,enabled,2747345,2655884,2615799,2636054,2637132,2673283,2661110,2622854,2656293,2696154,2660190,2660190,10
2025-10-02 14:52:01,50079,pairwise,LinkedCells,1.000000,lc_c04_HCP,none,AoS,disabled,2186052,2095652,2099389,2118310,2118303,2094240,2077591,2084818,2096858,2096966,2106817,2106817,10
2025-10-02 14:52:01,50089,pairwise,LinkedCells,1.000000,lc_c04_HCP,none,AoS,enabled,1633837,1623619,1626499,1623666,1630555,1649778,1763168,1708692,1622689,1619144,1650163,1650163,10
2025-10-02 14:52:01,50099,pairwise,LinkedCells,1.000000,lc_c04_HCP,none,SoA,disabled,3360507,3269052,3237262,3264121,3439566,3431124,3251605,3237536,3263102,3248304,3300217,3300217,10
2025-10-02 14:52:01,50109,pairwise,LinkedCells,1.000000,lc_c04_HCP,none,SoA,enabled,2947865,3009328,3124811,2926408,2905815,2913231,2911150,2893513,2927526,3132080,2969172,2969172,10
2025-10-02 14:52:01,50119,pairwise,LinkedCells,1.000000,lc_c04_combined_SoA,none,SoA,disabled,4134021,3944421,3973825,3990710,3965014,4014291,4070930,4026334,3947701,4067627,4013486,4013486,10
2025-10-02 14:52:01,50129,pairwise,LinkedCells,1.000000,lc_c04_combined_SoA,none,SoA,enabled,3647004,3576991,3507461,3488424,3519178,3627438,3523396,3634767,3779930,3514413,3581899,3581899,10
2025-10-02 14:52:01,50139,pairwise,LinkedCells,1.000000,lc_c08,none,AoS,disabled,3208182,2993049,2733545,2736071,2740230,2725008,2700926,2673255,2692517,2667482,2787026,2787026,10
2025-10-02 14:52:01,50149,pairwise,LinkedCells,1.000000,lc_c08,none,AoS,enabled,2432503,2428104,2423060,2431802,2422353,2486338,2485798,2489120,2486841,2488219,2457413,2457413,10
2025-10-02 14:52:01,50159,pairwise,LinkedCells,1.000000,lc_c08,none,SoA,disabled,4533719,4410707,4465505,4402641,4465621,4470128,4455042,4463278,4415580,4408257,4449047,4449047,10
2025-10-02 14:52:01,50169,pairwise,LinkedCells,1.000000,lc_c08,none,SoA,enabled,4156901,4130580,4163028,4121550,4115067,4107039,4086536,4109668,4110450,4115206,4121602,4121602,10
2025-10-02 14:52:01,50179,pairwise,LinkedCells,1.000000,lc_c18,none,AoS,disabled,2850392,2867921,2869025,2862321,2808077,2812116,2853634,2799007,2852871,2817128,2839249,2839249,10
2025-10-02 14:52:01,50189,pairwise,LinkedCells,1.000000,lc_c18,none,AoS,enabled,2596625,2639293,2585110,2584316,2582218,2584380,2606863,2579553,2619556,2574711,2595262,2595262,10
2025-10-02 14:52:01,50199,pairwise,LinkedCells,1.000000,lc_c18,none,SoA,disabled,3814223,3695022,3644700,3653282,3710386,3687492,3713677,3715405,3669618,3708554,3701235,3701235,10
2025-10-02 14:52:01,50209,pairwise,LinkedCells,1.000000,lc_c18,none,SoA,enabled,3406355,3345624,3407228,3356224,3350270,3414580,3360432,3329630,3376256,3335963,3368256,3368256,10
2025-10-02 14:52:01,50219,pairwise,LinkedCells,1.000000,lc_sliced,none,AoS,disabled,4534853,4522346,4501648,4535581,4228051,4246737,4528262,4522633,4522236,4250713,4439305,4439305,10
2025-10-02 14:52:01,50229,pairwise,LinkedCells,1.000000,lc_sliced,none,AoS,enabled,3367878,3356994,3368259,3291842,3155927,3353448,3189196,3342167,3333363,3363256,3312232,3312232,10
2025-10-02 14:52:02,50239,pairwise,LinkedCells,1.000000,lc_sliced,none,SoA,disabled,4437747,4405827,4405547,4387037,4297521,4363764,4395813,4374192,4127384,4234295,4342912,4342912,10
2025-10-02 14:52:02,50249,pairwise,LinkedCells,1.000000,lc_sliced,none,SoA,enabled,3224820,3196570,3100532,3204460,3177538,3167325,3168815,3166989,3182786,3465827,3205565,3205565,10
2025-10-02 14:52:02,50259,pairwise,LinkedCells,1.000000,lc_sliced_balanced,none,AoS,disabled,4569879,4539519,4531709,4530482,4533047,4522596,4532480,4534185,4533025,4530046,4535696,4535696,10
2025-10-02 14:52:02,50269,pairwise,LinkedCells,1.000000,lc_sliced_balanced,none,AoS,enabled,3357168,3339002,3351807,3348822,3346104,3344070,3340343,3338613,3332479,3338818,3343722,3343722,10
2025-10-02 14:52:02,50279,pairwise,LinkedCells,1.000000,lc_sliced_balanced,none,SoA,disabled,4503752,4397455,4362082,4361734,4361105,4349594,4365194,4356230,4354180,4367322,4377864,4377864,10
2025-10-02 14:52:02,50289,pairwise,LinkedCells,1.000000,lc_sliced_balanced,none,SoA,enabled,3250413,3145873,3178773,3170438,3168205,3173716,3147708,3174171,3159332,3156205,3172482,3172482,10
2025-10-02 14:52:02,50299,pairwise,LinkedCells,1.000000,lc_sliced_balanced,squared-particles-per-cell,AoS,disabled,4828295,4606044,4560235,4567136,4564065,4561482,4549956,4556750,4557178,4561297,4591243,4591243,10
2025-10-02 14:52:02,50309,pairwise,LinkedCells,1.000000,lc_sliced_balanced,squared-particles-per-cell,AoS,enabled,3409836,3384015,3382133,3396306,3386352,3395541,3410261,3393191,3408712,3400132,3396647,3396647,10
2025-10-02 14:52:02,50319,pairwise,LinkedCells,1.000000,lc_sliced_balanced,squared-particles-per-cell,SoA,disabled,7929371,6917723,6820267,6988031,6989155,6950108,6919518,6847550,6834455,6861862,7005803,7005803,10
2025-10-02 14:52:02,50329,pairwise,LinkedCells,1.000000,lc_sliced_balanced,squared-particles-per-cell,SoA,enabled,6503786,6343024,6309604,6441055,6271368,6373805,6276036,6344465,6359648,6446720,6366950,6366950,10
2025-10-02 14:52:02,50339,pairwise,LinkedCells,1.000000,lc_sliced_c02,none,AoS,disabled,4679517,4564205,4544935,4538014,4486097,4456454,4457662,4479081,4442247,4520343,4516855,4516855,10
2025-10-02 14:52:02,50349,pairwise,LinkedCells,1.000000,lc_sliced_c02,none,AoS,enabled,3359515,3359237,3344065,3309883,3380538,3306282,3292783,3294290,3342004,3343436,3333202,3333202,10
2025-10-02 14:52:02,50359,pairwise,LinkedCells,1.000000,lc_sliced_c02,none,SoA,disabled,5272698,4458243,4511571,4393570,4401878,4383025,4424145,4396312,4471447,4464953,4517783,4517783,10
2025-10-02 14:52:02,50369,pairwise,LinkedCells,1.000000,lc_sliced_c02,none,SoA,enabled,3412656,3167676,3193806,3246306,3258659,3163010,3210073,3281925,3229441,3172945,3233649,3233649,10
2025-10-02 14:52:02,50379,pairwise,VerletClusterLists,1.000000,vcl_c01_balanced,none,AoS,disabled,16422553,3299654,3311083,3448061,3342554,3430567,3596185,3399065,3370342,3432868,4705292,4705292,10
2025-10-02 14:52:02,50389,pairwise,VerletClusterLists,1.000000,vcl_c01_balanced,none,SoA,disabled,11649033,1293666,1301442,1309585,1337141,1348779,1349509,1301839,1306605,1318863,2351646,2351646,10
2025-10-02 14:52:02,50399,pairwise,VerletClusterLists,1.000000,vcl_c06,none,AoS,disabled,23668325,13171328,13411910,13551859,13534279,13499494,13750062,13333093,14193766,13912956,14602706,14602706,10
2025-10-02 14:52:03,50409,pairwise,VerletClusterLists,1.000000,vcl_c06,none,AoS,enabled,13423253,7934968,7364385,7570820,7334149,7464564,7517550,7611369,7744233,7442901,8140819,8140819,10
2025-10-02 14:52:03,50419,pairwise,VerletClusterLists,1.000000,vcl_c06,none,SoA,disabled,15954700,5517134,5497955,5948099,5480129,5609481,5580356,5548879,5762785,5365777,6626529,6626529,10
2025-10-02 14:52:03,50429,pairwise,VerletClusterLists,1.000000,vcl_c06,none,SoA,enabled,9071186,3135193,3270255,3235923,3111723,3292795,3260822,3202279,3230703,3141875,3795275,3795275,10
2025-10-02 14:52:03,50439,pairwise,VerletClusterLists,1.000000,vcl_sliced,none,AoS,disabled,27336853,17438229,17464890,17480008,17501367,19070608,17436632,15519454,17521151,17461709,18423090,18423090,10
2025-10-02 14:52:03,50449,pairwise,VerletClusterLists,1.000000,vcl_sliced,none,AoS,enabled,15026691,8826099,9519002,8774284,8825930,8749157,8803706,8787204,8851648,8793251,9495696,9495696,10
2025-10-02 14:52:03,50459,pairwise,VerletClusterLists,1.000000,vcl_sliced,none,SoA,disabled,14981464,5132622,5567256,5532905,5543464,5055695,5059864,5058285,5544989,5052708,6252924,6252924,10
2025-10-02 14:52:03,50469,pairwise,VerletClusterLists,1.000000,vcl_sliced,none,SoA,enabled,9015019,2788660,2806681,3051952,3065538,2690022,3056623,2798263,2785729,2788486,3484697,3484697,10
2025-10-02 14:52:03,50479,pairwise,VerletClusterLists,1.000000,vcl_sliced_balanced,none,AoS,disabled,25910379,16231485,16272471,19059264,16272731,16299949,16283974,16256561,16296538,16292280,17517563,17517563,10
2025-10-02 14:52:03,50489,pairwise,VerletClusterLists,1.000000,vcl_sliced_balanced,none,AoS,enabled,14692924,8417252,8402502,8384504,8403952,8401190,8399333,8367985,8406552,11239067,9311526,9311526,10
2025-10-02 14:52:03,50499,pairwise,VerletClusterLists,1.000000,vcl_sliced_balanced,none,SoA,disabled,15734527,4913907,4910317,6772140,4893638,4904739,4875830,4928442,4876194,6769804,6357953,6357953,10
2025-10-02 14:52:03,50509,pairwise,VerletClusterLists,1.000000,vcl_sliced_balanced,none,SoA,enabled,8982550,2708847,2691928,2686486,2669852,2691915,2675471,2682514,2707217,2669402,3316618,3316618,10
2025-10-02 14:52:04,50519,pairwise,VerletClusterLists,1.000000,vcl_sliced_balanced,neighbor-list-length,AoS,disabled,28444733,16346065,16269242,16337733,16292887,16313117,16285362,19066239,16261198,16293848,17791042,17791042,10
2025-10-02 14:52:04,50529,pairwise,VerletClusterLists,1.000000,vcl_sliced_balanced,neighbor-list-length,AoS,enabled,14174234,8396059,8387835,8417632,8375508,8398288,8368898,8400593,8369861,8378583,8966748,8966748,10
2025-10-02 14:52:04,50539,pairwise,VerletClusterLists,1.000000,vcl_sliced_balanced,neighbor-list-length,SoA,disabled,14585795,4871117,4862449,4872971,4865238,4869468,4846846,4872241,4866849,6732016,6024498,6024498,10
2025-10-02 14:52:04,50549,pairwise,VerletClusterLists,1.000000,vcl_sliced_balanced,neighbor-list-length,SoA,enabled,8597765,2675589,2663045,2656128,2644312,2657994,2658261,2655037,2662116,2662687,3253293,3253293,10
2025-10-02 14:52:04,50559,pairwise,VerletClusterLists,1.000000,vcl_sliced_c02,none,AoS,disabled,30052395,20968726,18940497,19765897,19708735,20061412,21005012,16602714,19715728,19869541,20669065,20669065,10
2025-10-02 14:52:04,50569,pairwise,VerletClusterLists,1.000000,vcl_sliced_c02,none,AoS,enabled,15498820,9537058,9833022,10195043,9979258,9921050,10104576,9748658,9698371,9751117,10426697,10426697,10
2025-10-02 14:52:04,50579,pairwise,VerletClusterLists,1.000000,vcl_sliced_c02,none,SoA,disabled,17246109,6476326,6543212,5691774,6232450,6458901,6172446,6189764,6568049,6171103,7375013,7375013,10
2025-10-02 14:52:04,50589,pairwise,VerletClusterLists,1.000000,vcl_sliced_c02,none,SoA,enabled,9131300,3494183,3214378,3318251,3207883,3572747,3260230,3495427,3440059,3356633,3949109,3949109,10
2025-10-02 14:52:04,50599,pairwise,VerletLists,1.000000,vl_list_iteration,none,AoS,disabled,11571531,1620777,1607927,1618192,1587386,1592267,1605194,1619404,1593894,1589139,2600570,2600570,10
2025-10-02 14:52:04,50609,pairwise,VerletLists,1.000000,vl_list_iteration,none,SoA,disabled,32569527,2800746,2688044,2653839,2618824,2599517,2533466,2586804,2604658,2588843,5624426,5624426,10
2025-10-02 14:52:04,50619,pairwise,VerletListsCells,1.000000,vlc_c01,none,AoS,disabled,27689038,2126347,2112456,2102197,2105317,2108921,2107586,2108755,2114056,2107241,4668190,4668190,10
2025-10-02 14:52:05,50629,pairwise,VerletListsCells,1.000000,vlc_c01,none,SoA,disabled,50959444,4392579,4059107,3987701,4017424,3923867,3980993,4014770,3914308,3903617,8715380,8715380,10
2025-10-02 14:52:05,50639,pairwise,VerletListsCells,1.000000,vlc_c18,none,AoS,disabled,18926001,2404053,2345434,2336729,2337524,2352631,2342028,2330017,2338827,2342987,4005622,4005622,10
2025-10-02 14:52:05,50649,pairwise,VerletListsCells,1.000000,vlc_c18,none,AoS,enabled,17183008,2149829,2161176,2143327,2149071,2115753,2125878,2117452,2114280,2122619,3638239,3638239,10
2025-10-02 14:52:05,50659,pairwise,VerletListsCells,1.000000,vlc_c18,none,SoA,disabled,58333917,4922116,4707857,4617569,4590886,4584776,4567050,4572530,4524910,4540114,9996172,9996172,10
2025-10-02 14:52:05,50669,pairwise,VerletListsCells,1.000000,vlc_c18,none,SoA,enabled,42827347,4539425,4311702,4311329,4210584,4217233,4205431,4253998,4212429,4174721,8126419,8126419,10
2025-10-02 14:52:05,50679,pairwise,VerletListsCells,1.000000,vlc_c08,none,AoS,disabled,14452817,2165793,2151790,2143042,2144524,2195368,2146440,2150017,2142640,2141026,3383345,3383345,10
2025-10-02 14:52:05,50689,pairwise,VerletListsCells,1.000000,vlc_c08,none,AoS,enabled,14068568,1956497,1941668,1943229,1934664,1961181,1960020,1986924,1940714,1930529,3162398,3162398,10
2025-10-02 14:52:05,50699,pairwise,VerletListsCells,1.000000,vlc_c08,none,SoA,disabled,51003102,4728976,4485831,4420425,4388744,4384907,4392034,4354441,4335617,4345460,9083953,9083953,10
2025-10-02 14:52:05,50709,pairwise,VerletListsCells,1.000000,vlc_c08,none,SoA,enabled,41788140,4437351,4222801,4137926,4116985,4109820,4161345,4100035,4103976,4075121,7925349,7925349,10
2025-10-02 14:52:05,50719,pairwise,VerletListsCells,1.000000,vlc_sliced,none,AoS,disabled,20229198,3260635,3175118,3143451,3152574,3109988,3108943,3144428,3121844,3139776,4858594,4858594,10
2025-10-02 14:52:05,50729,pairwise,VerletListsCells,1.000000,vlc_sliced,none,AoS,enabled,17092608,1636060,1604646,1568684,1562988,1581131,1563882,1589366,1557397,1565961,3132271,3132271,10
2025-10-02 14:52:05,50739,pairwise,VerletListsCells,1.000000,vlc_sliced,none,SoA,disabled,61073494,5945827,5759146,5802337,5695462,5746636,5552959,5737353,5791669,5679629,11278450,11278450,10
2025-10-02 14:52:05,50749,pairwise,VerletListsCells,1.000000,vlc_sliced,none,SoA,enabled,42634402,3910789,3759959,3740907,3663202,3686675,3706294,3691393,3686842,3686969,7616743,7616743,10
2025-10-02 14:52:05,50759,pairwise,VerletListsCells,1.000000,vlc_sliced_balanced,none,AoS,disabled,19838442,3178394,3097051,3088049,3086694,3077579,3075020,3079346,3063979,3077191,4766174,4766174,10
2025-10-02 14:52:05,50769,pairwise,VerletListsCells,1.000000,vlc_sliced_balanced,none,AoS,enabled,16767496,1605633,1577843,1580584,1573930,1567837,1580714,1577544,1567282,1563599,3096245,3096245,10
2025-10-02 14:52:06,50779,pairwise,VerletListsCells,1.000000,vlc_sliced_balanced,none,SoA,disabled,59635441,5900542,5710284,5658778,5637760,5637815,5610401,5521743,5583266,5585366,11048139,11048139,10
2025-10-02 14:52:06,50789,pairwise,VerletListsCells,1.000000,vlc_sliced_balanced,none,SoA,enabled,42528797,3928835,3800216,3734056,3661334,3645198,3641666,3611958,3681673,3693320,7592705,7592705,10
2025-10-02 14:52:06,50799,pairwise,VerletListsCells,1.000000,vlc_sliced_balanced,squared-particles-per-cell,AoS,disabled,19673672,3351732,3261065,3232292,3210005,3188189,3187500,3179877,3173251,3210554,4866813,4866813,10
2025-10-02 14:52:06,50809,pairwise,VerletListsCells,1.000000,vlc_sliced_balanced,squared-particles-per-cell,AoS,enabled,16906114,1730829,1665015,1634292,1629506,1626292,1613974,1620027,1623418,1620706,3167017,3167017,10
2025-10-02 14:52:06,50819,pairwise,VerletListsCells,1.000000,vlc_sliced_balanced,squared-particles-per-cell,SoA,disabled,59662624,6042133,5918837,5893922,5870496,5881850,5815078,5838611,5775625,5783392,11248256,11248256,10
2025-10-02 14:52:06,50829,pairwise,VerletListsCells,1.000000,vlc_sliced_balanced,squared-particles-per-cell,SoA,enabled,44875929,3974025,3884327,3847919,3828361,3797982,3751973,3801657,3800012,3797670,7935985,7935985,10
2025-10-02 14:52:06,50839,pairwise,VerletListsCells,1.000000,vlc_sliced_balanced,neighbor-list-length,AoS,disabled,19569956,3214391,3139417,3112453,3103596,3104630,3100496,3110013,3111808,3113199,4767995,4767995,10
2025-10-02 14:52:06,50849,pairwise,VerletListsCells,1.000000,vlc_sliced_balanced,neighbor-list-length,AoS,enabled,17054964,1675910,1617937,1606982,1604067,1608862,1598619,1600834,1603383,1604543,3157609,3157609,10
2025-10-02 14:52:06,50859,pairwise,VerletListsCells,1.000000,vlc_sliced_balanced,neighbor-list-length,SoA,disabled,59792933,6287301,6054619,5990475,5961358,5930885,5927393,5927274,5899164,5892349,11366374,11366374,10
2025-10-02 14:52:06,50869,pairwise,VerletListsCells,1.000000,vlc_sliced_balanced,neighbor-list-length,SoA,enabled,44625505,4129819,3883937,3828364,3806011,3809115,3803296,3753287,3764898,3798403,7920263,7920263,10
2025-10-02 14:52:06,50879,pairwise,VerletListsCells,1.000000,vlc_sliced_c02,none,AoS,disabled,20075767,3894211,3647757,3633206,3732696,3488559,3507179,3743302,3626793,3624242,5297371,5297371,10
2025-10-02 14:52:06,50889,pairwise,VerletListsCells,1.000000,vlc_sliced_c02,none,AoS,enabled,17259399,2006699,1874922,1898472,1925883,1905025,1905380,1888478,1894885,1874711,3443384,3443384,10
2025-10-02 14:52:07,50899,pairwise,VerletListsCells,1.000000,vlc_sliced_c02,none,SoA,disabled,59927720,6734733,6553228,6485925,6453516,6477708,6478398,6492275,6539221,6448796,11859152,11859152,10
2025-10-02 14:52:07,50909,pairwise,VerletListsCells,1.000000,vlc_sliced_c02,none,SoA,enabled,44374839,4365108,4206597,4206770,4135573,4068749,4023194,3996577,4137325,3989043,8150377,8150377,10
2025-10-02 14:52:07,50919,pairwise,PairwiseVerletLists,1.000000,vlp_c01,none,AoS,disabled,23912596,2655959,2589196,2622502,2622145,2619998,2580970,2615902,2588197,2570239,4737770,4737770,10
2025-10-02 14:52:07,50929,pairwise,PairwiseVerletLists,1.000000,vlp_c01,none,SoA,disabled,104913241,6168396,6041524,6013354,6093868,6009132,6004214,6011060,5989611,5986329,15923072,15923072,10
2025-10-02 14:52:07,50939,pairwise,PairwiseVerletLists,1.000000,vlp_c18,none,AoS,disabled,21681242,2874502,2858543,2902198,2844940,2844946,2838554,2884102,2836450,2835362,4740083,4740083,10
2025-10-02 14:52:07,50949,pairwise,PairwiseVerletLists,1.000000,vlp_c18,none,AoS,enabled,22840532,2557203,2537046,2538808,2543012,2545027,2542304,2527234,2536849,2537932,4570594,4570594,10
2025-10-02 14:52:07,50959,pairwise,PairwiseVerletLists,1.000000,vlp_c18,none,SoA,disabled,130257857,6478329,6372014,6355457,6373821,6421932,6353484,6338429,6336793,6398425,18768653,18768653,10
2025-10-02 14:52:07,50969,pairwise,PairwiseVerletLists,1.000000,vlp_c18,none,SoA,enabled,96788784,5858145,5761526,5735315,5717708,5701672,5671200,5681516,5754587,5685584,14835603,14835603,10
2025-10-02 14:52:07,50979,pairwise,PairwiseVerletLists,1.000000,vlp_sliced,none,AoS,disabled,23902850,4738428,4550964,4631512,4624732,4369435,4582779,4313388,4562583,4596786,6487345,6487345,10
2025-10-02 14:52:07,50989,pairwise,PairwiseVerletLists,1.000000,vlp_sliced,none,AoS,enabled,23625472,2708319,2668830,2668864,2648425,2650765,2636476,2617524,2622194,2651711,4749857,4749857,10
2025-10-02 14:52:08,50999,pairwise,PairwiseVerletLists,1.000000,vlp_sliced,none,SoA,disabled,127748611,9207893,9042866,8939982,8989425,8974565,9125744,8973770,9018557,8998571,20901997,20901997,10
2025-10-02 14:52:08,51009,pairwise,PairwiseVerletLists,1.000000,vlp_sliced,none,SoA,enabled,98630388,6846632,6672970,6686042,6702318,6479161,6689100,6767824,6700846,6668838,15884411,15884411,10
2025-10-02 14:52:08,51019,pairwise,PairwiseVerletLists,1.000000,vlp_sliced_balanced,none,AoS,disabled,23989870,4738489,4645444,4596500,4567392,4541961,4555298,4571663,4559709,4557513,6532383,6532383,10
2025-10-02 14:52:08,51029,pairwise,PairwiseVerletLists,1.000000,vlp_sliced_balanced,none,AoS,enabled,23740795,2701879,2683848,2636077,2621686,2620048,2631120,2632238,2622935,2631236,4752185,4752185,10
2025-10-02 14:52:08,51039,pairwise,PairwiseVerletLists,1.000000,vlp_sliced_balanced,none,SoA,disabled,127172157,9279702,9094546,9127401,9067985,9083777,9064130,9074718,9083536,9069164,20911711,20911711,10
2025-10-02 14:52:08,51049,pairwise,PairwiseVerletLists,1.000000,vlp_sliced_balanced,none,SoA,enabled,98276667,6802937,6624480,6621700,6591284,6626266,6602103,6603361,6638467,6585265,15797252,15797252,10
2025-10-02 14:52:08,51059,pairwise,PairwiseVerletLists,1.000000,vlp_sliced_c02,none,AoS,disabled,24942579,5852006,5723187,5849482,5843837,5820795,5755076,5798382,5622560,5574042,7678194,7678194,10
2025-10-02 14:52:08,51069,pairwise,PairwiseVerletLists,1.000000,vlp_sliced_c02,none,AoS,enabled,24336689,3227363,3315984,3181789,3177744,3233609,3297342,3156440,3235789,3288780,5345152,5345152,10
2025-10-02 14:52:09,51079,pairwise,PairwiseVerletLists,1.000000,vlp_sliced_c02,none,SoA,disabled,128992274,10563183,10534770,10490911,10438985,10303005,10300275,10271721,10413938,10347776,22265683,22265683,10
2025-10-02 14:52:09,51089,pairwise,PairwiseVerletLists,1.000000,vlp_sliced_c02,none,SoA,enabled,98662079,7686013,7565239,7486220,7454047,7441092,7537300,7451076,7476544,7322326,16608193,16608193,10
2025-10-02 14:52:09,51099,pairwise,PairwiseVerletLists,1.000000,vlp_c08,none,AoS,disabled,23657221,4698282,4678908,4674533,4663383,4663137,4696629,4660291,4663548,4659130,6571505,6571505,10
2025-10-02 14:52:09,51109,pairwise,PairwiseVerletLists,1.000000,vlp_c08,none,AoS,enabled,24243944,3044791,3010131,3009942,3009315,3002954,3002645,2995210,3018318,3034870,5137211,5137211,10
2025-10-02 14:52:09,51119,pairwise,PairwiseVerletLists,1.000000,vlp_c08,none,SoA,disabled,126628574,8799499,8720310,8747277,8724926,8713412,8737398,8759857,8705417,8717418,20525408,20525408,10
2025-10-02 14:52:09,51129,pairwise,PairwiseVerletLists,1.000000,vlp_c08,none,SoA,enabled,97591544,6833324,6772534,6827609,6749539,6763240,6835382,6745411,6781685,6747208,15864747,15864747,10
2025-10-02 14:56:14,55009,pairwise,LinkedCells,1.000000,lc_c01,none,AoS,disabled,3378068,3259939,3280413,3272075,3261537,3309214,3320623,3284347,3313154,3299870,3297923,3297923,10
2025-10-02 14:56:15,55019,pairwise,LinkedCells,1.000000,lc_c01,none,SoA,disabled,4605530,3877946,3825767,3834322,3884108,3892967,3878670,3858698,3842326,3869374,3936970,3936970,10
2025-10-02 14:56:15,55029,pairwise,LinkedCells,1.000000,lc_c01_combined_SoA,none,SoA,disabled,3750105,3774594,3908133,3825436,3861090,3803542,3801046,3773100,3822256,3859635,3817893,3817893,10
2025-10-02 14:56:15,55039,pairwise,LinkedCells,1.000000,lc_c04,none,AoS,disabled,3127995,3065285,3068015,3060979,3039807,3027638,3064592,3110183,3070824,3035417,3067073,3067073,10
2025-10-02 14:56:15,55049,pairwise,LinkedCells,1.000000,lc_c04,none,AoS,enabled,2330666,2329004,2302933,2292764,2356264,2296794,2294539,2331520,2291362,2332549,2315839,2315839,10
2025-10-02 14:56:15,55059,pairwise,LinkedCells,1.000000,lc_c04,none,SoA,disabled,3384448,3285644,3278719,3269308,3282767,3284277,3275122,3276835,3262335,3303753,3290320,3290320,10
2025-10-02 14:56:15,55069,pairwise,LinkedCells,1.000000,lc_c04,none,SoA,enabled,2623832,2586478,2589208,2667312,2633243,2575637,2570072,2598958,2692267,2704069,2624107,2624107,10
2025-10-02 14:56:15,55079,pairwise,LinkedCells,1.000000,lc_c04_HCP,none,AoS,disabled,2065689,2003764,1983499,1998166,1990923,1984679,1984254,1996508,2019200,2022085,2004876,2004876,10
2025-10-02 14:56:15,55089,pairwise,LinkedCells,1.000000,lc_c04_HCP,none,AoS,enabled,1592088,1557383,1560050,1555616,1556081,1549128,1557476,1566159,1560460,1557473,1561191,1561191,10
2025-10-02 14:56:15,55099,pairwise,LinkedCells,1.000000,lc_c04_HCP,none,SoA,disabled,3246745,3153947,3154764,3156898,3128514,3131867,3151423,3201243,3155351,3143499,3162424,3162424,10
2025-10-02 14:56:15,55109,pairwise,LinkedCells,1.000000,lc_c04_HCP,none,SoA,enabled,2890619,2858546,2828469,2824735,2799163,2817349,2837192,2836852,2837114,2829130,2835916,2835916,10
2025-10-02 14:56:15,55119,pairwise,LinkedCells,1.000000,lc_c04_combined_SoA,none,SoA,disabled,3878641,3846971,3856133,3857247,3794124,3814082,3819639,3834063,3839364,3849769,3839003,3839003,10
2025-10-02 14:56:15,55129,pairwise,LinkedCells,1.000000,lc_c04_combined_SoA,none,SoA,enabled,3481472,3380101,3382254,3396726,3458854,3407404,3454854,3398636,3398123,3380606,3413902,3413902,10
2025-10-02 14:56:15,55139,pairwise,LinkedCells,1.000000,lc_c08,none,AoS,disabled,2700843,2587910,2653107,2629091,2605173,2639648,2617485,2589867,2586574,2643747,2625343,2625343,10
2025-10-02 14:56:15,55149,pairwise,LinkedCells,1.000000,lc_c08,none,AoS,enabled,2462256,2410973,2394450,2379388,2375766,2380529,2385152,2389879,2439499,2415997,2403388,2403388,10
2025-10-02 14:56:15,55159,pairwise,LinkedCells,1.000000,lc_c08,none,SoA,disabled,4401452,4306890,4366105,4308168,4321690,4333551,4341678,4321790,4304752,4339334,4334540,4334540,10
2025-10-02 14:56:15,55169,pairwise,LinkedCells,1.000000,lc_c08,none,SoA,enabled,4009114,4023023,3987530,3963502,3982300,3993251,4003154,3984335,3943554,3996681,3988644,3988644,10
2025-10-02 14:56:15,55179,pairwise,LinkedCells,1.000000,lc_c18,none,AoS,disabled,2785277,2787160,2785769,2790110,2802434,2765511,2737935,2738197,2735868,2777255,2770551,2770551,10
2025-10-02 14:56:15,55189,pairwise,LinkedCells,1.000000,lc_c18,none,AoS,enabled,2563991,2532336,2514785,2565655,2541209,2527345,2527561,2591772,2568334,2578059,2551103,2551103,10
2025-10-02 14:56:15,55199,pairwise,LinkedCells,1.000000,lc_c18,none,SoA,disabled,3716330,3568035,3563443,3550495,3628316,3624669,3611863,3619077,3612889,3577743,3607286,3607286,10
2025-10-02 14:56:15,55209,pairwise,LinkedCells,1.000000,lc_c18,none,SoA,enabled,3350588,3268910,3301875,3344942,3326593,3344892,3325781,3256151,3294033,3307291,3312104,3312104,10
2025-10-02 14:56:15,55219,pairwise,LinkedCells,1.000000,lc_sliced,none,AoS,disabled,4212243,4229638,4158743,4225792,4152275,4221356,3896869,4217548,3778147,4210754,4130335,4130335,10
2025-10-02 14:56:15,55229,pairwise,LinkedCells,1.000000,lc_sliced,none,AoS,enabled,3141891,3019335,3136041,3113802,3112747,3102928,3123667,3125967,3081177,3088184,3104573,3104573,10
2025-10-02 14:56:15,55239,pairwise,LinkedCells,1.000000,lc_sliced,none,SoA,disabled,4355965,4122049,4111135,4164296,4101445,4105638,3934631,4133155,4082834,4129391,4124053,4124053,10
2025-10-02 14:56:15,55249,pairwise,LinkedCells,1.000000,lc_sliced,none,SoA,enabled,3092788,3161851,3068208,3056130,3030640,3061442,3097447,3041402,3052600,3058347,3072085,3072085,10
2025-10-02 14:56:15,55259,pairwise,LinkedCells,1.000000,lc_sliced_balanced,none,AoS,disabled,4242809,4205530,4190572,4211482,4187353,4200085,4193268,4195835,4190183,4203494,4202060,4202060,10
2025-10-02 14:56:15,55269,pairwise,LinkedCells,1.000000,lc_sliced_balanced,none,AoS,enabled,3108533,3105960,3101802,3108369,3100763,3115135,3097807,3109138,3114706,3100061,3106227,3106227,10
2025-10-02 14:56:16,55279,pairwise,LinkedCells,1.000000,lc_sliced_balanced,none,SoA,disabled,4258428,4130569,4117231,4109124,4117538,4123448,4101642,4115158,4104308,4139175,4131662,4131662,10
2025-10-02 14:56:16,55289,pairwise,LinkedCells,1.000000,lc_sliced_balanced,none,SoA,enabled,3122343,3024077,2998289,3000782,3014824,3023023,3019579,3008804,3021154,3020381,3025324,3025324,10
2025-10-02 14:56:16,55299,pairwise,LinkedCells,1.000000,lc_sliced_balanced,squared-particles-per-cell,AoS,disabled,4593398,4335426,4282013,4284528,4274687,4281469,4268673,4288621,4273223,4275542,4315757,4315757,10
2025-10-02 14:56:16,55309,pairwise,LinkedCells,1.000000,lc_sliced_balanced,squared-particles-per-cell,AoS,enabled,3196327,3166759,3175318,3152623,3170268,3169913,3168542,3172811,3168287,3162413,3170326,3170326,10
2025-10-02 14:56:16,55319,pairwise,LinkedCells,1.000000,lc_sliced_balanced,squared-particles-per-cell,SoA,disabled,8269903,7196468,7260624,7377110,7344636,7222519,7289330,7189096,7309965,7352693,7381234,7381234,10
2025-10-02 14:56:16,55329,pairwise,LinkedCells,1.000000,lc_sliced_balanced,squared-particles-per-cell,SoA,enabled,7110241,6834231,6808197,6857707,6833226,6805859,6827066,6778047,6851427,6733371,6843936,6843936,10
2025-10-02 14:56:16,55339,pairwise,LinkedCells,1.000000,lc_sliced_c02,none,AoS,disabled,4370625,4210157,4176841,4186246,4122409,4229711,4167788,4182329,4120060,4266313,4203247,4203247,10
2025-10-02 14:56:16,55349,pairwise,LinkedCells,1.000000,lc_sliced_c02,none,AoS,enabled,3101870,3024839,3088749,3110683,3089690,3077097,3051882,3051080,3045022,2959355,3060026,3060026,10
2025-10-02 14:56:16,55359,pairwise,LinkedCells,1.000000,lc_sliced_c02,none,SoA,disabled,4855128,4113281,4109085,4005064,4030519,4025613,3957361,4116787,4097850,3990878,4130156,4130156,10
2025-10-02 14:56:16,55369,pairwise,LinkedCells,1.000000,lc_sliced_c02,none,SoA,enabled,3258068,2991091,2970364,3001577,2958775,2998331,2972576,2981491,2992456,3016196,3014092,3014092,10
2025-10-02 14:56:16,55379,pairwise,VerletClusterLists,1.000000,vcl_c01_balanced,none,AoS,disabled,17731606,3140253,3172871,3145318,3153054,3144844,3155244,3154798,3139891,3171157,4610902,4610902,10
2025-10-02 14:56:16,55389,pairwise,VerletClusterLists,1.000000,vcl_c01_balanced,none,SoA,disabled,12507027,1241390,1227409,1222610,1227564,1225192,1220002,1224079,1224658,1215159,2353508,2353508,10
2025-10-02 14:56:16,55399,pairwise,VerletClusterLists,1.000000,vcl_c06,none,AoS,disabled,27354305,16168435,16334242,15526725,16018265,16204734,16289087,15506711,15787703,15691860,17088206,17088206,10
2025-10-02 14:56:16,55409,pairwise,VerletClusterLists,1.000000,vcl_c06,none,AoS,enabled,14463456,8098643,8424800,8140197,8395499,7969265,8407965,7973647,8290335,7974426,8813823,8813823,10
2025-10-02 14:56:16,55419,pairwise,VerletClusterLists,1.000000,vcl_c06,none,SoA,disabled,17653736,6359541,6282447,6324074,6440192,6407684,6557474,6332162,6483408,6208821,7504953,7504953,10
2025-10-02 14:56:16,55429,pairwise,VerletClusterLists,1.000000,vcl_c06,none,SoA,enabled,10020749,3994446,3533670,3517232,3675017,3759253,3797836,3890407,3817088,3797201,4380289,4380289,10
2025-10-02 14:56:17,55439,pairwise,VerletClusterLists,1.000000,vcl_sliced,none,AoS,disabled,28218085,15659383,15654967,15671450,17288797,15154139,14072665,15183259,15668141,15694580,16826546,16826546,10
2025-10-02 14:56:17,55449,pairwise,VerletClusterLists,1.000000,vcl_sliced,none,AoS,enabled,14271541,8752233,8005183,8028909,8040960,8845402,8051165,8008460,8019361,8339905,8836311,8836311,10
2025-10-02 14:56:17,55459,pairwise,VerletClusterLists,1.000000,vcl_sliced,none,SoA,disabled,15988109,5045078,4915325,5217409,4929773,5010122,5354993,4901243,4928175,4929398,6121962,6121962,10
2025-10-02 14:56:17,55469,pairwise,VerletClusterLists,1.000000,vcl_sliced,none,SoA,enabled,9379575,2743897,2748928,2721410,2736388,2732489,2740359,2920306,2740671,2715573,3417958,3417958,10
2025-10-02 14:56:17,55479,pairwise,VerletClusterLists,1.000000,vcl_sliced_balanced,none,AoS,disabled,26636741,15726853,17865736,15672321,15658188,15656619,17879266,15684878,15643890,15638192,17206268,17206268,10
2025-10-02 14:56:17,55489,pairwise,VerletClusterLists,1.000000,vcl_sliced_balanced,none,AoS,enabled,14899679,8365828,8362499,8325007,8386157,10300420,8329558,8357867,8356180,8311072,9199426,9199426,10
2025-10-02 14:56:17,55499,pairwise,VerletClusterLists,1.000000,vcl_sliced_balanced,none,SoA,disabled,16029374,5037204,5047396,5037633,5018474,5032480,5035602,5017687,5028819,5007698,6129236,6129236,10
2025-10-02 14:56:17,55509,pairwise,VerletClusterLists,1.000000,vcl_sliced_balanced,none,SoA,enabled,9076478,2780500,2768828,2776910,2759843,2816455,2788808,2779595,2777007,2771384,3409580,3409580,10
2025-10-02 14:56:17,55519,pairwise,VerletClusterLists,1.000000,vcl_sliced_balanced,neighbor-list-length,AoS,disabled,28757186,15718306,15691957,15663441,15714567,15666649,15677582,15682052,15637593,15605201,16981452,16981452,10
2025-10-02 14:56:18,55529,pairwise,VerletClusterLists,1.000000,vcl_sliced_balanced,neighbor-list-length,AoS,enabled,15008920,8357912,8342275,8369719,8354210,8347199,8322559,8326618,8334767,8355024,9011920,9011920,10
2025-10-02 14:56:18,55539,pairwise,VerletClusterLists,1.000000,vcl_sliced_balanced,neighbor-list-length,SoA,disabled,16111887,5027889,5018898,5036805,5030034,5024395,5033986,5032856,5015585,5024532,6135686,6135686,10
2025-10-02 14:56:18,55549,pairwise,VerletClusterLists,1.000000,vcl_sliced_balanced,neighbor-list-length,SoA,enabled,9113726,2777788,2769366,2771076,2775081,2772496,2762100,2759513,2770213,2759087,3403044,3403044,10
2025-10-02 14:56:18,55559,pairwise,VerletClusterLists,1.000000,vcl_sliced_c02,none,AoS,disabled,37028146,20940777,25241786,25142840,23108698,24085273,24037776,25074022,24103732,23690815,25245386,25245386,10
2025-10-02 14:56:18,55569,pairwise,VerletClusterLists,1.000000,vcl_sliced_c02,none,AoS,enabled,18426389,12055942,12550935,11470676,12521748,11734710,12474997,12592991,12065236,11900294,12779391,12779391,10
2025-10-02 14:56:18,55579,pairwise,VerletClusterLists,1.000000,vcl_sliced_c02,none,SoA,disabled,18618355,7479180,7947111,7286753,7774550,7750050,7498086,7739443,7609009,7939074,8764160,8764160,10
2025-10-02 14:56:18,55589,pairwise,VerletClusterLists,1.000000,vcl_sliced_c02,none,SoA,enabled,10405007,4161962,4220630,4146752,4218000,4096955,4223750,3946461,4088379,4233355,4774124,4774124,10
2025-10-02 14:56:18,55599,pairwise,VerletLists,1.000000,vl_list_iteration,none,AoS,disabled,10290558,1193196,1148860,1151915,1124126,1152450,1156264,1146466,1124679,1147700,2063621,2063621,10
2025-10-02 14:56:18,55609,pairwise,VerletLists,1.000000,vl_list_iteration,none,SoA,disabled,31206461,2701720,2578419,2576283,2548937,2536642,2529958,2529925,2537080,2534222,5427964,5427964,10
2025-10-02 14:56:18,55619,pairwise,VerletListsCells,1.000000,vlc_c01,none,AoS,disabled,27253248,2114969,2079614,2071855,2072542,2070403,2076954,2059288,2065679,2064311,4592886,4592886,10
2025-10-02 14:56:18,55629,pairwise,VerletListsCells,1.000000,vlc_c01,none,SoA,disabled,49432434,4196208,3950552,3935608,3864419,3834182,3833204,3872553,3808032,3820831,8454802,8454802,10
2025-10-02 14:56:18,55639,pairwise,VerletListsCells,1.000000,vlc_c18,none,AoS,disabled,18585567,2318547,2370296,2315344,2365476,2293960,2301669,2297292,2309912,2327460,3948552,3948552,10
2025-10-02 14:56:18,55649,pairwise,VerletListsCells,1.000000,vlc_c18,none,AoS,enabled,16966242,2103166,2092345,2092340,2096893,2107161,2098931,2091542,2089365,2093386,3583136,3583136,10
2025-10-02 14:56:19,55659,pairwise,VerletListsCells,1.000000,vlc_c18,none,SoA,disabled,55874621,4808978,4573540,4484480,4462540,4448030,4449080,4467311,4438338,4496883,9650379,9650379,10
2025-10-02 14:56:19,55669,pairwise,VerletListsCells,1.000000,vlc_c18,none,SoA,enabled,41047337,4418214,4140727,4117117,4124556,4116544,4101650,4087522,4085526,4101408,7834060,7834060,10
2025-10-02 14:56:19,55679,pairwise,VerletListsCells,1.000000,vlc_c08,none,AoS,disabled,14142236,2132660,2107248,2098893,2103703,2091143,2097172,2085491,2104387,2090357,3305328,3305328,10
2025-10-02 14:56:19,55689,pairwise,VerletListsCells,1.000000,vlc_c08,none,AoS,enabled,13817344,1925857,1917154,1916483,1912288,1918984,1911625,1913581,1907665,1916186,3105715,3105715,10
2025-10-02 14:56:19,55699,pairwise,VerletListsCells,1.000000,vlc_c08,none,SoA,disabled,48864293,4574790,4351664,4319511,4244092,4304153,4222706,4211073,4214681,4212818,8751977,8751977,10
2025-10-02 14:56:19,55709,pairwise,VerletListsCells,1.000000,vlc_c08,none,SoA,enabled,40111524,4294329,4043478,3996262,3985354,4004429,4038861,3993812,3959348,3957663,7638505,7638505,10
2025-10-02 14:56:19,55719,pairwise,VerletListsCells,1.000000,vlc_sliced,none,AoS,disabled,19543550,2893122,2883196,2873731,2846302,2839253,2832939,2828982,2819893,2824491,4518545,4518545,10
2025-10-02 14:56:19,55729,pairwise,VerletListsCells,1.000000,vlc_sliced,none,AoS,enabled,16752424,1484798,1440163,1420962,1429028,1430448,1388035,1418690,1421810,1430212,2961656,2961656,10
2025-10-02 14:56:19,55739,pairwise,VerletListsCells,1.000000,vlc_sliced,none,SoA,disabled,57781566,5432598,5284230,5204680,5254297,5221475,5247722,5234146,5273540,5254035,10518828,10518828,10
2025-10-02 14:56:19,55749,pairwise,VerletListsCells,1.000000,vlc_sliced,none,SoA,enabled,40634327,3670551,3581116,3484489,3497035,3466718,3449407,3523488,3490924,3454842,7225289,7225289,10
2025-10-02 14:56:19,55759,pairwise,VerletListsCells,1.000000,vlc_sliced_balanced,none,AoS,disabled,19287354,2855728,2800943,2789170,2786978,2796152,2790775,2799006,2795200,2787178,4448847,4448847,10
2025-10-02 14:56:19,55769,pairwise,VerletListsCells,1.000000,vlc_sliced_balanced,none,AoS,enabled,16443309,1459353,1426484,1418927,1425103,1424625,1424511,1417790,1417507,1418511,2927611,2927611,10
2025-10-02 14:56:19,55779,pairwise,VerletListsCells,1.000000,vlc_sliced_balanced,none,SoA,disabled,57066450,5449296,5280257,5221046,5198919,5172722,5196391,5167759,5143891,5145047,10404177,10404177,10
2025-10-02 14:56:19,55789,pairwise,VerletListsCells,1.000000,vlc_sliced_balanced,none,SoA,enabled,40854498,3678263,3528471,3487213,3447577,3449088,3429524,3453918,3429494,3425323,7218336,7218336,10
2025-10-02 14:56:20,55799,pairwise,VerletListsCells,1.000000,vlc_sliced_balanced,squared-particles-per-cell,AoS,disabled,19179866,3002341,2914621,2885279,2876880,2884921,2880655,2859212,2858826,2851804,4519440,4519440,10
2025-10-02 14:56:20,55809,pairwise,VerletListsCells,1.000000,vlc_sliced_balanced,squared-particles-per-cell,AoS,enabled,16600680,1563242,1509170,1485770,1475700,1475331,1477797,1472540,1466201,1464175,2999060,2999060,10
2025-10-02 14:56:20,55819,pairwise,VerletListsCells,1.000000,vlc_sliced_balanced,squared-particles-per-cell,SoA,disabled,56750069,5621516,5500092,5479662,5457182,5476434,5443871,5460457,5443617,5455952,10608885,10608885,10
2025-10-02 14:56:20,55829,pairwise,VerletListsCells,1.000000,vlc_sliced_balanced,squared-particles-per-cell,SoA,enabled,42526767,3727394,3641562,3622123,3611059,3619154,3591429,3584140,3596006,3597155,7511678,7511678,10
2025-10-02 14:56:20,55839,pairwise,VerletListsCells,1.000000,vlc_sliced_balanced,neighbor-list-length,AoS,disabled,19078222,2924119,2856991,2824098,2827146,2823474,2821965,2827867,2814750,2821296,4461992,4461992,10
2025-10-02 14:56:20,55849,pairwise,VerletListsCells,1.000000,vlc_sliced_balanced,neighbor-list-length,AoS,enabled,16613543,1520703,1472984,1461826,1464754,1460693,1460298,1459360,1457067,1457730,2982895,2982895,10
2025-10-02 14:56:20,55859,pairwise,VerletListsCells,1.000000,vlc_sliced_balanced,neighbor-list-length,SoA,disabled,57062975,5830024,5610314,5542808,5490554,5491951,5488945,5503458,5463622,5494261,10697891,10697891,10
2025-10-02 14:56:20,55869,pairwise,VerletListsCells,1.000000,vlc_sliced_balanced,neighbor-list-length,SoA,enabled,42499213,3837379,3666247,3616064,3600193,3591140,3560767,3569235,3567785,3572668,7508068,7508068,10
2025-10-02 14:56:20,55879,pairwise,VerletListsCells,1.000000,vlc_sliced_c02,none,AoS,disabled,19319029,3243615,3318687,3308532,3195542,3214877,3306870,3233113,3198874,3161671,4850080,4850080,10
2025-10-02 14:56:20,55889,pairwise,VerletListsCells,1.000000,vlc_sliced_c02,none,AoS,enabled,16701495,1655367,1748393,1673836,1607028,1678812,1652594,1719648,1716948,1674559,3182867,3182867,10
2025-10-02 14:56:20,55899,pairwise,VerletListsCells,1.000000,vlc_sliced_c02,none,SoA,disabled,56819846,6194171,5793306,5832188,5897739,5854524,5876513,5929342,5818626,5801077,10981732,10981732,10
2025-10-02 14:56:20,55909,pairwise,VerletListsCells,1.000000,vlc_sliced_c02,none,SoA,enabled,42308820,4072512,3806545,3761898,3917584,3742690,3759768,3748389,3703905,3718971,7654107,7654107,10
2025-10-02 14:56:20,55919,pairwise,PairwiseVerletLists,1.000000,vlp_c01,none,AoS,disabled,23677831,2552366,2520490,2522600,2511473,2532419,2573651,2545374,2506265,2508041,4645050,4645050,10
2025-10-02 14:56:21,55929,pairwise,PairwiseVerletLists,1.000000,vlp_c01,none,SoA,disabled,99929291,5954869,5845178,5799198,5814113,5848303,5779018,5773714,5868143,5819653,15243147,15243147,10
2025-10-02 14:56:21,55939,pairwise,PairwiseVerletLists,1.000000,vlp_c18,none,AoS,disabled,21227475,2817703,2787889,2791564,2829598,2786665,2802060,2791481,2773738,2810045,4641821,4641821,10
2025-10-02 14:56:21,55949,pairwise,PairwiseVerletLists,1.000000,vlp_c18,none,AoS,enabled,22181111,2535377,2514975,2523227,2503467,2503489,2506137,2553352,2518064,2567672,4490686,4490686,10
2025-10-02 14:56:21,55959,pairwise,PairwiseVerletLists,1.000000,vlp_c18,none,SoA,disabled,124164824,6275052,6221146,6165794,6188829,6177228,6170557,6154243,6146491,6160714,17982487,17982487,10
2025-10-02 14:56:21,55969,pairwise,PairwiseVerletLists,1.000000,vlp_c18,none,SoA,enabled,93136047,5726237,5533030,5529047,5484547,5495025,5514524,5533451,5504141,5540088,14299613,14299613,10
2025-10-02 14:56:21,55979,pairwise,PairwiseVerletLists,1.000000,vlp_sliced,none,AoS,disabled,22989212,4270920,4212333,4146994,4229250,4105001,4148460,4192459,4142448,4157089,6059416,6059416,10
2025-10-02 14:56:21,55989,pairwise,PairwiseVerletLists,1.000000,vlp_sliced,none,AoS,enabled,22889181,2449745,2427536,2406254,2392412,2305480,2400746,2379733,2401021,2387282,4443938,4443938,10
2025-10-02 14:56:21,55999,pairwise,PairwiseVerletLists,1.000000,vlp_sliced,none,SoA,disabled,120785097,8248996,8162315,8183491,8150596,8007267,8148153,8139591,8193774,8242922,19426219,19426219,10
2025-10-02 14:56:22,56009,pairwise,PairwiseVerletLists,1.000000,vlp_sliced,none,SoA,enabled,93645037,6276952,6196553,6120653,6156119,6152692,6024747,6106216,6127552,6005426,14881194,14881194,10
2025-10-02 14:56:22,56019,pairwise,PairwiseVerletLists,1.000000,vlp_sliced_balanced,none,AoS,disabled,23045998,4265329,4182050,4151480,4144679,4119765,4130446,4134150,4127908,4112423,6041422,6041422,10
2025-10-02 14:56:22,56029,pairwise,PairwiseVerletLists,1.000000,vlp_sliced_balanced,none,AoS,enabled,22930473,2488398,2435991,2438252,2398954,2411010,2395544,2383442,2379165,2401729,4466295,4466295,10
2025-10-02 14:56:22,56039,pairwise,PairwiseVerletLists,1.000000,vlp_sliced_balanced,none,SoA,disabled,122095593,8365776,8160778,8184469,8177994,8208830,8151048,8222723,8154181,8187498,19590888,19590888,10
2025-10-02 14:56:22,56049,pairwise,PairwiseVerletLists,1.000000,vlp_sliced_balanced,none,SoA,enabled,94533162,6255288,6063052,6058788,5999526,6006349,6049116,6053990,6036950,6029785,14908600,14908600,10
2025-10-02 14:56:22,56059,pairwise,PairwiseVerletLists,1.000000,vlp_sliced_c02,none,AoS,disabled,23809647,5189929,5070755,5089968,5078302,5124250,5035518,4806661,5024367,5038368,6926776,6926776,10
2025-10-02 14:56:22,56069,pairwise,PairwiseVerletLists,1.000000,vlp_sliced_c02,none,AoS,enabled,23460660,2928425,2942858,2870931,2897300,2850068,2875914,2887346,2854091,2863247,4943083,4943083,10
2025-10-02 14:56:22,56079,pairwise,PairwiseVerletLists,1.000000,vlp_sliced_c02,none,SoA,disabled,122999508,9342648,8983289,9145534,9165965,9105621,9092836,9153830,9269502,9046874,20530560,20530560,10
2025-10-02 14:56:23,56089,pairwise,PairwiseVerletLists,1.000000,vlp_sliced_c02,none,SoA,enabled,94628608,6895558,6563179,6781839,6757563,6628456,6754647,6761870,6771557,6721855,15526512,15526512,10
2025-10-02 14:56:23,56099,pairwise,PairwiseVerletLists,1.000000,vlp_c08,none,AoS,disabled,23251791,4601745,4576766,4576995,4574848,4560362,4568324,4610466,4582468,4565743,6446950,6446950,10
2025-10-02 14:56:23,56109,pairwise,PairwiseVerletLists,1.000000,vlp_c08,none,AoS,enabled,23639552,2989379,2961816,2950716,2959752,2963355,2947200,2951690,2952905,2960474,5027683,5027683,10
2025-10-02 14:56:23,56119,pairwise,PairwiseVerletLists,1.000000,vlp_c08,none,SoA,disabled,122095353,8620158,8594175,8604015,8592390,8585998,8574245,8589695,8583263,8625682,19946496,19946496,10
2025-10-02 14:56:23,56129,pairwise,PairwiseVerletLists,1.000000,vlp_c08,none,SoA,enabled,94326842,6669948,6595457,6581034,6587866,6585096,6581772,6598949,6580828,6602917,15371070,15371070,10
2025-10-02 14:58:24,60009,pairwise,LinkedCells,1.000000,lc_c01,none,AoS,disabled,3211533,3165737,3194745,3132236,3134857,3147919,3140059,3139173,3124439,3133354,3152404,3152404,10
2025-10-02 14:58:24,60019,pairwise,LinkedCells,1.000000,lc_c01,none,SoA,disabled,4503114,3752614,3746006,3679575,3713964,3687715,3681838,3707553,3682125,3697450,3785194,3785194,10
2025-10-02 14:58:24,60029,pairwise,LinkedCells,1.000000,lc_c01_combined_SoA,none,SoA,disabled,3603200,3713787,3620428,3717417,3712141,3595263,3729404,3647171,3598920,3654864,3659259,3659259,10
2025-10-02 14:58:24,60039,pairwise,LinkedCells,1.000000,lc_c04,none,AoS,disabled,3209720,3157262,3088528,3041154,3091061,3109812,3044242,3009543,3085601,3080214,3091712,3091712,10
2025-10-02 14:58:24,60049,pairwise,LinkedCells,1.000000,lc_c04,none,AoS,enabled,2282639,2313630,2249587,2246558,2272582,2251632,2304408,2278821,2230890,2269062,2269980,2269980,10
2025-10-02 14:58:24,60059,pairwise,LinkedCells,1.000000,lc_c04,none,SoA,disabled,3119525,3020576,2993207,2974431,3009033,2996428,3024375,2989961,3030417,2994429,3015237,3015237,10
2025-10-02 14:58:24,60069,pairwise,LinkedCells,1.000000,lc_c04,none,SoA,enabled,2457499,2390100,2467277,2406795,2394309,2524193,2395762,2391319,2409132,2398093,2423447,2423447,10
2025-10-02 14:58:24,60079,pairwise,LinkedCells,1.000000,lc_c04_HCP,none,AoS,disabled,1984849,1936933,1928899,1937008,1924532,1933436,1941765,1928467,1921052,1926946,1936388,1936388,10
2025-10-02 14:58:24,60089,pairwise,LinkedCells,1.000000,lc_c04_HCP,none,AoS,enabled,1522765,1516840,1512713,1500906,1500242,1490454,1492053,1493884,1503288,1506681,1503982,1503982,10
2025-10-02 14:58:24,60099,pairwise,LinkedCells,1.000000,lc_c04_HCP,none,SoA,disabled,3122596,3023863,3022526,2998053,3011832,3000981,3005096,3005267,2988926,3025151,3020428,3020428,10
2025-10-02 14:58:24,60109,pairwise,LinkedCells,1.000000,lc_c04_HCP,none,SoA,enabled,2791957,2746174,2748313,2716113,2737648,2747519,2744328,2733529,2715559,2728263,2740939,2740939,10
2025-10-02 14:58:24,60119,pairwise,LinkedCells,1.000000,lc_c04_combined_SoA,none,SoA,disabled,3790238,3718293,3696034,3714377,3681883,3678010,3689165,3678689,3705847,3705715,3705824,3705824,10
2025-10-02 14:58:24,60129,pairwise,LinkedCells,1.000000,lc_c04_combined_SoA,none,SoA,enabled,3433099,3309657,3308001,3304264,3294062,3292706,3289922,3336911,3355098,3293806,3321751,3321751,10
2025-10-02 14:58:24,60139,pairwise,LinkedCells,1.000000,lc_c08,none,AoS,disabled,2634282,2572057,2604109,2538650,2532505,2516110,2543095,2564667,2554976,2535269,2559571,2559571,10
2025-10-02 14:58:24,60149,pairwise,LinkedCells,1.000000,lc_c08,none,AoS,enabled,2344470,2390344,2381400,2394370,2333306,2315678,2317050,2310107,2348738,2330004,2346546,2346546,10
2025-10-02 14:58:24,60159,pairwise,LinkedCells,1.000000,lc_c08,none,SoA,disabled,4198581,4030611,4058849,4044526,4060991,4020878,3991303,4044203,3997952,4007234,4045512,4045512,10
2025-10-02 14:58:24,60169,pairwise,LinkedCells,1.000000,lc_c08,none,SoA,enabled,3745477,3824094,3870479,3812799,3856166,3837358,3836554,3875827,3823941,3821730,3830442,3830442,10
2025-10-02 14:58:24,60179,pairwise,LinkedCells,1.000000,lc_c18,none,AoS,disabled,2699275,2672460,2677333,2680794,2663403,2674229,2720256,2723747,2725891,2677320,2691470,2691470,10
2025-10-02 14:58:24,60189,pairwise,LinkedCells,1.000000,lc_c18,none,AoS,enabled,2493423,2522234,2493735,2492908,2494212,2498946,2524284,2501499,2467039,2474296,2496257,2496257,10
2025-10-02 14:58:24,60199,pairwise,LinkedCells,1.000000,lc_c18,none,SoA,disabled,3530723,3459120,3411963,3430870,3423073,3418761,3452910,3433507,3412432,3423330,3439668,3439668,10
2025-10-02 14:58:24,60209,pairwise,LinkedCells,1.000000,lc_c18,none,SoA,enabled,3213056,3170554,3140976,3191862,3181457,3180438,3177294,3223368,3178166,3161415,3181858,3181858,10
2025-10-02 14:58:24,60219,pairwise,LinkedCells,1.000000,lc_sliced,none,AoS,disabled,3689950,3348972,3443288,3332831,3622627,3446696,3439380,3449119,3438761,3455167,3466678,3466678,10
2025-10-02 14:58:24,60229,pairwise,LinkedCells,1.000000,lc_sliced,none,AoS,enabled,2502753,2586395,2552512,2446150,2577622,2526178,2649750,2578416,2480244,2584828,2548484,2548484,10
2025-10-02 14:58:24,60239,pairwise,LinkedCells,1.000000,lc_sliced,none,SoA,disabled,3720291,3664251,3635251,3719654,3557893,3602049,3689396,3548398,3475178,3687022,3629938,3629938,10
2025-10-02 14:58:24,60249,pairwise,LinkedCells,1.000000,lc_sliced,none,SoA,enabled,2885802,2754599,2828434,2821594,3066095,2724766,2690524,2787774,2791639,2759384,2811060,2811060,10
2025-10-02 14:58:25,60259,pairwise,LinkedCells,1.000000,lc_sliced_balanced,none,AoS,disabled,3495266,3460048,3448798,3423678,3428476,3419880,3428927,3440868,3444211,3437620,3442777,3442777,10
2025-10-02 14:58:25,60269,pairwise,LinkedCells,1.000000,lc_sliced_balanced,none,AoS,enabled,2583382,2569208,2573093,2571874,2574674,2581594,2563153,2570551,2570079,2579305,2573690,2573690,10
2025-10-02 14:58:25,60279,pairwise,LinkedCells,1.000000,lc_sliced_balanced,none,SoA,disabled,3739051,3625819,3567559,3522461,3615301,3601932,3544351,3628318,3606969,3613460,3606521,3606521,10
2025-10-02 14:58:25,60289,pairwise,LinkedCells,1.000000,lc_sliced_balanced,none,SoA,enabled,2824834,2949495,2730915,2730704,2716206,2742162,2749827,2755633,2721019,2733618,2765441,2765441,10
2025-10-02 14:58:25,60299,pairwise,LinkedCells,1.000000,lc_sliced_balanced,squared-particles-per-cell,AoS,disabled,4247785,3715312,3673518,3660630,3656802,3660029,3660550,3660913,3652707,3662930,3725117,3725117,10
2025-10-02 14:58:25,60309,pairwise,LinkedCells,1.000000,lc_sliced_balanced,squared-particles-per-cell,AoS,enabled,3228895,3137044,3108996,3118129,3122010,3123631,3113836,3125944,3100548,3087898,3126692,3126692,10
2025-10-02 14:58:25,60319,pairwise,LinkedCells,1.000000,lc_sliced_balanced,squared-particles-per-cell,SoA,disabled,8477707,7585988,7567571,7670556,7696349,7620513,7628195,7718011,7592359,7614062,7717130,7717130,10
2025-10-02 14:58:25,60329,pairwise,LinkedCells,1.000000,lc_sliced_balanced,squared-particles-per-cell,SoA,enabled,7179083,7097231,6974474,7169904,7107297,6898972,7086840,7000834,7029929,6963848,7050841,7050841,10
2025-10-02 14:58:25,60339,pairwise,LinkedCells,1.000000,lc_sliced_c02,none,AoS,disabled,3775298,3393499,3612296,3625665,3466683,3583933,3573740,3494884,3567486,3504137,3559761,3559761,10
2025-10-02 14:58:25,60349,pairwise,LinkedCells,1.000000,lc_sliced_c02,none,AoS,enabled,2690674,2666710,2650438,2644893,2677658,2609803,2606548,2646173,2638784,2641778,2647345,2647345,10
2025-10-02 14:58:25,60359,pairwise,LinkedCells,1.000000,lc_sliced_c02,none,SoA,disabled,4508361,3745191,3673082,3832223,3676011,3630828,3637572,3620203,3660913,3793195,3777757,3777757,10
2025-10-02 14:58:25,60369,pairwise,LinkedCells,1.000000,lc_sliced_c02,none,SoA,enabled,2899958,2784548,2741132,2752951,2755220,2716714,2774333,2759136,2778063,2781753,2774380,2774380,10
2025-10-02 14:58:25,60379,pairwise,VerletClusterLists,1.000000,vcl_c01_balanced,none,AoS,disabled,14959372,2924411,2931396,2914027,2936586,2915123,2917271,2913784,2919535,2943071,4127457,4127457,10
2025-10-02 14:58:25,60389,pairwise,VerletClusterLists,1.000000,vcl_c01_balanced,none,SoA,disabled,10608000,1157547,1155970,1144179,1142620,1133317,1134426,1143658,1142073,1140359,2090214,2090214,10
2025-10-02 14:58:25,60399,pairwise,VerletClusterLists,1.000000,vcl_c06,none,AoS,disabled,24378940,15233805,15661757,15518236,15387285,15644928,14843053,15203215,15105526,14912077,16188881,16188881,10
2025-10-02 14:58:25,60409,pairwise,VerletClusterLists,1.000000,vcl_c06,none,AoS,enabled,12358347,7964399,7760907,7660170,7590791,7966265,7693147,7841481,8116074,7808990,8276056,8276056,10
2025-10-02 14:58:25,60419,pairwise,VerletClusterLists,1.000000,vcl_c06,none,SoA,disabled,15337751,6409299,6247466,6217221,6070702,6184673,6214712,6254238,6399745,6363617,7169942,7169942,10
2025-10-02 14:58:25,60429,pairwise,VerletClusterLists,1.000000,vcl_c06,none,SoA,enabled,7803018,3484950,3549428,3552027,3298114,3406302,3433383,3453419,3756064,3329472,3906617,3906617,10
2025-10-02 14:58:26,60439,pairwise,VerletClusterLists,1.000000,vcl_sliced,none,AoS,disabled,24287588,17835248,17267201,15507843,14470016,17328188,19410083,17919729,14408982,17850872,17628574,17628574,10
2025-10-02 14:58:26,60449,pairwise,VerletClusterLists,1.000000,vcl_sliced,none,AoS,enabled,13663595,8364583,9134775,9123098,8306332,8349711,8366987,8309602,8272258,8328857,9021979,9021979,10
2025-10-02 14:58:26,60459,pairwise,VerletClusterLists,1.000000,vcl_sliced,none,SoA,disabled,14743660,6046449,5070689,5089151,5068467,5089272,5474506,5079820,5528178,5100908,6229109,6229109,10
2025-10-02 14:58:26,60469,pairwise,VerletClusterLists,1.000000,vcl_sliced,none,SoA,enabled,7171325,2828175,2818817,3013888,3305218,3002121,2820409,2998063,2849658,2804803,3361247,3361247,10
2025-10-02 14:58:26,60479,pairwise,VerletClusterLists,1.000000,vcl_sliced_balanced,none,AoS,disabled,24958757,15690217,15641759,15676870,15697341,15668967,15710451,15654414,15654044,15637271,16599008,16599008,10
2025-10-02 14:58:26,60489,pairwise,VerletClusterLists,1.000000,vcl_sliced_balanced,none,AoS,enabled,12956445,8454089,8469618,8474469,8459953,8472062,8475183,8492617,8433836,8460305,8914857,8914857,10
2025-10-02 14:58:26,60499,pairwise,VerletClusterLists,1.000000,vcl_sliced_balanced,none,SoA,disabled,14374277,5125519,5116255,5119452,5115542,5116118,5119942,5104631,5118641,5117940,6042831,6042831,10
2025-10-02 14:58:26,60509,pairwise,VerletClusterLists,1.000000,vcl_sliced_balanced,none,SoA,enabled,7207289,2810932,2820999,2815856,2834272,2808536,2817101,2829581,2816465,2816904,3257792,3257792,10
2025-10-02 14:58:26,60519,pairwise,VerletClusterLists,1.000000,vcl_sliced_balanced,neighbor-list-length,AoS,disabled,26551745,15549441,15557715,15558498,15541539,15517401,15545386,15601625,15589150,15597680,16661017,16661017,10
2025-10-02 14:58:27,60529,pairwise,VerletClusterLists,1.000000,vcl_sliced_balanced,neighbor-list-length,AoS,enabled,12775470,8373241,8419894,8398602,8405698,8379139,8364028,8377377,8397738,8381730,8827291,8827291,10
2025-10-02 14:58:27,60539,pairwise,VerletClusterLists,1.000000,vcl_sliced_balanced,neighbor-list-length,SoA,disabled,14396148,5144963,5126191,5144011,5145557,5125106,5126221,5114675,5123434,5130567,6057686,6057686,10
2025-10-02 14:58:27,60549,pairwise,VerletClusterLists,1.000000,vcl_sliced_balanced,neighbor-list-length,SoA,enabled,7617505,2834351,2831804,2820562,2826694,2823144,2823334,2831923,2817404,2819376,3304609,3304609,10
2025-10-02 14:58:27,60559,pairwise,VerletClusterLists,1.000000,vcl_sliced_c02,none,AoS,disabled,33330980,20123522,20813022,19146877,20439520,22107631,20110041,18993465,22173607,22129029,21936769,21936769,10
2025-10-02 14:58:27,60569,pairwise,VerletClusterLists,1.000000,vcl_sliced_c02,none,AoS,enabled,14866132,9712166,11477488,11360970,9772119,10623511,11330055,10689262,10669566,9800531,11030179,11030179,10
2025-10-02 14:58:27,60579,pairwise,VerletClusterLists,1.000000,vcl_sliced_c02,none,SoA,disabled,16189055,6641700,6910961,7153765,7140847,6634818,7193251,6549942,7159724,6492751,7806680,7806680,10
2025-10-02 14:58:27,60589,pairwise,VerletClusterLists,1.000000,vcl_sliced_c02,none,SoA,enabled,8439240,3695745,3875276,3640347,3874485,3723056,3854899,3742954,3839388,3854945,4254033,4254033,10
2025-10-02 14:58:27,60599,pairwise,VerletLists,1.000000,vl_list_iteration,none,AoS,disabled,10155821,1092254,1072581,1073053,1072813,1075332,1071633,1071513,1067594,1069105,1982169,1982169,10
2025-10-02 14:58:27,60609,pairwise,VerletLists,1.000000,vl_list_iteration,none,SoA,disabled,28950362,2619363,2471353,2468626,2476138,2487694,2481465,2459160,2463226,2449087,5132646,5132646,10
2025-10-02 14:58:27,60619,pairwise,VerletListsCells,1.000000,vlc_c01,none,AoS,disabled,26844711,2037384,2022760,2015403,2032990,2030686,2019527,2010997,2012651,2006720,4503382,4503382,10
2025-10-02 14:58:27,60629,pairwise,VerletListsCells,1.000000,vlc_c01,none,SoA,disabled,46813755,4046313,3831390,3780928,3739094,3749568,3741920,3724080,3717705,3728260,8087301,8087301,10
2025-10-02 14:58:27,60639,pairwise,VerletListsCells,1.000000,vlc_c18,none,AoS,disabled,18299533,2271856,2260171,2271713,2258008,2254250,2259957,2265661,2253781,2271637,3866656,3866656,10
2025-10-02 14:58:27,60649,pairwise,VerletListsCells,1.000000,vlc_c18,none,AoS,enabled,16638191,2079671,2066739,2076499,2068784,2066932,2068887,2071446,2070241,2074127,3528151,3528151,10
2025-10-02 14:58:28,60659,pairwise,VerletListsCells,1.000000,vlc_c18,none,SoA,disabled,52122717,4681549,4451258,4369777,4340228,4330115,4330407,4312214,4302598,4298798,9153965,9153965,10
2025-10-02 14:58:28,60669,pairwise,VerletListsCells,1.000000,vlc_c18,none,SoA,enabled,38850346,4308474,4078236,4032151,4001585,4013453,3994373,3982636,3995600,4006590,7526343,7526343,10
2025-10-02 14:58:28,60679,pairwise,VerletListsCells,1.000000,vlc_c08,none,AoS,disabled,13792060,2073575,2051900,2060515,2054497,2054475,2057083,2048107,2057731,2076088,3232603,3232603,10
2025-10-02 14:58:28,60689,pairwise,VerletListsCells,1.000000,vlc_c08,none,AoS,enabled,13506939,1901842,1893981,1889854,1889125,1889255,1888241,1885437,1897800,1890671,3053313,3053313,10
2025-10-02 14:58:28,60699,pairwise,VerletListsCells,1.000000,vlc_c08,none,SoA,disabled,46282936,4412741,4168613,4136875,4129870,4134131,4105689,4096768,4082524,4086142,8363628,8363628,10
2025-10-02 14:58:28,60709,pairwise,VerletListsCells,1.000000,vlc_c08,none,SoA,enabled,37842528,4112507,3946037,3934577,3838349,3727375,3728392,3778568,3800845,3797054,7250622,7250622,10
2025-10-02 14:58:28,60719,pairwise,VerletListsCells,1.000000,vlc_sliced,none,AoS,disabled,18799805,2470066,2449516,2372231,2399289,2199984,2405091,2369492,2390549,2376848,4023286,4023286,10
2025-10-02 14:58:28,60729,pairwise,VerletListsCells,1.000000,vlc_sliced,none,AoS,enabled,16312125,1254400,1263523,1245861,1236799,1243258,1230454,1237237,1235970,1227953,2748757,2748757,10
2025-10-02 14:58:28,60739,pairwise,VerletListsCells,1.000000,vlc_sliced,none,SoA,disabled,54977562,4637189,4729186,4660509,4589844,4478892,4328925,4422932,4295024,4406728,9552678,9552678,10
2025-10-02 14:58:28,60749,pairwise,VerletListsCells,1.000000,vlc_sliced,none,SoA,enabled,38123295,3402010,3273668,3106443,3153188,3206676,3176861,3160480,3171894,3142999,6691750,6691750,10
2025-10-02 14:58:28,60759,pairwise,VerletListsCells,1.000000,vlc_sliced_balanced,none,AoS,disabled,18614727,2430534,2370997,2367003,2361457,2368367,2363085,2355481,2356091,2355164,3994290,3994290,10
2025-10-02 14:58:28,60769,pairwise,VerletListsCells,1.000000,vlc_sliced_balanced,none,AoS,enabled,15949982,1257318,1225862,1218078,1217026,1224473,1217036,1214670,1221483,1217548,2696347,2696347,10
2025-10-02 14:58:28,60779,pairwise,VerletListsCells,1.000000,vlc_sliced_balanced,none,SoA,disabled,53093057,4584043,4438348,4513554,4404290,4542542,4558422,4606044,4560000,4456819,9375711,9375711,10
2025-10-02 14:58:28,60789,pairwise,VerletListsCells,1.000000,vlc_sliced_balanced,none,SoA,enabled,38172835,3438119,3287439,3222203,3222845,3248565,3157605,3156675,3182054,3138490,6722682,6722682,10
2025-10-02 14:58:28,60799,pairwise,VerletListsCells,1.000000,vlc_sliced_balanced,squared-particles-per-cell,AoS,disabled,18330319,2542479,2471535,2450432,2438830,2442405,2446397,2438014,2441788,2433332,4043552,4043552,10
2025-10-02 14:58:28,60809,pairwise,VerletListsCells,1.000000,vlc_sliced_balanced,squared-particles-per-cell,AoS,enabled,16088979,1335019,1291328,1280583,1267792,1284609,1277660,1267183,1274081,1271263,2763849,2763849,10
2025-10-02 14:58:29,60819,pairwise,VerletListsCells,1.000000,vlc_sliced_balanced,squared-particles-per-cell,SoA,disabled,52616506,4983989,4891540,4854075,4859939,4840175,4820671,4825652,4863254,4890580,9644638,9644638,10
2025-10-02 14:58:29,60829,pairwise,VerletListsCells,1.000000,vlc_sliced_balanced,squared-particles-per-cell,SoA,enabled,40093899,3463432,3367064,3312721,3245177,3307267,3192471,3307973,3299867,3313638,6990350,6990350,10
2025-10-02 14:58:29,60839,pairwise,VerletListsCells,1.000000,vlc_sliced_balanced,neighbor-list-length,AoS,disabled,17923870,2461463,2416234,2416068,2411567,2412853,2412106,2409755,2411273,2405704,3968089,3968089,10
2025-10-02 14:58:29,60849,pairwise,VerletListsCells,1.000000,vlc_sliced_balanced,neighbor-list-length,AoS,enabled,16280446,1299446,1265449,1270473,1271756,1261435,1260305,1259789,1267193,1266338,2770262,2770262,10
2025-10-02 14:58:29,60859,pairwise,VerletListsCells,1.000000,vlc_sliced_balanced,neighbor-list-length,SoA,disabled,53371939,5224396,5011994,4935520,4910534,4904776,4903171,5009614,4873646,4892688,9803827,9803827,10
2025-10-02 14:58:29,60869,pairwise,VerletListsCells,1.000000,vlc_sliced_balanced,neighbor-list-length,SoA,enabled,40148928,3566974,3421123,3247989,3328335,3250193,3338434,3250467,3320201,3099479,6997212,6997212,10
2025-10-02 14:58:29,60879,pairwise,VerletListsCells,1.000000,vlc_sliced_c02,none,AoS,disabled,18706123,2908968,2835419,2824397,2862237,2971803,2920859,2977023,2950040,2900239,4485710,4485710,10
2025-10-02 14:58:29,60889,pairwise,VerletListsCells,1.000000,vlc_sliced_c02,none,AoS,enabled,16464549,1544627,1537624,1537616,1513350,1555698,1549306,1536738,1491635,1483360,3021449,3021449,10
2025-10-02 14:58:29,60899,pairwise,VerletListsCells,1.000000,vlc_sliced_c02,none,SoA,disabled,53580373,5684837,5485189,5398759,5312925,5388169,5387752,5343189,5412737,5356955,10235087,10235087,10
2025-10-02 14:58:29,60909,pairwise,VerletListsCells,1.000000,vlc_sliced_c02,none,SoA,enabled,40186167,3713178,3594619,3532857,3561002,3546581,3454981,3505806,3623189,3487654,7220603,7220603,10
2025-10-02 14:58:29,60919,pairwise,PairwiseVerletLists,1.000000,vlp_c01,none,AoS,disabled,22816501,2474970,2445548,2462806,2453546,2446816,2458091,2438266,2469083,2460803,4492642,4492642,10
2025-10-02 14:58:29,60929,pairwise,PairwiseVerletLists,1.000000,vlp_c01,none,SoA,disabled,93225210,5787824,5616079,5601824,5621472,5617759,5577633,5552046,5587123,5550406,14373736,14373736,10
2025-10-02 14:58:29,60939,pairwise,PairwiseVerletLists,1.000000,vlp_c18,none,AoS,disabled,20665087,2739771,2730922,2734368,2709754,2719266,2719561,2707069,2728051,2710869,4516471,4516471,10
2025-10-02 14:58:30,60949,pairwise,PairwiseVerletLists,1.000000,vlp_c18,none,AoS,enabled,21650524,2488005,2487033,2470637,2463596,2464555,2456795,2459947,2464070,2465764,4387092,4387092,10
2025-10-02 14:58:30,60959,pairwise,PairwiseVerletLists,1.000000,vlp_c18,none,SoA,disabled,115064002,6103611,6114395,5963065,5962854,5986144,5957862,5954250,6054980,5974808,16913596,16913596,10
2025-10-02 14:58:30,60969,pairwise,PairwiseVerletLists,1.000000,vlp_c18,none,SoA,enabled,87524831,5597320,5452565,5343594,5321487,5325732,5332970,5312127,5307842,5331095,13584955,13584955,10
2025-10-02 14:58:30,60979,pairwise,PairwiseVerletLists,1.000000,vlp_sliced,none,AoS,disabled,21717458,3691394,3623117,3394227,3613842,3553023,3601032,3559216,3552721,3560437,5386646,5386646,10
2025-10-02 14:58:30,60989,pairwise,PairwiseVerletLists,1.000000,vlp_sliced,none,AoS,enabled,22714943,2267841,2189264,2197118,2250412,2230031,2227629,2106917,2073394,2080427,4233797,4233797,10
2025-10-02 14:58:30,60999,pairwise,PairwiseVerletLists,1.000000,vlp_sliced,none,SoA,disabled,113730060,7700210,7495789,7366387,7490318,7450726,7446059,7535415,7234759,7296584,18074630,18074630,10
2025-10-02 14:58:30,61009,pairwise,PairwiseVerletLists,1.000000,vlp_sliced,none,SoA,enabled,93104877,5785990,5723025,5638646,5635088,5645535,5685421,5605344,5637918,5729045,14419088,14419088,10
2025-10-02 14:58:30,61019,pairwise,PairwiseVerletLists,1.000000,vlp_sliced_balanced,none,AoS,disabled,21820374,3704470,3667196,3628892,3747238,3567935,3653124,3643872,3570057,3712777,5471593,5471593,10
2025-10-02 14:58:30,61029,pairwise,PairwiseVerletLists,1.000000,vlp_sliced_balanced,none,AoS,enabled,22444289,2275373,2096095,2165607,2172062,2073850,2069211,2070505,2048911,2078219,4149412,4149412,10
2025-10-02 14:58:31,61039,pairwise,PairwiseVerletLists,1.000000,vlp_sliced_balanced,none,SoA,disabled,115128587,7726496,7459981,7376975,7401269,7482082,7390597,7436884,7417131,7460022,18228001,18228001,10
2025-10-02 14:58:31,61049,pairwise,PairwiseVerletLists,1.000000,vlp_sliced_balanced,none,SoA,enabled,88458019,5776398,5598590,5630354,5577032,5592596,5597032,5609213,5571788,5598141,13900915,13900915,10
2025-10-02 14:58:31,61059,pairwise,PairwiseVerletLists,1.000000,vlp_sliced_c02,none,AoS,disabled,22769413,4614855,4285668,4583004,4502115,4304293,4492915,4432984,4328125,4525739,6283910,6283910,10
2025-10-02 14:58:31,61069,pairwise,PairwiseVerletLists,1.000000,vlp_sliced_c02,none,AoS,enabled,22487467,2642440,2599763,2634447,2574993,2573063,2446029,2625541,2627035,2563770,4577454,4577454,10
2025-10-02 14:58:31,61079,pairwise,PairwiseVerletLists,1.000000,vlp_sliced_c02,none,SoA,disabled,113336276,8733922,8439997,8458065,8315191,8407129,8278677,8259656,8366622,8342795,18893832,18893832,10
2025-10-02 14:58:31,61089,pairwise,PairwiseVerletLists,1.000000,vlp_sliced_c02,none,SoA,enabled,88981876,6577905,6312577,6308767,6254747,6266304,6341528,6260827,6352240,6296080,14595284,14595284,10
2025-10-02 14:58:31,61099,pairwise,PairwiseVerletLists,1.000000,vlp_c08,none,AoS,disabled,22636814,4484319,4464080,4452042,4464759,4466061,4456505,4487659,4456962,4450262,6281945,6281945,10
2025-10-02 14:58:31,61109,pairwise,PairwiseVerletLists,1.000000,vlp_c08,none,AoS,enabled,22878696,2942112,2910788,2910397,2906951,2893198,2896121,2905966,2902754,2895048,4904202,4904202,10
2025-10-02 14:58:32,61119,pairwise,PairwiseVerletLists,1.000000,vlp_c08,none,SoA,disabled,113608760,8425003,8422020,8442040,8389917,8395628,8397342,8382437,8401950,8368055,18923315,18923315,10
2025-10-02 14:58:32,61129,pairwise,PairwiseVerletLists,1.000000,vlp_c08,none,SoA,enabled,88710641,6514266,6432577,6407678,6424658,6405231,6413084,6391009,6446009,6425414,14657056,14657056,10
2025-10-02 15:00:21,65009,pairwise,LinkedCells,1.000000,lc_c01,none,AoS,disabled,2897415,2877006,2870334,2847104,2847030,2840113,2857246,2872270,2901718,2854139,2866437,2866437,10
2025-10-02 15:00:21,65019,pairwise,LinkedCells,1.000000,lc_c01,none,SoA,disabled,4255761,3524336,3563624,3562064,3531215,3580159,3538376,3527584,3518876,3522761,3612475,3612475,10
2025-10-02 15:00:21,65029,pairwise,LinkedCells,1.000000,lc_c01_combined_SoA,none,SoA,disabled,3465033,3446495,3444882,3478359,3612254,3730837,3543350,3544668,3533506,3547443,3534682,3534682,10
2025-10-02 15:00:21,65039,pairwise,LinkedCells,1.000000,lc_c04,none,AoS,disabled,2934101,2867218,2888628,2883069,2820019,2865984,2784148,2773448,2805928,2884025,2850656,2850656,10
2025-10-02 15:00:21,65049,pairwise,LinkedCells,1.000000,lc_c04,none,AoS,enabled,2126866,2138612,2107953,2159827,2121971,2108362,2135828,2107359,2105039,2139366,2125118,2125118,10
2025-10-02 15:00:21,65059,pairwise,LinkedCells,1.000000,lc_c04,none,SoA,disabled,2899286,2838530,2832036,2805133,2799642,2799290,2802375,2815977,2810042,2827700,2823001,2823001,10
2025-10-02 15:00:21,65069,pairwise,LinkedCells,1.000000,lc_c04,none,SoA,enabled,2374211,2267742,2291023,2296716,2299419,2282734,2269665,2278406,2276589,2304230,2294073,2294073,10
2025-10-02 15:00:21,65079,pairwise,LinkedCells,1.000000,lc_c04_HCP,none,AoS,disabled,1794639,1746486,1739677,1739841,1726040,1732202,1721380,1733702,1745283,1745842,1742509,1742509,10
2025-10-02 15:00:21,65089,pairwise,LinkedCells,1.000000,lc_c04_HCP,none,AoS,enabled,1375400,1373491,1371657,1372510,1377399,1364295,1370160,1359429,1373174,1365984,1370349,1370349,10
2025-10-02 15:00:21,65099,pairwise,LinkedCells,1.000000,lc_c04_HCP,none,SoA,disabled,2920730,2855165,2862728,2868452,2854721,2826339,2831142,2833304,2833187,2862575,2854833,2854833,10
2025-10-02 15:00:21,65109,pairwise,LinkedCells,1.000000,lc_c04_HCP,none,SoA,enabled,2692374,2631877,2633257,2636983,2622739,2610403,2611868,2632181,2628941,2629301,2632992,2632992,10
2025-10-02 15:00:21,65119,pairwise,LinkedCells,1.000000,lc_c04_combined_SoA,none,SoA,disabled,3635837,3553396,3537773,3523365,3539536,3534624,3507446,3517651,3535508,3517346,3540248,3540248,10
2025-10-02 15:00:21,65129,pairwise,LinkedCells,1.000000,lc_c04_combined_SoA,none,SoA,enabled,3249824,3169472,3152214,3171378,3164082,3162526,3161185,3174348,3184680,3150552,3174026,3174026,10
2025-10-02 15:00:21,65139,pairwise,LinkedCells,1.000000,lc_c08,none,AoS,disabled,2759888,2461180,2443517,2453930,2415478,2400651,2406348,2380557,2388892,2378857,2448929,2448929,10
2025-10-02 15:00:21,65149,pairwise,LinkedCells,1.000000,lc_c08,none,AoS,enabled,2306880,2297599,2244013,2281494,2236675,2243310,2232210,2252442,2260055,2218972,2257364,2257364,10
2025-10-02 15:00:21,65159,pairwise,LinkedCells,1.000000,lc_c08,none,SoA,disabled,4056855,4018553,3976140,3954957,4011416,3898537,3869559,3923931,3912871,3894438,3951725,3951725,10
2025-10-02 15:00:21,65169,pairwise,LinkedCells,1.000000,lc_c08,none,SoA,enabled,3653256,3652760,3674278,3633580,3599324,3630000,3641304,3600024,3603795,3623975,3631229,3631229,10
2025-10-02 15:00:21,65179,pairwise,LinkedCells,1.000000,lc_c18,none,AoS,disabled,2558306,2553297,2541832,2556409,2541030,2612451,2597252,2555866,2565369,2538190,2561999,2561999,10
2025-10-02 15:00:21,65189,pairwise,LinkedCells,1.000000,lc_c18,none,AoS,enabled,2406354,2454617,2397783,2407901,2421142,2412263,2414777,2404474,2400668,2451294,2417127,2417127,10
2025-10-02 15:00:21,65199,pairwise,LinkedCells,1.000000,lc_c18,none,SoA,disabled,3471307,3328304,3300182,3318833,3296827,3309994,3297054,3277872,3349245,3286949,3323656,3323656,10
2025-10-02 15:00:21,65209,pairwise,LinkedCells,1.000000,lc_c18,none,SoA,enabled,3117213,3109411,3113867,3107076,3085317,3149893,3147095,3089946,3088932,3074434,3108318,3108318,10
2025-10-02 15:00:21,65219,pairwise,LinkedCells,1.000000,lc_sliced,none,AoS,disabled,3119618,3071062,3055976,3057741,2964799,3060901,3006786,3043301,3056794,3055709,3049268,3049268,10
2025-10-02 15:00:21,65229,pairwise,LinkedCells,1.000000,lc_sliced,none,AoS,enabled,2289851,2314163,2301179,2310942,2309943,2299041,2288949,2294104,2287624,2334683,2303047,2303047,10
2025-10-02 15:00:22,65239,pairwise,LinkedCells,1.000000,lc_sliced,none,SoA,disabled,3681332,3530967,3479008,3447349,3405083,3408618,3403680,3416301,3474495,3392409,3463923,3463923,10
2025-10-02 15:00:22,65249,pairwise,LinkedCells,1.000000,lc_sliced,none,SoA,enabled,2680407,2678072,2662134,2675341,2644149,2646255,2652312,2649506,2641896,2650024,2658009,2658009,10
2025-10-02 15:00:22,65259,pairwise,LinkedCells,1.000000,lc_sliced_balanced,none,AoS,disabled,3071647,3052691,3043087,3032566,3036544,3037878,3047088,3041747,3039683,3039846,3044277,3044277,10
2025-10-02 15:00:22,65269,pairwise,LinkedCells,1.000000,lc_sliced_balanced,none,AoS,enabled,2305782,2297775,2299101,2295537,2309972,2293200,2305692,2300023,2296090,2300833,2300400,2300400,10
2025-10-02 15:00:22,65279,pairwise,LinkedCells,1.000000,lc_sliced_balanced,none,SoA,disabled,3565617,3410479,3402131,3415331,3388962,3395407,3388955,3388994,3394687,3404667,3415522,3415522,10
2025-10-02 15:00:22,65289,pairwise,LinkedCells,1.000000,lc_sliced_balanced,none,SoA,enabled,2676024,2627414,2620715,2619551,2616296,2613530,2623554,2630848,2635162,2628900,2629198,2629198,10
2025-10-02 15:00:22,65299,pairwise,LinkedCells,1.000000,lc_sliced_balanced,squared-particles-per-cell,AoS,disabled,3532353,3100388,3046881,3043108,3029979,3033468,3041958,3031488,3034204,3034915,3092874,3092874,10
2025-10-02 15:00:22,65309,pairwise,LinkedCells,1.000000,lc_sliced_balanced,squared-particles-per-cell,AoS,enabled,2670384,2562449,2564190,2557346,2554700,2559308,2564706,2553539,2565995,2560132,2571274,2571274,10
2025-10-02 15:00:22,65319,pairwise,LinkedCells,1.000000,lc_sliced_balanced,squared-particles-per-cell,SoA,disabled,7882970,7149355,7157508,6995865,7085948,7159230,7065110,7184632,7126227,7107000,7191383,7191383,10
2025-10-02 15:00:22,65329,pairwise,LinkedCells,1.000000,lc_sliced_balanced,squared-particles-per-cell,SoA,enabled,6841893,6837007,6775850,6688257,6687180,6691544,6692816,6683625,6664087,6653552,6721581,6721581,10
2025-10-02 15:00:22,65339,pairwise,LinkedCells,1.000000,lc_sliced_c02,none,AoS,disabled,3190340,3090567,3042850,3094064,3086028,3098654,3078026,3029867,3099301,3002928,3081261,3081261,10
2025-10-02 15:00:22,65349,pairwise,LinkedCells,1.000000,lc_sliced_c02,none,AoS,enabled,2326921,2302481,2294585,2264456,2325306,2330424,2321556,2317894,2275620,2264234,2302347,2302347,10
2025-10-02 15:00:22,65359,pairwise,LinkedCells,1.000000,lc_sliced_c02,none,SoA,disabled,4218930,3648896,3379683,3371890,3526573,3581010,3623041,3563303,3381458,3542663,3583744,3583744,10
2025-10-02 15:00:22,65369,pairwise,LinkedCells,1.000000,lc_sliced_c02,none,SoA,enabled,2860834,2568252,2596025,2593878,2573370,2611700,2627050,2585503,2597092,2614029,2622773,2622773,10
2025-10-02 15:00:22,65379,pairwise,VerletClusterLists,1.000000,vcl_c01_balanced,none,AoS,disabled,9766073,2444166,2448205,2445642,2424773,2444941,2441300,2428604,2453781,2440527,3173800,3173800,10
2025-10-02 15:00:22,65389,pairwise,VerletClusterLists,1.000000,vcl_c01_balanced,none,SoA,disabled,6089910,961513,960866,959248,965889,962994,959305,956292,943456,950327,1470979,1470979,10
2025-10-02 15:00:22,65399,pairwise,VerletClusterLists,1.000000,vcl_c06,none,AoS,disabled,16529185,11362595,11448202,11538682,11650721,11066596,11116988,12111248,11651932,11736102,12021224,12021224,10
2025-10-02 15:00:22,65409,pairwise,VerletClusterLists,1.000000,vcl_c06,none,AoS,enabled,9553265,6329431,6541311,6467790,6290587,6621735,6668022,6765083,6411625,6346793,6799563,6799563,10
2025-10-02 15:00:22,65419,pairwise,VerletClusterLists,1.000000,vcl_c06,none,SoA,disabled,9384923,4935629,4681093,4854950,4548547,4912537,4752667,4828113,5031946,4541535,5247193,5247193,10
2025-10-02 15:00:22,65429,pairwise,VerletClusterLists,1.000000,vcl_c06,none,SoA,enabled,6451939,2690227,2724397,2683175,2719698,2647903,2709861,2710418,2687583,2674119,3069931,3069931,10
2025-10-02 15:00:23,65439,pairwise,VerletClusterLists,1.000000,vcl_sliced,none,AoS,disabled,22003813,17234362,16047342,16817869,16071954,16056073,17265362,16025202,17292970,16050237,17086518,17086518,10
2025-10-02 15:00:23,65449,pairwise,VerletClusterLists,1.000000,vcl_sliced,none,AoS,enabled,12202057,8550488,8556373,9044239,8587055,9020177,8509210,8534339,8494841,8523157,9002193,9002193,10
2025-10-02 15:00:23,65459,pairwise,VerletClusterLists,1.000000,vcl_sliced,none,SoA,disabled,10173505,5407751,5234261,5399568,5217799,5236062,5222278,5225055,5220344,5219675,5755629,5755629,10
2025-10-02 15:00:23,65469,pairwise,VerletClusterLists,1.000000,vcl_sliced,none,SoA,enabled,6023243,2878077,2872787,2981623,2861770,2982262,2860392,2862505,2858958,2966894,3214850,3214850,10
2025-10-02 15:00:23,65479,pairwise,VerletClusterLists,1.000000,vcl_sliced_balanced,none,AoS,disabled,20850605,15981319,15992808,15958516,15999819,15983472,16173070,15994969,15978655,16089268,16500249,16500249,10
2025-10-02 15:00:23,65489,pairwise,VerletClusterLists,1.000000,vcl_sliced_balanced,none,AoS,enabled,11737653,8642181,8626524,8637878,8635388,8614031,8626518,8596908,8628599,8621142,8936682,8936682,10
2025-10-02 15:00:23,65499,pairwise,VerletClusterLists,1.000000,vcl_sliced_balanced,none,SoA,disabled,10012956,5227275,5239482,5218259,5221630,5215806,5229341,5224900,5214996,5206753,5701139,5701139,10
2025-10-02 15:00:23,65509,pairwise,VerletClusterLists,1.000000,vcl_sliced_balanced,none,SoA,enabled,6183044,2854750,2847992,2844027,2849859,2846446,2845272,2842402,2848828,2841340,3180395,3180395,10
2025-10-02 15:00:23,65519,pairwise,VerletClusterLists,1.000000,vcl_sliced_balanced,neighbor-list-length,AoS,disabled,23728774,17238784,17227262,17253439,17234572,17254674,17258362,17299448,17270754,17263986,17903004,17903004,10
2025-10-02 15:00:23,65529,pairwise,VerletClusterLists,1.000000,vcl_sliced_balanced,neighbor-list-length,AoS,enabled,12321655,9143001,9132383,9115391,9097777,9116586,9137999,9127960,9131786,9149335,9447387,9447387,10
2025-10-02 15:00:23,65539,pairwise,VerletClusterLists,1.000000,vcl_sliced_balanced,neighbor-list-length,SoA,disabled,10241405,5390509,5402556,5395645,5400786,5388941,5390921,5387669,5390704,5389609,5877873,5877873,10
2025-10-02 15:00:24,65549,pairwise,VerletClusterLists,1.000000,vcl_sliced_balanced,neighbor-list-length,SoA,enabled,6253929,2976710,2962885,2970549,2961305,2956597,2968215,2960684,2957898,2954687,3292345,3292345,10
2025-10-02 15:00:24,65559,pairwise,VerletClusterLists,1.000000,vcl_sliced_c02,none,AoS,disabled,26349161,18518864,19713783,19707885,19696113,18493001,19934569,18485703,21547209,19996067,20244235,20244235,10
2025-10-02 15:00:24,65569,pairwise,VerletClusterLists,1.000000,vcl_sliced_c02,none,AoS,enabled,14270702,10344437,10424015,9749208,11159998,10306080,9739425,9728805,9823133,10456193,10600199,10600199,10
2025-10-02 15:00:24,65579,pairwise,VerletClusterLists,1.000000,vcl_sliced_c02,none,SoA,disabled,11476153,7070629,6692102,7084848,6747672,6546266,6730867,6510623,6529869,6477592,7186662,7186662,10
2025-10-02 15:00:24,65589,pairwise,VerletClusterLists,1.000000,vcl_sliced_c02,none,SoA,enabled,6779933,3899891,3879069,3569265,3705123,3677340,3873678,3859257,3682917,3838619,4076508,4076508,10
2025-10-02 15:00:24,65599,pairwise,VerletLists,1.000000,vl_list_iteration,none,AoS,disabled,9015586,970872,952528,949050,955226,971890,963413,975314,947042,947513,1764843,1764843,10
2025-10-02 15:00:24,65609,pairwise,VerletLists,1.000000,vl_list_iteration,none,SoA,disabled,25250528,2443485,2353473,2293420,2312532,2337581,2335655,2313805,2284047,2300122,4622464,4622464,10
2025-10-02 15:00:24,65619,pairwise,VerletListsCells,1.000000,vlc_c01,none,AoS,disabled,25898031,1944814,1935151,1935420,1934216,1938296,1930510,1939674,1934132,1932362,4332259,4332259,10
2025-10-02 15:00:24,65629,pairwise,VerletListsCells,1.000000,vlc_c01,none,SoA,disabled,43570341,3864296,3678203,3648921,3602837,3595917,3579693,3560029,3590786,3568989,7626000,7626000,10
2025-10-02 15:00:24,65639,pairwise,VerletListsCells,1.000000,vlc_c18,none,AoS,disabled,17699036,2179591,2185195,2174176,2172192,2171195,2174927,2171450,2176019,2173396,3727717,3727717,10
2025-10-02 15:00:24,65649,pairwise,VerletListsCells,1.000000,vlc_c18,none,AoS,enabled,16119597,2021783,2020274,2019010,2020003,2019766,2013514,2018060,2008489,2023785,3428427,3428427,10
2025-10-02 15:00:24,65659,pairwise,VerletListsCells,1.000000,vlc_c18,none,SoA,disabled,45922733,4409928,4200033,4146580,4132308,4112216,4113505,4106874,4111682,4096733,8335259,8335259,10
2025-10-02 15:00:24,65669,pairwise,VerletListsCells,1.000000,vlc_c18,none,SoA,enabled,35013034,4101251,3919786,3896275,3880790,3873955,3868227,3881413,3853006,3881727,7016946,7016946,10
2025-10-02 15:00:24,65679,pairwise,VerletListsCells,1.000000,vlc_c08,none,AoS,disabled,13188305,1991091,1982139,1985897,1989730,1987940,1973857,1978458,1981473,1994344,3105323,3105323,10
2025-10-02 15:00:25,65689,pairwise,VerletListsCells,1.000000,vlc_c08,none,AoS,enabled,13003308,1845653,1850060,1844555,1844586,1847564,1843649,1846278,1845346,1834802,2960579,2960579,10
2025-10-02 15:00:25,65699,pairwise,VerletListsCells,1.000000,vlc_c08,none,SoA,disabled,40206657,4160421,3962031,3919873,3905458,3907121,3903878,3878874,3888752,3894124,7562718,7562718,10
2025-10-02 15:00:25,65709,pairwise,VerletListsCells,1.000000,vlc_c08,none,SoA,enabled,33398914,3900078,3784160,3781504,3766208,3786760,3743140,3742821,3752701,3734303,6739058,6739058,10
2025-10-02 15:00:25,65719,pairwise,VerletListsCells,1.000000,vlc_sliced,none,AoS,disabled,17763090,2112049,2060756,2002934,2003707,2016133,2056240,2005549,2004289,2054758,3607950,3607950,10
2025-10-02 15:00:25,65729,pairwise,VerletListsCells,1.000000,vlc_sliced,none,AoS,enabled,15486520,1048543,1061178,1040812,1060886,1055489,1065946,1012268,1059901,1027948,2491948,2491948,10
2025-10-02 15:00:25,65739,pairwise,VerletListsCells,1.000000,vlc_sliced,none,SoA,disabled,46562960,4379713,4245714,4207832,4209458,4193283,4138073,4167433,4195180,4164506,8446414,8446414,10
2025-10-02 15:00:25,65749,pairwise,VerletListsCells,1.000000,vlc_sliced,none,SoA,enabled,34048377,3101954,3021334,3014615,3019528,2997079,3034557,2876539,2963753,2939349,6101708,6101708,10
2025-10-02 15:00:25,65759,pairwise,VerletListsCells,1.000000,vlc_sliced_balanced,none,AoS,disabled,17605707,2022884,1992652,1987190,1982238,1988558,1974989,1974744,1973953,1981490,3548440,3548440,10
2025-10-02 15:00:25,65769,pairwise,VerletListsCells,1.000000,vlc_sliced_balanced,none,AoS,enabled,15372580,1059783,1035954,1028150,1025762,1029304,1024707,1029742,1026313,1026608,2465889,2465889,10
2025-10-02 15:00:25,65779,pairwise,VerletListsCells,1.000000,vlc_sliced_balanced,none,SoA,disabled,46343821,4392970,4176169,4196250,4182300,4165731,4226078,4140878,4132026,4154729,8411094,8411094,10
2025-10-02 15:00:25,65789,pairwise,VerletListsCells,1.000000,vlc_sliced_balanced,none,SoA,enabled,34293430,3192586,3053095,3048656,3030285,2991622,2946401,2837390,2934781,2841623,6116986,6116986,10
2025-10-02 15:00:25,65799,pairwise,VerletListsCells,1.000000,vlc_sliced_balanced,squared-particles-per-cell,AoS,disabled,17321484,2152403,2119469,2103769,2093345,2078855,2077402,2071341,2069023,2066325,3615340,3615340,10
2025-10-02 15:00:25,65809,pairwise,VerletListsCells,1.000000,vlc_sliced_balanced,squared-particles-per-cell,AoS,enabled,15482071,1152770,1115163,1108622,1101183,1112742,1098790,1105367,1108220,1099944,2548486,2548486,10
2025-10-02 15:00:25,65819,pairwise,VerletListsCells,1.000000,vlc_sliced_balanced,squared-particles-per-cell,SoA,disabled,46647504,4309268,4205261,4162903,4131168,4121119,4058508,4111197,4165212,4187189,8409932,8409932,10
2025-10-02 15:00:25,65829,pairwise,VerletListsCells,1.000000,vlc_sliced_balanced,squared-particles-per-cell,SoA,enabled,36060437,3138165,3055763,2994481,2933692,3011867,3040125,2979119,2992477,3034604,6324072,6324072,10
2025-10-02 15:00:25,65839,pairwise,VerletListsCells,1.000000,vlc_sliced_balanced,neighbor-list-length,AoS,disabled,17358938,2112027,2085564,2083291,2075009,2076729,2077391,2069723,2076341,2070542,3608555,3608555,10
2025-10-02 15:00:25,65849,pairwise,VerletListsCells,1.000000,vlc_sliced_balanced,neighbor-list-length,AoS,enabled,15568668,1124118,1101894,1107013,1101753,1105278,1098405,1094081,1097702,1096927,2549583,2549583,10
2025-10-02 15:00:26,65859,pairwise,VerletListsCells,1.000000,vlc_sliced_balanced,neighbor-list-length,SoA,disabled,46387817,4623842,4416329,4333644,4295132,4312909,4101205,4016858,3980792,4049636,8451816,8451816,10
2025-10-02 15:00:26,65869,pairwise,VerletListsCells,1.000000,vlc_sliced_balanced,neighbor-list-length,SoA,enabled,36602728,3247471,3157577,2913919,2887155,2847266,2846619,2881840,2864543,2876805,6312591,6312591,10
2025-10-02 15:00:26,65879,pairwise,VerletListsCells,1.000000,vlc_sliced_c02,none,AoS,disabled,17684463,2702838,2660648,2638469,2622237,2504486,2620942,2611930,2621772,2536608,4120438,4120438,10
2025-10-02 15:00:26,65889,pairwise,VerletListsCells,1.000000,vlc_sliced_c02,none,AoS,enabled,15768380,1423331,1384812,1344050,1401038,1310857,1360030,1331902,1364022,1386811,2807523,2807523,10
2025-10-02 15:00:26,65899,pairwise,VerletListsCells,1.000000,vlc_sliced_c02,none,SoA,disabled,47582492,4896005,4921295,4820774,4776101,4877450,4789503,4728242,4610081,4687029,9068896,9068896,10
2025-10-02 15:00:26,65909,pairwise,VerletListsCells,1.000000,vlc_sliced_c02,none,SoA,enabled,36680131,3355900,3369374,3342925,3340895,3480907,3309200,3330007,3393048,3349986,6695236,6695236,10
2025-10-02 15:00:26,65919,pairwise,PairwiseVerletLists,1.000000,vlp_c01,none,AoS,disabled,23242995,2360248,2346049,2337794,2329541,2330874,2321979,2326626,2376352,2318978,4429143,4429143,10
2025-10-02 15:00:26,65929,pairwise,PairwiseVerletLists,1.000000,vlp_c01,none,SoA,disabled,81195165,5424207,5218209,5171879,5183406,5174885,5166116,5156831,5157888,5172142,12802072,12802072,10
2025-10-02 15:00:26,65939,pairwise,PairwiseVerletLists,1.000000,vlp_c18,none,AoS,disabled,20072528,2650333,2646660,2620544,2603578,2618702,2594465,2609779,2586514,2591044,4359414,4359414,10
2025-10-02 15:00:26,65949,pairwise,PairwiseVerletLists,1.000000,vlp_c18,none,AoS,enabled,20439092,2435050,2409215,2401568,2400793,2401065,2388738,2399256,2392759,2392256,4205979,4205979,10
2025-10-02 15:00:26,65959,pairwise,PairwiseVerletLists,1.000000,vlp_c18,none,SoA,disabled,99376020,5728773,5614092,5626595,5564089,5592238,5573993,5566196,5602401,5537374,14978177,14978177,10
2025-10-02 15:00:26,65969,pairwise,PairwiseVerletLists,1.000000,vlp_c18,none,SoA,enabled,77803508,5318856,5085441,5049494,5044659,5053798,5037958,5002151,5036463,5022641,12345496,12345496,10
2025-10-02 15:00:27,65979,pairwise,PairwiseVerletLists,1.000000,vlp_sliced,none,AoS,disabled,20766572,3210132,3184507,3118022,3136893,3110599,3083068,3093771,3102188,3068990,4887474,4887474,10
2025-10-02 15:00:27,65989,pairwise,PairwiseVerletLists,1.000000,vlp_sliced,none,AoS,enabled,20527406,1856867,1850640,1879796,1852252,1847679,1868408,1823755,1851609,1842531,3720094,3720094,10
2025-10-02 15:00:27,65999,pairwise,PairwiseVerletLists,1.000000,vlp_sliced,none,SoA,disabled,97059144,6769199,6715569,6687195,6743204,6595404,6657757,6639299,6714544,6603118,15718442,15718442,10
2025-10-02 15:00:27,66009,pairwise,PairwiseVerletLists,1.000000,vlp_sliced,none,SoA,enabled,77798843,5397229,5257333,5145298,5178162,5239332,5190229,5174694,5107180,5176284,12466457,12466457,10
2025-10-02 15:00:27,66019,pairwise,PairwiseVerletLists,1.000000,vlp_sliced_balanced,none,AoS,disabled,20710558,3155100,3123750,3052119,3044630,3075194,3048461,3048881,3055510,3045569,4835976,4835976,10
2025-10-02 15:00:27,66029,pairwise,PairwiseVerletLists,1.000000,vlp_sliced_balanced,none,AoS,enabled,20648712,1901542,1876116,1864323,1867712,1834558,1824688,1849608,1841065,1853661,3736198,3736198,10
2025-10-02 15:00:27,66039,pairwise,PairwiseVerletLists,1.000000,vlp_sliced_balanced,none,SoA,disabled,97866527,6902510,6718903,6746791,6718847,6730316,6734232,6704626,6695870,6689575,15850819,15850819,10
2025-10-02 15:00:27,66049,pairwise,PairwiseVerletLists,1.000000,vlp_sliced_balanced,none,SoA,enabled,78491213,5422021,5260085,5194058,5198707,5218683,5228909,5205027,5173807,5229311,12562181,12562181,10
2025-10-02 15:00:27,66059,pairwise,PairwiseVerletLists,1.000000,vlp_sliced_c02,none,AoS,disabled,21702871,4178171,4116408,4083719,3979433,3820032,4051935,4089870,3969338,4032650,5802442,5802442,10
2025-10-02 15:00:27,66069,pairwise,PairwiseVerletLists,1.000000,vlp_sliced_c02,none,AoS,enabled,20984339,2467136,2456672,2448708,2450579,2456302,2453492,2460518,2433988,2374702,4298643,4298643,10
2025-10-02 15:00:28,66079,pairwise,PairwiseVerletLists,1.000000,vlp_sliced_c02,none,SoA,disabled,98347212,7828716,7490974,7675065,7647570,7543078,7651400,7618767,7736551,7548731,16708806,16708806,10
2025-10-02 15:00:28,66089,pairwise,PairwiseVerletLists,1.000000,vlp_sliced_c02,none,SoA,enabled,78636724,6100774,5928227,5890121,5789883,5827022,5858664,5697278,5932571,5799824,13146108,13146108,10
2025-10-02 15:00:28,66099,pairwise,PairwiseVerletLists,1.000000,vlp_c08,none,AoS,disabled,22041457,4267139,4245122,4255919,4245355,4297555,4248122,4241177,4245318,4250986,6033814,6033814,10
2025-10-02 15:00:28,66109,pairwise,PairwiseVerletLists,1.000000,vlp_c08,none,AoS,enabled,21879919,2878616,2826929,2819882,2813294,2805123,2809703,2802580,2803476,2843901,4728341,4728341,10
2025-10-02 15:00:28,66119,pairwise,PairwiseVerletLists,1.000000,vlp_c08,none,SoA,disabled,97819618,8055032,8050500,8018431,8018230,8039287,8098900,8009373,8025386,8052828,17018758,17018758,10
2025-10-02 15:00:28,66129,pairwise,PairwiseVerletLists,1.000000,vlp_c08,none,SoA,enabled,79231364,6260566,6208017,6194250,6192222,6185525,6163173,6165920,6173422,6169926,13494437,13494437,10
2025-10-02 15:02:18,70009,pairwise,LinkedCells,1.000000,lc_c01,none,AoS,disabled,2857171,2811317,2828045,2811322,2791544,2834479,2848285,2858383,2782075,2856044,2827866,2827866,10
2025-10-02 15:02:18,70019,pairwise,LinkedCells,1.000000,lc_c01,none,SoA,disabled,4269339,3491552,3463814,3521249,3495389,3491364,3514331,3516611,3483668,3495719,3574303,3574303,10
2025-10-02 15:02:18,70029,pairwise,LinkedCells,1.000000,lc_c01_combined_SoA,none,SoA,disabled,3447225,3421149,3428312,3419537,3440460,3410764,3632828,3472994,3400137,3564430,3463783,3463783,10
2025-10-02 15:02:18,70039,pairwise,LinkedCells,1.000000,lc_c04,none,AoS,disabled,3132497,3066610,3034152,3101557,3116098,3032123,3025922,3069559,3045359,3015103,3063897,3063897,10
2025-10-02 15:02:18,70049,pairwise,LinkedCells,1.000000,lc_c04,none,AoS,enabled,2266317,2318505,2352773,2251801,2240654,2250614,2245625,2251806,2231010,2233705,2264280,2264280,10
2025-10-02 15:02:18,70059,pairwise,LinkedCells,1.000000,lc_c04,none,SoA,disabled,3149945,3048589,3048169,3023869,3031947,3026473,3028190,3038820,3053628,3077166,3052679,3052679,10
2025-10-02 15:02:18,70069,pairwise,LinkedCells,1.000000,lc_c04,none,SoA,enabled,2410885,2341710,2311303,2318797,2335468,2320798,2313242,2324470,2330676,2313530,2332087,2332087,10
2025-10-02 15:02:18,70079,pairwise,LinkedCells,1.000000,lc_c04_HCP,none,AoS,disabled,1704572,1644083,1640430,1641826,1644719,1639482,1639480,1642098,1657554,1643392,1649762,1649762,10
2025-10-02 15:02:18,70089,pairwise,LinkedCells,1.000000,lc_c04_HCP,none,AoS,enabled,1305461,1290334,1292395,1289330,1282083,1301455,1294819,1308724,1299042,1305365,1296900,1296900,10
2025-10-02 15:02:18,70099,pairwise,LinkedCells,1.000000,lc_c04_HCP,none,SoA,disabled,2936166,2814343,2806316,2790988,2805967,2794518,2806842,2805275,2832866,2807360,2820063,2820063,10
2025-10-02 15:02:18,70109,pairwise,LinkedCells,1.000000,lc_c04_HCP,none,SoA,enabled,2648297,2580914,2583435,2574508,2569902,2586034,2612676,2622505,2593012,2567829,2593910,2593910,10
2025-10-02 15:02:18,70119,pairwise,LinkedCells,1.000000,lc_c04_combined_SoA,none,SoA,disabled,3580449,3506479,3494201,3487448,3478160,3488059,3516479,3478248,3480400,3471907,3498182,3498182,10
2025-10-02 15:02:18,70129,pairwise,LinkedCells,1.000000,lc_c04_combined_SoA,none,SoA,enabled,3227089,3126002,3119120,3114604,3146771,3125755,3136985,3133055,3148215,3112713,3139030,3139030,10
2025-10-02 15:02:18,70139,pairwise,LinkedCells,1.000000,lc_c08,none,AoS,disabled,2504656,2420089,2415348,2416295,2387387,2356605,2364321,2379520,2413813,2368498,2402652,2402652,10
2025-10-02 15:02:18,70149,pairwise,LinkedCells,1.000000,lc_c08,none,AoS,enabled,2216669,2226065,2197103,2207550,2218102,2191246,2241098,2224440,2206189,2218071,2214653,2214653,10
2025-10-02 15:02:18,70159,pairwise,LinkedCells,1.000000,lc_c08,none,SoA,disabled,4027066,3953849,3916671,3850443,3849864,3854112,3838342,3827531,3856734,3844519,3881913,3881913,10
2025-10-02 15:02:18,70169,pairwise,LinkedCells,1.000000,lc_c08,none,SoA,enabled,3665519,3588665,3639420,3583771,3582282,3566859,3587348,3610203,3573877,3638589,3603653,3603653,10
2025-10-02 15:02:18,70179,pairwise,LinkedCells,1.000000,lc_c18,none,AoS,disabled,2521512,2503732,2531640,2504577,2507108,2503513,2554543,2525802,2501936,2500271,2515463,2515463,10
2025-10-02 15:02:18,70189,pairwise,LinkedCells,1.000000,lc_c18,none,AoS,enabled,2378812,2364683,2364624,2364919,2424154,2371878,2363252,2396089,2435695,2383639,2384774,2384774,10
2025-10-02 15:02:18,70199,pairwise,LinkedCells,1.000000,lc_c18,none,SoA,disabled,3374182,3265315,3306162,3250239,3250886,3262864,3269432,3249866,3225970,3287984,3274289,3274289,10
2025-10-02 15:02:19,70209,pairwise,LinkedCells,1.000000,lc_c18,none,SoA,enabled,3115940,3052968,3034835,3049343,3032291,3038737,3043453,3041799,3064721,3059126,3053320,3053320,10
2025-10-02 15:02:19,70219,pairwise,LinkedCells,1.000000,lc_sliced,none,AoS,disabled,3391193,3255843,3334364,3125785,3332267,3268237,3243710,3265400,3159601,3244125,3262052,3262052,10
2025-10-02 15:02:19,70229,pairwise,LinkedCells,1.000000,lc_sliced,none,AoS,enabled,2460064,2466884,2501519,2475015,2459571,2477300,2511118,2466342,2460839,2478054,2475670,2475670,10
2025-10-02 15:02:19,70239,pairwise,LinkedCells,1.000000,lc_sliced,none,SoA,disabled,3723695,3608207,3539493,3552370,3524403,3485754,3520722,3528763,3518658,3545852,3554791,3554791,10
2025-10-02 15:02:19,70249,pairwise,LinkedCells,1.000000,lc_sliced,none,SoA,enabled,2751190,2691364,2669764,2685835,2677317,2686789,2652146,2670165,2665093,2672982,2682264,2682264,10
2025-10-02 15:02:19,70259,pairwise,LinkedCells,1.000000,lc_sliced_balanced,none,AoS,disabled,3290989,3261372,3254692,3256547,3252490,3248731,3248183,3247178,3258793,3256789,3257575,3257575,10
2025-10-02 15:02:19,70269,pairwise,LinkedCells,1.000000,lc_sliced_balanced,none,AoS,enabled,2456099,2435806,2441966,2438037,2445682,2443690,2434949,2468046,2447400,2468170,2447983,2447983,10
2025-10-02 15:02:19,70279,pairwise,LinkedCells,1.000000,lc_sliced_balanced,none,SoA,disabled,3633074,3505954,3483557,3466692,3483649,3480947,3485442,3457343,3461716,3492294,3495066,3495066,10
2025-10-02 15:02:19,70289,pairwise,LinkedCells,1.000000,lc_sliced_balanced,none,SoA,enabled,2749578,2683597,2651115,2656445,2667723,2677057,2670944,2675671,2666651,2652168,2675094,2675094,10
2025-10-02 15:02:19,70299,pairwise,LinkedCells,1.000000,lc_sliced_balanced,squared-particles-per-cell,AoS,disabled,3870513,3341458,3306357,3292846,3290334,3294200,3289627,3295816,3285446,3282816,3354940,3354940,10
2025-10-02 15:02:19,70309,pairwise,LinkedCells,1.000000,lc_sliced_balanced,squared-particles-per-cell,AoS,enabled,2911226,2795872,2788763,2781694,2789536,2767031,2784119,2771861,2771907,2770402,2793240,2793240,10
2025-10-02 15:02:19,70319,pairwise,LinkedCells,1.000000,lc_sliced_balanced,squared-particles-per-cell,SoA,disabled,8366156,7710417,7686055,7658159,7571777,7629994,7535643,7645253,7582270,7709760,7709548,7709548,10
2025-10-02 15:02:19,70329,pairwise,LinkedCells,1.000000,lc_sliced_balanced,squared-particles-per-cell,SoA,enabled,7226053,7312341,7148399,7127439,7227520,7087957,7080338,7055814,7214436,7193891,7167418,7167418,10
2025-10-02 15:02:19,70339,pairwise,LinkedCells,1.000000,lc_sliced_c02,none,AoS,disabled,3573121,3360047,3284934,3302173,3283533,3292257,3288800,3258524,3288833,3349943,3328215,3328215,10
2025-10-02 15:02:19,70349,pairwise,LinkedCells,1.000000,lc_sliced_c02,none,AoS,enabled,2495552,2460191,2355882,2476500,2461260,2475404,2460146,2498189,2497103,2467361,2464758,2464758,10
2025-10-02 15:02:19,70359,pairwise,LinkedCells,1.000000,lc_sliced_c02,none,SoA,disabled,4543487,3821912,3547793,3603844,3648171,3632542,3582140,3693801,3628218,3655020,3735692,3735692,10
2025-10-02 15:02:19,70369,pairwise,LinkedCells,1.000000,lc_sliced_c02,none,SoA,enabled,2807411,2635340,2631266,2625540,2642745,2660349,2627269,2669851,2620518,2643670,2656395,2656395,10
2025-10-02 15:02:19,70379,pairwise,VerletClusterLists,1.000000,vcl_c01_balanced,none,AoS,disabled,9648159,2421068,2441971,2463714,2443751,2417715,2449953,2432923,2415689,2454573,3158951,3158951,10
2025-10-02 15:02:19,70389,pairwise,VerletClusterLists,1.000000,vcl_c01_balanced,none,SoA,disabled,5683080,948539,950686,942870,940827,942545,941413,941244,938740,938555,1416849,1416849,10
2025-10-02 15:02:19,70399,pairwise,VerletClusterLists,1.000000,vcl_c06,none,AoS,disabled,17128823,12700807,13151665,12742708,12834148,12583643,12762423,12729061,12732334,12659318,13202492,13202492,10
2025-10-02 15:02:19,70409,pairwise,VerletClusterLists,1.000000,vcl_c06,none,AoS,enabled,10222744,6830883,6836780,6822447,6793272,7197608,6923153,6828929,6754402,6910056,7212027,7212027,10
2025-10-02 15:02:20,70419,pairwise,VerletClusterLists,1.000000,vcl_c06,none,SoA,disabled,9943219,5152255,5253929,5136011,5169947,5199487,5153459,5091536,5271064,5229147,5660004,5660004,10
2025-10-02 15:02:20,70429,pairwise,VerletClusterLists,1.000000,vcl_c06,none,SoA,enabled,6381595,2921176,2867826,2871966,2944275,2942110,2851793,2854445,2845539,2873849,3235456,3235456,10
2025-10-02 15:02:20,70439,pairwise,VerletClusterLists,1.000000,vcl_sliced,none,AoS,disabled,21384381,17837244,16941833,17824941,17857949,17912099,17231434,16961510,15121043,16949737,17602216,17602216,10
2025-10-02 15:02:20,70449,pairwise,VerletClusterLists,1.000000,vcl_sliced,none,AoS,enabled,12648418,8475632,9162802,9178970,9155141,9200641,9192097,9152351,9210334,9185184,9456156,9456156,10
2025-10-02 15:02:20,70459,pairwise,VerletClusterLists,1.000000,vcl_sliced,none,SoA,disabled,10311331,5626530,5696094,5699057,5689231,5693878,5695825,5698875,5685152,5592271,6138823,6138823,10
2025-10-02 15:02:20,70469,pairwise,VerletClusterLists,1.000000,vcl_sliced,none,SoA,enabled,6896791,3160800,3141656,3068869,3088417,3125304,3172855,3130607,3134284,3137331,3505690,3505690,10
2025-10-02 15:02:20,70479,pairwise,VerletClusterLists,1.000000,vcl_sliced_balanced,none,AoS,disabled,21340194,16869615,16953562,16914277,16856905,16845730,16852231,16879832,16831680,16851933,17319595,17319595,10
2025-10-02 15:02:20,70489,pairwise,VerletClusterLists,1.000000,vcl_sliced_balanced,none,AoS,enabled,12496800,9207944,9216582,9233943,9235840,9214439,9219749,9250213,9222846,9245861,9554421,9554421,10
2025-10-02 15:02:20,70499,pairwise,VerletClusterLists,1.000000,vcl_sliced_balanced,none,SoA,disabled,10276352,5607715,5608446,5605124,5611408,5602977,5608951,5602093,5613592,5616038,6075269,6075269,10
2025-10-02 15:02:20,70509,pairwise,VerletClusterLists,1.000000,vcl_sliced_balanced,none,SoA,enabled,6302438,3065586,3062208,3058321,3063200,3061640,3052176,3053921,3046874,3050629,3381698,3381698,10
2025-10-02 15:02:21,70519,pairwise,VerletClusterLists,1.000000,vcl_sliced_balanced,neighbor-list-length,AoS,disabled,24924479,18944431,18910074,18898804,18938944,18883144,18947765,18894924,18955701,18885853,19518411,19518411,10
2025-10-02 15:02:21,70529,pairwise,VerletClusterLists,1.000000,vcl_sliced_balanced,neighbor-list-length,AoS,enabled,13556058,10314055,10349761,10299940,10286691,10291147,10352094,10311535,10298743,10316958,10637698,10637698,10
2025-10-02 15:02:21,70539,pairwise,VerletClusterLists,1.000000,vcl_sliced_balanced,neighbor-list-length,SoA,disabled,10849390,6146563,6147240,6145039,6145006,6133434,6131767,6148808,6142412,6129558,6611920,6611920,10
2025-10-02 15:02:21,70549,pairwise,VerletClusterLists,1.000000,vcl_sliced_balanced,neighbor-list-length,SoA,enabled,6725563,3451434,3481816,3443372,3435333,3449293,3446955,3439625,3595690,3711543,3818061,3818061,10
2025-10-02 15:02:21,70559,pairwise,VerletClusterLists,1.000000,vcl_sliced_c02,none,AoS,disabled,25055580,19343914,18826963,19251829,19382669,18738390,18884586,18705078,18694866,19378588,19626246,19626246,10
2025-10-02 15:02:21,70569,pairwise,VerletClusterLists,1.000000,vcl_sliced_c02,none,AoS,enabled,13706772,10631310,10481384,10254704,10173200,10671459,10259935,10250090,10215685,10238437,10688297,10688297,10
2025-10-02 15:02:21,70579,pairwise,VerletClusterLists,1.000000,vcl_sliced_c02,none,SoA,disabled,10839697,6315468,6304257,6287755,6256823,6282447,6397235,6326550,6365308,6363811,6773934,6773934,10
2025-10-02 15:02:21,70589,pairwise,VerletClusterLists,1.000000,vcl_sliced_c02,none,SoA,enabled,6984545,3351442,3652839,3668302,3402729,3635574,3613560,3446663,3621776,3657979,3903540,3903540,10
2025-10-02 15:02:21,70599,pairwise,VerletLists,1.000000,vl_list_iteration,none,AoS,disabled,8845699,931992,916799,918915,910915,914676,913869,909403,913788,913638,1708969,1708969,10
2025-10-02 15:02:21,70609,pairwise,VerletLists,1.000000,vl_list_iteration,none,SoA,disabled,24017785,2400195,2316128,2278854,2318338,2294652,2279185,2270950,2283272,2270491,4472984,4472984,10
2025-10-02 15:02:21,70619,pairwise,VerletListsCells,1.000000,vlc_c01,none,AoS,disabled,25646821,1919028,1923358,1911430,1893904,1905950,1896785,1910508,1905269,1909601,4282264,4282264,10
2025-10-02 15:02:21,70629,pairwise,VerletListsCells,1.000000,vlc_c01,none,SoA,disabled,42664120,3821392,3645894,3613448,3583814,3576996,3585395,3575332,3562404,3555064,7518385,7518385,10
2025-10-02 15:02:21,70639,pairwise,VerletListsCells,1.000000,vlc_c18,none,AoS,disabled,17368447,2149800,2160914,2150367,2138147,2139138,2150424,2138938,2146427,2138002,3668060,3668060,10
2025-10-02 15:02:22,70649,pairwise,VerletListsCells,1.000000,vlc_c18,none,AoS,enabled,16063769,2004890,1999133,1995255,2009033,2000271,1999656,1997162,1994965,1996437,3406056,3406056,10
2025-10-02 15:02:22,70659,pairwise,VerletListsCells,1.000000,vlc_c18,none,SoA,disabled,44420702,4346996,4147408,4123970,4088403,4071831,4070979,4068610,4044267,4047625,8143079,8143079,10
2025-10-02 15:02:22,70669,pairwise,VerletListsCells,1.000000,vlc_c18,none,SoA,enabled,33970593,4052763,3924549,3903079,3892122,3877292,3938593,3877152,3891007,3863899,6919104,6919104,10
2025-10-02 15:02:22,70679,pairwise,VerletListsCells,1.000000,vlc_c08,none,AoS,disabled,13048109,1961804,1971920,1952598,1945339,1967910,1955303,1951071,1953345,1952918,3066031,3066031,10
2025-10-02 15:02:22,70689,pairwise,VerletListsCells,1.000000,vlc_c08,none,AoS,enabled,12811996,1834935,1820326,1830531,1824317,1829905,1826123,1824125,1830645,1819891,2925279,2925279,10
2025-10-02 15:02:22,70699,pairwise,VerletListsCells,1.000000,vlc_c08,none,SoA,disabled,38471922,4113911,3936185,3907800,3859925,3853685,3861112,3862493,3863984,3865270,7359628,7359628,10
2025-10-02 15:02:22,70709,pairwise,VerletListsCells,1.000000,vlc_c08,none,SoA,enabled,32018098,3870670,3772723,3773455,3746314,3759770,3748220,3738207,3754307,3751262,6593302,6593302,10
2025-10-02 15:02:22,70719,pairwise,VerletListsCells,1.000000,vlc_sliced,none,AoS,disabled,17719870,2247318,2200637,2172515,2161791,2167097,2165444,2161468,2109490,2170942,3727656,3727656,10
2025-10-02 15:02:22,70729,pairwise,VerletListsCells,1.000000,vlc_sliced,none,AoS,enabled,15513582,1126136,1159464,1133738,1144371,1144501,1126904,1122495,1147085,1141158,2575943,2575943,10
2025-10-02 15:02:22,70739,pairwise,VerletListsCells,1.000000,vlc_sliced,none,SoA,disabled,45484749,4481966,4395052,4331757,4413205,4345925,4339918,4303676,4327869,4314931,8473904,8473904,10
2025-10-02 15:02:22,70749,pairwise,VerletListsCells,1.000000,vlc_sliced,none,SoA,enabled,33112231,3156013,3099888,3077416,3168326,3106664,3093280,3118395,3133007,3095980,6116119,6116119,10
2025-10-02 15:02:22,70759,pairwise,VerletListsCells,1.000000,vlc_sliced_balanced,none,AoS,disabled,17520908,2218529,2181107,2173831,2186247,2189712,2174087,2177112,2170040,2169817,3716138,3716138,10
2025-10-02 15:02:22,70769,pairwise,VerletListsCells,1.000000,vlc_sliced_balanced,none,AoS,enabled,15363304,1170498,1136657,1133293,1137351,1131224,1137737,1133968,1127171,1127250,2559844,2559844,10
2025-10-02 15:02:22,70779,pairwise,VerletListsCells,1.000000,vlc_sliced_balanced,none,SoA,disabled,45065137,4543475,4411799,4371268,4320569,4326395,4319201,4289607,4304708,4284544,8423670,8423670,10
2025-10-02 15:02:22,70789,pairwise,VerletListsCells,1.000000,vlc_sliced_balanced,none,SoA,enabled,33453680,3254375,3103958,3113487,3009790,3110949,3050762,3061885,3047579,3042678,6124913,6124913,10
2025-10-02 15:02:22,70799,pairwise,VerletListsCells,1.000000,vlc_sliced_balanced,squared-particles-per-cell,AoS,disabled,17213678,2313705,2264711,2237248,2236657,2231275,2226261,2226956,2216027,2224544,3739105,3739105,10
2025-10-02 15:02:22,70809,pairwise,VerletListsCells,1.000000,vlc_sliced_balanced,squared-particles-per-cell,AoS,enabled,15460548,1228838,1204811,1195048,1195214,1193022,1180975,1187939,1180537,1180965,2620788,2620788,10
2025-10-02 15:02:23,70819,pairwise,VerletListsCells,1.000000,vlc_sliced_balanced,squared-particles-per-cell,SoA,disabled,44973190,4517789,4385776,4381056,4355644,4382114,4322100,4322223,4330269,4315682,8428583,8428583,10
2025-10-02 15:02:23,70829,pairwise,VerletListsCells,1.000000,vlc_sliced_balanced,squared-particles-per-cell,SoA,enabled,34943595,3145193,3041618,3048281,3085813,3013436,2966972,3009879,3067070,3104595,6242644,6242644,10
2025-10-02 15:02:23,70839,pairwise,VerletListsCells,1.000000,vlc_sliced_balanced,neighbor-list-length,AoS,disabled,17001564,2270116,2231744,2243444,2247640,2248189,2237078,2242886,2254743,2233624,3721102,3721102,10
2025-10-02 15:02:23,70849,pairwise,VerletListsCells,1.000000,vlc_sliced_balanced,neighbor-list-length,AoS,enabled,15510839,1210360,1201165,1198146,1187700,1191624,1180992,1181205,1177088,1178570,2621768,2621768,10
2025-10-02 15:02:23,70859,pairwise,VerletListsCells,1.000000,vlc_sliced_balanced,neighbor-list-length,SoA,disabled,46872419,4684774,4531236,4340948,4155410,4061591,4033243,4144451,4056393,4209709,8509017,8509017,10
2025-10-02 15:02:23,70869,pairwise,VerletListsCells,1.000000,vlc_sliced_balanced,neighbor-list-length,SoA,enabled,35185744,3295122,3173869,3132444,3028664,2877920,2834208,2847800,2848068,2807803,6203163,6203163,10
2025-10-02 15:02:23,70879,pairwise,VerletListsCells,1.000000,vlc_sliced_c02,none,AoS,disabled,17421409,2770474,2798261,2705711,2779030,2581702,2630154,2767358,2773105,2708235,4193543,4193543,10
2025-10-02 15:02:23,70889,pairwise,VerletListsCells,1.000000,vlc_sliced_c02,none,AoS,enabled,15733347,1512261,1426925,1334321,1461763,1409682,1448399,1430249,1476375,1436787,2867010,2867010,10
2025-10-02 15:02:23,70899,pairwise,VerletListsCells,1.000000,vlc_sliced_c02,none,SoA,disabled,45890127,4947663,4678376,4743586,4735731,4770310,4706660,4709815,4646036,4569752,8839805,8839805,10
2025-10-02 15:02:23,70909,pairwise,VerletListsCells,1.000000,vlc_sliced_c02,none,SoA,enabled,35125513,3521771,3328028,3347675,3259698,3241505,3385129,3292790,3230607,3094930,6482764,6482764,10
2025-10-02 15:02:23,70919,pairwise,PairwiseVerletLists,1.000000,vlp_c01,none,AoS,disabled,22695018,2334507,2299524,2296553,2290540,2292306,2293345,2292582,2281535,2292594,4336850,4336850,10
2025-10-02 15:02:23,70929,pairwise,PairwiseVerletLists,1.000000,vlp_c01,none,SoA,disabled,82848247,5373924,5161164,5105950,5206191,5153027,5099539,5100984,5086733,5070879,12920663,12920663,10
2025-10-02 15:02:23,70939,pairwise,PairwiseVerletLists,1.000000,vlp_c18,none,AoS,disabled,19707151,2595989,2572084,2567502,2562987,2558664,2559069,2553319,2554944,2550702,4278240,4278240,10
2025-10-02 15:02:23,70949,pairwise,PairwiseVerletLists,1.000000,vlp_c18,none,AoS,enabled,20221841,2389117,2383198,2372584,2368958,2363867,2366573,2358451,2368532,2372243,4156535,4156535,10
2025-10-02 15:02:24,70959,pairwise,PairwiseVerletLists,1.000000,vlp_c18,none,SoA,disabled,96697944,5631360,5532042,5462303,5425133,5441417,5499980,5510577,5472440,5456029,14612922,14612922,10
2025-10-02 15:02:24,70969,pairwise,PairwiseVerletLists,1.000000,vlp_c18,none,SoA,enabled,76400631,5290095,5062716,5013450,5010756,4983016,4980114,4965210,4952230,4949003,12160721,12160721,10
2025-10-02 15:02:24,70979,pairwise,PairwiseVerletLists,1.000000,vlp_sliced,none,AoS,disabled,20577932,3381149,3358017,3229455,2951684,3337140,3318851,3346484,3241583,3307553,5004984,5004984,10
2025-10-02 15:02:24,70989,pairwise,PairwiseVerletLists,1.000000,vlp_sliced,none,AoS,enabled,20283522,1997959,1960571,2043629,1954192,1845980,2034574,1975294,1994803,1936176,3802669,3802669,10
2025-10-02 15:02:24,70999,pairwise,PairwiseVerletLists,1.000000,vlp_sliced,none,SoA,disabled,94752514,7015023,6850671,6869983,6979809,6863461,6872175,6922733,6928358,7013405,15706812,15706812,10
2025-10-02 15:02:24,71009,pairwise,PairwiseVerletLists,1.000000,vlp_sliced,none,SoA,enabled,76561511,5401173,5356372,5289261,5416700,5339401,5330380,5235516,5368971,5182661,12448193,12448193,10
2025-10-02 15:02:24,71019,pairwise,PairwiseVerletLists,1.000000,vlp_sliced_balanced,none,AoS,disabled,20717068,3420669,3352693,3305890,3322083,3300312,3286637,3284283,3285384,3276407,5055142,5055142,10
2025-10-02 15:02:24,71029,pairwise,PairwiseVerletLists,1.000000,vlp_sliced_balanced,none,AoS,enabled,20418187,2081375,2043279,2053140,2049248,2046846,2042419,2022037,2001770,2005443,3876374,3876374,10
2025-10-02 15:02:24,71039,pairwise,PairwiseVerletLists,1.000000,vlp_sliced_balanced,none,SoA,disabled,95483525,7099257,6940234,6925431,6903206,6926932,6925705,6926104,6925656,6939817,15799586,15799586,10
2025-10-02 15:02:24,71049,pairwise,PairwiseVerletLists,1.000000,vlp_sliced_balanced,none,SoA,enabled,77173708,5566392,5404003,5331532,5351628,5398195,5352202,5422736,5326457,5367727,12569458,12569458,10
2025-10-02 15:02:25,71059,pairwise,PairwiseVerletLists,1.000000,vlp_sliced_c02,none,AoS,disabled,21627790,4377185,4170769,4178298,4219820,4185428,4174632,4199407,4142601,4313147,5958907,5958907,10
2025-10-02 15:02:25,71069,pairwise,PairwiseVerletLists,1.000000,vlp_sliced_c02,none,AoS,enabled,20768881,2525753,2462983,2454545,2559471,2534909,2472966,2502987,2410403,2563908,4325680,4325680,10
2025-10-02 15:02:25,71079,pairwise,PairwiseVerletLists,1.000000,vlp_sliced_c02,none,SoA,disabled,96088099,8032764,7865888,8012539,8042326,7846409,7929993,7817286,7828761,7741227,16720528,16720528,10
2025-10-02 15:02:25,71089,pairwise,PairwiseVerletLists,1.000000,vlp_sliced_c02,none,SoA,enabled,77589745,6148519,6040811,5978300,6057030,5885377,5923401,5998445,6066407,5955845,13164388,13164388,10
2025-10-02 15:02:25,71099,pairwise,PairwiseVerletLists,1.000000,vlp_c08,none,AoS,disabled,21476342,4226709,4205113,4201090,4195430,4190052,4203926,4189112,4198301,4197308,5928338,5928338,10
2025-10-02 15:02:25,71109,pairwise,PairwiseVerletLists,1.000000,vlp_c08,none,AoS,enabled,21594328,2838592,2801287,2800719,2791693,2795146,2775037,2779897,2773214,2831164,4678107,4678107,10
2025-10-02 15:02:25,71119,pairwise,PairwiseVerletLists,1.000000,vlp_c08,none,SoA,disabled,99769019,7995509,7917038,7921900,7945662,7947507,7925015,7928611,7926389,7927166,17120381,17120381,10
2025-10-02 15:02:25,71129,pairwise,PairwiseVerletLists,1.000000,vlp_c08,none,SoA,enabled,77373982,6233681,6104110,6070151,6082139,6070355,6081052,6051725,6059246,6058105,13218454,13218454,10
2025-10-02 15:04:17,75009,pairwise,LinkedCells,1.000000,lc_c01,none,AoS,disabled,2825453,2777558,2785084,2787678,2811442,2822108,2779401,2774026,2772204,2771903,2790685,2790685,10
2025-10-02 15:04:17,75019,pairwise,LinkedCells,1.000000,lc_c01,none,SoA,disabled,4284433,3499883,3531514,3476413,3477174,3507326,3505521,3455944,3508875,3464138,3571121,3571121,10
2025-10-02 15:04:17,75029,pairwise,LinkedCells,1.000000,lc_c01_combined_SoA,none,SoA,disabled,3432734,3495330,3404069,3416417,3398266,3440659,3559949,3460124,3508948,3454762,3457125,3457125,10
2025-10-02 15:04:17,75039,pairwise,LinkedCells,1.000000,lc_c04,none,AoS,disabled,3494944,3300004,3451651,3465375,3282235,3396889,3349699,3305818,3279412,3284052,3361007,3361007,10
2025-10-02 15:04:17,75049,pairwise,LinkedCells,1.000000,lc_c04,none,AoS,enabled,2453915,2490168,2497381,2502125,2475326,2514555,2451875,2445756,2486640,2498601,2481634,2481634,10
2025-10-02 15:04:17,75059,pairwise,LinkedCells,1.000000,lc_c04,none,SoA,disabled,3283379,3230466,3169396,3174908,3153587,3158695,3157193,3152356,3152047,3170435,3180246,3180246,10
2025-10-02 15:04:17,75069,pairwise,LinkedCells,1.000000,lc_c04,none,SoA,enabled,2437218,2368934,2378577,2365537,2362008,2357439,2352377,2361629,2353580,2359013,2369630,2369630,10
2025-10-02 15:04:17,75079,pairwise,LinkedCells,1.000000,lc_c04_HCP,none,AoS,disabled,1613150,1560341,1561784,1567108,1554597,1560541,1566537,1580867,1579293,1559680,1570389,1570389,10
2025-10-02 15:04:17,75089,pairwise,LinkedCells,1.000000,lc_c04_HCP,none,AoS,enabled,1248679,1234041,1230888,1224285,1229152,1233881,1229584,1233668,1224317,1247561,1233604,1233604,10
2025-10-02 15:04:17,75099,pairwise,LinkedCells,1.000000,lc_c04_HCP,none,SoA,disabled,2920896,2807079,2795350,2784219,2771122,2789798,2807350,2778604,2812577,2791641,2805863,2805863,10
2025-10-02 15:04:17,75109,pairwise,LinkedCells,1.000000,lc_c04_HCP,none,SoA,enabled,2640434,2562994,2590747,2590998,2587055,2581293,2557600,2576652,2550435,2567774,2580597,2580597,10
2025-10-02 15:04:17,75119,pairwise,LinkedCells,1.000000,lc_c04_combined_SoA,none,SoA,disabled,3557555,3484285,3498070,3504153,3456400,3467302,3460954,3476740,3456346,3486784,3484858,3484858,10
2025-10-02 15:04:17,75129,pairwise,LinkedCells,1.000000,lc_c04_combined_SoA,none,SoA,enabled,3214298,3110213,3097687,3098423,3096851,3111586,3096635,3076244,3115198,3137751,3115487,3115487,10
2025-10-02 15:04:17,75139,pairwise,LinkedCells,1.000000,lc_c08,none,AoS,disabled,2681361,2510618,2426680,2424598,2413490,2366136,2400614,2417604,2391949,2462399,2449544,2449544,10
2025-10-02 15:04:17,75149,pairwise,LinkedCells,1.000000,lc_c08,none,AoS,enabled,2489207,2290833,2261995,2272923,2255696,2235169,2203384,2196978,2204044,2204185,2261441,2261441,10
2025-10-02 15:04:17,75159,pairwise,LinkedCells,1.000000,lc_c08,none,SoA,disabled,3982527,3930118,3945988,3902350,3851227,3822598,3808671,3833460,3813747,3809304,3869998,3869998,10
2025-10-02 15:04:17,75169,pairwise,LinkedCells,1.000000,lc_c08,none,SoA,enabled,3629637,3597370,3591211,3587650,3611117,3570103,3574508,3571541,3556433,3604122,3589369,3589369,10
2025-10-02 15:04:17,75179,pairwise,LinkedCells,1.000000,lc_c18,none,AoS,disabled,2504620,2558837,2503666,2495701,2497196,2496981,2510403,2501122,2535807,2500699,2510502,2510502,10
2025-10-02 15:04:17,75189,pairwise,LinkedCells,1.000000,lc_c18,none,AoS,enabled,2344379,2358998,2351588,2393348,2363540,2360707,2349647,2342559,2350130,2352569,2356745,2356745,10
2025-10-02 15:04:17,75199,pairwise,LinkedCells,1.000000,lc_c18,none,SoA,disabled,3361984,3258552,3303248,3243677,3246161,3250192,3272507,3242335,3242094,3283906,3270464,3270464,10
2025-10-02 15:04:17,75209,pairwise,LinkedCells,1.000000,lc_c18,none,SoA,enabled,3073013,3054624,3040647,3055002,3068087,3045324,3032156,3041470,3043674,3033200,3048719,3048719,10
2025-10-02 15:04:17,75219,pairwise,LinkedCells,1.000000,lc_sliced,none,AoS,disabled,3773571,3782068,3758300,3737718,3752863,3739719,3735764,3767343,3770696,3746685,3756471,3756471,10
2025-10-02 15:04:17,75229,pairwise,LinkedCells,1.000000,lc_sliced,none,AoS,enabled,2596838,2820687,2827624,2805990,2814215,2796089,2817770,2813600,2811532,2786665,2789100,2789100,10
2025-10-02 15:04:17,75239,pairwise,LinkedCells,1.000000,lc_sliced,none,SoA,disabled,4025760,3799944,3720223,3717163,3709287,3716963,3708862,3687188,3711814,3670229,3746742,3746742,10
2025-10-02 15:04:18,75249,pairwise,LinkedCells,1.000000,lc_sliced,none,SoA,enabled,2791113,2767677,2734996,2746808,2750571,2786335,2987886,2733653,2769132,2662440,2773060,2773060,10
2025-10-02 15:04:18,75259,pairwise,LinkedCells,1.000000,lc_sliced_balanced,none,AoS,disabled,3784067,3757146,3747678,3745839,3736171,3740766,3738785,3741541,3739217,3735290,3746649,3746649,10
2025-10-02 15:04:18,75269,pairwise,LinkedCells,1.000000,lc_sliced_balanced,none,AoS,enabled,2803968,2786826,2790541,2792269,2800025,2802300,2808596,2790644,2817857,2813080,2800610,2800610,10
2025-10-02 15:04:18,75279,pairwise,LinkedCells,1.000000,lc_sliced_balanced,none,SoA,disabled,3838021,3697857,3677541,3653683,3658585,3660242,3665428,3657553,3671904,3646643,3682744,3682744,10
2025-10-02 15:04:18,75289,pairwise,LinkedCells,1.000000,lc_sliced_balanced,none,SoA,enabled,2788095,2700314,2718869,2738231,2703601,2746266,2738449,2720339,2688032,2676741,2721893,2721893,10
2025-10-02 15:04:18,75299,pairwise,LinkedCells,1.000000,lc_sliced_balanced,squared-particles-per-cell,AoS,disabled,4188739,3855289,3796451,3793381,3791228,3789737,3804539,3792105,3786555,3784711,3838272,3838272,10
2025-10-02 15:04:18,75309,pairwise,LinkedCells,1.000000,lc_sliced_balanced,squared-particles-per-cell,AoS,enabled,3149015,3031225,2997965,3013196,3019490,2999676,2998521,3010992,3020666,2996413,3023715,3023715,10
2025-10-02 15:04:18,75319,pairwise,LinkedCells,1.000000,lc_sliced_balanced,squared-particles-per-cell,SoA,disabled,8985625,8208349,8273212,8113522,8209279,8126337,8057336,8245461,8166479,8196694,8258228,8258228,10
2025-10-02 15:04:18,75329,pairwise,LinkedCells,1.000000,lc_sliced_balanced,squared-particles-per-cell,SoA,enabled,7760333,7754020,7751344,7737595,7735290,7789747,7735548,7701967,7759992,7758616,7748444,7748444,10
2025-10-02 15:04:18,75339,pairwise,LinkedCells,1.000000,lc_sliced_c02,none,AoS,disabled,3969249,3817471,3813924,3757665,3783405,3645161,3666292,3766005,3786457,3726114,3773174,3773174,10
2025-10-02 15:04:18,75349,pairwise,LinkedCells,1.000000,lc_sliced_c02,none,AoS,enabled,2830571,2695055,2819170,2788913,2781941,2839537,2696905,2818004,2836306,2815847,2792224,2792224,10
2025-10-02 15:04:18,75359,pairwise,LinkedCells,1.000000,lc_sliced_c02,none,SoA,disabled,4632531,3932084,3865007,3687457,3819568,3702629,3808229,3797782,3694496,3735285,3867506,3867506,10
2025-10-02 15:04:18,75369,pairwise,LinkedCells,1.000000,lc_sliced_c02,none,SoA,enabled,2808410,2750682,2731282,2742021,2706888,2745915,2758910,2715488,2736975,2711586,2740815,2740815,10
2025-10-02 15:04:18,75379,pairwise,VerletClusterLists,1.000000,vcl_c01_balanced,none,AoS,disabled,9221726,2494891,2519911,2497822,2490461,2493297,2485854,2476656,2509164,2496358,3168614,3168614,10
2025-10-02 15:04:18,75389,pairwise,VerletClusterLists,1.000000,vcl_c01_balanced,none,SoA,disabled,5421174,967010,963331,948656,952933,951752,954109,954772,946085,952747,1401256,1401256,10
2025-10-02 15:04:18,75399,pairwise,VerletClusterLists,1.000000,vcl_c06,none,AoS,disabled,15675523,11481825,11436507,11413483,11450084,11725392,11495923,11472514,11472199,11464316,11908776,11908776,10
2025-10-02 15:04:18,75409,pairwise,VerletClusterLists,1.000000,vcl_c06,none,AoS,enabled,8783838,6033401,6153172,5966583,5984580,6019944,6015900,5979045,5958472,6196195,6309112,6309112,10
2025-10-02 15:04:18,75419,pairwise,VerletClusterLists,1.000000,vcl_c06,none,SoA,disabled,9310944,4973555,5318354,4719302,5195202,5208177,4779685,4804877,4971502,4718608,5400020,5400020,10
2025-10-02 15:04:18,75429,pairwise,VerletClusterLists,1.000000,vcl_c06,none,SoA,enabled,5559347,2572907,2580950,2571053,2544634,2532281,2557244,2531689,2683323,2520112,2865353,2865353,10
2025-10-02 15:04:19,75439,pairwise,VerletClusterLists,1.000000,vcl_sliced,none,AoS,disabled,22400508,20642022,18677378,18701617,16062046,16102831,18670216,18691609,17939356,16087105,18397468,18397468,10
2025-10-02 15:04:19,75449,pairwise,VerletClusterLists,1.000000,vcl_sliced,none,AoS,enabled,12558957,9771901,9767913,10079691,10074338,8876511,10015399,8915034,9740054,10030017,9982981,9982981,10
2025-10-02 15:04:19,75459,pairwise,VerletClusterLists,1.000000,vcl_sliced,none,SoA,disabled,10359680,6023510,6019662,6015586,6023234,6265899,5926440,6003141,6011677,6026219,6467504,6467504,10
2025-10-02 15:04:19,75469,pairwise,VerletClusterLists,1.000000,vcl_sliced,none,SoA,enabled,6063744,3280095,3281944,3310668,3370365,3247147,3290407,3290688,3292391,3302819,3573026,3573026,10
2025-10-02 15:04:19,75479,pairwise,VerletClusterLists,1.000000,vcl_sliced_balanced,none,AoS,disabled,22098009,17776526,17841436,17815805,17844678,17828841,17822670,17829040,17816985,17821109,18249509,18249509,10
2025-10-02 15:04:19,75489,pairwise,VerletClusterLists,1.000000,vcl_sliced_balanced,none,AoS,enabled,12639769,9830149,9821758,9802598,9802268,9779513,9817581,9813045,9814564,9821549,10094279,10094279,10
2025-10-02 15:04:19,75499,pairwise,VerletClusterLists,1.000000,vcl_sliced_balanced,none,SoA,disabled,10444415,5975046,5959672,5966524,5968389,5970428,5958071,5974069,5966359,5972896,6415586,6415586,10
2025-10-02 15:04:19,75509,pairwise,VerletClusterLists,1.000000,vcl_sliced_balanced,none,SoA,enabled,6103330,3235195,3234171,3235134,3230551,3226476,3228092,3227737,3240904,3226801,3518838,3518838,10
2025-10-02 15:04:19,75519,pairwise,VerletClusterLists,1.000000,vcl_sliced_balanced,neighbor-list-length,AoS,disabled,25319828,19612575,19549551,19567982,19545297,19560660,19591047,19694159,19589608,19511034,20154173,20154173,10
2025-10-02 15:04:20,75529,pairwise,VerletClusterLists,1.000000,vcl_sliced_balanced,neighbor-list-length,AoS,enabled,13779015,10915684,10903210,10902450,10885841,10906178,10890204,10903291,10888154,10867582,11184160,11184160,10
2025-10-02 15:04:20,75539,pairwise,VerletClusterLists,1.000000,vcl_sliced_balanced,neighbor-list-length,SoA,disabled,10853424,6445288,6504020,6453890,6441026,6448079,6460152,6466359,6433917,6445406,6895155,6895155,10
2025-10-02 15:04:20,75549,pairwise,VerletClusterLists,1.000000,vcl_sliced_balanced,neighbor-list-length,SoA,enabled,6353878,3561706,3555521,3548792,3569467,3540595,3553780,3549719,3531520,3550073,3831504,3831504,10
2025-10-02 15:04:20,75559,pairwise,VerletClusterLists,1.000000,vcl_sliced_c02,none,AoS,disabled,25481657,20407369,20098654,19923247,18116037,20087903,20306533,20298592,20324513,20437096,20548159,20548159,10
2025-10-02 15:04:20,75569,pairwise,VerletClusterLists,1.000000,vcl_sliced_c02,none,AoS,enabled,13762335,10976295,10706921,10489887,10458316,11079563,10709792,10750723,10981682,11078043,11099355,11099355,10
2025-10-02 15:04:20,75579,pairwise,VerletClusterLists,1.000000,vcl_sliced_c02,none,SoA,disabled,11111305,6699745,6695547,6672742,6647577,6631719,6587531,6823457,6690256,6753396,7131326,7131326,10
2025-10-02 15:04:20,75589,pairwise,VerletClusterLists,1.000000,vcl_sliced_c02,none,SoA,enabled,6574181,3649369,3821408,3665166,3822710,3793044,3803481,3693673,3711252,3739994,4027427,4027427,10
2025-10-02 15:04:20,75599,pairwise,VerletLists,1.000000,vl_list_iteration,none,AoS,disabled,8849328,918745,901058,897226,901869,901347,905057,898594,901755,899667,1697464,1697464,10
2025-10-02 15:04:20,75609,pairwise,VerletLists,1.000000,vl_list_iteration,none,SoA,disabled,23361202,2363802,2254620,2278061,2235552,2233010,2259388,2220878,2206470,2214889,4362787,4362787,10
2025-10-02 15:04:20,75619,pairwise,VerletListsCells,1.000000,vlc_c01,none,AoS,disabled,25535533,1919511,1911017,1907481,1905323,1899591,1897559,1916514,1904468,1920219,4271720,4271720,10
2025-10-02 15:04:20,75629,pairwise,VerletListsCells,1.000000,vlc_c01,none,SoA,disabled,42302918,3773497,3617817,3560556,3575659,3545742,3537409,3531422,3515491,3526606,7448711,7448711,10
2025-10-02 15:04:20,75639,pairwise,VerletListsCells,1.000000,vlc_c18,none,AoS,disabled,17393483,2136145,2123528,2123805,2126531,2131324,2127990,2133922,2122878,2126945,3654654,3654654,10
2025-10-02 15:04:20,75649,pairwise,VerletListsCells,1.000000,vlc_c18,none,AoS,enabled,16058325,1999668,1985329,1992246,1991801,1990851,1995975,1986292,1983327,1985809,3396962,3396962,10
2025-10-02 15:04:21,75659,pairwise,VerletListsCells,1.000000,vlc_c18,none,SoA,disabled,43945449,4255723,4085476,4058950,4048318,4027257,4042127,4027455,4035910,4030051,8055671,8055671,10
2025-10-02 15:04:21,75669,pairwise,VerletListsCells,1.000000,vlc_c18,none,SoA,enabled,33618459,4009480,3891468,3847873,3838959,3847544,3842450,3828313,3851157,3849119,6842481,6842481,10
2025-10-02 15:04:21,75679,pairwise,VerletListsCells,1.000000,vlc_c08,none,AoS,disabled,13003835,1953299,1946064,1944342,1954035,1937933,1941226,1948485,1943602,1948302,3052112,3052112,10
2025-10-02 15:04:21,75689,pairwise,VerletListsCells,1.000000,vlc_c08,none,AoS,enabled,12727571,1827391,1817392,1818182,1817874,1818389,1813150,1814899,1827028,1804026,2908589,2908589,10
2025-10-02 15:04:21,75699,pairwise,VerletListsCells,1.000000,vlc_c08,none,SoA,disabled,37895156,4040993,3867339,3849848,3831478,3827037,3812173,3810179,3818715,3813926,7256683,7256683,10
2025-10-02 15:04:21,75709,pairwise,VerletListsCells,1.000000,vlc_c08,none,SoA,enabled,31584196,3842136,3731049,3708653,3707580,3708886,3718986,3714296,3721048,3718993,6515581,6515581,10
2025-10-02 15:04:21,75719,pairwise,VerletListsCells,1.000000,vlc_sliced,none,AoS,disabled,18172943,2559227,2591239,2505604,2523448,2574983,2531022,2537079,2568582,2516396,4108051,4108051,10
2025-10-02 15:04:21,75729,pairwise,VerletListsCells,1.000000,vlc_sliced,none,AoS,enabled,15594887,1354774,1330260,1337988,1332252,1291619,1251801,1306195,1308555,1321567,2742989,2742989,10
2025-10-02 15:04:21,75739,pairwise,VerletListsCells,1.000000,vlc_sliced,none,SoA,disabled,45065996,4816941,4763162,4645559,4660140,4673800,4658523,4680865,4626908,4638649,8723053,8723053,10
2025-10-02 15:04:21,75749,pairwise,VerletListsCells,1.000000,vlc_sliced,none,SoA,enabled,32706993,3320049,3246506,3232520,3192433,3215042,3223467,3197171,3272477,3114045,6172069,6172069,10
2025-10-02 15:04:21,75759,pairwise,VerletListsCells,1.000000,vlc_sliced_balanced,none,AoS,disabled,17950484,2612087,2560001,2555581,2553333,2545889,2564107,2547118,2547626,2548150,4098437,4098437,10
2025-10-02 15:04:21,75769,pairwise,VerletListsCells,1.000000,vlc_sliced_balanced,none,AoS,enabled,15516200,1342225,1320503,1316069,1314721,1318629,1318272,1311514,1312134,1312204,2738246,2738246,10
2025-10-02 15:04:21,75779,pairwise,VerletListsCells,1.000000,vlc_sliced_balanced,none,SoA,disabled,44945927,4835322,4736050,4690585,4663947,4648407,4637107,4644299,4643368,4535545,8698055,8698055,10
2025-10-02 15:04:21,75789,pairwise,VerletListsCells,1.000000,vlc_sliced_balanced,none,SoA,enabled,33148043,3434740,3315927,3145766,3184822,3178194,3229980,3220498,3240465,3211345,6230978,6230978,10
2025-10-02 15:04:21,75799,pairwise,VerletListsCells,1.000000,vlc_sliced_balanced,squared-particles-per-cell,AoS,disabled,17479862,2637895,2589901,2556360,2564497,2559158,2557109,2555966,2559747,2568978,4062947,4062947,10
2025-10-02 15:04:21,75809,pairwise,VerletListsCells,1.000000,vlc_sliced_balanced,squared-particles-per-cell,AoS,enabled,15627688,1391744,1361427,1356630,1347220,1345629,1344578,1340956,1347221,1348572,2781166,2781166,10
2025-10-02 15:04:21,75819,pairwise,VerletListsCells,1.000000,vlc_sliced_balanced,squared-particles-per-cell,SoA,disabled,44794992,4797983,4701957,4610603,4627855,4623469,4618291,4587574,4602617,4601348,8656668,8656668,10
2025-10-02 15:04:22,75829,pairwise,VerletListsCells,1.000000,vlc_sliced_balanced,squared-particles-per-cell,SoA,enabled,35574113,3341421,3236081,3245915,3259688,3282140,3245351,3228541,3223558,3146851,6478365,6478365,10
2025-10-02 15:04:22,75839,pairwise,VerletListsCells,1.000000,vlc_sliced_balanced,neighbor-list-length,AoS,disabled,17438433,2633289,2607264,2582311,2584778,2590167,2576805,2581464,2580883,2569668,4074505,4074505,10
2025-10-02 15:04:22,75849,pairwise,VerletListsCells,1.000000,vlc_sliced_balanced,neighbor-list-length,AoS,enabled,15674044,1378824,1348141,1355584,1345980,1354048,1353333,1348093,1349970,1348163,2785617,2785617,10
2025-10-02 15:04:22,75859,pairwise,VerletListsCells,1.000000,vlc_sliced_balanced,neighbor-list-length,SoA,disabled,45471428,4726069,4491722,4578451,4458083,4452031,4439106,4454750,4466767,4449245,8598764,8598764,10
2025-10-02 15:04:22,75869,pairwise,VerletListsCells,1.000000,vlc_sliced_balanced,neighbor-list-length,SoA,enabled,35166096,3379342,3196062,3000478,3128665,3136937,2939147,2996159,3010345,2968821,6292205,6292205,10
2025-10-02 15:04:22,75879,pairwise,VerletListsCells,1.000000,vlc_sliced_c02,none,AoS,disabled,17981125,3133550,3315034,3297996,3291223,3301011,3048877,3207528,3127505,3219328,4692317,4692317,10
2025-10-02 15:04:22,75889,pairwise,VerletListsCells,1.000000,vlc_sliced_c02,none,AoS,enabled,16040511,1729882,1692243,1684525,1708837,1635526,1616457,1686787,1659963,1635386,3109011,3109011,10
2025-10-02 15:04:22,75899,pairwise,VerletListsCells,1.000000,vlc_sliced_c02,none,SoA,disabled,46245407,5607623,5390131,5132293,5006940,5198475,5183218,5291165,5250276,5215531,9352105,9352105,10
2025-10-02 15:04:22,75909,pairwise,VerletListsCells,1.000000,vlc_sliced_c02,none,SoA,enabled,35643014,3684165,3717383,3519842,3477161,3359455,3585857,3488760,3494069,3556758,6752645,6752645,10
2025-10-02 15:04:22,75919,pairwise,PairwiseVerletLists,1.000000,vlp_c01,none,AoS,disabled,21716664,2308763,2303042,2285305,2284176,2283668,2282856,2296492,2278477,2279180,4231861,4231861,10
2025-10-02 15:04:22,75929,pairwise,PairwiseVerletLists,1.000000,vlp_c01,none,SoA,disabled,76963916,5317844,5146288,5066609,5030230,5035484,5028979,5014724,5017334,5015935,12263734,12263734,10
2025-10-02 15:04:22,75939,pairwise,PairwiseVerletLists,1.000000,vlp_c18,none,AoS,disabled,19555300,2564671,2547347,2546960,2544087,2553893,2533891,2527745,2544422,2552010,4247032,4247032,10
2025-10-02 15:04:22,75949,pairwise,PairwiseVerletLists,1.000000,vlp_c18,none,AoS,enabled,20120486,2382029,2363897,2372003,2413652,2356021,2369969,2363122,2350331,2357755,4144926,4144926,10
2025-10-02 15:04:23,75959,pairwise,PairwiseVerletLists,1.000000,vlp_c18,none,SoA,disabled,93762343,5616132,5493166,5474819,5464514,5418871,5440613,5424507,5445471,5456490,14299692,14299692,10
2025-10-02 15:04:23,75969,pairwise,PairwiseVerletLists,1.000000,vlp_c18,none,SoA,enabled,74289915,5253267,5035722,4989207,4985305,4967041,4953645,4968262,4942380,4946904,11933164,11933164,10
2025-10-02 15:04:23,75979,pairwise,PairwiseVerletLists,1.000000,vlp_sliced,none,AoS,disabled,21044871,3744384,3690030,3689697,3655452,3739227,3713387,3645590,3662510,3685290,5427043,5427043,10
2025-10-02 15:04:23,75989,pairwise,PairwiseVerletLists,1.000000,vlp_sliced,none,AoS,enabled,20315784,2304512,2198057,2219527,2230698,2156865,2148041,2209858,2167625,2228069,4017903,4017903,10
2025-10-02 15:04:23,75999,pairwise,PairwiseVerletLists,1.000000,vlp_sliced,none,SoA,disabled,92619129,7696714,7460502,7611035,7481948,7420371,7486631,7581635,7460168,7400189,16021831,16021831,10
2025-10-02 15:04:23,76009,pairwise,PairwiseVerletLists,1.000000,vlp_sliced,none,SoA,enabled,74935182,5904170,5522724,5669406,5656200,5793447,5702297,5666150,5625744,5675227,12615054,12615054,10
2025-10-02 15:04:23,76019,pairwise,PairwiseVerletLists,1.000000,vlp_sliced_balanced,none,AoS,disabled,21013355,3881976,3831046,3816260,3804302,3793778,3759401,3763208,3769878,3765541,5519873,5519873,10
2025-10-02 15:04:23,76029,pairwise,PairwiseVerletLists,1.000000,vlp_sliced_balanced,none,AoS,enabled,20478738,2313559,2266537,2243051,2229112,2246686,2226591,2231919,2240892,2214022,4069110,4069110,10
2025-10-02 15:04:23,76039,pairwise,PairwiseVerletLists,1.000000,vlp_sliced_balanced,none,SoA,disabled,92813172,7710300,7603430,7671842,7602004,7658836,7616286,7605615,7542699,7625827,16145000,16145000,10
2025-10-02 15:04:23,76049,pairwise,PairwiseVerletLists,1.000000,vlp_sliced_balanced,none,SoA,enabled,75262748,5876125,5701403,5708093,5688479,5714194,5669349,5691351,5690817,5717657,12672021,12672021,10
2025-10-02 15:04:24,76059,pairwise,PairwiseVerletLists,1.000000,vlp_sliced_c02,none,AoS,disabled,22244664,4955868,4760164,4750302,4816370,4832974,4653380,4742125,4636756,4665295,6505789,6505789,10
2025-10-02 15:04:24,76069,pairwise,PairwiseVerletLists,1.000000,vlp_sliced_c02,none,AoS,enabled,20968955,2774551,2751562,2724305,2769637,2779600,2727345,2659176,2839372,2624850,4561935,4561935,10
2025-10-02 15:04:24,76079,pairwise,PairwiseVerletLists,1.000000,vlp_sliced_c02,none,SoA,disabled,93690718,8963076,8794310,8830654,8587474,8735952,8671379,8784967,8767605,8762096,17258822,17258822,10
2025-10-02 15:04:24,76089,pairwise,PairwiseVerletLists,1.000000,vlp_sliced_c02,none,SoA,enabled,79093690,6773110,6464125,6400137,6444090,6430642,6349707,6515464,6384452,6530372,13738578,13738578,10
2025-10-02 15:04:24,76099,pairwise,PairwiseVerletLists,1.000000,vlp_c08,none,AoS,disabled,21346831,4200365,4178788,4189475,4181630,4185364,4177686,4177391,4182825,4193070,5901342,5901342,10
2025-10-02 15:04:24,76109,pairwise,PairwiseVerletLists,1.000000,vlp_c08,none,AoS,enabled,21257261,2824824,2790180,2790777,2770009,2771444,2779909,2774743,2775529,2767779,4630245,4630245,10
2025-10-02 15:04:24,76119,pairwise,PairwiseVerletLists,1.000000,vlp_c08,none,SoA,disabled,100239407,7944348,7877177,7886982,7878549,7871403,7868771,7884338,7875468,7842382,17116882,17116882,10
2025-10-02 15:04:24,76129,pairwise,PairwiseVerletLists,1.000000,vlp_c08,none,SoA,enabled,76889670,6147815,6048604,6059804,6077853,6080029,6055245,6061683,6078637,6065126,13156446,13156446,10
2025-10-02 15:06:18,80009,pairwise,LinkedCells,1.000000,lc_c01,none,AoS,disabled,2814960,2781485,2768096,2808457,2789914,2829116,2790285,2811229,2779628,2802846,2797600,2797600,10
2025-10-02 15:06:18,80019,pairwise,LinkedCells,1.000000,lc_c01,none,SoA,disabled,4268342,3546965,3485371,3491086,3488139,3516433,3470535,3464940,3490714,3466800,3568932,3568932,10
2025-10-02 15:06:18,80029,pairwise,LinkedCells,1.000000,lc_c01_combined_SoA,none,SoA,disabled,3376224,3407045,3397688,3353936,3384043,3428206,3570876,3455511,3515657,3491534,3438072,3438072,10
2025-10-02 15:06:18,80039,pairwise,LinkedCells,1.000000,lc_c04,none,AoS,disabled,3460504,3240973,3199105,3278540,3214334,3189058,3171781,3155627,3180126,3254915,3234496,3234496,10
2025-10-02 15:06:18,80049,pairwise,LinkedCells,1.000000,lc_c04,none,AoS,enabled,2435931,2397126,2399532,2372375,2398756,2391920,2393222,2437330,2347822,2440736,2401474,2401474,10
2025-10-02 15:06:18,80059,pairwise,LinkedCells,1.000000,lc_c04,none,SoA,disabled,3240364,3138523,3129308,3129767,3117418,3115225,3110616,3123090,3132657,3107401,3134436,3134436,10
2025-10-02 15:06:18,80069,pairwise,LinkedCells,1.000000,lc_c04,none,SoA,enabled,2460372,2422935,2399754,2414077,2403097,2388944,2420147,2410253,2402431,2396092,2411809,2411809,10
2025-10-02 15:06:18,80079,pairwise,LinkedCells,1.000000,lc_c04_HCP,none,AoS,disabled,1643011,1593053,1578972,1579666,1585792,1570660,1585997,1574640,1581813,1577221,1587082,1587082,10
2025-10-02 15:06:18,80089,pairwise,LinkedCells,1.000000,lc_c04_HCP,none,AoS,enabled,1258481,1250988,1247229,1249957,1242796,1252884,1242734,1260605,1257262,1268383,1253131,1253131,10
2025-10-02 15:06:18,80099,pairwise,LinkedCells,1.000000,lc_c04_HCP,none,SoA,disabled,2894214,2844602,2793755,2780553,2770369,2815894,2805300,2774317,2796129,2791909,2806703,2806703,10
2025-10-02 15:06:18,80109,pairwise,LinkedCells,1.000000,lc_c04_HCP,none,SoA,enabled,2618350,2557074,2573972,2574733,2563214,2570267,2567768,2582324,2602148,2583119,2579296,2579296,10
2025-10-02 15:06:18,80119,pairwise,LinkedCells,1.000000,lc_c04_combined_SoA,none,SoA,disabled,3582136,3499345,3522142,3527432,3524013,3524070,3538704,3481152,3460459,3474784,3513423,3513423,10
2025-10-02 15:06:18,80129,pairwise,LinkedCells,1.000000,lc_c04_combined_SoA,none,SoA,enabled,3255018,3120763,3150828,3147388,3138855,3114652,3122756,3141557,3154705,3167581,3151410,3151410,10
2025-10-02 15:06:18,80139,pairwise,LinkedCells,1.000000,lc_c08,none,AoS,disabled,2491192,2436640,2449282,2433311,2388976,2384347,2380878,2407702,2415633,2393111,2418106,2418106,10
2025-10-02 15:06:18,80149,pairwise,LinkedCells,1.000000,lc_c08,none,AoS,enabled,2211664,2257587,2206075,2196894,2210112,2260455,2237375,2223730,2243258,2208595,2225574,2225574,10
2025-10-02 15:06:18,80159,pairwise,LinkedCells,1.000000,lc_c08,none,SoA,disabled,3974515,3891913,3929923,3887386,3888042,3839645,3801762,3786839,3798122,3847813,3864595,3864595,10
2025-10-02 15:06:18,80169,pairwise,LinkedCells,1.000000,lc_c08,none,SoA,enabled,3636160,3603216,3578196,3582369,3618468,3589439,3552259,3580852,3569344,3542790,3585309,3585309,10
2025-10-02 15:06:18,80179,pairwise,LinkedCells,1.000000,lc_c18,none,AoS,disabled,2555421,2548170,2556114,2526964,2518138,2514706,2527176,2527040,2566847,2533294,2537386,2537386,10
2025-10-02 15:06:18,80189,pairwise,LinkedCells,1.000000,lc_c18,none,AoS,enabled,2347924,2354991,2359176,2349514,2364067,2397404,2356446,2365691,2368633,2363012,2362685,2362685,10
2025-10-02 15:06:18,80199,pairwise,LinkedCells,1.000000,lc_c18,none,SoA,disabled,3357692,3249941,3305358,3258084,3249536,3258920,3275986,3260958,3249023,3299940,3276543,3276543,10
2025-10-02 15:06:18,80209,pairwise,LinkedCells,1.000000,lc_c18,none,SoA,enabled,3081335,3039001,3048442,3066917,3110064,3049615,3040421,3046299,3088309,3090028,3066043,3066043,10
2025-10-02 15:06:18,80219,pairwise,LinkedCells,1.000000,lc_sliced,none,AoS,disabled,4201561,4502276,4492281,4495159,4505742,4490700,4493273,4525054,4180430,4527117,4441358,4441358,10
2025-10-02 15:06:18,80229,pairwise,LinkedCells,1.000000,lc_sliced,none,AoS,enabled,3318637,3358992,3315188,3092894,3332924,3342069,3323901,3327665,3338737,3345121,3309612,3309612,10
2025-10-02 15:06:19,80239,pairwise,LinkedCells,1.000000,lc_sliced,none,SoA,disabled,4395250,4215189,4076088,4183792,4127741,4124353,4140960,4157443,4100310,4139522,4166064,4166064,10
2025-10-02 15:06:19,80249,pairwise,LinkedCells,1.000000,lc_sliced,none,SoA,enabled,3032028,2852853,2903805,2896542,2901407,2901171,3198449,2939072,2899711,2933382,2945841,2945841,10
2025-10-02 15:06:19,80259,pairwise,LinkedCells,1.000000,lc_sliced_balanced,none,AoS,disabled,4531528,4505792,4497257,4492149,4494751,4494083,4487696,4486781,4495287,4491664,4497698,4497698,10
2025-10-02 15:06:19,80269,pairwise,LinkedCells,1.000000,lc_sliced_balanced,none,AoS,enabled,3351387,3335532,3342239,3345940,3329110,3335491,3348280,3342001,3320712,3343644,3339433,3339433,10
2025-10-02 15:06:19,80279,pairwise,LinkedCells,1.000000,lc_sliced_balanced,none,SoA,disabled,4276815,4150974,4114509,4101621,4110471,4114273,4113808,4111140,4096005,4106707,4129631,4129631,10
2025-10-02 15:06:19,80289,pairwise,LinkedCells,1.000000,lc_sliced_balanced,none,SoA,enabled,2954547,2898230,2888762,2870103,2853942,2861011,2871586,2867340,2889038,2873242,2882780,2882780,10
2025-10-02 15:06:19,80299,pairwise,LinkedCells,1.000000,lc_sliced_balanced,squared-particles-per-cell,AoS,disabled,4808351,4612088,4557452,4548900,4546697,4553869,4538790,4539145,4541066,4539032,4578538,4578538,10
2025-10-02 15:06:19,80309,pairwise,LinkedCells,1.000000,lc_sliced_balanced,squared-particles-per-cell,AoS,enabled,3388946,3370750,3361733,3372355,3367413,3376946,3379576,3374540,3368724,3372512,3373349,3373349,10
2025-10-02 15:06:19,80319,pairwise,LinkedCells,1.000000,lc_sliced_balanced,squared-particles-per-cell,SoA,disabled,8558397,7865024,7897081,7909137,7744862,7856730,7818073,7815293,7740770,7765496,7897086,7897086,10
2025-10-02 15:06:19,80329,pairwise,LinkedCells,1.000000,lc_sliced_balanced,squared-particles-per-cell,SoA,enabled,7518673,7502148,7562645,7468895,7511955,7448620,7515734,7495053,7588713,7577231,7518966,7518966,10
2025-10-02 15:06:19,80339,pairwise,LinkedCells,1.000000,lc_sliced_c02,none,AoS,disabled,4592581,4483358,4400075,4489908,4389546,4441633,4472094,4510381,4482426,4407666,4466966,4466966,10
2025-10-02 15:06:19,80349,pairwise,LinkedCells,1.000000,lc_sliced_c02,none,AoS,enabled,3401270,3175486,3268197,3188995,3315119,3158607,3232708,3156934,3173517,3362708,3243353,3243353,10
2025-10-02 15:06:19,80359,pairwise,LinkedCells,1.000000,lc_sliced_c02,none,SoA,disabled,5066871,3902308,4365793,4137953,4061085,4196590,4072198,4101487,4202054,4218393,4232472,4232472,10
2025-10-02 15:06:19,80369,pairwise,LinkedCells,1.000000,lc_sliced_c02,none,SoA,enabled,3071332,2839506,2822965,2847207,2827034,2870672,2864866,2830009,2806482,2886313,2866637,2866637,10
2025-10-02 15:06:19,80379,pairwise,VerletClusterLists,1.000000,vcl_c01_balanced,none,AoS,disabled,8867817,2527159,2509021,2492340,2522097,2510711,2510600,2517186,2519976,2508027,3148493,3148493,10
2025-10-02 15:06:19,80389,pairwise,VerletClusterLists,1.000000,vcl_c01_balanced,none,SoA,disabled,5469904,982137,967740,967288,968177,968350,974748,969850,969944,964356,1420248,1420248,10
2025-10-02 15:06:19,80399,pairwise,VerletClusterLists,1.000000,vcl_c06,none,AoS,disabled,16257170,12087538,12775096,12159421,12186410,12234349,12070905,12764173,12107465,12800112,12744263,12744263,10
2025-10-02 15:06:19,80409,pairwise,VerletClusterLists,1.000000,vcl_c06,none,AoS,enabled,9093781,6207088,6209159,6190464,6182711,6381779,6338835,6214461,6278059,6212506,6530884,6530884,10
2025-10-02 15:06:20,80419,pairwise,VerletClusterLists,1.000000,vcl_c06,none,SoA,disabled,9492661,4994657,5377741,5417366,5265802,5017322,5349967,4977765,4877323,5446938,5621753,5621753,10
2025-10-02 15:06:20,80429,pairwise,VerletClusterLists,1.000000,vcl_c06,none,SoA,enabled,5813361,2658357,2653043,2707921,2636721,2685630,2635159,2636357,2667166,2683468,2977717,2977717,10
2025-10-02 15:06:20,80439,pairwise,VerletClusterLists,1.000000,vcl_sliced,none,AoS,disabled,22337930,17745001,18478824,17779384,18490696,18442086,17788050,15981461,17762664,15961474,18076756,18076756,10
2025-10-02 15:06:20,80449,pairwise,VerletClusterLists,1.000000,vcl_sliced,none,AoS,enabled,12832645,9965168,9897773,9812315,9806441,9927291,9976363,9966938,9987258,9807609,10197979,10197979,10
2025-10-02 15:06:20,80459,pairwise,VerletClusterLists,1.000000,vcl_sliced,none,SoA,disabled,9827489,6017788,5965043,6011564,6015497,6016052,6021171,6007953,5994971,5956344,6383387,6383387,10
2025-10-02 15:06:20,80469,pairwise,VerletClusterLists,1.000000,vcl_sliced,none,SoA,enabled,6261360,3281731,3255156,3326105,3309400,3276731,3297458,3307509,3289483,3295751,3590068,3590068,10
2025-10-02 15:06:20,80479,pairwise,VerletClusterLists,1.000000,vcl_sliced_balanced,none,AoS,disabled,21649332,17655474,17667379,17716279,17696469,17716830,17680513,17805985,17695902,17678874,18096303,18096303,10
2025-10-02 15:06:20,80489,pairwise,VerletClusterLists,1.000000,vcl_sliced_balanced,none,AoS,enabled,12625449,9877459,9889937,9868562,9874120,9882525,9843586,9893403,9861404,9875259,10149170,10149170,10
2025-10-02 15:06:20,80499,pairwise,VerletClusterLists,1.000000,vcl_sliced_balanced,none,SoA,disabled,10198574,5971380,5955489,5982058,5962603,5973444,5968834,5962316,5966449,5973714,6391485,6391485,10
2025-10-02 15:06:20,80509,pairwise,VerletClusterLists,1.000000,vcl_sliced_balanced,none,SoA,enabled,6058967,3253373,3241800,3235725,3245156,3249440,3237946,3249007,3244086,3251049,3526654,3526654,10
2025-10-02 15:06:21,80519,pairwise,VerletClusterLists,1.000000,vcl_sliced_balanced,neighbor-list-length,AoS,disabled,24559291,19334475,19620877,19346911,19374416,19351856,19422788,19408794,19356841,19416327,19919257,19919257,10
2025-10-02 15:06:21,80529,pairwise,VerletClusterLists,1.000000,vcl_sliced_balanced,neighbor-list-length,AoS,enabled,13541237,10818602,10821872,10823755,10801974,10803420,10826125,10814461,10811537,10789628,11085260,11085260,10
2025-10-02 15:06:21,80539,pairwise,VerletClusterLists,1.000000,vcl_sliced_balanced,neighbor-list-length,SoA,disabled,10524527,6417971,6427763,6417942,6415897,6410765,6419851,6404665,6410367,6411608,6826135,6826135,10
2025-10-02 15:06:21,80549,pairwise,VerletClusterLists,1.000000,vcl_sliced_balanced,neighbor-list-length,SoA,enabled,6325416,3574254,3572251,3576008,3577447,3577657,3572354,3568863,3556368,3572553,3847316,3847316,10
2025-10-02 15:06:21,80559,pairwise,VerletClusterLists,1.000000,vcl_sliced_c02,none,AoS,disabled,23008448,20482273,20593684,20444164,17755432,20231466,20553691,20674319,20599302,20710473,20505324,20505324,10
2025-10-02 15:06:21,80569,pairwise,VerletClusterLists,1.000000,vcl_sliced_c02,none,AoS,enabled,13674644,11109660,10058559,10915683,11143184,10758651,10923931,10767471,10885689,10053298,11029076,11029076,10
2025-10-02 15:06:21,80579,pairwise,VerletClusterLists,1.000000,vcl_sliced_c02,none,SoA,disabled,11015477,6855212,6309426,6313929,6736328,6800191,6676621,6231988,6909127,6714477,7056277,7056277,10
2025-10-02 15:06:21,80589,pairwise,VerletClusterLists,1.000000,vcl_sliced_c02,none,SoA,enabled,6382365,3636161,3874100,3648524,3692717,3791613,3663053,3828694,3691774,3846851,4005584,4005584,10
2025-10-02 15:06:21,80599,pairwise,VerletLists,1.000000,vl_list_iteration,none,AoS,disabled,8844554,931315,901347,899997,898707,899625,896818,899527,903054,900459,1697539,1697539,10
2025-10-02 15:06:21,80609,pairwise,VerletLists,1.000000,vl_list_iteration,none,SoA,disabled,23172893,2362761,2250845,2242164,2267897,2262103,2244806,2228963,2239911,2247576,4351991,4351991,10
2025-10-02 15:06:21,80619,pairwise,VerletListsCells,1.000000,vlc_c01,none,AoS,disabled,25462102,1920744,1905866,1905515,1908421,1906945,1912547,1901714,1902557,1907169,4263358,4263358,10
2025-10-02 15:06:21,80629,pairwise,VerletListsCells,1.000000,vlc_c01,none,SoA,disabled,42332850,3770794,3587250,3559084,3544609,3547366,3547623,3547708,3527989,3532869,7449813,7449813,10
2025-10-02 15:06:21,80639,pairwise,VerletListsCells,1.000000,vlc_c18,none,AoS,disabled,17462710,2137848,2118319,2125929,2134780,2127588,2121202,2121249,2118914,2118710,3658724,3658724,10
2025-10-02 15:06:22,80649,pairwise,VerletListsCells,1.000000,vlc_c18,none,AoS,enabled,15954490,1988432,1981678,1983302,1983369,1984200,1978385,1974188,1980329,1983887,3379225,3379225,10
2025-10-02 15:06:22,80659,pairwise,VerletListsCells,1.000000,vlc_c18,none,SoA,disabled,44054336,4297045,4097919,4062987,4054944,4038205,4045384,4029068,4038759,4036459,8075510,8075510,10
2025-10-02 15:06:22,80669,pairwise,VerletListsCells,1.000000,vlc_c18,none,SoA,enabled,33627221,4016379,3897363,3862349,3855793,3837513,3857335,3839144,3825683,3848300,6846707,6846707,10
2025-10-02 15:06:22,80679,pairwise,VerletListsCells,1.000000,vlc_c08,none,AoS,disabled,13054576,1932694,1941198,1935500,1938942,1940310,1957074,1933783,1938808,1935965,3050884,3050884,10
2025-10-02 15:06:22,80689,pairwise,VerletListsCells,1.000000,vlc_c08,none,AoS,enabled,12670873,1804386,1816729,1828424,1810951,1809010,1817883,1806192,1810393,1811598,2898643,2898643,10
2025-10-02 15:06:22,80699,pairwise,VerletListsCells,1.000000,vlc_c08,none,SoA,disabled,37960877,4041516,3900646,3867161,3857547,3815620,3964299,3807835,3817279,3836470,7286924,7286924,10
2025-10-02 15:06:22,80709,pairwise,VerletListsCells,1.000000,vlc_c08,none,SoA,enabled,31600882,3858476,3769449,3740792,3727100,3715503,3737141,3730612,3699819,3724265,6530403,6530403,10
2025-10-02 15:06:22,80719,pairwise,VerletListsCells,1.000000,vlc_sliced,none,AoS,disabled,18809677,3239236,3030165,3091516,3171030,3144097,3129831,3166458,3131717,3149711,4706343,4706343,10
2025-10-02 15:06:22,80729,pairwise,VerletListsCells,1.000000,vlc_sliced,none,AoS,enabled,15845563,1635848,1629983,1627425,1595770,1581282,1606011,1621137,1593061,1602268,3033834,3033834,10
2025-10-02 15:06:22,80739,pairwise,VerletListsCells,1.000000,vlc_sliced,none,SoA,disabled,45936895,5442601,5320794,5325761,5240067,5310146,5306272,5281238,5283670,5159992,9360742,9360742,10
2025-10-02 15:06:22,80749,pairwise,VerletListsCells,1.000000,vlc_sliced,none,SoA,enabled,33107689,3570829,3565230,3584657,3570803,3558335,3494486,3520494,3437737,3487787,6489804,6489804,10
2025-10-02 15:06:22,80759,pairwise,VerletListsCells,1.000000,vlc_sliced_balanced,none,AoS,disabled,18540841,3178868,3152953,3138264,3140503,3153058,3137022,3129204,3136443,3129788,4683694,4683694,10
2025-10-02 15:06:22,80769,pairwise,VerletListsCells,1.000000,vlc_sliced_balanced,none,AoS,enabled,15722174,1642210,1627892,1612285,1614995,1615266,1609490,1606687,1606545,1608224,3026576,3026576,10
2025-10-02 15:06:22,80779,pairwise,VerletListsCells,1.000000,vlc_sliced_balanced,none,SoA,disabled,45691795,5483279,5280286,5269972,5187047,5220037,5196650,5200725,5237056,5219011,9298585,9298585,10
2025-10-02 15:06:22,80789,pairwise,VerletListsCells,1.000000,vlc_sliced_balanced,none,SoA,enabled,33500453,3665758,3624876,3579478,3579438,3504613,3354080,3477238,3432909,3374988,6509382,6509382,10
2025-10-02 15:06:22,80799,pairwise,VerletListsCells,1.000000,vlc_sliced_balanced,squared-particles-per-cell,AoS,disabled,18206616,3204169,3139638,3121857,3116562,3114457,3118343,3109465,3109612,3117209,4635792,4635792,10
2025-10-02 15:06:23,80809,pairwise,VerletListsCells,1.000000,vlc_sliced_balanced,squared-particles-per-cell,AoS,enabled,15881094,1679520,1613466,1613979,1612755,1614990,1608458,1618165,1612792,1612576,3046779,3046779,10
2025-10-02 15:06:23,80819,pairwise,VerletListsCells,1.000000,vlc_sliced_balanced,squared-particles-per-cell,SoA,disabled,45821005,5384910,5235609,5189257,5243703,5228268,5167858,5134693,5154686,5191515,9275149,9275149,10
2025-10-02 15:06:23,80829,pairwise,VerletListsCells,1.000000,vlc_sliced_balanced,squared-particles-per-cell,SoA,enabled,34556270,3613739,3529820,3482663,3356327,3397488,3440386,3411466,3379124,3293500,6546077,6546077,10
2025-10-02 15:06:23,80839,pairwise,VerletListsCells,1.000000,vlc_sliced_balanced,neighbor-list-length,AoS,disabled,18343698,3225506,3195914,3184168,3200978,3186092,3194824,3197761,3211083,3194261,4713428,4713428,10
2025-10-02 15:06:23,80849,pairwise,VerletListsCells,1.000000,vlc_sliced_balanced,neighbor-list-length,AoS,enabled,15984849,1694680,1659378,1664303,1642071,1635043,1643241,1640433,1645088,1641985,3085106,3085106,10
2025-10-02 15:06:23,80859,pairwise,VerletListsCells,1.000000,vlc_sliced_balanced,neighbor-list-length,SoA,disabled,46105063,5563658,5377932,5148273,5027189,5036347,5182807,5241593,5227285,5246439,9315658,9315658,10
2025-10-02 15:06:23,80869,pairwise,VerletListsCells,1.000000,vlc_sliced_balanced,neighbor-list-length,SoA,enabled,34610847,3680678,3359828,3320206,3322523,3509493,3284906,3332414,3331581,3484620,6523709,6523709,10
2025-10-02 15:06:23,80879,pairwise,VerletListsCells,1.000000,vlc_sliced_c02,none,AoS,disabled,18937801,3898533,3843488,3917716,3761621,3665330,3888054,3717766,3744707,3835001,5321001,5321001,10
2025-10-02 15:06:23,80889,pairwise,VerletListsCells,1.000000,vlc_sliced_c02,none,AoS,enabled,16324524,2073962,1924243,1982948,2020034,1975018,1915009,1971749,1953294,1960088,3410086,3410086,10
2025-10-02 15:06:23,80899,pairwise,VerletListsCells,1.000000,vlc_sliced_c02,none,SoA,disabled,46116586,6215336,5937139,5939405,5864991,5938930,5923292,5910855,5872377,5905959,9962486,9962486,10
2025-10-02 15:06:23,80909,pairwise,VerletListsCells,1.000000,vlc_sliced_c02,none,SoA,enabled,35217823,3860417,3830454,3826550,3697219,3848917,3876865,3906718,3866291,3880816,6981206,6981206,10
2025-10-02 15:06:23,80919,pairwise,PairwiseVerletLists,1.000000,vlp_c01,none,AoS,disabled,23271874,2314695,2288705,2282440,2292217,2282645,2288074,2279971,2279478,2274144,4385423,4385423,10
2025-10-02 15:06:23,80929,pairwise,PairwiseVerletLists,1.000000,vlp_c01,none,SoA,disabled,77547950,5317288,5095287,5064301,5048037,5039111,5092149,5045969,5019882,5022194,12329216,12329216,10
2025-10-02 15:06:24,80939,pairwise,PairwiseVerletLists,1.000000,vlp_c18,none,AoS,disabled,19939633,2556264,2558196,2536984,2551399,2551667,2537673,2534241,2534312,2533563,4283393,4283393,10
2025-10-02 15:06:24,80949,pairwise,PairwiseVerletLists,1.000000,vlp_c18,none,AoS,enabled,20159994,2378273,2360034,2345781,2362740,2343197,2338452,2348567,2348521,2343491,4132904,4132904,10
2025-10-02 15:06:24,80959,pairwise,PairwiseVerletLists,1.000000,vlp_c18,none,SoA,disabled,94129394,5629653,5496756,5492612,5445495,5469905,5451443,5440257,5452695,5432968,14344117,14344117,10
2025-10-02 15:06:24,80969,pairwise,PairwiseVerletLists,1.000000,vlp_c18,none,SoA,enabled,74509371,5235438,5029779,5141218,5022579,4972195,4970090,4970661,4931009,4964761,11974709,11974709,10
2025-10-02 15:06:24,80979,pairwise,PairwiseVerletLists,1.000000,vlp_sliced,none,AoS,disabled,22374070,4525660,4505930,4466995,4492035,4496155,4424984,4435472,4474972,4430484,6262675,6262675,10
2025-10-02 15:06:24,80989,pairwise,PairwiseVerletLists,1.000000,vlp_sliced,none,AoS,enabled,20726316,2621290,2585991,2587048,2555989,2563014,2560626,2583239,2522866,2551109,4385748,4385748,10
2025-10-02 15:06:24,80999,pairwise,PairwiseVerletLists,1.000000,vlp_sliced,none,SoA,disabled,94715857,8641886,8518049,8424293,8468963,8526552,8392715,8462209,8524760,8408519,17108380,17108380,10
2025-10-02 15:06:24,81009,pairwise,PairwiseVerletLists,1.000000,vlp_sliced,none,SoA,enabled,75821643,6461406,6292167,6252673,5950484,6246901,6150362,6285895,6284193,6301218,13204693,13204693,10
2025-10-02 15:06:24,81019,pairwise,PairwiseVerletLists,1.000000,vlp_sliced_balanced,none,AoS,disabled,22216171,4504929,4444331,4440362,4422024,4442366,4429322,4408152,4419188,4426975,6215381,6215381,10
2025-10-02 15:06:24,81029,pairwise,PairwiseVerletLists,1.000000,vlp_sliced_balanced,none,AoS,enabled,20794129,2635088,2571282,2553993,2555792,2554023,2550141,2539167,2547311,2536163,4383708,4383708,10
2025-10-02 15:06:25,81039,pairwise,PairwiseVerletLists,1.000000,vlp_sliced_balanced,none,SoA,disabled,94544998,8692229,8505543,8541746,8520232,8564892,8518133,8537843,8539383,8515989,17148098,17148098,10
2025-10-02 15:06:25,81049,pairwise,PairwiseVerletLists,1.000000,vlp_sliced_balanced,none,SoA,enabled,75687376,6515967,6252617,6286422,6233730,6226387,6221250,6304049,6254830,6324887,13230751,13230751,10
2025-10-02 15:06:25,81059,pairwise,PairwiseVerletLists,1.000000,vlp_sliced_c02,none,AoS,disabled,23289965,5491750,5571628,5290394,5381858,5337759,5499185,5476133,5452982,5298830,7209047,7209047,10
2025-10-02 15:06:25,81069,pairwise,PairwiseVerletLists,1.000000,vlp_sliced_c02,none,AoS,enabled,21275286,3203327,3243028,3057752,3226491,3045438,3105692,3232304,3187003,3215798,4979211,4979211,10
2025-10-02 15:06:25,81079,pairwise,PairwiseVerletLists,1.000000,vlp_sliced_c02,none,SoA,disabled,95301251,9813278,9595218,9723889,9611446,9873419,9576875,9679324,9795737,9749922,18272035,18272035,10
2025-10-02 15:06:25,81089,pairwise,PairwiseVerletLists,1.000000,vlp_sliced_c02,none,SoA,enabled,77883512,7335794,7083498,6993028,7138331,7063056,7163041,6963747,7135815,7002625,14176244,14176244,10
2025-10-02 15:06:25,81099,pairwise,PairwiseVerletLists,1.000000,vlp_c08,none,AoS,disabled,22020128,4242939,4203121,4211674,4202485,4215812,4222780,4189610,4192247,4198725,5989951,5989951,10
2025-10-02 15:06:25,81109,pairwise,PairwiseVerletLists,1.000000,vlp_c08,none,AoS,enabled,21682376,2847759,2820821,2786887,2780031,2806370,2779988,2771295,2773628,2768546,4681769,4681769,10
2025-10-02 15:06:25,81119,pairwise,PairwiseVerletLists,1.000000,vlp_c08,none,SoA,disabled,97187986,7936338,7926548,7909751,7898717,7898474,7907626,7899966,7905427,7935572,16840639,16840639,10
2025-10-02 15:06:26,81129,pairwise,PairwiseVerletLists,1.000000,vlp_c08,none,SoA,enabled,77352855,6175780,6079050,6080988,6072942,6050377,6063153,6065966,6066702,6063336,13207114,13207114,10
2025-10-02 15:08:43,85009,pairwise,LinkedCells,1.000000,lc_c01,none,AoS,disabled,2841614,2785133,2787169,2806495,2811403,2799173,2822215,2819897,2774031,2781891,2802901,2802901,10
2025-10-02 15:08:43,85019,pairwise,LinkedCells,1.000000,lc_c01,none,SoA,disabled,4370100,3533089,3494571,3480916,3519233,3470574,3474236,3508871,3478072,3517725,3584738,3584738,10
2025-10-02 15:08:43,85029,pairwise,LinkedCells,1.000000,lc_c01_combined_SoA,none,SoA,disabled,3392118,3463673,3471380,3404175,3426875,3402743,3406511,3397057,3516289,3500158,3438097,3438097,10
2025-10-02 15:08:43,85039,pairwise,LinkedCells,1.000000,lc_c04,none,AoS,disabled,3186920,3067463,3089475,3072292,3086374,3093224,3150714,3027916,3022393,3060388,3085715,3085715,10
2025-10-02 15:08:43,85049,pairwise,LinkedCells,1.000000,lc_c04,none,AoS,enabled,2370783,2279296,2275583,2272167,2318329,2288722,2269356,2274448,2323648,2341913,2301424,2301424,10
2025-10-02 15:08:43,85059,pairwise,LinkedCells,1.000000,lc_c04,none,SoA,disabled,3160874,3068435,3043160,3075098,3051158,3049965,3046934,3042162,3054306,3071743,3066383,3066383,10
2025-10-02 15:08:43,85069,pairwise,LinkedCells,1.000000,lc_c04,none,SoA,enabled,2483010,2410991,2392458,2382709,2389735,2388866,2374395,2404805,2388800,2387089,2400285,2400285,10
2025-10-02 15:08:43,85079,pairwise,LinkedCells,1.000000,lc_c04_HCP,none,AoS,disabled,1658379,1569376,1552698,1544202,1551007,1561688,1572045,1555622,1567002,1572390,1570440,1570440,10
2025-10-02 15:08:43,85089,pairwise,LinkedCells,1.000000,lc_c04_HCP,none,AoS,enabled,1237548,1234750,1228499,1228965,1243036,1224995,1234208,1232315,1237578,1230458,1233235,1233235,10
2025-10-02 15:08:43,85099,pairwise,LinkedCells,1.000000,lc_c04_HCP,none,SoA,disabled,2888574,2819901,2822990,2827605,2809119,2826110,2799350,2795456,2834384,2810005,2823349,2823349,10
2025-10-02 15:08:43,85109,pairwise,LinkedCells,1.000000,lc_c04_HCP,none,SoA,enabled,2631303,2589065,2599688,2606479,2575535,2567417,2586753,2589521,2596040,2584226,2592602,2592602,10
2025-10-02 15:08:43,85119,pairwise,LinkedCells,1.000000,lc_c04_combined_SoA,none,SoA,disabled,3581045,3484060,3506266,3483014,3501867,3535638,3498220,3479212,3493204,3491797,3505431,3505431,10
2025-10-02 15:08:43,85129,pairwise,LinkedCells,1.000000,lc_c04_combined_SoA,none,SoA,enabled,3245141,3127755,3124775,3141619,3119279,3137777,3158134,3170177,3147190,3137006,3150884,3150884,10
2025-10-02 15:08:43,85139,pairwise,LinkedCells,1.000000,lc_c08,none,AoS,disabled,2496566,2444982,2446411,2408680,2424798,2392498,2428486,2448174,2392662,2408991,2429224,2429224,10
2025-10-02 15:08:43,85149,pairwise,LinkedCells,1.000000,lc_c08,none,AoS,enabled,2239431,2246847,2210911,2222792,2219430,2209269,2213505,2265431,2246815,2226563,2230098,2230098,10
2025-10-02 15:08:43,85159,pairwise,LinkedCells,1.000000,lc_c08,none,SoA,disabled,3989542,3909994,3844303,3819762,3816605,3802494,3812954,3832841,3792988,3771139,3839261,3839261,10
2025-10-02 15:08:43,85169,pairwise,LinkedCells,1.000000,lc_c08,none,SoA,enabled,3586927,3561230,3554375,3581676,3558997,3580009,3612839,3641991,3657194,3704938,3604017,3604017,10
2025-10-02 15:08:44,85179,pairwise,LinkedCells,1.000000,lc_c18,none,AoS,disabled,2544440,2543511,2578559,2527266,2540532,2548616,2550518,2543444,2585005,2543257,2550514,2550514,10
2025-10-02 15:08:44,85189,pairwise,LinkedCells,1.000000,lc_c18,none,AoS,enabled,2377591,2365538,2375715,2368541,2379546,2431815,2429735,2359967,2369265,2367905,2382561,2382561,10
2025-10-02 15:08:44,85199,pairwise,LinkedCells,1.000000,lc_c18,none,SoA,disabled,3363451,3335086,3279433,3266872,3292322,3257448,3250454,3239300,3282253,3264000,3283061,3283061,10
2025-10-02 15:08:44,85209,pairwise,LinkedCells,1.000000,lc_c18,none,SoA,enabled,3170076,3068917,3122346,3059112,3058481,3051217,3067911,3094036,3063646,3052421,3080815,3080815,10
2025-10-02 15:08:44,85219,pairwise,LinkedCells,1.000000,lc_sliced,none,AoS,disabled,5720515,5667172,5641526,5192526,5679766,5682243,5668307,5409902,5676817,5648412,5598718,5598718,10
2025-10-02 15:08:44,85229,pairwise,LinkedCells,1.000000,lc_sliced,none,AoS,enabled,4192298,3746069,3767740,4133764,4119743,4159285,4120305,4105986,4111198,4137682,4059406,4059406,10
2025-10-02 15:08:44,85239,pairwise,LinkedCells,1.000000,lc_sliced,none,SoA,disabled,4935746,4824107,4794781,4756133,4760778,4735722,4500379,4670030,4485414,4756265,4721934,4721934,10
2025-10-02 15:08:44,85249,pairwise,LinkedCells,1.000000,lc_sliced,none,SoA,enabled,3275382,3201050,3261478,3151562,3057190,3193123,3235027,3241830,3154103,3213721,3198446,3198446,10
2025-10-02 15:08:44,85259,pairwise,LinkedCells,1.000000,lc_sliced_balanced,none,AoS,disabled,5695982,5691455,5688259,5682934,5670055,5687042,5662272,5671738,5685250,5684050,5681903,5681903,10
2025-10-02 15:08:44,85269,pairwise,LinkedCells,1.000000,lc_sliced_balanced,none,AoS,enabled,4175502,4179253,4185477,4182615,4174798,4169401,4169001,4179391,4168577,4149066,4173307,4173307,10
2025-10-02 15:08:44,85279,pairwise,LinkedCells,1.000000,lc_sliced_balanced,none,SoA,disabled,4874428,4727852,4729809,4691432,4690362,4696110,4698634,4698572,4701099,4720188,4722848,4722848,10
2025-10-02 15:08:44,85289,pairwise,LinkedCells,1.000000,lc_sliced_balanced,none,SoA,enabled,3300087,3163382,3187834,3151707,3159812,3153137,3183007,3166957,3192197,3167338,3182545,3182545,10
2025-10-02 15:08:44,85299,pairwise,LinkedCells,1.000000,lc_sliced_balanced,squared-particles-per-cell,AoS,disabled,6065808,5869614,5823288,5821750,5820436,5820074,5818180,5815153,5813568,5816452,5848431,5848431,10
2025-10-02 15:08:44,85309,pairwise,LinkedCells,1.000000,lc_sliced_balanced,squared-particles-per-cell,AoS,enabled,4294614,4249206,4257943,4259051,4260263,4262996,4255904,4258099,4246741,4243836,4258865,4258865,10
2025-10-02 15:08:44,85319,pairwise,LinkedCells,1.000000,lc_sliced_balanced,squared-particles-per-cell,SoA,disabled,9332015,8350852,8419545,8344888,8319577,8312117,8231483,8379778,8393454,8398539,8448224,8448224,10
2025-10-02 15:08:44,85329,pairwise,LinkedCells,1.000000,lc_sliced_balanced,squared-particles-per-cell,SoA,enabled,8018613,7937053,7951971,8042603,7951086,7961367,7956509,7974008,8139870,8024971,7995804,7995804,10
2025-10-02 15:08:44,85339,pairwise,LinkedCells,1.000000,lc_sliced_c02,none,AoS,disabled,5793474,5813602,5639724,5071139,5556396,5693810,5651129,5070564,5341496,5086618,5471795,5471795,10
2025-10-02 15:08:44,85349,pairwise,LinkedCells,1.000000,lc_sliced_c02,none,AoS,enabled,3795034,3946234,4050709,3765811,4222595,3996971,4210642,3947346,4063569,4070496,4006939,4006939,10
2025-10-02 15:08:45,85359,pairwise,LinkedCells,1.000000,lc_sliced_c02,none,SoA,disabled,5742579,4829304,4729339,4767648,4791709,4749382,4697463,4723808,4791177,4731755,4855415,4855415,10
2025-10-02 15:08:45,85369,pairwise,LinkedCells,1.000000,lc_sliced_c02,none,SoA,enabled,3309517,3146772,3395376,3145137,3182115,3059400,3121688,3410022,3155210,3050353,3197558,3197558,10
2025-10-02 15:08:45,85379,pairwise,VerletClusterLists,1.000000,vcl_c01_balanced,none,AoS,disabled,8809593,2533492,2541917,2546139,2545255,2519336,2534804,2528285,2532531,2527226,3161857,3161857,10
2025-10-02 15:08:45,85389,pairwise,VerletClusterLists,1.000000,vcl_c01_balanced,none,SoA,disabled,5128206,985402,985881,987665,985544,982998,975988,973668,975556,982291,1396319,1396319,10
2025-10-02 15:08:45,85399,pairwise,VerletClusterLists,1.000000,vcl_c06,none,AoS,disabled,15695397,11701022,11938961,12057439,11682206,12354922,11769765,11922784,11686393,11660851,12246973,12246973,10
2025-10-02 15:08:45,85409,pairwise,VerletClusterLists,1.000000,vcl_c06,none,AoS,enabled,8947162,5987043,5892072,6079912,5954158,6072368,6068247,5922495,5907128,6170078,6300065,6300065,10
2025-10-02 15:08:45,85419,pairwise,VerletClusterLists,1.000000,vcl_c06,none,SoA,disabled,9065274,4908839,5099357,4792902,4900358,4968579,4824586,4733026,4765093,5013768,5307178,5307178,10
2025-10-02 15:08:45,85429,pairwise,VerletClusterLists,1.000000,vcl_c06,none,SoA,enabled,5364117,2571617,2539464,2508227,2496089,2563824,2496950,2493250,2523889,2491052,2804847,2804847,10
2025-10-02 15:08:45,85439,pairwise,VerletClusterLists,1.000000,vcl_sliced,none,AoS,disabled,21885317,17806493,17790444,17770263,17732966,18507417,15986304,17761649,17764804,17764377,18077003,18077003,10
2025-10-02 15:08:45,85449,pairwise,VerletClusterLists,1.000000,vcl_sliced,none,AoS,enabled,12768212,9962402,9861256,9958706,10025050,10034706,9866599,9866835,9909968,10041753,10229548,10229548,10
2025-10-02 15:08:45,85459,pairwise,VerletClusterLists,1.000000,vcl_sliced,none,SoA,disabled,10285012,6014568,5941398,5967857,5970079,6019759,6018410,6041277,5966650,6022189,6424719,6424719,10
2025-10-02 15:08:45,85469,pairwise,VerletClusterLists,1.000000,vcl_sliced,none,SoA,enabled,6438078,3309618,3317577,3292299,3281241,3275028,3324828,3251886,3272248,3277178,3603997,3603997,10
2025-10-02 15:08:45,85479,pairwise,VerletClusterLists,1.000000,vcl_sliced_balanced,none,AoS,disabled,21880803,17796476,17899628,17795534,17778598,17787323,17792101,17932494,17883641,17804209,18235080,18235080,10
2025-10-02 15:08:46,85489,pairwise,VerletClusterLists,1.000000,vcl_sliced_balanced,none,AoS,enabled,12720829,10009234,9990481,10021844,10017733,10019639,9990472,9989164,9998296,10042358,10280004,10280004,10
2025-10-02 15:08:46,85499,pairwise,VerletClusterLists,1.000000,vcl_sliced_balanced,none,SoA,disabled,10160991,5986860,5980758,5983776,5980525,5984276,5986945,5979733,5987303,5984245,6401540,6401540,10
2025-10-02 15:08:46,85509,pairwise,VerletClusterLists,1.000000,vcl_sliced_balanced,none,SoA,enabled,6036044,3279491,3268395,3252202,3259787,3251674,3255035,3264550,3254671,3257088,3537893,3537893,10
2025-10-02 15:08:46,85519,pairwise,VerletClusterLists,1.000000,vcl_sliced_balanced,neighbor-list-length,AoS,disabled,24467325,19144557,19201556,19167297,19145261,19155923,19162978,19202919,19183239,19139643,19697069,19697069,10
2025-10-02 15:08:46,85529,pairwise,VerletClusterLists,1.000000,vcl_sliced_balanced,neighbor-list-length,AoS,enabled,13466897,10724775,10735585,10754163,10733462,10714491,10749690,10750210,10766462,10718078,11011381,11011381,10
2025-10-02 15:08:46,85539,pairwise,VerletClusterLists,1.000000,vcl_sliced_balanced,neighbor-list-length,SoA,disabled,10297825,6396556,6388587,6410096,6399682,6413370,6392803,6387630,6404781,6398601,6788992,6788992,10
2025-10-02 15:08:46,85549,pairwise,VerletClusterLists,1.000000,vcl_sliced_balanced,neighbor-list-length,SoA,enabled,6394367,3545462,3545225,3553144,3538393,3536169,3543527,3535676,3564786,3547110,3830385,3830385,10
2025-10-02 15:08:46,85559,pairwise,VerletClusterLists,1.000000,vcl_sliced_c02,none,AoS,disabled,23401607,20626192,20783012,20831762,20976876,21042648,20647913,20826809,21144709,20796139,21107766,21107766,10
2025-10-02 15:08:46,85569,pairwise,VerletClusterLists,1.000000,vcl_sliced_c02,none,AoS,enabled,13983864,10891885,11449650,10754698,10850562,10830690,11331372,10919524,11292012,11150482,11345473,11345473,10
2025-10-02 15:08:47,85579,pairwise,VerletClusterLists,1.000000,vcl_sliced_c02,none,SoA,disabled,11097862,6810316,6948173,6704481,6916965,6939572,6403992,6882051,6766697,6698539,7216864,7216864,10
2025-10-02 15:08:47,85589,pairwise,VerletClusterLists,1.000000,vcl_sliced_c02,none,SoA,enabled,6456398,3704382,3919088,3724026,3705231,3819033,3702120,3713521,3655847,3711840,4011148,4011148,10
2025-10-02 15:08:47,85599,pairwise,VerletLists,1.000000,vl_list_iteration,none,AoS,disabled,8776484,918774,903376,906024,899601,900592,905453,901078,901113,899906,1691239,1691239,10
2025-10-02 15:08:47,85609,pairwise,VerletLists,1.000000,vl_list_iteration,none,SoA,disabled,23303621,2373951,2309705,2275141,2249667,2282181,2282014,2259479,2246254,2248360,4383037,4383037,10
2025-10-02 15:08:47,85619,pairwise,VerletListsCells,1.000000,vlc_c01,none,AoS,disabled,25836354,1928622,1920451,1916406,1913793,1916756,1919802,1917557,1915946,1911420,4309710,4309710,10
2025-10-02 15:08:47,85629,pairwise,VerletListsCells,1.000000,vlc_c01,none,SoA,disabled,42475576,3764795,3607389,3595976,3557918,3547060,3547057,3549234,3534643,3529773,7470941,7470941,10
2025-10-02 15:08:47,85639,pairwise,VerletListsCells,1.000000,vlc_c18,none,AoS,disabled,17522524,2136346,2124115,2114397,2135185,2123018,2124229,2121703,2117199,2119799,3663851,3663851,10
2025-10-02 15:08:47,85649,pairwise,VerletListsCells,1.000000,vlc_c18,none,AoS,enabled,16097210,1995473,1985884,1980528,1982164,1993110,1987375,1989467,1983640,1980528,3397537,3397537,10
2025-10-02 15:08:47,85659,pairwise,VerletListsCells,1.000000,vlc_c18,none,SoA,disabled,44358825,4327011,4113060,4088655,4074211,4027504,4032879,4025169,4044202,4035080,8112658,8112658,10
2025-10-02 15:08:47,85669,pairwise,VerletListsCells,1.000000,vlc_c18,none,SoA,enabled,33720903,4005835,3878711,3857474,3868412,3855309,3853564,3890508,3845221,3823085,6859901,6859901,10
2025-10-02 15:08:47,85679,pairwise,VerletListsCells,1.000000,vlc_c08,none,AoS,disabled,13064070,1963113,1939567,1937154,1932351,1947710,1947475,1937929,1935408,1950612,3055538,3055538,10
2025-10-02 15:08:47,85689,pairwise,VerletListsCells,1.000000,vlc_c08,none,AoS,enabled,12707779,1821270,1818966,1809765,1812511,1813309,1813150,1811014,1802611,1811716,2902208,2902208,10
2025-10-02 15:08:47,85699,pairwise,VerletListsCells,1.000000,vlc_c08,none,SoA,disabled,38089475,4062500,3871818,3854820,3828570,3855258,3844606,3817909,3838626,3842229,7290580,7290580,10
2025-10-02 15:08:47,85709,pairwise,VerletListsCells,1.000000,vlc_c08,none,SoA,enabled,31810397,3870119,3756372,3737595,3723612,3706973,3713532,3727050,3724266,3711255,6548117,6548117,10
2025-10-02 15:08:47,85719,pairwise,VerletListsCells,1.000000,vlc_sliced,none,AoS,disabled,19540616,3948807,3846834,3835331,3817800,3769519,3818246,3846231,3806540,3845713,5407563,5407563,10
2025-10-02 15:08:47,85729,pairwise,VerletListsCells,1.000000,vlc_sliced,none,AoS,enabled,16312087,1919508,1951687,2001024,1976806,1984390,1905612,1951798,1978326,1970406,3395163,3395163,10
2025-10-02 15:08:47,85739,pairwise,VerletListsCells,1.000000,vlc_sliced,none,SoA,disabled,46651039,6232632,6037287,5889435,5946879,6042969,5893150,5965608,5818788,5985104,10046288,10046288,10
2025-10-02 15:08:48,85749,pairwise,VerletListsCells,1.000000,vlc_sliced,none,SoA,enabled,33391949,3921121,3848340,3820398,3798940,3687850,3840077,3814295,3893458,3868775,6788519,6788519,10
2025-10-02 15:08:48,85759,pairwise,VerletListsCells,1.000000,vlc_sliced_balanced,none,AoS,disabled,19601780,3874298,3807429,3806030,3802839,3800667,3814944,3840214,3827767,3810144,5398610,5398610,10
2025-10-02 15:08:48,85769,pairwise,VerletListsCells,1.000000,vlc_sliced_balanced,none,AoS,enabled,16251653,1992683,1946189,1939311,1932234,1930402,1926555,1934884,1934624,1931928,3372045,3372045,10
2025-10-02 15:08:48,85779,pairwise,VerletListsCells,1.000000,vlc_sliced_balanced,none,SoA,disabled,46539088,6228826,6046127,5968456,5909289,5917322,5772931,5770512,5684839,5715153,9955253,9955253,10
2025-10-02 15:08:48,85789,pairwise,VerletListsCells,1.000000,vlc_sliced_balanced,none,SoA,enabled,33767303,3998926,3888637,3717340,3787106,3727526,3700301,3677780,3677788,3669525,6761222,6761222,10
2025-10-02 15:08:48,85799,pairwise,VerletListsCells,1.000000,vlc_sliced_balanced,squared-particles-per-cell,AoS,disabled,19156157,3984532,3911324,3880702,3875786,3867305,3855594,3869407,3875688,3879344,5415583,5415583,10
2025-10-02 15:08:48,85809,pairwise,VerletListsCells,1.000000,vlc_sliced_balanced,squared-particles-per-cell,AoS,enabled,16260410,2035664,1987481,1977440,1978754,1977339,1979356,1975969,1974730,1986347,3413348,3413348,10
2025-10-02 15:08:48,85819,pairwise,VerletListsCells,1.000000,vlc_sliced_balanced,squared-particles-per-cell,SoA,disabled,46490803,6191176,5919059,5951542,5987013,5859124,5813501,5898958,5900515,5931169,9994285,9994285,10
2025-10-02 15:08:48,85829,pairwise,VerletListsCells,1.000000,vlc_sliced_balanced,squared-particles-per-cell,SoA,enabled,35882405,3835614,3856950,3781509,3748782,3855848,3899403,3836085,3849634,3762113,7030834,7030834,10
2025-10-02 15:08:48,85839,pairwise,VerletListsCells,1.000000,vlc_sliced_balanced,neighbor-list-length,AoS,disabled,19167430,3949544,3890046,3886899,3878398,3869107,3863653,3851244,3850147,3852002,5405846,5405846,10
2025-10-02 15:08:48,85849,pairwise,VerletListsCells,1.000000,vlc_sliced_balanced,neighbor-list-length,AoS,enabled,16341729,2021732,1981723,1985621,1982373,1991113,1984593,1993027,1984297,1984182,3425038,3425038,10
2025-10-02 15:08:48,85859,pairwise,VerletListsCells,1.000000,vlc_sliced_balanced,neighbor-list-length,SoA,disabled,47133160,6347676,6155645,6083507,6114122,5944863,5840569,5891342,5848271,5803792,10116294,10116294,10
2025-10-02 15:08:48,85869,pairwise,VerletListsCells,1.000000,vlc_sliced_balanced,neighbor-list-length,SoA,enabled,35128977,4091882,3947003,3971432,3692103,3694726,3666777,3660717,3838477,3655698,6934778,6934778,10
2025-10-02 15:08:48,85879,pairwise,VerletListsCells,1.000000,vlc_sliced_c02,none,AoS,disabled,19497850,4346415,4359915,4488665,4508917,4444975,4504678,4411202,4420131,4420740,5940348,5940348,10
2025-10-02 15:08:49,85889,pairwise,VerletListsCells,1.000000,vlc_sliced_c02,none,AoS,enabled,16611891,2344540,2346315,2273026,2260998,2308800,2279083,2340971,2281556,2268890,3731606,3731606,10
2025-10-02 15:08:49,85899,pairwise,VerletListsCells,1.000000,vlc_sliced_c02,none,SoA,disabled,46737433,7011218,6773667,6647559,6719637,6796917,6616220,6618743,6766432,6614058,10730188,10730188,10
2025-10-02 15:08:49,85909,pairwise,VerletListsCells,1.000000,vlc_sliced_c02,none,SoA,enabled,34988567,4296288,4135093,4203605,4173042,4083180,4195595,4213769,4199795,4224352,7271328,7271328,10
2025-10-02 15:08:49,85919,pairwise,PairwiseVerletLists,1.000000,vlp_c01,none,AoS,disabled,22562701,2337833,2349001,2348751,2292254,2296708,2290214,2276914,2278107,2279293,4331176,4331176,10
2025-10-02 15:08:49,85929,pairwise,PairwiseVerletLists,1.000000,vlp_c01,none,SoA,disabled,77458703,5312863,5111119,5094929,5087162,5057921,5041268,5049108,5045511,5032818,12329140,12329140,10
2025-10-02 15:08:49,85939,pairwise,PairwiseVerletLists,1.000000,vlp_c18,none,AoS,disabled,20104441,2570878,2549269,2545232,2539139,2528629,2533517,2533733,2525344,2526702,4295688,4295688,10
2025-10-02 15:08:49,85949,pairwise,PairwiseVerletLists,1.000000,vlp_c18,none,AoS,enabled,20275622,2367765,2359474,2354352,2351970,2344261,2346279,2339715,2349000,2342264,4143069,4143069,10
2025-10-02 15:08:49,85959,pairwise,PairwiseVerletLists,1.000000,vlp_c18,none,SoA,disabled,94189385,5645694,5528964,5501626,5483660,5512926,5479795,5485383,5463029,5468676,14375913,14375913,10
2025-10-02 15:08:49,85969,pairwise,PairwiseVerletLists,1.000000,vlp_c18,none,SoA,enabled,74401555,5246491,5063959,5041217,5034158,4996057,4968461,4994707,4998059,5013317,11975797,11975797,10
2025-10-02 15:08:49,85979,pairwise,PairwiseVerletLists,1.000000,vlp_sliced,none,AoS,disabled,23253252,5329627,5298208,5247232,5256005,5011572,5281869,5201253,5225621,5139987,7024461,7024461,10
2025-10-02 15:08:49,85989,pairwise,PairwiseVerletLists,1.000000,vlp_sliced,none,AoS,enabled,21320522,2965097,2988080,2950262,2925725,2809914,2915316,2937546,2965688,2945824,4772396,4772396,10
2025-10-02 15:08:50,85999,pairwise,PairwiseVerletLists,1.000000,vlp_sliced,none,SoA,disabled,94779357,9775836,9802227,9653642,9823038,9702834,9859475,9420863,9707354,9744854,18226947,18226947,10
2025-10-02 15:08:50,86009,pairwise,PairwiseVerletLists,1.000000,vlp_sliced,none,SoA,enabled,75691915,6929956,6912965,6848105,6869872,6938987,6808524,6840026,6901155,6919467,13766096,13766096,10
2025-10-02 15:08:50,86019,pairwise,PairwiseVerletLists,1.000000,vlp_sliced_balanced,none,AoS,disabled,23203458,5415665,5350919,5308579,5312045,5316301,5304595,5313642,5307817,5278407,7111142,7111142,10
2025-10-02 15:08:50,86029,pairwise,PairwiseVerletLists,1.000000,vlp_sliced_balanced,none,AoS,enabled,21322905,2994561,2955539,2958580,2932036,2949094,2946386,2934415,2926389,2955374,4787527,4787527,10
2025-10-02 15:08:50,86039,pairwise,PairwiseVerletLists,1.000000,vlp_sliced_balanced,none,SoA,disabled,95671306,9940746,9723764,9761996,9750034,9959726,9717025,9737403,9665310,9798466,18372577,18372577,10
2025-10-02 15:08:50,86049,pairwise,PairwiseVerletLists,1.000000,vlp_sliced_balanced,none,SoA,enabled,76698810,7090348,6916636,6780208,6885544,6962270,6961511,6813820,6890202,6852381,13885173,13885173,10
2025-10-02 15:08:50,86059,pairwise,PairwiseVerletLists,1.000000,vlp_sliced_c02,none,AoS,disabled,24320938,6521545,6490599,6359100,6114632,6252369,6457088,6380299,6408622,6410009,8171519,8171519,10
2025-10-02 15:08:50,86069,pairwise,PairwiseVerletLists,1.000000,vlp_sliced_c02,none,AoS,enabled,21848560,3532255,3504438,3464551,3496489,3503209,3475218,3453005,3452245,3472950,5320291,5320291,10
2025-10-02 15:08:51,86079,pairwise,PairwiseVerletLists,1.000000,vlp_sliced_c02,none,SoA,disabled,98328834,11077291,10807665,10806735,10890641,10783962,10826428,10865553,11025902,10822795,19623580,19623580,10
2025-10-02 15:08:51,86089,pairwise,PairwiseVerletLists,1.000000,vlp_sliced_c02,none,SoA,enabled,81343225,7779246,7741637,7691220,7489747,7646858,7686289,7850680,7894540,7831808,15095524,15095524,10
2025-10-02 15:08:51,86099,pairwise,PairwiseVerletLists,1.000000,vlp_c08,none,AoS,disabled,22159557,4210592,4193890,4223532,4189207,4217323,4183088,4204058,4184112,4189111,5995446,5995446,10
2025-10-02 15:08:51,86109,pairwise,PairwiseVerletLists,1.000000,vlp_c08,none,AoS,enabled,21229514,2824698,2806205,2779379,2783337,2780418,2777486,2772171,2772513,2767326,4629304,4629304,10
2025-10-02 15:08:51,86119,pairwise,PairwiseVerletLists,1.000000,vlp_c08,none,SoA,disabled,92937909,7971682,7920124,7914488,7914343,7930324,7928105,7906136,7951575,7918272,16429295,16429295,10
2025-10-02 15:08:51,86129,pairwise,PairwiseVerletLists,1.000000,vlp_c08,none,SoA,enabled,74907268,6186875,6115053,6070834,6068032,6086520,6150151,6108168,6114776,6115446,12992311,12992311,10
2025-10-02 15:11:33,90009,pairwise,LinkedCells,1.000000,lc_c01,none,AoS,disabled,2865476,2806049,2803843,2805170,2808210,2806406,2800729,2810746,2804485,2833900,2814500,2814500,10
2025-10-02 15:11:34,90019,pairwise,LinkedCells,1.000000,lc_c01,none,SoA,disabled,4382928,3514587,3530426,3507349,3520633,3533197,3491797,3484847,3506804,3493457,3596602,3596602,10
2025-10-02 15:11:34,90029,pairwise,LinkedCells,1.000000,lc_c01_combined_SoA,none,SoA,disabled,3429408,3410475,3417511,3396336,3434681,3632870,3459518,3461307,3489625,3504426,3463615,3463615,10
2025-10-02 15:11:34,90039,pairwise,LinkedCells,1.000000,lc_c04,none,AoS,disabled,3069834,3008064,2931668,2929732,2968127,3009435,2887822,2891992,2933077,2998273,2962802,2962802,10
2025-10-02 15:11:34,90049,pairwise,LinkedCells,1.000000,lc_c04,none,AoS,enabled,2199119,2272807,2222436,2197405,2177545,2205973,2210209,2270012,2223480,2169800,2214878,2214878,10
2025-10-02 15:11:34,90059,pairwise,LinkedCells,1.000000,lc_c04,none,SoA,disabled,3079174,2971617,2961159,2971673,3006499,2974587,2980809,2989886,2975559,2962051,2987301,2987301,10
2025-10-02 15:11:34,90069,pairwise,LinkedCells,1.000000,lc_c04,none,SoA,enabled,2340197,2303947,2295442,2281648,2300238,2425352,2310985,2296353,2282964,2296435,2313355,2313355,10
2025-10-02 15:11:34,90079,pairwise,LinkedCells,1.000000,lc_c04_HCP,none,AoS,disabled,1676649,1620403,1617994,1612760,1619616,1601896,1609679,1622305,1620557,1603156,1620500,1620500,10
2025-10-02 15:11:34,90089,pairwise,LinkedCells,1.000000,lc_c04_HCP,none,AoS,enabled,1277407,1273580,1262151,1266549,1269121,1262944,1259808,1263532,1270512,1274777,1268038,1268038,10
2025-10-02 15:11:34,90099,pairwise,LinkedCells,1.000000,lc_c04_HCP,none,SoA,disabled,2928110,2817153,2831442,2848109,2824502,2833859,2807819,2823115,2835538,2820769,2837040,2837040,10
2025-10-02 15:11:34,90109,pairwise,LinkedCells,1.000000,lc_c04_HCP,none,SoA,enabled,2677308,2593634,2601127,2597120,2608459,2616318,2618369,2603157,2602287,2615688,2613345,2613345,10
2025-10-02 15:11:34,90119,pairwise,LinkedCells,1.000000,lc_c04_combined_SoA,none,SoA,disabled,3541465,3492679,3517064,3614275,3471100,3505669,3488307,3495739,3504612,3447962,3507886,3507886,10
2025-10-02 15:11:34,90129,pairwise,LinkedCells,1.000000,lc_c04_combined_SoA,none,SoA,enabled,3193509,3157491,3182283,3116701,3093046,3095754,3115366,3140544,3116321,3102672,3131368,3131368,10
2025-10-02 15:11:34,90139,pairwise,LinkedCells,1.000000,lc_c08,none,AoS,disabled,2533839,2477435,2479166,2469899,2450146,2457418,2439735,2411644,2458542,2420890,2459870,2459870,10
2025-10-02 15:11:34,90149,pairwise,LinkedCells,1.000000,lc_c08,none,AoS,enabled,2286926,2213845,2219218,2223633,2214606,2211781,2211260,2214780,2209650,2211821,2221751,2221751,10
2025-10-02 15:11:34,90159,pairwise,LinkedCells,1.000000,lc_c08,none,SoA,disabled,3902771,3809973,3775487,3777195,3812739,3825884,3771096,3788242,3855922,3849576,3816888,3816888,10
2025-10-02 15:11:34,90169,pairwise,LinkedCells,1.000000,lc_c08,none,SoA,enabled,3691614,3635153,3649283,3641372,3661413,3664316,3645184,3640296,3651350,3676861,3655684,3655684,10
2025-10-02 15:11:34,90179,pairwise,LinkedCells,1.000000,lc_c18,none,AoS,disabled,2570414,2556078,2562198,2563675,2616852,2561507,2558656,2553340,2569656,2560285,2567265,2567265,10
2025-10-02 15:11:34,90189,pairwise,LinkedCells,1.000000,lc_c18,none,AoS,enabled,2424920,2383104,2357805,2363893,2360185,2361393,2363670,2367502,2369774,2354484,2370672,2370672,10
2025-10-02 15:11:34,90199,pairwise,LinkedCells,1.000000,lc_c18,none,SoA,disabled,3415259,3279187,3259883,3265126,3276984,3275493,3271771,3243223,3269054,3328688,3288466,3288466,10
2025-10-02 15:11:34,90209,pairwise,LinkedCells,1.000000,lc_c18,none,SoA,enabled,3105777,3068288,3079183,3073722,3109576,3088160,3079696,3073256,3074830,3099933,3085241,3085241,10
2025-10-02 15:11:34,90219,pairwise,LinkedCells,1.000000,lc_sliced,none,AoS,disabled,6517616,6469538,6448277,6460756,6450710,6418908,6400819,6395383,6403484,6077961,6404344,6404344,10
2025-10-02 15:11:34,90229,pairwise,LinkedCells,1.000000,lc_sliced,none,AoS,enabled,4697010,4668477,4654729,4276877,4664576,4649407,4644775,4661160,4661950,4655903,4623486,4623486,10
2025-10-02 15:11:34,90239,pairwise,LinkedCells,1.000000,lc_sliced,none,SoA,disabled,5325941,5215710,5132612,5079417,5124971,5079317,5089390,5115534,5081077,5125059,5136902,5136902,10
2025-10-02 15:11:34,90249,pairwise,LinkedCells,1.000000,lc_sliced,none,SoA,enabled,3483187,3365577,3196777,3415998,3405310,3413877,3397685,3367130,3423607,3396429,3386557,3386557,10
2025-10-02 15:11:34,90259,pairwise,LinkedCells,1.000000,lc_sliced_balanced,none,AoS,disabled,6466872,6440221,6423149,6393568,6388994,6390883,6381531,6387174,6380771,6382043,6403520,6403520,10
2025-10-02 15:11:35,90269,pairwise,LinkedCells,1.000000,lc_sliced_balanced,none,AoS,enabled,4686710,4662883,4659514,4651174,4656998,4656567,4658892,4657633,4655563,4660879,4660681,4660681,10
2025-10-02 15:11:35,90279,pairwise,LinkedCells,1.000000,lc_sliced_balanced,none,SoA,disabled,5233736,5122209,5090454,5103671,5074730,5084269,5094870,5081547,5073233,5076623,5103533,5103533,10
2025-10-02 15:11:35,90289,pairwise,LinkedCells,1.000000,lc_sliced_balanced,none,SoA,enabled,3456887,3372202,3416318,3407060,3356987,3361904,3348740,3363673,3351237,3376026,3381103,3381103,10
2025-10-02 15:11:35,90299,pairwise,LinkedCells,1.000000,lc_sliced_balanced,squared-particles-per-cell,AoS,disabled,6699214,6508831,6442989,6436134,6430541,6417868,6426615,6419200,6418390,6422338,6462211,6462211,10
2025-10-02 15:11:35,90309,pairwise,LinkedCells,1.000000,lc_sliced_balanced,squared-particles-per-cell,AoS,enabled,4711745,4678554,4681602,4675409,4692375,4676833,4674932,4687944,4687090,4690096,4685657,4685657,10
2025-10-02 15:11:35,90319,pairwise,LinkedCells,1.000000,lc_sliced_balanced,squared-particles-per-cell,SoA,disabled,9862542,9102264,8995659,9042686,8998400,9024463,9050167,9097244,9053497,9044297,9127121,9127121,10
2025-10-02 15:11:35,90329,pairwise,LinkedCells,1.000000,lc_sliced_balanced,squared-particles-per-cell,SoA,enabled,8656784,8550630,8605504,8550120,8539618,8567822,8556534,8544674,8647081,8517294,8573606,8573606,10
2025-10-02 15:11:35,90339,pairwise,LinkedCells,1.000000,lc_sliced_c02,none,AoS,disabled,6613823,6259192,5997662,6438598,6613675,6196847,6405138,6385824,6201252,6595738,6370774,6370774,10
2025-10-02 15:11:35,90349,pairwise,LinkedCells,1.000000,lc_sliced_c02,none,AoS,enabled,4430588,4671792,4551567,4787890,4661687,4663187,4672234,4555218,4442271,4422462,4585889,4585889,10
2025-10-02 15:11:35,90359,pairwise,LinkedCells,1.000000,lc_sliced_c02,none,SoA,disabled,6164042,5218996,5218810,5198212,5032788,5275840,5291377,5161843,5164507,5147201,5287361,5287361,10
2025-10-02 15:11:35,90369,pairwise,LinkedCells,1.000000,lc_sliced_c02,none,SoA,enabled,3520494,3699342,3575073,3381436,3562406,3539661,3543020,3531109,3292450,3308197,3495318,3495318,10
2025-10-02 15:11:35,90379,pairwise,VerletClusterLists,1.000000,vcl_c01_balanced,none,AoS,disabled,8845921,2597288,2592766,2588090,2578573,2580634,2564862,2566716,2581096,2611221,3210715,3210715,10
2025-10-02 15:11:35,90389,pairwise,VerletClusterLists,1.000000,vcl_c01_balanced,none,SoA,disabled,5138049,993419,990692,988556,987028,987010,982197,980866,977582,977977,1400337,1400337,10
2025-10-02 15:11:35,90399,pairwise,VerletClusterLists,1.000000,vcl_c06,none,AoS,disabled,16170757,12175009,12456051,12539737,12456633,12850479,11924957,11840190,12985565,13272039,12867141,12867141,10
2025-10-02 15:11:35,90409,pairwise,VerletClusterLists,1.000000,vcl_c06,none,AoS,enabled,9011591,6268080,6220485,6163508,6212976,6198028,6272596,6116058,6520880,6169105,6515330,6515330,10
2025-10-02 15:11:35,90419,pairwise,VerletClusterLists,1.000000,vcl_c06,none,SoA,disabled,9010011,5111524,5072246,4878948,4917743,5002775,4935440,4909803,4824070,4773533,5343609,5343609,10
2025-10-02 15:11:36,90429,pairwise,VerletClusterLists,1.000000,vcl_c06,none,SoA,enabled,5726958,2687103,2846165,2596978,2624289,2663771,2603971,2607760,2708728,2645978,2971169,2971169,10
2025-10-02 15:11:36,90439,pairwise,VerletClusterLists,1.000000,vcl_sliced,none,AoS,disabled,22660486,18529340,18555284,18599759,16129431,18547646,16105136,18570802,18558900,17829071,18408585,18408585,10
2025-10-02 15:11:36,90449,pairwise,VerletClusterLists,1.000000,vcl_sliced,none,AoS,enabled,11654530,9961384,9928659,9983958,9989810,9826151,9833285,9980444,9848203,9820408,10082682,10082682,10
2025-10-02 15:11:36,90459,pairwise,VerletClusterLists,1.000000,vcl_sliced,none,SoA,disabled,10018139,6348281,5999761,6000249,5980536,5930626,5962645,5994559,5966855,5975625,6417726,6417726,10
2025-10-02 15:11:36,90469,pairwise,VerletClusterLists,1.000000,vcl_sliced,none,SoA,enabled,6135587,3294427,3270087,3274282,3253869,3246155,3296448,3254942,3280105,3281090,3558698,3558698,10
2025-10-02 15:11:36,90479,pairwise,VerletClusterLists,1.000000,vcl_sliced_balanced,none,AoS,disabled,21677440,17822668,17856486,17773128,17786195,17787202,17758031,17922144,17788023,17798939,18197024,18197024,10
2025-10-02 15:11:36,90489,pairwise,VerletClusterLists,1.000000,vcl_sliced_balanced,none,AoS,enabled,12664424,9993159,9979670,9981875,10007787,9947852,9999053,10004116,9986761,9977349,10254204,10254204,10
2025-10-02 15:11:36,90499,pairwise,VerletClusterLists,1.000000,vcl_sliced_balanced,none,SoA,disabled,9990003,5965027,5965410,5967093,5959763,5947620,5961441,5951733,5956933,5954953,6361996,6361996,10
2025-10-02 15:11:36,90509,pairwise,VerletClusterLists,1.000000,vcl_sliced_balanced,none,SoA,enabled,6012548,3255379,3246730,3244163,3243260,3231580,3239344,3231443,3236691,3246550,3518768,3518768,10
2025-10-02 15:11:37,90519,pairwise,VerletClusterLists,1.000000,vcl_sliced_balanced,neighbor-list-length,AoS,disabled,24323587,19103252,19095208,19083013,19111314,19092230,19079210,19084402,19108757,19088573,19616954,19616954,10
2025-10-02 15:11:37,90529,pairwise,VerletClusterLists,1.000000,vcl_sliced_balanced,neighbor-list-length,AoS,enabled,13493232,10727274,10692041,10747203,10742726,10715661,10727089,10705463,10719093,10727904,10999768,10999768,10
2025-10-02 15:11:37,90539,pairwise,VerletClusterLists,1.000000,vcl_sliced_balanced,neighbor-list-length,SoA,disabled,10426455,6297773,6293568,6295782,6288175,6318929,6312248,6283020,6305442,6295479,6711687,6711687,10
2025-10-02 15:11:37,90549,pairwise,VerletClusterLists,1.000000,vcl_sliced_balanced,neighbor-list-length,SoA,enabled,6341412,3519661,3523826,3509780,3512705,3501500,3508289,3505173,3508119,3503178,3793363,3793363,10
2025-10-02 15:11:37,90559,pairwise,VerletClusterLists,1.000000,vcl_sliced_c02,none,AoS,disabled,23198941,20695033,20846099,20847786,21030907,20919385,20721153,20879176,20907423,17990915,20803681,20803681,10
2025-10-02 15:11:37,90569,pairwise,VerletClusterLists,1.000000,vcl_sliced_c02,none,AoS,enabled,13497968,10890416,10023800,10906907,10982648,11206055,11209430,10872366,10877752,10990559,11145790,11145790,10
2025-10-02 15:11:37,90579,pairwise,VerletClusterLists,1.000000,vcl_sliced_c02,none,SoA,disabled,10774593,6882867,6830697,6779258,6887332,6388662,6333405,6771385,6834273,6772316,7125478,7125478,10
2025-10-02 15:11:37,90589,pairwise,VerletClusterLists,1.000000,vcl_sliced_c02,none,SoA,enabled,6652346,3873787,3867630,3519477,3674309,3533097,3861136,3872819,3556684,3605891,4001717,4001717,10
2025-10-02 15:11:37,90599,pairwise,VerletLists,1.000000,vl_list_iteration,none,AoS,disabled,8849117,920616,914383,909959,910483,901995,906669,901325,907721,905083,1702734,1702734,10
2025-10-02 15:11:37,90609,pairwise,VerletLists,1.000000,vl_list_iteration,none,SoA,disabled,23453463,2391780,2275332,2223908,2226430,2271800,2269203,2229537,2257686,2255899,4385503,4385503,10
2025-10-02 15:11:37,90619,pairwise,VerletListsCells,1.000000,vlc_c01,none,AoS,disabled,25857394,1919969,1929434,1912797,1904547,1911994,1921791,1922816,1956605,1915718,4315306,4315306,10
2025-10-02 15:11:37,90629,pairwise,VerletListsCells,1.000000,vlc_c01,none,SoA,disabled,42842007,3787256,3633866,3583691,3563041,3566535,3545721,3548472,3529826,3537987,7513839,7513839,10
2025-10-02 15:11:37,90639,pairwise,VerletListsCells,1.000000,vlc_c18,none,AoS,disabled,17501772,2133783,2130598,2129303,2122947,2123728,2116349,2134381,2123182,2132466,3664850,3664850,10
2025-10-02 15:11:38,90649,pairwise,VerletListsCells,1.000000,vlc_c18,none,AoS,enabled,16073647,1987266,1989542,1989043,1991322,1983832,1990547,1982919,1972562,1985628,3394630,3394630,10
2025-10-02 15:11:38,90659,pairwise,VerletListsCells,1.000000,vlc_c18,none,SoA,disabled,44627442,4330204,4126852,4067677,4050363,4044966,4032348,4046093,4052892,4010027,8138886,8138886,10
2025-10-02 15:11:38,90669,pairwise,VerletListsCells,1.000000,vlc_c18,none,SoA,enabled,34060180,4029736,3883791,3875901,3850795,3822464,3841373,3847098,3814644,3809398,6883537,6883537,10
2025-10-02 15:11:38,90679,pairwise,VerletListsCells,1.000000,vlc_c08,none,AoS,disabled,13092393,1964388,1950595,1951802,1954370,1955199,1948235,1938988,1947428,1961497,3066489,3066489,10
2025-10-02 15:11:38,90689,pairwise,VerletListsCells,1.000000,vlc_c08,none,AoS,enabled,12668148,1816058,1809058,1808866,1815504,1813865,1812625,1815856,1805498,1815300,2898077,2898077,10
2025-10-02 15:11:38,90699,pairwise,VerletListsCells,1.000000,vlc_c08,none,SoA,disabled,38590987,4074324,3889536,3868625,3872282,3827474,3829291,3831620,3802979,3808374,7339549,7339549,10
2025-10-02 15:11:38,90709,pairwise,VerletListsCells,1.000000,vlc_c08,none,SoA,enabled,31830008,3862107,3765043,3736512,3726276,3720773,3705095,3718804,3687976,3726540,6547912,6547912,10
2025-10-02 15:11:38,90719,pairwise,VerletListsCells,1.000000,vlc_sliced,none,AoS,disabled,20082594,4474876,4399493,4282302,4291847,4288975,4399379,4313456,4316357,4300413,5914968,5914968,10
2025-10-02 15:11:38,90729,pairwise,VerletListsCells,1.000000,vlc_sliced,none,AoS,enabled,16564054,2224514,2234504,2229915,2174447,2150047,2156807,2159549,2235486,2219063,3634838,3634838,10
2025-10-02 15:11:38,90739,pairwise,VerletListsCells,1.000000,vlc_sliced,none,SoA,disabled,47864448,6783763,6491086,6434260,6304243,6368518,6415822,6422334,6509378,6474902,10606875,10606875,10
2025-10-02 15:11:38,90749,pairwise,VerletListsCells,1.000000,vlc_sliced,none,SoA,enabled,35129814,4069299,4012546,3839871,3977584,4029692,4024296,4038996,3910510,3856008,7088861,7088861,10
2025-10-02 15:11:38,90759,pairwise,VerletListsCells,1.000000,vlc_sliced_balanced,none,AoS,disabled,20015753,4337755,4289795,4282060,4294697,4293509,4274102,4272104,4286253,4255982,5860200,5860200,10
2025-10-02 15:11:38,90769,pairwise,VerletListsCells,1.000000,vlc_sliced_balanced,none,AoS,enabled,16351558,2191996,2149352,2154292,2151091,2148719,2145966,2147171,2148974,2166229,3575534,3575534,10
2025-10-02 15:11:38,90779,pairwise,VerletListsCells,1.000000,vlc_sliced_balanced,none,SoA,disabled,47708061,6641514,6477765,6437402,6388486,6197787,6359367,6173363,6276170,6160238,10482015,10482015,10
2025-10-02 15:11:38,90789,pairwise,VerletListsCells,1.000000,vlc_sliced_balanced,none,SoA,enabled,34461559,3961440,3796156,3961999,4018658,3981638,3855431,3972624,3881270,3860971,6975173,6975173,10
2025-10-02 15:11:39,90799,pairwise,VerletListsCells,1.000000,vlc_sliced_balanced,squared-particles-per-cell,AoS,disabled,19587989,4490946,4443134,4435638,4414609,4399381,4389395,4396575,4389811,4393481,5934095,5934095,10
2025-10-02 15:11:39,90809,pairwise,VerletListsCells,1.000000,vlc_sliced_balanced,squared-particles-per-cell,AoS,enabled,16620506,2337546,2260839,2233444,2232503,2231496,2231571,2225584,2243395,2228324,3684520,3684520,10
2025-10-02 15:11:39,90819,pairwise,VerletListsCells,1.000000,vlc_sliced_balanced,squared-particles-per-cell,SoA,disabled,47466226,6709128,6570702,6509890,6485245,6519674,6465841,6502370,6492784,6444048,10616590,10616590,10
2025-10-02 15:11:39,90829,pairwise,VerletListsCells,1.000000,vlc_sliced_balanced,squared-particles-per-cell,SoA,enabled,35478432,4209605,4138042,4107961,4126498,4148377,4124201,4108641,4108847,4104875,7265547,7265547,10
2025-10-02 15:11:39,90839,pairwise,VerletListsCells,1.000000,vlc_sliced_balanced,neighbor-list-length,AoS,disabled,19688732,4468746,4395507,4389128,4386191,4394941,4403379,4391360,4393445,4388526,5929995,5929995,10
2025-10-02 15:11:39,90849,pairwise,VerletListsCells,1.000000,vlc_sliced_balanced,neighbor-list-length,AoS,enabled,16613335,2305265,2263446,2252236,2247534,2236452,2239576,2241102,2251600,2259012,3690955,3690955,10
2025-10-02 15:11:39,90859,pairwise,VerletListsCells,1.000000,vlc_sliced_balanced,neighbor-list-length,SoA,disabled,47202039,6918104,6737666,6631883,6609781,6604408,6564578,6495974,6579527,6548619,10689257,10689257,10
2025-10-02 15:11:39,90869,pairwise,VerletListsCells,1.000000,vlc_sliced_balanced,neighbor-list-length,SoA,enabled,35287868,4322706,4210762,4156059,3966294,3937812,3932385,3941064,3944936,3939326,7163921,7163921,10
2025-10-02 15:11:39,90879,pairwise,VerletListsCells,1.000000,vlc_sliced_c02,none,AoS,disabled,19828201,4920886,4869332,4876141,4898219,4719775,4709344,4789079,4905543,4860176,6337669,6337669,10
2025-10-02 15:11:39,90889,pairwise,VerletListsCells,1.000000,vlc_sliced_c02,none,AoS,enabled,16784188,2571046,2462506,2476038,2444766,2537501,2521526,2523374,2437354,2468945,3922723,3922723,10
2025-10-02 15:11:39,90899,pairwise,VerletListsCells,1.000000,vlc_sliced_c02,none,SoA,disabled,47311693,7331449,7106515,6879553,6924782,7003529,6977861,6970115,6982977,6886270,11037473,11037473,10
2025-10-02 15:11:39,90909,pairwise,VerletListsCells,1.000000,vlc_sliced_c02,none,SoA,enabled,35563181,4525585,4512977,4470220,4420855,4321200,4235756,4419682,4305439,4354486,7512937,7512937,10
2025-10-02 15:11:39,90919,pairwise,PairwiseVerletLists,1.000000,vlp_c01,none,AoS,disabled,22388452,2349712,2311056,2295454,2303316,2291216,2291808,2287988,2294896,2295265,4310916,4310916,10
2025-10-02 15:11:40,90929,pairwise,PairwiseVerletLists,1.000000,vlp_c01,none,SoA,disabled,77712286,5315643,5085462,5046553,5021914,5011957,4993811,5002422,5005104,5006376,12320152,12320152,10
2025-10-02 15:11:40,90939,pairwise,PairwiseVerletLists,1.000000,vlp_c18,none,AoS,disabled,20087785,2577460,2566193,2545599,2553770,2549386,2549507,2542602,2558016,2544933,4307524,4307524,10
2025-10-02 15:11:40,90949,pairwise,PairwiseVerletLists,1.000000,vlp_c18,none,AoS,enabled,20407128,2366023,2350836,2349963,2350691,2355692,2348822,2353116,2352229,2350125,4158462,4158462,10
2025-10-02 15:11:40,90959,pairwise,PairwiseVerletLists,1.000000,vlp_c18,none,SoA,disabled,93839475,5667013,5520911,5498273,5476754,5472383,5483363,5463858,5466890,5496448,14338536,14338536,10
2025-10-02 15:11:40,90969,pairwise,PairwiseVerletLists,1.000000,vlp_c18,none,SoA,enabled,74037340,5270103,5088558,5074361,5033784,5038152,5021899,5003990,5014212,5005032,11958742,11958742,10
2025-10-02 15:11:40,90979,pairwise,PairwiseVerletLists,1.000000,vlp_sliced,none,AoS,disabled,23829115,5992580,6073459,5956211,6091744,6045952,5835759,6063137,6043972,5926006,7785793,7785793,10
2025-10-02 15:11:40,90989,pairwise,PairwiseVerletLists,1.000000,vlp_sliced,none,AoS,enabled,21701622,3315977,3306097,3241859,3255259,3277047,3274994,3300811,3297623,3310273,5128156,5128156,10
2025-10-02 15:11:40,90999,pairwise,PairwiseVerletLists,1.000000,vlp_sliced,none,SoA,disabled,98937300,10663752,10557400,10276809,10318645,10748699,10673293,10572785,10461929,10560479,19377108,19377108,10
2025-10-02 15:11:40,91009,pairwise,PairwiseVerletLists,1.000000,vlp_sliced,none,SoA,enabled,80423231,7400521,7284795,7217686,7240009,7422725,7362931,7393519,7330991,7296244,14637264,14637264,10
2025-10-02 15:11:41,91019,pairwise,PairwiseVerletLists,1.000000,vlp_sliced_balanced,none,AoS,disabled,23914647,5925372,5840243,5818617,5977845,5950742,5962361,5917290,5964251,5961811,7723317,7723317,10
2025-10-02 15:11:41,91029,pairwise,PairwiseVerletLists,1.000000,vlp_sliced_balanced,none,AoS,enabled,22325439,3334722,3273616,3270635,3251354,3269445,3270001,3248924,3247750,3261050,5175292,5175292,10
2025-10-02 15:11:41,91039,pairwise,PairwiseVerletLists,1.000000,vlp_sliced_balanced,none,SoA,disabled,100196165,10588113,10460136,10492110,10520070,10494014,10450646,10652325,10504350,10565267,19492319,19492319,10
2025-10-02 15:11:41,91049,pairwise,PairwiseVerletLists,1.000000,vlp_sliced_balanced,none,SoA,enabled,76278593,7417199,7347858,7281711,7312800,7371904,7284349,7321991,7324363,7403747,14234451,14234451,10
2025-10-02 15:11:41,91059,pairwise,PairwiseVerletLists,1.000000,vlp_sliced_c02,none,AoS,disabled,24946625,6801515,6936133,6493489,6824947,6838088,6823518,6603920,6583984,6811070,8566328,8566328,10
2025-10-02 15:11:41,91069,pairwise,PairwiseVerletLists,1.000000,vlp_sliced_c02,none,AoS,enabled,22035325,3746137,3723642,3797572,3718862,3827872,3688372,3833506,3751674,3771376,5589433,5589433,10
2025-10-02 15:11:41,91079,pairwise,PairwiseVerletLists,1.000000,vlp_sliced_c02,none,SoA,disabled,97028364,11621935,11779565,11589868,11756670,11609860,11784929,11791021,11686343,11756291,20240484,20240484,10
2025-10-02 15:11:42,91089,pairwise,PairwiseVerletLists,1.000000,vlp_sliced_c02,none,SoA,enabled,76819237,8111840,7934962,8136385,7952370,8125397,8108259,8123538,7958772,7939371,14921012,14921012,10
2025-10-02 15:11:42,91099,pairwise,PairwiseVerletLists,1.000000,vlp_c08,none,AoS,disabled,22073299,4237313,4214691,4213440,4216781,4201981,4210012,4210670,4212490,4205518,5999619,5999619,10
2025-10-02 15:11:42,91109,pairwise,PairwiseVerletLists,1.000000,vlp_c08,none,AoS,enabled,21214192,2830523,2818202,2805448,2792055,2796760,2787437,2792924,2789055,2789005,4641559,4641559,10
2025-10-02 15:11:42,91119,pairwise,PairwiseVerletLists,1.000000,vlp_c08,none,SoA,disabled,93367339,7965870,7926678,7914980,7916243,7918734,7921586,7907211,7920924,7906774,16466633,16466633,10
2025-10-02 15:11:42,91129,pairwise,PairwiseVerletLists,1.000000,vlp_c08,none,SoA,enabled,74860819,6177727,6104208,6108622,6095461,6140680,6093193,6071703,6119340,6071512,12984325,12984325,10
2025-10-02 15:14:04,95009,pairwise,LinkedCells,1.000000,lc_c01,none,AoS,disabled,2880592,2822183,2817218,2820425,2825109,2820364,2810434,2841724,2818261,2826253,2828256,2828256,10
2025-10-02 15:14:04,95019,pairwise,LinkedCells,1.000000,lc_c01,none,SoA,disabled,4414154,3550605,3498213,3494508,3510696,3488999,3478452,3543440,3481573,3490808,3595144,3595144,10
2025-10-02 15:14:04,95029,pairwise,LinkedCells,1.000000,lc_c01_combined_SoA,none,SoA,disabled,3370375,3413924,3394952,3437698,3587355,3495424,3468546,3483522,3546423,3641057,3483927,3483927,10
2025-10-02 15:14:04,95039,pairwise,LinkedCells,1.000000,lc_c04,none,AoS,disabled,3175059,3167270,3208188,3096923,3121042,3156846,3153973,3250198,3102705,3168994,3160119,3160119,10
2025-10-02 15:14:04,95049,pairwise,LinkedCells,1.000000,lc_c04,none,AoS,enabled,2315666,2329114,2353943,2326875,2354824,2309149,2304278,2356495,2425534,2342122,2341799,2341799,10
2025-10-02 15:14:04,95059,pairwise,LinkedCells,1.000000,lc_c04,none,SoA,disabled,3174949,3089937,3059926,3072917,3102781,3049796,3058861,3064652,3051855,3077775,3080344,3080344,10
2025-10-02 15:14:04,95069,pairwise,LinkedCells,1.000000,lc_c04,none,SoA,enabled,2392608,2355577,2332355,2334449,2340572,2347008,2343764,2344381,2376548,2341166,2350842,2350842,10
2025-10-02 15:14:04,95079,pairwise,LinkedCells,1.000000,lc_c04_HCP,none,AoS,disabled,1704135,1655586,1646308,1637754,1634191,1642029,1636027,1647558,1634436,1633380,1647139,1647139,10
2025-10-02 15:14:04,95089,pairwise,LinkedCells,1.000000,lc_c04_HCP,none,AoS,enabled,1295743,1284640,1282788,1289826,1289024,1295511,1290636,1313574,1299572,1297709,1293901,1293901,10
2025-10-02 15:14:04,95099,pairwise,LinkedCells,1.000000,lc_c04_HCP,none,SoA,disabled,2939051,2844845,2819662,2820446,2828836,2814132,2814089,2823866,2851325,2829295,2838554,2838554,10
2025-10-02 15:14:04,95109,pairwise,LinkedCells,1.000000,lc_c04_HCP,none,SoA,enabled,2644080,2600162,2617160,2590511,2586342,2592088,2585805,2592435,2620790,2609828,2603919,2603919,10
2025-10-02 15:14:04,95119,pairwise,LinkedCells,1.000000,lc_c04_combined_SoA,none,SoA,disabled,3558797,3525572,3549319,3519896,3471839,3484630,3518885,3498298,3510072,3505342,3514265,3514265,10
2025-10-02 15:14:05,95129,pairwise,LinkedCells,1.000000,lc_c04_combined_SoA,none,SoA,enabled,3222017,3139300,3127551,3139639,3141158,3212323,3175248,3211453,3178858,3182246,3172978,3172978,10
2025-10-02 15:14:05,95139,pairwise,LinkedCells,1.000000,lc_c08,none,AoS,disabled,2454007,2407881,2440232,2460036,2399789,2396247,2404078,2395287,2403570,2420584,2418170,2418170,10
2025-10-02 15:14:05,95149,pairwise,LinkedCells,1.000000,lc_c08,none,AoS,enabled,2272048,2264345,2242109,2223538,2233405,2222695,2226947,2282801,2232505,2224672,2242506,2242506,10
2025-10-02 15:14:05,95159,pairwise,LinkedCells,1.000000,lc_c08,none,SoA,disabled,3937372,3890352,3839668,3854148,3864428,3843957,3840428,3879777,3842306,3844833,3863726,3863726,10
2025-10-02 15:14:05,95169,pairwise,LinkedCells,1.000000,lc_c08,none,SoA,enabled,3679429,3638903,3620322,3658208,3521791,3526184,3524491,3502896,3536004,3512570,3572079,3572079,10
2025-10-02 15:14:05,95179,pairwise,LinkedCells,1.000000,lc_c18,none,AoS,disabled,2563526,2543754,2546321,2543783,2548513,2554870,2543319,2548824,2541877,2546601,2548138,2548138,10
2025-10-02 15:14:05,95189,pairwise,LinkedCells,1.000000,lc_c18,none,AoS,enabled,2360833,2375414,2376252,2405245,2426647,2422253,2354690,2416427,2366715,2365650,2387012,2387012,10
2025-10-02 15:14:05,95199,pairwise,LinkedCells,1.000000,lc_c18,none,SoA,disabled,3393329,3268663,3307673,3267233,3274671,3312043,3245455,3250259,3286620,3277302,3288324,3288324,10
2025-10-02 15:14:05,95209,pairwise,LinkedCells,1.000000,lc_c18,none,SoA,enabled,3091316,3074706,3064012,3064973,3060498,3090913,3095697,3068504,3070452,3113450,3079451,3079451,10
2025-10-02 15:14:05,95219,pairwise,LinkedCells,1.000000,lc_sliced,none,AoS,disabled,6201613,6020248,5428268,6158816,6182236,6014498,6003251,6055259,6050792,6046986,6016195,6016195,10
2025-10-02 15:14:05,95229,pairwise,LinkedCells,1.000000,lc_sliced,none,AoS,enabled,4517789,4423496,4024621,4510340,4416340,4426667,4435111,4422021,4431439,4434086,4404191,4404191,10
2025-10-02 15:14:05,95239,pairwise,LinkedCells,1.000000,lc_sliced,none,SoA,disabled,5150744,5054813,4979560,4637582,4915123,4934145,4938284,4599504,4860034,4613477,4868325,4868325,10
2025-10-02 15:14:05,95249,pairwise,LinkedCells,1.000000,lc_sliced,none,SoA,enabled,3359570,3334128,3305657,3326738,3312309,3319360,3335752,3361211,3311087,3324561,3329036,3329036,10
2025-10-02 15:14:05,95259,pairwise,LinkedCells,1.000000,lc_sliced_balanced,none,AoS,disabled,6083279,6050029,6033913,6029539,6039571,6051496,6040445,6033996,6041804,6030759,6043482,6043482,10
2025-10-02 15:14:05,95269,pairwise,LinkedCells,1.000000,lc_sliced_balanced,none,AoS,enabled,4413703,4405379,4403221,4398065,4395945,4390490,4397144,4392998,4391936,4395182,4398405,4398405,10
2025-10-02 15:14:05,95279,pairwise,LinkedCells,1.000000,lc_sliced_balanced,none,SoA,disabled,5040587,4892347,4868658,4856515,4879479,4829304,4835919,4886920,4877686,4841376,4880878,4880878,10
2025-10-02 15:14:05,95289,pairwise,LinkedCells,1.000000,lc_sliced_balanced,none,SoA,enabled,3345480,3271370,3297335,3262339,3284451,3266248,3264479,3266990,3269584,3252253,3278052,3278052,10
2025-10-02 15:14:05,95299,pairwise,LinkedCells,1.000000,lc_sliced_balanced,squared-particles-per-cell,AoS,disabled,6476411,6280257,6221001,6199146,6223692,6227727,6200616,6207378,6218502,6214057,6246878,6246878,10
2025-10-02 15:14:05,95309,pairwise,LinkedCells,1.000000,lc_sliced_balanced,squared-particles-per-cell,AoS,enabled,4547052,4543222,4522949,4523169,4514655,4514486,4528633,4514889,4535751,4520953,4526575,4526575,10
2025-10-02 15:14:05,95319,pairwise,LinkedCells,1.000000,lc_sliced_balanced,squared-particles-per-cell,SoA,disabled,9650088,8793299,8665152,8745246,8667073,8747102,8659135,8655503,8648483,8795992,8802706,8802706,10
2025-10-02 15:14:06,95329,pairwise,LinkedCells,1.000000,lc_sliced_balanced,squared-particles-per-cell,SoA,enabled,8539615,8411982,8436560,8487854,8477490,8434919,8443852,8523189,8323604,8433327,8451238,8451238,10
2025-10-02 15:14:06,95339,pairwise,LinkedCells,1.000000,lc_sliced_c02,none,AoS,disabled,6397402,5924455,6064192,6022427,6010564,5979773,6162212,5949798,5975820,5680689,6016732,6016732,10
2025-10-02 15:14:06,95349,pairwise,LinkedCells,1.000000,lc_sliced_c02,none,AoS,enabled,4449278,4487158,4536866,4389114,4489926,4336219,4386269,4349545,4482020,4280519,4418690,4418690,10
2025-10-02 15:14:06,95359,pairwise,LinkedCells,1.000000,lc_sliced_c02,none,SoA,disabled,6034782,5115221,4926854,4938695,4845047,5026054,4895124,5040978,4957337,4818539,5059862,5059862,10
2025-10-02 15:14:06,95369,pairwise,LinkedCells,1.000000,lc_sliced_c02,none,SoA,enabled,3612607,3259577,3255873,3236324,3551491,3515421,3237162,3287168,3257530,3527065,3374021,3374021,10
2025-10-02 15:14:06,95379,pairwise,VerletClusterLists,1.000000,vcl_c01_balanced,none,AoS,disabled,8571600,2583714,2553451,2562350,2575048,2558400,2579404,2550873,2558964,2569233,3166303,3166303,10
2025-10-02 15:14:06,95389,pairwise,VerletClusterLists,1.000000,vcl_c01_balanced,none,SoA,disabled,4964469,986241,981980,982319,987685,985189,980977,980848,974724,976865,1380129,1380129,10
2025-10-02 15:14:06,95399,pairwise,VerletClusterLists,1.000000,vcl_c06,none,AoS,disabled,15629250,12120394,12515405,12708440,13059953,12048213,12975116,12271036,12322489,11867799,12751808,12751808,10
2025-10-02 15:14:06,95409,pairwise,VerletClusterLists,1.000000,vcl_c06,none,AoS,enabled,9019315,6304107,6260034,6524178,6245056,6295657,6253913,6697651,6403757,6257892,6626155,6626155,10
2025-10-02 15:14:06,95419,pairwise,VerletClusterLists,1.000000,vcl_c06,none,SoA,disabled,8562309,4993555,5372061,4684188,5071767,5024405,5089773,5080299,4972663,5017897,5386891,5386891,10
2025-10-02 15:14:06,95429,pairwise,VerletClusterLists,1.000000,vcl_c06,none,SoA,enabled,5456212,2669521,2652849,2793411,2651744,2643427,2679467,2653808,2801032,2645078,2964654,2964654,10
2025-10-02 15:14:06,95439,pairwise,VerletClusterLists,1.000000,vcl_sliced,none,AoS,disabled,22099873,17639850,18330456,17567582,18371573,17590205,18320827,17625077,18274530,15954387,18177435,18177435,10
2025-10-02 15:14:06,95449,pairwise,VerletClusterLists,1.000000,vcl_sliced,none,AoS,enabled,12346529,8658279,9676276,9538245,9549824,9672356,9596683,9660821,9686603,8642013,9702762,9702762,10
2025-10-02 15:14:06,95459,pairwise,VerletClusterLists,1.000000,vcl_sliced,none,SoA,disabled,9782946,5900560,5866556,5891404,5889715,5900580,5893501,5886768,5842326,6814483,6366883,6366883,10
2025-10-02 15:14:06,95469,pairwise,VerletClusterLists,1.000000,vcl_sliced,none,SoA,enabled,5884886,3224104,3217483,3190387,3208484,3213327,3192742,3207772,3206191,3217787,3476315,3476315,10
2025-10-02 15:14:07,95479,pairwise,VerletClusterLists,1.000000,vcl_sliced_balanced,none,AoS,disabled,21160973,17497002,17457182,17536897,17501000,17498774,17489233,17551433,17541104,17548399,17878199,17878199,10
2025-10-02 15:14:07,95489,pairwise,VerletClusterLists,1.000000,vcl_sliced_balanced,none,AoS,enabled,12404471,9735861,9792827,9760359,9724205,9731295,9733089,9726112,9722244,9729343,10005980,10005980,10
2025-10-02 15:14:07,95499,pairwise,VerletClusterLists,1.000000,vcl_sliced_balanced,none,SoA,disabled,9714286,5864152,5879103,5868947,5887398,5886382,5872134,5879334,5870377,5887546,6260965,6260965,10
2025-10-02 15:14:07,95509,pairwise,VerletClusterLists,1.000000,vcl_sliced_balanced,none,SoA,enabled,6166133,3196567,3189078,3177568,3174059,3190442,3180933,3174523,3182420,3178640,3481036,3481036,10
2025-10-02 15:14:07,95519,pairwise,VerletClusterLists,1.000000,vcl_sliced_balanced,neighbor-list-length,AoS,disabled,24006719,18701368,18696912,18739632,18724623,18921952,18860764,18809096,18682327,18678795,19282218,19282218,10
2025-10-02 15:14:07,95529,pairwise,VerletClusterLists,1.000000,vcl_sliced_balanced,neighbor-list-length,AoS,enabled,13148012,10438066,10392289,10416979,10401259,10410047,10405500,10387533,10382834,10374152,10675667,10675667,10
2025-10-02 15:14:07,95539,pairwise,VerletClusterLists,1.000000,vcl_sliced_balanced,neighbor-list-length,SoA,disabled,9878948,6144300,6151168,6140178,6147823,6141131,6150467,6135934,6143395,6138518,6517186,6517186,10
2025-10-02 15:14:07,95549,pairwise,VerletClusterLists,1.000000,vcl_sliced_balanced,neighbor-list-length,SoA,enabled,6170760,3413355,3420533,3413056,3409580,3420049,3408785,3438751,3439183,3416848,3695089,3695089,10
2025-10-02 15:14:08,95559,pairwise,VerletClusterLists,1.000000,vcl_sliced_c02,none,AoS,disabled,22547379,20301558,20895687,20913906,20977109,20300625,20169097,20193588,20932035,20840858,20807184,20807184,10
2025-10-02 15:14:08,95569,pairwise,VerletClusterLists,1.000000,vcl_sliced_c02,none,AoS,enabled,13558873,10827727,11952595,10957143,10774184,10872724,9622848,10886087,10841569,10968027,11126177,11126177,10
2025-10-02 15:14:08,95579,pairwise,VerletClusterLists,1.000000,vcl_sliced_c02,none,SoA,disabled,10486577,6632492,6661451,6539187,6542359,6532753,6555286,6646318,6545151,6686892,6982846,6982846,10
2025-10-02 15:14:08,95589,pairwise,VerletClusterLists,1.000000,vcl_sliced_c02,none,SoA,enabled,6488651,3667367,3628240,3670723,3717911,3704500,3640448,3406239,3405443,3643451,3897297,3897297,10
2025-10-02 15:14:08,95599,pairwise,VerletLists,1.000000,vl_list_iteration,none,AoS,disabled,8795292,932319,916742,910761,913084,911034,912350,910177,907572,908062,1701738,1701738,10
2025-10-02 15:14:08,95609,pairwise,VerletLists,1.000000,vl_list_iteration,none,SoA,disabled,23331088,2352728,2269131,2288436,2255687,2229634,2365755,2248081,2196363,2273989,4381088,4381088,10
2025-10-02 15:14:08,95619,pairwise,VerletListsCells,1.000000,vlc_c01,none,AoS,disabled,25607546,1933312,1926694,1920532,1925283,1922361,1914671,1917184,1934656,1927089,4292932,4292932,10
2025-10-02 15:14:08,95629,pairwise,VerletListsCells,1.000000,vlc_c01,none,SoA,disabled,42309311,3749804,3598892,3551394,3553988,3528580,3532228,3518240,3554837,3520065,7441733,7441733,10
2025-10-02 15:14:08,95639,pairwise,VerletListsCells,1.000000,vlc_c18,none,AoS,disabled,17441393,2131486,2137666,2121263,2125182,2128816,2123051,2115353,2114690,2123397,3656228,3656228,10
2025-10-02 15:14:08,95649,pairwise,VerletListsCells,1.000000,vlc_c18,none,AoS,enabled,16135701,1984889,1986282,1980901,1979368,1984962,1996466,1981447,1979862,1980683,3399055,3399055,10
2025-10-02 15:14:08,95659,pairwise,VerletListsCells,1.000000,vlc_c18,none,SoA,disabled,44475449,4312941,4108382,4042335,4015593,3879680,3814526,3958373,4021159,3973617,8060205,8060205,10
2025-10-02 15:14:08,95669,pairwise,VerletListsCells,1.000000,vlc_c18,none,SoA,enabled,33783588,4002874,3868133,3855012,3854543,3851524,3836747,3835036,3836371,3730965,6845479,6845479,10
2025-10-02 15:14:08,95679,pairwise,VerletListsCells,1.000000,vlc_c08,none,AoS,disabled,13126632,1972847,1957894,1949929,1957447,1949430,1952258,1946335,1953132,1941765,3070766,3070766,10
2025-10-02 15:14:08,95689,pairwise,VerletListsCells,1.000000,vlc_c08,none,AoS,enabled,12655065,1817642,1816391,1822625,1812539,1815099,1813337,1812888,1817492,1812771,2899584,2899584,10
2025-10-02 15:14:08,95699,pairwise,VerletListsCells,1.000000,vlc_c08,none,SoA,disabled,38366832,3739599,3645108,3632920,3601239,3603202,3804811,3862858,3856474,3698204,7181124,7181124,10
2025-10-02 15:14:08,95709,pairwise,VerletListsCells,1.000000,vlc_c08,none,SoA,enabled,32515431,3806420,3740921,3741459,3711790,3720774,3601591,3533806,3516147,3548636,6543697,6543697,10
2025-10-02 15:14:08,95719,pairwise,VerletListsCells,1.000000,vlc_sliced,none,AoS,disabled,20040854,4322038,4212873,4186184,4090314,4191796,4300520,4169426,4155668,4173720,5784339,5784339,10
2025-10-02 15:14:09,95729,pairwise,VerletListsCells,1.000000,vlc_sliced,none,AoS,enabled,16390581,2128188,2172426,2195531,2190780,2130832,2124751,2178020,2181769,2129072,3582195,3582195,10
2025-10-02 15:14:09,95739,pairwise,VerletListsCells,1.000000,vlc_sliced,none,SoA,disabled,47846403,6408158,6249476,6274069,6209606,6379179,6258893,6247477,6143672,6185786,10420271,10420271,10
2025-10-02 15:14:09,95749,pairwise,VerletListsCells,1.000000,vlc_sliced,none,SoA,enabled,34005993,4131197,3938640,3915489,3661652,3675429,3791097,3602914,3759214,3770033,6825165,6825165,10
2025-10-02 15:14:09,95759,pairwise,VerletListsCells,1.000000,vlc_sliced_balanced,none,AoS,disabled,20011772,4248011,4163647,4152236,4149524,4149878,4148208,4146413,4264127,4144525,5757833,5757833,10
2025-10-02 15:14:09,95769,pairwise,VerletListsCells,1.000000,vlc_sliced_balanced,none,AoS,enabled,16408628,2131830,2100586,2094698,2089572,2095680,2108366,2101454,2096957,2103166,3533093,3533093,10
2025-10-02 15:14:09,95779,pairwise,VerletListsCells,1.000000,vlc_sliced_balanced,none,SoA,disabled,47091588,6617587,6429784,6407266,6313305,6296994,6306837,6323383,6256907,6295539,10433918,10433918,10
2025-10-02 15:14:09,95789,pairwise,VerletListsCells,1.000000,vlc_sliced_balanced,none,SoA,enabled,34135097,4149486,4015626,4045481,3973921,4040317,3978991,3995572,3962100,3901742,7019833,7019833,10
2025-10-02 15:14:09,95799,pairwise,VerletListsCells,1.000000,vlc_sliced_balanced,squared-particles-per-cell,AoS,disabled,19526737,4395120,4315377,4299841,4302334,4278474,4272528,4280321,4293052,4295328,5825911,5825911,10
2025-10-02 15:14:09,95809,pairwise,VerletListsCells,1.000000,vlc_sliced_balanced,squared-particles-per-cell,AoS,enabled,16488306,2268052,2204752,2200300,2198132,2189040,2193523,2202687,2188849,2186512,3632014,3632014,10
2025-10-02 15:14:09,95819,pairwise,VerletListsCells,1.000000,vlc_sliced_balanced,squared-particles-per-cell,SoA,disabled,46843539,6607570,6486274,6445266,6333961,6443348,6386837,6369749,6341854,6429143,10468753,10468753,10
2025-10-02 15:14:09,95829,pairwise,VerletListsCells,1.000000,vlc_sliced_balanced,squared-particles-per-cell,SoA,enabled,35554745,4142866,4072778,4025282,4066574,4058941,4073979,4072327,4070919,4061620,7220002,7220002,10
2025-10-02 15:14:09,95839,pairwise,VerletListsCells,1.000000,vlc_sliced_balanced,neighbor-list-length,AoS,disabled,19504142,4357394,4291637,4303837,4280889,4290673,4278916,4283739,4281771,4287762,5816075,5816075,10
2025-10-02 15:14:09,95849,pairwise,VerletListsCells,1.000000,vlc_sliced_balanced,neighbor-list-length,AoS,enabled,16612986,2227576,2184570,2179936,2183018,2176568,2190107,2196281,2184818,2180263,3631611,3631611,10
2025-10-02 15:14:10,95859,pairwise,VerletListsCells,1.000000,vlc_sliced_balanced,neighbor-list-length,SoA,disabled,47011612,6791598,6617080,6576111,6469410,6469847,6451374,6438571,6448609,6404713,10567892,10567892,10
2025-10-02 15:14:10,95869,pairwise,VerletListsCells,1.000000,vlc_sliced_balanced,neighbor-list-length,SoA,enabled,35574066,4309717,4170572,4188038,3923798,3936354,3903876,3933457,4091124,3901991,7193298,7193298,10
2025-10-02 15:14:10,95879,pairwise,VerletListsCells,1.000000,vlc_sliced_c02,none,AoS,disabled,20183039,4963570,5107474,5069434,4883158,4898203,5073595,5073840,4899621,4814910,6496684,6496684,10
2025-10-02 15:14:10,95889,pairwise,VerletListsCells,1.000000,vlc_sliced_c02,none,AoS,enabled,17058344,2670120,2547759,2558579,2657045,2503801,2621368,2537629,2598359,2581038,4033403,4033403,10
2025-10-02 15:14:10,95899,pairwise,VerletListsCells,1.000000,vlc_sliced_c02,none,SoA,disabled,47612815,7346941,7120347,7191091,6929500,7089928,7050205,7051116,7191325,7058062,11164132,11164132,10
2025-10-02 15:14:10,95909,pairwise,VerletListsCells,1.000000,vlc_sliced_c02,none,SoA,enabled,35556354,4463143,4474622,4437962,4366985,4556585,4423522,4481489,4346755,4370647,7547805,7547805,10
2025-10-02 15:14:10,95919,pairwise,PairwiseVerletLists,1.000000,vlp_c01,none,AoS,disabled,22474459,2329971,2315990,2303213,2300575,2288661,2300504,2301018,2297352,2296509,4320824,4320824,10
2025-10-02 15:14:10,95929,pairwise,PairwiseVerletLists,1.000000,vlp_c01,none,SoA,disabled,81140208,5263313,4867871,4822065,5031400,5089320,5082212,4897740,4929500,4898477,12602210,12602210,10
2025-10-02 15:14:10,95939,pairwise,PairwiseVerletLists,1.000000,vlp_c18,none,AoS,disabled,20445648,2579864,2569116,2556274,2548169,2536414,2547048,2544194,2552852,2550748,4343032,4343032,10
2025-10-02 15:14:10,95949,pairwise,PairwiseVerletLists,1.000000,vlp_c18,none,AoS,enabled,20232639,2363723,2353580,2348398,2348007,2346436,2342664,2351706,2339536,2342798,4136948,4136948,10
2025-10-02 15:14:10,95959,pairwise,PairwiseVerletLists,1.000000,vlp_c18,none,SoA,disabled,96617825,5685786,5382803,5269774,5309138,5364923,5464687,5384453,5299243,5237794,14501642,14501642,10
2025-10-02 15:14:11,95969,pairwise,PairwiseVerletLists,1.000000,vlp_c18,none,SoA,enabled,74152544,5247563,5068750,5064554,5031220,5020534,5093426,4994638,5019335,5018625,11971118,11971118,10
2025-10-02 15:14:11,95979,pairwise,PairwiseVerletLists,1.000000,vlp_sliced,none,AoS,disabled,23700977,5660538,5697354,5837830,5444930,5834270,5651479,5860964,5554114,5549290,7479174,7479174,10
2025-10-02 15:14:11,95989,pairwise,PairwiseVerletLists,1.000000,vlp_sliced,none,AoS,enabled,21501898,3279531,3284639,3238564,3261043,3226092,3078437,3090934,3225556,3264737,5045142,5045142,10
2025-10-02 15:14:11,95999,pairwise,PairwiseVerletLists,1.000000,vlp_sliced,none,SoA,disabled,95295467,9750324,10378101,10319321,10119004,10148756,10328280,9662826,10177997,10087345,18626741,18626741,10
2025-10-02 15:14:11,96009,pairwise,PairwiseVerletLists,1.000000,vlp_sliced,none,SoA,enabled,75850338,7428347,7354254,7286614,7252912,7219039,7314805,7309753,7346199,7279070,14164132,14164132,10
2025-10-02 15:14:11,96019,pairwise,PairwiseVerletLists,1.000000,vlp_sliced_balanced,none,AoS,disabled,23808703,5849869,5763068,5729328,5717985,5713720,5710124,5693216,5710609,5739205,7543582,7543582,10
2025-10-02 15:14:11,96029,pairwise,PairwiseVerletLists,1.000000,vlp_sliced_balanced,none,AoS,enabled,21744220,3290573,3273610,3254760,3240467,3338025,3245565,3228049,3226659,3201383,5104330,5104330,10
2025-10-02 15:14:11,96039,pairwise,PairwiseVerletLists,1.000000,vlp_sliced_balanced,none,SoA,disabled,95493300,10363589,10193492,10201657,10146561,10191191,10198052,10186950,10257201,10252502,18748448,18748448,10
2025-10-02 15:14:11,96049,pairwise,PairwiseVerletLists,1.000000,vlp_sliced_balanced,none,SoA,enabled,76330127,7411678,7269222,7215720,7243825,7263551,7265045,7217306,7271150,7270070,14175768,14175768,10
2025-10-02 15:14:12,96059,pairwise,PairwiseVerletLists,1.000000,vlp_sliced_c02,none,AoS,disabled,25159014,7049055,6979919,6878302,7216819,6950554,6943290,6938374,6934914,6840664,8789090,8789090,10
2025-10-02 15:14:12,96069,pairwise,PairwiseVerletLists,1.000000,vlp_sliced_c02,none,AoS,enabled,22871106,4118661,4078359,3980000,3914740,3878751,3876331,3724295,3718579,3853134,5801395,5801395,10
2025-10-02 15:14:12,96079,pairwise,PairwiseVerletLists,1.000000,vlp_sliced_c02,none,SoA,disabled,97067623,11820768,11763682,11776333,11769703,12094905,11730136,12064836,11712311,11770765,20357105,20357105,10
2025-10-02 15:14:12,96089,pairwise,PairwiseVerletLists,1.000000,vlp_sliced_c02,none,SoA,enabled,77561512,8173136,8128332,8091713,7958022,8079807,8195249,8274025,8071330,8198903,15073202,15073202,10
2025-10-02 15:14:12,96099,pairwise,PairwiseVerletLists,1.000000,vlp_c08,none,AoS,disabled,21958973,4248966,4218912,4211662,4209819,4206935,4216857,4208534,4198036,4212099,5989078,5989078,10
2025-10-02 15:14:12,96109,pairwise,PairwiseVerletLists,1.000000,vlp_c08,none,AoS,enabled,21195210,2830795,2793303,2797498,2791418,2786624,2785948,2777672,2793696,2784840,4633699,4633699,10
2025-10-02 15:14:12,96119,pairwise,PairwiseVerletLists,1.000000,vlp_c08,none,SoA,disabled,93674950,7995174,7963195,7966474,7947783,7954475,7958821,7962360,7951761,7953007,16532800,16532800,10
2025-10-02 15:14:12,96129,pairwise,PairwiseVerletLists,1.000000,vlp_c08,none,SoA,enabled,74959284,6187280,6114569,6096303,6100133,6091256,6098840,6091398,6092256,6076902,12990821,12990821,10
2025-10-02 15:16:21,100009,pairwise,LinkedCells,1.000000,lc_c01,none,AoS,disabled,2874835,2824652,2839473,2877437,2867186,2821885,2845879,2840628,2834597,2828563,2845513,2845513,10
2025-10-02 15:16:21,100019,pairwise,LinkedCells,1.000000,lc_c01,none,SoA,disabled,4238263,3499202,3464555,3496340,3453156,3460165,3477245,3499199,3454044,3482926,3552508,3552508,10
2025-10-02 15:16:21,100029,pairwise,LinkedCells,1.000000,lc_c01_combined_SoA,none,SoA,disabled,3370765,3440043,3499246,3616510,3594198,3536001,3363969,3428397,3368925,3332349,3455040,3455040,10
2025-10-02 15:16:21,100039,pairwise,LinkedCells,1.000000,lc_c04,none,AoS,disabled,3195285,3113413,3128796,3199490,3060082,3069950,3178893,3056847,3099572,3054699,3115702,3115702,10
2025-10-02 15:16:21,100049,pairwise,LinkedCells,1.000000,lc_c04,none,AoS,enabled,2359039,2350516,2279920,2319372,2309893,2279536,2290441,2282672,2276126,2283797,2303131,2303131,10
2025-10-02 15:16:21,100059,pairwise,LinkedCells,1.000000,lc_c04,none,SoA,disabled,3060863,2978212,2981539,2965392,2978156,3021585,2992338,2992262,2960185,3007782,2993831,2993831,10
2025-10-02 15:16:21,100069,pairwise,LinkedCells,1.000000,lc_c04,none,SoA,enabled,2419186,2312542,2314363,2314366,2336448,2313413,2306349,2304843,2319695,2313906,2325510,2325510,10
2025-10-02 15:16:21,100079,pairwise,LinkedCells,1.000000,lc_c04_HCP,none,AoS,disabled,1660163,1608058,1610428,1612779,1622992,1619243,1614909,1605623,1607500,1632978,1619466,1619466,10
2025-10-02 15:16:21,100089,pairwise,LinkedCells,1.000000,lc_c04_HCP,none,AoS,enabled,1285264,1280703,1275989,1277762,1291800,1279332,1271401,1278143,1268537,1292071,1280099,1280099,10
2025-10-02 15:16:21,100099,pairwise,LinkedCells,1.000000,lc_c04_HCP,none,SoA,disabled,2884953,2813325,2792539,2784052,2768789,2820602,2801399,2777724,2785165,2794530,2802307,2802307,10
2025-10-02 15:16:21,100109,pairwise,LinkedCells,1.000000,lc_c04_HCP,none,SoA,enabled,2605286,2557766,2564442,2583824,2552343,2584103,2582051,2582832,2581335,2574785,2576876,2576876,10
2025-10-02 15:16:21,100119,pairwise,LinkedCells,1.000000,lc_c04_combined_SoA,none,SoA,disabled,3534911,3456349,3496873,3475763,3478543,3470513,3476640,3470196,3484296,3456012,3480009,3480009,10
2025-10-02 15:16:21,100129,pairwise,LinkedCells,1.000000,lc_c04_combined_SoA,none,SoA,enabled,3171065,3160673,3173512,3158740,3186511,3176444,3182312,3179048,3167157,3158418,3171387,3171387,10
2025-10-02 15:16:21,100139,pairwise,LinkedCells,1.000000,lc_c08,none,AoS,disabled,2444613,2414610,2411229,2398164,2407413,2406716,2443240,2428919,2425628,2436390,2421691,2421691,10
2025-10-02 15:16:21,100149,pairwise,LinkedCells,1.000000,lc_c08,none,AoS,enabled,2236205,2218812,2232791,2228476,2216721,2280180,2226419,2283427,2261545,2231779,2241634,2241634,10
2025-10-02 15:16:21,100159,pairwise,LinkedCells,1.000000,lc_c08,none,SoA,disabled,3900399,3832323,3803583,3798049,3773971,3792364,3796172,3795249,3816868,3756020,3806499,3806499,10
2025-10-02 15:16:21,100169,pairwise,LinkedCells,1.000000,lc_c08,none,SoA,enabled,3489719,3452713,3456064,3446980,3470343,3436046,3459513,3424427,3462898,3479146,3457784,3457784,10
2025-10-02 15:16:21,100179,pairwise,LinkedCells,1.000000,lc_c18,none,AoS,disabled,2575200,2539729,2534596,2590904,2557285,2542097,2545811,2537178,2597617,2593377,2561378,2561378,10
2025-10-02 15:16:21,100189,pairwise,LinkedCells,1.000000,lc_c18,none,AoS,enabled,2350735,2366022,2365915,2359313,2350307,2343884,2358682,2362795,2358607,2343635,2355989,2355989,10
2025-10-02 15:16:21,100199,pairwise,LinkedCells,1.000000,lc_c18,none,SoA,disabled,3363761,3267635,3231754,3229499,3224179,3207361,3226973,3256909,3245356,3230783,3248420,3248420,10
2025-10-02 15:16:21,100209,pairwise,LinkedCells,1.000000,lc_c18,none,SoA,enabled,3074575,3036145,3070969,3107266,3048012,3043769,3033323,3035952,3038570,3086700,3057528,3057528,10
2025-10-02 15:16:21,100219,pairwise,LinkedCells,1.000000,lc_sliced,none,AoS,disabled,5556219,5550865,5536105,5529508,5074417,5545890,5065824,5351335,5549110,5556395,5431566,5431566,10
2025-10-02 15:16:21,100229,pairwise,LinkedCells,1.000000,lc_sliced,none,AoS,enabled,4070831,4043013,4038446,4036919,4031294,4019776,3916280,3907327,4033859,4028764,4012650,4012650,10
2025-10-02 15:16:21,100239,pairwise,LinkedCells,1.000000,lc_sliced,none,SoA,disabled,4832106,4567296,4449245,4607683,4522200,4496683,4451662,4528408,4556239,4602831,4561434,4561434,10
2025-10-02 15:16:22,100249,pairwise,LinkedCells,1.000000,lc_sliced,none,SoA,enabled,3156720,3144889,3152797,3186090,3136623,3133446,3138942,3172257,3156627,3138153,3151653,3151653,10
2025-10-02 15:16:22,100259,pairwise,LinkedCells,1.000000,lc_sliced_balanced,none,AoS,disabled,5376017,5347398,5317860,5327011,5308391,5302071,5301162,5314536,5298870,5299527,5319283,5319283,10
2025-10-02 15:16:22,100269,pairwise,LinkedCells,1.000000,lc_sliced_balanced,none,AoS,enabled,3910666,3892543,3893519,3890167,3890531,3893059,3889403,3897158,3889444,3908085,3895456,3895456,10
2025-10-02 15:16:22,100279,pairwise,LinkedCells,1.000000,lc_sliced_balanced,none,SoA,disabled,4724669,4512513,4493921,4496009,4483649,4491872,4468197,4485118,4486919,4494830,4513769,4513769,10
2025-10-02 15:16:22,100289,pairwise,LinkedCells,1.000000,lc_sliced_balanced,none,SoA,enabled,3163216,3059653,3044785,3076623,3057528,3048287,3044436,3048033,3079760,3068290,3069060,3069060,10
2025-10-02 15:16:22,100299,pairwise,LinkedCells,1.000000,lc_sliced_balanced,squared-particles-per-cell,AoS,disabled,5733646,5498750,5484555,5461946,5441408,5453724,5459967,5431495,5450371,5455398,5487125,5487125,10
2025-10-02 15:16:22,100309,pairwise,LinkedCells,1.000000,lc_sliced_balanced,squared-particles-per-cell,AoS,enabled,4010975,4003242,3983764,3979709,3983234,3979090,3973294,3977237,3986028,3969122,3984569,3984569,10
2025-10-02 15:16:22,100319,pairwise,LinkedCells,1.000000,lc_sliced_balanced,squared-particles-per-cell,SoA,disabled,10198441,9435329,9393711,9370354,9359738,9494433,9418080,9401041,9484720,9371107,9492695,9492695,10
2025-10-02 15:16:22,100329,pairwise,LinkedCells,1.000000,lc_sliced_balanced,squared-particles-per-cell,SoA,enabled,9014296,8975414,8898797,8971821,8971850,8861525,8879115,8855185,9003368,8924392,8935575,8935575,10
2025-10-02 15:16:22,100339,pairwise,LinkedCells,1.000000,lc_sliced_c02,none,AoS,disabled,5529759,5462082,5069570,5532401,5397297,5071126,5419734,5418809,5518972,5034241,5345398,5345398,10
2025-10-02 15:16:22,100349,pairwise,LinkedCells,1.000000,lc_sliced_c02,none,AoS,enabled,4054267,4047745,3750693,3963877,4026951,4031523,3961650,3957918,3887245,3954508,3963637,3963637,10
2025-10-02 15:16:22,100359,pairwise,LinkedCells,1.000000,lc_sliced_c02,none,SoA,disabled,5426253,4483028,4353403,4568278,4513162,4631854,4546849,4342832,4542910,4590617,4599918,4599918,10
2025-10-02 15:16:22,100369,pairwise,LinkedCells,1.000000,lc_sliced_c02,none,SoA,enabled,3176427,3069016,3007199,3047787,3029699,3047153,3013923,3051449,2987274,3074308,3050423,3050423,10
2025-10-02 15:16:22,100379,pairwise,VerletClusterLists,1.000000,vcl_c01_balanced,none,AoS,disabled,8844159,2578552,2569781,2572750,2580625,2570064,2577769,2572734,2575569,2584053,3202605,3202605,10
2025-10-02 15:16:22,100389,pairwise,VerletClusterLists,1.000000,vcl_c01_balanced,none,SoA,disabled,5053408,997926,999229,997435,995970,992428,990866,992848,987346,990493,1399794,1399794,10
2025-10-02 15:16:22,100399,pairwise,VerletClusterLists,1.000000,vcl_c06,none,AoS,disabled,16471691,11659132,12036543,11907237,11846697,11708487,11572114,11706067,11571424,11739354,12221873,12221873,10
2025-10-02 15:16:22,100409,pairwise,VerletClusterLists,1.000000,vcl_c06,none,AoS,enabled,9470758,6481456,6424390,6392164,6603142,6411647,6423563,6423785,6413894,6657534,6770233,6770233,10
2025-10-02 15:16:23,100419,pairwise,VerletClusterLists,1.000000,vcl_c06,none,SoA,disabled,9142942,5319058,4884307,5202852,4909289,4988494,4759703,4859977,5167864,5062333,5429681,5429681,10
2025-10-02 15:16:23,100429,pairwise,VerletClusterLists,1.000000,vcl_c06,none,SoA,enabled,5563617,2736703,2733865,2742083,2718867,2767556,2726881,2730684,2725679,2719148,3016508,3016508,10
2025-10-02 15:16:23,100439,pairwise,VerletClusterLists,1.000000,vcl_sliced,none,AoS,disabled,22272391,15898498,17843359,17741688,16167188,18454851,18434111,17769717,17806929,18490144,18087886,18087886,10
2025-10-02 15:16:23,100449,pairwise,VerletClusterLists,1.000000,vcl_sliced,none,AoS,enabled,12446398,9765896,8801416,8803655,9743172,9650127,9747919,9715192,9613358,8813551,9710067,9710067,10
2025-10-02 15:16:23,100459,pairwise,VerletClusterLists,1.000000,vcl_sliced,none,SoA,disabled,9925930,5969427,5954609,6006850,5957844,5988941,5949962,5932848,5936156,5948254,6357081,6357081,10
2025-10-02 15:16:23,100469,pairwise,VerletClusterLists,1.000000,vcl_sliced,none,SoA,enabled,5916746,3234352,3232999,3219988,3215279,3531662,3216367,3219525,3214618,3219952,3522148,3522148,10
2025-10-02 15:16:23,100479,pairwise,VerletClusterLists,1.000000,vcl_sliced_balanced,none,AoS,disabled,21520913,17679532,17711907,17812412,17665054,17699884,17653530,17634428,17658361,17627769,18066378,18066378,10
2025-10-02 15:16:23,100489,pairwise,VerletClusterLists,1.000000,vcl_sliced_balanced,none,AoS,enabled,12572228,9855957,9801987,9827478,9839437,9837139,9839372,9828599,9856623,9799228,10105804,10105804,10
2025-10-02 15:16:23,100499,pairwise,VerletClusterLists,1.000000,vcl_sliced_balanced,none,SoA,disabled,9804096,5943175,5934961,5927672,5940100,5945651,5928558,5938933,5931890,5946900,6324192,6324192,10
2025-10-02 15:16:23,100509,pairwise,VerletClusterLists,1.000000,vcl_sliced_balanced,none,SoA,enabled,5799458,3222373,3209401,3207434,3198759,3201353,3196517,3209066,3208229,3201195,3465378,3465378,10
2025-10-02 15:16:24,100519,pairwise,VerletClusterLists,1.000000,vcl_sliced_balanced,neighbor-list-length,AoS,disabled,23847806,18608100,18635024,18550281,18567271,18580037,18595772,18602724,18686455,18595000,19126847,19126847,10
2025-10-02 15:16:24,100529,pairwise,VerletClusterLists,1.000000,vcl_sliced_balanced,neighbor-list-length,AoS,enabled,12967306,10361084,10373398,10381545,10398683,10401889,10363225,10406234,10337201,10357158,10634771,10634771,10
2025-10-02 15:16:24,100539,pairwise,VerletClusterLists,1.000000,vcl_sliced_balanced,neighbor-list-length,SoA,disabled,10226371,6182900,6184765,6189657,6183861,6181948,6182614,6163486,6174584,6172059,6584224,6584224,10
2025-10-02 15:16:24,100549,pairwise,VerletClusterLists,1.000000,vcl_sliced_balanced,neighbor-list-length,SoA,enabled,6187811,3436289,3405960,3411599,3400624,3422728,3407650,3414066,3396723,3401475,3688492,3688492,10
2025-10-02 15:16:24,100559,pairwise,VerletClusterLists,1.000000,vcl_sliced_c02,none,AoS,disabled,26300219,18947192,18861459,18939962,18892454,17582226,18933808,18963740,21197762,21092265,19971108,19971108,10
2025-10-02 15:16:24,100569,pairwise,VerletClusterLists,1.000000,vcl_sliced_c02,none,AoS,enabled,12884508,10886704,10275418,10852982,10328822,10190077,10198453,10853802,10313583,10257734,10704207,10704207,10
2025-10-02 15:16:24,100579,pairwise,VerletClusterLists,1.000000,vcl_sliced_c02,none,SoA,disabled,10716935,6082816,6675895,6081162,6138933,6074056,6680160,6082999,6085797,6083155,6670190,6670190,10
2025-10-02 15:16:24,100589,pairwise,VerletClusterLists,1.000000,vcl_sliced_c02,none,SoA,enabled,6221711,3500953,3660552,3481256,3730690,3484662,3328254,3546805,3334409,3488385,3777767,3777767,10
2025-10-02 15:16:24,100599,pairwise,VerletLists,1.000000,vl_list_iteration,none,AoS,disabled,8775529,924224,909985,914261,909406,904416,910520,905265,902773,905662,1696203,1696203,10
2025-10-02 15:16:24,100609,pairwise,VerletLists,1.000000,vl_list_iteration,none,SoA,disabled,23455231,2359727,2338677,2278961,2259877,2232314,2262769,2201317,2248845,2254530,4389224,4389224,10
2025-10-02 15:16:24,100619,pairwise,VerletListsCells,1.000000,vlc_c01,none,AoS,disabled,25760313,1938323,1928013,1927912,1921116,1930162,1916946,1921811,1927736,1915947,4308827,4308827,10
2025-10-02 15:16:24,100629,pairwise,VerletListsCells,1.000000,vlc_c01,none,SoA,disabled,42266531,3611268,3419009,3521710,3551522,3482368,3541935,3542226,3542380,3526435,7400538,7400538,10
2025-10-02 15:16:24,100639,pairwise,VerletListsCells,1.000000,vlc_c18,none,AoS,disabled,17385420,2129144,2121914,2145878,2113311,2117457,2118424,2124572,2119881,2133051,3650905,3650905,10
2025-10-02 15:16:25,100649,pairwise,VerletListsCells,1.000000,vlc_c18,none,AoS,enabled,15998505,1991562,1992607,1984683,1982615,1981282,1982226,1989093,1981562,2050281,3393441,3393441,10
2025-10-02 15:16:25,100659,pairwise,VerletListsCells,1.000000,vlc_c18,none,SoA,disabled,45404784,4296295,3965329,3800277,3918709,4028619,4037305,3977124,3847802,3786828,8106307,8106307,10
2025-10-02 15:16:25,100669,pairwise,VerletListsCells,1.000000,vlc_c18,none,SoA,enabled,33839477,3708917,3676841,3662026,3621645,3728522,3933356,3821859,3817993,3833868,6764450,6764450,10
2025-10-02 15:16:25,100679,pairwise,VerletListsCells,1.000000,vlc_c08,none,AoS,disabled,13040406,1964702,1943850,1951207,1947225,1936102,1949036,1947239,1938813,1937694,3055626,3055626,10
2025-10-02 15:16:25,100689,pairwise,VerletListsCells,1.000000,vlc_c08,none,AoS,enabled,12637748,1819024,1816040,1811489,1866705,1808118,1880654,1813013,1808296,1807515,2906859,2906859,10
2025-10-02 15:16:25,100699,pairwise,VerletListsCells,1.000000,vlc_c08,none,SoA,disabled,38960206,3979900,3845321,3848125,3704217,3649503,3624923,3667865,3615687,3751057,7264680,7264680,10
2025-10-02 15:16:25,100709,pairwise,VerletListsCells,1.000000,vlc_c08,none,SoA,enabled,32978095,3761565,3802050,3741329,3731108,3736706,3692921,3675782,3648588,3606449,6637459,6637459,10
2025-10-02 15:16:25,100719,pairwise,VerletListsCells,1.000000,vlc_sliced,none,AoS,disabled,19567115,3951011,3686928,3884801,3860029,3629747,3686977,3689873,3866839,3695342,5351866,5351866,10
2025-10-02 15:16:25,100729,pairwise,VerletListsCells,1.000000,vlc_sliced,none,AoS,enabled,16239228,1934355,1977322,1893024,1885096,1874031,1884524,1879211,1961513,1889036,3341733,3341733,10
2025-10-02 15:16:25,100739,pairwise,VerletListsCells,1.000000,vlc_sliced,none,SoA,disabled,46820558,6177974,5896478,5981711,5949465,5845621,5811527,5801441,5823968,5832450,9994118,9994118,10
2025-10-02 15:16:25,100749,pairwise,VerletListsCells,1.000000,vlc_sliced,none,SoA,enabled,33341656,3973342,3803603,3835600,3722403,3876638,3756605,3786145,3717655,3698856,6751249,6751249,10
2025-10-02 15:16:25,100759,pairwise,VerletListsCells,1.000000,vlc_sliced_balanced,none,AoS,disabled,19350723,3744393,3680108,3673967,3675441,3671719,3670095,3677116,3668929,3665672,5247815,5247815,10
2025-10-02 15:16:25,100769,pairwise,VerletListsCells,1.000000,vlc_sliced_balanced,none,AoS,enabled,16164319,1898858,1869268,1872264,1862385,1860323,1860038,1853350,1860442,1862895,3296414,3296414,10
2025-10-02 15:16:25,100779,pairwise,VerletListsCells,1.000000,vlc_sliced_balanced,none,SoA,disabled,46556903,6033452,5883992,5812827,5792196,5792678,5779433,5811389,5820854,5786240,9906995,9906995,10
2025-10-02 15:16:25,100789,pairwise,VerletListsCells,1.000000,vlc_sliced_balanced,none,SoA,enabled,33861585,3918235,3814045,3762681,3738516,3702517,3707504,3774134,3569077,3698650,6754693,6754693,10
2025-10-02 15:16:26,100799,pairwise,VerletListsCells,1.000000,vlc_sliced_balanced,squared-particles-per-cell,AoS,disabled,19079016,4026143,3959506,3925817,3913249,3927340,3917499,3898123,3886416,3896188,5442929,5442929,10
2025-10-02 15:16:26,100809,pairwise,VerletListsCells,1.000000,vlc_sliced_balanced,squared-particles-per-cell,AoS,enabled,16258168,2066503,2016586,2012892,2007118,2005962,2005454,2004441,2002551,2005112,3438478,3438478,10
2025-10-02 15:16:26,100819,pairwise,VerletListsCells,1.000000,vlc_sliced_balanced,squared-particles-per-cell,SoA,disabled,46063611,6140620,6013488,5945118,5968329,5927937,5930506,5932513,5899493,5881822,9970343,9970343,10
2025-10-02 15:16:26,100829,pairwise,VerletListsCells,1.000000,vlc_sliced_balanced,squared-particles-per-cell,SoA,enabled,35062406,4012918,3898565,3903288,3733030,3894716,3882036,3873184,3859329,3863226,6998269,6998269,10
2025-10-02 15:16:26,100839,pairwise,VerletListsCells,1.000000,vlc_sliced_balanced,neighbor-list-length,AoS,disabled,18953383,3947658,3906208,3901171,3913932,3894714,3882487,3891302,3897620,3882907,5407137,5407137,10
2025-10-02 15:16:26,100849,pairwise,VerletListsCells,1.000000,vlc_sliced_balanced,neighbor-list-length,AoS,enabled,16365140,2011491,1992726,1978224,1984271,1988919,1984288,1980690,1987354,1990934,3426403,3426403,10
2025-10-02 15:16:26,100859,pairwise,VerletListsCells,1.000000,vlc_sliced_balanced,neighbor-list-length,SoA,disabled,46405027,6291712,6149852,5991745,6021003,5911298,5924239,5994376,5977810,5986519,10065358,10065358,10
2025-10-02 15:16:26,100869,pairwise,VerletListsCells,1.000000,vlc_sliced_balanced,neighbor-list-length,SoA,enabled,35092683,4094472,3978319,3748245,3714059,3873456,3684558,3708956,3721905,3711227,6932787,6932787,10
2025-10-02 15:16:26,100879,pairwise,VerletListsCells,1.000000,vlc_sliced_c02,none,AoS,disabled,20045974,4620265,4589373,4859037,4856981,4656985,4600941,4827198,4636902,4883030,6257668,6257668,10
2025-10-02 15:16:26,100889,pairwise,VerletListsCells,1.000000,vlc_sliced_c02,none,AoS,enabled,16848043,2546566,2404408,2406808,2531533,2368914,2488676,2503441,2413987,2354089,3886646,3886646,10
2025-10-02 15:16:26,100899,pairwise,VerletListsCells,1.000000,vlc_sliced_c02,none,SoA,disabled,48701835,6914996,6871728,6807704,6539491,6302740,6525313,6769925,6550644,6829905,10881427,10881427,10
2025-10-02 15:16:26,100909,pairwise,VerletListsCells,1.000000,vlc_sliced_c02,none,SoA,enabled,35347706,4302538,4366081,4340547,4170798,4027815,4030745,4255791,3969965,3993129,7280511,7280511,10
2025-10-02 15:16:26,100919,pairwise,PairwiseVerletLists,1.000000,vlp_c01,none,AoS,disabled,22386545,2325595,2300437,2295850,2292715,2301044,2295824,2307809,2305040,2301287,4311214,4311214,10
2025-10-02 15:16:27,100929,pairwise,PairwiseVerletLists,1.000000,vlp_c01,none,SoA,disabled,80330757,5343328,5147272,5108983,5078105,5005745,5023772,5017415,4994046,5031942,12608135,12608135,10
2025-10-02 15:16:27,100939,pairwise,PairwiseVerletLists,1.000000,vlp_c18,none,AoS,disabled,19914970,2564376,2552378,2537821,2534600,2538226,2545658,2536818,2532785,2532474,4279009,4279009,10
2025-10-02 15:16:27,100949,pairwise,PairwiseVerletLists,1.000000,vlp_c18,none,AoS,enabled,20267423,2424219,2344616,2353366,2350501,2347880,2342662,2346102,2342279,2341803,4146084,4146084,10
2025-10-02 15:16:27,100959,pairwise,PairwiseVerletLists,1.000000,vlp_c18,none,SoA,disabled,94316425,5652767,5499537,5510919,5480002,5464309,5465240,5485514,5474773,5468929,14381841,14381841,10
2025-10-02 15:16:27,100969,pairwise,PairwiseVerletLists,1.000000,vlp_c18,none,SoA,enabled,74172726,5234307,5057002,5045864,5038303,5035050,5028450,5014058,5005679,5080923,11971235,11971235,10
2025-10-02 15:16:27,100979,pairwise,PairwiseVerletLists,1.000000,vlp_sliced,none,AoS,disabled,22642370,5359260,5287538,4887786,5251516,5222425,5204718,4992341,5253945,4951430,6905332,6905332,10
2025-10-02 15:16:27,100989,pairwise,PairwiseVerletLists,1.000000,vlp_sliced,none,AoS,enabled,21201516,2865772,2741369,2727572,2803042,2870496,2832658,2923288,2840133,2951777,4675761,4675761,10
2025-10-02 15:16:27,100999,pairwise,PairwiseVerletLists,1.000000,vlp_sliced,none,SoA,disabled,94363965,9720125,9421295,9569413,9603878,9270042,9338540,9383468,9555904,9446849,17967347,17967347,10
2025-10-02 15:16:27,101009,pairwise,PairwiseVerletLists,1.000000,vlp_sliced,none,SoA,enabled,75575366,6866657,6787718,6738629,6841260,6760094,6683060,6684502,6629239,6667414,13623393,13623393,10
2025-10-02 15:16:27,101019,pairwise,PairwiseVerletLists,1.000000,vlp_sliced_balanced,none,AoS,disabled,22863850,5082556,5005296,4995764,4989079,5084513,5043400,5045720,5017081,5058219,6818547,6818547,10
2025-10-02 15:16:28,101029,pairwise,PairwiseVerletLists,1.000000,vlp_sliced_balanced,none,AoS,enabled,21216177,2846042,2820791,3014018,3033247,3036485,3021182,3002106,2995696,3000893,4798663,4798663,10
2025-10-02 15:16:28,101039,pairwise,PairwiseVerletLists,1.000000,vlp_sliced_balanced,none,SoA,disabled,95099311,9542305,9393757,9455155,9447938,9455086,9436689,9429347,9456640,9467124,18018334,18018334,10
2025-10-02 15:16:28,101049,pairwise,PairwiseVerletLists,1.000000,vlp_sliced_balanced,none,SoA,enabled,78644518,6834307,6695145,6704237,6708127,6673805,6643866,6690258,6718104,6685998,13899836,13899836,10
2025-10-02 15:16:28,101059,pairwise,PairwiseVerletLists,1.000000,vlp_sliced_c02,none,AoS,disabled,23975028,6624749,6286984,6571575,6284691,6081102,6288642,6310377,6279945,6304489,8100757,8100757,10
2025-10-02 15:16:28,101069,pairwise,PairwiseVerletLists,1.000000,vlp_sliced_c02,none,AoS,enabled,21886610,3665527,3639304,3473685,3474213,3648817,3535047,3574720,3539460,3661423,5409879,5409879,10
2025-10-02 15:16:28,101079,pairwise,PairwiseVerletLists,1.000000,vlp_sliced_c02,none,SoA,disabled,96334979,11371724,11351529,10895033,11106233,11050579,10991124,11046349,11136876,11311673,19659609,19659609,10
2025-10-02 15:16:28,101089,pairwise,PairwiseVerletLists,1.000000,vlp_sliced_c02,none,SoA,enabled,76452377,8120970,7729260,7875586,7948856,7810300,7824238,7900859,7940652,8051262,14765435,14765435,10
2025-10-02 15:16:28,101099,pairwise,PairwiseVerletLists,1.000000,vlp_c08,none,AoS,disabled,21937835,4239836,4220387,4210540,4211708,4209527,4200325,4206123,4209710,4205864,5985184,5985184,10
2025-10-02 15:16:28,101109,pairwise,PairwiseVerletLists,1.000000,vlp_c08,none,AoS,enabled,21146301,2828989,2791321,2788411,2793682,2790342,2772990,2793611,2778477,2783615,4626773,4626773,10
2025-10-02 15:16:29,101119,pairwise,PairwiseVerletLists,1.000000,vlp_c08,none,SoA,disabled,92771147,7930319,7896038,7883193,7874235,7888378,7905713,7898468,7875345,7865707,16378853,16378853,10
2025-10-02 15:16:29,101129,pairwise,PairwiseVerletLists,1.000000,vlp_c08,none,SoA,enabled,74291904,6173119,6060315,6049072,6067087,6042568,6063375,6045595,6040133,6047802,12888096,12888096,10
2025-10-02 15:18:32,105009,pairwise,LinkedCells,1.000000,lc_c01,none,AoS,disabled,2861807,2801251,2803077,2835145,2804502,2803965,2803079,2839324,2807665,2832625,2819243,2819243,10
2025-10-02 15:18:32,105019,pairwise,LinkedCells,1.000000,lc_c01,none,SoA,disabled,4202649,3448911,3436637,3471208,3438180,3415445,3427536,3440236,3444317,3463466,3518857,3518857,10
2025-10-02 15:18:32,105029,pairwise,LinkedCells,1.000000,lc_c01_combined_SoA,none,SoA,disabled,3409513,3488252,3413960,3338772,3451491,3459281,3409765,3384151,3388908,3306548,3405063,3405063,10
2025-10-02 15:18:32,105039,pairwise,LinkedCells,1.000000,lc_c04,none,AoS,disabled,3302692,3333068,3208822,3231237,3190983,3241251,3187698,3192490,3187567,3183276,3225907,3225907,10
2025-10-02 15:18:32,105049,pairwise,LinkedCells,1.000000,lc_c04,none,AoS,enabled,2445781,2387921,2366763,2396560,2366914,2374644,2410770,2412631,2422496,2373273,2395775,2395775,10
2025-10-02 15:18:32,105059,pairwise,LinkedCells,1.000000,lc_c04,none,SoA,disabled,3160218,3067128,3068137,3068004,3069883,3049950,3043062,3087521,3069518,3071711,3075512,3075512,10
2025-10-02 15:18:32,105069,pairwise,LinkedCells,1.000000,lc_c04,none,SoA,enabled,2384305,2321458,2324979,2326481,2317455,2314758,2308756,2321888,2314751,2323343,2325816,2325816,10
2025-10-02 15:18:32,105079,pairwise,LinkedCells,1.000000,lc_c04_HCP,none,AoS,disabled,1679763,1600176,1606811,1604083,1605877,1618558,1601774,1600624,1608020,1609175,1613486,1613486,10
2025-10-02 15:18:32,105089,pairwise,LinkedCells,1.000000,lc_c04_HCP,none,AoS,enabled,1275168,1274600,1286394,1294465,1273987,1287735,1286669,1292284,1287309,1275500,1283411,1283411,10
2025-10-02 15:18:32,105099,pairwise,LinkedCells,1.000000,lc_c04_HCP,none,SoA,disabled,2873196,2763564,2757478,2785880,2781073,2768806,2772166,2783169,2777753,2755407,2781848,2781848,10
2025-10-02 15:18:32,105109,pairwise,LinkedCells,1.000000,lc_c04_HCP,none,SoA,enabled,2571269,2544940,2569041,2559390,2545602,2539389,2544983,2558394,2561571,2558518,2555309,2555309,10
2025-10-02 15:18:32,105119,pairwise,LinkedCells,1.000000,lc_c04_combined_SoA,none,SoA,disabled,3505804,3439627,3422601,3411538,3421632,3403595,3426559,3457218,3403456,3398626,3429065,3429065,10
2025-10-02 15:18:32,105129,pairwise,LinkedCells,1.000000,lc_c04_combined_SoA,none,SoA,enabled,3134506,3071147,3063095,3097134,3145941,3136933,3092331,3125214,3111964,3097766,3107602,3107602,10
2025-10-02 15:18:32,105139,pairwise,LinkedCells,1.000000,lc_c08,none,AoS,disabled,2444940,2407274,2399060,2394345,2413245,2417577,2417656,2416496,2397913,2426013,2413451,2413451,10
2025-10-02 15:18:32,105149,pairwise,LinkedCells,1.000000,lc_c08,none,AoS,enabled,2221011,2220666,2267000,2206247,2228153,2219300,2215833,2216830,2218105,2234838,2224798,2224798,10
2025-10-02 15:18:32,105159,pairwise,LinkedCells,1.000000,lc_c08,none,SoA,disabled,3924313,3792129,3779461,3777824,3825976,3791617,3786238,3786523,3766864,3766386,3799732,3799732,10
2025-10-02 15:18:32,105169,pairwise,LinkedCells,1.000000,lc_c08,none,SoA,enabled,3589498,3534978,3444817,3494432,3467206,3467902,3446600,3443833,3455478,3465325,3481006,3481006,10
2025-10-02 15:18:33,105179,pairwise,LinkedCells,1.000000,lc_c18,none,AoS,disabled,2547026,2514590,2567166,2533940,2521045,2522533,2523407,2528003,2566081,2534632,2535841,2535841,10
2025-10-02 15:18:33,105189,pairwise,LinkedCells,1.000000,lc_c18,none,AoS,enabled,2345009,2360248,2381528,2351203,2329611,2346287,2344559,2339395,2400435,2333077,2353135,2353135,10
2025-10-02 15:18:33,105199,pairwise,LinkedCells,1.000000,lc_c18,none,SoA,disabled,3318547,3239451,3221555,3259392,3205947,3208223,3218671,3220215,3225533,3213397,3233092,3233092,10
2025-10-02 15:18:33,105209,pairwise,LinkedCells,1.000000,lc_c18,none,SoA,enabled,3105239,3013395,3014430,3024840,3038584,3035561,3023483,3015997,3021546,3032328,3032539,3032539,10
2025-10-02 15:18:33,105219,pairwise,LinkedCells,1.000000,lc_sliced,none,AoS,disabled,4995245,4947085,5156731,5167456,5189276,4963561,4957790,4522637,4967373,4955692,4982284,4982284,10
2025-10-02 15:18:33,105229,pairwise,LinkedCells,1.000000,lc_sliced,none,AoS,enabled,3400902,3803715,3658550,3787940,3647616,3688298,3652602,3816649,3808371,3640828,3690546,3690546,10
2025-10-02 15:18:33,105239,pairwise,LinkedCells,1.000000,lc_sliced,none,SoA,disabled,4462123,4319229,4257559,4242858,4363785,4193944,4361206,4205393,4212274,4469035,4308740,4308740,10
2025-10-02 15:18:33,105249,pairwise,LinkedCells,1.000000,lc_sliced,none,SoA,enabled,3001699,2943839,2949309,2936679,3015928,2946047,3012078,2938177,2963060,2937505,2964431,2964431,10
2025-10-02 15:18:33,105259,pairwise,LinkedCells,1.000000,lc_sliced_balanced,none,AoS,disabled,4984873,4982102,4979287,4976141,4974661,4972735,4981352,4972313,4933996,4945270,4970272,4970272,10
2025-10-02 15:18:33,105269,pairwise,LinkedCells,1.000000,lc_sliced_balanced,none,AoS,enabled,3647124,3640441,3618505,3612303,3628194,3625952,3627392,3624139,3625613,3618843,3626850,3626850,10
2025-10-02 15:18:33,105279,pairwise,LinkedCells,1.000000,lc_sliced_balanced,none,SoA,disabled,4400201,4210433,4189573,4185824,4186455,4182859,4174478,4189837,4176454,4192982,4208909,4208909,10
2025-10-02 15:18:33,105289,pairwise,LinkedCells,1.000000,lc_sliced_balanced,none,SoA,enabled,2963742,2897198,2886753,2890965,2883901,2879681,2867619,2911721,2882534,2898037,2896215,2896215,10
2025-10-02 15:18:33,105299,pairwise,LinkedCells,1.000000,lc_sliced_balanced,squared-particles-per-cell,AoS,disabled,5313982,5030688,5005450,4978093,4992573,5002178,4985489,4996799,4980913,4994699,5028086,5028086,10
2025-10-02 15:18:33,105309,pairwise,LinkedCells,1.000000,lc_sliced_balanced,squared-particles-per-cell,AoS,enabled,4045879,3927804,3860262,3873592,3842395,3877615,3850226,3883671,3865025,3869476,3889594,3889594,10
2025-10-02 15:18:33,105319,pairwise,LinkedCells,1.000000,lc_sliced_balanced,squared-particles-per-cell,SoA,disabled,10696387,10149972,10121883,10011739,10028099,10034676,10075006,10082406,10014582,10054212,10126895,10126895,10
2025-10-02 15:18:33,105329,pairwise,LinkedCells,1.000000,lc_sliced_balanced,squared-particles-per-cell,SoA,enabled,9652576,9595333,9606651,9598559,9594550,9542695,9498806,9424381,9383603,9379631,9527678,9527678,10
2025-10-02 15:18:33,105339,pairwise,LinkedCells,1.000000,lc_sliced_c02,none,AoS,disabled,5167636,5223252,4975507,5182095,4961976,4653513,5194224,4947607,5172883,5164178,5064286,5064286,10
2025-10-02 15:18:33,105349,pairwise,LinkedCells,1.000000,lc_sliced_c02,none,AoS,enabled,3659272,3800226,3786944,3642015,3573255,3659253,3788909,3630427,3784552,3789761,3711461,3711461,10
2025-10-02 15:18:33,105359,pairwise,LinkedCells,1.000000,lc_sliced_c02,none,SoA,disabled,5186822,4486978,4262544,4288391,4357584,4400185,4267935,4116470,4282863,4415606,4406537,4406537,10
2025-10-02 15:18:34,105369,pairwise,LinkedCells,1.000000,lc_sliced_c02,none,SoA,enabled,3081094,2904062,2950724,2953718,2940421,2938624,2903847,2866084,2933585,2920706,2939286,2939286,10
2025-10-02 15:18:34,105379,pairwise,VerletClusterLists,1.000000,vcl_c01_balanced,none,AoS,disabled,9013857,2579121,2588516,2566204,2568877,2571814,2588674,2569503,2575781,2573716,3219605,3219605,10
2025-10-02 15:18:34,105389,pairwise,VerletClusterLists,1.000000,vcl_c01_balanced,none,SoA,disabled,5465172,979163,975925,978914,973162,975388,968982,972339,966001,971839,1422687,1422687,10
2025-10-02 15:18:34,105399,pairwise,VerletClusterLists,1.000000,vcl_c06,none,AoS,disabled,15951452,12354716,11690075,12030425,12953481,11710083,12384064,12150243,11716106,11719279,12465992,12465992,10
2025-10-02 15:18:34,105409,pairwise,VerletClusterLists,1.000000,vcl_c06,none,AoS,enabled,8716529,6148219,6105857,6112570,6355267,6098377,6712507,6323995,6114113,6118726,6480615,6480615,10
2025-10-02 15:18:34,105419,pairwise,VerletClusterLists,1.000000,vcl_c06,none,SoA,disabled,9264990,5245926,5414099,5050592,4912913,4970125,4923495,4895437,4909896,5128024,5471549,5471549,10
2025-10-02 15:18:34,105429,pairwise,VerletClusterLists,1.000000,vcl_c06,none,SoA,enabled,5224213,2605965,2659994,2651811,2603897,2605286,2635087,2630618,2584964,2669226,2887105,2887105,10
2025-10-02 15:18:34,105439,pairwise,VerletClusterLists,1.000000,vcl_sliced,none,AoS,disabled,21683777,17934227,15752576,15769077,17885497,15753988,17935049,15736513,17381923,21288744,17712136,17712136,10
2025-10-02 15:18:34,105449,pairwise,VerletClusterLists,1.000000,vcl_sliced,none,AoS,enabled,11961429,9393558,9543018,9510271,9417825,9481674,9457752,9459256,9517717,9416793,9715929,9715929,10
2025-10-02 15:18:34,105459,pairwise,VerletClusterLists,1.000000,vcl_sliced,none,SoA,disabled,10210255,5797071,5786018,5825346,5789791,5768240,5794891,5765581,5786613,5837168,6236097,6236097,10
2025-10-02 15:18:34,105469,pairwise,VerletClusterLists,1.000000,vcl_sliced,none,SoA,enabled,5773266,3173239,3163588,3155895,3149451,3142662,3146816,3141994,3138141,3134082,3411912,3411912,10
2025-10-02 15:18:34,105479,pairwise,VerletClusterLists,1.000000,vcl_sliced_balanced,none,AoS,disabled,21483693,17227099,17488513,17279657,17251075,17267599,17276570,17322566,17275518,17256568,17712885,17712885,10
2025-10-02 15:18:35,105489,pairwise,VerletClusterLists,1.000000,vcl_sliced_balanced,none,AoS,enabled,12005332,9517843,9527956,9493426,9536558,9544535,9508574,9527063,9551475,9536790,9774954,9774954,10
2025-10-02 15:18:35,105499,pairwise,VerletClusterLists,1.000000,vcl_sliced_balanced,none,SoA,disabled,10241340,5780504,5781430,5772104,5773768,5784306,5773032,5781784,5770734,5762719,6222171,6222171,10
2025-10-02 15:18:35,105509,pairwise,VerletClusterLists,1.000000,vcl_sliced_balanced,none,SoA,enabled,5663489,3133363,3132749,3130452,3123884,3125139,3127168,3115549,3116804,3117260,3378585,3378585,10
2025-10-02 15:18:35,105519,pairwise,VerletClusterLists,1.000000,vcl_sliced_balanced,neighbor-list-length,AoS,disabled,23713683,18083546,18176050,18047987,18067407,18061510,18049762,18150895,18069025,18193620,18661348,18661348,10
2025-10-02 15:18:35,105529,pairwise,VerletClusterLists,1.000000,vcl_sliced_balanced,neighbor-list-length,AoS,enabled,12781032,10127383,10131544,10158945,10117164,10159464,10125864,10118051,10101826,10120403,10394167,10394167,10
2025-10-02 15:18:35,105539,pairwise,VerletClusterLists,1.000000,vcl_sliced_balanced,neighbor-list-length,SoA,disabled,10337523,5973373,5990433,5967842,5976011,5980841,5972171,5979394,5973871,5971658,6412311,6412311,10
2025-10-02 15:18:35,105549,pairwise,VerletClusterLists,1.000000,vcl_sliced_balanced,neighbor-list-length,SoA,enabled,5842188,3276170,3280202,3264239,3271549,3274090,3272324,3275455,3261816,3267903,3528593,3528593,10
2025-10-02 15:18:35,105559,pairwise,VerletClusterLists,1.000000,vcl_sliced_c02,none,AoS,disabled,23577863,18009750,21345820,17981497,17967350,21456571,18077066,21404403,21519811,18039546,19937966,19937966,10
2025-10-02 15:18:35,105569,pairwise,VerletClusterLists,1.000000,vcl_sliced_c02,none,AoS,enabled,11905756,9521775,9410517,10551914,10534850,9285393,10651700,10633829,9444165,10535521,10247542,10247542,10
2025-10-02 15:18:35,105579,pairwise,VerletClusterLists,1.000000,vcl_sliced_c02,none,SoA,disabled,11134776,6244616,6833855,6786004,6929786,6829529,6752322,6260003,6834046,6232853,7083778,7083778,10
2025-10-02 15:18:35,105589,pairwise,VerletClusterLists,1.000000,vcl_sliced_c02,none,SoA,enabled,6047460,3182784,3246181,3198173,3607598,3247715,3558286,3252211,3231724,3569954,3614208,3614208,10
2025-10-02 15:18:35,105599,pairwise,VerletLists,1.000000,vl_list_iteration,none,AoS,disabled,8910894,940988,911094,910185,899235,908417,921986,913130,898267,900700,1711488,1711488,10
2025-10-02 15:18:36,105609,pairwise,VerletLists,1.000000,vl_list_iteration,none,SoA,disabled,23078490,2346299,2247824,2257263,2235459,2248529,2231833,2212623,2214973,2205548,4327883,4327883,10
2025-10-02 15:18:36,105619,pairwise,VerletListsCells,1.000000,vlc_c01,none,AoS,disabled,25684774,1946146,1978471,1943487,1927108,1924274,1937102,1972116,1929954,1948144,4319157,4319157,10
2025-10-02 15:18:36,105629,pairwise,VerletListsCells,1.000000,vlc_c01,none,SoA,disabled,42074046,3729897,3569089,3548977,3533013,3519565,3507094,3500921,3413373,3310402,7370637,7370637,10
2025-10-02 15:18:36,105639,pairwise,VerletListsCells,1.000000,vlc_c18,none,AoS,disabled,17487276,2136341,2132406,2157456,2133092,2115035,2112054,2118996,2113557,2110417,3661662,3661662,10
2025-10-02 15:18:36,105649,pairwise,VerletListsCells,1.000000,vlc_c18,none,AoS,enabled,15964460,1986150,1985512,1978893,1985587,1989236,1991770,1983670,1983124,1991147,3383954,3383954,10
2025-10-02 15:18:36,105659,pairwise,VerletListsCells,1.000000,vlc_c18,none,SoA,disabled,45153710,4214298,4053574,3922220,3814124,3837001,3877439,3807430,3944614,4044162,8066856,8066856,10
2025-10-02 15:18:36,105669,pairwise,VerletListsCells,1.000000,vlc_c18,none,SoA,enabled,33764063,3759801,3707656,3734895,3796886,3815735,3789274,3774163,3800032,3805308,6774781,6774781,10
2025-10-02 15:18:36,105679,pairwise,VerletListsCells,1.000000,vlc_c08,none,AoS,disabled,12939650,1946214,1940565,1941142,1932836,1940486,1983038,1932350,1936267,1925058,3041760,3041760,10
2025-10-02 15:18:36,105689,pairwise,VerletListsCells,1.000000,vlc_c08,none,AoS,enabled,12633888,1823171,1815125,1818109,1807202,1810164,1809460,1816080,1809381,1803447,2894601,2894601,10
2025-10-02 15:18:36,105699,pairwise,VerletListsCells,1.000000,vlc_c08,none,SoA,disabled,38059738,3748817,3649959,3640174,3747639,3837789,3835897,3805076,3815358,3683610,7182405,7182405,10
2025-10-02 15:18:36,105709,pairwise,VerletListsCells,1.000000,vlc_c08,none,SoA,enabled,32314219,3625306,3650189,3692921,3707590,3690765,3695159,3679606,3666749,3644354,6536685,6536685,10
2025-10-02 15:18:36,105719,pairwise,VerletListsCells,1.000000,vlc_sliced,none,AoS,disabled,19114541,3353446,3561521,3403842,3561333,3549682,3389421,3521413,3364886,3314643,5013472,5013472,10
2025-10-02 15:18:36,105729,pairwise,VerletListsCells,1.000000,vlc_sliced,none,AoS,enabled,16081755,1842786,1743504,1748252,1691207,1738020,1695995,1803997,1802169,1721267,3186895,3186895,10
2025-10-02 15:18:36,105739,pairwise,VerletListsCells,1.000000,vlc_sliced,none,SoA,disabled,46148362,5747563,5537360,5583498,5512869,5560529,5490311,5506045,5594371,5539719,9622062,9622062,10
2025-10-02 15:18:36,105749,pairwise,VerletListsCells,1.000000,vlc_sliced,none,SoA,enabled,33285961,3741472,3718085,3645392,3593349,3586601,3625563,3712081,3524061,3643072,6607563,6607563,10
2025-10-02 15:18:36,105759,pairwise,VerletListsCells,1.000000,vlc_sliced_balanced,none,AoS,disabled,18885034,3410086,3370044,3366035,3368817,3365190,3366336,3362473,3352619,3346678,4919330,4919330,10
2025-10-02 15:18:37,105769,pairwise,VerletListsCells,1.000000,vlc_sliced_balanced,none,AoS,enabled,15879250,1745206,1719590,1705348,1713282,1713819,1711640,1705048,1703411,1709400,3130598,3130598,10
2025-10-02 15:18:37,105779,pairwise,VerletListsCells,1.000000,vlc_sliced_balanced,none,SoA,disabled,45964625,5788352,5588402,5511417,5512883,5472724,5450534,5495639,5464689,5491726,9574098,9574098,10
2025-10-02 15:18:37,105789,pairwise,VerletListsCells,1.000000,vlc_sliced_balanced,none,SoA,enabled,33592245,3692497,3635025,3598125,3600825,3622411,3620789,3614703,3632749,3653142,6626250,6626250,10
2025-10-02 15:18:37,105799,pairwise,VerletListsCells,1.000000,vlc_sliced_balanced,squared-particles-per-cell,AoS,disabled,18805514,3688335,3623783,3595303,3582350,3571712,3562931,3561820,3559273,3561896,5111291,5111291,10
2025-10-02 15:18:37,105809,pairwise,VerletListsCells,1.000000,vlc_sliced_balanced,squared-particles-per-cell,AoS,enabled,16089749,1892778,1859650,1845527,1841966,1843649,1838303,1836740,1835386,1841108,3272485,3272485,10
2025-10-02 15:18:37,105819,pairwise,VerletListsCells,1.000000,vlc_sliced_balanced,squared-particles-per-cell,SoA,disabled,45503113,5774367,5581061,5599480,5580571,5567479,5591203,5573474,5577122,5553963,9590182,9590182,10
2025-10-02 15:18:37,105829,pairwise,VerletListsCells,1.000000,vlc_sliced_balanced,squared-particles-per-cell,SoA,enabled,34655322,3644527,3586404,3614977,3623454,3686665,3698169,3695776,3712593,3743735,6766161,6766161,10
2025-10-02 15:18:37,105839,pairwise,VerletListsCells,1.000000,vlc_sliced_balanced,neighbor-list-length,AoS,disabled,18474420,3636890,3597180,3601329,3586854,3571591,3565007,3568123,3568301,3564952,5073464,5073464,10
2025-10-02 15:18:37,105849,pairwise,VerletListsCells,1.000000,vlc_sliced_balanced,neighbor-list-length,AoS,enabled,16145292,1859173,1831547,1831179,1823069,1824803,1825135,1821090,1827239,1838502,3262702,3262702,10
2025-10-02 15:18:37,105859,pairwise,VerletListsCells,1.000000,vlc_sliced_balanced,neighbor-list-length,SoA,disabled,45826753,5984849,5738636,5703618,5688519,5516953,5505367,5514355,5620576,5466759,9656637,9656637,10
2025-10-02 15:18:37,105869,pairwise,VerletListsCells,1.000000,vlc_sliced_balanced,neighbor-list-length,SoA,enabled,34856016,3901660,3757967,3738453,3537230,3540632,3819774,3533619,3515849,3511424,6771262,6771262,10
2025-10-02 15:18:37,105879,pairwise,VerletListsCells,1.000000,vlc_sliced_c02,none,AoS,disabled,19657883,4478258,4406321,4383036,4227141,4025160,4225636,3987145,4422217,4219455,5803224,5803224,10
2025-10-02 15:18:37,105889,pairwise,VerletListsCells,1.000000,vlc_sliced_c02,none,AoS,enabled,16377700,2249047,2283937,2297406,2272594,2257706,2224875,2239259,2261953,2191213,3665569,3665569,10
2025-10-02 15:18:37,105899,pairwise,VerletListsCells,1.000000,vlc_sliced_c02,none,SoA,disabled,46676082,6766113,6175201,6191676,6185562,6139519,6250076,6145153,6269748,6041119,10284024,10284024,10
2025-10-02 15:18:38,105909,pairwise,VerletListsCells,1.000000,vlc_sliced_c02,none,SoA,enabled,34562920,4257424,4182104,3967373,4139900,4141965,3880256,4113049,3890393,3950725,7108610,7108610,10
2025-10-02 15:18:38,105919,pairwise,PairwiseVerletLists,1.000000,vlp_c01,none,AoS,disabled,23665775,2321783,2322933,2304618,2290922,2291253,2292631,2286764,2297829,2294567,4436906,4436906,10
2025-10-02 15:18:38,105929,pairwise,PairwiseVerletLists,1.000000,vlp_c01,none,SoA,disabled,80531391,5262322,5054200,4989075,4981181,4971641,4969721,4971558,4953737,4958724,12564354,12564354,10
2025-10-02 15:18:38,105939,pairwise,PairwiseVerletLists,1.000000,vlp_c18,none,AoS,disabled,20068766,2567059,2549355,2552967,2559595,2535886,2531504,2542328,2530846,2521343,4295964,4295964,10
2025-10-02 15:18:38,105949,pairwise,PairwiseVerletLists,1.000000,vlp_c18,none,AoS,enabled,20286761,2371067,2342023,2345837,2349052,2346488,2349132,2345406,2345509,2336868,4141814,4141814,10
2025-10-02 15:18:38,105959,pairwise,PairwiseVerletLists,1.000000,vlp_c18,none,SoA,disabled,92609350,5625092,5482962,5459361,5467375,5419178,5414771,5470911,5464530,5449277,14186280,14186280,10
2025-10-02 15:18:38,105969,pairwise,PairwiseVerletLists,1.000000,vlp_c18,none,SoA,enabled,73039172,5205592,5021409,4988894,5010643,4977336,4965778,4987649,4969992,4972404,11813886,11813886,10
2025-10-02 15:18:38,105979,pairwise,PairwiseVerletLists,1.000000,vlp_sliced,none,AoS,disabled,22798124,4607280,4475756,4859966,4522052,4623989,4628098,4855867,4605288,4602038,6457845,6457845,10
2025-10-02 15:18:38,105989,pairwise,PairwiseVerletLists,1.000000,vlp_sliced,none,AoS,enabled,20965904,2681191,2671290,2612906,2780448,2792786,2684869,2766342,2773835,2761969,4549153,4549153,10
2025-10-02 15:18:38,105999,pairwise,PairwiseVerletLists,1.000000,vlp_sliced,none,SoA,disabled,92202721,8919635,8748005,8672958,8942832,9055710,8721000,8654772,8671917,8879549,17146909,17146909,10
2025-10-02 15:18:39,106009,pairwise,PairwiseVerletLists,1.000000,vlp_sliced,none,SoA,enabled,73937291,6733820,6409575,6520809,6573951,6545669,6470939,6585493,6631681,6280687,13268991,13268991,10
2025-10-02 15:18:39,106019,pairwise,PairwiseVerletLists,1.000000,vlp_sliced_balanced,none,AoS,disabled,22479358,4674457,4606491,4580780,4555796,4557152,4562780,4546327,4597516,4567879,6372853,6372853,10
2025-10-02 15:18:39,106029,pairwise,PairwiseVerletLists,1.000000,vlp_sliced_balanced,none,AoS,enabled,21016800,2721252,2687551,2645228,2630134,2671692,2657082,2649783,2666563,2655719,4500180,4500180,10
2025-10-02 15:18:39,106039,pairwise,PairwiseVerletLists,1.000000,vlp_sliced_balanced,none,SoA,disabled,96231672,9050103,8672387,8691853,8685907,8711894,8700440,8745642,8777509,8760289,17502768,17502768,10
2025-10-02 15:18:39,106049,pairwise,PairwiseVerletLists,1.000000,vlp_sliced_balanced,none,SoA,enabled,75368822,6555201,6391980,6392542,6355640,6404165,6385665,6451600,6346790,6303705,13295610,13295610,10
2025-10-02 15:18:39,106059,pairwise,PairwiseVerletLists,1.000000,vlp_sliced_c02,none,AoS,disabled,23791556,5887834,6041735,5751944,5768597,5787684,5794951,5728166,5720985,5733340,7600678,7600678,10
2025-10-02 15:18:39,106069,pairwise,PairwiseVerletLists,1.000000,vlp_sliced_c02,none,AoS,enabled,21542646,3468328,3436634,3437881,3404363,3452747,3423497,3419475,3425307,3431837,5244271,5244271,10
2025-10-02 15:18:39,106079,pairwise,PairwiseVerletLists,1.000000,vlp_sliced_c02,none,SoA,disabled,92790994,10293048,10221982,10133022,10159922,10318774,10387090,10439425,10385734,10490735,18562072,18562072,10
2025-10-02 15:18:39,106089,pairwise,PairwiseVerletLists,1.000000,vlp_sliced_c02,none,SoA,enabled,74813431,7550094,7286357,7198790,7414428,7248862,7182245,7468366,7269492,7294607,14072666,14072666,10
2025-10-02 15:18:40,106099,pairwise,PairwiseVerletLists,1.000000,vlp_c08,none,AoS,disabled,21972069,4249366,4219079,4209275,4211330,4222834,4221425,4222754,4212332,4214497,5995495,5995495,10
2025-10-02 15:18:40,106109,pairwise,PairwiseVerletLists,1.000000,vlp_c08,none,AoS,enabled,21183022,2829139,2789898,2787045,2783573,2785105,2789364,2778122,2770599,2778246,4627411,4627411,10
2025-10-02 15:18:40,106119,pairwise,PairwiseVerletLists,1.000000,vlp_c08,none,SoA,disabled,90573781,7901794,7882506,7873193,7856704,7858224,7873690,7870730,7852109,7860436,16140316,16140316,10
2025-10-02 15:18:40,106129,pairwise,PairwiseVerletLists,1.000000,vlp_c08,none,SoA,enabled,73476341,6150258,6063170,6039820,6045707,6045959,6040885,6038323,6041252,6047627,12798934,12798934,10
2025-10-02 15:20:39,110009,pairwise,LinkedCells,1.000000,lc_c01,none,AoS,disabled,2818873,2767944,2800470,2757774,2787996,2768341,2806040,2758957,2792719,2789570,2784868,2784868,10
2025-10-02 15:20:39,110019,pairwise,LinkedCells,1.000000,lc_c01,none,SoA,disabled,4181593,3467703,3450561,3449463,3425024,3478181,3420560,3434760,3428014,3567448,3530330,3530330,10
2025-10-02 15:20:39,110029,pairwise,LinkedCells,1.000000,lc_c01_combined_SoA,none,SoA,disabled,3435965,3442251,3374414,3494466,3630842,3490819,3405089,3418344,3411099,3431250,3453453,3453453,10
2025-10-02 15:20:39,110039,pairwise,LinkedCells,1.000000,lc_c04,none,AoS,disabled,3081473,2980368,2989365,2989872,3021126,2945601,3051573,2959663,3136928,2990270,3014623,3014623,10
2025-10-02 15:20:39,110049,pairwise,LinkedCells,1.000000,lc_c04,none,AoS,enabled,2242249,2214592,2218502,2238280,2223175,2203270,2210915,2188208,2308581,2244788,2229255,2229255,10
2025-10-02 15:20:39,110059,pairwise,LinkedCells,1.000000,lc_c04,none,SoA,disabled,3025794,2937716,2926876,2909108,2918281,2955718,2921033,2911875,2916804,2903914,2932711,2932711,10
2025-10-02 15:20:39,110069,pairwise,LinkedCells,1.000000,lc_c04,none,SoA,enabled,2355906,2287257,2282326,2289921,2290700,2295629,2274664,2268469,2282171,2281048,2290809,2290809,10
2025-10-02 15:20:40,110079,pairwise,LinkedCells,1.000000,lc_c04_HCP,none,AoS,disabled,1676428,1600528,1599380,1596598,1597835,1611551,1606834,1592831,1600529,1592157,1607466,1607466,10
2025-10-02 15:20:40,110089,pairwise,LinkedCells,1.000000,lc_c04_HCP,none,AoS,enabled,1263102,1260120,1258934,1253777,1269112,1264659,1259609,1260742,1283992,1279479,1265352,1265352,10
2025-10-02 15:20:40,110099,pairwise,LinkedCells,1.000000,lc_c04_HCP,none,SoA,disabled,2874857,2810419,2765183,2771107,2760112,2768642,2753269,2775504,2776894,2745212,2780119,2780119,10
2025-10-02 15:20:40,110109,pairwise,LinkedCells,1.000000,lc_c04_HCP,none,SoA,enabled,2577442,2557268,2550700,2550778,2528774,2531008,2537652,2555156,2560792,2550113,2549967,2549967,10
2025-10-02 15:20:40,110119,pairwise,LinkedCells,1.000000,lc_c04_combined_SoA,none,SoA,disabled,3499742,3461322,3527035,3445268,3430842,3441873,3452506,3427572,3420677,3439695,3454652,3454652,10
2025-10-02 15:20:40,110129,pairwise,LinkedCells,1.000000,lc_c04_combined_SoA,none,SoA,enabled,3170731,3090058,3075494,3121421,3057246,3080755,3066267,3050960,3089365,3149317,3095160,3095160,10
2025-10-02 15:20:40,110139,pairwise,LinkedCells,1.000000,lc_c08,none,AoS,disabled,2470240,2425054,2412273,2377576,2370147,2369475,2368587,2376769,2366751,2375005,2391187,2391187,10
2025-10-02 15:20:40,110149,pairwise,LinkedCells,1.000000,lc_c08,none,AoS,enabled,2192496,2178206,2176711,2234763,2178329,2186279,2181561,2195016,2191405,2196141,2191090,2191090,10
2025-10-02 15:20:40,110159,pairwise,LinkedCells,1.000000,lc_c08,none,SoA,disabled,3874559,3781623,3764226,3789025,3808273,3781955,3782596,3787512,3774185,3769203,3791315,3791315,10
2025-10-02 15:20:40,110169,pairwise,LinkedCells,1.000000,lc_c08,none,SoA,enabled,3579767,3567496,3544156,3541419,3561415,3532455,3558414,3521076,3466507,3448963,3532166,3532166,10
2025-10-02 15:20:40,110179,pairwise,LinkedCells,1.000000,lc_c18,none,AoS,disabled,2502147,2481826,2492063,2539915,2496533,2526785,2505000,2501543,2490277,2502762,2503884,2503884,10
2025-10-02 15:20:40,110189,pairwise,LinkedCells,1.000000,lc_c18,none,AoS,enabled,2331543,2320477,2315422,2305687,2326664,2356008,2335828,2329153,2333950,2369280,2332400,2332400,10
2025-10-02 15:20:40,110199,pairwise,LinkedCells,1.000000,lc_c18,none,SoA,disabled,3379793,3224235,3216889,3241911,3218992,3191780,3198820,3222690,3220773,3197373,3231325,3231325,10
2025-10-02 15:20:40,110209,pairwise,LinkedCells,1.000000,lc_c18,none,SoA,enabled,3080989,3016191,3009275,3008488,3078133,3016742,3022755,3014973,3028244,3028969,3030475,3030475,10
2025-10-02 15:20:40,110219,pairwise,LinkedCells,1.000000,lc_sliced,none,AoS,disabled,4319538,4661549,4247484,4544783,4412687,4263564,4622102,4410681,4624412,4300210,4440700,4440700,10
2025-10-02 15:20:40,110229,pairwise,LinkedCells,1.000000,lc_sliced,none,AoS,enabled,3346430,3392792,3349499,3244685,3341611,3391076,3348528,3390181,3354027,2958187,3311700,3311700,10
2025-10-02 15:20:40,110239,pairwise,LinkedCells,1.000000,lc_sliced,none,SoA,disabled,4317297,4093111,4083847,4020448,3949414,4060471,4068069,3960777,4062233,4001460,4061712,4061712,10
2025-10-02 15:20:40,110249,pairwise,LinkedCells,1.000000,lc_sliced,none,SoA,enabled,2927935,2832902,2866347,2837973,2869816,2861029,2871698,2838843,2883838,2859405,2864978,2864978,10
2025-10-02 15:20:40,110259,pairwise,LinkedCells,1.000000,lc_sliced_balanced,none,AoS,disabled,4587188,4546096,4540370,4539982,4544775,4554007,4578629,4572147,4575475,4565862,4560452,4560452,10
2025-10-02 15:20:40,110269,pairwise,LinkedCells,1.000000,lc_sliced_balanced,none,AoS,enabled,3374074,3357653,3354004,3358798,3370531,3373017,3370603,3357005,3365885,3368395,3364995,3364995,10
2025-10-02 15:20:40,110279,pairwise,LinkedCells,1.000000,lc_sliced_balanced,none,SoA,disabled,4153333,4002190,3997526,3989706,3977880,3979986,3982096,3978197,3976325,3977058,4001429,4001429,10
2025-10-02 15:20:40,110289,pairwise,LinkedCells,1.000000,lc_sliced_balanced,none,SoA,enabled,2894741,2843766,2833726,2820020,2810748,2807790,2800606,2814577,2820592,2838376,2828493,2828493,10
2025-10-02 15:20:40,110299,pairwise,LinkedCells,1.000000,lc_sliced_balanced,squared-particles-per-cell,AoS,disabled,5183431,4627610,4613794,4581610,4600079,4584579,4593107,4577616,4586445,4573226,4652149,4652149,10
2025-10-02 15:20:40,110309,pairwise,LinkedCells,1.000000,lc_sliced_balanced,squared-particles-per-cell,AoS,enabled,4001773,3837896,3841022,3799339,3811463,3791840,3827924,3806969,3771793,3808512,3829852,3829852,10
2025-10-02 15:20:41,110319,pairwise,LinkedCells,1.000000,lc_sliced_balanced,squared-particles-per-cell,SoA,disabled,10950469,10151084,10094378,9988251,10099321,10095996,10133258,10085348,10097934,10106870,10180290,10180290,10
2025-10-02 15:20:41,110329,pairwise,LinkedCells,1.000000,lc_sliced_balanced,squared-particles-per-cell,SoA,enabled,9473031,9431216,9469452,9470050,9424098,9477851,9472402,9497346,9423715,9522132,9466128,9466128,10
2025-10-02 15:20:41,110339,pairwise,LinkedCells,1.000000,lc_sliced_c02,none,AoS,disabled,4501024,4591236,4649842,4554017,4640340,4572861,4563879,4628637,4558574,4533437,4579384,4579384,10
2025-10-02 15:20:41,110349,pairwise,LinkedCells,1.000000,lc_sliced_c02,none,AoS,enabled,3355608,3410985,3403508,3329177,3381488,3375546,3313298,3321198,3375616,3343150,3360956,3360956,10
2025-10-02 15:20:41,110359,pairwise,LinkedCells,1.000000,lc_sliced_c02,none,SoA,disabled,5026025,4135788,4119753,4127338,4057328,4009839,3965907,4073249,3950352,4094456,4156003,4156003,10
2025-10-02 15:20:41,110369,pairwise,LinkedCells,1.000000,lc_sliced_c02,none,SoA,enabled,2976032,2801620,2842534,2807351,2882419,2823344,2795266,2802232,2793488,2800848,2832512,2832512,10
2025-10-02 15:20:41,110379,pairwise,VerletClusterLists,1.000000,vcl_c01_balanced,none,AoS,disabled,9213532,2490353,2475448,2472084,2486193,2483821,2482564,2480429,2491963,2473764,3155014,3155014,10
2025-10-02 15:20:41,110389,pairwise,VerletClusterLists,1.000000,vcl_c01_balanced,none,SoA,disabled,5599865,952970,950039,953523,952251,945334,943597,953859,944162,947774,1414336,1414336,10
2025-10-02 15:20:41,110399,pairwise,VerletClusterLists,1.000000,vcl_c06,none,AoS,disabled,16803817,12571456,11646738,11582335,12408143,12295971,11657625,11751438,11580339,11697547,12399540,12399540,10
2025-10-02 15:20:41,110409,pairwise,VerletClusterLists,1.000000,vcl_c06,none,AoS,enabled,9103306,6587126,6268576,6026713,6015627,6051543,6180123,6508712,6020052,6376237,6513800,6513800,10
2025-10-02 15:20:41,110419,pairwise,VerletClusterLists,1.000000,vcl_c06,none,SoA,disabled,9730860,4915634,4939537,5221479,4917556,5005813,4990178,5099590,4899680,4905147,5462547,5462547,10
2025-10-02 15:20:41,110429,pairwise,VerletClusterLists,1.000000,vcl_c06,none,SoA,enabled,5359226,2608678,2575554,2566905,2614032,2562216,2618443,2643658,2562918,2553483,2866511,2866511,10
2025-10-02 15:20:41,110439,pairwise,VerletClusterLists,1.000000,vcl_sliced,none,AoS,disabled,21309100,16944270,16997620,16941458,16412910,16938785,16953037,16962772,16958528,16444038,17286251,17286251,10
2025-10-02 15:20:41,110449,pairwise,VerletClusterLists,1.000000,vcl_sliced,none,AoS,enabled,11768897,10805203,9095657,9152807,9186148,9199009,10875954,9134859,9201904,9099601,9752003,9752003,10
2025-10-02 15:20:41,110459,pairwise,VerletClusterLists,1.000000,vcl_sliced,none,SoA,disabled,10136220,5561121,5562618,5541798,5557295,5541615,5635981,5642385,5568675,5552905,6030060,6030060,10
2025-10-02 15:20:42,110469,pairwise,VerletClusterLists,1.000000,vcl_sliced,none,SoA,enabled,5834815,3035401,3044670,3033603,3056332,3052372,3042789,3030184,3026836,3035532,3319252,3319252,10
2025-10-02 15:20:42,110479,pairwise,VerletClusterLists,1.000000,vcl_sliced_balanced,none,AoS,disabled,21085256,16737449,16777292,16759280,16749472,16785901,16768914,16780413,16788188,16774104,17200626,17200626,10
2025-10-02 15:20:42,110489,pairwise,VerletClusterLists,1.000000,vcl_sliced_balanced,none,AoS,enabled,11976321,9186712,9250314,9245935,9226639,9200272,9210998,9202542,9199652,9222057,9492143,9492143,10
2025-10-02 15:20:42,110499,pairwise,VerletClusterLists,1.000000,vcl_sliced_balanced,none,SoA,disabled,9959774,5553812,5560074,5542582,5552746,5563990,5545801,5547498,5552394,5545342,5992401,5992401,10
2025-10-02 15:20:42,110509,pairwise,VerletClusterLists,1.000000,vcl_sliced_balanced,none,SoA,enabled,5904986,3025417,3019958,3014123,3013760,3009783,3003644,3005835,3007666,3016267,3302143,3302143,10
2025-10-02 15:20:42,110519,pairwise,VerletClusterLists,1.000000,vcl_sliced_balanced,neighbor-list-length,AoS,disabled,22505434,16833083,16811196,16820571,16945845,16831277,16815019,17077063,16806828,16832398,17427870,17427870,10
2025-10-02 15:20:42,110529,pairwise,VerletClusterLists,1.000000,vcl_sliced_balanced,neighbor-list-length,AoS,enabled,12058732,9455378,9456338,9442945,9427151,9435482,9480141,9474032,9481023,9456316,9716753,9716753,10
2025-10-02 15:20:42,110539,pairwise,VerletClusterLists,1.000000,vcl_sliced_balanced,neighbor-list-length,SoA,disabled,10201111,5691469,5687485,5679417,5673655,5694004,5679866,5679915,5681733,5681403,6135005,6135005,10
2025-10-02 15:20:42,110549,pairwise,VerletClusterLists,1.000000,vcl_sliced_balanced,neighbor-list-length,SoA,enabled,5790213,3122255,3125013,3122511,3109738,3115689,3108305,3109636,3111701,3111166,3382622,3382622,10
2025-10-02 15:20:42,110559,pairwise,VerletClusterLists,1.000000,vcl_sliced_c02,none,AoS,disabled,27374650,18603562,18684285,21516779,21587621,18661811,21475150,18578350,18678141,21447198,20660754,20660754,10
2025-10-02 15:20:43,110569,pairwise,VerletClusterLists,1.000000,vcl_sliced_c02,none,AoS,enabled,13369699,9633677,9586144,10677465,9586082,9739536,10619062,10596478,10662773,10599438,10507034,10507034,10
2025-10-02 15:20:43,110579,pairwise,VerletClusterLists,1.000000,vcl_sliced_c02,none,SoA,disabled,11019462,7056992,7053555,6579885,6573861,7036773,6545287,7061269,7089243,7048867,7306519,7306519,10
2025-10-02 15:20:43,110589,pairwise,VerletClusterLists,1.000000,vcl_sliced_c02,none,SoA,enabled,6191181,3720495,3702502,3515233,3720041,3688714,3359952,3442933,3444473,3380472,3816599,3816599,10
2025-10-02 15:20:43,110599,pairwise,VerletLists,1.000000,vl_list_iteration,none,AoS,disabled,8663524,906646,897440,893284,891347,887707,896727,885345,889972,894587,1670657,1670657,10
2025-10-02 15:20:43,110609,pairwise,VerletLists,1.000000,vl_list_iteration,none,SoA,disabled,22661302,2331050,2247712,2213648,2227632,2221284,2212376,2213154,2212179,2205627,4274596,4274596,10
2025-10-02 15:20:43,110619,pairwise,VerletListsCells,1.000000,vlc_c01,none,AoS,disabled,25915288,1920210,1899599,1914589,1907060,1901406,1897644,1905811,1907531,1915234,4308437,4308437,10
2025-10-02 15:20:43,110629,pairwise,VerletListsCells,1.000000,vlc_c01,none,SoA,disabled,41911829,3675431,3504446,3416855,3414445,3413832,3469146,3442422,3445375,3477022,7317080,7317080,10
2025-10-02 15:20:43,110639,pairwise,VerletListsCells,1.000000,vlc_c18,none,AoS,disabled,17380439,2127569,2120901,2112383,2109985,2119168,2113090,2113611,2114532,2104180,3641585,3641585,10
2025-10-02 15:20:43,110649,pairwise,VerletListsCells,1.000000,vlc_c18,none,AoS,enabled,16077325,1984465,1982892,1986573,1980608,1975050,1984082,1975061,1979744,1980352,3390614,3390614,10
2025-10-02 15:20:43,110659,pairwise,VerletListsCells,1.000000,vlc_c18,none,SoA,disabled,43352714,4196590,3988119,3809933,3722733,3733001,3885512,3982926,3995569,3966125,7863321,7863321,10
2025-10-02 15:20:43,110669,pairwise,VerletListsCells,1.000000,vlc_c18,none,SoA,enabled,34533749,3843394,3864095,3702927,3591727,3595081,3538116,3596154,3582652,3671685,6751957,6751957,10
2025-10-02 15:20:43,110679,pairwise,VerletListsCells,1.000000,vlc_c08,none,AoS,disabled,12851571,1942129,1934633,1926743,1934893,1919016,1926931,1922843,1930037,1935218,3022401,3022401,10
2025-10-02 15:20:43,110689,pairwise,VerletListsCells,1.000000,vlc_c08,none,AoS,enabled,12578514,1802636,1806132,1810701,1796922,1801770,1809798,1812645,1807706,1810455,2883727,2883727,10
2025-10-02 15:20:43,110699,pairwise,VerletListsCells,1.000000,vlc_c08,none,SoA,disabled,37786070,3921338,3739170,3698972,3667630,3578881,3503464,3703761,3811030,3756830,7116714,7116714,10
2025-10-02 15:20:43,110709,pairwise,VerletListsCells,1.000000,vlc_c08,none,SoA,enabled,31737834,3661992,3514179,3512852,3511365,3481591,3448516,3634883,3694224,3671773,6386920,6386920,10
2025-10-02 15:20:43,110719,pairwise,VerletListsCells,1.000000,vlc_sliced,none,AoS,disabled,18801492,3391604,3311140,3298472,3121096,3307533,3297038,3286260,3267601,3179240,4826147,4826147,10
2025-10-02 15:20:43,110729,pairwise,VerletListsCells,1.000000,vlc_sliced,none,AoS,enabled,15878542,1702653,1652884,1613142,1601350,1670748,1665279,1620370,1677718,1669604,3075228,3075228,10
2025-10-02 15:20:44,110739,pairwise,VerletListsCells,1.000000,vlc_sliced,none,SoA,disabled,45350402,5427366,5382147,5300614,5267471,5277541,5286647,5184635,5277051,5329573,9308344,9308344,10
2025-10-02 15:20:44,110749,pairwise,VerletListsCells,1.000000,vlc_sliced,none,SoA,enabled,32803400,3656148,3538254,3468308,3440929,3528075,3575062,3570769,3466129,3517298,6456436,6456436,10
2025-10-02 15:20:44,110759,pairwise,VerletListsCells,1.000000,vlc_sliced_balanced,none,AoS,disabled,18542715,3203614,3164946,3158054,3167038,3165712,3160812,3159332,3158749,3157661,4703863,4703863,10
2025-10-02 15:20:44,110769,pairwise,VerletListsCells,1.000000,vlc_sliced_balanced,none,AoS,enabled,15726879,1644912,1622884,1612347,1607102,1607260,1609904,1604636,1605694,1612551,3025416,3025416,10
2025-10-02 15:20:44,110779,pairwise,VerletListsCells,1.000000,vlc_sliced_balanced,none,SoA,disabled,44999743,5486248,5321075,5251631,5237201,5234688,5167309,5213728,5155706,5210342,9227767,9227767,10
2025-10-02 15:20:44,110789,pairwise,VerletListsCells,1.000000,vlc_sliced_balanced,none,SoA,enabled,32955753,3680984,3526185,3527979,3511517,3524908,3423911,3493102,3484074,3407310,6453571,6453571,10
2025-10-02 15:20:44,110799,pairwise,VerletListsCells,1.000000,vlc_sliced_balanced,squared-particles-per-cell,AoS,disabled,18390787,3429666,3359739,3333713,3333800,3316580,3316808,3317038,3320045,3306679,4842484,4842484,10
2025-10-02 15:20:44,110809,pairwise,VerletListsCells,1.000000,vlc_sliced_balanced,squared-particles-per-cell,AoS,enabled,15897811,1767420,1721418,1715728,1715627,1709566,1709335,1717843,1715156,1718190,3138808,3138808,10
2025-10-02 15:20:44,110819,pairwise,VerletListsCells,1.000000,vlc_sliced_balanced,squared-particles-per-cell,SoA,disabled,44728118,5457594,5278811,5285893,5204520,5260186,5221621,5223350,5220684,5241492,9212226,9212226,10
2025-10-02 15:20:44,110829,pairwise,VerletListsCells,1.000000,vlc_sliced_balanced,squared-particles-per-cell,SoA,enabled,34406381,3631609,3567158,3574445,3596696,3574648,3589876,3568540,3591044,3519284,6661967,6661967,10
2025-10-02 15:20:44,110839,pairwise,VerletListsCells,1.000000,vlc_sliced_balanced,neighbor-list-length,AoS,disabled,18080972,3341979,3313784,3300668,3303380,3297665,3290535,3292953,3297019,3280448,4779939,4779939,10
2025-10-02 15:20:44,110849,pairwise,VerletListsCells,1.000000,vlc_sliced_balanced,neighbor-list-length,AoS,enabled,15999814,1720346,1701143,1699969,1703770,1692901,1697298,1693311,1693784,1687120,3128945,3128945,10
2025-10-02 15:20:44,110859,pairwise,VerletListsCells,1.000000,vlc_sliced_balanced,neighbor-list-length,SoA,disabled,44942898,5648984,5457473,5347904,5209927,5185806,5197979,5183989,5153749,5119519,9244822,9244822,10
2025-10-02 15:20:44,110869,pairwise,VerletListsCells,1.000000,vlc_sliced_balanced,neighbor-list-length,SoA,enabled,34537762,3762914,3687860,3407787,3393725,3619258,3363555,3363782,3363933,3412602,6591317,6591317,10
2025-10-02 15:20:45,110879,pairwise,VerletListsCells,1.000000,vlc_sliced_c02,none,AoS,disabled,18783982,4217175,4026358,4047564,4209271,4160941,4024160,4023148,3838541,4173756,5550489,5550489,10
2025-10-02 15:20:45,110889,pairwise,VerletListsCells,1.000000,vlc_sliced_c02,none,AoS,enabled,16419334,2119894,2107456,2095819,2157229,2085301,2153838,2073129,2152270,2071806,3543607,3543607,10
2025-10-02 15:20:45,110899,pairwise,VerletListsCells,1.000000,vlc_sliced_c02,none,SoA,disabled,45414338,6405643,6051389,6014364,6089203,5856466,5760864,5716653,6042240,6020735,9937189,9937189,10
2025-10-02 15:20:45,110909,pairwise,VerletListsCells,1.000000,vlc_sliced_c02,none,SoA,enabled,34397424,4067251,3994402,3723407,3953598,3885152,3617552,3817530,3976073,3715826,6914821,6914821,10
2025-10-02 15:20:45,110919,pairwise,PairwiseVerletLists,1.000000,vlp_c01,none,AoS,disabled,22864437,2335311,2337569,2316048,2283290,2340136,2270509,2279612,2277350,2286648,4359090,4359090,10
2025-10-02 15:20:45,110929,pairwise,PairwiseVerletLists,1.000000,vlp_c01,none,SoA,disabled,78302725,5202164,4961681,4937099,4786320,4785308,4789606,4788267,4778861,4813983,12214600,12214600,10
2025-10-02 15:20:45,110939,pairwise,PairwiseVerletLists,1.000000,vlp_c18,none,AoS,disabled,20256400,2545587,2533375,2516492,2522017,2514770,2513658,2515309,2517708,2512992,4294830,4294830,10
2025-10-02 15:20:45,110949,pairwise,PairwiseVerletLists,1.000000,vlp_c18,none,AoS,enabled,20164538,2349153,2334933,2342930,2342158,2343555,2340090,2338490,2339901,2333184,4122893,4122893,10
2025-10-02 15:20:45,110959,pairwise,PairwiseVerletLists,1.000000,vlp_c18,none,SoA,disabled,92821802,5587810,5426963,5398415,5413944,5399030,5390433,5389856,5428926,5383658,14164083,14164083,10
2025-10-02 15:20:45,110969,pairwise,PairwiseVerletLists,1.000000,vlp_c18,none,SoA,enabled,72235448,5182790,4991667,4939963,4931990,4945019,4938456,4911307,4929981,4931194,11693780,11693780,10
2025-10-02 15:20:45,110979,pairwise,PairwiseVerletLists,1.000000,vlp_sliced,none,AoS,disabled,21891188,4524853,4193432,4432836,4011891,4438835,4184272,4463938,4200352,4133181,6047477,6047477,10
2025-10-02 15:20:45,110989,pairwise,PairwiseVerletLists,1.000000,vlp_sliced,none,AoS,enabled,20805767,2303858,2436321,2567810,2558044,2558966,2559574,2546193,2570491,2585426,4349244,4349244,10
2025-10-02 15:20:46,110999,pairwise,PairwiseVerletLists,1.000000,vlp_sliced,none,SoA,disabled,90645046,8461732,8414275,8338676,8183686,8353274,8420515,8349452,8329680,8457850,16595418,16595418,10
2025-10-02 15:20:46,111009,pairwise,PairwiseVerletLists,1.000000,vlp_sliced,none,SoA,enabled,73059993,6215773,6080323,6025973,5946400,6315140,6189601,6163637,6229048,6036784,12826267,12826267,10
2025-10-02 15:20:46,111019,pairwise,PairwiseVerletLists,1.000000,vlp_sliced_balanced,none,AoS,disabled,22400525,4456653,4375167,4345713,4350950,4319412,4361897,4357413,4351710,4338390,6165782,6165782,10
2025-10-02 15:20:46,111029,pairwise,PairwiseVerletLists,1.000000,vlp_sliced_balanced,none,AoS,enabled,20913036,2606915,2557342,2551097,2553146,2543963,2538008,2548144,2561162,2583900,4395670,4395670,10
2025-10-02 15:20:46,111039,pairwise,PairwiseVerletLists,1.000000,vlp_sliced_balanced,none,SoA,disabled,91492391,8512976,8320094,8356873,8372206,8437343,8338254,8384470,8391765,8390267,16699663,16699663,10
2025-10-02 15:20:46,111049,pairwise,PairwiseVerletLists,1.000000,vlp_sliced_balanced,none,SoA,enabled,73497551,6272803,6169599,6134919,6110689,6125772,6123250,6098196,6057099,6084198,12867407,12867407,10
2025-10-02 15:20:46,111059,pairwise,PairwiseVerletLists,1.000000,vlp_sliced_c02,none,AoS,disabled,23957268,5801254,5747254,5711732,5463611,5700311,5451507,5697614,5139609,5463339,7413349,7413349,10
2025-10-02 15:20:46,111069,pairwise,PairwiseVerletLists,1.000000,vlp_sliced_c02,none,AoS,enabled,21548137,3161803,3320154,3147168,3155769,3147003,3160859,3302501,3182098,3120241,5024572,5024572,10
2025-10-02 15:20:47,111079,pairwise,PairwiseVerletLists,1.000000,vlp_sliced_c02,none,SoA,disabled,92765832,10168600,9699851,9653789,9979022,10162772,9952130,9770924,9977887,10029416,18216022,18216022,10
2025-10-02 15:20:47,111089,pairwise,PairwiseVerletLists,1.000000,vlp_sliced_c02,none,SoA,enabled,73768124,7096714,7119564,7235237,7166117,7101362,7230382,6856078,6946798,7206221,13772659,13772659,10
2025-10-02 15:20:47,111099,pairwise,PairwiseVerletLists,1.000000,vlp_c08,none,AoS,disabled,22102621,4201574,4191058,4181262,4176774,4181656,4176222,4180956,4179493,4173371,5974498,5974498,10
2025-10-02 15:20:47,111109,pairwise,PairwiseVerletLists,1.000000,vlp_c08,none,AoS,enabled,21262697,2810585,2785320,2767601,2772636,2767458,2779625,2768508,2766646,2770719,4625179,4625179,10
2025-10-02 15:20:47,111119,pairwise,PairwiseVerletLists,1.000000,vlp_c08,none,SoA,disabled,90127599,7893047,7868115,7871873,7866599,7864491,7860157,7847910,7855226,7854249,16090926,16090926,10
2025-10-02 15:20:47,111129,pairwise,PairwiseVerletLists,1.000000,vlp_c08,none,SoA,enabled,72749902,6115087,6020378,6021195,6005854,6017509,6011920,6031512,6012659,6020935,12700695,12700695,10
2025-10-02 15:22:43,115009,pairwise,LinkedCells,1.000000,lc_c01,none,AoS,disabled,2788003,2735686,2736396,2735832,2779560,2754991,2729487,2734431,2737746,2741477,2747360,2747360,10
2025-10-02 15:22:43,115019,pairwise,LinkedCells,1.000000,lc_c01,none,SoA,disabled,4235715,3495958,3472025,3510957,3464378,3459343,3491836,3473364,3457938,3468602,3553011,3553011,10
2025-10-02 15:22:43,115029,pairwise,LinkedCells,1.000000,lc_c01_combined_SoA,none,SoA,disabled,3358822,3440335,3540289,3492404,3453455,3515473,3659729,3553589,3547669,3688266,3525002,3525002,10
2025-10-02 15:22:43,115039,pairwise,LinkedCells,1.000000,lc_c04,none,AoS,disabled,3327661,3308864,3277174,3242927,3313692,3190412,3335967,3260600,3211365,3205042,3267370,3267370,10
2025-10-02 15:22:43,115049,pairwise,LinkedCells,1.000000,lc_c04,none,AoS,enabled,2473053,2391923,2414455,2390516,2505737,2401599,2382840,2396614,2454145,2450647,2426152,2426152,10
2025-10-02 15:22:43,115059,pairwise,LinkedCells,1.000000,lc_c04,none,SoA,disabled,3220478,3134390,3102291,3125973,3117553,3110228,3143817,3125297,3141981,3112153,3133415,3133415,10
2025-10-02 15:22:43,115069,pairwise,LinkedCells,1.000000,lc_c04,none,SoA,enabled,2413782,2368425,2364849,2368066,2368064,2357986,2365751,2371722,2352539,2341946,2367312,2367312,10
2025-10-02 15:22:43,115079,pairwise,LinkedCells,1.000000,lc_c04_HCP,none,AoS,disabled,1650168,1612403,1595462,1600998,1592739,1592597,1587480,1602447,1578334,1603523,1601614,1601614,10
2025-10-02 15:22:43,115089,pairwise,LinkedCells,1.000000,lc_c04_HCP,none,AoS,enabled,1258161,1247718,1247572,1256612,1241458,1243123,1250825,1248927,1268969,1265114,1252847,1252847,10
2025-10-02 15:22:43,115099,pairwise,LinkedCells,1.000000,lc_c04_HCP,none,SoA,disabled,2903698,2792507,2777779,2771908,2770738,2776875,2789685,2773779,2760944,2798813,2791672,2791672,10
2025-10-02 15:22:43,115109,pairwise,LinkedCells,1.000000,lc_c04_HCP,none,SoA,enabled,2618025,2590951,2565068,2567181,2564143,2556532,2567389,2592503,2571191,2572985,2576596,2576596,10
2025-10-02 15:22:43,115119,pairwise,LinkedCells,1.000000,lc_c04_combined_SoA,none,SoA,disabled,3564337,3496504,3613997,3466620,3449184,3497128,3472333,3494632,3473965,3469426,3499812,3499812,10
2025-10-02 15:22:43,115129,pairwise,LinkedCells,1.000000,lc_c04_combined_SoA,none,SoA,enabled,3212367,3121538,3115466,3155445,3121016,3124104,3147234,3134921,3130297,3156734,3141911,3141911,10
2025-10-02 15:22:43,115139,pairwise,LinkedCells,1.000000,lc_c08,none,AoS,disabled,2463219,2409020,2411901,2408147,2399620,2404761,2388171,2346050,2358430,2354353,2394367,2394367,10
2025-10-02 15:22:43,115149,pairwise,LinkedCells,1.000000,lc_c08,none,AoS,enabled,2167533,2167985,2163228,2161950,2167942,2164011,2157856,2163734,2172859,2209102,2169619,2169619,10
2025-10-02 15:22:43,115159,pairwise,LinkedCells,1.000000,lc_c08,none,SoA,disabled,3928228,3844602,3811764,3809559,3821141,3788019,3796330,3812198,3804105,3808237,3822417,3822417,10
2025-10-02 15:22:44,115169,pairwise,LinkedCells,1.000000,lc_c08,none,SoA,enabled,3626178,3597379,3563022,3567901,3595958,3590056,3573070,3633180,3594338,3600255,3594133,3594133,10
2025-10-02 15:22:44,115179,pairwise,LinkedCells,1.000000,lc_c18,none,AoS,disabled,2539515,2501717,2529078,2493875,2490501,2480341,2493371,2482414,2488765,2494997,2499456,2499456,10
2025-10-02 15:22:44,115189,pairwise,LinkedCells,1.000000,lc_c18,none,AoS,enabled,2329590,2305187,2372411,2317792,2321363,2313390,2323123,2315819,2312257,2333733,2324466,2324466,10
2025-10-02 15:22:44,115199,pairwise,LinkedCells,1.000000,lc_c18,none,SoA,disabled,3362993,3244364,3230201,3256258,3222383,3227368,3224078,3263059,3222563,3229472,3248273,3248273,10
2025-10-02 15:22:44,115209,pairwise,LinkedCells,1.000000,lc_c18,none,SoA,enabled,3082032,3051130,3038328,3044095,3064158,3071785,3043621,3053118,3078610,3038618,3056549,3056549,10
2025-10-02 15:22:44,115219,pairwise,LinkedCells,1.000000,lc_sliced,none,AoS,disabled,4631698,4584796,4234394,4576950,4237222,4578112,4233967,4625381,4576455,4575841,4485481,4485481,10
2025-10-02 15:22:44,115229,pairwise,LinkedCells,1.000000,lc_sliced,none,AoS,enabled,3407096,3356050,3378733,3368991,3386993,3381858,3366688,3125955,3422139,3383963,3357846,3357846,10
2025-10-02 15:22:44,115239,pairwise,LinkedCells,1.000000,lc_sliced,none,SoA,disabled,4496834,4118995,4073069,4092180,4090863,4050216,4074548,4087239,4026074,4177852,4128786,4128786,10
2025-10-02 15:22:44,115249,pairwise,LinkedCells,1.000000,lc_sliced,none,SoA,enabled,2935372,2908840,2890172,2861036,2866696,2850896,2840506,2870548,2859016,2863276,2874635,2874635,10
2025-10-02 15:22:44,115259,pairwise,LinkedCells,1.000000,lc_sliced_balanced,none,AoS,disabled,4608875,4575987,4569672,4574894,4574089,4575265,4567885,4569450,4585840,4607259,4580921,4580921,10
2025-10-02 15:22:44,115269,pairwise,LinkedCells,1.000000,lc_sliced_balanced,none,AoS,enabled,3386942,3378405,3368587,3372650,3372843,3377924,3364086,3368814,3383522,3387667,3376143,3376143,10
2025-10-02 15:22:44,115279,pairwise,LinkedCells,1.000000,lc_sliced_balanced,none,SoA,disabled,4185384,4031684,4028379,4020760,4030843,4000452,3999780,4008127,4012260,4005880,4032354,4032354,10
2025-10-02 15:22:44,115289,pairwise,LinkedCells,1.000000,lc_sliced_balanced,none,SoA,enabled,2907283,2830481,2832691,2842323,2822918,2829002,2824980,2839771,2819753,2812175,2836137,2836137,10
2025-10-02 15:22:44,115299,pairwise,LinkedCells,1.000000,lc_sliced_balanced,squared-particles-per-cell,AoS,disabled,4826832,4627755,4579695,4592875,4576535,4599676,4594655,4606217,4584061,4605719,4619401,4619401,10
2025-10-02 15:22:44,115309,pairwise,LinkedCells,1.000000,lc_sliced_balanced,squared-particles-per-cell,AoS,enabled,3439599,3395696,3381388,3377444,3391452,3376233,3390554,3373279,3374009,3396781,3389642,3389642,10
2025-10-02 15:22:44,115319,pairwise,LinkedCells,1.000000,lc_sliced_balanced,squared-particles-per-cell,SoA,disabled,10237947,9432382,9472243,9458623,9351543,9386063,9383027,9398190,9391356,9372982,9488435,9488435,10
2025-10-02 15:22:44,115329,pairwise,LinkedCells,1.000000,lc_sliced_balanced,squared-particles-per-cell,SoA,enabled,9028220,9014586,8937792,8911694,8887668,8925624,9014220,9035813,8966818,8866275,8958870,8958870,10
2025-10-02 15:22:44,115339,pairwise,LinkedCells,1.000000,lc_sliced_c02,none,AoS,disabled,4473813,4646222,4653165,4604045,4311773,4645599,4659897,4653312,4329087,4320275,4529718,4529718,10
2025-10-02 15:22:44,115349,pairwise,LinkedCells,1.000000,lc_sliced_c02,none,AoS,enabled,3393228,3238948,3378180,3371373,3380073,3360042,3210665,3374119,3346080,3407487,3346019,3346019,10
2025-10-02 15:22:44,115359,pairwise,LinkedCells,1.000000,lc_sliced_c02,none,SoA,disabled,4944104,4062970,4173248,4167352,4099490,4009372,3989486,3904627,4001349,4291716,4164371,4164371,10
2025-10-02 15:22:44,115369,pairwise,LinkedCells,1.000000,lc_sliced_c02,none,SoA,enabled,3002434,2852495,2856060,2762453,2832962,2814358,2825427,2821881,2819633,2817874,2840557,2840557,10
2025-10-02 15:22:45,115379,pairwise,VerletClusterLists,1.000000,vcl_c01_balanced,none,AoS,disabled,10074434,2439737,2458125,2454142,2444579,2425367,2429263,2437908,2452792,2436849,3205319,3205319,10
2025-10-02 15:22:45,115389,pairwise,VerletClusterLists,1.000000,vcl_c01_balanced,none,SoA,disabled,6403163,933781,932587,929829,930079,926552,932383,928572,922545,929522,1476900,1476900,10
2025-10-02 15:22:45,115399,pairwise,VerletClusterLists,1.000000,vcl_c06,none,AoS,disabled,17590515,13433306,12728471,12641659,12368442,12194884,13010771,12478694,13159956,12043042,13164973,13164973,10
2025-10-02 15:22:45,115409,pairwise,VerletClusterLists,1.000000,vcl_c06,none,AoS,enabled,9180902,6676412,6627905,6178829,6180018,6172601,6114476,6088927,6417614,6008996,6564667,6564667,10
2025-10-02 15:22:45,115419,pairwise,VerletClusterLists,1.000000,vcl_c06,none,SoA,disabled,10320530,5252796,5303596,5234017,5059697,4938600,5215158,5084607,5092174,5063414,5656458,5656458,10
2025-10-02 15:22:45,115429,pairwise,VerletClusterLists,1.000000,vcl_c06,none,SoA,enabled,5790041,2680434,2708502,2614485,2659624,2813050,2598732,2588781,2665353,2791864,2991086,2991086,10
2025-10-02 15:22:45,115439,pairwise,VerletClusterLists,1.000000,vcl_sliced,none,AoS,disabled,21704597,16346890,16779297,16326847,16764682,14838176,15182421,16777950,16825981,21599727,17314656,17314656,10
2025-10-02 15:22:45,115449,pairwise,VerletClusterLists,1.000000,vcl_sliced,none,AoS,enabled,12247036,9043994,8812099,8242652,9071550,9008585,9094286,8984388,8979756,8325911,9181024,9181024,10
2025-10-02 15:22:45,115459,pairwise,VerletClusterLists,1.000000,vcl_sliced,none,SoA,disabled,10902289,5617251,5550259,5523877,5531562,5533406,5519544,5520440,5492319,5526548,6071748,6071748,10
2025-10-02 15:22:45,115469,pairwise,VerletClusterLists,1.000000,vcl_sliced,none,SoA,enabled,6125629,3037531,3032592,3028156,3017006,3013119,3029046,3019317,3006057,3001909,3331035,3331035,10
2025-10-02 15:22:45,115479,pairwise,VerletClusterLists,1.000000,vcl_sliced_balanced,none,AoS,disabled,21994651,16482351,16382384,16428510,16481672,16390160,16477369,16406025,16445785,16422018,16991092,16991092,10
2025-10-02 15:22:45,115489,pairwise,VerletClusterLists,1.000000,vcl_sliced_balanced,none,AoS,enabled,12039512,9068722,9072543,9080178,9097051,9107796,9080366,9066380,9118874,9069899,9380131,9380131,10
2025-10-02 15:22:46,115499,pairwise,VerletClusterLists,1.000000,vcl_sliced_balanced,none,SoA,disabled,10916706,5521510,5526711,5525574,5523968,5541409,5523791,5532378,5525533,5547477,6068505,6068505,10
2025-10-02 15:22:46,115509,pairwise,VerletClusterLists,1.000000,vcl_sliced_balanced,none,SoA,enabled,6161880,3001841,3003509,2991596,3001242,3003394,2993630,3004024,2991509,2997744,3315036,3315036,10
2025-10-02 15:22:46,115519,pairwise,VerletClusterLists,1.000000,vcl_sliced_balanced,neighbor-list-length,AoS,disabled,22774361,16101536,16095448,16073989,16118909,16117645,16076847,16092230,16222130,16087790,16776087,16776087,10
2025-10-02 15:22:46,115529,pairwise,VerletClusterLists,1.000000,vcl_sliced_balanced,neighbor-list-length,AoS,enabled,12011740,9094429,9046325,9067421,9081701,9051464,9044977,9060359,9058926,9072886,9359022,9359022,10
2025-10-02 15:22:46,115539,pairwise,VerletClusterLists,1.000000,vcl_sliced_balanced,neighbor-list-length,SoA,disabled,11435357,5593358,5613140,5606551,5583157,5597268,5612691,5615430,5623891,5601030,6188186,6188186,10
2025-10-02 15:22:46,115549,pairwise,VerletClusterLists,1.000000,vcl_sliced_balanced,neighbor-list-length,SoA,enabled,6047782,3060479,3065865,3060361,3061811,3064656,3056796,3068158,3066455,3054002,3360635,3360635,10
2025-10-02 15:22:46,115559,pairwise,VerletClusterLists,1.000000,vcl_sliced_c02,none,AoS,disabled,28777199,19675668,19675164,21837042,21724668,21647500,21767538,21753984,21733396,19712631,21830478,21830478,10
2025-10-02 15:22:46,115569,pairwise,VerletClusterLists,1.000000,vcl_sliced_c02,none,AoS,enabled,14109668,10505388,11139728,10345462,10356651,11118008,11123200,10469338,11119796,10339058,11062628,11062628,10
2025-10-02 15:22:46,115579,pairwise,VerletClusterLists,1.000000,vcl_sliced_c02,none,SoA,disabled,12186428,7196951,7338933,6922789,7261234,7184926,6974423,7277169,7288768,7248998,7688061,7688061,10
2025-10-02 15:22:46,115589,pairwise,VerletClusterLists,1.000000,vcl_sliced_c02,none,SoA,enabled,6730895,3854074,3886913,3655308,3912757,3909993,3851456,3877248,3825752,3833237,4133763,4133763,10
2025-10-02 15:22:46,115599,pairwise,VerletLists,1.000000,vl_list_iteration,none,AoS,disabled,8707598,907212,890397,892010,887006,888532,885426,882648,883651,882670,1670714,1670714,10
2025-10-02 15:22:47,115609,pairwise,VerletLists,1.000000,vl_list_iteration,none,SoA,disabled,22836735,2308202,2197915,2107185,1976968,2041495,2093780,2096970,2102351,2140607,4190220,4190220,10
2025-10-02 15:22:47,115619,pairwise,VerletListsCells,1.000000,vlc_c01,none,AoS,disabled,25650111,1905504,1893673,1887543,1894303,1886743,1899272,1901105,1950327,1934832,4280340,4280340,10
2025-10-02 15:22:47,115629,pairwise,VerletListsCells,1.000000,vlc_c01,none,SoA,disabled,42458023,3706149,3546896,3527648,3537794,3528886,3516200,3447989,3377521,3371854,7401895,7401895,10
2025-10-02 15:22:47,115639,pairwise,VerletListsCells,1.000000,vlc_c18,none,AoS,disabled,17395957,2127304,2113097,2128656,2106209,2117973,2166255,2108659,2102798,2095821,3646272,3646272,10
2025-10-02 15:22:47,115649,pairwise,VerletListsCells,1.000000,vlc_c18,none,AoS,enabled,15967283,1980985,1981644,1982892,1983555,1981625,1980401,1985692,1988701,2031981,3386475,3386475,10
2025-10-02 15:22:47,115659,pairwise,VerletListsCells,1.000000,vlc_c18,none,SoA,disabled,43622774,4177255,4041479,4028749,4161057,4003401,3983258,3931506,3831647,3757738,7953885,7953885,10
2025-10-02 15:22:47,115669,pairwise,VerletListsCells,1.000000,vlc_c18,none,SoA,enabled,33188884,3956662,3719578,3595905,3569329,3556366,3553784,3555488,3552676,3542134,6579079,6579079,10
2025-10-02 15:22:47,115679,pairwise,VerletListsCells,1.000000,vlc_c08,none,AoS,disabled,12975350,1964940,1938542,1922881,1925535,1920689,1936877,1966932,1918982,1928460,3039918,3039918,10
2025-10-02 15:22:47,115689,pairwise,VerletListsCells,1.000000,vlc_c08,none,AoS,enabled,12470899,1811118,1801684,1809524,1801724,1809746,1810756,1803064,1806850,1796924,2872228,2872228,10
2025-10-02 15:22:47,115699,pairwise,VerletListsCells,1.000000,vlc_c08,none,SoA,disabled,36933415,3862812,3751271,3785421,3780129,3776473,3777775,3731077,3651190,3674577,7072414,7072414,10
2025-10-02 15:22:47,115709,pairwise,VerletListsCells,1.000000,vlc_c08,none,SoA,enabled,31266249,3618765,3533592,3508658,3514892,3508587,3515558,3521014,3610895,3681530,6327973,6327973,10
2025-10-02 15:22:47,115719,pairwise,VerletListsCells,1.000000,vlc_sliced,none,AoS,disabled,18906945,3313064,3267975,3263027,3269348,3261449,3262009,3229621,3241602,3242184,4825722,4825722,10
2025-10-02 15:22:47,115729,pairwise,VerletListsCells,1.000000,vlc_sliced,none,AoS,enabled,15866688,1729725,1586290,1679453,1659889,1654725,1547935,1591621,1666323,1666035,3064868,3064868,10
2025-10-02 15:22:47,115739,pairwise,VerletListsCells,1.000000,vlc_sliced,none,SoA,disabled,45054965,5559762,5407665,5344405,5335675,5264809,5264474,5342619,5328936,5266327,9316963,9316963,10
2025-10-02 15:22:47,115749,pairwise,VerletListsCells,1.000000,vlc_sliced,none,SoA,enabled,32593622,3660248,3584655,3585892,3541456,3488188,3552927,3569307,3523672,3521244,6462121,6462121,10
2025-10-02 15:22:47,115759,pairwise,VerletListsCells,1.000000,vlc_sliced_balanced,none,AoS,disabled,18655538,3310831,3255927,3247933,3264853,3248503,3238997,3248107,3243185,3250835,4796470,4796470,10
2025-10-02 15:22:47,115769,pairwise,VerletListsCells,1.000000,vlc_sliced_balanced,none,AoS,enabled,15849975,1691576,1661798,1657619,1649067,1652285,1657029,1653372,1654576,1650266,3077755,3077755,10
2025-10-02 15:22:48,115779,pairwise,VerletListsCells,1.000000,vlc_sliced_balanced,none,SoA,disabled,44700007,5541719,5373664,5269748,5241673,5287408,5238982,5265473,5255055,5287187,9246091,9246091,10
2025-10-02 15:22:48,115789,pairwise,VerletListsCells,1.000000,vlc_sliced_balanced,none,SoA,enabled,33030716,3705129,3610286,3572047,3445154,3559030,3496002,3545914,3536223,3439471,6493996,6493996,10
2025-10-02 15:22:48,115799,pairwise,VerletListsCells,1.000000,vlc_sliced_balanced,squared-particles-per-cell,AoS,disabled,18259839,3389093,3337018,3311893,3317349,3323233,3310329,3306300,3303407,3298978,4815743,4815743,10
2025-10-02 15:22:48,115809,pairwise,VerletListsCells,1.000000,vlc_sliced_balanced,squared-particles-per-cell,AoS,enabled,15961206,1774606,1721032,1713292,1717731,1719911,1716800,1720799,1707447,1705009,3145782,3145782,10
2025-10-02 15:22:48,115819,pairwise,VerletListsCells,1.000000,vlc_sliced_balanced,squared-particles-per-cell,SoA,disabled,44401213,5524100,5369771,5324796,5321427,5320364,5289375,5287009,5296035,5312061,9244614,9244614,10
2025-10-02 15:22:48,115829,pairwise,VerletListsCells,1.000000,vlc_sliced_balanced,squared-particles-per-cell,SoA,enabled,34424952,3663628,3576468,3610312,3600281,3590764,3599595,3498208,3600243,3578829,6674327,6674327,10
2025-10-02 15:22:48,115839,pairwise,VerletListsCells,1.000000,vlc_sliced_balanced,neighbor-list-length,AoS,disabled,18061789,3351990,3319556,3317347,3313185,3316180,3307472,3307131,3338027,3308961,4794163,4794163,10
2025-10-02 15:22:48,115849,pairwise,VerletListsCells,1.000000,vlc_sliced_balanced,neighbor-list-length,AoS,enabled,15969090,1739475,1709969,1703876,1702476,1698324,1702314,1703052,1701805,1700984,3133136,3133136,10
2025-10-02 15:22:48,115859,pairwise,VerletListsCells,1.000000,vlc_sliced_balanced,neighbor-list-length,SoA,disabled,44803102,5682871,5515586,5384090,5409555,5361221,5209933,5214788,5175620,5169512,9292627,9292627,10
2025-10-02 15:22:48,115869,pairwise,VerletListsCells,1.000000,vlc_sliced_balanced,neighbor-list-length,SoA,enabled,34474166,3671353,3679128,3404647,3403064,3386154,3387623,3397066,3396898,3572224,6577232,6577232,10
2025-10-02 15:22:48,115879,pairwise,VerletListsCells,1.000000,vlc_sliced_c02,none,AoS,disabled,18591938,4017391,4123778,4130698,3960823,3768603,3983491,4074917,4006422,3956275,5461433,5461433,10
2025-10-02 15:22:48,115889,pairwise,VerletListsCells,1.000000,vlc_sliced_c02,none,AoS,enabled,16441346,2190435,2068733,2173868,2239670,2056327,2077013,2143445,2060221,2071654,3552270,3552270,10
2025-10-02 15:22:48,115899,pairwise,VerletListsCells,1.000000,vlc_sliced_c02,none,SoA,disabled,45250229,6357380,6103913,6129431,5933289,5804021,5835014,5900811,5936160,5787783,9903802,9903802,10
2025-10-02 15:22:48,115909,pairwise,VerletListsCells,1.000000,vlc_sliced_c02,none,SoA,enabled,35126526,4005866,3590367,3726353,3880606,3716353,3875625,3743766,3759081,3905865,6933040,6933040,10
2025-10-02 15:22:49,115919,pairwise,PairwiseVerletLists,1.000000,vlp_c01,none,AoS,disabled,22622161,2288553,2272846,2251035,2254073,2253096,2250098,2265296,2262899,2257341,4297739,4297739,10
2025-10-02 15:22:49,115929,pairwise,PairwiseVerletLists,1.000000,vlp_c01,none,SoA,disabled,78627069,5204548,4936701,4887960,4867550,4866022,4856440,4838537,4837772,4814956,12273755,12273755,10
2025-10-02 15:22:49,115939,pairwise,PairwiseVerletLists,1.000000,vlp_c18,none,AoS,disabled,20238818,2539596,2533926,2513004,2510606,2524286,2515789,2526948,2510895,2513586,4292744,4292744,10
2025-10-02 15:22:49,115949,pairwise,PairwiseVerletLists,1.000000,vlp_c18,none,AoS,enabled,20052159,2349184,2334953,2342177,2343565,2328868,2347702,2325790,2336066,2337842,4109829,4109829,10
2025-10-02 15:22:49,115959,pairwise,PairwiseVerletLists,1.000000,vlp_c18,none,SoA,disabled,91228359,5597942,5451666,5403233,5375106,5372888,5373215,5423047,5375232,5383429,13998411,13998411,10
2025-10-02 15:22:49,115969,pairwise,PairwiseVerletLists,1.000000,vlp_c18,none,SoA,enabled,72045997,5192574,4953993,4931581,4920556,4905982,4911290,4896325,4906669,4911841,11657680,11657680,10
2025-10-02 15:22:49,115979,pairwise,PairwiseVerletLists,1.000000,vlp_sliced,none,AoS,disabled,22360427,4582757,4527307,4468746,4519282,4531145,4551303,4519121,4527484,4320410,6290797,6290797,10
2025-10-02 15:22:49,115989,pairwise,PairwiseVerletLists,1.000000,vlp_sliced,none,AoS,enabled,20567876,2434353,2580015,2594268,2372114,2563950,2578816,2581267,2572882,2570098,4341563,4341563,10
2025-10-02 15:22:49,115999,pairwise,PairwiseVerletLists,1.000000,vlp_sliced,none,SoA,disabled,89955358,8529420,8479416,8342250,8193780,8377155,8399129,8440207,8384325,8358479,16545951,16545951,10
2025-10-02 15:22:49,116009,pairwise,PairwiseVerletLists,1.000000,vlp_sliced,none,SoA,enabled,73027586,6412573,6263373,6164562,6250093,6229232,6255360,6276383,6317321,6240977,12943745,12943745,10
2025-10-02 15:22:50,116019,pairwise,PairwiseVerletLists,1.000000,vlp_sliced_balanced,none,AoS,disabled,22601436,4550972,4506919,4480407,4471505,4469461,4459940,4457884,4450116,4435150,6288378,6288378,10
2025-10-02 15:22:50,116029,pairwise,PairwiseVerletLists,1.000000,vlp_sliced_balanced,none,AoS,enabled,20744408,2601404,2561417,2540624,2562728,2560432,2565712,2555879,2569163,2592288,4385405,4385405,10
2025-10-02 15:22:50,116039,pairwise,PairwiseVerletLists,1.000000,vlp_sliced_balanced,none,SoA,disabled,90146717,8547134,8372138,8385643,8379479,8384264,8339839,8401972,8411156,8398651,16576698,16576698,10
2025-10-02 15:22:50,116049,pairwise,PairwiseVerletLists,1.000000,vlp_sliced_balanced,none,SoA,enabled,74020128,6419363,6249614,6091601,5994582,6015222,5956497,5995038,6240051,6236588,12921867,12921867,10
2025-10-02 15:22:50,116059,pairwise,PairwiseVerletLists,1.000000,vlp_sliced_c02,none,AoS,disabled,23723094,5715872,5692381,5631967,5452504,5661986,5656443,5335408,5686398,5345741,7390179,7390179,10
2025-10-02 15:22:50,116069,pairwise,PairwiseVerletLists,1.000000,vlp_sliced_c02,none,AoS,enabled,21522121,3275045,3109592,3175853,3204496,3275738,3104925,3086841,3023631,3089047,4986728,4986728,10
2025-10-02 15:22:50,116079,pairwise,PairwiseVerletLists,1.000000,vlp_sliced_c02,none,SoA,disabled,94442487,10013566,9783714,9750071,9952587,9921817,9815454,9665676,9864747,9887225,18309733,18309733,10
2025-10-02 15:22:50,116089,pairwise,PairwiseVerletLists,1.000000,vlp_sliced_c02,none,SoA,enabled,73404080,7202772,7185934,6960834,7157971,7157328,7184493,7135305,7141782,7064632,13759513,13759513,10
2025-10-02 15:22:50,116099,pairwise,PairwiseVerletLists,1.000000,vlp_c08,none,AoS,disabled,22023834,4191460,4174805,4173693,4170109,4158010,4159787,4171505,4159800,4165753,5954874,5954874,10
2025-10-02 15:22:50,116109,pairwise,PairwiseVerletLists,1.000000,vlp_c08,none,AoS,enabled,21117609,2802920,2772626,2771727,2769021,2769246,2763567,2760700,2758139,2771726,4605727,4605727,10
2025-10-02 15:22:51,116119,pairwise,PairwiseVerletLists,1.000000,vlp_c08,none,SoA,disabled,88845024,7890244,7861639,7861775,7845291,7849312,7854908,7879360,7856398,7865191,15960913,15960913,10
2025-10-02 15:22:51,116129,pairwise,PairwiseVerletLists,1.000000,vlp_c08,none,SoA,enabled,72339595,6133080,6030796,6020810,6010262,6033397,6015422,6025613,6023464,6009855,12664229,12664229,10
2025-10-02 15:26:38,120009,pairwise,LinkedCells,1.000000,lc_c01,none,AoS,disabled,2746565,2695242,2699662,2687087,2695559,2694409,2692609,2697986,2692255,2691909,2699327,2699327,10
2025-10-02 15:26:38,120019,pairwise,LinkedCells,1.000000,lc_c01,none,SoA,disabled,4347725,3558235,3500745,3504174,3507064,3533585,3513828,3562409,3577307,3531395,3613646,3613646,10
2025-10-02 15:26:38,120029,pairwise,LinkedCells,1.000000,lc_c01_combined_SoA,none,SoA,disabled,3455798,3501676,3477948,3477376,3507996,3474554,3484268,3535475,3567527,3550293,3503291,3503291,10
2025-10-02 15:26:38,120039,pairwise,LinkedCells,1.000000,lc_c04,none,AoS,disabled,3219549,3116353,3186212,3120940,3147366,3076947,3122315,3084584,3125704,3113439,3131340,3131340,10
2025-10-02 15:26:38,120049,pairwise,LinkedCells,1.000000,lc_c04,none,AoS,enabled,2381353,2355478,2326902,2335733,2318364,2320661,2353297,2279138,2321598,2303909,2329642,2329642,10
2025-10-02 15:26:38,120059,pairwise,LinkedCells,1.000000,lc_c04,none,SoA,disabled,3173096,3092655,3110732,3068350,3072991,3089326,3091061,3095980,3075140,3091808,3096113,3096113,10
2025-10-02 15:26:38,120069,pairwise,LinkedCells,1.000000,lc_c04,none,SoA,enabled,2418995,2346114,2352208,2362135,2362045,2351292,2450880,2369013,2374965,2385922,2377356,2377356,10
2025-10-02 15:26:38,120079,pairwise,LinkedCells,1.000000,lc_c04_HCP,none,AoS,disabled,1666537,1574615,1570862,1574719,1560916,1559866,1569637,1589871,1570262,1572908,1581019,1581019,10
2025-10-02 15:26:38,120089,pairwise,LinkedCells,1.000000,lc_c04_HCP,none,AoS,enabled,1255730,1241561,1260249,1231012,1244366,1230405,1231623,1229346,1231896,1231847,1238802,1238802,10
2025-10-02 15:26:38,120099,pairwise,LinkedCells,1.000000,lc_c04_HCP,none,SoA,disabled,2915349,2821976,2808186,2793893,2818494,2825355,2838537,2827392,2827973,2831250,2830839,2830839,10
2025-10-02 15:26:38,120109,pairwise,LinkedCells,1.000000,lc_c04_HCP,none,SoA,enabled,2655484,2605983,2588511,2620958,2585764,2587418,2593025,2600326,2630840,2604754,2607306,2607306,10
2025-10-02 15:26:38,120119,pairwise,LinkedCells,1.000000,lc_c04_combined_SoA,none,SoA,disabled,3604681,3561489,3536790,3534552,3534871,3536210,3547825,3565640,3575500,3528890,3552644,3552644,10
2025-10-02 15:26:38,120129,pairwise,LinkedCells,1.000000,lc_c04_combined_SoA,none,SoA,enabled,3289090,3172323,3180380,3192912,3195998,3220066,3194493,3162419,3186745,3182776,3197720,3197720,10
2025-10-02 15:26:38,120139,pairwise,LinkedCells,1.000000,lc_c08,none,AoS,disabled,2547055,2407122,2392564,2376943,2378812,2331429,2331042,2344913,2339656,2328718,2377825,2377825,10
2025-10-02 15:26:38,120149,pairwise,LinkedCells,1.000000,lc_c08,none,AoS,enabled,2158573,2147167,2153243,2146369,2150645,2151920,2150970,2148317,2141324,2153878,2150239,2150239,10
2025-10-02 15:26:38,120159,pairwise,LinkedCells,1.000000,lc_c08,none,SoA,disabled,3875505,3728361,3753437,3758169,3739941,3744852,3852626,3840131,3865995,3841638,3800065,3800065,10
2025-10-02 15:26:38,120169,pairwise,LinkedCells,1.000000,lc_c08,none,SoA,enabled,3654253,3673477,3646796,3678324,3665624,3692765,3674629,3678671,3653165,3662875,3668057,3668057,10
2025-10-02 15:26:38,120179,pairwise,LinkedCells,1.000000,lc_c18,none,AoS,disabled,2526094,2506996,2498938,2495574,2506392,2492742,2553721,2511834,2490402,2496462,2507914,2507914,10
2025-10-02 15:26:38,120189,pairwise,LinkedCells,1.000000,lc_c18,none,AoS,enabled,2326659,2312562,2328915,2327961,2351609,2310111,2374669,2314248,2301498,2337670,2328589,2328589,10
2025-10-02 15:26:38,120199,pairwise,LinkedCells,1.000000,lc_c18,none,SoA,disabled,3385848,3255197,3296088,3263897,3250545,3256241,3266922,3327633,3313167,3275875,3289141,3289141,10
2025-10-02 15:26:38,120209,pairwise,LinkedCells,1.000000,lc_c18,none,SoA,enabled,3110868,3122129,3088451,3090533,3078576,3142713,3089179,3087214,3090295,3142944,3104289,3104289,10
2025-10-02 15:26:38,120219,pairwise,LinkedCells,1.000000,lc_sliced,none,AoS,disabled,4782139,4682712,4685883,4672871,4738694,4719692,4306190,4647817,4642344,4698759,4657709,4657709,10
2025-10-02 15:26:38,120229,pairwise,LinkedCells,1.000000,lc_sliced,none,AoS,enabled,3202821,3159917,3426883,3412406,3405875,3447537,3166065,3409787,3402168,3417971,3345142,3345142,10
2025-10-02 15:26:38,120239,pairwise,LinkedCells,1.000000,lc_sliced,none,SoA,disabled,4419745,4252734,3894952,3878932,4138435,4188720,4168989,4173920,4155745,4179557,4145172,4145172,10
2025-10-02 15:26:38,120249,pairwise,LinkedCells,1.000000,lc_sliced,none,SoA,enabled,2988584,2940210,2970253,2842814,2931092,2914074,2938503,2914360,2935266,2948906,2932406,2932406,10
2025-10-02 15:26:39,120259,pairwise,LinkedCells,1.000000,lc_sliced_balanced,none,AoS,disabled,4688507,4654190,4638517,4650522,4646598,4638428,4643794,4655206,4649119,4638810,4650368,4650368,10
2025-10-02 15:26:39,120269,pairwise,LinkedCells,1.000000,lc_sliced_balanced,none,AoS,enabled,3432568,3446177,3442676,3444285,3442490,3434271,3424539,3422335,3423923,3427700,3434096,3434096,10
2025-10-02 15:26:39,120279,pairwise,LinkedCells,1.000000,lc_sliced_balanced,none,SoA,disabled,4319088,4164666,4146952,4142469,4131107,4138224,4113542,4134156,4121004,4126591,4153779,4153779,10
2025-10-02 15:26:39,120289,pairwise,LinkedCells,1.000000,lc_sliced_balanced,none,SoA,enabled,2971165,2915585,2900708,2900565,2888125,2887302,2878827,3073443,2888343,2889796,2919385,2919385,10
2025-10-02 15:26:39,120299,pairwise,LinkedCells,1.000000,lc_sliced_balanced,squared-particles-per-cell,AoS,disabled,4887942,4684057,4621369,4618336,4642043,4626635,4651351,4633405,4639897,4633062,4663809,4663809,10
2025-10-02 15:26:39,120309,pairwise,LinkedCells,1.000000,lc_sliced_balanced,squared-particles-per-cell,AoS,enabled,3572421,3438811,3428979,3415414,3421591,3399415,3423616,3412450,3431148,3405841,3434968,3434968,10
2025-10-02 15:26:39,120319,pairwise,LinkedCells,1.000000,lc_sliced_balanced,squared-particles-per-cell,SoA,disabled,10357180,9619563,9607588,9643240,9577632,9565832,9536504,9592475,9578601,9546495,9662510,9662510,10
2025-10-02 15:26:39,120329,pairwise,LinkedCells,1.000000,lc_sliced_balanced,squared-particles-per-cell,SoA,enabled,9170032,9205362,9032590,9091551,9117066,9177621,9074259,9079566,9130349,9256692,9133508,9133508,10
2025-10-02 15:26:39,120339,pairwise,LinkedCells,1.000000,lc_sliced_c02,none,AoS,disabled,4883567,4844801,4590023,4749585,4520872,4498264,4730380,4724972,4189424,4193569,4592545,4592545,10
2025-10-02 15:26:39,120349,pairwise,LinkedCells,1.000000,lc_sliced_c02,none,AoS,enabled,3441100,3397505,3413086,3297310,3442997,3445583,3257473,3417794,3329609,3412370,3385482,3385482,10
2025-10-02 15:26:39,120359,pairwise,LinkedCells,1.000000,lc_sliced_c02,none,SoA,disabled,5090718,4190191,4369693,4248777,4100023,4032486,4253191,4261200,4334875,3999357,4288050,4288050,10
2025-10-02 15:26:39,120369,pairwise,LinkedCells,1.000000,lc_sliced_c02,none,SoA,enabled,3080789,2925602,2914142,2821912,2847557,2892286,2884842,2878585,2828342,2900040,2897409,2897409,10
2025-10-02 15:26:39,120379,pairwise,VerletClusterLists,1.000000,vcl_c01_balanced,none,AoS,disabled,12285822,2342098,2346137,2324172,2339003,2362069,2359462,2346553,2350415,2345614,3340134,3340134,10
2025-10-02 15:26:39,120389,pairwise,VerletClusterLists,1.000000,vcl_c01_balanced,none,SoA,disabled,8351561,903924,897647,902509,891520,892118,897078,896552,893365,893864,1642013,1642013,10
2025-10-02 15:26:39,120399,pairwise,VerletClusterLists,1.000000,vcl_c06,none,AoS,disabled,20314412,13628962,14300513,13130944,13321669,13522045,13281800,13170058,14174873,13098338,14194360,14194360,10
2025-10-02 15:26:39,120409,pairwise,VerletClusterLists,1.000000,vcl_c06,none,AoS,enabled,10375486,6769694,6623719,6757642,6546221,6662131,6647129,6664216,6570884,6553211,7017032,7017032,10
2025-10-02 15:26:39,120419,pairwise,VerletClusterLists,1.000000,vcl_c06,none,SoA,disabled,12614107,5580994,5489237,5444561,5456922,5291956,5636737,5463429,5588966,5598570,6216547,6216547,10
2025-10-02 15:26:40,120429,pairwise,VerletClusterLists,1.000000,vcl_c06,none,SoA,enabled,6910694,3292829,3126101,3198996,3233300,3327909,3297327,3103863,3130203,3291201,3591242,3591242,10
2025-10-02 15:26:40,120439,pairwise,VerletClusterLists,1.000000,vcl_sliced,none,AoS,disabled,22244623,15294065,16076036,14224121,15247350,15998144,15233298,14428410,15966217,15247319,15995958,15995958,10
2025-10-02 15:26:40,120449,pairwise,VerletClusterLists,1.000000,vcl_sliced,none,AoS,enabled,12326841,8518292,8519681,8536534,8700900,8578493,8502698,8589328,8689998,8473845,8943660,8943660,10
2025-10-02 15:26:40,120459,pairwise,VerletClusterLists,1.000000,vcl_sliced,none,SoA,disabled,12440229,5404117,5282826,5297832,5345475,5287086,5288040,5282083,5289372,5301710,6021876,6021876,10
2025-10-02 15:26:40,120469,pairwise,VerletClusterLists,1.000000,vcl_sliced,none,SoA,enabled,6925297,2921667,2922970,2911298,2916763,2924595,2915792,2920027,2890435,2898183,3314702,3314702,10
2025-10-02 15:26:40,120479,pairwise,VerletClusterLists,1.000000,vcl_sliced_balanced,none,AoS,disabled,22650019,15526903,15628596,15549799,15543126,15560330,15552098,15577372,15629292,15568304,16278583,16278583,10
2025-10-02 15:26:40,120489,pairwise,VerletClusterLists,1.000000,vcl_sliced_balanced,none,AoS,enabled,12425496,8717784,8719363,8690492,8713219,8724526,8719329,8727757,8706984,8743345,9088828,9088828,10
2025-10-02 15:26:40,120499,pairwise,VerletClusterLists,1.000000,vcl_sliced_balanced,none,SoA,disabled,12581870,5294722,5290194,5287513,5290796,5294465,5298968,5276941,5286938,5287188,6018959,6018959,10
2025-10-02 15:26:40,120509,pairwise,VerletClusterLists,1.000000,vcl_sliced_balanced,none,SoA,enabled,6758210,2906698,2895124,2893817,2885555,2891594,2889652,2887924,2890271,2893576,3279242,3279242,10
2025-10-02 15:26:40,120519,pairwise,VerletClusterLists,1.000000,vcl_sliced_balanced,neighbor-list-length,AoS,disabled,23225608,14844398,14792692,14814213,14808076,14815310,14801034,14807377,14794231,14926777,15662971,15662971,10
2025-10-02 15:26:41,120529,pairwise,VerletClusterLists,1.000000,vcl_sliced_balanced,neighbor-list-length,AoS,enabled,12075498,8410160,8420251,8399615,8381330,8398479,8415929,8395346,8382281,8411679,8769056,8769056,10
2025-10-02 15:26:41,120539,pairwise,VerletClusterLists,1.000000,vcl_sliced_balanced,neighbor-list-length,SoA,disabled,12364844,5310923,5320597,5328339,5315408,5315454,5316521,5307441,5305828,5326347,6021169,6021169,10
2025-10-02 15:26:41,120549,pairwise,VerletClusterLists,1.000000,vcl_sliced_balanced,neighbor-list-length,SoA,enabled,6740528,2918058,2917917,2920443,2922955,2929504,2908236,2912721,2914880,2913657,3299889,3299889,10
2025-10-02 15:26:41,120559,pairwise,VerletClusterLists,1.000000,vcl_sliced_c02,none,AoS,disabled,27732454,19435417,20916604,19541254,19473749,19432580,20690565,19442746,19434494,19502175,20560203,20560203,10
2025-10-02 15:26:41,120569,pairwise,VerletClusterLists,1.000000,vcl_sliced_c02,none,AoS,enabled,14766757,11014355,10914228,10477781,10390265,10824928,10393976,10805038,10830693,10819689,11123770,11123770,10
2025-10-02 15:26:41,120579,pairwise,VerletClusterLists,1.000000,vcl_sliced_c02,none,SoA,disabled,14602413,7085967,7070103,7068804,6883335,7060172,6889693,6910719,6855802,7098598,7752559,7752559,10
2025-10-02 15:26:41,120589,pairwise,VerletClusterLists,1.000000,vcl_sliced_c02,none,SoA,enabled,7449324,3715562,3648243,3881112,3706556,3710968,3819604,3758686,4081689,3813840,4158557,4158557,10
2025-10-02 15:26:41,120599,pairwise,VerletLists,1.000000,vl_list_iteration,none,AoS,disabled,8862419,918921,896204,876643,876098,871935,880509,879295,898298,896273,1685658,1685658,10
2025-10-02 15:26:41,120609,pairwise,VerletLists,1.000000,vl_list_iteration,none,SoA,disabled,22539757,2240926,2059383,2042252,2035705,2020016,1958399,2080290,2040568,1976419,4099370,4099370,10
2025-10-02 15:26:41,120619,pairwise,VerletListsCells,1.000000,vlc_c01,none,AoS,disabled,25704893,1882492,1864502,1880674,1860492,1877500,1890103,1905130,1875742,1868449,4260997,4260997,10
2025-10-02 15:26:41,120629,pairwise,VerletListsCells,1.000000,vlc_c01,none,SoA,disabled,42358163,3525470,3397830,3348281,3305554,3268854,3430156,3527952,3554856,3538134,7325524,7325524,10
2025-10-02 15:26:41,120639,pairwise,VerletListsCells,1.000000,vlc_c18,none,AoS,disabled,17369086,2108974,2104512,2097135,2102764,2095035,2103578,2091278,2092984,2097400,3626274,3626274,10
2025-10-02 15:26:41,120649,pairwise,VerletListsCells,1.000000,vlc_c18,none,AoS,enabled,15987792,1969121,1967978,1973974,1974016,2038509,1978281,1966212,1968204,1959971,3378405,3378405,10
2025-10-02 15:26:41,120659,pairwise,VerletListsCells,1.000000,vlc_c18,none,SoA,disabled,43168111,4252560,4061458,4023078,4017031,3998022,3995224,3964145,4001230,3979309,7946016,7946016,10
2025-10-02 15:26:42,120669,pairwise,VerletListsCells,1.000000,vlc_c18,none,SoA,enabled,33177324,3991929,3888042,3856385,3831036,3831582,3813775,3817689,3815956,3830562,6785427,6785427,10
2025-10-02 15:26:42,120679,pairwise,VerletListsCells,1.000000,vlc_c08,none,AoS,disabled,12874341,1909843,1910693,1910957,1923451,1915075,1909124,1913140,1920233,1907689,3009454,3009454,10
2025-10-02 15:26:42,120689,pairwise,VerletListsCells,1.000000,vlc_c08,none,AoS,enabled,12571688,1793506,1795249,1799961,1789466,1798628,1790970,1789964,1852431,1799205,2878106,2878106,10
2025-10-02 15:26:42,120699,pairwise,VerletListsCells,1.000000,vlc_c08,none,SoA,disabled,36950083,4079688,3810335,3827812,3811651,3788903,3795019,3798074,3783576,3772614,7141775,7141775,10
2025-10-02 15:26:42,120709,pairwise,VerletListsCells,1.000000,vlc_c08,none,SoA,enabled,30758794,3811743,3735701,3696181,3711399,3686141,3723514,3715659,3687275,3671127,6419752,6419752,10
2025-10-02 15:26:42,120719,pairwise,VerletListsCells,1.000000,vlc_sliced,none,AoS,disabled,18728245,3362177,3328477,3287572,3279464,3279689,3297770,3201797,3287985,3280658,4833382,4833382,10
2025-10-02 15:26:42,120729,pairwise,VerletListsCells,1.000000,vlc_sliced,none,AoS,enabled,15953888,1680006,1686229,1698368,1645382,1671727,1675034,1696769,1707440,1705632,3112047,3112047,10
2025-10-02 15:26:42,120739,pairwise,VerletListsCells,1.000000,vlc_sliced,none,SoA,disabled,44791062,5602621,5455352,5381463,5287250,5312081,5385410,5343991,5336463,5414934,9331062,9331062,10
2025-10-02 15:26:42,120749,pairwise,VerletListsCells,1.000000,vlc_sliced,none,SoA,enabled,32495518,3638770,3543541,3555302,3609583,3520218,3529705,3522822,3603246,3554510,6457321,6457321,10
2025-10-02 15:26:42,120759,pairwise,VerletListsCells,1.000000,vlc_sliced_balanced,none,AoS,disabled,18705812,3335044,3309726,3293101,3279393,3274512,3281225,3284868,3288928,3274500,4832710,4832710,10
2025-10-02 15:26:42,120769,pairwise,VerletListsCells,1.000000,vlc_sliced_balanced,none,AoS,enabled,15780266,1696399,1663845,1657591,1661049,1658480,1664092,1670359,1668535,1656781,3077738,3077738,10
2025-10-02 15:26:42,120779,pairwise,VerletListsCells,1.000000,vlc_sliced_balanced,none,SoA,disabled,44699806,5593139,5414137,5359434,5367450,5279288,5340865,5306910,5343116,5353255,9305740,9305740,10
2025-10-02 15:26:42,120789,pairwise,VerletListsCells,1.000000,vlc_sliced_balanced,none,SoA,enabled,32948364,3722554,3638481,3584584,3548667,3548962,3571947,3520203,3402207,3521665,6500763,6500763,10
2025-10-02 15:26:42,120799,pairwise,VerletListsCells,1.000000,vlc_sliced_balanced,squared-particles-per-cell,AoS,disabled,18424938,3477873,3402003,3382968,3378893,3371972,3364175,3361018,3359789,3370905,4889452,4889452,10
2025-10-02 15:26:42,120809,pairwise,VerletListsCells,1.000000,vlc_sliced_balanced,squared-particles-per-cell,AoS,enabled,16111470,1796518,1748644,1734952,1739609,1735184,1737169,1731061,1742978,1739518,3181710,3181710,10
2025-10-02 15:26:42,120819,pairwise,VerletListsCells,1.000000,vlc_sliced_balanced,squared-particles-per-cell,SoA,disabled,44478786,5538563,5327873,5218238,5256120,5300405,5325631,5285009,5310550,5299102,9234027,9234027,10
2025-10-02 15:26:43,120829,pairwise,VerletListsCells,1.000000,vlc_sliced_balanced,squared-particles-per-cell,SoA,enabled,34551596,3635294,3603333,3507450,3551927,3579458,3577673,3594704,3575043,3653596,6683006,6683006,10
2025-10-02 15:26:43,120839,pairwise,VerletListsCells,1.000000,vlc_sliced_balanced,neighbor-list-length,AoS,disabled,18393009,3432710,3379148,3360149,3355578,3373956,3349963,3376709,3362626,3389094,4877294,4877294,10
2025-10-02 15:26:43,120849,pairwise,VerletListsCells,1.000000,vlc_sliced_balanced,neighbor-list-length,AoS,enabled,15984359,1753694,1738785,1737854,1728113,1727531,1731794,1732275,1736579,1722243,3159322,3159322,10
2025-10-02 15:26:43,120859,pairwise,VerletListsCells,1.000000,vlc_sliced_balanced,neighbor-list-length,SoA,disabled,44405508,5594727,5313980,5297239,5221291,5260961,5327006,5344540,5438429,5373325,9257700,9257700,10
2025-10-02 15:26:43,120869,pairwise,VerletListsCells,1.000000,vlc_sliced_balanced,neighbor-list-length,SoA,enabled,34310111,3796618,3686431,3469119,3442804,3421636,3379444,3355029,3422907,3415164,6569925,6569925,10
2025-10-02 15:26:43,120879,pairwise,VerletListsCells,1.000000,vlc_sliced_c02,none,AoS,disabled,18921456,3912605,4049521,3845164,3974690,3882396,3915305,4041479,4012279,3984553,5453944,5453944,10
2025-10-02 15:26:43,120889,pairwise,VerletListsCells,1.000000,vlc_sliced_c02,none,AoS,enabled,16335003,2107555,2094214,2122143,2108349,2071930,2119754,2017183,2021323,2098912,3509635,3509635,10
2025-10-02 15:26:43,120899,pairwise,VerletListsCells,1.000000,vlc_sliced_c02,none,SoA,disabled,45066240,6219812,5964461,5954002,5977284,5932130,5800443,5814431,5925709,5796994,9845150,9845150,10
2025-10-02 15:26:43,120909,pairwise,VerletListsCells,1.000000,vlc_sliced_c02,none,SoA,enabled,34604473,4050399,3941766,3994000,3936740,3911141,4006797,3873253,3730176,3939806,6998854,6998854,10
2025-10-02 15:26:43,120919,pairwise,PairwiseVerletLists,1.000000,vlp_c01,none,AoS,disabled,22748728,2275917,2259047,2243748,2235954,2245601,2235909,2223725,2244817,2242679,4295612,4295612,10
2025-10-02 15:26:43,120929,pairwise,PairwiseVerletLists,1.000000,vlp_c01,none,SoA,disabled,73936772,5269205,4971689,4907285,4930439,4889568,4897705,4896274,4882499,4869244,11845067,11845067,10
2025-10-02 15:26:43,120939,pairwise,PairwiseVerletLists,1.000000,vlp_c18,none,AoS,disabled,19875205,2531468,2557810,2505680,2515944,2512189,2498761,2501966,2503017,2494693,4249673,4249673,10
2025-10-02 15:26:43,120949,pairwise,PairwiseVerletLists,1.000000,vlp_c18,none,AoS,enabled,20061710,2341039,2333136,2317411,2331303,2327359,2332373,2326385,2329616,2334635,4103495,4103495,10
2025-10-02 15:26:44,120959,pairwise,PairwiseVerletLists,1.000000,vlp_c18,none,SoA,disabled,89568784,5598101,5443026,5395238,5376145,5365258,5359094,5369967,5372070,5362925,13821060,13821060,10
2025-10-02 15:26:44,120969,pairwise,PairwiseVerletLists,1.000000,vlp_c18,none,SoA,enabled,71571264,5199500,4984429,4906539,4898577,4885251,4892039,4863519,4882975,4864816,11594890,11594890,10
2025-10-02 15:26:44,120979,pairwise,PairwiseVerletLists,1.000000,vlp_sliced,none,AoS,disabled,22182792,4466491,4541220,4641344,4608059,4614028,4578074,4616752,4587307,4632545,6346860,6346860,10
2025-10-02 15:26:44,120989,pairwise,PairwiseVerletLists,1.000000,vlp_sliced,none,AoS,enabled,20658359,2639370,2627398,2628183,2598297,2591463,2556567,2493177,2613489,2579293,4398559,4398559,10
2025-10-02 15:26:44,120999,pairwise,PairwiseVerletLists,1.000000,vlp_sliced,none,SoA,disabled,89479618,8893423,8653018,8495339,8367096,8598935,8667759,8481765,8287616,8333844,16625841,16625841,10
2025-10-02 15:26:44,121009,pairwise,PairwiseVerletLists,1.000000,vlp_sliced,none,SoA,enabled,72514169,6413902,6308637,6253488,6331342,6310003,6348294,6247634,6329593,6328831,12938588,12938588,10
2025-10-02 15:26:44,121019,pairwise,PairwiseVerletLists,1.000000,vlp_sliced_balanced,none,AoS,disabled,22277095,4607670,4543876,4573336,4532985,4537210,4520090,4484505,4654541,4667238,6339854,6339854,10
2025-10-02 15:26:44,121029,pairwise,PairwiseVerletLists,1.000000,vlp_sliced_balanced,none,AoS,enabled,21209040,2680914,2796499,2597416,2775019,2607499,2723766,2656883,2682452,2607640,4533712,4533712,10
2025-10-02 15:26:44,121039,pairwise,PairwiseVerletLists,1.000000,vlp_sliced_balanced,none,SoA,disabled,90097173,8699604,8500173,8538008,8503836,8537709,8506921,8528692,8514807,8537851,16696476,16696476,10
2025-10-02 15:26:45,121049,pairwise,PairwiseVerletLists,1.000000,vlp_sliced_balanced,none,SoA,enabled,73017707,6453212,6275695,6240308,6246045,6263111,6271568,6242850,6287727,6306927,12960514,12960514,10
2025-10-02 15:26:45,121059,pairwise,PairwiseVerletLists,1.000000,vlp_sliced_c02,none,AoS,disabled,23398415,5616364,5578978,5458430,5619424,5516512,5665774,5627735,5576766,5292160,7335055,7335055,10
2025-10-02 15:26:45,121069,pairwise,PairwiseVerletLists,1.000000,vlp_sliced_c02,none,AoS,enabled,21077399,3093097,3035765,2964612,3051703,3014278,3136807,3105737,2985024,3039039,4850345,4850345,10
2025-10-02 15:26:45,121079,pairwise,PairwiseVerletLists,1.000000,vlp_sliced_c02,none,SoA,disabled,90956134,9938792,9898453,9857748,9699329,9907498,9489683,9897486,9981957,9803804,17943087,17943087,10
2025-10-02 15:26:45,121089,pairwise,PairwiseVerletLists,1.000000,vlp_sliced_c02,none,SoA,enabled,73339688,7215061,7111861,7122939,6837831,7063452,7054276,7197179,7148355,7125633,13721627,13721627,10
2025-10-02 15:26:45,121099,pairwise,PairwiseVerletLists,1.000000,vlp_c08,none,AoS,disabled,21750032,4160258,4139836,4130813,4133931,4136702,4130399,4131862,4126658,4124655,5896514,5896514,10
2025-10-02 15:26:45,121109,pairwise,PairwiseVerletLists,1.000000,vlp_c08,none,AoS,enabled,20985511,2797394,2769494,2766276,2761086,2764535,2767191,2757336,2755280,2754157,4587826,4587826,10
2025-10-02 15:26:45,121119,pairwise,PairwiseVerletLists,1.000000,vlp_c08,none,SoA,disabled,88306064,7882932,7841532,7847289,7849325,7850165,7836839,7837681,7852905,7829013,15893374,15893374,10
2025-10-02 15:26:45,121129,pairwise,PairwiseVerletLists,1.000000,vlp_c08,none,SoA,enabled,72082624,6154273,6037620,6032094,6026326,6008460,6031901,6006992,6017614,6022339,12642024,12642024,10
2025-10-02 15:30:18,125009,pairwise,LinkedCells,1.000000,lc_c01,none,AoS,disabled,2688844,2643655,2639162,2639582,2634898,2639063,2667592,2656261,2638857,2650262,2649817,2649817,10
2025-10-02 15:30:18,125019,pairwise,LinkedCells,1.000000,lc_c01,none,SoA,disabled,4472068,3569038,3559587,3568551,3531545,3575809,3568780,3561727,3560729,3579731,3654756,3654756,10
2025-10-02 15:30:18,125029,pairwise,LinkedCells,1.000000,lc_c01_combined_SoA,none,SoA,disabled,3570379,3564741,3567351,3601992,3564862,3556147,3622118,3601156,3688815,3611465,3594902,3594902,10
2025-10-02 15:30:18,125039,pairwise,LinkedCells,1.000000,lc_c04,none,AoS,disabled,3200157,3181645,3284713,3234132,3143190,3361891,3141213,3182788,3185653,3200807,3211618,3211618,10
2025-10-02 15:30:18,125049,pairwise,LinkedCells,1.000000,lc_c04,none,AoS,enabled,2337663,2428039,2340429,2353139,2352829,2342864,2315442,2322250,2318121,2313580,2342434,2342434,10
2025-10-02 15:30:19,125059,pairwise,LinkedCells,1.000000,lc_c04,none,SoA,disabled,3274814,3113397,3112738,3106471,3114645,3124875,3123061,3118674,3127360,3103084,3131911,3131911,10
2025-10-02 15:30:19,125069,pairwise,LinkedCells,1.000000,lc_c04,none,SoA,enabled,2480177,2429068,2381229,2391379,2399542,2409628,2404080,2396060,2413893,2394254,2409930,2409930,10
2025-10-02 15:30:19,125079,pairwise,LinkedCells,1.000000,lc_c04_HCP,none,AoS,disabled,1616476,1557682,1559774,1566193,1529423,1534021,1528094,1557517,1534433,1550083,1553368,1553368,10
2025-10-02 15:30:19,125089,pairwise,LinkedCells,1.000000,lc_c04_HCP,none,AoS,enabled,1223540,1224816,1221207,1228012,1227940,1236268,1211812,1227047,1227065,1226778,1225448,1225448,10
2025-10-02 15:30:19,125099,pairwise,LinkedCells,1.000000,lc_c04_HCP,none,SoA,disabled,2930632,2885987,2832495,2832970,2870006,2829354,2832743,2825444,2850478,2820984,2851108,2851108,10
2025-10-02 15:30:19,125109,pairwise,LinkedCells,1.000000,lc_c04_HCP,none,SoA,enabled,2672800,2645859,2642653,2630557,2627017,2628893,2651933,2627874,2652045,2655154,2643478,2643478,10
2025-10-02 15:30:19,125119,pairwise,LinkedCells,1.000000,lc_c04_combined_SoA,none,SoA,disabled,3682493,3600524,3606800,3607717,3611817,3626073,3588819,3601042,3566143,3613299,3610472,3610472,10
2025-10-02 15:30:19,125129,pairwise,LinkedCells,1.000000,lc_c04_combined_SoA,none,SoA,enabled,3370123,3273046,3275074,3252177,3261610,3249593,3263653,3267863,3254293,3270740,3273816,3273816,10
2025-10-02 15:30:19,125139,pairwise,LinkedCells,1.000000,lc_c08,none,AoS,disabled,2476423,2353112,2358374,2348690,2345354,2304333,2289334,2274762,2320841,2329738,2340095,2340095,10
2025-10-02 15:30:19,125149,pairwise,LinkedCells,1.000000,lc_c08,none,AoS,enabled,2136485,2129577,2132405,2136528,2121157,2121490,2118872,2131729,2128756,2110913,2126791,2126791,10
2025-10-02 15:30:19,125159,pairwise,LinkedCells,1.000000,lc_c08,none,SoA,disabled,3864183,3773147,3777099,3735131,3903534,3916524,3934974,3925315,3921746,3904868,3865651,3865651,10
2025-10-02 15:30:19,125169,pairwise,LinkedCells,1.000000,lc_c08,none,SoA,enabled,3699128,3692334,3727195,3682338,3709990,3735140,3695344,3697831,3728516,3674343,3704215,3704215,10
2025-10-02 15:30:19,125179,pairwise,LinkedCells,1.000000,lc_c18,none,AoS,disabled,2470139,2439274,2444488,2458982,2500047,2455330,2442187,2438780,2451582,2422546,2452335,2452335,10
2025-10-02 15:30:19,125189,pairwise,LinkedCells,1.000000,lc_c18,none,AoS,enabled,2298375,2284913,2296808,2293980,2295213,2287021,2297637,2298647,2293715,2280475,2292678,2292678,10
2025-10-02 15:30:19,125199,pairwise,LinkedCells,1.000000,lc_c18,none,SoA,disabled,3418741,3302954,3298099,3284007,3288081,3288870,3282953,3310140,3328618,3292858,3309531,3309531,10
2025-10-02 15:30:19,125209,pairwise,LinkedCells,1.000000,lc_c18,none,SoA,enabled,3156864,3130948,3123538,3126040,3126563,3157903,3134243,3133846,3125578,3172381,3138790,3138790,10
2025-10-02 15:30:19,125219,pairwise,LinkedCells,1.000000,lc_sliced,none,AoS,disabled,4544393,4648636,4535984,4520611,4503021,4224274,4490917,4600179,4476027,4578563,4512260,4512260,10
2025-10-02 15:30:19,125229,pairwise,LinkedCells,1.000000,lc_sliced,none,AoS,enabled,3386635,3287778,3279236,3083319,3367025,3361185,3293217,3293814,3303743,3386773,3304272,3304272,10
2025-10-02 15:30:19,125239,pairwise,LinkedCells,1.000000,lc_sliced,none,SoA,disabled,4337378,4210715,4099642,4136008,4068355,4103293,3842077,4130089,4057865,4125502,4111091,4111091,10
2025-10-02 15:30:19,125249,pairwise,LinkedCells,1.000000,lc_sliced,none,SoA,enabled,2958194,2804189,2893757,2929562,2896664,2893303,2923384,2918891,2914048,2937906,2906989,2906989,10
2025-10-02 15:30:19,125259,pairwise,LinkedCells,1.000000,lc_sliced_balanced,none,AoS,disabled,4516458,4490822,4493703,4484750,4490748,4484820,4505577,4515553,4514553,4513205,4501018,4501018,10
2025-10-02 15:30:19,125269,pairwise,LinkedCells,1.000000,lc_sliced_balanced,none,AoS,enabled,3334077,3310931,3309765,3301537,3298406,3315716,3315252,3317369,3315310,3303299,3312165,3312165,10
2025-10-02 15:30:19,125279,pairwise,LinkedCells,1.000000,lc_sliced_balanced,none,SoA,disabled,4205841,4085576,4041824,4033730,4030881,4047152,4025726,4026803,4021329,4026687,4054554,4054554,10
2025-10-02 15:30:19,125289,pairwise,LinkedCells,1.000000,lc_sliced_balanced,none,SoA,enabled,2949598,2856188,2865241,2849935,2872915,2849111,2855265,2854549,2873483,2866788,2869307,2869307,10
2025-10-02 15:30:19,125299,pairwise,LinkedCells,1.000000,lc_sliced_balanced,squared-particles-per-cell,AoS,disabled,4921553,4710743,4661330,4642375,4629514,4628250,4646027,4640734,4657036,4645286,4678284,4678284,10
2025-10-02 15:30:19,125309,pairwise,LinkedCells,1.000000,lc_sliced_balanced,squared-particles-per-cell,AoS,enabled,3436552,3395925,3408439,3413483,3406051,3391613,3411055,3404588,3401779,3404857,3407433,3407433,10
2025-10-02 15:30:20,125319,pairwise,LinkedCells,1.000000,lc_sliced_balanced,squared-particles-per-cell,SoA,disabled,10182191,9222712,9180044,9213549,9159049,9131138,9170331,9282723,9237589,9360230,9313955,9313955,10
2025-10-02 15:30:20,125329,pairwise,LinkedCells,1.000000,lc_sliced_balanced,squared-particles-per-cell,SoA,enabled,9176081,9147861,9098426,9019387,8870106,9026916,8863927,8936496,8931416,8952766,9002337,9002337,10
2025-10-02 15:30:20,125339,pairwise,LinkedCells,1.000000,lc_sliced_c02,none,AoS,disabled,4827045,4485356,4468268,4427281,4629090,4311871,4618583,4476087,4615211,4237362,4509615,4509615,10
2025-10-02 15:30:20,125349,pairwise,LinkedCells,1.000000,lc_sliced_c02,none,AoS,enabled,3301454,3383542,3371163,3279147,3382836,3367318,3186117,3209985,3258742,3240877,3298117,3298117,10
2025-10-02 15:30:20,125359,pairwise,LinkedCells,1.000000,lc_sliced_c02,none,SoA,disabled,5057877,4151394,4204693,4167135,4327944,3995382,4371701,4061907,4140553,4274716,4275329,4275329,10
2025-10-02 15:30:20,125369,pairwise,LinkedCells,1.000000,lc_sliced_c02,none,SoA,enabled,3099880,2838416,2854594,2829615,2801314,2886112,2885629,2852782,2872036,2876687,2879705,2879705,10
2025-10-02 15:30:20,125379,pairwise,VerletClusterLists,1.000000,vcl_c01_balanced,none,AoS,disabled,13546368,2260457,2249726,2251023,2249309,2404228,2252221,2240888,2241572,2251346,3394713,3394713,10
2025-10-02 15:30:20,125389,pairwise,VerletClusterLists,1.000000,vcl_c01_balanced,none,SoA,disabled,10653269,894367,885140,881926,871155,879171,873686,878186,868693,875856,1856144,1856144,10
2025-10-02 15:30:20,125399,pairwise,VerletClusterLists,1.000000,vcl_c06,none,AoS,disabled,24734633,15313177,16718799,15933728,15911161,15330570,15285326,15333208,15305221,15327616,16519343,16519343,10
2025-10-02 15:30:20,125409,pairwise,VerletClusterLists,1.000000,vcl_c06,none,AoS,enabled,12613789,7900473,7325584,7315193,7402091,7310177,7353965,7329316,7330509,7441580,7932267,7932267,10
2025-10-02 15:30:20,125419,pairwise,VerletClusterLists,1.000000,vcl_c06,none,SoA,disabled,15377449,6228117,6428291,6452700,6699987,6564919,6389913,6488152,6444428,6521866,7359582,7359582,10
2025-10-02 15:30:20,125429,pairwise,VerletClusterLists,1.000000,vcl_c06,none,SoA,enabled,8724958,3482373,3455434,3467424,3364519,3538423,3224801,3315826,3473101,3636017,3968287,3968287,10
2025-10-02 15:30:20,125439,pairwise,VerletClusterLists,1.000000,vcl_sliced,none,AoS,disabled,24414030,14834297,14424498,14806649,14795571,14814798,15662373,14809600,14815852,15578220,15895588,15895588,10
2025-10-02 15:30:21,125449,pairwise,VerletClusterLists,1.000000,vcl_sliced,none,AoS,enabled,13369070,8264535,8653500,7987893,8265025,8279599,7994964,8268532,8250705,8623897,8795771,8795771,10
2025-10-02 15:30:21,125459,pairwise,VerletClusterLists,1.000000,vcl_sliced,none,SoA,disabled,14311116,5310800,5322388,5298957,5292412,5311071,5293046,5310968,5302694,5304541,6205798,6205798,10
2025-10-02 15:30:21,125469,pairwise,VerletClusterLists,1.000000,vcl_sliced,none,SoA,enabled,8338403,2926355,2909882,2918707,2912829,2912038,2916289,2909847,2900846,2889785,3453497,3453497,10
2025-10-02 15:30:21,125479,pairwise,VerletClusterLists,1.000000,vcl_sliced_balanced,none,AoS,disabled,24840991,15582825,15620458,15567749,15636189,15604622,15630257,15626531,15573989,15696917,16538052,16538052,10
2025-10-02 15:30:21,125489,pairwise,VerletClusterLists,1.000000,vcl_sliced_balanced,none,AoS,enabled,14301130,8740131,8688583,8707706,8690228,8738473,8706857,8694943,8736117,8703283,9270744,9270744,10
2025-10-02 15:30:21,125499,pairwise,VerletClusterLists,1.000000,vcl_sliced_balanced,none,SoA,disabled,14620940,5320663,5312254,5293789,5311504,5296276,5305129,5293138,5291637,5294411,6233974,6233974,10
2025-10-02 15:30:21,125509,pairwise,VerletClusterLists,1.000000,vcl_sliced_balanced,none,SoA,enabled,8216253,2908036,2896313,2889189,2890473,2900179,2902358,2903118,2883726,2892269,3428190,3428190,10
2025-10-02 15:30:21,125519,pairwise,VerletClusterLists,1.000000,vcl_sliced_balanced,neighbor-list-length,AoS,disabled,24928264,14398990,14269752,14246274,14241337,14270842,14297909,14263585,14255133,14272697,15344478,15344478,10
2025-10-02 15:30:21,125529,pairwise,VerletClusterLists,1.000000,vcl_sliced_balanced,neighbor-list-length,AoS,enabled,13363853,8107341,8071877,8075234,8109951,8082270,8095329,8101548,8099297,8089670,8619636,8619636,10
2025-10-02 15:30:21,125539,pairwise,VerletClusterLists,1.000000,vcl_sliced_balanced,neighbor-list-length,SoA,disabled,15032559,5318131,5319151,5321223,5312788,5318822,5306968,5306563,5317035,5312911,6286614,6286614,10
2025-10-02 15:30:21,125549,pairwise,VerletClusterLists,1.000000,vcl_sliced_balanced,neighbor-list-length,SoA,enabled,8241746,2909040,2906854,2900149,2893560,2885158,2891527,2912604,2897881,2898146,3433666,3433666,10
2025-10-02 15:30:22,125559,pairwise,VerletClusterLists,1.000000,vcl_sliced_c02,none,AoS,disabled,29640686,19009013,19435263,19127537,19281631,19202024,19123102,20982166,19448376,19019478,20426927,20426927,10
2025-10-02 15:30:22,125569,pairwise,VerletClusterLists,1.000000,vcl_sliced_c02,none,AoS,enabled,15529991,10268359,10328664,10267002,10213329,10368783,10254797,10228936,10290245,10265555,10801565,10801565,10
2025-10-02 15:30:22,125579,pairwise,VerletClusterLists,1.000000,vcl_sliced_c02,none,SoA,disabled,15931644,6759606,6748447,6737772,6776911,6740205,6697944,6803818,6767353,7325439,7728913,7728913,10
2025-10-02 15:30:22,125589,pairwise,VerletClusterLists,1.000000,vcl_sliced_c02,none,SoA,enabled,8989076,3697328,3614618,3654481,3571579,3704201,3544516,3623767,3562117,3636500,4159818,4159818,10
2025-10-02 15:30:22,125599,pairwise,VerletLists,1.000000,vl_list_iteration,none,AoS,disabled,8790614,874367,881482,880026,856765,856244,858110,855160,853283,853925,1655997,1655997,10
2025-10-02 15:30:22,125609,pairwise,VerletLists,1.000000,vl_list_iteration,none,SoA,disabled,22409819,2220910,2227928,2232916,2241562,2190421,2183400,2075706,2165802,2170560,4211901,4211901,10
2025-10-02 15:30:22,125619,pairwise,VerletListsCells,1.000000,vlc_c01,none,AoS,disabled,25637429,1859913,1841131,1871090,1873017,1845158,1853664,1843554,1841107,1838803,4230486,4230486,10
2025-10-02 15:30:22,125629,pairwise,VerletListsCells,1.000000,vlc_c01,none,SoA,disabled,41281452,3689697,3569138,3522419,3554366,3519067,3511153,3519154,3514997,3495920,7317736,7317736,10
2025-10-02 15:30:22,125639,pairwise,VerletListsCells,1.000000,vlc_c18,none,AoS,disabled,17432171,2093007,2083858,2086090,2093748,2090063,2096883,2080045,2084615,2076892,3621736,3621736,10
2025-10-02 15:30:22,125649,pairwise,VerletListsCells,1.000000,vlc_c18,none,AoS,enabled,16011200,1992676,1961802,1962583,1962867,1958425,1962390,1968730,1954686,1947186,3368253,3368253,10
2025-10-02 15:30:22,125659,pairwise,VerletListsCells,1.000000,vlc_c18,none,SoA,disabled,41688324,4210959,4030122,4005826,3996482,3980840,3946438,3942776,3955426,3977333,7773452,7773452,10
2025-10-02 15:30:22,125669,pairwise,VerletListsCells,1.000000,vlc_c18,none,SoA,enabled,32437171,3938672,3860040,3833646,3829001,3824303,3809734,3818693,3816772,3782213,6695024,6695024,10
2025-10-02 15:30:22,125679,pairwise,VerletListsCells,1.000000,vlc_c08,none,AoS,disabled,12813819,1908594,1895582,1901037,1891314,1884752,1897883,1893102,1890055,1914781,2989091,2989091,10
2025-10-02 15:30:22,125689,pairwise,VerletListsCells,1.000000,vlc_c08,none,AoS,enabled,12561460,1794288,1786814,1783435,1788556,1784640,1787011,1783429,1776466,1789931,2863602,2863602,10
2025-10-02 15:30:22,125699,pairwise,VerletListsCells,1.000000,vlc_c08,none,SoA,disabled,35765636,4017840,3823066,3785850,3774721,3805700,3774631,3797854,3750979,3781154,7007742,7007742,10
2025-10-02 15:30:22,125709,pairwise,VerletListsCells,1.000000,vlc_c08,none,SoA,enabled,30230442,3786358,3719543,3690725,3655897,3688671,3680043,3681233,3667422,3675929,6347626,6347626,10
2025-10-02 15:30:23,125719,pairwise,VerletListsCells,1.000000,vlc_sliced,none,AoS,disabled,18604412,3220384,3198382,3229499,3003463,3151769,3222947,3152753,3165473,3018980,4696805,4696805,10
2025-10-02 15:30:23,125729,pairwise,VerletListsCells,1.000000,vlc_sliced,none,AoS,enabled,15900174,1687767,1674248,1660776,1590668,1652045,1661391,1632802,1594850,1638078,3069279,3069279,10
2025-10-02 15:30:23,125739,pairwise,VerletListsCells,1.000000,vlc_sliced,none,SoA,disabled,43608965,5420264,5293627,5234554,5150431,5154161,4992113,4968563,4774557,4962286,8955951,8955951,10
2025-10-02 15:30:23,125749,pairwise,VerletListsCells,1.000000,vlc_sliced,none,SoA,enabled,32592793,3375659,3367618,3357357,3141146,3360958,3333851,3529805,3419759,3489205,6296814,6296814,10
2025-10-02 15:30:23,125759,pairwise,VerletListsCells,1.000000,vlc_sliced_balanced,none,AoS,disabled,18764747,3237206,3183643,3160426,3150089,3151861,3154952,3284549,3143977,3136475,4736791,4736791,10
2025-10-02 15:30:23,125769,pairwise,VerletListsCells,1.000000,vlc_sliced_balanced,none,AoS,enabled,15746145,1627262,1606770,1604375,1602893,1599393,1600825,1600294,1597349,1600747,3018605,3018605,10
2025-10-02 15:30:23,125779,pairwise,VerletListsCells,1.000000,vlc_sliced_balanced,none,SoA,disabled,43880657,5542521,5285834,5164803,5132645,5145334,5168332,5150634,5154440,5168696,9079389,9079389,10
2025-10-02 15:30:23,125789,pairwise,VerletListsCells,1.000000,vlc_sliced_balanced,none,SoA,enabled,32412611,3461671,3450738,3469870,3388693,3246664,3396393,3435504,3366640,3275745,6290452,6290452,10
2025-10-02 15:30:23,125799,pairwise,VerletListsCells,1.000000,vlc_sliced_balanced,squared-particles-per-cell,AoS,disabled,18188393,3275338,3208042,3221740,3176774,3173134,3191034,3189468,3181478,3198425,4700381,4700381,10
2025-10-02 15:30:23,125809,pairwise,VerletListsCells,1.000000,vlc_sliced_balanced,squared-particles-per-cell,AoS,enabled,15948272,1703320,1650162,1648111,1643912,1647179,1649236,1644667,1638929,1635722,3080950,3080950,10
2025-10-02 15:30:23,125819,pairwise,VerletListsCells,1.000000,vlc_sliced_balanced,squared-particles-per-cell,SoA,disabled,43625234,5431314,5332165,5204284,5196655,5208207,5153700,5172191,5208639,5192280,9072466,9072466,10
2025-10-02 15:30:23,125829,pairwise,VerletListsCells,1.000000,vlc_sliced_balanced,squared-particles-per-cell,SoA,enabled,34023557,3602245,3549625,3534743,3522583,3526793,3522184,3523297,3441048,3516115,6576218,6576218,10
2025-10-02 15:30:23,125839,pairwise,VerletListsCells,1.000000,vlc_sliced_balanced,neighbor-list-length,AoS,disabled,18211625,3258303,3214361,3207310,3198700,3193272,3194708,3190555,3189232,3183799,4704186,4704186,10
2025-10-02 15:30:23,125849,pairwise,VerletListsCells,1.000000,vlc_sliced_balanced,neighbor-list-length,AoS,enabled,15952982,1686424,1641937,1650379,1642111,1635753,1636954,1642330,1641007,1638595,3076846,3076846,10
2025-10-02 15:30:23,125859,pairwise,VerletListsCells,1.000000,vlc_sliced_balanced,neighbor-list-length,SoA,disabled,43731815,5595192,5410147,5223405,5188046,5170569,5296061,5126766,5105262,5112959,9096021,9096021,10
2025-10-02 15:30:24,125869,pairwise,VerletListsCells,1.000000,vlc_sliced_balanced,neighbor-list-length,SoA,enabled,34192505,3653396,3600470,3374836,3358187,3361830,3362012,3335248,3351156,3356600,6494623,6494623,10
2025-10-02 15:30:24,125879,pairwise,VerletListsCells,1.000000,vlc_sliced_c02,none,AoS,disabled,18715509,3673225,3703402,3875295,3786776,3838436,3796806,3854601,3613030,3708795,5256586,5256586,10
2025-10-02 15:30:24,125889,pairwise,VerletListsCells,1.000000,vlc_sliced_c02,none,AoS,enabled,16170919,2047288,1922108,1942699,1984252,1975475,1974343,1940887,1974819,1987011,3391980,3391980,10
2025-10-02 15:30:24,125899,pairwise,VerletListsCells,1.000000,vlc_sliced_c02,none,SoA,disabled,44080531,6060984,5863557,5842577,5672642,5585838,5773171,5786990,5791411,5826065,9628376,9628376,10
2025-10-02 15:30:24,125909,pairwise,VerletListsCells,1.000000,vlc_sliced_c02,none,SoA,enabled,34153123,4053818,4008048,3737306,3906096,3665636,3847201,3864673,3940623,3833246,6900976,6900976,10
2025-10-02 15:30:24,125919,pairwise,PairwiseVerletLists,1.000000,vlp_c01,none,AoS,disabled,22146901,2233205,2225098,2215604,2223768,2212980,2212773,2226297,2212166,2209037,4211782,4211782,10
2025-10-02 15:30:24,125929,pairwise,PairwiseVerletLists,1.000000,vlp_c01,none,SoA,disabled,73226745,5221689,4916020,4885086,4836238,4803432,4800619,4818414,4837165,4817266,11716266,11716266,10
2025-10-02 15:30:24,125939,pairwise,PairwiseVerletLists,1.000000,vlp_c18,none,AoS,disabled,20067334,2514800,2493272,2485486,2471259,2475116,2480127,2479094,2468661,2465038,4240018,4240018,10
2025-10-02 15:30:24,125949,pairwise,PairwiseVerletLists,1.000000,vlp_c18,none,AoS,enabled,19828494,2335688,2316654,2320593,2320410,2320915,2323226,2322708,2321683,2323296,4073366,4073366,10
2025-10-02 15:30:24,125959,pairwise,PairwiseVerletLists,1.000000,vlp_c18,none,SoA,disabled,88362627,5578531,5374192,5318192,5290973,5293240,5294956,5277550,5296167,5269984,13635640,13635640,10
2025-10-02 15:30:24,125969,pairwise,PairwiseVerletLists,1.000000,vlp_c18,none,SoA,enabled,73568349,5183728,4923146,4865407,4871380,4839709,4845497,4857643,4859540,4861401,11767579,11767579,10
2025-10-02 15:30:24,125979,pairwise,PairwiseVerletLists,1.000000,vlp_sliced,none,AoS,disabled,21657301,4220469,4228758,4341758,4219723,4445142,4410407,4405055,4396322,4190094,6051502,6051502,10
2025-10-02 15:30:25,125989,pairwise,PairwiseVerletLists,1.000000,vlp_sliced,none,AoS,enabled,20467636,2539630,2503122,2527921,2487428,2522116,2485678,2472989,2478927,2531610,4301705,4301705,10
2025-10-02 15:30:25,125999,pairwise,PairwiseVerletLists,1.000000,vlp_sliced,none,SoA,disabled,87945096,8459576,8467567,8243159,8427251,8290574,8391509,8258992,8298424,8246913,16302905,16302905,10
2025-10-02 15:30:25,126009,pairwise,PairwiseVerletLists,1.000000,vlp_sliced,none,SoA,enabled,72027989,6411537,6170954,6243059,6207708,6216519,6248171,6232096,6241422,6250638,12825008,12825008,10
2025-10-02 15:30:25,126019,pairwise,PairwiseVerletLists,1.000000,vlp_sliced_balanced,none,AoS,disabled,21805996,4419517,4340332,4312034,4313608,4317527,4307549,4312301,4296542,4275038,6070044,6070044,10
2025-10-02 15:30:25,126029,pairwise,PairwiseVerletLists,1.000000,vlp_sliced_balanced,none,AoS,enabled,20341438,2508146,2494030,2462452,2458758,2462070,2471406,2469955,2453376,2479783,4260140,4260140,10
2025-10-02 15:30:25,126039,pairwise,PairwiseVerletLists,1.000000,vlp_sliced_balanced,none,SoA,disabled,88778690,8519430,8325617,8334097,8261897,8334757,8299346,8339563,8329126,8326461,16384897,16384897,10
2025-10-02 15:30:25,126049,pairwise,PairwiseVerletLists,1.000000,vlp_sliced_balanced,none,SoA,enabled,72069497,6334047,6155181,6089985,6106592,6096459,6121070,6130176,6092365,6137652,12733301,12733301,10
2025-10-02 15:30:25,126059,pairwise,PairwiseVerletLists,1.000000,vlp_sliced_c02,none,AoS,disabled,22649596,5503071,5399252,5374200,5219857,5330891,5405188,5396852,5373698,5383732,7103633,7103633,10
2025-10-02 15:30:25,126069,pairwise,PairwiseVerletLists,1.000000,vlp_sliced_c02,none,AoS,enabled,20681181,3028484,3046443,3045436,3018235,3033938,3043787,3039225,3022031,3032262,4799101,4799101,10
2025-10-02 15:30:26,126079,pairwise,PairwiseVerletLists,1.000000,vlp_sliced_c02,none,SoA,disabled,88860039,9564377,9695549,9622763,9578062,9688184,9657257,9598174,9631112,9650528,17554604,17554604,10
2025-10-02 15:30:26,126089,pairwise,PairwiseVerletLists,1.000000,vlp_sliced_c02,none,SoA,enabled,72270759,7140929,6755975,7004577,6872177,6916351,6815307,6955339,6824160,7054703,13461027,13461027,10
2025-10-02 15:30:26,126099,pairwise,PairwiseVerletLists,1.000000,vlp_c08,none,AoS,disabled,21496421,4116641,4098209,4091448,4093892,4091265,4086749,4095890,4090857,4092419,5835378,5835378,10
2025-10-02 15:30:26,126109,pairwise,PairwiseVerletLists,1.000000,vlp_c08,none,AoS,enabled,20724525,2784399,2751095,2742412,2738463,2743790,2735806,2791542,2744329,2739090,4549545,4549545,10
2025-10-02 15:30:26,126119,pairwise,PairwiseVerletLists,1.000000,vlp_c08,none,SoA,disabled,87293950,7859637,7828317,7830913,7822092,7817652,7826981,7812835,7828524,7827349,15774824,15774824,10
2025-10-02 15:30:26,126129,pairwise,PairwiseVerletLists,1.000000,vlp_c08,none,SoA,enabled,71400033,6141941,6037449,6021148,6015319,6024192,6018080,6008554,6017348,6024001,12570805,12570805,10
