Date,Iteration,Interaction Type,Container,CellSizeFactor,Traversal,Load Estimator,Data Layout,Newton 3,sample0,sample1,sample2,sample3,sample4,sample5,sample6,sample7,sample8,sample9,Reduced,Smoothed,Mean Rebuild Frequency
2025-10-24 22:26:25,9,pairwise,LinkedCells,1.000000,lc_c01,none,AoS,disabled,100434570312,99770996093,99827148437,100149658203,100381103515,101344970703,100730957031,99547851562,99783691406,100134765625,99636523437,99636523437,10
2025-10-24 22:26:28,19,pairwise,LinkedCells,1.000000,lc_c01,none,SoA,disabled,164974609375,54564453125,54144042968,54052246093,54339355468,54556640625,54402343750,54256835937,54178710937,56083496093,65144482421,65144482421,10
2025-10-24 22:26:31,29,pairwise,LinkedCells,1.000000,lc_c01_combined_SoA,none,SoA,disabled,41350585937,40814453125,40932128906,41795410156,40658203125,41512207031,40833984375,41733886718,41114257812,41557617187,40727441406,40727441406,10
2025-10-24 22:26:34,39,pairwise,LinkedCells,1.000000,lc_c04,none,AoS,disabled,49423828125,49237304687,49939453125,49715820312,50045898437,50067871093,50454101562,49935546875,50454101562,50318847656,49255957030,49255957030,10
2025-10-24 22:26:36,49,pairwise,LinkedCells,1.000000,lc_c04,none,AoS,enabled,39708007812,39772949218,39585449218,40292968750,40371093750,39989257812,40295898437,40434570312,40468750000,40280273437,39597705077,39597705077,10
2025-10-24 22:26:39,59,pairwise,LinkedCells,1.000000,lc_c04,none,SoA,disabled,42121093750,41876953125,41793945312,41793945312,41987304687,42081054687,41834960937,41781250000,41974609375,41451171875,41518164062,41518164062,10
2025-10-24 22:26:41,69,pairwise,LinkedCells,1.000000,lc_c04,none,SoA,enabled,33738281250,33743164062,33825195312,33698242187,33595703125,33802734375,33651367187,33800781250,33669921875,34055664062,33609960937,33609960937,10
2025-10-24 22:26:44,79,pairwise,LinkedCells,1.000000,lc_c04_HCP,none,AoS,disabled,56502929687,56747070312,56937500000,57242187500,57285156250,57014648437,57212890625,57432617187,57144531250,57287109375,56722656249,56722656249,10
2025-10-24 22:26:47,89,pairwise,LinkedCells,1.000000,lc_c04_HCP,none,AoS,enabled,46280273437,46497070312,46793945312,46746093750,46842773437,46613281250,46504882812,46588867187,46759765625,46956054687,46475390624,46475390624,10
2025-10-24 22:26:49,99,pairwise,LinkedCells,1.000000,lc_c04_HCP,none,SoA,disabled,46720703125,46763671875,47022460937,46969726562,46781250000,46538085937,46854492187,46802734375,46907226562,47041992187,46556347655,46556347655,10
2025-10-24 22:26:52,109,pairwise,LinkedCells,1.000000,lc_c04_HCP,none,SoA,enabled,39267578125,38876953125,39274414062,39196289062,39354492187,39186523437,39313476562,39259765625,39472656250,39144531250,38916015625,38916015625,10
2025-10-24 22:26:55,119,pairwise,LinkedCells,1.000000,lc_c04_combined_SoA,none,SoA,disabled,49907226562,49673828125,50074218750,49850585937,49970703125,49958984375,49973632812,50144531250,50131835937,49862304687,49697167968,49697167968,10
2025-10-24 22:26:57,129,pairwise,LinkedCells,1.000000,lc_c04_combined_SoA,none,SoA,enabled,46146484375,46180664062,45799804687,46181640625,46187500000,46195312500,46268554687,46123046875,46324218750,46191406250,45834472655,45834472655,10
2025-10-24 22:27:01,139,pairwise,LinkedCells,1.000000,lc_c08,none,AoS,disabled,73816406250,73862304687,73802734375,74025390625,73892578125,73996093750,74066406250,74248046875,74144531250,74396484375,73804101562,73804101562,10
2025-10-24 22:27:04,149,pairwise,LinkedCells,1.000000,lc_c08,none,AoS,enabled,63814453125,63847656250,63796875000,63820312500,64132812500,64236328125,64205078125,64353515625,64351562500,64333984375,63798632812,63798632812,10
2025-10-24 22:27:07,159,pairwise,LinkedCells,1.000000,lc_c08,none,SoA,disabled,71884765625,70347656250,70328125000,70347656250,70322265625,70130859375,70535156250,70595703125,70640625000,70496093750,70306250000,70306250000,10
2025-10-24 22:27:10,169,pairwise,LinkedCells,1.000000,lc_c08,none,SoA,enabled,62734375000,61701171875,61779296875,61941406250,61769531250,61755859375,61976562500,62107421875,62179687500,62263671875,61804492187,61804492187,10
2025-10-24 22:27:14,179,pairwise,LinkedCells,1.000000,lc_c18,none,AoS,disabled,94738281250,94685546875,94865234375,94771484375,94851562500,95097656250,95078125000,95130859375,95498046875,95296875000,94690820312,94690820312,10
2025-10-24 22:27:18,189,pairwise,LinkedCells,1.000000,lc_c18,none,AoS,enabled,87064453125,87152343750,86982421875,87240234375,87101562500,87566406250,87416015625,87695312500,87429687500,87574218750,86990625000,86990625000,10
2025-10-24 22:27:22,199,pairwise,LinkedCells,1.000000,lc_c18,none,SoA,disabled,116621093750,113628906250,113570312500,113908203125,113677734375,113542968750,113937500000,114146484375,113806640625,113894531250,113850781250,113850781250,10
2025-10-24 22:27:26,209,pairwise,LinkedCells,1.000000,lc_c18,none,SoA,enabled,81775390625,80888671875,80839843750,80738281250,81046875000,80517578125,81470703125,81308593750,81158203125,80990234375,80643359375,80643359375,10
2025-10-24 22:27:30,219,pairwise,LinkedCells,1.000000,lc_sliced,none,AoS,disabled,91791015625,92000000000,92078125000,92476562500,92533203125,91953125000,92546875000,92349609375,92513671875,92578125000,91936914062,91936914062,10
2025-10-24 22:27:33,229,pairwise,LinkedCells,1.000000,lc_sliced,none,AoS,enabled,73113281250,72707031250,73085937500,73646484375,73121093750,72943359375,72939453125,73191406250,73199218750,73578125000,72747656250,72747656250,10
2025-10-24 22:27:37,239,pairwise,LinkedCells,1.000000,lc_sliced,none,SoA,disabled,77791015625,73111328125,73369140625,73154296875,73406250000,73568359375,73800781250,73425781250,73625000000,73945312500,73579296875,73579296875,10
2025-10-24 22:27:40,249,pairwise,LinkedCells,1.000000,lc_sliced,none,SoA,enabled,44263671875,42625000000,42890625000,42828125000,42771484375,43021484375,43005859375,43035156250,42980468750,43429687500,42788867187,42788867187,10
2025-10-24 22:27:43,259,pairwise,LinkedCells,1.000000,lc_sliced_balanced,none,AoS,disabled,76916015625,77066406250,77070312500,77689453125,77103515625,77826171875,77816406250,77873046875,77173828125,77875000000,77051367187,77051367187,10
2025-10-24 22:27:46,269,pairwise,LinkedCells,1.000000,lc_sliced_balanced,none,AoS,enabled,62750000000,61107421875,61109375000,61937500000,61308593750,62371093750,61574218750,62457031250,63585937500,62738281250,61271679687,61271679687,10
2025-10-24 22:27:50,279,pairwise,LinkedCells,1.000000,lc_sliced_balanced,none,SoA,disabled,68734375000,63550781250,63839843750,63886718750,64156250000,63867187500,64296875000,63859375000,64480468750,64191406250,64069140625,64069140625,10
2025-10-24 22:27:52,289,pairwise,LinkedCells,1.000000,lc_sliced_balanced,none,SoA,enabled,39273437500,38195312500,38343750000,38515625000,38644531250,39242187500,38957031250,38453125000,38910156250,38988281250,38303125000,38303125000,10
2025-10-24 22:27:57,299,pairwise,LinkedCells,1.000000,lc_sliced_balanced,squared-particles-per-cell,AoS,disabled,76476562500,76730468750,76496093750,76531250000,76816406250,76773437500,76835937500,76996093750,77144531250,77523437500,76494140625,76494140625,10
2025-10-24 22:28:00,309,pairwise,LinkedCells,1.000000,lc_sliced_balanced,squared-particles-per-cell,AoS,enabled,60839843750,60625000000,60613281250,60406250000,60968750000,60957031250,60886718750,61210937500,61121093750,61394531250,60449609375,60449609375,10
2025-10-24 22:28:03,319,pairwise,LinkedCells,1.000000,lc_sliced_balanced,squared-particles-per-cell,SoA,disabled,79472656250,64019531250,64203125000,64011718750,64101562500,64437500000,64777343750,64179687500,64328125000,64234375000,65557812500,65557812500,10
2025-10-24 22:28:06,329,pairwise,LinkedCells,1.000000,lc_sliced_balanced,squared-particles-per-cell,SoA,enabled,46046875000,38363281250,38878906250,38507812500,38328125000,38367187500,38699218750,38593750000,38535156250,39019531250,39100000000,39100000000,10
2025-10-24 22:28:11,339,pairwise,LinkedCells,1.000000,lc_sliced_c02,none,AoS,disabled,93933593750,94183593750,94601562500,93792968750,94558593750,94113281250,94406250000,94191406250,94800781250,94304687500,93807031250,93807031250,10
2025-10-24 22:28:15,349,pairwise,LinkedCells,1.000000,lc_sliced_c02,none,AoS,enabled,73707031250,74125000000,73894531250,74109375000,74656250000,74625000000,74441406250,74906250000,74773437500,75121093750,73875781250,73875781250,10
2025-10-24 22:28:18,359,pairwise,LinkedCells,1.000000,lc_sliced_c02,none,SoA,disabled,87851562500,75011718750,75113281250,75214843750,75281250000,75214843750,75164062500,75531250000,75625000000,75832031250,76295703125,76295703125,10
2025-10-24 22:28:21,369,pairwise,LinkedCells,1.000000,lc_sliced_c02,none,SoA,enabled,50113281250,43425781250,43828125000,43636718750,43859375000,43578125000,43406250000,43890625000,44019531250,43964843750,44076953125,44076953125,10
2025-10-24 22:28:37,379,pairwise,VerletClusterLists,1.000000,vcl_c01_balanced,none,AoS,disabled,875867187500,394324218750,398128906250,401921875000,404675781250,406980468750,411460937500,415746093750,417992187500,421300781250,442478515625,442478515625,10
2025-10-24 22:28:51,389,pairwise,VerletClusterLists,1.000000,vcl_c01_balanced,none,SoA,disabled,747429687500,346500000000,346972656250,346570312500,347117187500,347625000000,348437500000,349261718750,348730468750,348453125000,386592968750,386592968750,10
2025-10-24 22:29:06,399,pairwise,VerletClusterLists,1.000000,vcl_c06,none,AoS,disabled,798453125000,399296875000,406878906250,406929687500,409574218750,411738281250,415921875000,420375000000,421515625000,425964843750,439212500000,439212500000,10
2025-10-24 22:29:19,409,pairwise,VerletClusterLists,1.000000,vcl_c06,none,AoS,enabled,484121093750,356781250000,360082031250,363367187500,366617187500,369441406250,372671875000,376128906250,379859375000,383281250000,369515234375,369515234375,10
2025-10-24 22:29:32,419,pairwise,VerletClusterLists,1.000000,vcl_c06,none,SoA,disabled,757031250000,351687500000,351875000000,352054687500,353242187500,353171875000,353187500000,353570312500,353515625000,354054687500,392221875000,392221875000,10
2025-10-24 22:29:45,429,pairwise,VerletClusterLists,1.000000,vcl_c06,none,SoA,enabled,457218750000,336562500000,336945312500,336156250000,337718750000,336789062500,337109375000,338414062500,338414062500,339171875000,348262500000,348262500000,10
2025-10-24 22:30:01,439,pairwise,VerletClusterLists,1.000000,vcl_sliced,none,AoS,disabled,872570312500,447953125000,451953125000,454203125000,458117187500,461734375000,464773437500,467289062500,470625000000,474000000000,490414843750,490414843750,10
2025-10-24 22:30:15,449,pairwise,VerletClusterLists,1.000000,vcl_sliced,none,AoS,enabled,515304687500,387382812500,390992187500,395054687500,398156250000,400453125000,404210937500,407742187500,410984375000,414132812500,400175000000,400175000000,10
2025-10-24 22:30:29,459,pairwise,VerletClusterLists,1.000000,vcl_sliced,none,SoA,disabled,769101562500,356273437500,356296875000,357320312500,357648437500,358171875000,358046875000,358226562500,359226562500,360187500000,397556250000,397556250000,10
2025-10-24 22:30:42,469,pairwise,VerletClusterLists,1.000000,vcl_sliced,none,SoA,enabled,468210937500,342835937500,342320312500,343070312500,343718750000,344679687500,344984375000,345296875000,344992187500,344695312500,354909375000,354909375000,10
2025-10-24 22:30:58,479,pairwise,VerletClusterLists,1.000000,vcl_sliced_balanced,none,AoS,disabled,864484375000,445000000000,448015625000,451796875000,453117187500,457351562500,460015625000,463632812500,466937500000,470906250000,486948437500,486948437500,10
2025-10-24 22:31:12,489,pairwise,VerletClusterLists,1.000000,vcl_sliced_balanced,none,AoS,enabled,521132812500,385476562500,390023437500,393000000000,396218750000,399437500000,402687500000,407562500000,410023437500,414101562500,399042187500,399042187500,10
2025-10-24 22:31:26,499,pairwise,VerletClusterLists,1.000000,vcl_sliced_balanced,none,SoA,disabled,769898437500,357257812500,357695312500,358375000000,358375000000,358695312500,359265625000,360218750000,360664062500,360367187500,398521875000,398521875000,10
2025-10-24 22:31:39,509,pairwise,VerletClusterLists,1.000000,vcl_sliced_balanced,none,SoA,enabled,468250000000,342953125000,343765625000,343507812500,344093750000,344546875000,344789062500,344867187500,345289062500,346320312500,355482812500,355482812500,10
2025-10-24 22:31:56,519,pairwise,VerletClusterLists,1.000000,vcl_sliced_balanced,neighbor-list-length,AoS,disabled,912953125000,442867187500,445117187500,448265625000,451164062500,454453125000,458562500000,460867187500,464351562500,466843750000,489875781250,489875781250,10
2025-10-24 22:32:10,529,pairwise,VerletClusterLists,1.000000,vcl_sliced_balanced,neighbor-list-length,AoS,enabled,507710937500,384468750000,388164062500,390609375000,394460937500,398960937500,400992187500,404718750000,407750000000,412375000000,396792968750,396792968750,10
2025-10-24 22:32:23,539,pairwise,VerletClusterLists,1.000000,vcl_sliced_balanced,neighbor-list-length,SoA,disabled,760578125000,354593750000,354453125000,355328125000,355078125000,355921875000,356359375000,356250000000,357515625000,357281250000,395065625000,395065625000,10
2025-10-24 22:32:36,549,pairwise,VerletClusterLists,1.000000,vcl_sliced_balanced,neighbor-list-length,SoA,enabled,465750000000,340859375000,340312500000,340781250000,341218750000,341093750000,341500000000,343078125000,342437500000,343234375000,352856250000,352856250000,10
2025-10-24 22:32:55,559,pairwise,VerletClusterLists,1.000000,vcl_sliced_c02,none,AoS,disabled,961421875000,517703125000,521609375000,524984375000,528734375000,532421875000,535890625000,538562500000,541734375000,545046875000,562075000000,562075000000,10
2025-10-24 22:33:11,569,pairwise,VerletClusterLists,1.000000,vcl_sliced_c02,none,AoS,enabled,539312500000,417125000000,419906250000,424671875000,427734375000,430375000000,434546875000,437328125000,441109375000,444328125000,429343750000,429343750000,10
2025-10-24 22:33:25,579,pairwise,VerletClusterLists,1.000000,vcl_sliced_c02,none,SoA,disabled,778937500000,373140625000,372796875000,373156250000,373437500000,374765625000,374843750000,374281250000,374843750000,376281250000,413410937500,413410937500,10
2025-10-24 22:33:38,589,pairwise,VerletClusterLists,1.000000,vcl_sliced_c02,none,SoA,enabled,471921875000,348968750000,349031250000,349859375000,349562500000,349984375000,350406250000,350875000000,350937500000,351187500000,361264062500,361264062500,10
2025-10-24 22:33:45,599,pairwise,VerletLists,1.000000,vl_list_iteration,none,AoS,disabled,620640625000,133906250000,133500000000,133640625000,134390625000,134000000000,134453125000,134125000000,134828125000,134265625000,182214062500,182214062500,10
2025-10-24 22:33:55,609,pairwise,VerletLists,1.000000,vl_list_iteration,none,SoA,disabled,1624781250000,79421875000,79296875000,79234375000,79328125000,79656250000,79046875000,79078125000,79343750000,79343750000,233620312500,233620312500,10
2025-10-24 22:34:00,619,pairwise,VerletListsCells,1.000000,vlc_c01,none,AoS,disabled,346640625000,50515625000,50593750000,50687500000,50406250000,50812500000,51015625000,50796875000,50843750000,51515625000,80029687500,80029687500,10
2025-10-24 22:34:09,629,pairwise,VerletListsCells,1.000000,vlc_c01,none,SoA,disabled,1366156250000,71515625000,70171875000,70390625000,70453125000,70234375000,70531250000,70625000000,70468750000,70593750000,199770312500,199770312500,10
2025-10-24 22:34:15,639,pairwise,VerletListsCells,1.000000,vlc_c18,none,AoS,disabled,1038484375000,76812500000,77093750000,76781250000,77109375000,77000000000,77500000000,77218750000,76984375000,76953125000,172951562500,172951562500,10
2025-10-24 22:34:20,649,pairwise,VerletListsCells,1.000000,vlc_c18,none,AoS,enabled,790781250000,51000000000,51234375000,51046875000,51296875000,51281250000,51375000000,51421875000,51453125000,52031250000,124978125000,124978125000,10
2025-10-24 22:34:34,659,pairwise,VerletListsCells,1.000000,vlc_c18,none,SoA,disabled,2740156250000,113468750000,111593750000,111343750000,111500000000,111265625000,111859375000,111875000000,112296875000,112000000000,374154687500,374154687500,10
2025-10-24 22:34:43,669,pairwise,VerletListsCells,1.000000,vlc_c18,none,SoA,enabled,1603140625000,84140625000,84093750000,83750000000,83796875000,83843750000,83640625000,84171875000,83937500000,84578125000,235590625000,235590625000,10
2025-10-24 22:34:47,679,pairwise,VerletListsCells,1.000000,vlc_c08,none,AoS,disabled,219468750000,62296875000,62390625000,62734375000,62906250000,63031250000,62937500000,61828125000,61984375000,62078125000,77592187500,77592187500,10
2025-10-24 22:34:50,689,pairwise,VerletListsCells,1.000000,vlc_c08,none,AoS,enabled,243421875000,45296875000,44843750000,44906250000,44843750000,45140625000,45046875000,45093750000,45218750000,45203125000,64701562500,64701562500,10
2025-10-24 22:35:02,699,pairwise,VerletListsCells,1.000000,vlc_c08,none,SoA,disabled,2199625000000,97468750000,98125000000,97656250000,97953125000,97937500000,97843750000,98343750000,97953125000,97937500000,307684375000,307684375000,10
2025-10-24 22:35:15,709,pairwise,VerletListsCells,1.000000,vlc_c08,none,SoA,enabled,2668312500000,90484375000,89531250000,88265625000,88000000000,88125000000,88296875000,88000000000,88078125000,88250000000,346031250000,346031250000,10
2025-10-24 22:35:19,719,pairwise,VerletListsCells,1.000000,vlc_sliced,none,AoS,disabled,271125000000,73203125000,73390625000,73234375000,73687500000,73531250000,73171875000,73687500000,73578125000,73765625000,92967187500,92967187500,10
2025-10-24 22:35:22,729,pairwise,VerletListsCells,1.000000,vlc_sliced,none,AoS,enabled,196015625000,31093750000,30937500000,29984375000,30000000000,29859375000,30125000000,30296875000,30234375000,30843750000,46475000000,46475000000,10
2025-10-24 22:35:36,739,pairwise,VerletListsCells,1.000000,vlc_sliced,none,SoA,disabled,2742031250000,100593750000,99781250000,99265625000,100375000000,99921875000,99906250000,100046875000,99375000000,100781250000,363542187500,363542187500,10
2025-10-24 22:35:45,749,pairwise,VerletListsCells,1.000000,vlc_sliced,none,SoA,enabled,1531640625000,67984375000,67859375000,67828125000,67625000000,67781250000,67953125000,67515625000,67953125000,67937500000,213928125000,213928125000,10
2025-10-24 22:35:49,759,pairwise,VerletListsCells,1.000000,vlc_sliced_balanced,none,AoS,disabled,246703125000,66796875000,67609375000,67062500000,67593750000,67203125000,66062500000,65906250000,65875000000,66015625000,83957812500,83957812500,10
2025-10-24 22:35:51,769,pairwise,VerletListsCells,1.000000,vlc_sliced_balanced,none,AoS,enabled,169843750000,28703125000,27703125000,27968750000,28062500000,27937500000,28187500000,28031250000,27953125000,28406250000,41917187500,41917187500,10
2025-10-24 22:36:05,779,pairwise,VerletListsCells,1.000000,vlc_sliced_balanced,none,SoA,disabled,2635718750000,95125000000,95421875000,95140625000,95312500000,95531250000,95265625000,95562500000,95250000000,95000000000,349071875000,349071875000,10
2025-10-24 22:36:13,789,pairwise,VerletListsCells,1.000000,vlc_sliced_balanced,none,SoA,enabled,1498671875000,65265625000,66125000000,65281250000,65687500000,65781250000,65312500000,65593750000,65218750000,65812500000,208564062500,208564062500,10
2025-10-24 22:36:20,799,pairwise,VerletListsCells,1.000000,vlc_sliced_balanced,squared-particles-per-cell,AoS,disabled,614187500000,60500000000,60078125000,60078125000,60140625000,60187500000,60671875000,60296875000,60890625000,60609375000,115489062500,115489062500,10
2025-10-24 22:36:23,809,pairwise,VerletListsCells,1.000000,vlc_sliced_balanced,squared-particles-per-cell,AoS,enabled,459312500000,27796875000,27828125000,27765625000,28031250000,28062500000,28140625000,28125000000,27953125000,28343750000,70920312500,70920312500,10
2025-10-24 22:36:36,819,pairwise,VerletListsCells,1.000000,vlc_sliced_balanced,squared-particles-per-cell,SoA,disabled,2624906250000,90921875000,90750000000,90921875000,90828125000,90406250000,90234375000,90781250000,90765625000,90453125000,343701562500,343701562500,10
2025-10-24 22:36:46,829,pairwise,VerletListsCells,1.000000,vlc_sliced_balanced,squared-particles-per-cell,SoA,enabled,1597671875000,67406250000,67421875000,67625000000,67406250000,67453125000,67593750000,67828125000,68140625000,67578125000,220432812500,220432812500,10
2025-10-24 22:36:52,839,pairwise,VerletListsCells,1.000000,vlc_sliced_balanced,neighbor-list-length,AoS,disabled,658687500000,64468750000,64140625000,64437500000,64359375000,64140625000,64578125000,64359375000,64593750000,64234375000,123595312500,123595312500,10
2025-10-24 22:36:56,849,pairwise,VerletListsCells,1.000000,vlc_sliced_balanced,neighbor-list-length,AoS,enabled,463953125000,29234375000,29484375000,29328125000,29296875000,29406250000,29953125000,29828125000,30031250000,29859375000,72706250000,72706250000,10
2025-10-24 22:37:09,859,pairwise,VerletListsCells,1.000000,vlc_sliced_balanced,neighbor-list-length,SoA,disabled,2583875000000,93312500000,94046875000,94140625000,93953125000,94000000000,93578125000,93671875000,93671875000,93343750000,342368750000,342368750000,10
2025-10-24 22:37:18,869,pairwise,VerletListsCells,1.000000,vlc_sliced_balanced,neighbor-list-length,SoA,enabled,1549187500000,67046875000,67296875000,66875000000,66765625000,67078125000,67328125000,67640625000,67656250000,67562500000,215007812500,215007812500,10
2025-10-24 22:37:24,879,pairwise,VerletListsCells,1.000000,vlc_sliced_c02,none,AoS,disabled,681734375000,68937500000,68890625000,69671875000,68968750000,69781250000,69250000000,69093750000,69562500000,69593750000,130175000000,130175000000,10
2025-10-24 22:37:28,889,pairwise,VerletListsCells,1.000000,vlc_sliced_c02,none,AoS,enabled,446859375000,33250000000,33562500000,33218750000,33375000000,33250000000,33453125000,33750000000,33671875000,33671875000,74582812500,74582812500,10
2025-10-24 22:37:41,899,pairwise,VerletListsCells,1.000000,vlc_sliced_c02,none,SoA,disabled,2508781250000,99109375000,98937500000,98953125000,98828125000,98671875000,98609375000,98484375000,99078125000,98640625000,339514062500,339514062500,10
2025-10-24 22:37:50,909,pairwise,VerletListsCells,1.000000,vlc_sliced_c02,none,SoA,enabled,1624562500000,70906250000,71125000000,70875000000,70765625000,70781250000,71500000000,71500000000,70968750000,70765625000,226145312500,226145312500,10
2025-10-24 22:38:00,919,pairwise,PairwiseVerletLists,1.000000,vlp_c01,none,AoS,disabled,1453468750000,94484375000,94046875000,94625000000,94546875000,94640625000,94468750000,94703125000,94375000000,94578125000,229989062500,229989062500,10
2025-10-24 22:38:26,929,pairwise,PairwiseVerletLists,1.000000,vlp_c01,none,SoA,disabled,5858953125000,148265625000,148390625000,148437500000,148281250000,148328125000,147843750000,148703125000,148421875000,148203125000,718954687500,718954687500,10
2025-10-24 22:38:32,939,pairwise,PairwiseVerletLists,1.000000,vlp_c18,none,AoS,disabled,499046875000,125031250000,124312500000,124171875000,124562500000,124312500000,124562500000,124625000000,124421875000,125062500000,161659375000,161659375000,10
2025-10-24 22:38:38,949,pairwise,PairwiseVerletLists,1.000000,vlp_c18,none,AoS,enabled,790546875000,78765625000,78375000000,78593750000,78515625000,78578125000,79125000000,79156250000,77859375000,77843750000,149114062500,149114062500,10
2025-10-24 22:39:17,959,pairwise,PairwiseVerletLists,1.000000,vlp_c18,none,SoA,disabled,9698640625000,146562500000,146625000000,146406250000,147625000000,147906250000,147875000000,148062500000,147437500000,147750000000,1101629687500,1101629687500,10
2025-10-24 22:39:48,969,pairwise,PairwiseVerletLists,1.000000,vlp_c18,none,SoA,enabled,7341718750000,124437500000,123343750000,121937500000,122593750000,122156250000,122000000000,122343750000,122437500000,122437500000,843915625000,843915625000,10
2025-10-24 22:39:54,979,pairwise,PairwiseVerletLists,1.000000,vlp_sliced,none,AoS,disabled,541843750000,119843750000,119812500000,119750000000,119468750000,120125000000,120312500000,119343750000,119437500000,120000000000,161593750000,161593750000,10
2025-10-24 22:40:01,989,pairwise,PairwiseVerletLists,1.000000,vlp_sliced,none,AoS,enabled,1041187500000,66968750000,64312500000,64781250000,64687500000,64593750000,64625000000,64531250000,66062500000,64656250000,162000000000,162000000000,10
2025-10-24 22:40:44,999,pairwise,PairwiseVerletLists,1.000000,vlp_sliced,none,SoA,disabled,10223562500000,174656250000,173562500000,174125000000,174218750000,168500000000,173937500000,171656250000,172250000000,169562500000,1174006250000,1174006250000,10
2025-10-24 22:41:16,1009,pairwise,PairwiseVerletLists,1.000000,vlp_sliced,none,SoA,enabled,7585156250000,134500000000,132593750000,131906250000,131000000000,132375000000,133687500000,132062500000,131687500000,132500000000,876415625000,876415625000,10
2025-10-24 22:41:22,1019,pairwise,PairwiseVerletLists,1.000000,vlp_sliced_balanced,none,AoS,disabled,492593750000,118531250000,118562500000,118718750000,118562500000,118437500000,118187500000,118593750000,118875000000,118531250000,155628125000,155628125000,10
2025-10-24 22:41:29,1029,pairwise,PairwiseVerletLists,1.000000,vlp_sliced_balanced,none,AoS,enabled,1089656250000,64468750000,61187500000,61375000000,61468750000,61531250000,61656250000,61625000000,61937500000,62187500000,164034375000,164034375000,10
2025-10-24 22:42:11,1039,pairwise,PairwiseVerletLists,1.000000,vlp_sliced_balanced,none,SoA,disabled,10216562500000,173281250000,171031250000,170843750000,170906250000,170750000000,170937500000,171156250000,171062500000,171468750000,1175331250000,1175331250000,10
2025-10-24 22:42:43,1049,pairwise,PairwiseVerletLists,1.000000,vlp_sliced_balanced,none,SoA,enabled,7636718750000,132218750000,128531250000,128875000000,128562500000,128875000000,129062500000,128781250000,128718750000,129531250000,879350000000,879350000000,10
2025-10-24 22:42:50,1059,pairwise,PairwiseVerletLists,1.000000,vlp_sliced_c02,none,AoS,disabled,521843750000,142656250000,140781250000,140812500000,141125000000,142125000000,141500000000,141937500000,141750000000,142781250000,178887500000,178887500000,10
2025-10-24 22:42:58,1069,pairwise,PairwiseVerletLists,1.000000,vlp_sliced_c02,none,AoS,enabled,1127718750000,75437500000,72218750000,72875000000,72687500000,72343750000,72250000000,72218750000,72968750000,73218750000,177768750000,177768750000,10
2025-10-24 22:43:41,1079,pairwise,PairwiseVerletLists,1.000000,vlp_sliced_c02,none,SoA,disabled,10286593750000,197593750000,195781250000,196031250000,196500000000,194156250000,197531250000,199406250000,198468750000,202000000000,1203400000000,1203400000000,10
2025-10-24 22:44:14,1089,pairwise,PairwiseVerletLists,1.000000,vlp_sliced_c02,none,SoA,enabled,7666906250000,149437500000,145906250000,148437500000,149062500000,147500000000,146968750000,148250000000,146812500000,145250000000,897415625000,897415625000,10
2025-10-24 22:44:20,1099,pairwise,PairwiseVerletLists,1.000000,vlp_c08,none,AoS,disabled,502750000000,116187500000,115843750000,115812500000,115812500000,116218750000,116531250000,116531250000,116500000000,116500000000,154506250000,154506250000,10
2025-10-24 22:44:27,1109,pairwise,PairwiseVerletLists,1.000000,vlp_c08,none,AoS,enabled,1151218750000,77062500000,73312500000,73343750000,73625000000,73625000000,73500000000,73468750000,73531250000,73906250000,181103125000,181103125000,10
2025-10-24 22:45:09,1119,pairwise,PairwiseVerletLists,1.000000,vlp_c08,none,SoA,disabled,10251593750000,160718750000,158593750000,158375000000,158625000000,158625000000,158656250000,158156250000,158875000000,158750000000,1167500000000,1167500000000,10
2025-10-24 22:45:41,1129,pairwise,PairwiseVerletLists,1.000000,vlp_c08,none,SoA,enabled,7656718750000,128062500000,125156250000,123375000000,123750000000,123437500000,123843750000,123687500000,123968750000,123781250000,876709375000,876709375000,10
2025-10-24 23:02:23,5009,pairwise,LinkedCells,1.000000,lc_c01,none,AoS,disabled,119937500000,120562500000,119875000000,119937500000,120875000000,120625000000,120562500000,120687500000,121187500000,120375000000,119881250000,119881250000,10
2025-10-24 23:02:26,5019,pairwise,LinkedCells,1.000000,lc_c01,none,SoA,disabled,71187500000,69375000000,70000000000,69812500000,69625000000,69937500000,70125000000,70562500000,70312500000,70125000000,69556250000,69556250000,10
2025-10-24 23:02:29,5029,pairwise,LinkedCells,1.000000,lc_c01_combined_SoA,none,SoA,disabled,53375000000,52750000000,52750000000,53187500000,52500000000,53375000000,52937500000,52812500000,52875000000,53125000000,52587500000,52587500000,10
2025-10-24 23:02:32,5039,pairwise,LinkedCells,1.000000,lc_c04,none,AoS,disabled,66250000000,66687500000,66375000000,65750000000,66187500000,66062500000,66187500000,66500000000,66562500000,66437500000,65800000000,65800000000,10
2025-10-24 23:02:35,5049,pairwise,LinkedCells,1.000000,lc_c04,none,AoS,enabled,51875000000,52812500000,52187500000,53000000000,52812500000,52437500000,52562500000,52312500000,52625000000,52937500000,52156250000,52156250000,10
2025-10-24 23:02:38,5059,pairwise,LinkedCells,1.000000,lc_c04,none,SoA,disabled,60000000000,59062500000,59062500000,59375000000,59125000000,59187500000,59125000000,59125000000,59062500000,59187500000,59156250000,59156250000,10
2025-10-24 23:02:41,5069,pairwise,LinkedCells,1.000000,lc_c04,none,SoA,enabled,41812500000,41625000000,41625000000,41812500000,41500000000,41750000000,41875000000,42000000000,41937500000,42062500000,41531250000,41531250000,10
2025-10-24 23:02:44,5079,pairwise,LinkedCells,1.000000,lc_c04_HCP,none,AoS,disabled,68875000000,69062500000,69062500000,68812500000,68812500000,69375000000,69187500000,69437500000,69562500000,69062500000,68818750000,68818750000,10
2025-10-24 23:02:47,5089,pairwise,LinkedCells,1.000000,lc_c04_HCP,none,AoS,enabled,55625000000,55375000000,55812500000,55937500000,55687500000,55937500000,56125000000,55937500000,56125000000,55937500000,55400000000,55400000000,10
2025-10-24 23:02:50,5099,pairwise,LinkedCells,1.000000,lc_c04_HCP,none,SoA,disabled,64875000000,64250000000,63875000000,63875000000,64125000000,63875000000,63562500000,64062500000,63812500000,64375000000,63693750000,63693750000,10
2025-10-24 23:02:52,5109,pairwise,LinkedCells,1.000000,lc_c04_HCP,none,SoA,enabled,47875000000,47437500000,47687500000,47437500000,47687500000,47625000000,47312500000,47687500000,47625000000,47562500000,47368750000,47368750000,10
2025-10-24 23:02:56,5119,pairwise,LinkedCells,1.000000,lc_c04_combined_SoA,none,SoA,disabled,65875000000,64687500000,64625000000,64625000000,65062500000,65375000000,65062500000,65250000000,65437500000,65375000000,64750000000,64750000000,10
2025-10-24 23:02:58,5129,pairwise,LinkedCells,1.000000,lc_c04_combined_SoA,none,SoA,enabled,57312500000,57125000000,57312500000,56687500000,56937500000,57187500000,56937500000,56875000000,56812500000,56875000000,56750000000,56750000000,10
2025-10-24 23:03:02,5139,pairwise,LinkedCells,1.000000,lc_c08,none,AoS,disabled,80937500000,81437500000,81375000000,81937500000,81500000000,81375000000,81312500000,81625000000,81437500000,81875000000,81275000000,81275000000,10
2025-10-24 23:03:05,5149,pairwise,LinkedCells,1.000000,lc_c08,none,AoS,enabled,69000000000,68687500000,68812500000,69625000000,69500000000,69187500000,69250000000,69500000000,69375000000,69500000000,68718750000,68718750000,10
2025-10-24 23:03:09,5159,pairwise,LinkedCells,1.000000,lc_c08,none,SoA,disabled,84250000000,83312500000,83500000000,82937500000,83187500000,83500000000,83187500000,83312500000,83312500000,83187500000,83068750000,83068750000,10
2025-10-24 23:03:12,5169,pairwise,LinkedCells,1.000000,lc_c08,none,SoA,enabled,69250000000,68937500000,69000000000,69000000000,68750000000,68937500000,69187500000,68937500000,69187500000,69125000000,68800000000,68800000000,10
2025-10-24 23:03:16,5179,pairwise,LinkedCells,1.000000,lc_c18,none,AoS,disabled,97562500000,97375000000,97812500000,97562500000,97875000000,98000000000,97812500000,97937500000,98375000000,98187500000,97393750000,97393750000,10
2025-10-24 23:03:19,5189,pairwise,LinkedCells,1.000000,lc_c18,none,AoS,enabled,87687500000,88000000000,87750000000,87875000000,87937500000,88500000000,88125000000,88562500000,88437500000,88312500000,87743750000,87743750000,10
2025-10-24 23:03:24,5199,pairwise,LinkedCells,1.000000,lc_c18,none,SoA,disabled,121437500000,120437500000,120125000000,120375000000,120000000000,120375000000,120000000000,120125000000,120937500000,120187500000,120143750000,120143750000,10
2025-10-24 23:03:27,5209,pairwise,LinkedCells,1.000000,lc_c18,none,SoA,enabled,80875000000,80875000000,80687500000,80937500000,80687500000,80562500000,81062500000,80750000000,80812500000,81187500000,80593750000,80593750000,10
2025-10-24 23:03:32,5219,pairwise,LinkedCells,1.000000,lc_sliced,none,AoS,disabled,96875000000,97062500000,96812500000,97250000000,97000000000,97875000000,97250000000,97625000000,97312500000,97375000000,96818750000,96818750000,10
2025-10-24 23:03:35,5229,pairwise,LinkedCells,1.000000,lc_sliced,none,AoS,enabled,76250000000,76000000000,76562500000,76187500000,76375000000,76562500000,76250000000,76750000000,77000000000,76500000000,76025000000,76025000000,10
2025-10-24 23:03:39,5239,pairwise,LinkedCells,1.000000,lc_sliced,none,SoA,disabled,79375000000,78500000000,78187500000,78750000000,78625000000,78750000000,78562500000,78687500000,78750000000,78937500000,78306250000,78306250000,10
2025-10-24 23:03:42,5249,pairwise,LinkedCells,1.000000,lc_sliced,none,SoA,enabled,46937500000,46937500000,46500000000,46937500000,47187500000,47187500000,46687500000,47125000000,47000000000,47125000000,46543750000,46543750000,10
2025-10-24 23:03:45,5259,pairwise,LinkedCells,1.000000,lc_sliced_balanced,none,AoS,disabled,79562500000,79500000000,79500000000,79687500000,79687500000,79750000000,79687500000,79500000000,79437500000,79750000000,79450000000,79450000000,10
2025-10-24 23:03:48,5269,pairwise,LinkedCells,1.000000,lc_sliced_balanced,none,AoS,enabled,62250000000,62375000000,62375000000,62500000000,62312500000,62875000000,62500000000,62750000000,62750000000,62687500000,62306250000,62306250000,10
2025-10-24 23:03:52,5279,pairwise,LinkedCells,1.000000,lc_sliced_balanced,none,SoA,disabled,67750000000,66750000000,67000000000,66937500000,67062500000,67062500000,66812500000,66937500000,67312500000,67125000000,66850000000,66850000000,10
2025-10-24 23:03:54,5289,pairwise,LinkedCells,1.000000,lc_sliced_balanced,none,SoA,enabled,41562500000,41562500000,41000000000,41812500000,40937500000,41562500000,41562500000,41875000000,41375000000,41687500000,41000000000,41000000000,10
2025-10-24 23:03:59,5299,pairwise,LinkedCells,1.000000,lc_sliced_balanced,squared-particles-per-cell,AoS,disabled,81625000000,79687500000,79687500000,80187500000,80187500000,79375000000,79375000000,79687500000,79937500000,79562500000,79600000000,79600000000,10
2025-10-24 23:04:02,5309,pairwise,LinkedCells,1.000000,lc_sliced_balanced,squared-particles-per-cell,AoS,enabled,62375000000,62625000000,62687500000,62875000000,62375000000,62937500000,62687500000,62812500000,63000000000,63187500000,62375000000,62375000000,10
2025-10-24 23:04:05,5319,pairwise,LinkedCells,1.000000,lc_sliced_balanced,squared-particles-per-cell,SoA,disabled,82750000000,66250000000,66375000000,66250000000,65875000000,66812500000,66312500000,66375000000,66312500000,66687500000,67562500000,67562500000,10
2025-10-24 23:04:08,5329,pairwise,LinkedCells,1.000000,lc_sliced_balanced,squared-particles-per-cell,SoA,enabled,46875000000,40687500000,40625000000,40500000000,40812500000,40687500000,41062500000,41000000000,40750000000,40812500000,41137500000,41137500000,10
2025-10-24 23:04:13,5339,pairwise,LinkedCells,1.000000,lc_sliced_c02,none,AoS,disabled,97812500000,96812500000,97687500000,97125000000,97000000000,96687500000,97250000000,97625000000,97000000000,97437500000,96800000000,96800000000,10
2025-10-24 23:04:17,5349,pairwise,LinkedCells,1.000000,lc_sliced_c02,none,AoS,enabled,75750000000,76125000000,75937500000,76062500000,76500000000,76687500000,76500000000,76375000000,76187500000,76750000000,75918750000,75918750000,10
2025-10-24 23:04:21,5359,pairwise,LinkedCells,1.000000,lc_sliced_c02,none,SoA,disabled,89937500000,77000000000,77125000000,76875000000,77062500000,77250000000,77312500000,77437500000,77625000000,77562500000,78181250000,78181250000,10
2025-10-24 23:04:23,5369,pairwise,LinkedCells,1.000000,lc_sliced_c02,none,SoA,enabled,51687500000,45187500000,45375000000,45812500000,45750000000,45812500000,45562500000,45375000000,45687500000,45437500000,45837500000,45837500000,10
2025-10-24 23:04:39,5379,pairwise,VerletClusterLists,1.000000,vcl_c01_balanced,none,AoS,disabled,854125000000,383187500000,386437500000,389625000000,392062500000,395000000000,397500000000,399750000000,402562500000,404375000000,430281250000,430281250000,10
2025-10-24 23:04:52,5389,pairwise,VerletClusterLists,1.000000,vcl_c01_balanced,none,SoA,disabled,753312500000,334562500000,335312500000,335375000000,335562500000,336187500000,335250000000,336687500000,337000000000,336500000000,376437500000,376437500000,10
2025-10-24 23:05:07,5399,pairwise,VerletClusterLists,1.000000,vcl_c06,none,AoS,disabled,800437500000,389062500000,390937500000,394375000000,396375000000,398937500000,403000000000,405437500000,408312500000,410937500000,430200000000,430200000000,10
2025-10-24 23:05:19,5409,pairwise,VerletClusterLists,1.000000,vcl_c06,none,AoS,enabled,477625000000,345125000000,348062500000,350375000000,353875000000,355750000000,359687500000,362187500000,364437500000,367562500000,358375000000,358375000000,10
2025-10-24 23:05:32,5419,pairwise,VerletClusterLists,1.000000,vcl_c06,none,SoA,disabled,753875000000,341000000000,340000000000,339937500000,341750000000,341000000000,341062500000,340625000000,341437500000,341937500000,381331250000,381331250000,10
2025-10-24 23:05:45,5429,pairwise,VerletClusterLists,1.000000,vcl_c06,none,SoA,enabled,463812500000,324312500000,324125000000,324625000000,324312500000,324375000000,325187500000,325062500000,325937500000,326937500000,338093750000,338093750000,10
2025-10-24 23:06:01,5439,pairwise,VerletClusterLists,1.000000,vcl_sliced,none,AoS,disabled,877062500000,442062500000,445125000000,447375000000,449625000000,454562500000,456375000000,459812500000,462375000000,465312500000,485562500000,485562500000,10
2025-10-24 23:06:15,5449,pairwise,VerletClusterLists,1.000000,vcl_sliced,none,AoS,enabled,517437500000,376500000000,379625000000,383750000000,385875000000,388000000000,391687500000,393000000000,395375000000,399500000000,390593750000,390593750000,10
2025-10-24 23:06:28,5459,pairwise,VerletClusterLists,1.000000,vcl_sliced,none,SoA,disabled,769750000000,346312500000,345500000000,345562500000,346062500000,346687500000,347312500000,347562500000,347125000000,347937500000,387925000000,387925000000,10
2025-10-24 23:06:40,5469,pairwise,VerletClusterLists,1.000000,vcl_sliced,none,SoA,enabled,467187500000,331875000000,330875000000,331062500000,331250000000,331562500000,331687500000,332750000000,333187500000,333125000000,344506250000,344506250000,10
2025-10-24 23:06:56,5479,pairwise,VerletClusterLists,1.000000,vcl_sliced_balanced,none,AoS,disabled,862375000000,436937500000,438625000000,442000000000,443937500000,447937500000,450250000000,453437500000,455375000000,459625000000,479481250000,479481250000,10
2025-10-24 23:07:10,5489,pairwise,VerletClusterLists,1.000000,vcl_sliced_balanced,none,AoS,enabled,510750000000,373937500000,376000000000,379562500000,381625000000,383500000000,387500000000,389812500000,393187500000,397500000000,387618750000,387618750000,10
2025-10-24 23:07:23,5499,pairwise,VerletClusterLists,1.000000,vcl_sliced_balanced,none,SoA,disabled,765937500000,345812500000,346250000000,346687500000,346437500000,347625000000,347750000000,348187500000,348937500000,349312500000,387825000000,387825000000,10
2025-10-24 23:07:36,5509,pairwise,VerletClusterLists,1.000000,vcl_sliced_balanced,none,SoA,enabled,468375000000,331937500000,331312500000,331937500000,332125000000,332875000000,333000000000,333500000000,333625000000,334375000000,345018750000,345018750000,10
2025-10-24 23:07:53,5519,pairwise,VerletClusterLists,1.000000,vcl_sliced_balanced,neighbor-list-length,AoS,disabled,1040562500000,436187500000,438562500000,442187500000,445062500000,447500000000,451312500000,453125000000,456312500000,460187500000,496625000000,496625000000,10
2025-10-24 23:08:06,5529,pairwise,VerletClusterLists,1.000000,vcl_sliced_balanced,neighbor-list-length,AoS,enabled,515125000000,373687500000,375437500000,378875000000,382625000000,384312500000,387500000000,391312500000,393500000000,396312500000,387831250000,387831250000,10
2025-10-24 23:08:20,5539,pairwise,VerletClusterLists,1.000000,vcl_sliced_balanced,neighbor-list-length,SoA,disabled,761187500000,343250000000,343812500000,344500000000,344000000000,344000000000,345875000000,345875000000,345750000000,346250000000,385043750000,385043750000,10
2025-10-24 23:08:32,5549,pairwise,VerletClusterLists,1.000000,vcl_sliced_balanced,neighbor-list-length,SoA,enabled,463500000000,328750000000,328687500000,329375000000,329312500000,330250000000,330562500000,330625000000,330625000000,331062500000,342168750000,342168750000,10
2025-10-24 23:08:51,5559,pairwise,VerletClusterLists,1.000000,vcl_sliced_c02,none,AoS,disabled,967125000000,512937500000,516000000000,519312500000,521562500000,524625000000,529375000000,530437500000,532562500000,534937500000,558356250000,558356250000,10
2025-10-24 23:09:06,5569,pairwise,VerletClusterLists,1.000000,vcl_sliced_c02,none,AoS,enabled,546312500000,407937500000,411687500000,415562500000,418875000000,421125000000,424437500000,428250000000,429687500000,433687500000,421775000000,421775000000,10
2025-10-24 23:09:20,5579,pairwise,VerletClusterLists,1.000000,vcl_sliced_c02,none,SoA,disabled,776312500000,362500000000,362000000000,362750000000,362937500000,363625000000,363125000000,363687500000,364562500000,365437500000,403431250000,403431250000,10
2025-10-24 23:09:32,5589,pairwise,VerletClusterLists,1.000000,vcl_sliced_c02,none,SoA,enabled,472375000000,338000000000,337687500000,338812500000,339062500000,339000000000,339812500000,340187500000,341500000000,340937500000,351156250000,351156250000,10
2025-10-24 23:09:40,5599,pairwise,VerletLists,1.000000,vl_list_iteration,none,AoS,disabled,584875000000,136000000000,135812500000,136187500000,136250000000,135875000000,136000000000,136125000000,136937500000,136687500000,180718750000,180718750000,10
2025-10-24 23:09:50,5609,pairwise,VerletLists,1.000000,vl_list_iteration,none,SoA,disabled,1707625000000,81250000000,84687500000,84125000000,84750000000,84062500000,84187500000,67875000000,67875000000,68000000000,231850000000,231850000000,10
2025-10-24 23:09:55,5619,pairwise,VerletListsCells,1.000000,vlc_c01,none,AoS,disabled,295500000000,51062500000,50875000000,50687500000,50812500000,51312500000,51437500000,51062500000,51125000000,51187500000,75168750000,75168750000,10
2025-10-24 23:10:03,5629,pairwise,VerletListsCells,1.000000,vlc_c01,none,SoA,disabled,1365875000000,72500000000,72187500000,72562500000,72937500000,72625000000,72500000000,73437500000,72375000000,72875000000,201556250000,201556250000,10
2025-10-24 23:10:08,5639,pairwise,VerletListsCells,1.000000,vlc_c18,none,AoS,disabled,666187500000,77500000000,77500000000,77187500000,77437500000,77437500000,77437500000,77812500000,77500000000,77625000000,136087500000,136087500000,10
2025-10-24 23:10:12,5649,pairwise,VerletListsCells,1.000000,vlc_c18,none,AoS,enabled,403875000000,51687500000,51625000000,51812500000,52000000000,51437500000,52062500000,51812500000,52125000000,51312500000,86568750000,86568750000,10
2025-10-24 23:10:26,5659,pairwise,VerletListsCells,1.000000,vlc_c18,none,SoA,disabled,2689812500000,111375000000,110125000000,110562500000,110500000000,111000000000,111312500000,111125000000,111187500000,111500000000,368093750000,368093750000,10
2025-10-24 23:10:36,5669,pairwise,VerletListsCells,1.000000,vlc_c18,none,SoA,enabled,1636437500000,83937500000,83937500000,84250000000,83875000000,84000000000,84000000000,84562500000,84187500000,83937500000,239131250000,239131250000,10
2025-10-24 23:10:39,5679,pairwise,VerletListsCells,1.000000,vlc_c08,none,AoS,disabled,242500000000,61437500000,61375000000,62062500000,61812500000,61562500000,61562500000,61375000000,61000000000,61125000000,79150000000,79150000000,10
2025-10-24 23:10:42,5689,pairwise,VerletListsCells,1.000000,vlc_c08,none,AoS,enabled,242312500000,45062500000,44062500000,44250000000,44062500000,44187500000,44125000000,44312500000,44437500000,44312500000,63887500000,63887500000,10
2025-10-24 23:10:55,5699,pairwise,VerletListsCells,1.000000,vlc_c08,none,SoA,disabled,2328875000000,97625000000,97312500000,97562500000,97500000000,97375000000,97375000000,97562500000,97437500000,97812500000,320468750000,320468750000,10
2025-10-24 23:11:06,5709,pairwise,VerletListsCells,1.000000,vlc_c08,none,SoA,enabled,2259875000000,87000000000,86562500000,87062500000,87187500000,87187500000,87250000000,87187500000,86875000000,87562500000,303893750000,303893750000,10
2025-10-24 23:11:11,5719,pairwise,VerletListsCells,1.000000,vlc_sliced,none,AoS,disabled,306750000000,73375000000,74187500000,73875000000,73937500000,74500000000,74000000000,74500000000,74000000000,74250000000,96712500000,96712500000,10
2025-10-24 23:11:13,5729,pairwise,VerletListsCells,1.000000,vlc_sliced,none,AoS,enabled,209687500000,31750000000,30437500000,30437500000,30437500000,30750000000,30562500000,30250000000,30812500000,30687500000,48193750000,48193750000,10
2025-10-24 23:11:26,5739,pairwise,VerletListsCells,1.000000,vlc_sliced,none,SoA,disabled,2545437500000,90750000000,90625000000,91312500000,90312500000,90937500000,90750000000,90562500000,90500000000,92000000000,335825000000,335825000000,10
2025-10-24 23:11:35,5749,pairwise,VerletListsCells,1.000000,vlc_sliced,none,SoA,enabled,1448750000000,67437500000,67875000000,67250000000,67125000000,67500000000,66937500000,67250000000,67187500000,67750000000,205118750000,205118750000,10
2025-10-24 23:11:39,5759,pairwise,VerletListsCells,1.000000,vlc_sliced_balanced,none,AoS,disabled,277750000000,67500000000,67062500000,67312500000,67250000000,66875000000,67125000000,66437500000,66625000000,66437500000,87568750000,87568750000,10
2025-10-24 23:11:41,5769,pairwise,VerletListsCells,1.000000,vlc_sliced_balanced,none,AoS,enabled,172187500000,29000000000,27937500000,27812500000,28187500000,27937500000,27812500000,28312500000,28062500000,28437500000,42250000000,42250000000,10
2025-10-24 23:11:54,5779,pairwise,VerletListsCells,1.000000,vlc_sliced_balanced,none,SoA,disabled,2627250000000,94187500000,94250000000,94250000000,94187500000,94187500000,94250000000,94062500000,94312500000,93812500000,347156250000,347156250000,10
2025-10-24 23:12:03,5789,pairwise,VerletListsCells,1.000000,vlc_sliced_balanced,none,SoA,enabled,1523812500000,64312500000,64875000000,64562500000,64687500000,64375000000,64937500000,64875000000,65125000000,65562500000,210262500000,210262500000,10
2025-10-24 23:12:09,5799,pairwise,VerletListsCells,1.000000,vlc_sliced_balanced,squared-particles-per-cell,AoS,disabled,377937500000,60500000000,60750000000,60687500000,60500000000,60562500000,60812500000,60937500000,61000000000,60812500000,92243750000,92243750000,10
2025-10-24 23:12:11,5809,pairwise,VerletListsCells,1.000000,vlc_sliced_balanced,squared-particles-per-cell,AoS,enabled,222937500000,28062500000,27687500000,27562500000,27687500000,28312500000,28187500000,27875000000,28125000000,28062500000,47100000000,47100000000,10
2025-10-24 23:12:24,5819,pairwise,VerletListsCells,1.000000,vlc_sliced_balanced,squared-particles-per-cell,SoA,disabled,2391687500000,87187500000,87187500000,87062500000,86875000000,87687500000,87125000000,87375000000,87875000000,87187500000,317356250000,317356250000,10
2025-10-24 23:12:32,5829,pairwise,VerletListsCells,1.000000,vlc_sliced_balanced,squared-particles-per-cell,SoA,enabled,1525750000000,65750000000,65187500000,65375000000,65187500000,65125000000,65625000000,65625000000,65625000000,65500000000,211187500000,211187500000,10
2025-10-24 23:12:38,5839,pairwise,VerletListsCells,1.000000,vlc_sliced_balanced,neighbor-list-length,AoS,disabled,430687500000,65625000000,65687500000,65625000000,65500000000,65250000000,65312500000,65375000000,65625000000,65562500000,101793750000,101793750000,10
2025-10-24 23:12:41,5849,pairwise,VerletListsCells,1.000000,vlc_sliced_balanced,neighbor-list-length,AoS,enabled,267562500000,29062500000,29312500000,28875000000,29437500000,29375000000,29250000000,29875000000,29437500000,29437500000,52743750000,52743750000,10
2025-10-24 23:12:53,5859,pairwise,VerletListsCells,1.000000,vlc_sliced_balanced,neighbor-list-length,SoA,disabled,2445812500000,90812500000,90875000000,91125000000,91375000000,90875000000,91000000000,91312500000,91125000000,91187500000,326312500000,326312500000,10
2025-10-24 23:13:02,5869,pairwise,VerletListsCells,1.000000,vlc_sliced_balanced,neighbor-list-length,SoA,enabled,1564937500000,65812500000,65937500000,66312500000,66437500000,66312500000,66187500000,66437500000,66250000000,66562500000,215725000000,215725000000,10
2025-10-24 23:13:08,5879,pairwise,VerletListsCells,1.000000,vlc_sliced_c02,none,AoS,disabled,461187500000,69312500000,69875000000,70250000000,69750000000,69312500000,70250000000,69937500000,69562500000,70062500000,108500000000,108500000000,10
2025-10-24 23:13:11,5889,pairwise,VerletListsCells,1.000000,vlc_sliced_c02,none,AoS,enabled,289312500000,33250000000,33750000000,33250000000,33187500000,33500000000,33500000000,33250000000,33937500000,33312500000,58800000000,58800000000,10
2025-10-24 23:13:24,5899,pairwise,VerletListsCells,1.000000,vlc_sliced_c02,none,SoA,disabled,2459062500000,95500000000,95125000000,95875000000,94562500000,95187500000,95312500000,94750000000,95062500000,95562500000,331012500000,331012500000,10
2025-10-24 23:13:33,5909,pairwise,VerletListsCells,1.000000,vlc_sliced_c02,none,SoA,enabled,1581687500000,69562500000,69750000000,69062500000,69812500000,69687500000,69500000000,69875000000,69937500000,69625000000,220325000000,220325000000,10
2025-10-24 23:13:42,5919,pairwise,PairwiseVerletLists,1.000000,vlp_c01,none,AoS,disabled,1229187500000,94000000000,94000000000,94125000000,93875000000,94125000000,94250000000,94437500000,94500000000,94562500000,207406250000,207406250000,10
2025-10-24 23:14:12,5929,pairwise,PairwiseVerletLists,1.000000,vlp_c01,none,SoA,disabled,7007875000000,144062500000,144187500000,144062500000,144312500000,144687500000,144562500000,144125000000,143625000000,143625000000,830050000000,830050000000,10
2025-10-24 23:14:18,5939,pairwise,PairwiseVerletLists,1.000000,vlp_c18,none,AoS,disabled,495187500000,123687500000,123125000000,123250000000,123250000000,123875000000,123812500000,123937500000,124187500000,123875000000,160331250000,160331250000,10
2025-10-24 23:14:24,5949,pairwise,PairwiseVerletLists,1.000000,vlp_c18,none,AoS,enabled,784187500000,78187500000,78062500000,77812500000,78937500000,79062500000,76937500000,77125000000,77625000000,77500000000,147662500000,147662500000,10
2025-10-24 23:15:01,5959,pairwise,PairwiseVerletLists,1.000000,vlp_c18,none,SoA,disabled,9142750000000,144687500000,145062500000,145312500000,145187500000,145312500000,145375000000,145312500000,145375000000,145437500000,1044493750000,1044493750000,10
2025-10-24 23:15:28,5969,pairwise,PairwiseVerletLists,1.000000,vlp_c18,none,SoA,enabled,6368625000000,122125000000,119687500000,119625000000,119437500000,119875000000,120187500000,120750000000,120500000000,120250000000,744356250000,744356250000,10
2025-10-24 23:15:34,5979,pairwise,PairwiseVerletLists,1.000000,vlp_sliced,none,AoS,disabled,521875000000,118687500000,119500000000,119437500000,118687500000,120062500000,120125000000,119625000000,120125000000,119750000000,159006250000,159006250000,10
2025-10-24 23:15:41,5989,pairwise,PairwiseVerletLists,1.000000,vlp_sliced,none,AoS,enabled,1032500000000,66437500000,64187500000,64000000000,64125000000,64187500000,64500000000,64312500000,64500000000,64687500000,160850000000,160850000000,10
2025-10-24 23:16:19,5999,pairwise,PairwiseVerletLists,1.000000,vlp_sliced,none,SoA,disabled,8896750000000,166250000000,162062500000,159687500000,159500000000,164000000000,161125000000,164500000000,159625000000,161875000000,1033225000000,1033225000000,10
2025-10-24 23:16:47,6009,pairwise,PairwiseVerletLists,1.000000,vlp_sliced,none,SoA,enabled,6491625000000,128500000000,125125000000,124562500000,126500000000,127875000000,126437500000,126000000000,127562500000,126625000000,761268750000,761268750000,10
2025-10-24 23:16:53,6019,pairwise,PairwiseVerletLists,1.000000,vlp_sliced_balanced,none,AoS,disabled,496000000000,117750000000,117062500000,117562500000,117437500000,117062500000,117750000000,117937500000,117687500000,118500000000,154956250000,154956250000,10
2025-10-24 23:16:59,6029,pairwise,PairwiseVerletLists,1.000000,vlp_sliced_balanced,none,AoS,enabled,1076375000000,63000000000,61250000000,61125000000,60937500000,61187500000,61375000000,61312500000,61000000000,61625000000,162481250000,162481250000,10
2025-10-24 23:17:37,6039,pairwise,PairwiseVerletLists,1.000000,vlp_sliced_balanced,none,SoA,disabled,8913687500000,158625000000,155812500000,156375000000,155625000000,156437500000,156500000000,156937500000,155562500000,156375000000,1031375000000,1031375000000,10
2025-10-24 23:18:05,6049,pairwise,PairwiseVerletLists,1.000000,vlp_sliced_balanced,none,SoA,enabled,6599687500000,123250000000,118937500000,118812500000,118437500000,118562500000,119062500000,118500000000,118687500000,118625000000,766562500000,766562500000,10
2025-10-24 23:18:12,6059,pairwise,PairwiseVerletLists,1.000000,vlp_sliced_c02,none,AoS,disabled,515125000000,139375000000,139375000000,139312500000,139812500000,139625000000,139250000000,139875000000,139750000000,141250000000,176837500000,176837500000,10
2025-10-24 23:18:19,6069,pairwise,PairwiseVerletLists,1.000000,vlp_sliced_c02,none,AoS,enabled,1119250000000,74750000000,71375000000,71625000000,71750000000,72125000000,71875000000,71500000000,71750000000,72375000000,176162500000,176162500000,10
2025-10-24 23:18:57,6079,pairwise,PairwiseVerletLists,1.000000,vlp_sliced_c02,none,SoA,disabled,8954125000000,180375000000,179250000000,177250000000,177250000000,180875000000,177750000000,181250000000,178375000000,179625000000,1054937500000,1054937500000,10
2025-10-24 23:19:26,6089,pairwise,PairwiseVerletLists,1.000000,vlp_sliced_c02,none,SoA,enabled,6657250000000,139875000000,134750000000,134000000000,132625000000,135000000000,134750000000,134875000000,134125000000,135375000000,785087500000,785087500000,10
2025-10-24 23:19:32,6099,pairwise,PairwiseVerletLists,1.000000,vlp_c08,none,AoS,disabled,497375000000,115000000000,114750000000,114875000000,114250000000,114750000000,114875000000,114875000000,115125000000,114500000000,152562500000,152562500000,10
2025-10-24 23:19:39,6109,pairwise,PairwiseVerletLists,1.000000,vlp_c08,none,AoS,enabled,1142125000000,76500000000,73375000000,72750000000,73250000000,73000000000,73000000000,73375000000,73250000000,73500000000,179687500000,179687500000,10
2025-10-24 23:20:16,6119,pairwise,PairwiseVerletLists,1.000000,vlp_c08,none,SoA,disabled,8964875000000,158375000000,156000000000,155625000000,156000000000,155750000000,156250000000,156625000000,156625000000,156000000000,1036550000000,1036550000000,10
2025-10-24 23:20:45,6129,pairwise,PairwiseVerletLists,1.000000,vlp_c08,none,SoA,enabled,6697500000000,124250000000,121000000000,121000000000,120750000000,120875000000,120750000000,120625000000,120625000000,121000000000,778312500000,778312500000,10
2025-10-24 23:37:29,10009,pairwise,LinkedCells,1.000000,lc_c01,none,AoS,disabled,120625000000,120375000000,121125000000,120500000000,121250000000,120000000000,120250000000,121375000000,121250000000,120750000000,120062500000,120062500000,10
2025-10-24 23:37:32,10019,pairwise,LinkedCells,1.000000,lc_c01,none,SoA,disabled,70500000000,69375000000,69250000000,69375000000,69750000000,69750000000,70750000000,70000000000,70375000000,69875000000,69375000000,69375000000,10
2025-10-24 23:37:35,10029,pairwise,LinkedCells,1.000000,lc_c01_combined_SoA,none,SoA,disabled,54000000000,52750000000,52500000000,53000000000,52500000000,53000000000,52500000000,52625000000,53125000000,53250000000,52650000000,52650000000,10
2025-10-24 23:37:38,10039,pairwise,LinkedCells,1.000000,lc_c04,none,AoS,disabled,66000000000,66000000000,65875000000,66500000000,66375000000,66125000000,66750000000,66250000000,66500000000,66375000000,65887500000,65887500000,10
2025-10-24 23:37:40,10049,pairwise,LinkedCells,1.000000,lc_c04,none,AoS,enabled,52375000000,52500000000,52625000000,52250000000,52750000000,52500000000,52875000000,52750000000,52500000000,52875000000,52262500000,52262500000,10
2025-10-24 23:37:43,10059,pairwise,LinkedCells,1.000000,lc_c04,none,SoA,disabled,59375000000,58625000000,59000000000,58625000000,58625000000,58750000000,58625000000,58625000000,59500000000,59125000000,58700000000,58700000000,10
2025-10-24 23:37:46,10069,pairwise,LinkedCells,1.000000,lc_c04,none,SoA,enabled,41375000000,41500000000,41500000000,41375000000,41250000000,41500000000,41500000000,41750000000,41375000000,41875000000,41262500000,41262500000,10
2025-10-24 23:37:49,10079,pairwise,LinkedCells,1.000000,lc_c04_HCP,none,AoS,disabled,69000000000,69375000000,69750000000,69500000000,69250000000,69625000000,69500000000,69625000000,69500000000,69250000000,69225000000,69225000000,10
2025-10-24 23:37:52,10089,pairwise,LinkedCells,1.000000,lc_c04_HCP,none,AoS,enabled,55375000000,56000000000,55875000000,56000000000,56375000000,56000000000,56250000000,56125000000,56375000000,56500000000,55825000000,55825000000,10
2025-10-24 23:37:55,10099,pairwise,LinkedCells,1.000000,lc_c04_HCP,none,SoA,disabled,64250000000,63375000000,63500000000,63500000000,63375000000,63625000000,63500000000,63625000000,63625000000,64000000000,63462500000,63462500000,10
2025-10-24 23:37:58,10109,pairwise,LinkedCells,1.000000,lc_c04_HCP,none,SoA,enabled,47375000000,46875000000,46500000000,47000000000,47125000000,47500000000,47250000000,47375000000,47250000000,47125000000,46587500000,46587500000,10
2025-10-24 23:38:01,10119,pairwise,LinkedCells,1.000000,lc_c04_combined_SoA,none,SoA,disabled,64625000000,64375000000,64500000000,64625000000,64250000000,64750000000,64875000000,64875000000,64750000000,64750000000,64287500000,64287500000,10
2025-10-24 23:38:04,10129,pairwise,LinkedCells,1.000000,lc_c04_combined_SoA,none,SoA,enabled,56500000000,56375000000,56000000000,55875000000,56250000000,56125000000,55750000000,56250000000,56250000000,56125000000,55825000000,55825000000,10
2025-10-24 23:38:07,10139,pairwise,LinkedCells,1.000000,lc_c08,none,AoS,disabled,81375000000,81625000000,81500000000,81750000000,81750000000,81625000000,81625000000,81750000000,81750000000,81875000000,81487500000,81487500000,10
2025-10-24 23:38:10,10149,pairwise,LinkedCells,1.000000,lc_c08,none,AoS,enabled,68875000000,69375000000,69625000000,69375000000,69875000000,69625000000,69625000000,69250000000,69625000000,69500000000,69212500000,69212500000,10
2025-10-24 23:38:14,10159,pairwise,LinkedCells,1.000000,lc_c08,none,SoA,disabled,83125000000,82625000000,82375000000,82250000000,82500000000,82625000000,82875000000,82750000000,82625000000,82625000000,82337500000,82337500000,10
2025-10-24 23:38:17,10169,pairwise,LinkedCells,1.000000,lc_c08,none,SoA,enabled,68625000000,67875000000,67875000000,68000000000,67875000000,68000000000,68000000000,68000000000,68375000000,68250000000,67950000000,67950000000,10
2025-10-24 23:38:21,10179,pairwise,LinkedCells,1.000000,lc_c18,none,AoS,disabled,97500000000,97875000000,97750000000,97500000000,98000000000,97750000000,98000000000,98375000000,98250000000,98000000000,97500000000,97500000000,10
2025-10-24 23:38:24,10189,pairwise,LinkedCells,1.000000,lc_c18,none,AoS,enabled,87625000000,87875000000,87500000000,88000000000,87750000000,87875000000,88625000000,88000000000,87875000000,88125000000,87512500000,87512500000,10
2025-10-24 23:38:29,10199,pairwise,LinkedCells,1.000000,lc_c18,none,SoA,disabled,120250000000,118625000000,119750000000,119375000000,119000000000,119000000000,119375000000,119000000000,118875000000,119500000000,118787500000,118787500000,10
2025-10-24 23:38:32,10209,pairwise,LinkedCells,1.000000,lc_c18,none,SoA,enabled,80125000000,79875000000,79625000000,80125000000,79625000000,80250000000,79750000000,79875000000,79875000000,79875000000,79675000000,79675000000,10
2025-10-24 23:38:36,10219,pairwise,LinkedCells,1.000000,lc_sliced,none,AoS,disabled,97625000000,97000000000,97125000000,97500000000,97000000000,97500000000,97375000000,97000000000,97875000000,97625000000,97062500000,97062500000,10
2025-10-24 23:38:40,10229,pairwise,LinkedCells,1.000000,lc_sliced,none,AoS,enabled,76375000000,76500000000,77000000000,76500000000,76250000000,76875000000,76625000000,76500000000,76375000000,76250000000,76262500000,76262500000,10
2025-10-24 23:38:44,10239,pairwise,LinkedCells,1.000000,lc_sliced,none,SoA,disabled,79625000000,78500000000,78250000000,78625000000,78500000000,78625000000,78500000000,78875000000,79000000000,78875000000,78387500000,78387500000,10
2025-10-24 23:38:46,10249,pairwise,LinkedCells,1.000000,lc_sliced,none,SoA,enabled,47125000000,46500000000,46500000000,46875000000,46875000000,46750000000,46875000000,47125000000,46875000000,47500000000,46562500000,46562500000,10
2025-10-24 23:38:50,10259,pairwise,LinkedCells,1.000000,lc_sliced_balanced,none,AoS,disabled,79375000000,79375000000,79625000000,79375000000,79375000000,79250000000,79625000000,79625000000,79875000000,80000000000,79262500000,79262500000,10
2025-10-24 23:38:53,10269,pairwise,LinkedCells,1.000000,lc_sliced_balanced,none,AoS,enabled,61750000000,61875000000,62375000000,62125000000,62000000000,62375000000,62750000000,62500000000,63000000000,62750000000,61862500000,61862500000,10
2025-10-24 23:38:56,10279,pairwise,LinkedCells,1.000000,lc_sliced_balanced,none,SoA,disabled,68250000000,67000000000,66875000000,66500000000,67000000000,66875000000,67000000000,67000000000,66875000000,67125000000,66675000000,66675000000,10
2025-10-24 23:38:59,10289,pairwise,LinkedCells,1.000000,lc_sliced_balanced,none,SoA,enabled,41375000000,40750000000,41250000000,40750000000,40875000000,41375000000,41375000000,41000000000,41500000000,41000000000,40812500000,40812500000,10
2025-10-24 23:39:04,10299,pairwise,LinkedCells,1.000000,lc_sliced_balanced,squared-particles-per-cell,AoS,disabled,81875000000,79500000000,79125000000,79500000000,79500000000,79500000000,95500000000,96125000000,79625000000,79625000000,79400000000,79400000000,10
2025-10-24 23:39:07,10309,pairwise,LinkedCells,1.000000,lc_sliced_balanced,squared-particles-per-cell,AoS,enabled,62500000000,62500000000,62500000000,62250000000,62625000000,62500000000,62625000000,62875000000,62875000000,63000000000,62275000000,62275000000,10
2025-10-24 23:39:10,10319,pairwise,LinkedCells,1.000000,lc_sliced_balanced,squared-particles-per-cell,SoA,disabled,83375000000,66125000000,66250000000,65875000000,66625000000,66625000000,66125000000,66250000000,66625000000,66500000000,67625000000,67625000000,10
2025-10-24 23:39:13,10329,pairwise,LinkedCells,1.000000,lc_sliced_balanced,squared-particles-per-cell,SoA,enabled,46750000000,41500000000,41125000000,41875000000,41750000000,41625000000,40250000000,40250000000,40625000000,40375000000,40900000000,40900000000,10
2025-10-24 23:39:18,10339,pairwise,LinkedCells,1.000000,lc_sliced_c02,none,AoS,disabled,98125000000,96625000000,97375000000,97500000000,97125000000,97375000000,97625000000,97000000000,97375000000,97375000000,96775000000,96775000000,10
2025-10-24 23:39:22,10349,pairwise,LinkedCells,1.000000,lc_sliced_c02,none,AoS,enabled,75875000000,76375000000,76250000000,76125000000,76375000000,76500000000,76000000000,76250000000,76375000000,76750000000,75987500000,75987500000,10
2025-10-24 23:39:25,10359,pairwise,LinkedCells,1.000000,lc_sliced_c02,none,SoA,disabled,88875000000,76750000000,76750000000,76625000000,77125000000,77125000000,77000000000,77125000000,76875000000,76875000000,77850000000,77850000000,10
2025-10-24 23:39:28,10369,pairwise,LinkedCells,1.000000,lc_sliced_c02,none,SoA,enabled,50625000000,45125000000,44875000000,45000000000,44750000000,44750000000,44750000000,44750000000,45500000000,44875000000,45337500000,45337500000,10
2025-10-24 23:39:44,10379,pairwise,VerletClusterLists,1.000000,vcl_c01_balanced,none,AoS,disabled,969250000000,375750000000,378250000000,381000000000,383875000000,386625000000,388625000000,390750000000,394000000000,396000000000,435100000000,435100000000,10
2025-10-24 23:39:57,10389,pairwise,VerletClusterLists,1.000000,vcl_c01_balanced,none,SoA,disabled,751875000000,327125000000,326500000000,327000000000,327375000000,327750000000,327625000000,328500000000,328250000000,329375000000,369037500000,369037500000,10
2025-10-24 23:40:11,10399,pairwise,VerletClusterLists,1.000000,vcl_c06,none,AoS,disabled,798375000000,380000000000,382625000000,386250000000,388750000000,391125000000,394000000000,396875000000,398750000000,401375000000,421837500000,421837500000,10
2025-10-24 23:40:23,10409,pairwise,VerletClusterLists,1.000000,vcl_c06,none,AoS,enabled,477000000000,336375000000,338875000000,342000000000,344250000000,346875000000,350375000000,352250000000,355250000000,357625000000,350437500000,350437500000,10
2025-10-24 23:40:36,10419,pairwise,VerletClusterLists,1.000000,vcl_c06,none,SoA,disabled,756750000000,331875000000,331375000000,331750000000,332125000000,332750000000,332625000000,333000000000,334000000000,334500000000,373912500000,373912500000,10
2025-10-24 23:40:48,10429,pairwise,VerletClusterLists,1.000000,vcl_c06,none,SoA,enabled,463250000000,316000000000,315250000000,315625000000,315875000000,316375000000,317625000000,317625000000,317000000000,318500000000,330050000000,330050000000,10
2025-10-24 23:41:04,10439,pairwise,VerletClusterLists,1.000000,vcl_sliced,none,AoS,disabled,877500000000,433375000000,436625000000,440125000000,442125000000,451875000000,448500000000,450875000000,453125000000,456250000000,477787500000,477787500000,10
2025-10-24 23:41:18,10449,pairwise,VerletClusterLists,1.000000,vcl_sliced,none,AoS,enabled,524250000000,369125000000,371375000000,375000000000,377750000000,381500000000,383125000000,386000000000,389750000000,392375000000,384637500000,384637500000,10
2025-10-24 23:41:31,10459,pairwise,VerletClusterLists,1.000000,vcl_sliced,none,SoA,disabled,766250000000,337375000000,337125000000,338000000000,337625000000,338625000000,338500000000,338375000000,339500000000,339625000000,380037500000,380037500000,10
2025-10-24 23:41:43,10469,pairwise,VerletClusterLists,1.000000,vcl_sliced,none,SoA,enabled,474250000000,322875000000,322000000000,322000000000,323375000000,323375000000,324250000000,324125000000,324500000000,325125000000,337225000000,337225000000,10
2025-10-24 23:41:59,10479,pairwise,VerletClusterLists,1.000000,vcl_sliced_balanced,none,AoS,disabled,1002000000000,430125000000,432250000000,435375000000,437375000000,440000000000,444250000000,445125000000,448250000000,451250000000,487312500000,487312500000,10
2025-10-24 23:42:13,10489,pairwise,VerletClusterLists,1.000000,vcl_sliced_balanced,none,AoS,enabled,509125000000,366750000000,369375000000,373000000000,375000000000,377625000000,382125000000,383625000000,386625000000,388375000000,380987500000,380987500000,10
2025-10-24 23:42:26,10499,pairwise,VerletClusterLists,1.000000,vcl_sliced_balanced,none,SoA,disabled,766750000000,338375000000,338500000000,338875000000,338875000000,338500000000,338875000000,339750000000,340375000000,341000000000,381212500000,381212500000,10
2025-10-24 23:42:38,10509,pairwise,VerletClusterLists,1.000000,vcl_sliced_balanced,none,SoA,enabled,472625000000,322750000000,324000000000,323750000000,323750000000,324625000000,324125000000,325000000000,325500000000,325250000000,337737500000,337737500000,10
2025-10-24 23:42:54,10519,pairwise,VerletClusterLists,1.000000,vcl_sliced_balanced,neighbor-list-length,AoS,disabled,896375000000,428875000000,432750000000,436125000000,438625000000,441250000000,445375000000,448000000000,450500000000,452500000000,475625000000,475625000000,10
2025-10-24 23:43:08,10529,pairwise,VerletClusterLists,1.000000,vcl_sliced_balanced,neighbor-list-length,AoS,enabled,512875000000,366500000000,369000000000,372875000000,375375000000,377875000000,381625000000,384000000000,386250000000,388875000000,381137500000,381137500000,10
2025-10-24 23:43:21,10539,pairwise,VerletClusterLists,1.000000,vcl_sliced_balanced,neighbor-list-length,SoA,disabled,760500000000,335000000000,335750000000,335750000000,336375000000,337000000000,338000000000,337875000000,338125000000,339000000000,377550000000,377550000000,10
2025-10-24 23:43:33,10549,pairwise,VerletClusterLists,1.000000,vcl_sliced_balanced,neighbor-list-length,SoA,enabled,463000000000,322250000000,321375000000,321625000000,322125000000,322750000000,323250000000,323750000000,323750000000,323875000000,335537500000,335537500000,10
2025-10-24 23:43:52,10559,pairwise,VerletClusterLists,1.000000,vcl_sliced_c02,none,AoS,disabled,972250000000,506250000000,509000000000,512375000000,516250000000,519000000000,521875000000,524750000000,527250000000,530000000000,552850000000,552850000000,10
2025-10-24 23:44:06,10569,pairwise,VerletClusterLists,1.000000,vcl_sliced_c02,none,AoS,enabled,542750000000,401250000000,405000000000,407625000000,410375000000,412750000000,416250000000,419250000000,421750000000,425125000000,415400000000,415400000000,10
2025-10-24 23:44:20,10579,pairwise,VerletClusterLists,1.000000,vcl_sliced_c02,none,SoA,disabled,777750000000,355125000000,354750000000,354625000000,355125000000,355375000000,355875000000,356375000000,356875000000,357125000000,396937500000,396937500000,10
2025-10-24 23:44:32,10589,pairwise,VerletClusterLists,1.000000,vcl_sliced_c02,none,SoA,enabled,471875000000,329625000000,329000000000,329875000000,330750000000,331125000000,330750000000,331375000000,331625000000,331875000000,343287500000,343287500000,10
2025-10-24 23:44:40,10599,pairwise,VerletLists,1.000000,vl_list_iteration,none,AoS,disabled,551375000000,136625000000,136500000000,136500000000,137375000000,136500000000,137500000000,136875000000,137625000000,137250000000,177987500000,177987500000,10
2025-10-24 23:44:49,10609,pairwise,VerletLists,1.000000,vl_list_iteration,none,SoA,disabled,1698625000000,72375000000,83875000000,84500000000,83500000000,84000000000,84125000000,68375000000,67750000000,68250000000,230837500000,230837500000,10
2025-10-24 23:44:55,10619,pairwise,VerletListsCells,1.000000,vlc_c01,none,AoS,disabled,284250000000,50750000000,51125000000,51125000000,51125000000,51750000000,51875000000,51250000000,51375000000,51375000000,74100000000,74100000000,10
2025-10-24 23:45:03,10629,pairwise,VerletListsCells,1.000000,vlc_c01,none,SoA,disabled,1386375000000,72875000000,72875000000,73375000000,72750000000,72875000000,73000000000,73875000000,72750000000,72875000000,204112500000,204112500000,10
2025-10-24 23:45:08,10639,pairwise,VerletListsCells,1.000000,vlc_c18,none,AoS,disabled,517875000000,78625000000,78875000000,78625000000,78500000000,78750000000,78500000000,79000000000,78625000000,78750000000,122437500000,122437500000,10
2025-10-24 23:45:12,10649,pairwise,VerletListsCells,1.000000,vlc_c18,none,AoS,enabled,353750000000,52250000000,52125000000,52250000000,52000000000,51375000000,51375000000,51375000000,51375000000,51625000000,81612500000,81612500000,10
2025-10-24 23:45:25,10659,pairwise,VerletListsCells,1.000000,vlc_c18,none,SoA,disabled,2689625000000,111500000000,110125000000,110500000000,110000000000,110375000000,110000000000,110750000000,110625000000,110125000000,367962500000,367962500000,10
2025-10-24 23:45:35,10669,pairwise,VerletListsCells,1.000000,vlc_c18,none,SoA,enabled,1621875000000,84250000000,84000000000,84000000000,84250000000,84000000000,84250000000,84625000000,84125000000,84125000000,237787500000,237787500000,10
2025-10-24 23:45:38,10679,pairwise,VerletListsCells,1.000000,vlc_c08,none,AoS,disabled,251500000000,63000000000,63125000000,63125000000,63000000000,63125000000,62375000000,62625000000,62500000000,62750000000,81287500000,81287500000,10
2025-10-24 23:45:42,10689,pairwise,VerletListsCells,1.000000,vlc_c08,none,AoS,enabled,244250000000,46125000000,44875000000,44875000000,45000000000,45375000000,45500000000,44875000000,45625000000,45375000000,64812500000,64812500000,10
2025-10-24 23:45:54,10699,pairwise,VerletListsCells,1.000000,vlc_c08,none,SoA,disabled,2361625000000,98375000000,97500000000,97875000000,97500000000,97500000000,98375000000,98125000000,97875000000,98000000000,323912500000,323912500000,10
2025-10-24 23:46:06,10709,pairwise,VerletListsCells,1.000000,vlc_c08,none,SoA,enabled,2222125000000,87250000000,87375000000,86875000000,87000000000,87375000000,86875000000,87250000000,87500000000,87500000000,300400000000,300400000000,10
2025-10-24 23:46:10,10719,pairwise,VerletListsCells,1.000000,vlc_sliced,none,AoS,disabled,299000000000,74625000000,74375000000,74625000000,75000000000,75250000000,74375000000,74625000000,74500000000,75125000000,96837500000,96837500000,10
2025-10-24 23:46:12,10729,pairwise,VerletListsCells,1.000000,vlc_sliced,none,AoS,enabled,206000000000,30750000000,30875000000,30875000000,30750000000,30625000000,30875000000,30875000000,30875000000,31500000000,48162500000,48162500000,10
2025-10-24 23:46:25,10739,pairwise,VerletListsCells,1.000000,vlc_sliced,none,SoA,disabled,2566000000000,90500000000,90625000000,90750000000,91250000000,91375000000,91750000000,91500000000,91375000000,91375000000,338050000000,338050000000,10
2025-10-24 23:46:34,10749,pairwise,VerletListsCells,1.000000,vlc_sliced,none,SoA,enabled,1461125000000,66875000000,67000000000,66750000000,67250000000,67125000000,67000000000,66625000000,67000000000,67125000000,206075000000,206075000000,10
2025-10-24 23:46:38,10759,pairwise,VerletListsCells,1.000000,vlc_sliced_balanced,none,AoS,disabled,276375000000,67125000000,67375000000,68125000000,68375000000,68125000000,67625000000,66750000000,67000000000,66875000000,87712500000,87712500000,10
2025-10-24 23:46:40,10769,pairwise,VerletListsCells,1.000000,vlc_sliced_balanced,none,AoS,enabled,172250000000,29125000000,28625000000,28000000000,28125000000,28125000000,28500000000,28500000000,28375000000,28375000000,42425000000,42425000000,10
2025-10-24 23:46:54,10779,pairwise,VerletListsCells,1.000000,vlc_sliced_balanced,none,SoA,disabled,2651250000000,93625000000,93875000000,93625000000,94000000000,94000000000,94250000000,93875000000,94250000000,93750000000,349387500000,349387500000,10
2025-10-24 23:47:02,10789,pairwise,VerletListsCells,1.000000,vlc_sliced_balanced,none,SoA,enabled,1550125000000,64500000000,64750000000,64375000000,64375000000,64375000000,64125000000,64500000000,64875000000,64875000000,212725000000,212725000000,10
2025-10-24 23:47:08,10799,pairwise,VerletListsCells,1.000000,vlc_sliced_balanced,squared-particles-per-cell,AoS,disabled,365750000000,60625000000,60750000000,60625000000,60875000000,60750000000,61000000000,61250000000,60750000000,60875000000,91137500000,91137500000,10
2025-10-24 23:47:11,10809,pairwise,VerletListsCells,1.000000,vlc_sliced_balanced,squared-particles-per-cell,AoS,enabled,202500000000,28250000000,28000000000,27875000000,28250000000,28250000000,28125000000,28250000000,28625000000,27750000000,45225000000,45225000000,10
2025-10-24 23:47:23,10819,pairwise,VerletListsCells,1.000000,vlc_sliced_balanced,squared-particles-per-cell,SoA,disabled,2395625000000,87000000000,87000000000,86750000000,87000000000,86750000000,86750000000,86875000000,87125000000,87000000000,317637500000,317637500000,10
2025-10-24 23:47:32,10829,pairwise,VerletListsCells,1.000000,vlc_sliced_balanced,squared-particles-per-cell,SoA,enabled,1542875000000,65000000000,65625000000,65125000000,65500000000,65375000000,65875000000,65375000000,65250000000,65500000000,212787500000,212787500000,10
2025-10-24 23:47:37,10839,pairwise,VerletListsCells,1.000000,vlc_sliced_balanced,neighbor-list-length,AoS,disabled,376625000000,65625000000,65750000000,66375000000,66125000000,66875000000,66875000000,65375000000,65625000000,65625000000,96500000000,96500000000,10
2025-10-24 23:47:40,10849,pairwise,VerletListsCells,1.000000,vlc_sliced_balanced,neighbor-list-length,AoS,enabled,229625000000,29625000000,29375000000,29375000000,29375000000,29500000000,29625000000,29625000000,29625000000,29625000000,49400000000,49400000000,10
2025-10-24 23:47:52,10859,pairwise,VerletListsCells,1.000000,vlc_sliced_balanced,neighbor-list-length,SoA,disabled,2442625000000,90500000000,90500000000,90375000000,90750000000,90750000000,90625000000,90500000000,90625000000,90750000000,325600000000,325600000000,10
2025-10-24 23:48:01,10869,pairwise,VerletListsCells,1.000000,vlc_sliced_balanced,neighbor-list-length,SoA,enabled,1538750000000,66375000000,66000000000,65875000000,66250000000,66125000000,66250000000,66375000000,66250000000,66875000000,213162500000,213162500000,10
2025-10-24 23:48:07,10879,pairwise,VerletListsCells,1.000000,vlc_sliced_c02,none,AoS,disabled,390625000000,68875000000,69375000000,68625000000,69000000000,69000000000,69125000000,69250000000,69125000000,69125000000,100825000000,100825000000,10
2025-10-24 23:48:10,10889,pairwise,VerletListsCells,1.000000,vlc_sliced_c02,none,AoS,enabled,220750000000,33000000000,33500000000,33250000000,33000000000,33250000000,33375000000,33250000000,33625000000,33750000000,51775000000,51775000000,10
2025-10-24 23:48:22,10899,pairwise,VerletListsCells,1.000000,vlc_sliced_c02,none,SoA,disabled,2436250000000,94875000000,94625000000,95000000000,94750000000,94875000000,94875000000,95375000000,94875000000,94500000000,328675000000,328675000000,10
2025-10-24 23:48:31,10909,pairwise,VerletListsCells,1.000000,vlc_sliced_c02,none,SoA,enabled,1555625000000,69250000000,69750000000,69250000000,69375000000,69125000000,69000000000,69250000000,69500000000,69625000000,217662500000,217662500000,10
2025-10-24 23:48:40,10919,pairwise,PairwiseVerletLists,1.000000,vlp_c01,none,AoS,disabled,1164000000000,93875000000,94000000000,94125000000,93750000000,93750000000,94125000000,94000000000,93875000000,94375000000,200775000000,200775000000,10
2025-10-24 23:49:09,10929,pairwise,PairwiseVerletLists,1.000000,vlp_c01,none,SoA,disabled,6820375000000,143500000000,143375000000,144000000000,143750000000,144125000000,144000000000,144375000000,144250000000,144250000000,811075000000,811075000000,10
2025-10-24 23:49:14,10939,pairwise,PairwiseVerletLists,1.000000,vlp_c18,none,AoS,disabled,497250000000,124000000000,123750000000,123500000000,123875000000,123875000000,124125000000,123750000000,124500000000,124375000000,160875000000,160875000000,10
2025-10-24 23:49:20,10949,pairwise,PairwiseVerletLists,1.000000,vlp_c18,none,AoS,enabled,784250000000,78125000000,78625000000,79875000000,79625000000,77625000000,77500000000,77125000000,77375000000,77875000000,147837500000,147837500000,10
2025-10-24 23:49:57,10959,pairwise,PairwiseVerletLists,1.000000,vlp_c18,none,SoA,disabled,8802875000000,143500000000,144375000000,144250000000,145375000000,144000000000,144375000000,143875000000,144250000000,144125000000,1009437500000,1009437500000,10
2025-10-24 23:50:23,10969,pairwise,PairwiseVerletLists,1.000000,vlp_c18,none,SoA,enabled,6117875000000,120625000000,119250000000,119500000000,119750000000,120000000000,119875000000,119875000000,119250000000,119500000000,719112500000,719112500000,10
2025-10-24 23:50:29,10979,pairwise,PairwiseVerletLists,1.000000,vlp_sliced,none,AoS,disabled,519750000000,119375000000,118750000000,119625000000,118750000000,119000000000,119250000000,119250000000,119625000000,119375000000,158850000000,158850000000,10
2025-10-24 23:50:36,10989,pairwise,PairwiseVerletLists,1.000000,vlp_sliced,none,AoS,enabled,1038250000000,66625000000,64625000000,64125000000,64750000000,64250000000,64375000000,64500000000,64500000000,64750000000,161537500000,161537500000,10
2025-10-24 23:51:12,10999,pairwise,PairwiseVerletLists,1.000000,vlp_sliced,none,SoA,disabled,8618875000000,163875000000,160875000000,165000000000,160625000000,164375000000,164625000000,160750000000,163625000000,162750000000,1006450000000,1006450000000,10
2025-10-24 23:51:40,11009,pairwise,PairwiseVerletLists,1.000000,vlp_sliced,none,SoA,enabled,6313125000000,126750000000,124625000000,126375000000,127875000000,124625000000,127375000000,125500000000,127125000000,127625000000,743475000000,743475000000,10
2025-10-24 23:51:45,11019,pairwise,PairwiseVerletLists,1.000000,vlp_sliced_balanced,none,AoS,disabled,494250000000,117250000000,117250000000,117000000000,117500000000,117625000000,117000000000,117500000000,117500000000,117625000000,154725000000,154725000000,10
2025-10-24 23:51:52,11029,pairwise,PairwiseVerletLists,1.000000,vlp_sliced_balanced,none,AoS,enabled,1081625000000,62375000000,60625000000,60750000000,60750000000,60750000000,60625000000,61250000000,61125000000,60875000000,162725000000,162725000000,10
2025-10-24 23:52:29,11039,pairwise,PairwiseVerletLists,1.000000,vlp_sliced_balanced,none,SoA,disabled,8674875000000,156250000000,155375000000,155750000000,155250000000,155250000000,154875000000,155250000000,154875000000,156375000000,1006875000000,1006875000000,10
2025-10-24 23:52:56,11049,pairwise,PairwiseVerletLists,1.000000,vlp_sliced_balanced,none,SoA,enabled,6382125000000,122000000000,118125000000,118125000000,118375000000,118125000000,118250000000,118375000000,118375000000,118125000000,744525000000,744525000000,10
2025-10-24 23:53:03,11059,pairwise,PairwiseVerletLists,1.000000,vlp_sliced_c02,none,AoS,disabled,521125000000,140000000000,140375000000,139625000000,139500000000,140625000000,140875000000,140375000000,141375000000,141500000000,177662500000,177662500000,10
2025-10-24 23:53:10,11069,pairwise,PairwiseVerletLists,1.000000,vlp_sliced_c02,none,AoS,enabled,1121625000000,75375000000,71750000000,71625000000,72125000000,71875000000,72750000000,71750000000,72125000000,72750000000,176625000000,176625000000,10
2025-10-24 23:53:47,11079,pairwise,PairwiseVerletLists,1.000000,vlp_sliced_c02,none,SoA,disabled,8681875000000,179625000000,174500000000,179125000000,174500000000,178250000000,176875000000,176000000000,177750000000,176000000000,1025237500000,1025237500000,10
2025-10-24 23:54:15,11089,pairwise,PairwiseVerletLists,1.000000,vlp_sliced_c02,none,SoA,enabled,6482750000000,138000000000,131625000000,133750000000,130250000000,132375000000,132125000000,131500000000,133750000000,132250000000,765500000000,765500000000,10
2025-10-24 23:54:21,11099,pairwise,PairwiseVerletLists,1.000000,vlp_c08,none,AoS,disabled,495500000000,114750000000,114500000000,114875000000,115250000000,115250000000,115375000000,115625000000,115375000000,115250000000,152600000000,152600000000,10
2025-10-24 23:54:28,11109,pairwise,PairwiseVerletLists,1.000000,vlp_c08,none,AoS,enabled,1141750000000,76125000000,72875000000,72875000000,72500000000,73125000000,73000000000,73000000000,73375000000,73375000000,179425000000,179425000000,10
2025-10-24 23:55:04,11119,pairwise,PairwiseVerletLists,1.000000,vlp_c08,none,SoA,disabled,8657875000000,156375000000,154250000000,154875000000,155125000000,155250000000,154750000000,155000000000,155000000000,154750000000,1004612500000,1004612500000,10
2025-10-24 23:55:32,11129,pairwise,PairwiseVerletLists,1.000000,vlp_c08,none,SoA,enabled,6552375000000,124000000000,122125000000,120000000000,119875000000,120125000000,120125000000,119625000000,120125000000,120250000000,762900000000,762900000000,10
2025-10-25 00:12:01,15009,pairwise,LinkedCells,1.000000,lc_c01,none,AoS,disabled,119750000000,119750000000,121250000000,120000000000,120250000000,120000000000,120750000000,119750000000,120500000000,120750000000,119750000000,119750000000,10
2025-10-25 00:12:04,15019,pairwise,LinkedCells,1.000000,lc_c01,none,SoA,disabled,70000000000,68750000000,69250000000,69000000000,69000000000,68750000000,69000000000,69000000000,68750000000,68750000000,68875000000,68875000000,10
2025-10-25 00:12:07,15029,pairwise,LinkedCells,1.000000,lc_c01_combined_SoA,none,SoA,disabled,52500000000,51750000000,52250000000,52250000000,52250000000,52000000000,52000000000,52000000000,52250000000,52250000000,51825000000,51825000000,10
2025-10-25 00:12:10,15039,pairwise,LinkedCells,1.000000,lc_c04,none,AoS,disabled,65750000000,66500000000,66500000000,65500000000,66000000000,66250000000,66000000000,66500000000,66000000000,66500000000,65525000000,65525000000,10
2025-10-25 00:12:13,15049,pairwise,LinkedCells,1.000000,lc_c04,none,AoS,enabled,52000000000,52000000000,52250000000,52500000000,52500000000,53000000000,52000000000,53000000000,52250000000,53000000000,52000000000,52000000000,10
2025-10-25 00:12:16,15059,pairwise,LinkedCells,1.000000,lc_c04,none,SoA,disabled,59500000000,57750000000,57750000000,58250000000,58000000000,58250000000,58500000000,58000000000,58500000000,58250000000,57925000000,57925000000,10
2025-10-25 00:12:18,15069,pairwise,LinkedCells,1.000000,lc_c04,none,SoA,enabled,40750000000,40250000000,40500000000,40500000000,40500000000,40750000000,40500000000,40500000000,40750000000,41250000000,40300000000,40300000000,10
2025-10-25 00:12:21,15079,pairwise,LinkedCells,1.000000,lc_c04_HCP,none,AoS,disabled,68750000000,69250000000,69000000000,69000000000,68750000000,69000000000,69250000000,69500000000,69000000000,69500000000,68750000000,68750000000,10
2025-10-25 00:12:24,15089,pairwise,LinkedCells,1.000000,lc_c04_HCP,none,AoS,enabled,55750000000,56000000000,55500000000,55750000000,56000000000,56000000000,56000000000,56250000000,55750000000,56000000000,55525000000,55525000000,10
2025-10-25 00:12:27,15099,pairwise,LinkedCells,1.000000,lc_c04_HCP,none,SoA,disabled,63250000000,62500000000,62500000000,62750000000,62750000000,63000000000,62750000000,62750000000,63000000000,63250000000,62575000000,62575000000,10
2025-10-25 00:12:30,15109,pairwise,LinkedCells,1.000000,lc_c04_HCP,none,SoA,enabled,46000000000,45750000000,46000000000,45500000000,45750000000,45750000000,45750000000,46000000000,45500000000,46250000000,45550000000,45550000000,10
2025-10-25 00:12:33,15119,pairwise,LinkedCells,1.000000,lc_c04_combined_SoA,none,SoA,disabled,63000000000,62750000000,63250000000,63250000000,63250000000,62750000000,63250000000,63250000000,63250000000,63250000000,62775000000,62775000000,10
2025-10-25 00:12:36,15129,pairwise,LinkedCells,1.000000,lc_c04_combined_SoA,none,SoA,enabled,54250000000,53750000000,54000000000,54000000000,54250000000,54250000000,54000000000,54000000000,54250000000,54250000000,53800000000,53800000000,10
2025-10-25 00:12:39,15139,pairwise,LinkedCells,1.000000,lc_c08,none,AoS,disabled,81250000000,81000000000,81500000000,81500000000,81500000000,81500000000,81500000000,81500000000,81750000000,81750000000,81025000000,81025000000,10
2025-10-25 00:12:42,15149,pairwise,LinkedCells,1.000000,lc_c08,none,AoS,enabled,68500000000,68750000000,69000000000,69000000000,69000000000,68750000000,69250000000,69500000000,69000000000,69250000000,68725000000,68725000000,10
2025-10-25 00:12:46,15159,pairwise,LinkedCells,1.000000,lc_c08,none,SoA,disabled,82000000000,80750000000,80500000000,81000000000,80500000000,81000000000,80750000000,80750000000,80750000000,80750000000,80650000000,80650000000,10
2025-10-25 00:12:49,15169,pairwise,LinkedCells,1.000000,lc_c08,none,SoA,enabled,65750000000,65750000000,66000000000,66250000000,66000000000,65750000000,66000000000,66250000000,66000000000,66250000000,65750000000,65750000000,10
2025-10-25 00:12:53,15179,pairwise,LinkedCells,1.000000,lc_c18,none,AoS,disabled,97250000000,97250000000,97750000000,97250000000,97500000000,97500000000,98000000000,97500000000,98000000000,97750000000,97250000000,97250000000,10
2025-10-25 00:12:56,15189,pairwise,LinkedCells,1.000000,lc_c18,none,AoS,enabled,87500000000,87750000000,87750000000,87500000000,87750000000,88250000000,88000000000,88250000000,88250000000,88000000000,87500000000,87473799815,10
2025-10-25 00:13:01,15199,pairwise,LinkedCells,1.000000,lc_c18,none,SoA,disabled,117250000000,116000000000,116000000000,116250000000,115750000000,115750000000,116000000000,115750000000,116000000000,116000000000,115900000000,115900000000,10
2025-10-25 00:13:04,15209,pairwise,LinkedCells,1.000000,lc_c18,none,SoA,enabled,78250000000,78000000000,78250000000,78500000000,77750000000,78250000000,78500000000,78500000000,78500000000,78250000000,77800000000,77800000000,10
2025-10-25 00:13:08,15219,pairwise,LinkedCells,1.000000,lc_sliced,none,AoS,disabled,97250000000,97500000000,97250000000,97250000000,97250000000,97250000000,97500000000,98000000000,97500000000,97750000000,97250000000,97250000000,10
2025-10-25 00:13:12,15229,pairwise,LinkedCells,1.000000,lc_sliced,none,AoS,enabled,76250000000,76750000000,76500000000,76250000000,76250000000,76250000000,76500000000,76500000000,76750000000,76750000000,76250000000,76250000000,10
2025-10-25 00:13:15,15239,pairwise,LinkedCells,1.000000,lc_sliced,none,SoA,disabled,79000000000,77750000000,77500000000,78000000000,78000000000,77750000000,78500000000,78000000000,78250000000,78500000000,77650000000,77650000000,10
2025-10-25 00:13:18,15249,pairwise,LinkedCells,1.000000,lc_sliced,none,SoA,enabled,46250000000,46000000000,45750000000,46500000000,46250000000,45750000000,46500000000,45750000000,46250000000,46500000000,45800000000,45800000000,10
2025-10-25 00:13:22,15259,pairwise,LinkedCells,1.000000,lc_sliced_balanced,none,AoS,disabled,78750000000,79250000000,79000000000,79500000000,79750000000,79250000000,79250000000,80000000000,80000000000,79750000000,78975000000,78975000000,10
2025-10-25 00:13:25,15269,pairwise,LinkedCells,1.000000,lc_sliced_balanced,none,AoS,enabled,62250000000,62000000000,62500000000,63000000000,62750000000,62250000000,62000000000,62500000000,62250000000,63000000000,62025000000,61952388060,10
2025-10-25 00:13:28,15279,pairwise,LinkedCells,1.000000,lc_sliced_balanced,none,SoA,disabled,67250000000,66000000000,66750000000,66500000000,66250000000,66500000000,66500000000,66750000000,66500000000,67750000000,66125000000,66125000000,10
2025-10-25 00:13:30,15289,pairwise,LinkedCells,1.000000,lc_sliced_balanced,none,SoA,enabled,40500000000,40250000000,40500000000,40750000000,40250000000,40000000000,40500000000,40500000000,41000000000,40500000000,40050000000,40050000000,10
2025-10-25 00:13:35,15299,pairwise,LinkedCells,1.000000,lc_sliced_balanced,squared-particles-per-cell,AoS,disabled,82500000000,79250000000,80000000000,80250000000,79750000000,80250000000,80000000000,80250000000,79750000000,80500000000,79575000000,79530085398,10
2025-10-25 00:13:38,15309,pairwise,LinkedCells,1.000000,lc_sliced_balanced,squared-particles-per-cell,AoS,enabled,63000000000,62750000000,62500000000,62750000000,63000000000,62500000000,63000000000,62750000000,63500000000,63250000000,62550000000,62505085398,10
2025-10-25 00:13:42,15319,pairwise,LinkedCells,1.000000,lc_sliced_balanced,squared-particles-per-cell,SoA,disabled,80000000000,66250000000,65500000000,66000000000,66250000000,65750000000,66000000000,66000000000,65750000000,65000000000,66500000000,66500000000,10
2025-10-25 00:13:44,15329,pairwise,LinkedCells,1.000000,lc_sliced_balanced,squared-particles-per-cell,SoA,enabled,46500000000,40500000000,40250000000,40500000000,40750000000,40250000000,40250000000,40000000000,40500000000,40750000000,40650000000,40650000000,10
2025-10-25 00:13:49,15339,pairwise,LinkedCells,1.000000,lc_sliced_c02,none,AoS,disabled,98000000000,97250000000,97000000000,96750000000,97250000000,97250000000,97500000000,97250000000,97500000000,97250000000,96875000000,96860028466,10
2025-10-25 00:13:53,15349,pairwise,LinkedCells,1.000000,lc_sliced_c02,none,AoS,enabled,76250000000,76250000000,76250000000,76750000000,76250000000,76500000000,76500000000,77000000000,76500000000,76500000000,76250000000,76226794122,10
2025-10-25 00:13:57,15359,pairwise,LinkedCells,1.000000,lc_sliced_c02,none,SoA,disabled,87750000000,76500000000,76500000000,77250000000,76750000000,76500000000,76250000000,76500000000,76500000000,77000000000,77400000000,77400000000,10
2025-10-25 00:13:59,15369,pairwise,LinkedCells,1.000000,lc_sliced_c02,none,SoA,enabled,50000000000,44500000000,44250000000,44750000000,45250000000,44750000000,45000000000,45000000000,44750000000,44750000000,44825000000,44825000000,10
2025-10-25 00:14:15,15379,pairwise,VerletClusterLists,1.000000,vcl_c01_balanced,none,AoS,disabled,852000000000,368000000000,371250000000,375250000000,378750000000,381250000000,386250000000,386250000000,387750000000,390750000000,416400000000,416400000000,10
2025-10-25 00:14:27,15389,pairwise,VerletClusterLists,1.000000,vcl_c01_balanced,none,SoA,disabled,754000000000,321000000000,320000000000,320750000000,321500000000,321750000000,321750000000,322750000000,322750000000,323000000000,363400000000,363188901370,10
2025-10-25 00:14:41,15399,pairwise,VerletClusterLists,1.000000,vcl_c06,none,AoS,disabled,799750000000,373750000000,377500000000,379500000000,382250000000,384250000000,386250000000,388500000000,391750000000,393000000000,416350000000,416005654717,10
2025-10-25 00:14:54,15409,pairwise,VerletClusterLists,1.000000,vcl_c06,none,AoS,enabled,476500000000,330250000000,332750000000,336000000000,338250000000,370750000000,344250000000,346250000000,348250000000,350500000000,344875000000,344590540853,10
2025-10-25 00:15:07,15419,pairwise,VerletClusterLists,1.000000,vcl_c06,none,SoA,disabled,755500000000,325250000000,325500000000,325500000000,325750000000,325750000000,326500000000,326250000000,327000000000,327000000000,368275000000,368061655640,10
2025-10-25 00:15:18,15429,pairwise,VerletClusterLists,1.000000,vcl_c06,none,SoA,enabled,462500000000,309750000000,309250000000,310500000000,310000000000,310750000000,311500000000,310750000000,311750000000,311750000000,324575000000,324267334975,10
2025-10-25 00:15:34,15439,pairwise,VerletClusterLists,1.000000,vcl_sliced,none,AoS,disabled,878500000000,428750000000,431250000000,433750000000,437750000000,439250000000,442250000000,445250000000,447000000000,450500000000,473725000000,473280345439,10
2025-10-25 00:15:47,15449,pairwise,VerletClusterLists,1.000000,vcl_sliced,none,AoS,enabled,522500000000,363250000000,366250000000,369250000000,371500000000,374250000000,377250000000,379250000000,382250000000,385000000000,379175000000,379115862441,10
2025-10-25 00:16:00,15459,pairwise,VerletClusterLists,1.000000,vcl_sliced,none,SoA,disabled,769500000000,331750000000,331750000000,332250000000,332500000000,332500000000,332500000000,333500000000,333000000000,333750000000,375525000000,375120768581,10
2025-10-25 00:16:12,15469,pairwise,VerletClusterLists,1.000000,vcl_sliced,none,SoA,enabled,467000000000,316500000000,316500000000,317250000000,317250000000,317500000000,317500000000,318250000000,318750000000,319500000000,331550000000,331357615788,10
2025-10-25 00:16:28,15479,pairwise,VerletClusterLists,1.000000,vcl_sliced_balanced,none,AoS,disabled,853750000000,422250000000,425250000000,427750000000,431250000000,433250000000,436000000000,439250000000,441250000000,442750000000,465400000000,465400000000,10
2025-10-25 00:16:41,15489,pairwise,VerletClusterLists,1.000000,vcl_sliced_balanced,none,AoS,enabled,545500000000,361500000000,364000000000,365500000000,369750000000,370750000000,374000000000,377000000000,379000000000,382250000000,379900000000,379236012465,10
2025-10-25 00:16:54,15499,pairwise,VerletClusterLists,1.000000,vcl_sliced_balanced,none,SoA,disabled,766000000000,332250000000,331750000000,331750000000,332750000000,332500000000,333000000000,333750000000,334000000000,334750000000,375175000000,375106130943,10
2025-10-25 00:17:06,15509,pairwise,VerletClusterLists,1.000000,vcl_sliced_balanced,none,SoA,enabled,477000000000,317000000000,317250000000,318250000000,318250000000,318500000000,319250000000,319750000000,319500000000,319500000000,333000000000,332695329282,10
2025-10-25 00:17:22,15519,pairwise,VerletClusterLists,1.000000,vcl_sliced_balanced,neighbor-list-length,AoS,disabled,893500000000,422500000000,425500000000,429000000000,431500000000,433750000000,436500000000,438000000000,441250000000,443500000000,469600000000,467806410222,10
2025-10-25 00:17:36,15529,pairwise,VerletClusterLists,1.000000,vcl_sliced_balanced,neighbor-list-length,AoS,enabled,505750000000,360250000000,364250000000,366750000000,371000000000,372500000000,376000000000,380000000000,381500000000,383250000000,374800000000,374757331128,10
2025-10-25 00:17:48,15539,pairwise,VerletClusterLists,1.000000,vcl_sliced_balanced,neighbor-list-length,SoA,disabled,759750000000,329750000000,329000000000,329750000000,330500000000,330250000000,331250000000,332250000000,332000000000,332250000000,372075000000,371833209725,10
2025-10-25 00:18:00,15549,pairwise,VerletClusterLists,1.000000,vcl_sliced_balanced,neighbor-list-length,SoA,enabled,461000000000,315000000000,314250000000,314500000000,315250000000,315750000000,316500000000,317000000000,316500000000,316750000000,328925000000,328922754270,10
2025-10-25 00:18:19,15559,pairwise,VerletClusterLists,1.000000,vcl_sliced_c02,none,AoS,disabled,973500000000,502750000000,504500000000,508250000000,511000000000,512750000000,514750000000,517250000000,519000000000,522250000000,549825000000,549527815049,10
2025-10-25 00:18:34,15569,pairwise,VerletClusterLists,1.000000,vcl_sliced_c02,none,AoS,enabled,542000000000,395750000000,398250000000,402500000000,404750000000,407500000000,411500000000,413000000000,415250000000,418250000000,410375000000,410213307432,10
2025-10-25 00:18:47,15579,pairwise,VerletClusterLists,1.000000,vcl_sliced_c02,none,SoA,disabled,779750000000,349250000000,348750000000,349250000000,349750000000,349000000000,350000000000,350750000000,350250000000,351000000000,391850000000,391681570242,10
2025-10-25 00:18:59,15589,pairwise,VerletClusterLists,1.000000,vcl_sliced_c02,none,SoA,enabled,478250000000,324250000000,324000000000,324250000000,323750000000,324000000000,325500000000,325750000000,325500000000,326250000000,339200000000,338747111095,10
2025-10-25 00:19:07,15599,pairwise,VerletLists,1.000000,vl_list_iteration,none,AoS,disabled,535000000000,138750000000,138750000000,138750000000,138500000000,138750000000,138750000000,139250000000,139500000000,139750000000,178150000000,177803408987,10
2025-10-25 00:19:17,15609,pairwise,VerletLists,1.000000,vl_list_iteration,none,SoA,disabled,1728000000000,71000000000,83500000000,84500000000,83750000000,84250000000,84000000000,68000000000,68250000000,67750000000,233775000000,233301899524,10
2025-10-25 00:19:22,15619,pairwise,VerletListsCells,1.000000,vlc_c01,none,AoS,disabled,277000000000,51000000000,51000000000,51000000000,51000000000,51250000000,50750000000,51000000000,51250000000,51500000000,73375000000,73333828281,10
2025-10-25 00:19:31,15629,pairwise,VerletListsCells,1.000000,vlc_c01,none,SoA,disabled,1460750000000,72750000000,72500000000,72750000000,73000000000,73250000000,72750000000,72500000000,73000000000,73000000000,211325000000,210767310357,10
2025-10-25 00:19:35,15639,pairwise,VerletListsCells,1.000000,vlc_c18,none,AoS,disabled,477250000000,77750000000,77500000000,77500000000,77500000000,78000000000,77750000000,78000000000,78000000000,78000000000,117475000000,116434478384,10
2025-10-25 00:19:39,15649,pairwise,VerletListsCells,1.000000,vlc_c18,none,AoS,enabled,334250000000,51250000000,52500000000,51750000000,51250000000,51250000000,51500000000,51500000000,51250000000,51750000000,79550000000,79203408987,10
2025-10-25 00:19:53,15659,pairwise,VerletListsCells,1.000000,vlc_c18,none,SoA,disabled,2753500000000,111250000000,109500000000,110250000000,110500000000,110000000000,110250000000,110250000000,110250000000,109500000000,373900000000,373173132022,10
2025-10-25 00:20:02,15669,pairwise,VerletListsCells,1.000000,vlc_c18,none,SoA,enabled,1663000000000,83750000000,83750000000,83500000000,83500000000,83750000000,83500000000,83750000000,83250000000,84250000000,241225000000,240652338823,10
2025-10-25 00:20:06,15679,pairwise,VerletListsCells,1.000000,vlc_c08,none,AoS,disabled,245750000000,62250000000,63000000000,62750000000,62500000000,63250000000,63250000000,61500000000,61250000000,62250000000,79700000000,79700000000,10
2025-10-25 00:20:09,15689,pairwise,VerletListsCells,1.000000,vlc_c08,none,AoS,enabled,244500000000,45750000000,45250000000,44750000000,44500000000,45000000000,44750000000,45000000000,45250000000,44750000000,64500000000,64500000000,10
2025-10-25 00:20:22,15699,pairwise,VerletListsCells,1.000000,vlc_c08,none,SoA,disabled,2419750000000,97500000000,97500000000,98000000000,97750000000,97500000000,97250000000,97500000000,97750000000,97500000000,329500000000,329243238191,10
2025-10-25 00:20:33,15709,pairwise,VerletListsCells,1.000000,vlc_c08,none,SoA,enabled,2238750000000,86750000000,86750000000,87000000000,87000000000,87000000000,87000000000,87250000000,87000000000,87250000000,301950000000,301345898601,10
2025-10-25 00:20:37,15719,pairwise,VerletListsCells,1.000000,vlc_sliced,none,AoS,disabled,304500000000,74500000000,74500000000,74750000000,74250000000,73750000000,74750000000,74250000000,74000000000,74750000000,96825000000,96825000000,10
2025-10-25 00:20:40,15729,pairwise,VerletListsCells,1.000000,vlc_sliced,none,AoS,enabled,204500000000,32750000000,30250000000,30750000000,30750000000,31000000000,30750000000,30750000000,31250000000,31250000000,47675000000,47675000000,10
2025-10-25 00:20:53,15739,pairwise,VerletListsCells,1.000000,vlc_sliced,none,SoA,disabled,2602500000000,90750000000,91000000000,90750000000,90500000000,90500000000,91000000000,91000000000,90750000000,90750000000,341700000000,341529324512,10
2025-10-25 00:21:02,15749,pairwise,VerletListsCells,1.000000,vlc_sliced,none,SoA,enabled,1489000000000,66750000000,67250000000,67000000000,67000000000,66750000000,67000000000,67500000000,67500000000,67750000000,208975000000,208742192646,10
2025-10-25 00:21:06,15759,pairwise,VerletListsCells,1.000000,vlc_sliced_balanced,none,AoS,disabled,272000000000,68500000000,67750000000,68250000000,68750000000,68500000000,67500000000,67000000000,67250000000,66750000000,87275000000,87275000000,10
2025-10-25 00:21:08,15769,pairwise,VerletListsCells,1.000000,vlc_sliced_balanced,none,AoS,enabled,171750000000,29750000000,29500000000,28750000000,28250000000,28250000000,28500000000,28500000000,28500000000,28750000000,42600000000,42600000000,10
2025-10-25 00:21:22,15779,pairwise,VerletListsCells,1.000000,vlc_sliced_balanced,none,SoA,disabled,2719750000000,94000000000,93750000000,94250000000,94000000000,93750000000,94500000000,94250000000,94000000000,94250000000,356350000000,355783327437,10
2025-10-25 00:21:30,15789,pairwise,VerletListsCells,1.000000,vlc_sliced_balanced,none,SoA,enabled,1527000000000,64500000000,64250000000,64500000000,64750000000,64250000000,65000000000,64500000000,65250000000,65000000000,210525000000,210525000000,10
2025-10-25 00:21:36,15799,pairwise,VerletListsCells,1.000000,vlc_sliced_balanced,squared-particles-per-cell,AoS,disabled,354500000000,60000000000,59750000000,60000000000,60000000000,60250000000,60250000000,60250000000,60250000000,60250000000,89225000000,89225000000,10
2025-10-25 00:21:38,15809,pairwise,VerletListsCells,1.000000,vlc_sliced_balanced,squared-particles-per-cell,AoS,enabled,179250000000,28000000000,27250000000,27750000000,27750000000,27750000000,28000000000,27750000000,27750000000,28250000000,42450000000,42450000000,10
2025-10-25 00:21:51,15819,pairwise,VerletListsCells,1.000000,vlc_sliced_balanced,squared-particles-per-cell,SoA,disabled,2383000000000,87000000000,86750000000,86750000000,87000000000,86750000000,87000000000,87000000000,87250000000,87000000000,316375000000,316375000000,10
2025-10-25 00:21:59,15829,pairwise,VerletListsCells,1.000000,vlc_sliced_balanced,squared-particles-per-cell,SoA,enabled,1530500000000,65000000000,65500000000,65000000000,65500000000,65250000000,65500000000,65250000000,65750000000,65750000000,211550000000,211550000000,10
2025-10-25 00:22:05,15839,pairwise,VerletListsCells,1.000000,vlc_sliced_balanced,neighbor-list-length,AoS,disabled,371750000000,64000000000,63750000000,63750000000,64000000000,64250000000,64000000000,64250000000,64500000000,64500000000,94550000000,94149511464,10
2025-10-25 00:22:07,15849,pairwise,VerletListsCells,1.000000,vlc_sliced_balanced,neighbor-list-length,AoS,enabled,207250000000,29750000000,29000000000,29000000000,29000000000,29500000000,29250000000,29500000000,29250000000,29250000000,46825000000,46732925066,10
2025-10-25 00:22:20,15859,pairwise,VerletListsCells,1.000000,vlc_sliced_balanced,neighbor-list-length,SoA,disabled,2428750000000,91000000000,90500000000,91000000000,90500000000,90750000000,90500000000,90750000000,91000000000,90750000000,324325000000,324325000000,10
2025-10-25 00:22:29,15869,pairwise,VerletListsCells,1.000000,vlc_sliced_balanced,neighbor-list-length,SoA,enabled,1541750000000,66250000000,66750000000,66250000000,66500000000,66250000000,66500000000,66750000000,67250000000,67250000000,213800000000,213416728729,10
2025-10-25 00:22:34,15879,pairwise,VerletListsCells,1.000000,vlc_sliced_c02,none,AoS,disabled,375750000000,69250000000,68500000000,68750000000,68250000000,68500000000,68500000000,69000000000,69250000000,69750000000,99000000000,98299332207,10
2025-10-25 00:22:37,15889,pairwise,VerletListsCells,1.000000,vlc_sliced_c02,none,AoS,enabled,207500000000,33000000000,33000000000,33000000000,33250000000,33000000000,33000000000,33250000000,33500000000,33000000000,50450000000,49767298048,10
2025-10-25 00:22:49,15899,pairwise,VerletListsCells,1.000000,vlc_sliced_c02,none,SoA,disabled,2418250000000,94750000000,94750000000,94250000000,94250000000,94750000000,94500000000,95000000000,94750000000,94250000000,326650000000,326612571165,10
2025-10-25 00:22:58,15909,pairwise,VerletListsCells,1.000000,vlc_sliced_c02,none,SoA,enabled,1534750000000,69500000000,69500000000,68750000000,69500000000,69000000000,69250000000,69500000000,70000000000,70250000000,215350000000,215308079705,10
2025-10-25 00:23:07,15919,pairwise,PairwiseVerletLists,1.000000,vlp_c01,none,AoS,disabled,1074250000000,93000000000,93250000000,93250000000,93500000000,93500000000,93750000000,93250000000,94000000000,93500000000,191125000000,191125000000,10
2025-10-25 00:23:35,15929,pairwise,PairwiseVerletLists,1.000000,vlp_c01,none,SoA,disabled,6689250000000,144000000000,144000000000,143500000000,142750000000,143500000000,143750000000,143750000000,144000000000,144000000000,797400000000,796765206957,10
2025-10-25 00:23:41,15939,pairwise,PairwiseVerletLists,1.000000,vlp_c18,none,AoS,disabled,496250000000,122750000000,122000000000,122000000000,122000000000,122000000000,122250000000,122500000000,122250000000,122000000000,159425000000,159425000000,10
2025-10-25 00:23:47,15949,pairwise,PairwiseVerletLists,1.000000,vlp_c18,none,AoS,enabled,784250000000,77250000000,77250000000,78250000000,77500000000,76000000000,75750000000,76250000000,76500000000,76000000000,146600000000,146600000000,10
2025-10-25 00:24:22,15959,pairwise,PairwiseVerletLists,1.000000,vlp_c18,none,SoA,disabled,8591000000000,143500000000,144000000000,143750000000,144000000000,144250000000,144250000000,144500000000,144750000000,144500000000,988250000000,986588908298,10
2025-10-25 00:24:48,15969,pairwise,PairwiseVerletLists,1.000000,vlp_c18,none,SoA,enabled,5966000000000,119750000000,117750000000,118750000000,118750000000,119000000000,118500000000,118250000000,118750000000,118750000000,702575000000,701532232654,10
2025-10-25 00:24:54,15979,pairwise,PairwiseVerletLists,1.000000,vlp_sliced,none,AoS,disabled,522250000000,118750000000,117750000000,117500000000,117500000000,117500000000,118500000000,118000000000,117250000000,118000000000,157750000000,157750000000,10
2025-10-25 00:25:01,15989,pairwise,PairwiseVerletLists,1.000000,vlp_sliced,none,AoS,enabled,1037750000000,65250000000,62500000000,63000000000,63500000000,63500000000,63750000000,63500000000,63500000000,63250000000,160025000000,160025000000,10
2025-10-25 00:25:36,15999,pairwise,PairwiseVerletLists,1.000000,vlp_sliced,none,SoA,disabled,8368500000000,159500000000,157500000000,158500000000,160750000000,158500000000,160500000000,157750000000,156750000000,157000000000,977925000000,977925000000,10
2025-10-25 00:26:03,16009,pairwise,PairwiseVerletLists,1.000000,vlp_sliced,none,SoA,enabled,6128000000000,124750000000,123750000000,124500000000,122500000000,124000000000,122750000000,122750000000,124750000000,122000000000,722600000000,722600000000,10
2025-10-25 00:26:09,16019,pairwise,PairwiseVerletLists,1.000000,vlp_sliced_balanced,none,AoS,disabled,491750000000,116500000000,116250000000,116750000000,116750000000,116500000000,116750000000,116500000000,116750000000,117500000000,153800000000,153800000000,10
2025-10-25 00:26:15,16029,pairwise,PairwiseVerletLists,1.000000,vlp_sliced_balanced,none,AoS,enabled,1080750000000,62750000000,60250000000,60250000000,60750000000,60500000000,60500000000,60500000000,60750000000,61000000000,162300000000,162300000000,10
2025-10-25 00:26:51,16039,pairwise,PairwiseVerletLists,1.000000,vlp_sliced_balanced,none,SoA,disabled,8395250000000,152000000000,151750000000,151750000000,152000000000,151750000000,151500000000,151750000000,152250000000,152000000000,975875000000,975875000000,10
2025-10-25 00:27:17,16049,pairwise,PairwiseVerletLists,1.000000,vlp_sliced_balanced,none,SoA,enabled,6207000000000,120750000000,116500000000,115500000000,115500000000,116000000000,116000000000,115750000000,116250000000,115750000000,724650000000,724390992461,10
2025-10-25 00:27:24,16059,pairwise,PairwiseVerletLists,1.000000,vlp_sliced_c02,none,AoS,disabled,513750000000,139000000000,139500000000,140000000000,139500000000,139250000000,140500000000,140750000000,140750000000,140500000000,176475000000,176475000000,10
2025-10-25 00:27:31,16069,pairwise,PairwiseVerletLists,1.000000,vlp_sliced_c02,none,AoS,enabled,1120250000000,75000000000,70750000000,71250000000,71500000000,71250000000,72000000000,71750000000,71250000000,72000000000,175700000000,175700000000,10
2025-10-25 00:28:08,16079,pairwise,PairwiseVerletLists,1.000000,vlp_sliced_c02,none,SoA,disabled,8438750000000,174500000000,173500000000,170500000000,174250000000,172250000000,175250000000,172750000000,173750000000,170500000000,997325000000,997110907063,10
2025-10-25 00:28:35,16089,pairwise,PairwiseVerletLists,1.000000,vlp_sliced_c02,none,SoA,enabled,6296500000000,134250000000,131000000000,128750000000,130500000000,130250000000,130500000000,130000000000,131750000000,127750000000,744625000000,744625000000,10
2025-10-25 00:28:41,16099,pairwise,PairwiseVerletLists,1.000000,vlp_c08,none,AoS,disabled,494000000000,114000000000,113750000000,114000000000,114250000000,114250000000,114500000000,114250000000,114500000000,114500000000,151775000000,151775000000,10
2025-10-25 00:28:48,16109,pairwise,PairwiseVerletLists,1.000000,vlp_c08,none,AoS,enabled,1142500000000,74750000000,71750000000,71750000000,72000000000,72500000000,72250000000,72250000000,73250000000,72250000000,178825000000,178825000000,10
2025-10-25 00:29:23,16119,pairwise,PairwiseVerletLists,1.000000,vlp_c08,none,SoA,disabled,8462750000000,156000000000,155000000000,155250000000,155000000000,155500000000,154250000000,155250000000,155000000000,155250000000,985100000000,983611829516,10
2025-10-25 00:29:51,16129,pairwise,PairwiseVerletLists,1.000000,vlp_c08,none,SoA,enabled,6486000000000,122500000000,119500000000,119750000000,120000000000,120250000000,119500000000,119750000000,120000000000,120000000000,756150000000,755112472691,10
2025-10-25 00:46:12,20009,pairwise,LinkedCells,1.000000,lc_c01,none,AoS,disabled,120250000000,120250000000,120250000000,120500000000,120000000000,120250000000,119750000000,119500000000,120250000000,120250000000,119575000000,119575000000,10
2025-10-25 00:46:16,20019,pairwise,LinkedCells,1.000000,lc_c01,none,SoA,disabled,69500000000,69000000000,69000000000,69250000000,69250000000,69250000000,69000000000,68750000000,69000000000,69500000000,68825000000,68755572369,10
2025-10-25 00:46:18,20029,pairwise,LinkedCells,1.000000,lc_c01_combined_SoA,none,SoA,disabled,52250000000,52000000000,52000000000,52000000000,52250000000,52500000000,52000000000,52250000000,52500000000,52000000000,52025000000,51881589289,10
2025-10-25 00:46:21,20039,pairwise,LinkedCells,1.000000,lc_c04,none,AoS,disabled,65500000000,66250000000,66000000000,66250000000,66250000000,65750000000,66250000000,66250000000,66000000000,66750000000,65725000000,65642919560,10
2025-10-25 00:46:24,20049,pairwise,LinkedCells,1.000000,lc_c04,none,AoS,enabled,52000000000,52250000000,52250000000,52750000000,52500000000,52500000000,52750000000,53000000000,52500000000,52750000000,52225000000,52151924960,10
2025-10-25 00:46:27,20059,pairwise,LinkedCells,1.000000,lc_c04,none,SoA,disabled,59250000000,58000000000,58500000000,58000000000,58000000000,58500000000,58250000000,58500000000,58250000000,58750000000,58125000000,57940646944,10
2025-10-25 00:46:29,20069,pairwise,LinkedCells,1.000000,lc_c04,none,SoA,enabled,40500000000,40250000000,40500000000,40000000000,40500000000,40500000000,40750000000,40500000000,40500000000,40750000000,40050000000,39957321277,10
2025-10-25 00:46:33,20079,pairwise,LinkedCells,1.000000,lc_c04_HCP,none,AoS,disabled,69000000000,68500000000,68750000000,69250000000,69000000000,69000000000,69250000000,69250000000,69250000000,69500000000,68550000000,68550000000,10
2025-10-25 00:46:35,20089,pairwise,LinkedCells,1.000000,lc_c04_HCP,none,AoS,enabled,55250000000,56000000000,55750000000,55500000000,56250000000,56000000000,56000000000,56000000000,55750000000,55750000000,55475000000,55475000000,10
2025-10-25 00:46:38,20099,pairwise,LinkedCells,1.000000,lc_c04_HCP,none,SoA,disabled,63750000000,62500000000,62500000000,63000000000,62750000000,62500000000,63250000000,63250000000,62750000000,63000000000,62625000000,62479646361,10
2025-10-25 00:46:41,20109,pairwise,LinkedCells,1.000000,lc_c04_HCP,none,SoA,enabled,45750000000,46000000000,45750000000,46000000000,46000000000,46250000000,45750000000,45750000000,46250000000,46000000000,45750000000,45502482295,10
2025-10-25 00:46:44,20119,pairwise,LinkedCells,1.000000,lc_c04_combined_SoA,none,SoA,disabled,63250000000,62750000000,63250000000,63000000000,63500000000,63500000000,63250000000,62500000000,63750000000,62750000000,62575000000,62383478972,10
2025-10-25 00:46:47,20129,pairwise,LinkedCells,1.000000,lc_c04_combined_SoA,none,SoA,enabled,54000000000,54000000000,54250000000,53750000000,54000000000,54000000000,54250000000,54250000000,54000000000,54500000000,53775000000,53437542941,10
2025-10-25 00:46:50,20139,pairwise,LinkedCells,1.000000,lc_c08,none,AoS,disabled,81250000000,81500000000,81000000000,81250000000,81250000000,81750000000,81250000000,81750000000,81500000000,81750000000,81025000000,80985337089,10
2025-10-25 00:46:53,20149,pairwise,LinkedCells,1.000000,lc_c08,none,AoS,enabled,68500000000,68500000000,68750000000,68500000000,69250000000,69500000000,69000000000,69250000000,69250000000,69250000000,68500000000,68500000000,10
2025-10-25 00:46:57,20159,pairwise,LinkedCells,1.000000,lc_c08,none,SoA,disabled,81500000000,80500000000,80750000000,80750000000,81250000000,80750000000,80500000000,81000000000,80750000000,80750000000,80600000000,80328781756,10
2025-10-25 00:47:00,20169,pairwise,LinkedCells,1.000000,lc_c08,none,SoA,enabled,66250000000,66000000000,65500000000,66000000000,66000000000,66000000000,65500000000,65750000000,65500000000,66500000000,65575000000,65254878048,10
2025-10-25 00:47:04,20179,pairwise,LinkedCells,1.000000,lc_c18,none,AoS,disabled,97250000000,97000000000,97250000000,97500000000,97250000000,97250000000,97500000000,97250000000,97000000000,97750000000,97025000000,97025000000,10
2025-10-25 00:47:07,20189,pairwise,LinkedCells,1.000000,lc_c18,none,AoS,enabled,87250000000,87500000000,87000000000,87000000000,87750000000,87500000000,87500000000,87500000000,87500000000,87500000000,87025000000,87025000000,10
2025-10-25 00:47:12,20199,pairwise,LinkedCells,1.000000,lc_c18,none,SoA,disabled,116750000000,115750000000,115500000000,115750000000,116000000000,115500000000,115500000000,116000000000,115750000000,116250000000,115625000000,115192806641,10
2025-10-25 00:47:15,20209,pairwise,LinkedCells,1.000000,lc_c18,none,SoA,enabled,78250000000,78000000000,78000000000,78000000000,78250000000,78000000000,78500000000,78250000000,78500000000,78750000000,78025000000,77652537929,10
2025-10-25 00:47:19,20219,pairwise,LinkedCells,1.000000,lc_sliced,none,AoS,disabled,97500000000,97750000000,97000000000,97500000000,98000000000,97750000000,97250000000,97250000000,97750000000,97750000000,97050000000,97050000000,10
2025-10-25 00:47:23,20229,pairwise,LinkedCells,1.000000,lc_sliced,none,AoS,enabled,76250000000,76250000000,76250000000,76500000000,76500000000,76500000000,76500000000,77000000000,76750000000,76500000000,76250000000,76250000000,10
2025-10-25 00:47:26,20239,pairwise,LinkedCells,1.000000,lc_sliced,none,SoA,disabled,79250000000,78500000000,77750000000,78500000000,78000000000,78000000000,78750000000,78000000000,78500000000,78250000000,77900000000,77758526118,10
2025-10-25 00:47:29,20249,pairwise,LinkedCells,1.000000,lc_sliced,none,SoA,enabled,46500000000,46250000000,46000000000,46250000000,46000000000,46750000000,46250000000,46500000000,46000000000,46750000000,46050000000,45899632316,10
2025-10-25 00:47:33,20259,pairwise,LinkedCells,1.000000,lc_sliced_balanced,none,AoS,disabled,79250000000,79250000000,79250000000,79500000000,79250000000,79500000000,79500000000,79500000000,80000000000,79500000000,79250000000,79135988714,10
2025-10-25 00:47:36,20269,pairwise,LinkedCells,1.000000,lc_sliced_balanced,none,AoS,enabled,62250000000,62750000000,62750000000,62250000000,62500000000,62750000000,62500000000,62750000000,63250000000,62750000000,62250000000,62155843759,10
2025-10-25 00:47:39,20279,pairwise,LinkedCells,1.000000,lc_sliced_balanced,none,SoA,disabled,67250000000,66250000000,66500000000,66250000000,66750000000,66000000000,66750000000,66250000000,66500000000,67000000000,66125000000,66038813555,10
2025-10-25 00:47:41,20289,pairwise,LinkedCells,1.000000,lc_sliced_balanced,none,SoA,enabled,40500000000,40000000000,40250000000,40500000000,40750000000,40500000000,40500000000,40250000000,40250000000,40500000000,40050000000,39935542318,10
2025-10-25 00:47:46,20299,pairwise,LinkedCells,1.000000,lc_sliced_balanced,squared-particles-per-cell,AoS,disabled,82250000000,79500000000,79500000000,79750000000,79500000000,79250000000,79750000000,80000000000,79750000000,79750000000,79550000000,79544002985,10
2025-10-25 00:47:49,20309,pairwise,LinkedCells,1.000000,lc_sliced_balanced,squared-particles-per-cell,AoS,enabled,62250000000,62750000000,62500000000,62250000000,63000000000,62750000000,63250000000,63000000000,62750000000,63250000000,62250000000,62250000000,10
2025-10-25 00:47:52,20319,pairwise,LinkedCells,1.000000,lc_sliced_balanced,squared-particles-per-cell,SoA,disabled,82500000000,66250000000,66000000000,66250000000,66500000000,66250000000,66250000000,66250000000,66750000000,66250000000,67650000000,67260326620,10
2025-10-25 00:47:55,20329,pairwise,LinkedCells,1.000000,lc_sliced_balanced,squared-particles-per-cell,SoA,enabled,46750000000,40500000000,40000000000,40000000000,40000000000,40250000000,40250000000,40500000000,40750000000,40500000000,40675000000,40615941355,10
2025-10-25 00:48:00,20339,pairwise,LinkedCells,1.000000,lc_sliced_c02,none,AoS,disabled,98000000000,97500000000,97250000000,96500000000,97500000000,97500000000,97500000000,97250000000,97000000000,97500000000,96650000000,96650000000,10
2025-10-25 00:48:04,20349,pairwise,LinkedCells,1.000000,lc_sliced_c02,none,AoS,enabled,76000000000,75750000000,76500000000,76250000000,76750000000,76250000000,76500000000,76750000000,76000000000,76250000000,75775000000,75775000000,10
2025-10-25 00:48:07,20359,pairwise,LinkedCells,1.000000,lc_sliced_c02,none,SoA,disabled,87750000000,76750000000,77000000000,76250000000,77000000000,76500000000,76500000000,76500000000,76500000000,76750000000,77400000000,77312326172,10
2025-10-25 00:48:10,20369,pairwise,LinkedCells,1.000000,lc_sliced_c02,none,SoA,enabled,50250000000,44750000000,45000000000,44500000000,45000000000,45250000000,44500000000,45250000000,45000000000,45250000000,45075000000,44909224889,10
2025-10-25 00:48:25,20379,pairwise,VerletClusterLists,1.000000,vcl_c01_balanced,none,AoS,disabled,857750000000,363750000000,366500000000,369500000000,371500000000,373750000000,376250000000,379500000000,382250000000,383500000000,413150000000,411913547673,10
2025-10-25 00:48:38,20389,pairwise,VerletClusterLists,1.000000,vcl_c01_balanced,none,SoA,disabled,750750000000,315750000000,316000000000,316000000000,317000000000,316250000000,317000000000,317000000000,317500000000,318000000000,359250000000,358690420751,10
2025-10-25 00:48:52,20399,pairwise,VerletClusterLists,1.000000,vcl_c06,none,AoS,disabled,813750000000,580750000000,370500000000,374250000000,377000000000,379500000000,382250000000,384750000000,387750000000,390000000000,414825000000,413575954341,10
2025-10-25 00:49:05,20409,pairwise,VerletClusterLists,1.000000,vcl_c06,none,AoS,enabled,475500000000,326250000000,328750000000,532250000000,333250000000,335750000000,338500000000,341000000000,342750000000,345250000000,341175000000,340452026883,10
2025-10-25 00:49:18,20419,pairwise,VerletClusterLists,1.000000,vcl_c06,none,SoA,disabled,752500000000,320000000000,320250000000,319500000000,321000000000,320750000000,321000000000,322000000000,321250000000,321750000000,362800000000,362527981728,10
2025-10-25 00:49:29,20429,pairwise,VerletClusterLists,1.000000,vcl_c06,none,SoA,enabled,454750000000,304250000000,304250000000,304500000000,305000000000,305750000000,305750000000,305000000000,306000000000,307500000000,319300000000,318915238696,10
2025-10-25 00:49:45,20439,pairwise,VerletClusterLists,1.000000,vcl_sliced,none,AoS,disabled,878500000000,423750000000,426250000000,427750000000,431250000000,434500000000,435250000000,439500000000,441250000000,443750000000,469225000000,468827967702,10
2025-10-25 00:49:58,20449,pairwise,VerletClusterLists,1.000000,vcl_sliced,none,AoS,enabled,522750000000,359000000000,362500000000,365250000000,368000000000,370250000000,373250000000,376000000000,378000000000,380250000000,375375000000,374945528282,10
2025-10-25 00:50:11,20459,pairwise,VerletClusterLists,1.000000,vcl_sliced,none,SoA,disabled,767000000000,326500000000,326750000000,326500000000,327500000000,327250000000,327250000000,327250000000,328000000000,329000000000,370550000000,370203240659,10
2025-10-25 00:50:23,20469,pairwise,VerletClusterLists,1.000000,vcl_sliced,none,SoA,enabled,473000000000,312250000000,312500000000,312250000000,313250000000,312750000000,312750000000,313250000000,314000000000,314250000000,328325000000,327575465025,10
2025-10-25 00:50:38,20479,pairwise,VerletClusterLists,1.000000,vcl_sliced_balanced,none,AoS,disabled,851250000000,418750000000,422500000000,425750000000,427250000000,429500000000,431750000000,434500000000,436750000000,439000000000,462000000000,460661062249,10
2025-10-25 00:50:51,20489,pairwise,VerletClusterLists,1.000000,vcl_sliced_balanced,none,AoS,enabled,507750000000,356500000000,359250000000,362250000000,364250000000,367500000000,370000000000,372000000000,374250000000,377250000000,371625000000,371625000000,10
2025-10-25 00:51:04,20499,pairwise,VerletClusterLists,1.000000,vcl_sliced_balanced,none,SoA,disabled,761750000000,327000000000,327250000000,327250000000,328000000000,328250000000,328000000000,328250000000,328750000000,329000000000,370475000000,370105887331,10
2025-10-25 00:51:16,20509,pairwise,VerletClusterLists,1.000000,vcl_sliced_balanced,none,SoA,enabled,464000000000,311750000000,312750000000,312250000000,312250000000,313000000000,313500000000,313500000000,314750000000,314500000000,326975000000,326919179277,10
2025-10-25 00:51:32,20519,pairwise,VerletClusterLists,1.000000,vcl_sliced_balanced,neighbor-list-length,AoS,disabled,892500000000,416000000000,420250000000,422500000000,425000000000,427750000000,430000000000,431750000000,435500000000,437750000000,463650000000,461645775431,10
2025-10-25 00:51:45,20529,pairwise,VerletClusterLists,1.000000,vcl_sliced_balanced,neighbor-list-length,AoS,enabled,513000000000,354250000000,357000000000,359500000000,363250000000,366000000000,368750000000,370750000000,372750000000,375500000000,370125000000,369713780263,10
2025-10-25 00:51:58,20539,pairwise,VerletClusterLists,1.000000,vcl_sliced_balanced,neighbor-list-length,SoA,disabled,758250000000,324500000000,324250000000,324500000000,324500000000,324750000000,325750000000,325750000000,326750000000,327250000000,367650000000,367152176883,10
2025-10-25 00:52:09,20549,pairwise,VerletClusterLists,1.000000,vcl_sliced_balanced,neighbor-list-length,SoA,enabled,461750000000,310500000000,310000000000,309500000000,309750000000,310250000000,310750000000,312000000000,311500000000,311500000000,324725000000,324194401401,10
2025-10-25 00:52:28,20559,pairwise,VerletClusterLists,1.000000,vcl_sliced_c02,none,AoS,disabled,973000000000,496500000000,499000000000,501250000000,504000000000,507250000000,509500000000,511750000000,514750000000,517500000000,544150000000,544150000000,10
2025-10-25 00:52:42,20569,pairwise,VerletClusterLists,1.000000,vcl_sliced_c02,none,AoS,enabled,542500000000,390000000000,393750000000,396250000000,399000000000,401250000000,403500000000,406000000000,409000000000,411250000000,405250000000,405092689290,10
2025-10-25 00:52:56,20579,pairwise,VerletClusterLists,1.000000,vcl_sliced_c02,none,SoA,disabled,780250000000,344500000000,344250000000,344000000000,345000000000,344750000000,345250000000,345750000000,345250000000,345500000000,387625000000,387249525957,10
2025-10-25 00:53:09,20589,pairwise,VerletClusterLists,1.000000,vcl_sliced_c02,none,SoA,enabled,469750000000,319000000000,318500000000,319500000000,471250000000,319500000000,536000000000,319250000000,320000000000,320500000000,333625000000,333448692563,10
2025-10-25 00:53:16,20599,pairwise,VerletLists,1.000000,vl_list_iteration,none,AoS,disabled,532000000000,138500000000,138750000000,139250000000,139000000000,138750000000,139750000000,139500000000,140000000000,139750000000,177850000000,177567122592,10
2025-10-25 00:53:27,20609,pairwise,VerletLists,1.000000,vl_list_iteration,none,SoA,disabled,1811750000000,71250000000,84500000000,84250000000,84500000000,84500000000,84250000000,68250000000,68250000000,68250000000,242600000000,240786863809,10
2025-10-25 00:53:32,20619,pairwise,VerletListsCells,1.000000,vlc_c01,none,AoS,disabled,278250000000,51000000000,50500000000,52500000000,51250000000,52000000000,52250000000,51250000000,51250000000,51250000000,73275000000,73092554065,10
2025-10-25 00:53:40,20629,pairwise,VerletListsCells,1.000000,vlc_c01,none,SoA,disabled,1366250000000,72250000000,72500000000,72750000000,72500000000,72500000000,73250000000,72500000000,72500000000,72500000000,201650000000,201650000000,10
2025-10-25 00:53:45,20639,pairwise,VerletListsCells,1.000000,vlc_c18,none,AoS,disabled,459000000000,78750000000,78250000000,78500000000,78250000000,78500000000,78500000000,78750000000,78750000000,78750000000,116325000000,114337229165,10
2025-10-25 00:53:48,20649,pairwise,VerletListsCells,1.000000,vlc_c18,none,AoS,enabled,326000000000,52750000000,52250000000,53000000000,51500000000,51000000000,51500000000,51500000000,51500000000,51750000000,78500000000,77894236873,10
2025-10-25 00:54:02,20659,pairwise,VerletListsCells,1.000000,vlc_c18,none,SoA,disabled,2643000000000,111500000000,109500000000,110000000000,109500000000,110000000000,109750000000,109750000000,110250000000,109500000000,362850000000,362850000000,10
2025-10-25 00:54:11,20669,pairwise,VerletListsCells,1.000000,vlc_c18,none,SoA,enabled,1599250000000,84000000000,84500000000,84000000000,84000000000,83750000000,84000000000,84000000000,84250000000,84250000000,235300000000,235300000000,10
2025-10-25 00:54:15,20679,pairwise,VerletListsCells,1.000000,vlc_c08,none,AoS,disabled,242250000000,63250000000,64250000000,64250000000,63000000000,63750000000,62000000000,62750000000,62750000000,62750000000,80025000000,79946178518,10
2025-10-25 00:54:18,20689,pairwise,VerletListsCells,1.000000,vlc_c08,none,AoS,enabled,244500000000,46500000000,44750000000,44750000000,44750000000,44750000000,45250000000,45250000000,45500000000,45000000000,64725000000,64720236601,10
2025-10-25 00:54:30,20699,pairwise,VerletListsCells,1.000000,vlc_c08,none,SoA,disabled,2318000000000,97500000000,97000000000,97500000000,97500000000,97250000000,97000000000,97750000000,97500000000,97250000000,319100000000,319100000000,10
2025-10-25 00:54:41,20709,pairwise,VerletListsCells,1.000000,vlc_c08,none,SoA,enabled,2102250000000,86500000000,86250000000,86500000000,86750000000,87000000000,86500000000,86750000000,87000000000,86500000000,287850000000,287850000000,10
2025-10-25 00:54:45,20719,pairwise,VerletListsCells,1.000000,vlc_sliced,none,AoS,disabled,299750000000,74500000000,75000000000,74500000000,74500000000,75250000000,74500000000,74500000000,74500000000,74750000000,97025000000,96991026827,10
2025-10-25 00:54:48,20729,pairwise,VerletListsCells,1.000000,vlc_sliced,none,AoS,enabled,205500000000,31000000000,30750000000,30250000000,31000000000,31000000000,31250000000,31000000000,31500000000,31000000000,47775000000,47688017114,10
2025-10-25 00:55:01,20739,pairwise,VerletListsCells,1.000000,vlc_sliced,none,SoA,disabled,2527750000000,90250000000,90250000000,90500000000,90750000000,90750000000,90250000000,90250000000,91000000000,90250000000,334000000000,334000000000,10
2025-10-25 00:55:09,20749,pairwise,VerletListsCells,1.000000,vlc_sliced,none,SoA,enabled,1442250000000,67500000000,67250000000,67000000000,67500000000,66500000000,67250000000,67250000000,67500000000,67000000000,204075000000,204075000000,10
2025-10-25 00:55:13,20759,pairwise,VerletListsCells,1.000000,vlc_sliced_balanced,none,AoS,disabled,267500000000,68250000000,68750000000,68750000000,68500000000,68750000000,67250000000,67500000000,67500000000,68000000000,87275000000,87232256823,10
2025-10-25 00:55:16,20769,pairwise,VerletListsCells,1.000000,vlc_sliced_balanced,none,AoS,enabled,172750000000,29750000000,28500000000,28500000000,28250000000,28000000000,28500000000,28500000000,28500000000,28500000000,42475000000,42475000000,10
2025-10-25 00:55:29,20779,pairwise,VerletListsCells,1.000000,vlc_sliced_balanced,none,SoA,disabled,2607000000000,92500000000,93000000000,92500000000,92250000000,93000000000,92750000000,92750000000,93250000000,92500000000,343725000000,343725000000,10
2025-10-25 00:55:37,20789,pairwise,VerletListsCells,1.000000,vlc_sliced_balanced,none,SoA,enabled,1524000000000,65000000000,65500000000,64500000000,64750000000,65250000000,65500000000,64750000000,65250000000,65000000000,210450000000,210410190134,10
2025-10-25 00:55:43,20799,pairwise,VerletListsCells,1.000000,vlc_sliced_balanced,squared-particles-per-cell,AoS,disabled,336750000000,60250000000,60250000000,60750000000,60500000000,60250000000,60750000000,60500000000,60500000000,60250000000,87900000000,87844947959,10
2025-10-25 00:55:45,20809,pairwise,VerletListsCells,1.000000,vlc_sliced_balanced,squared-particles-per-cell,AoS,enabled,172500000000,27750000000,27750000000,27500000000,27500000000,28000000000,27750000000,28000000000,28000000000,27500000000,42000000000,41573152432,10
2025-10-25 00:55:57,20819,pairwise,VerletListsCells,1.000000,vlc_sliced_balanced,squared-particles-per-cell,SoA,disabled,2349750000000,86750000000,87000000000,86750000000,86750000000,86750000000,87000000000,87000000000,87000000000,87250000000,313050000000,313050000000,10
2025-10-25 00:56:06,20829,pairwise,VerletListsCells,1.000000,vlc_sliced_balanced,squared-particles-per-cell,SoA,enabled,1515000000000,65750000000,65500000000,65000000000,65500000000,64500000000,65250000000,65250000000,65000000000,65500000000,209550000000,209550000000,10
2025-10-25 00:56:11,20839,pairwise,VerletListsCells,1.000000,vlc_sliced_balanced,neighbor-list-length,AoS,disabled,362500000000,64750000000,65000000000,64500000000,64750000000,65250000000,65250000000,65000000000,65250000000,64750000000,94300000000,93484005536,10
2025-10-25 00:56:14,20849,pairwise,VerletListsCells,1.000000,vlc_sliced_balanced,neighbor-list-length,AoS,enabled,206500000000,29250000000,28750000000,29250000000,28750000000,29250000000,28750000000,29000000000,29000000000,29000000000,46525000000,45924944657,10
2025-10-25 00:56:26,20859,pairwise,VerletListsCells,1.000000,vlc_sliced_balanced,neighbor-list-length,SoA,disabled,2397750000000,90250000000,90500000000,90750000000,90000000000,90750000000,91000000000,90750000000,90250000000,90500000000,320775000000,320775000000,10
2025-10-25 00:56:35,20869,pairwise,VerletListsCells,1.000000,vlc_sliced_balanced,neighbor-list-length,SoA,enabled,1514750000000,65750000000,66000000000,65500000000,66250000000,66500000000,66000000000,66750000000,66500000000,66500000000,210425000000,210425000000,10
2025-10-25 00:56:41,20879,pairwise,VerletListsCells,1.000000,vlc_sliced_c02,none,AoS,disabled,368750000000,69000000000,69250000000,69250000000,69250000000,69000000000,69000000000,69000000000,69250000000,69000000000,98975000000,97804431145,10
2025-10-25 00:56:43,20889,pairwise,VerletListsCells,1.000000,vlc_sliced_c02,none,AoS,enabled,208250000000,33500000000,33250000000,32750000000,33000000000,33250000000,33500000000,33250000000,33250000000,33000000000,50300000000,49286158379,10
2025-10-25 00:56:56,20899,pairwise,VerletListsCells,1.000000,vlc_sliced_c02,none,SoA,disabled,2417500000000,94250000000,94250000000,94000000000,94500000000,94250000000,94500000000,94750000000,94500000000,94250000000,326350000000,325930906113,10
2025-10-25 00:57:05,20909,pairwise,VerletListsCells,1.000000,vlc_sliced_c02,none,SoA,enabled,1538000000000,68750000000,69250000000,69000000000,69250000000,69000000000,69500000000,69000000000,69250000000,69250000000,215675000000,215051176966,10
2025-10-25 00:57:13,20919,pairwise,PairwiseVerletLists,1.000000,vlp_c01,none,AoS,disabled,1082500000000,93250000000,93500000000,93250000000,93500000000,93250000000,93500000000,94000000000,94000000000,94000000000,192175000000,190108113918,10
2025-10-25 00:57:42,20929,pairwise,PairwiseVerletLists,1.000000,vlp_c01,none,SoA,disabled,6686500000000,142750000000,143000000000,142750000000,142750000000,143500000000,143250000000,143250000000,143000000000,143500000000,797125000000,793488134431,10
2025-10-25 00:57:47,20939,pairwise,PairwiseVerletLists,1.000000,vlp_c18,none,AoS,disabled,494750000000,123000000000,122500000000,122750000000,122750000000,122750000000,123000000000,123500000000,123250000000,123250000000,159725000000,159523807028,10
2025-10-25 00:57:53,20949,pairwise,PairwiseVerletLists,1.000000,vlp_c18,none,AoS,enabled,781000000000,77750000000,77250000000,77500000000,77500000000,76750000000,77000000000,76500000000,76750000000,76250000000,146725000000,146555604926,10
2025-10-25 00:58:29,20959,pairwise,PairwiseVerletLists,1.000000,vlp_c18,none,SoA,disabled,8551500000000,143000000000,143250000000,143000000000,143000000000,143500000000,143500000000,144000000000,144000000000,144000000000,983850000000,978334161538,10
2025-10-25 00:58:54,20969,pairwise,PairwiseVerletLists,1.000000,vlp_c18,none,SoA,enabled,5939250000000,120000000000,118250000000,118500000000,118000000000,118250000000,119000000000,119000000000,119500000000,118500000000,700125000000,695885485504,10
2025-10-25 00:59:00,20979,pairwise,PairwiseVerletLists,1.000000,vlp_sliced,none,AoS,disabled,519000000000,118750000000,117750000000,118500000000,118250000000,118500000000,118750000000,118250000000,118750000000,117750000000,157875000000,157692939918,10
2025-10-25 00:59:07,20989,pairwise,PairwiseVerletLists,1.000000,vlp_sliced,none,AoS,enabled,1033000000000,66000000000,63750000000,63750000000,63500000000,64000000000,63500000000,63750000000,64500000000,64250000000,160450000000,160226578624,10
2025-10-25 00:59:42,20999,pairwise,PairwiseVerletLists,1.000000,vlp_sliced,none,SoA,disabled,8306250000000,155500000000,155250000000,159500000000,157750000000,158000000000,155750000000,159000000000,155250000000,159500000000,970350000000,965923582488,10
2025-10-25 01:00:09,21009,pairwise,PairwiseVerletLists,1.000000,vlp_sliced,none,SoA,enabled,6086000000000,125750000000,120250000000,124000000000,120750000000,120250000000,124000000000,125000000000,124750000000,120750000000,716825000000,713800631336,10
2025-10-25 01:00:14,21019,pairwise,PairwiseVerletLists,1.000000,vlp_sliced_balanced,none,AoS,disabled,487500000000,116250000000,116250000000,116500000000,116000000000,116750000000,116250000000,116750000000,117000000000,116500000000,153150000000,153150000000,10
2025-10-25 01:00:21,21029,pairwise,PairwiseVerletLists,1.000000,vlp_sliced_balanced,none,AoS,enabled,1078000000000,64000000000,60250000000,60500000000,60500000000,60250000000,60250000000,60500000000,60750000000,61000000000,162025000000,162025000000,10
2025-10-25 01:00:56,21039,pairwise,PairwiseVerletLists,1.000000,vlp_sliced_balanced,none,SoA,disabled,8368000000000,150750000000,150750000000,150500000000,150500000000,150750000000,151000000000,150750000000,151000000000,151000000000,972250000000,966850461372,10
2025-10-25 01:01:23,21049,pairwise,PairwiseVerletLists,1.000000,vlp_sliced_balanced,none,SoA,enabled,6196000000000,118000000000,115500000000,115500000000,115500000000,115250000000,115500000000,116000000000,116000000000,115750000000,723325000000,718977247753,10
2025-10-25 01:01:30,21059,pairwise,PairwiseVerletLists,1.000000,vlp_sliced_c02,none,AoS,disabled,514500000000,138750000000,138750000000,139750000000,140000000000,139500000000,139250000000,139250000000,139500000000,140000000000,176325000000,176281487829,10
2025-10-25 01:01:37,21069,pairwise,PairwiseVerletLists,1.000000,vlp_sliced_c02,none,AoS,enabled,1120500000000,74250000000,71750000000,71750000000,71500000000,71250000000,71500000000,72000000000,71500000000,71500000000,176175000000,175995115193,10
2025-10-25 01:02:13,21079,pairwise,PairwiseVerletLists,1.000000,vlp_sliced_c02,none,SoA,disabled,8417500000000,174000000000,168500000000,173000000000,170000000000,171250000000,173000000000,168750000000,172000000000,171250000000,993400000000,987911726834,10
2025-10-25 01:02:40,21089,pairwise,PairwiseVerletLists,1.000000,vlp_sliced_c02,none,SoA,enabled,6276000000000,133000000000,130250000000,130250000000,128750000000,128500000000,129500000000,127500000000,129750000000,129250000000,742350000000,738395816252,10
2025-10-25 01:02:46,21099,pairwise,PairwiseVerletLists,1.000000,vlp_c08,none,AoS,disabled,493000000000,114250000000,113750000000,113750000000,114250000000,113750000000,115000000000,114000000000,114500000000,114500000000,151675000000,151594980186,10
2025-10-25 01:02:53,21109,pairwise,PairwiseVerletLists,1.000000,vlp_c08,none,AoS,enabled,1140500000000,75000000000,72500000000,72500000000,72500000000,73250000000,72750000000,72750000000,73000000000,73000000000,179300000000,179095466968,10
2025-10-25 01:03:28,21119,pairwise,PairwiseVerletLists,1.000000,vlp_c08,none,SoA,disabled,8411000000000,155500000000,155000000000,154500000000,154250000000,154500000000,154750000000,155500000000,155250000000,154750000000,979925000000,975137125989,10
2025-10-25 01:03:56,21129,pairwise,PairwiseVerletLists,1.000000,vlp_c08,none,SoA,enabled,6323250000000,122750000000,119500000000,119000000000,119000000000,119000000000,119250000000,119750000000,119500000000,119750000000,739425000000,739425000000,10
2025-10-25 01:20:16,25009,pairwise,LinkedCells,1.000000,lc_c01,none,AoS,disabled,119750000000,121000000000,120250000000,120250000000,121000000000,120500000000,120500000000,120500000000,120500000000,120500000000,120200000000,120012331282,10
2025-10-25 01:20:20,25019,pairwise,LinkedCells,1.000000,lc_c01,none,SoA,disabled,69750000000,68750000000,69000000000,69250000000,69000000000,69250000000,69250000000,68750000000,69250000000,69250000000,68850000000,68768465899,10
2025-10-25 01:20:22,25029,pairwise,LinkedCells,1.000000,lc_c01_combined_SoA,none,SoA,disabled,52750000000,52000000000,51750000000,52500000000,52000000000,52250000000,52000000000,52000000000,52000000000,52000000000,51850000000,51788874522,10
2025-10-25 01:20:25,25039,pairwise,LinkedCells,1.000000,lc_c04,none,AoS,disabled,66000000000,66250000000,66000000000,66250000000,66250000000,66250000000,66000000000,66000000000,66250000000,66000000000,66000000000,65903817200,10
2025-10-25 01:20:28,25049,pairwise,LinkedCells,1.000000,lc_c04,none,AoS,enabled,52000000000,52500000000,52250000000,52000000000,52750000000,52000000000,52500000000,52500000000,52500000000,52500000000,52000000000,52000000000,10
2025-10-25 01:20:31,25059,pairwise,LinkedCells,1.000000,lc_c04,none,SoA,disabled,59250000000,58250000000,58000000000,58750000000,58500000000,58750000000,58500000000,58500000000,58500000000,58250000000,58125000000,58015937791,10
2025-10-25 01:20:33,25069,pairwise,LinkedCells,1.000000,lc_c04,none,SoA,enabled,40750000000,41000000000,40500000000,41000000000,40500000000,40500000000,40500000000,40750000000,40750000000,41000000000,40525000000,40269170776,10
2025-10-25 01:20:36,25079,pairwise,LinkedCells,1.000000,lc_c04_HCP,none,AoS,disabled,68750000000,69250000000,69000000000,69250000000,69500000000,69750000000,69250000000,69250000000,69750000000,69250000000,68975000000,68813095496,10
2025-10-25 01:20:39,25089,pairwise,LinkedCells,1.000000,lc_c04_HCP,none,AoS,enabled,55500000000,55250000000,55750000000,55750000000,55750000000,56250000000,55500000000,56250000000,55750000000,56250000000,55275000000,55275000000,10
2025-10-25 01:20:42,25099,pairwise,LinkedCells,1.000000,lc_c04_HCP,none,SoA,disabled,63750000000,63250000000,62750000000,63250000000,63250000000,63000000000,63500000000,63250000000,63750000000,63250000000,62850000000,62675785788,10
2025-10-25 01:20:45,25109,pairwise,LinkedCells,1.000000,lc_c04_HCP,none,SoA,enabled,46500000000,46500000000,46000000000,46500000000,46250000000,46250000000,46250000000,46750000000,46000000000,46250000000,46050000000,45829426372,10
2025-10-25 01:20:48,25119,pairwise,LinkedCells,1.000000,lc_c04_combined_SoA,none,SoA,disabled,64250000000,63500000000,63500000000,63250000000,63000000000,63500000000,63250000000,63500000000,63500000000,63500000000,63125000000,62774702763,10
2025-10-25 01:20:51,25129,pairwise,LinkedCells,1.000000,lc_c04_combined_SoA,none,SoA,enabled,55000000000,55000000000,54500000000,54500000000,54750000000,54750000000,54500000000,54750000000,55000000000,54250000000,54325000000,53899711402,10
2025-10-25 01:20:54,25139,pairwise,LinkedCells,1.000000,lc_c08,none,AoS,disabled,81000000000,81750000000,81500000000,81000000000,81250000000,82500000000,81000000000,81750000000,82000000000,81750000000,81000000000,80949531930,10
2025-10-25 01:20:57,25149,pairwise,LinkedCells,1.000000,lc_c08,none,AoS,enabled,69000000000,68750000000,69250000000,68750000000,69000000000,69000000000,68750000000,69500000000,69250000000,69250000000,68775000000,68641599080,10
2025-10-25 01:21:01,25159,pairwise,LinkedCells,1.000000,lc_c08,none,SoA,disabled,82250000000,81000000000,81250000000,80750000000,81000000000,81250000000,81500000000,81500000000,81250000000,81000000000,80900000000,80579993447,10
2025-10-25 01:21:04,25169,pairwise,LinkedCells,1.000000,lc_c08,none,SoA,enabled,67250000000,66500000000,66250000000,66500000000,66000000000,66750000000,66250000000,66500000000,66750000000,66500000000,66125000000,65670602796,10
2025-10-25 01:21:08,25179,pairwise,LinkedCells,1.000000,lc_c18,none,AoS,disabled,97750000000,97500000000,97250000000,97500000000,97250000000,97750000000,97500000000,97750000000,97250000000,97500000000,97300000000,97188266439,10
2025-10-25 01:21:11,25189,pairwise,LinkedCells,1.000000,lc_c18,none,AoS,enabled,87500000000,87500000000,87750000000,87750000000,88500000000,87500000000,87750000000,87500000000,87250000000,87750000000,87275000000,87159442620,10
2025-10-25 01:21:15,25199,pairwise,LinkedCells,1.000000,lc_c18,none,SoA,disabled,117500000000,116500000000,116500000000,116500000000,117000000000,116250000000,116750000000,117250000000,116500000000,116750000000,116375000000,115762491194,10
2025-10-25 01:21:19,25209,pairwise,LinkedCells,1.000000,lc_c18,none,SoA,enabled,79250000000,78500000000,78750000000,78750000000,78750000000,79000000000,79250000000,79000000000,79000000000,78750000000,78575000000,78183182654,10
2025-10-25 01:21:23,25219,pairwise,LinkedCells,1.000000,lc_sliced,none,AoS,disabled,97250000000,96750000000,97250000000,97250000000,97250000000,97250000000,97250000000,97250000000,97500000000,97500000000,96800000000,96800000000,10
2025-10-25 01:21:27,25229,pairwise,LinkedCells,1.000000,lc_sliced,none,AoS,enabled,76000000000,76000000000,76500000000,76000000000,76250000000,77000000000,76000000000,76750000000,76750000000,76000000000,76000000000,76000000000,10
2025-10-25 01:21:30,25239,pairwise,LinkedCells,1.000000,lc_sliced,none,SoA,disabled,79000000000,78250000000,78000000000,78000000000,78000000000,78250000000,77750000000,78000000000,78500000000,78000000000,77875000000,77796076393,10
2025-10-25 01:21:33,25249,pairwise,LinkedCells,1.000000,lc_sliced,none,SoA,enabled,46250000000,46250000000,46250000000,46250000000,46250000000,46500000000,46500000000,46250000000,46000000000,46250000000,46025000000,45940713203,10
2025-10-25 01:21:36,25259,pairwise,LinkedCells,1.000000,lc_sliced_balanced,none,AoS,disabled,79000000000,79500000000,79000000000,78750000000,79000000000,79500000000,79500000000,79500000000,79250000000,79750000000,78775000000,78775000000,10
2025-10-25 01:21:39,25269,pairwise,LinkedCells,1.000000,lc_sliced_balanced,none,AoS,enabled,62250000000,62000000000,62000000000,62000000000,62500000000,62250000000,62250000000,62500000000,62500000000,63000000000,62025000000,62025000000,10
2025-10-25 01:21:43,25279,pairwise,LinkedCells,1.000000,lc_sliced_balanced,none,SoA,disabled,67250000000,66000000000,66500000000,66500000000,66500000000,66750000000,66500000000,66500000000,66250000000,66750000000,66125000000,66044952446,10
2025-10-25 01:21:45,25289,pairwise,LinkedCells,1.000000,lc_sliced_balanced,none,SoA,enabled,40500000000,40750000000,40750000000,41000000000,40500000000,40500000000,41250000000,41000000000,40750000000,41000000000,40500000000,40292260104,10
2025-10-25 01:21:50,25299,pairwise,LinkedCells,1.000000,lc_sliced_balanced,squared-particles-per-cell,AoS,disabled,82500000000,79750000000,79750000000,79500000000,79750000000,80000000000,80250000000,79750000000,79750000000,80250000000,79800000000,79757605568,10
2025-10-25 01:21:53,25309,pairwise,LinkedCells,1.000000,lc_sliced_balanced,squared-particles-per-cell,AoS,enabled,63500000000,63750000000,64250000000,63750000000,63500000000,63500000000,64250000000,64000000000,63750000000,63750000000,63500000000,63214791030,10
2025-10-25 01:21:56,25319,pairwise,LinkedCells,1.000000,lc_sliced_balanced,squared-particles-per-cell,SoA,disabled,80250000000,66000000000,65750000000,65750000000,66250000000,65750000000,66250000000,66250000000,66000000000,66500000000,67200000000,67200000000,10
2025-10-25 01:21:59,25329,pairwise,LinkedCells,1.000000,lc_sliced_balanced,squared-particles-per-cell,SoA,enabled,46250000000,39750000000,39750000000,40250000000,40250000000,40250000000,39750000000,40500000000,40250000000,41250000000,40400000000,40400000000,10
2025-10-25 01:22:04,25339,pairwise,LinkedCells,1.000000,lc_sliced_c02,none,AoS,disabled,98000000000,96750000000,97000000000,97000000000,97250000000,97750000000,97250000000,97250000000,98000000000,96750000000,96875000000,96806688180,10
2025-10-25 01:22:07,25349,pairwise,LinkedCells,1.000000,lc_sliced_c02,none,AoS,enabled,76250000000,76250000000,76500000000,76250000000,76250000000,76000000000,76250000000,76250000000,76250000000,76500000000,76025000000,75934422018,10
2025-10-25 01:22:11,25359,pairwise,LinkedCells,1.000000,lc_sliced_c02,none,SoA,disabled,88500000000,77000000000,76500000000,76750000000,77000000000,77500000000,77000000000,76750000000,77000000000,77250000000,77700000000,77562888375,10
2025-10-25 01:22:14,25369,pairwise,LinkedCells,1.000000,lc_sliced_c02,none,SoA,enabled,50750000000,44750000000,45000000000,44750000000,44750000000,45250000000,45250000000,45250000000,45250000000,45750000000,45350000000,45217509369,10
2025-10-25 01:22:29,25379,pairwise,VerletClusterLists,1.000000,vcl_c01_balanced,none,AoS,disabled,855750000000,360250000000,363250000000,365500000000,368000000000,370750000000,374000000000,376250000000,378000000000,380500000000,409800000000,407983841973,10
2025-10-25 01:22:41,25389,pairwise,VerletClusterLists,1.000000,vcl_c01_balanced,none,SoA,disabled,755000000000,311250000000,311000000000,311750000000,312000000000,311250000000,312000000000,316000000000,312750000000,313500000000,355400000000,355012376365,10
2025-10-25 01:22:55,25399,pairwise,VerletClusterLists,1.000000,vcl_c06,none,AoS,disabled,801500000000,364500000000,367750000000,370750000000,373000000000,375000000000,377750000000,380500000000,382750000000,384750000000,408200000000,408200000000,10
2025-10-25 01:23:07,25409,pairwise,VerletClusterLists,1.000000,vcl_c06,none,AoS,enabled,475000000000,320750000000,324250000000,326000000000,327500000000,331250000000,332750000000,335750000000,336500000000,338250000000,336175000000,336049458110,10
2025-10-25 01:23:19,25419,pairwise,VerletClusterLists,1.000000,vcl_c06,none,SoA,disabled,755000000000,315750000000,315750000000,316250000000,316500000000,316750000000,316500000000,317500000000,318000000000,318250000000,359675000000,359059245771,10
2025-10-25 01:23:31,25429,pairwise,VerletClusterLists,1.000000,vcl_c06,none,SoA,enabled,456750000000,299500000000,300000000000,300500000000,300500000000,301000000000,301000000000,302000000000,301750000000,302250000000,315225000000,314821928903,10
2025-10-25 01:23:46,25439,pairwise,VerletClusterLists,1.000000,vcl_sliced,none,AoS,disabled,880250000000,419000000000,422500000000,426250000000,428500000000,431000000000,433000000000,436250000000,438000000000,440250000000,465125000000,464955952624,10
2025-10-25 01:23:59,25449,pairwise,VerletClusterLists,1.000000,vcl_sliced,none,AoS,enabled,522250000000,355250000000,357000000000,360250000000,362000000000,365750000000,366750000000,369750000000,371750000000,374250000000,371950000000,371569547705,10
2025-10-25 01:24:13,25459,pairwise,VerletClusterLists,1.000000,vcl_sliced,none,SoA,disabled,769250000000,322250000000,707500000000,357250000000,322250000000,322750000000,323250000000,323500000000,323750000000,324250000000,366950000000,366585750910,10
2025-10-25 01:24:25,25469,pairwise,VerletClusterLists,1.000000,vcl_sliced,none,SoA,enabled,465500000000,307250000000,307250000000,308250000000,306750000000,306750000000,308250000000,309000000000,308750000000,309000000000,322625000000,322625000000,10
2025-10-25 01:24:41,25479,pairwise,VerletClusterLists,1.000000,vcl_sliced_balanced,none,AoS,disabled,851000000000,414500000000,418000000000,461750000000,453750000000,429500000000,430250000000,430750000000,432500000000,434250000000,458150000000,456095544613,10
2025-10-25 01:24:54,25489,pairwise,VerletClusterLists,1.000000,vcl_sliced_balanced,none,AoS,enabled,515500000000,351750000000,355500000000,357000000000,359000000000,362250000000,364750000000,367750000000,369750000000,448000000000,368125000000,367759646704,10
2025-10-25 01:25:06,25499,pairwise,VerletClusterLists,1.000000,vcl_sliced_balanced,none,SoA,disabled,762000000000,322750000000,322250000000,322250000000,322750000000,322250000000,323000000000,324000000000,323250000000,324250000000,366225000000,365879053757,10
2025-10-25 01:25:18,25509,pairwise,VerletClusterLists,1.000000,vcl_sliced_balanced,none,SoA,enabled,472000000000,307250000000,307500000000,308000000000,308500000000,308250000000,308250000000,309000000000,309000000000,310000000000,323725000000,323226753875,10
2025-10-25 01:25:36,25519,pairwise,VerletClusterLists,1.000000,vcl_sliced_balanced,neighbor-list-length,AoS,disabled,892000000000,472250000000,476000000000,479000000000,481250000000,483250000000,485500000000,489750000000,490750000000,493750000000,514225000000,501215260605,10
2025-10-25 01:25:49,25529,pairwise,VerletClusterLists,1.000000,vcl_sliced_balanced,neighbor-list-length,AoS,enabled,511500000000,351000000000,354500000000,356500000000,358250000000,361000000000,364250000000,366250000000,368750000000,371250000000,367050000000,366407113975,10
2025-10-25 01:26:01,25539,pairwise,VerletClusterLists,1.000000,vcl_sliced_balanced,neighbor-list-length,SoA,disabled,756000000000,320250000000,320000000000,320500000000,321000000000,321250000000,321250000000,321750000000,321750000000,322500000000,363600000000,363258393968,10
2025-10-25 01:26:13,25549,pairwise,VerletClusterLists,1.000000,vcl_sliced_balanced,neighbor-list-length,SoA,enabled,466750000000,306000000000,306000000000,306250000000,306750000000,306750000000,306500000000,307000000000,307500000000,307750000000,322075000000,321331788504,10
2025-10-25 01:26:32,25559,pairwise,VerletClusterLists,1.000000,vcl_sliced_c02,none,AoS,disabled,971000000000,492750000000,496000000000,497750000000,501250000000,503500000000,506750000000,509250000000,512000000000,514750000000,540575000000,540367890902,10
2025-10-25 01:26:46,25569,pairwise,VerletClusterLists,1.000000,vcl_sliced_c02,none,AoS,enabled,541250000000,386000000000,389250000000,392750000000,395500000000,397000000000,400000000000,402750000000,405500000000,407750000000,401525000000,401179027186,10
2025-10-25 01:26:59,25579,pairwise,VerletClusterLists,1.000000,vcl_sliced_c02,none,SoA,disabled,778000000000,340500000000,339750000000,340250000000,340500000000,340500000000,341750000000,341250000000,341500000000,342500000000,383575000000,383334011132,10
2025-10-25 01:27:11,25589,pairwise,VerletClusterLists,1.000000,vcl_sliced_c02,none,SoA,enabled,470500000000,314500000000,314750000000,314500000000,314500000000,315500000000,315000000000,315500000000,316500000000,317000000000,330100000000,329742349912,10
2025-10-25 01:27:18,25599,pairwise,VerletLists,1.000000,vl_list_iteration,none,AoS,disabled,521250000000,134000000000,134500000000,135250000000,134500000000,134750000000,135000000000,134500000000,135250000000,135250000000,172725000000,172725000000,10
2025-10-25 01:27:28,25609,pairwise,VerletLists,1.000000,vl_list_iteration,none,SoA,disabled,1700250000000,70500000000,83500000000,83750000000,83750000000,83500000000,82250000000,67500000000,67500000000,67500000000,230775000000,230775000000,10
2025-10-25 01:27:33,25619,pairwise,VerletListsCells,1.000000,vlc_c01,none,AoS,disabled,279250000000,52000000000,51750000000,51500000000,51750000000,51250000000,51000000000,51000000000,51750000000,51250000000,73825000000,73563960316,10
2025-10-25 01:27:41,25629,pairwise,VerletListsCells,1.000000,vlc_c01,none,SoA,disabled,1362750000000,72500000000,72750000000,73000000000,72500000000,72750000000,73250000000,73000000000,72750000000,72750000000,201525000000,200995439288,10
2025-10-25 01:27:46,25639,pairwise,VerletListsCells,1.000000,vlc_c18,none,AoS,disabled,486750000000,78750000000,79250000000,79000000000,79000000000,79000000000,79250000000,78750000000,79000000000,79250000000,119550000000,117593468408,10
2025-10-25 01:27:50,25649,pairwise,VerletListsCells,1.000000,vlc_c18,none,AoS,enabled,360500000000,51750000000,51750000000,52250000000,52500000000,51000000000,50750000000,51250000000,51250000000,51250000000,81725000000,80499492849,10
2025-10-25 01:28:03,25659,pairwise,VerletListsCells,1.000000,vlc_c18,none,SoA,disabled,2631750000000,111000000000,110250000000,110000000000,110500000000,110000000000,110500000000,110000000000,110000000000,110500000000,362175000000,361480130757,10
2025-10-25 01:28:12,25669,pairwise,VerletListsCells,1.000000,vlc_c18,none,SoA,enabled,1584250000000,83250000000,83250000000,84500000000,83500000000,84000000000,83750000000,84000000000,83500000000,84500000000,233350000000,233350000000,10
2025-10-25 01:28:16,25679,pairwise,VerletListsCells,1.000000,vlc_c08,none,AoS,disabled,241750000000,62750000000,63250000000,63500000000,63500000000,64000000000,62250000000,62500000000,62500000000,62500000000,80200000000,80031038612,10
2025-10-25 01:28:19,25689,pairwise,VerletListsCells,1.000000,vlc_c08,none,AoS,enabled,243750000000,47000000000,44750000000,44500000000,45000000000,45250000000,44750000000,45250000000,44750000000,45000000000,64425000000,64425000000,10
2025-10-25 01:28:31,25699,pairwise,VerletListsCells,1.000000,vlc_c08,none,SoA,disabled,2293500000000,97250000000,97250000000,97500000000,97000000000,97750000000,97750000000,97500000000,98000000000,97500000000,316650000000,316377613422,10
2025-10-25 01:28:43,25709,pairwise,VerletListsCells,1.000000,vlc_c08,none,SoA,enabled,2142500000000,86000000000,86250000000,86500000000,86000000000,86500000000,86500000000,86750000000,86250000000,87000000000,291650000000,289181370825,10
2025-10-25 01:28:47,25719,pairwise,VerletListsCells,1.000000,vlc_sliced,none,AoS,disabled,309000000000,74500000000,74750000000,75000000000,75250000000,75250000000,75000000000,75500000000,74500000000,74500000000,97950000000,97760132448,10
2025-10-25 01:28:49,25729,pairwise,VerletListsCells,1.000000,vlc_sliced,none,AoS,enabled,205250000000,31750000000,30750000000,31000000000,31000000000,31250000000,30750000000,30500000000,31000000000,32000000000,47975000000,47869364696,10
2025-10-25 01:29:02,25739,pairwise,VerletListsCells,1.000000,vlc_sliced,none,SoA,disabled,2486750000000,91250000000,91000000000,91000000000,90750000000,90750000000,91250000000,90500000000,92000000000,91000000000,330125000000,330125000000,10
2025-10-25 01:29:10,25749,pairwise,VerletListsCells,1.000000,vlc_sliced,none,SoA,enabled,1443750000000,66750000000,67250000000,67250000000,67250000000,67000000000,67250000000,67250000000,67250000000,67000000000,204450000000,204015359139,10
2025-10-25 01:29:14,25759,pairwise,VerletListsCells,1.000000,vlc_sliced_balanced,none,AoS,disabled,273500000000,68000000000,69000000000,68750000000,68500000000,68750000000,67500000000,67250000000,67500000000,67750000000,87875000000,87688929163,10
2025-10-25 01:29:17,25769,pairwise,VerletListsCells,1.000000,vlc_sliced_balanced,none,AoS,enabled,173250000000,28250000000,28000000000,28250000000,28250000000,28250000000,27750000000,28500000000,28500000000,28250000000,42300000000,42300000000,10
2025-10-25 01:29:30,25779,pairwise,VerletListsCells,1.000000,vlc_sliced_balanced,none,SoA,disabled,2565250000000,92250000000,92250000000,92750000000,92250000000,92250000000,92000000000,92250000000,92000000000,92500000000,339325000000,339325000000,10
2025-10-25 01:29:39,25789,pairwise,VerletListsCells,1.000000,vlc_sliced_balanced,none,SoA,enabled,1529500000000,64750000000,65000000000,64500000000,65250000000,65500000000,65250000000,65000000000,65250000000,65000000000,211000000000,210655520861,10
2025-10-25 01:29:44,25799,pairwise,VerletListsCells,1.000000,vlc_sliced_balanced,squared-particles-per-cell,AoS,disabled,361000000000,60750000000,61000000000,61000000000,61000000000,61000000000,61250000000,61000000000,61250000000,61000000000,90775000000,89782918447,10
2025-10-25 01:29:47,25809,pairwise,VerletListsCells,1.000000,vlc_sliced_balanced,squared-particles-per-cell,AoS,enabled,189500000000,27750000000,27750000000,28000000000,27750000000,28250000000,28250000000,27750000000,28250000000,28250000000,43925000000,43045050325,10
2025-10-25 01:29:58,25819,pairwise,VerletListsCells,1.000000,vlc_sliced_balanced,squared-particles-per-cell,SoA,disabled,2343000000000,87000000000,87250000000,87000000000,87250000000,87250000000,87500000000,87500000000,87750000000,87250000000,312600000000,312158810389,10
2025-10-25 01:30:07,25829,pairwise,VerletListsCells,1.000000,vlc_sliced_balanced,squared-particles-per-cell,SoA,enabled,1515750000000,65250000000,65750000000,65500000000,64500000000,65000000000,65000000000,65250000000,65250000000,65500000000,209625000000,209240334565,10
2025-10-25 01:30:13,25839,pairwise,VerletListsCells,1.000000,vlc_sliced_balanced,neighbor-list-length,AoS,disabled,375500000000,64000000000,64250000000,64250000000,64500000000,64000000000,64250000000,64000000000,64250000000,64500000000,95150000000,94485898947,10
2025-10-25 01:30:15,25849,pairwise,VerletListsCells,1.000000,vlc_sliced_balanced,neighbor-list-length,AoS,enabled,203500000000,28500000000,28500000000,28750000000,28750000000,28500000000,29250000000,28750000000,29000000000,28750000000,46000000000,45637091526,10
2025-10-25 01:30:27,25859,pairwise,VerletListsCells,1.000000,vlc_sliced_balanced,neighbor-list-length,SoA,disabled,2403250000000,91250000000,91250000000,91000000000,90750000000,90750000000,90750000000,90750000000,90500000000,92500000000,321775000000,320986530141,10
2025-10-25 01:30:36,25869,pairwise,VerletListsCells,1.000000,vlc_sliced_balanced,neighbor-list-length,SoA,enabled,1532750000000,66000000000,66250000000,65750000000,66000000000,65500000000,66000000000,66250000000,66250000000,66250000000,212225000000,211472195782,10
2025-10-25 01:30:42,25879,pairwise,VerletListsCells,1.000000,vlc_sliced_c02,none,AoS,disabled,389250000000,68500000000,69000000000,69000000000,68750000000,69000000000,68750000000,69250000000,69250000000,69000000000,100575000000,99674901587,10
2025-10-25 01:30:45,25889,pairwise,VerletListsCells,1.000000,vlc_sliced_c02,none,AoS,enabled,233500000000,33000000000,32750000000,33000000000,33000000000,33000000000,33000000000,33000000000,33750000000,33500000000,52825000000,51805733912,10
2025-10-25 01:30:57,25899,pairwise,VerletListsCells,1.000000,vlc_sliced_c02,none,SoA,disabled,2401250000000,94250000000,94750000000,94500000000,94250000000,94250000000,94250000000,94500000000,94500000000,94750000000,324950000000,324889537094,10
2025-10-25 01:31:06,25909,pairwise,VerletListsCells,1.000000,vlc_sliced_c02,none,SoA,enabled,1547500000000,68500000000,69250000000,69000000000,69500000000,69750000000,69000000000,69250000000,69000000000,69250000000,216400000000,215857139085,10
2025-10-25 01:31:14,25919,pairwise,PairwiseVerletLists,1.000000,vlp_c01,none,AoS,disabled,1092000000000,93500000000,93500000000,93500000000,93250000000,94000000000,94000000000,94000000000,93750000000,94000000000,193125000000,191454377297,10
2025-10-25 01:31:43,25929,pairwise,PairwiseVerletLists,1.000000,vlp_c01,none,SoA,disabled,6662000000000,142500000000,143250000000,142750000000,142750000000,142750000000,143500000000,143000000000,143000000000,143000000000,794450000000,792515546854,10
2025-10-25 01:31:49,25939,pairwise,PairwiseVerletLists,1.000000,vlp_c18,none,AoS,disabled,496250000000,123500000000,122750000000,123250000000,123000000000,123500000000,123500000000,123500000000,123250000000,123500000000,160100000000,159854198364,10
2025-10-25 01:31:54,25949,pairwise,PairwiseVerletLists,1.000000,vlp_c18,none,AoS,enabled,782750000000,78250000000,78250000000,78250000000,78500000000,77000000000,77000000000,76750000000,77250000000,77000000000,147350000000,147057536023,10
2025-10-25 01:32:30,25959,pairwise,PairwiseVerletLists,1.000000,vlp_c18,none,SoA,disabled,8754250000000,143000000000,143250000000,143250000000,143750000000,143500000000,143250000000,144000000000,143500000000,144000000000,1004125000000,995340820814,10
2025-10-25 01:32:57,25969,pairwise,PairwiseVerletLists,1.000000,vlp_c18,none,SoA,enabled,6046250000000,120750000000,118500000000,118500000000,118500000000,119000000000,119000000000,118750000000,118750000000,118750000000,711275000000,705581338287,10
2025-10-25 01:33:02,25979,pairwise,PairwiseVerletLists,1.000000,vlp_sliced,none,AoS,disabled,536000000000,118750000000,118750000000,118500000000,118500000000,118250000000,118000000000,118000000000,118750000000,118750000000,159800000000,159231113600,10
2025-10-25 01:33:09,25989,pairwise,PairwiseVerletLists,1.000000,vlp_sliced,none,AoS,enabled,1028500000000,66000000000,63750000000,63250000000,64000000000,64000000000,64250000000,64000000000,65000000000,64000000000,159775000000,159761602677,10
2025-10-25 01:33:45,25999,pairwise,PairwiseVerletLists,1.000000,vlp_sliced,none,SoA,disabled,8426000000000,154250000000,155500000000,156750000000,153000000000,155000000000,157000000000,157750000000,153000000000,158250000000,980300000000,973018282199,10
2025-10-25 01:34:11,26009,pairwise,PairwiseVerletLists,1.000000,vlp_sliced,none,SoA,enabled,6172500000000,123250000000,121250000000,120250000000,120250000000,123500000000,119500000000,122500000000,122000000000,121500000000,724800000000,719364274316,10
2025-10-25 01:34:17,26019,pairwise,PairwiseVerletLists,1.000000,vlp_sliced_balanced,none,AoS,disabled,485500000000,117250000000,116750000000,117000000000,117000000000,116750000000,117500000000,117750000000,117750000000,117500000000,153625000000,153353642710,10
2025-10-25 01:34:24,26029,pairwise,PairwiseVerletLists,1.000000,vlp_sliced_balanced,none,AoS,enabled,1074500000000,64000000000,61000000000,61000000000,61000000000,60500000000,60750000000,61000000000,60750000000,61250000000,161900000000,161853479516,10
2025-10-25 01:34:59,26039,pairwise,PairwiseVerletLists,1.000000,vlp_sliced_balanced,none,SoA,disabled,8476250000000,150000000000,149500000000,149750000000,149500000000,149750000000,149750000000,149500000000,150000000000,149750000000,982175000000,974840008290,10
2025-10-25 01:35:26,26049,pairwise,PairwiseVerletLists,1.000000,vlp_sliced_balanced,none,SoA,enabled,6273250000000,117750000000,114500000000,114500000000,114750000000,114250000000,114500000000,114750000000,114500000000,115000000000,730150000000,725176179293,10
2025-10-25 01:35:33,26059,pairwise,PairwiseVerletLists,1.000000,vlp_sliced_c02,none,AoS,disabled,515000000000,140750000000,138750000000,139000000000,139500000000,140000000000,140250000000,139500000000,139750000000,139250000000,176375000000,176221486282,10
2025-10-25 01:35:40,26069,pairwise,PairwiseVerletLists,1.000000,vlp_sliced_c02,none,AoS,enabled,1114250000000,74750000000,70750000000,72000000000,71250000000,71250000000,72250000000,71500000000,71750000000,72750000000,175100000000,175100000000,10
2025-10-25 01:36:16,26079,pairwise,PairwiseVerletLists,1.000000,vlp_sliced_c02,none,SoA,disabled,8511750000000,174000000000,168500000000,170000000000,170250000000,168500000000,169500000000,169000000000,171750000000,167250000000,1001700000000,994941151827,10
2025-10-25 01:36:44,26089,pairwise,PairwiseVerletLists,1.000000,vlp_sliced_c02,none,SoA,enabled,6359000000000,132000000000,127500000000,127250000000,129000000000,128000000000,127500000000,128500000000,126750000000,130000000000,749975000000,744740496858,10
2025-10-25 01:36:50,26099,pairwise,PairwiseVerletLists,1.000000,vlp_c08,none,AoS,disabled,495250000000,113500000000,113750000000,114000000000,114000000000,114000000000,114250000000,114500000000,114000000000,114500000000,151675000000,151559233698,10
2025-10-25 01:36:57,26109,pairwise,PairwiseVerletLists,1.000000,vlp_c08,none,AoS,enabled,1136250000000,74750000000,72250000000,72750000000,72500000000,72750000000,72250000000,72750000000,72250000000,72750000000,178650000000,178650000000,10
2025-10-25 01:37:32,26119,pairwise,PairwiseVerletLists,1.000000,vlp_c08,none,SoA,disabled,8525000000000,154500000000,154000000000,154750000000,154750000000,154250000000,154500000000,155000000000,154250000000,155000000000,991100000000,984607721783,10
2025-10-25 01:38:00,26129,pairwise,PairwiseVerletLists,1.000000,vlp_c08,none,SoA,enabled,6414500000000,121750000000,119250000000,119500000000,119500000000,119750000000,119000000000,119500000000,119250000000,119750000000,748550000000,743839131278,10
