Date,Iteration,Interaction Type,Container,CellSizeFactor,Traversal,Load Estimator,Data Layout,Newton 3,sample0,sample1,sample2,sample3,sample4,sample5,sample6,sample7,sample8,sample9,Reduced,Smoothed,Mean Rebuild Frequency
2026-02-22 12:15:07,9,pairwise,LinkedCells,0.500000,lc_c08,none,AoS,disabled,27035583496,26855590820,26689880371,26855895996,26652221679,26811523437,26681762695,26937622070,26594726562,26775146484,26788995360,26788995360,10
2026-02-22 12:15:12,19,pairwise,LinkedCells,0.500000,lc_c08,none,AoS,enabled,26937133789,26667358398,26923095703,26574951171,26712402343,26829833984,26768798828,26932861328,26772705078,26778076171,26789721679,26789721679,10
2026-02-22 12:15:17,29,pairwise,LinkedCells,0.500000,lc_c08,none,SoA,disabled,45225585937,44954101562,44833740234,44811523437,45022460937,44754882812,44859619140,44728515625,44806152343,45054199218,44905078124,44905078124,10
2026-02-22 12:15:22,39,pairwise,LinkedCells,0.500000,lc_c08,none,SoA,enabled,44700195312,44641601562,44655273437,44808593750,44916503906,44640625000,44770019531,44760742187,44861816406,44666503906,44742187499,44742187499,10
2026-02-22 12:15:26,49,pairwise,LinkedCells,0.500000,lc_c18,none,AoS,disabled,25736816406,25726074218,25763671875,25779296875,25729492187,25702148437,25723144531,25689453125,25725585937,25727539062,25730322265,25730322265,10
2026-02-22 12:15:31,59,pairwise,LinkedCells,0.500000,lc_c18,none,AoS,enabled,25827636718,25752929687,25753906250,25816406250,25828613281,25621093750,25763671875,25617187500,25658203125,25854492187,25749414062,25749414062,10
2026-02-22 12:15:36,69,pairwise,LinkedCells,0.500000,lc_c18,none,SoA,disabled,33709960937,33811523437,33634765625,33883789062,33612304687,33696289062,33768554687,33694335937,33671875000,33656250000,33713964842,33713964842,10
2026-02-22 12:15:40,79,pairwise,LinkedCells,0.500000,lc_c18,none,SoA,enabled,33423828125,33575195312,33384765625,33561523437,33551757812,33544921875,33392578125,33583007812,33601562500,33631835937,33525097655,33525097655,10
2026-02-22 12:15:41,89,pairwise,LinkedCells,1.000000,lc_c04,none,AoS,disabled,2287109375,1929687500,2002929687,1989257812,2007812500,2074218750,1991210937,1995117187,2148437500,1989257812,2041503905,2041503905,10
2026-02-22 12:15:42,99,pairwise,LinkedCells,1.000000,lc_c04,none,AoS,enabled,1527343750,1498046875,1415039062,1479492187,1629882812,1527343750,1419921875,1424804687,1520507812,1465820312,1490820311,1490820311,10
2026-02-22 12:15:42,109,pairwise,LinkedCells,1.000000,lc_c04,none,SoA,disabled,2176757812,2202148437,1886718750,2116210937,2063476562,1984375000,2043945312,2139648437,2021484375,1920898437,2055566405,2055566405,10
2026-02-22 12:15:43,119,pairwise,LinkedCells,1.000000,lc_c04,none,SoA,enabled,1716796875,1686523437,1763671875,1632812500,1621093750,1534179687,1621093750,1699218750,1803710937,1789062500,1686816405,1686816405,10
2026-02-22 12:15:43,129,pairwise,LinkedCells,1.000000,lc_c04_combined_SoA,none,SoA,disabled,2297851562,2365234375,2480468750,1993164062,2328125000,1925781250,2087890625,2301757812,1809570312,2013671875,2160351561,2160351561,10
2026-02-22 12:15:44,139,pairwise,LinkedCells,1.000000,lc_c04_combined_SoA,none,SoA,enabled,1711914062,1933593750,1984375000,2020507812,1661132812,1810546875,2183593750,1813476562,2328125000,2062500000,1950976562,1950976562,10
2026-02-22 12:15:44,149,pairwise,LinkedCells,1.000000,lc_c08,none,AoS,disabled,3144531250,3121093750,3131835937,3121093750,3116210937,3122070312,3295898437,3129882812,3121093750,3164062500,3146777343,3146777343,10
2026-02-22 12:15:45,159,pairwise,LinkedCells,1.000000,lc_c08,none,AoS,enabled,3267578125,3106445312,3127929687,3254882812,3125976562,3037109375,3244140625,3132812500,3139648437,3100585937,3153710936,3153710936,10
2026-02-22 12:15:45,169,pairwise,LinkedCells,1.000000,lc_c08,none,SoA,disabled,4071289062,4192382812,4141601562,4109375000,4288085937,4101562500,4034179687,4258789062,4086914062,4214843750,4149902343,4149902343,10
2026-02-22 12:15:46,179,pairwise,LinkedCells,1.000000,lc_c08,none,SoA,enabled,4131835937,4133789062,4123046875,4040039062,4048828125,4291015625,4210937500,4171875000,4039062500,4227539062,4141796874,4141796874,10
2026-02-22 12:15:46,189,pairwise,LinkedCells,1.000000,lc_c18,none,AoS,disabled,3209960937,3226562500,3238281250,3266601562,3262695312,3056640625,3035156250,3139648437,3359375000,3261718750,3205664061,3205664061,10
2026-02-22 12:15:47,199,pairwise,LinkedCells,1.000000,lc_c18,none,AoS,enabled,3129882812,3153320312,3113281250,3113281250,3360351562,3116210937,3073242187,3085937500,3089843750,3104492187,3133984373,3133984373,10
2026-02-22 12:15:48,209,pairwise,LinkedCells,1.000000,lc_c18,none,SoA,disabled,3846679687,4055664062,3721679687,4051757812,3850585937,3992187500,3932617187,3931640625,3910156250,3926757812,3921972655,3921972655,10
2026-02-22 12:15:48,219,pairwise,LinkedCells,1.000000,lc_c18,none,SoA,enabled,3815429687,3958984375,3980468750,3877929687,3928710937,3878906250,3808593750,3776367187,3895507812,3990234375,3891113280,3891113280,10
2026-02-22 12:15:49,229,pairwise,VerletLists,0.500000,vl_list_iteration,none,AoS,disabled,5446289062,174804687,180664062,0,320312500,110351562,308593750,292968750,250000000,163085937,724707030,724707030,10
2026-02-22 12:15:49,239,pairwise,VerletLists,0.500000,vl_list_iteration,none,SoA,disabled,9742187500,1816406250,1484375000,1622070312,1854492187,1750000000,1506835937,1552734375,1762695312,1511718750,2460351562,2460351562,10
2026-02-22 12:15:50,249,pairwise,VerletLists,1.000000,vl_list_iteration,none,AoS,disabled,5883789062,132812500,110351562,272460937,329101562,0,256835937,330078125,0,263671875,757910155,757910155,10
2026-02-22 12:15:50,259,pairwise,VerletLists,1.000000,vl_list_iteration,none,SoA,disabled,9237304687,1762695312,1632812500,1514648437,1434570312,1799804687,1758789062,1686523437,1665039062,1513671875,2400585936,2400585936,10
2026-02-22 12:15:51,269,pairwise,VerletListsCells,0.500000,vlc_c01,none,AoS,disabled,12667968750,3030273437,2795898437,3007812500,2729492187,2763671875,2966796875,2710937500,2923828125,2742187500,3833886718,3833886718,10
2026-02-22 12:15:51,279,pairwise,VerletListsCells,0.500000,vlc_c01,none,SoA,disabled,17308593750,4464843750,4390625000,4550781250,4439453125,4239257812,4210937500,4404296875,4546875000,4296875000,5685253905,5685253905,10
2026-02-22 12:15:52,289,pairwise,VerletListsCells,0.500000,vlc_c18,none,AoS,disabled,9016601562,3080078125,3379882812,3208007812,3225585937,3291015625,3070312500,3032226562,3129882812,3042968750,3747656249,3747656249,10
2026-02-22 12:15:53,299,pairwise,VerletListsCells,0.500000,vlc_c18,none,AoS,enabled,8597656250,3014648437,3163085937,3229492187,3162109375,3014648437,3141601562,3206054687,3193359375,3061523437,3678417968,3678417968,10
2026-02-22 12:15:53,309,pairwise,VerletListsCells,0.500000,vlc_c18,none,SoA,disabled,15109375000,4939453125,4898437500,4983398437,4959960937,4862304687,4832031250,4904296875,4857421875,4916992187,5926367186,5926367186,10
2026-02-22 12:15:54,319,pairwise,VerletListsCells,0.500000,vlc_c18,none,SoA,enabled,13638671875,4879882812,4876953125,4743164062,4876953125,4895507812,5000000000,4960937500,4902343750,4892578125,5766699218,5766699218,10
2026-02-22 12:15:54,329,pairwise,VerletListsCells,0.500000,vlc_c08,none,AoS,disabled,7106445312,3083984375,3056640625,3087890625,2897460937,3103515625,3006835937,3007812500,3030273437,3070312500,3445117187,3445117187,10
2026-02-22 12:15:55,339,pairwise,VerletListsCells,0.500000,vlc_c08,none,AoS,enabled,6960937500,3084960937,3007812500,3012695312,3028320312,2972656250,2936523437,2770507812,3016601562,3015625000,3380664061,3380664061,10
2026-02-22 12:15:56,349,pairwise,VerletListsCells,0.500000,vlc_c08,none,SoA,disabled,12605468750,4698242187,4570312500,4588867187,4912109375,4580078125,4878906250,4723632812,4535156250,4830078125,5492285155,5492285155,10
2026-02-22 12:15:56,359,pairwise,VerletListsCells,0.500000,vlc_c08,none,SoA,enabled,11757812500,4751953125,4565429687,4671875000,4927734375,4597656250,4899414062,4708984375,4652343750,4827148437,5436035155,5436035155,10
2026-02-22 12:15:57,369,pairwise,VerletListsCells,0.500000,vlc_sliced,none,AoS,disabled,6827148437,966796875,1259765625,1128906250,1304687500,1260742187,1235351562,1257812500,1067382812,1292968750,1760156249,1760156249,10
2026-02-22 12:15:57,379,pairwise,VerletListsCells,0.500000,vlc_sliced,none,AoS,enabled,6129882812,677734375,632812500,625976562,677734375,696289062,662109375,495117187,621093750,615234375,1183398437,1183398437,10
2026-02-22 12:15:58,389,pairwise,VerletListsCells,0.500000,vlc_sliced,none,SoA,disabled,13057617187,2697265625,2744140625,2784179687,2771484375,2758789062,2768554687,2611328125,2768554687,2772460937,3773437498,3773437498,10
2026-02-22 12:15:58,399,pairwise,VerletListsCells,0.500000,vlc_sliced,none,SoA,enabled,10847656250,2205078125,2170898437,2183593750,2338867187,2296875000,2146484375,2228515625,2468750000,2158203125,3104492186,3104492186,10
2026-02-22 12:15:59,409,pairwise,VerletListsCells,0.500000,vlc_sliced_c02,none,AoS,disabled,7052734375,1548828125,1369140625,1638671875,1470703125,1482421875,1566406250,1246093750,1583984375,1580078125,2053906249,2053906249,10
2026-02-22 12:16:00,419,pairwise,VerletListsCells,0.500000,vlc_sliced_c02,none,AoS,enabled,6126953125,580078125,648437500,707031250,955078125,625000000,660156250,767578125,804687500,814453125,1268945311,1268945311,10
2026-02-22 12:16:00,429,pairwise,VerletListsCells,0.500000,vlc_sliced_c02,none,SoA,disabled,13187500000,3140625000,3076171875,3048828125,2919921875,2937500000,3083984375,3119140625,3162109375,3103515625,4077929687,4077929687,10
2026-02-22 12:16:01,439,pairwise,VerletListsCells,0.500000,vlc_sliced_c02,none,SoA,enabled,11203125000,2433593750,2486328125,2408203125,2468750000,2533203125,2417968750,2466796875,2431640625,2476562500,3332617187,3332617187,10
2026-02-22 12:16:01,449,pairwise,VerletListsCells,1.000000,vlc_c01,none,AoS,disabled,12644531250,2712890625,2923828125,2982421875,2804687500,2750000000,2738281250,2666015625,2824218750,2732421875,3777929687,3777929687,10
2026-02-22 12:16:02,459,pairwise,VerletListsCells,1.000000,vlc_c01,none,SoA,disabled,17837890625,4607421875,4541015625,4361328125,4552734375,4656250000,4525390625,4673828125,4539062500,4556640625,5885156249,5885156249,10
2026-02-22 12:16:02,469,pairwise,VerletListsCells,1.000000,vlc_c18,none,AoS,disabled,9095703125,3093750000,3189453125,3359375000,3300781250,3226562500,3312500000,3029296875,3021484375,3085937500,3771484374,3771484374,10
2026-02-22 12:16:03,479,pairwise,VerletListsCells,1.000000,vlc_c18,none,AoS,enabled,8509765625,3406250000,3224609375,3095703125,3017578125,3177734375,3166015625,3201171875,3445312500,3238281250,3748242186,3748242186,10
2026-02-22 12:16:04,489,pairwise,VerletListsCells,1.000000,vlc_c18,none,SoA,disabled,15224609375,5029296875,4894531250,4919921875,4986328125,4937500000,4949218750,4957031250,4939453125,4892578125,5973046874,5973046874,10
2026-02-22 12:16:04,499,pairwise,VerletListsCells,1.000000,vlc_c18,none,SoA,enabled,13865234375,4673828125,4865234375,4748046875,4878906250,4751953125,4761718750,4753906250,4833984375,4763671875,5689648437,5689648437,10
2026-02-22 12:16:05,509,pairwise,VerletListsCells,1.000000,vlc_c08,none,AoS,disabled,6949218750,3074218750,2970703125,2830078125,3068359375,2734375000,3058593750,3000000000,2839843750,3037109375,3356250000,3356250000,10
2026-02-22 12:16:06,519,pairwise,VerletListsCells,1.000000,vlc_c08,none,AoS,enabled,6861328125,2892578125,3013671875,3001953125,2906250000,2988281250,2925781250,2898437500,2974609375,2937500000,3340039062,3340039062,10
2026-02-22 12:16:06,529,pairwise,VerletListsCells,1.000000,vlc_c08,none,SoA,disabled,12933593750,4630859375,4572265625,4613281250,4603515625,4652343750,4580078125,4640625000,4621093750,4630859375,5447851562,5447851562,10
2026-02-22 12:16:07,539,pairwise,VerletListsCells,1.000000,vlc_c08,none,SoA,enabled,11933593750,4574218750,4910156250,4880859375,4666015625,4623046875,4603515625,4619140625,4876953125,4681640625,5436914061,5436914061,10
2026-02-22 12:16:07,549,pairwise,VerletListsCells,1.000000,vlc_sliced,none,AoS,disabled,6812500000,1240234375,1218750000,1154296875,960937500,1046875000,1234375000,1210937500,1169921875,1152343750,1720117187,1720117187,10
2026-02-22 12:16:08,559,pairwise,VerletListsCells,1.000000,vlc_sliced,none,AoS,enabled,6156250000,591796875,541015625,667968750,638671875,613281250,482421875,603515625,488281250,578125000,1136132811,1136132811,10
2026-02-22 12:16:08,569,pairwise,VerletListsCells,1.000000,vlc_sliced,none,SoA,disabled,13085937500,2535156250,2789062500,2851562500,2625000000,2751953125,2785156250,2640625000,2882812500,2626953125,3757421874,3757421874,10
2026-02-22 12:16:09,579,pairwise,VerletListsCells,1.000000,vlc_sliced,none,SoA,enabled,11037109375,2136718750,2369140625,2337890625,2185546875,2138671875,2125000000,2201171875,2142578125,2337890625,3101171874,3101171874,10
2026-02-22 12:16:09,589,pairwise,VerletListsCells,1.000000,vlc_sliced_c02,none,AoS,disabled,7242187500,1458984375,1367187500,1408203125,1587890625,1478515625,1400390625,1519531250,1414062500,1310546875,2018749999,2018749999,10
2026-02-22 12:16:10,599,pairwise,VerletListsCells,1.000000,vlc_sliced_c02,none,AoS,enabled,6076171875,900390625,611328125,750000000,775390625,833984375,746093750,732421875,673828125,693359375,1279296874,1279296874,10
2026-02-22 12:16:11,609,pairwise,VerletListsCells,1.000000,vlc_sliced_c02,none,SoA,disabled,13224609375,2929687500,3048828125,3150390625,3099609375,2957031250,2945312500,3130859375,3134765625,3050781250,4067187499,4067187499,10
2026-02-22 12:16:11,619,pairwise,VerletListsCells,1.000000,vlc_sliced_c02,none,SoA,enabled,11201171875,2296875000,2437500000,2324218750,2369140625,2300781250,2306640625,2451171875,2353515625,2435546875,3247656249,3247656249,10
2026-02-22 12:16:12,629,pairwise,PairwiseVerletLists,0.500000,vlp_c01,none,AoS,disabled,22302734375,3103515625,3162109375,2941406250,2996093750,2873046875,3087890625,3121093750,3105468750,3138671875,4983203124,4983203124,10
2026-02-22 12:16:12,639,pairwise,PairwiseVerletLists,0.500000,vlp_c01,none,SoA,disabled,38685546875,4923828125,5035156250,5070312500,5015625000,5156250000,4960937500,5048828125,5023437500,5125000000,8404492187,8404492187,10
2026-02-22 12:16:13,649,pairwise,PairwiseVerletLists,0.500000,vlp_c18,none,AoS,disabled,12611328125,3363281250,3464843750,3259765625,3441406250,3457031250,3533203125,3326171875,3191406250,3179687500,4282812500,4282812500,10
2026-02-22 12:16:14,659,pairwise,PairwiseVerletLists,0.500000,vlp_c18,none,AoS,enabled,12218750000,3373046875,3443359375,3406250000,3408203125,3386718750,3447265625,3375000000,3416015625,3371093750,4284570311,4284570311,10
2026-02-22 12:16:14,669,pairwise,PairwiseVerletLists,0.500000,vlp_c18,none,SoA,disabled,33873046875,5216796875,5328125000,5132812500,5410156250,5351562500,5265625000,5355468750,5339843750,5294921875,8156835936,8156835936,10
2026-02-22 12:16:15,679,pairwise,PairwiseVerletLists,0.500000,vlp_c18,none,SoA,enabled,31292968750,5277343750,5363281250,5144531250,5339843750,5269531250,5250000000,5199218750,5031250000,5148437500,7831640624,7831640624,10
2026-02-22 12:16:16,689,pairwise,PairwiseVerletLists,0.500000,vlp_sliced,none,AoS,disabled,11214843750,1630859375,1705078125,1626953125,1634765625,1644531250,1613281250,1787109375,1648437500,1634765625,2614062499,2614062499,10
2026-02-22 12:16:16,699,pairwise,PairwiseVerletLists,0.500000,vlp_sliced,none,AoS,enabled,9929687500,1115234375,1250000000,960937500,1007812500,1187500000,978515625,1128906250,1021484375,925781250,1950585937,1950585937,10
2026-02-22 12:16:17,709,pairwise,PairwiseVerletLists,0.500000,vlp_sliced,none,SoA,disabled,31763671875,3689453125,3628906250,3708984375,3662109375,3578125000,3613281250,3779296875,3671875000,3851562500,6494726562,6494726562,10
2026-02-22 12:16:18,719,pairwise,PairwiseVerletLists,0.500000,vlp_sliced,none,SoA,enabled,29332031250,3189453125,3050781250,3109375000,3316406250,3197265625,3007812500,3238281250,3148437500,3201171875,5779101562,5779101562,10
2026-02-22 12:16:18,729,pairwise,PairwiseVerletLists,0.500000,vlp_sliced_c02,none,AoS,disabled,11531250000,2097656250,1929687500,1917968750,2023437500,1966796875,1953125000,1914062500,1947265625,2169921875,2945117187,2945117187,10
2026-02-22 12:16:19,739,pairwise,PairwiseVerletLists,0.500000,vlp_sliced_c02,none,AoS,enabled,10378906250,1306640625,1371093750,1333984375,1230468750,1351562500,1273437500,1349609375,1324218750,1310546875,2223046874,2223046874,10
2026-02-22 12:16:19,749,pairwise,PairwiseVerletLists,0.500000,vlp_sliced_c02,none,SoA,disabled,32158203125,3992187500,3982421875,4099609375,4230468750,3958984375,3978515625,3986328125,4117187500,4136718750,6864062499,6864062499,10
2026-02-22 12:16:20,759,pairwise,PairwiseVerletLists,0.500000,vlp_sliced_c02,none,SoA,enabled,29613281250,3306640625,3275390625,3373046875,3398437500,3474609375,3136718750,3457031250,3125000000,3349609375,5950976562,5950976562,10
2026-02-22 12:16:21,769,pairwise,PairwiseVerletLists,1.000000,vlp_c01,none,AoS,disabled,15087890625,3119140625,3099609375,3220703125,3167968750,3117187500,3031250000,3154296875,3167968750,3128906250,4329492187,4329492187,10
2026-02-22 12:16:21,779,pairwise,PairwiseVerletLists,1.000000,vlp_c01,none,SoA,disabled,28373046875,5082031250,5025390625,4970703125,4914062500,5031250000,4798828125,4917968750,5048828125,4902343750,7306445312,7306445312,10
2026-02-22 12:16:22,789,pairwise,PairwiseVerletLists,1.000000,vlp_c18,none,AoS,disabled,12644531250,3490234375,3404296875,3425781250,3271484375,3324218750,3378906250,3470703125,3382812500,3626953125,4341992187,4341992187,10
2026-02-22 12:16:22,799,pairwise,PairwiseVerletLists,1.000000,vlp_c18,none,AoS,enabled,12371093750,3425781250,3421875000,3439453125,3458984375,3392578125,3437500000,3425781250,3273437500,3400390625,4304687499,4304687499,10
2026-02-22 12:16:23,809,pairwise,PairwiseVerletLists,1.000000,vlp_c18,none,SoA,disabled,33757812500,5251953125,5277343750,5324218750,5310546875,5283203125,5314453125,5277343750,5322265625,5226562500,8134570311,8134570311,10
2026-02-22 12:16:24,819,pairwise,PairwiseVerletLists,1.000000,vlp_c18,none,SoA,enabled,30974609375,5246093750,5292968750,5285156250,5281250000,5396484375,5259765625,5205078125,5226562500,5283203125,7845117187,7845117187,10
2026-02-22 12:16:24,829,pairwise,PairwiseVerletLists,1.000000,vlp_sliced,none,AoS,disabled,11203125000,1683593750,1666015625,1640625000,1601562500,1628906250,1605468750,1621093750,1601562500,1689453125,2594140624,2594140624,10
2026-02-22 12:16:25,839,pairwise,PairwiseVerletLists,1.000000,vlp_sliced,none,AoS,enabled,9906250000,1267578125,1146484375,1154296875,1009765625,1041015625,1298828125,1183593750,1066406250,1025390625,2009960937,2009960937,10
2026-02-22 12:16:26,849,pairwise,PairwiseVerletLists,1.000000,vlp_sliced,none,SoA,disabled,31699218750,3564453125,3439453125,3722656250,3539062500,3792968750,3769531250,3464843750,3523437500,3716796875,6423242187,6423242187,10
2026-02-22 12:16:26,859,pairwise,PairwiseVerletLists,1.000000,vlp_sliced,none,SoA,enabled,29191406250,3093750000,3087890625,2949218750,3169921875,3269531250,3166015625,3195312500,3117187500,3164062500,5740429687,5740429687,10
2026-02-22 12:16:27,869,pairwise,PairwiseVerletLists,1.000000,vlp_sliced_c02,none,AoS,disabled,11566406250,2048828125,2001953125,1775390625,1798828125,1984375000,1785156250,2068359375,1828125000,1917968750,2877539062,2877539062,10
2026-02-22 12:16:27,879,pairwise,PairwiseVerletLists,1.000000,vlp_sliced_c02,none,AoS,enabled,10134765625,1287109375,1312500000,1310546875,1324218750,1302734375,1105468750,1402343750,1199218750,1322265625,2170117187,2170117187,10
2026-02-22 12:16:28,889,pairwise,PairwiseVerletLists,1.000000,vlp_sliced_c02,none,SoA,disabled,32167968750,4113281250,3826171875,4083984375,4152343750,3974609375,3910156250,3865234375,4101562500,3988281250,6818359374,6818359374,10
2026-02-22 12:16:29,899,pairwise,PairwiseVerletLists,1.000000,vlp_sliced_c02,none,SoA,enabled,29140625000,3435546875,3505859375,3328125000,3457031250,3310546875,3341796875,3484375000,3220703125,3437500000,5966210936,5966210936,10
2026-02-22 12:23:56,10009,pairwise,LinkedCells,0.500000,lc_c08,none,AoS,disabled,26906250000,26781250000,26687500000,26656250000,26890625000,26796875000,26484375000,26656250000,26921875000,26828125000,26760937499,26760937499,10
2026-02-22 12:24:01,10019,pairwise,LinkedCells,0.500000,lc_c08,none,AoS,enabled,26781250000,26640625000,26750000000,26875000000,26703125000,26734375000,26703125000,26687500000,26890625000,26546875000,26731249999,26731249999,10
2026-02-22 12:24:06,10029,pairwise,LinkedCells,0.500000,lc_c08,none,SoA,disabled,45343750000,44953125000,44609375000,44890625000,44953125000,44796875000,44890625000,44796875000,44921875000,44921875000,44907812500,44907812500,10
2026-02-22 12:24:11,10039,pairwise,LinkedCells,0.500000,lc_c08,none,SoA,enabled,44796875000,44546875000,44703125000,44578125000,44734375000,44609375000,44765625000,44734375000,44609375000,44890625000,44696874999,44696874999,10
2026-02-22 12:24:15,10049,pairwise,LinkedCells,0.500000,lc_c18,none,AoS,disabled,25656250000,25671875000,25890625000,25625000000,25828125000,25640625000,25687500000,25734375000,25671875000,25656250000,25706249999,25706249999,10
2026-02-22 12:24:20,10059,pairwise,LinkedCells,0.500000,lc_c18,none,AoS,enabled,25656250000,25703125000,25687500000,25718750000,25765625000,25578125000,25640625000,25796875000,25703125000,25609375000,25685937499,25685937499,10
2026-02-22 12:24:24,10069,pairwise,LinkedCells,0.500000,lc_c18,none,SoA,disabled,33609375000,33500000000,33890625000,33562500000,33484375000,33625000000,33562500000,33625000000,33421875000,33515625000,33579687499,33579687499,10
2026-02-22 12:24:29,10079,pairwise,LinkedCells,0.500000,lc_c18,none,SoA,enabled,33562500000,33765625000,33687500000,33781250000,33687500000,33515625000,33562500000,33718750000,33640625000,33531250000,33645312499,33645312499,10
2026-02-22 12:24:30,10089,pairwise,LinkedCells,1.000000,lc_c04,none,AoS,disabled,1875000000,1796875000,1593750000,1781250000,1625000000,1859375000,1671875000,1734375000,1906250000,1718750000,1756249999,1756249999,10
2026-02-22 12:24:30,10099,pairwise,LinkedCells,1.000000,lc_c04,none,AoS,enabled,1453125000,1281250000,1312500000,1500000000,1296875000,1343750000,1593750000,1328125000,1484375000,1343750000,1393749999,1393749999,10
2026-02-22 12:24:31,10109,pairwise,LinkedCells,1.000000,lc_c04,none,SoA,disabled,2031250000,2000000000,1984375000,2062500000,1906250000,2015625000,1875000000,1906250000,1937500000,2062500000,1978124999,1978124999,10
2026-02-22 12:24:31,10119,pairwise,LinkedCells,1.000000,lc_c04,none,SoA,enabled,1625000000,1750000000,1312500000,1656250000,1718750000,1812500000,1750000000,1750000000,1546875000,1437500000,1635937499,1635937499,10
2026-02-22 12:24:32,10129,pairwise,LinkedCells,1.000000,lc_c04_combined_SoA,none,SoA,disabled,2343750000,1921875000,2328125000,2281250000,2078125000,2203125000,2046875000,2359375000,1718750000,2187500000,2146875000,2146875000,10
2026-02-22 12:24:32,10139,pairwise,LinkedCells,1.000000,lc_c04_combined_SoA,none,SoA,enabled,2312500000,2281250000,1406250000,2265625000,2265625000,2328125000,1765625000,1718750000,2062500000,2343750000,2074999999,2074999999,10
2026-02-22 12:24:33,10149,pairwise,LinkedCells,1.000000,lc_c08,none,AoS,disabled,3359375000,3093750000,3281250000,3109375000,3296875000,3140625000,3093750000,3109375000,3312500000,3093750000,3189062499,3189062499,10
2026-02-22 12:24:34,10159,pairwise,LinkedCells,1.000000,lc_c08,none,AoS,enabled,3093750000,3281250000,3156250000,3015625000,3015625000,2984375000,3093750000,3125000000,3140625000,2968750000,3087499999,3087499999,10
2026-02-22 12:24:34,10169,pairwise,LinkedCells,1.000000,lc_c08,none,SoA,disabled,4390625000,4046875000,4109375000,3984375000,4265625000,4203125000,4140625000,4140625000,4218750000,4359375000,4185937499,4185937499,10
2026-02-22 12:24:35,10179,pairwise,LinkedCells,1.000000,lc_c08,none,SoA,enabled,4156250000,4140625000,4312500000,4171875000,3968750000,4046875000,4218750000,4156250000,4046875000,4140625000,4135937499,4135937499,10
2026-02-22 12:24:35,10189,pairwise,LinkedCells,1.000000,lc_c18,none,AoS,disabled,3156250000,3078125000,3031250000,3062500000,3078125000,3078125000,3265625000,3187500000,3375000000,3171875000,3148437499,3148437499,10
2026-02-22 12:24:36,10199,pairwise,LinkedCells,1.000000,lc_c18,none,AoS,enabled,3062500000,3078125000,3062500000,3234375000,3203125000,3265625000,3062500000,3406250000,3171875000,3093750000,3164062499,3164062499,10
2026-02-22 12:24:36,10209,pairwise,LinkedCells,1.000000,lc_c18,none,SoA,disabled,3968750000,3796875000,3859375000,3937500000,3750000000,3890625000,4000000000,4031250000,4000000000,3859375000,3909374999,3909374999,10
2026-02-22 12:24:37,10219,pairwise,LinkedCells,1.000000,lc_c18,none,SoA,enabled,3750000000,4078125000,3640625000,4062500000,3843750000,3828125000,3921875000,4078125000,4062500000,3984375000,3924999999,3924999999,10
2026-02-22 12:24:38,10229,pairwise,VerletLists,0.500000,vl_list_iteration,none,AoS,disabled,5656250000,265625000,296875000,296875000,265625000,140625000,234375000,140625000,140625000,140625000,757812499,757812499,10
2026-02-22 12:24:38,10239,pairwise,VerletLists,0.500000,vl_list_iteration,none,SoA,disabled,9406250000,1468750000,1671875000,1531250000,1500000000,1828125000,1843750000,1531250000,1515625000,1531250000,2382812499,2382812499,10
2026-02-22 12:24:39,10249,pairwise,VerletLists,1.000000,vl_list_iteration,none,AoS,disabled,5781250000,296875000,156250000,296875000,359375000,0,140625000,312500000,281250000,187500000,781249999,781249999,10
2026-02-22 12:24:39,10259,pairwise,VerletLists,1.000000,vl_list_iteration,none,SoA,disabled,9281250000,1796875000,1578125000,1546875000,1515625000,1703125000,1484375000,1625000000,1406250000,1781250000,2371874999,2371874999,10
2026-02-22 12:24:40,10269,pairwise,VerletListsCells,0.500000,vlc_c01,none,AoS,disabled,12578125000,2796875000,2843750000,3078125000,2750000000,2890625000,2781250000,2906250000,2765625000,2875000000,3826562499,3826562499,10
2026-02-22 12:24:40,10279,pairwise,VerletListsCells,0.500000,vlc_c01,none,SoA,disabled,17109375000,4421875000,4531250000,4609375000,4296875000,4531250000,4562500000,4515625000,4578125000,4609375000,5776562499,5776562499,10
2026-02-22 12:24:41,10289,pairwise,VerletListsCells,0.500000,vlc_c18,none,AoS,disabled,8890625000,3046875000,3062500000,3390625000,3203125000,3109375000,3234375000,3390625000,3375000000,3171875000,3787499999,3787499999,10
2026-02-22 12:24:41,10299,pairwise,VerletListsCells,0.500000,vlc_c18,none,AoS,enabled,8468750000,3281250000,3062500000,3171875000,3281250000,3312500000,3187500000,3031250000,3140625000,3312500000,3724999999,3724999999,10
2026-02-22 12:24:42,10309,pairwise,VerletListsCells,0.500000,vlc_c18,none,SoA,disabled,15500000000,5093750000,4812500000,4890625000,4937500000,4890625000,4921875000,4968750000,4921875000,4875000000,5981249999,5981249999,10
2026-02-22 12:24:43,10319,pairwise,VerletListsCells,0.500000,vlc_c18,none,SoA,enabled,13906250000,4984375000,4890625000,4781250000,4859375000,4859375000,4875000000,4859375000,4875000000,4875000000,5776562499,5776562499,10
2026-02-22 12:24:43,10329,pairwise,VerletListsCells,0.500000,vlc_c08,none,AoS,disabled,7078125000,3046875000,3046875000,3046875000,3093750000,3109375000,2937500000,3046875000,3078125000,3078125000,3456249999,3456249999,10
2026-02-22 12:24:44,10339,pairwise,VerletListsCells,0.500000,vlc_c08,none,AoS,enabled,6968750000,3093750000,3046875000,3015625000,3093750000,3000000000,2937500000,3062500000,2968750000,3031250000,3421874999,3421874999,10
2026-02-22 12:24:45,10349,pairwise,VerletListsCells,0.500000,vlc_c08,none,SoA,disabled,13046875000,4546875000,4703125000,4640625000,4546875000,4734375000,4593750000,4703125000,4859375000,4578125000,5495312500,5495312500,10
2026-02-22 12:24:45,10359,pairwise,VerletListsCells,0.500000,vlc_c08,none,SoA,enabled,12140625000,4843750000,4703125000,4546875000,4593750000,4718750000,4843750000,4671875000,4562500000,4562500000,5418750000,5418750000,10
2026-02-22 12:24:46,10369,pairwise,VerletListsCells,0.500000,vlc_sliced,none,AoS,disabled,7015625000,1296875000,1062500000,1171875000,1125000000,1015625000,1296875000,1234375000,1234375000,1125000000,1757812499,1757812499,10
2026-02-22 12:24:46,10379,pairwise,VerletListsCells,0.500000,vlc_sliced,none,AoS,enabled,5890625000,671875000,640625000,625000000,625000000,562500000,578125000,578125000,578125000,750000000,1149999999,1149999999,10
2026-02-22 12:24:47,10389,pairwise,VerletListsCells,0.500000,vlc_sliced,none,SoA,disabled,13218750000,2796875000,2656250000,2656250000,2656250000,2781250000,2500000000,2796875000,2578125000,2796875000,3743749999,3743749999,10
2026-02-22 12:24:47,10399,pairwise,VerletListsCells,0.500000,vlc_sliced,none,SoA,enabled,11218750000,2234375000,2218750000,2156250000,2125000000,2093750000,2312500000,2281250000,2140625000,2453125000,3123437499,3123437499,10
2026-02-22 12:24:48,10409,pairwise,VerletListsCells,0.500000,vlc_sliced_c02,none,AoS,disabled,6984375000,1562500000,1546875000,1562500000,1593750000,1500000000,1671875000,1515625000,1546875000,1359375000,2084374999,2084374999,10
2026-02-22 12:24:48,10419,pairwise,VerletListsCells,0.500000,vlc_sliced_c02,none,AoS,enabled,6265625000,671875000,718750000,734375000,921875000,687500000,812500000,640625000,843750000,796875000,1309374999,1309374999,10
2026-02-22 12:24:49,10429,pairwise,VerletListsCells,0.500000,vlc_sliced_c02,none,SoA,disabled,13609375000,2968750000,3109375000,2875000000,2875000000,2921875000,3062500000,2968750000,2875000000,3140625000,4040624999,4040624999,10
2026-02-22 12:24:50,10439,pairwise,VerletListsCells,0.500000,vlc_sliced_c02,none,SoA,enabled,11343750000,2171875000,2484375000,2234375000,2437500000,2265625000,2437500000,2468750000,2328125000,2171875000,3234374999,3234374999,10
2026-02-22 12:24:50,10449,pairwise,VerletListsCells,1.000000,vlc_c01,none,AoS,disabled,12500000000,2875000000,3046875000,2781250000,2906250000,3000000000,2687500000,3031250000,2781250000,2765625000,3837500000,3837500000,10
2026-02-22 12:24:51,10459,pairwise,VerletListsCells,1.000000,vlc_c01,none,SoA,disabled,17406250000,4640625000,4625000000,4453125000,4468750000,4421875000,4562500000,4578125000,4609375000,4250000000,5801562499,5801562499,10
2026-02-22 12:24:51,10469,pairwise,VerletListsCells,1.000000,vlc_c18,none,AoS,disabled,8875000000,3062500000,3265625000,3140625000,3218750000,3203125000,3062500000,3359375000,3140625000,3250000000,3757812499,3757812499,10
2026-02-22 12:24:52,10479,pairwise,VerletListsCells,1.000000,vlc_c18,none,AoS,enabled,8671875000,3109375000,3203125000,3453125000,3031250000,3328125000,3234375000,3218750000,3343750000,3234375000,3782812499,3782812499,10
2026-02-22 12:24:53,10489,pairwise,VerletListsCells,1.000000,vlc_c18,none,SoA,disabled,15500000000,4921875000,4859375000,4968750000,4890625000,4859375000,4859375000,5015625000,4890625000,4906250000,5967187499,5967187499,10
2026-02-22 12:24:53,10499,pairwise,VerletListsCells,1.000000,vlc_c18,none,SoA,enabled,13890625000,4875000000,5000000000,4859375000,4890625000,4890625000,4859375000,4843750000,4890625000,4921875000,5792187499,5792187499,10
2026-02-22 12:24:54,10509,pairwise,VerletListsCells,1.000000,vlc_c08,none,AoS,disabled,7109375000,3015625000,3031250000,2953125000,2875000000,3031250000,3015625000,3125000000,2859375000,3046875000,3406249999,3406249999,10
2026-02-22 12:24:54,10519,pairwise,VerletListsCells,1.000000,vlc_c08,none,AoS,enabled,6953125000,3062500000,2968750000,3031250000,3078125000,2843750000,3031250000,3031250000,3046875000,2921875000,3396874999,3396874999,10
2026-02-22 12:24:55,10529,pairwise,VerletListsCells,1.000000,vlc_c08,none,SoA,disabled,13218750000,4671875000,4796875000,4734375000,4781250000,4843750000,4718750000,4875000000,4734375000,4875000000,5625000000,5625000000,10
2026-02-22 12:24:56,10539,pairwise,VerletListsCells,1.000000,vlc_c08,none,SoA,enabled,12484375000,4703125000,4718750000,4687500000,4765625000,4656250000,4718750000,4750000000,4734375000,4640625000,5485937499,5485937499,10
2026-02-22 12:24:56,10549,pairwise,VerletListsCells,1.000000,vlc_sliced,none,AoS,disabled,6859375000,1296875000,1218750000,1187500000,1187500000,1421875000,1187500000,1390625000,1234375000,1203125000,1818749999,1818749999,10
2026-02-22 12:24:57,10559,pairwise,VerletListsCells,1.000000,vlc_sliced,none,AoS,enabled,6109375000,609375000,625000000,765625000,687500000,671875000,625000000,578125000,640625000,593750000,1190624999,1190624999,10
2026-02-22 12:24:57,10569,pairwise,VerletListsCells,1.000000,vlc_sliced,none,SoA,disabled,13437500000,2671875000,2703125000,2593750000,2671875000,2656250000,2656250000,2562500000,2609375000,2703125000,3726562499,3726562499,10
2026-02-22 12:24:58,10579,pairwise,VerletListsCells,1.000000,vlc_sliced,none,SoA,enabled,11187500000,2125000000,2156250000,2171875000,2093750000,2078125000,2156250000,2171875000,2312500000,2109375000,3056249999,3056249999,10
2026-02-22 12:24:58,10589,pairwise,VerletListsCells,1.000000,vlc_sliced_c02,none,AoS,disabled,7281250000,1421875000,1406250000,1453125000,1546875000,1484375000,1453125000,1421875000,1468750000,1562500000,2050000000,2050000000,10
2026-02-22 12:24:59,10599,pairwise,VerletListsCells,1.000000,vlc_sliced_c02,none,AoS,enabled,6281250000,593750000,890625000,796875000,593750000,734375000,609375000,640625000,843750000,750000000,1273437499,1273437499,10
2026-02-22 12:24:59,10609,pairwise,VerletListsCells,1.000000,vlc_sliced_c02,none,SoA,disabled,13468750000,2906250000,2921875000,2875000000,2921875000,3015625000,2953125000,3000000000,2937500000,2859375000,3985937499,3985937499,10
2026-02-22 12:25:00,10619,pairwise,VerletListsCells,1.000000,vlc_sliced_c02,none,SoA,enabled,11187500000,2250000000,2312500000,2265625000,2265625000,2265625000,2296875000,2437500000,2359375000,2406250000,3204687499,3204687499,10
2026-02-22 12:25:01,10629,pairwise,PairwiseVerletLists,0.500000,vlp_c01,none,AoS,disabled,14890625000,2984375000,3093750000,3093750000,2984375000,3109375000,2984375000,2953125000,3109375000,3046875000,4224999999,4224999999,10
2026-02-22 12:25:01,10639,pairwise,PairwiseVerletLists,0.500000,vlp_c01,none,SoA,disabled,29968750000,4859375000,4953125000,4875000000,4781250000,4937500000,4843750000,4843750000,4921875000,4859375000,7384375000,7384375000,10
2026-02-22 12:25:02,10649,pairwise,PairwiseVerletLists,0.500000,vlp_c18,none,AoS,disabled,12578125000,3421875000,3593750000,3609375000,3468750000,3343750000,3562500000,3437500000,3406250000,3312500000,4373437499,4373437499,10
2026-02-22 12:25:03,10659,pairwise,PairwiseVerletLists,0.500000,vlp_c18,none,AoS,enabled,12343750000,3437500000,3390625000,3437500000,3468750000,3453125000,3218750000,3312500000,3375000000,3406250000,4284374999,4284374999,10
2026-02-22 12:25:03,10669,pairwise,PairwiseVerletLists,0.500000,vlp_c18,none,SoA,disabled,34421875000,5250000000,5281250000,5359375000,5359375000,5281250000,5203125000,5375000000,5156250000,5343750000,8203124999,8203124999,10
2026-02-22 12:25:04,10679,pairwise,PairwiseVerletLists,0.500000,vlp_c18,none,SoA,enabled,31546875000,5250000000,5265625000,5281250000,5218750000,5312500000,5265625000,5312500000,5296875000,5281250000,7903124999,7903124999,10
2026-02-22 12:25:05,10689,pairwise,PairwiseVerletLists,0.500000,vlp_sliced,none,AoS,disabled,11375000000,1781250000,1656250000,1734375000,1796875000,1609375000,1625000000,1765625000,1843750000,1875000000,2706249999,2706249999,10
2026-02-22 12:25:05,10699,pairwise,PairwiseVerletLists,0.500000,vlp_sliced,none,AoS,enabled,10031250000,1015625000,1078125000,1031250000,953125000,1156250000,1156250000,1015625000,984375000,1312500000,1973437500,1973437500,10
2026-02-22 12:25:06,10709,pairwise,PairwiseVerletLists,0.500000,vlp_sliced,none,SoA,disabled,32562500000,3796875000,3468750000,3531250000,3531250000,3812500000,3500000000,3765625000,3531250000,3546875000,6504687500,6504687500,10
2026-02-22 12:25:06,10719,pairwise,PairwiseVerletLists,0.500000,vlp_sliced,none,SoA,enabled,29828125000,3156250000,3343750000,3156250000,3187500000,2921875000,3031250000,3125000000,3140625000,3171875000,5806249999,5806249999,10
2026-02-22 12:25:07,10729,pairwise,PairwiseVerletLists,0.500000,vlp_sliced_c02,none,AoS,disabled,11437500000,2156250000,1906250000,2000000000,2250000000,2031250000,2000000000,2062500000,2109375000,2062500000,3001562499,3001562499,10
2026-02-22 12:25:07,10739,pairwise,PairwiseVerletLists,0.500000,vlp_sliced_c02,none,AoS,enabled,10234375000,1250000000,1343750000,1343750000,1359375000,1390625000,1296875000,1312500000,1343750000,1296875000,2217187499,2217187499,10
2026-02-22 12:25:08,10749,pairwise,PairwiseVerletLists,0.500000,vlp_sliced_c02,none,SoA,disabled,33140625000,3796875000,4140625000,4156250000,4062500000,3968750000,4093750000,4156250000,3828125000,4109375000,6945312499,6945312499,10
2026-02-22 12:25:09,10759,pairwise,PairwiseVerletLists,0.500000,vlp_sliced_c02,none,SoA,enabled,29984375000,3265625000,3375000000,3515625000,3406250000,3453125000,3468750000,3250000000,3468750000,3500000000,6068749999,6068749999,10
2026-02-22 12:25:09,10769,pairwise,PairwiseVerletLists,1.000000,vlp_c01,none,AoS,disabled,14703125000,3078125000,3109375000,3140625000,3093750000,3171875000,3078125000,3281250000,3109375000,3093750000,4285937499,4285937499,10
2026-02-22 12:25:10,10779,pairwise,PairwiseVerletLists,1.000000,vlp_c01,none,SoA,disabled,28718750000,4781250000,4875000000,4687500000,4781250000,4718750000,4671875000,4718750000,4812500000,4812500000,7157812499,7157812499,10
2026-02-22 12:25:11,10789,pairwise,PairwiseVerletLists,1.000000,vlp_c18,none,AoS,disabled,12812500000,3515625000,3453125000,3421875000,3296875000,3359375000,3453125000,3468750000,3453125000,3500000000,4373437499,4373437499,10
2026-02-22 12:25:11,10799,pairwise,PairwiseVerletLists,1.000000,vlp_c18,none,AoS,enabled,12078125000,3453125000,3437500000,3390625000,3359375000,3468750000,3359375000,3406250000,3437500000,3265625000,4265624999,4265624999,10
2026-02-22 12:25:12,10809,pairwise,PairwiseVerletLists,1.000000,vlp_c18,none,SoA,disabled,34906250000,5250000000,5593750000,5296875000,5296875000,5234375000,5343750000,5281250000,5296875000,5296875000,8279687499,8279687499,10
2026-02-22 12:25:13,10819,pairwise,PairwiseVerletLists,1.000000,vlp_c18,none,SoA,enabled,32062500000,5281250000,5156250000,5234375000,5265625000,5343750000,5250000000,5218750000,5203125000,5296875000,7931250000,7931250000,10
2026-02-22 12:25:13,10829,pairwise,PairwiseVerletLists,1.000000,vlp_sliced,none,AoS,disabled,11093750000,1921875000,1843750000,1796875000,1656250000,1796875000,1828125000,1781250000,1906250000,1843750000,2746874999,2746874999,10
2026-02-22 12:25:14,10839,pairwise,PairwiseVerletLists,1.000000,vlp_sliced,none,AoS,enabled,10093750000,1296875000,1000000000,1171875000,1109375000,1171875000,1109375000,1015625000,1140625000,1078125000,2018749999,2018749999,10
2026-02-22 12:25:15,10849,pairwise,PairwiseVerletLists,1.000000,vlp_sliced,none,SoA,disabled,32281250000,3671875000,3593750000,3531250000,3625000000,3640625000,3640625000,3609375000,3687500000,3718750000,6499999999,6499999999,10
2026-02-22 12:25:15,10859,pairwise,PairwiseVerletLists,1.000000,vlp_sliced,none,SoA,enabled,29656250000,3125000000,3015625000,3046875000,3015625000,3187500000,3171875000,3171875000,3187500000,3234375000,5781249999,5781249999,10
2026-02-22 12:25:16,10869,pairwise,PairwiseVerletLists,1.000000,vlp_sliced_c02,none,AoS,disabled,11453125000,2000000000,2156250000,2109375000,2015625000,2062500000,2031250000,2093750000,2031250000,2078125000,3003124999,3003124999,10
2026-02-22 12:25:16,10879,pairwise,PairwiseVerletLists,1.000000,vlp_sliced_c02,none,AoS,enabled,10203125000,1296875000,1171875000,1406250000,1406250000,1484375000,1390625000,1453125000,1359375000,1390625000,2256249999,2256249999,10
2026-02-22 12:25:17,10889,pairwise,PairwiseVerletLists,1.000000,vlp_sliced_c02,none,SoA,disabled,32640625000,4015625000,4000000000,4015625000,3812500000,3968750000,4015625000,4000000000,3984375000,4000000000,6845312499,6845312499,10
2026-02-22 12:25:18,10899,pairwise,PairwiseVerletLists,1.000000,vlp_sliced_c02,none,SoA,enabled,29937500000,3406250000,3390625000,3515625000,3265625000,3359375000,3546875000,3343750000,3312500000,3453125000,6053124999,6053124999,10
2026-02-22 12:32:44,20009,pairwise,LinkedCells,0.500000,lc_c08,none,AoS,disabled,27250000000,26843750000,26750000000,26781250000,27000000000,26843750000,26750000000,26875000000,26781250000,27031250000,26890624999,26890624999,10
2026-02-22 12:32:48,20019,pairwise,LinkedCells,0.500000,lc_c08,none,AoS,enabled,26781250000,26656250000,26781250000,26593750000,26875000000,26843750000,26843750000,26687500000,26812500000,26843750000,26771874999,26771874999,10
2026-02-22 12:32:53,20029,pairwise,LinkedCells,0.500000,lc_c08,none,SoA,disabled,45562500000,45000000000,45156250000,45125000000,45281250000,45031250000,45281250000,45250000000,45031250000,45281250000,45199999999,45199999999,10
2026-02-22 12:32:58,20039,pairwise,LinkedCells,0.500000,lc_c08,none,SoA,enabled,45031250000,45125000000,44968750000,45281250000,44937500000,44906250000,45062500000,44843750000,44968750000,45218750000,45034374999,45034374999,10
2026-02-22 12:33:03,20049,pairwise,LinkedCells,0.500000,lc_c18,none,AoS,disabled,25906250000,25750000000,25593750000,25750000000,25593750000,25750000000,25562500000,25593750000,25625000000,25750000000,25687499999,25687499999,10
2026-02-22 12:33:08,20059,pairwise,LinkedCells,0.500000,lc_c18,none,AoS,enabled,25718750000,25718750000,26031250000,25937500000,25718750000,25781250000,25656250000,25750000000,25875000000,25781250000,25796874999,25796874999,10
2026-02-22 12:33:12,20069,pairwise,LinkedCells,0.500000,lc_c18,none,SoA,disabled,33656250000,33500000000,33656250000,33718750000,33812500000,33781250000,33593750000,33687500000,33906250000,33656250000,33696874999,33696874999,10
2026-02-22 12:33:17,20079,pairwise,LinkedCells,0.500000,lc_c18,none,SoA,enabled,33812500000,33656250000,33687500000,33656250000,33812500000,33937500000,33750000000,33625000000,33718750000,33875000000,33753124999,33753124999,10
2026-02-22 12:33:18,20089,pairwise,LinkedCells,1.000000,lc_c04,none,AoS,disabled,1000000000,1031250000,968750000,937500000,843750000,562500000,718750000,687500000,937500000,968750000,865624999,865624999,10
2026-02-22 12:33:18,20099,pairwise,LinkedCells,1.000000,lc_c04,none,AoS,enabled,656250000,781250000,687500000,687500000,531250000,687500000,531250000,593750000,593750000,812500000,656250000,656250000,10
2026-02-22 12:33:19,20109,pairwise,LinkedCells,1.000000,lc_c04,none,SoA,disabled,1593750000,1375000000,1406250000,1406250000,1437500000,1437500000,1281250000,1781250000,1406250000,1531250000,1465624999,1465624999,10
2026-02-22 12:33:19,20119,pairwise,LinkedCells,1.000000,lc_c04,none,SoA,enabled,1687500000,1718750000,1093750000,1656250000,1687500000,1625000000,1593750000,1468750000,1281250000,1312500000,1512499999,1512499999,10
2026-02-22 12:33:20,20129,pairwise,LinkedCells,1.000000,lc_c04_combined_SoA,none,SoA,disabled,2250000000,2062500000,2218750000,2343750000,2406250000,2500000000,2218750000,2406250000,2031250000,2281250000,2271874999,2271874999,10
2026-02-22 12:33:20,20139,pairwise,LinkedCells,1.000000,lc_c04_combined_SoA,none,SoA,enabled,2000000000,2031250000,2187500000,2062500000,2000000000,1718750000,2125000000,2562500000,2500000000,2062500000,2124999999,2124999999,10
2026-02-22 12:33:21,20149,pairwise,LinkedCells,1.000000,lc_c08,none,AoS,disabled,3125000000,3156250000,3125000000,3093750000,3093750000,3156250000,3093750000,3125000000,3062500000,3093750000,3112499999,3112499999,10
2026-02-22 12:33:21,20159,pairwise,LinkedCells,1.000000,lc_c08,none,AoS,enabled,3218750000,3125000000,3093750000,3093750000,3093750000,3093750000,3187500000,2968750000,3156250000,3093750000,3112499999,3112499999,10
2026-02-22 12:33:22,20169,pairwise,LinkedCells,1.000000,lc_c08,none,SoA,disabled,4093750000,4031250000,4281250000,4312500000,4281250000,4156250000,4125000000,4062500000,4281250000,4250000000,4187499999,4187499999,10
2026-02-22 12:33:22,20179,pairwise,LinkedCells,1.000000,lc_c08,none,SoA,enabled,4156250000,4031250000,4093750000,4343750000,4281250000,4343750000,4156250000,4062500000,4062500000,4031250000,4156250000,4156250000,10
2026-02-22 12:33:23,20189,pairwise,LinkedCells,1.000000,lc_c18,none,AoS,disabled,3093750000,3031250000,3093750000,3125000000,3156250000,3187500000,3218750000,3031250000,3093750000,3093750000,3112499999,3112499999,10
2026-02-22 12:33:24,20199,pairwise,LinkedCells,1.000000,lc_c18,none,AoS,enabled,3218750000,3031250000,2875000000,3062500000,3250000000,3250000000,3156250000,3218750000,3031250000,3062500000,3115624999,3115624999,10
2026-02-22 12:33:24,20209,pairwise,LinkedCells,1.000000,lc_c18,none,SoA,disabled,4000000000,3906250000,3968750000,3937500000,4000000000,3812500000,4031250000,3843750000,4000000000,3968750000,3946874999,3946874999,10
2026-02-22 12:33:25,20219,pairwise,LinkedCells,1.000000,lc_c18,none,SoA,enabled,3906250000,3968750000,3812500000,3937500000,3843750000,3937500000,3968750000,3937500000,3843750000,3937500000,3909374999,3909374999,10
2026-02-22 12:33:25,20229,pairwise,VerletLists,0.500000,vl_list_iteration,none,AoS,disabled,5781250000,281250000,250000000,0,343750000,125000000,250000000,187500000,156250000,281250000,765624999,765624999,10
2026-02-22 12:33:26,20239,pairwise,VerletLists,0.500000,vl_list_iteration,none,SoA,disabled,8750000000,1531250000,1562500000,1468750000,1531250000,1562500000,1531250000,1500000000,1500000000,1656250000,2259374999,2259374999,10
2026-02-22 12:33:26,20249,pairwise,VerletLists,1.000000,vl_list_iteration,none,AoS,disabled,5843750000,250000000,156250000,250000000,156250000,156250000,312500000,156250000,312500000,187500000,778124999,778124999,10
2026-02-22 12:33:27,20259,pairwise,VerletLists,1.000000,vl_list_iteration,none,SoA,disabled,8843750000,1437500000,1625000000,1687500000,1500000000,1500000000,1500000000,1468750000,1625000000,1562500000,2274999999,2274999999,10
2026-02-22 12:33:27,20269,pairwise,VerletListsCells,0.500000,vlc_c01,none,AoS,disabled,12281250000,2718750000,2812500000,2843750000,2562500000,2875000000,2531250000,2656250000,2875000000,2812500000,3696874999,3696874999,10
2026-02-22 12:33:28,20279,pairwise,VerletListsCells,0.500000,vlc_c01,none,SoA,disabled,16718750000,4281250000,4562500000,4343750000,4562500000,4375000000,4531250000,4312500000,4343750000,4437500000,5646874999,5646874999,10
2026-02-22 12:33:29,20289,pairwise,VerletListsCells,0.500000,vlc_c18,none,AoS,disabled,8781250000,3156250000,3250000000,3343750000,3281250000,3062500000,3187500000,3343750000,3062500000,3312500000,3778124999,3778124999,10
2026-02-22 12:33:29,20299,pairwise,VerletListsCells,0.500000,vlc_c18,none,AoS,enabled,8718750000,3250000000,3343750000,2968750000,3187500000,3187500000,3062500000,3281250000,3250000000,3062500000,3731249999,3731249999,10
2026-02-22 12:33:30,20309,pairwise,VerletListsCells,0.500000,vlc_c18,none,SoA,disabled,14406250000,4812500000,4812500000,4625000000,4875000000,4875000000,4875000000,4656250000,4875000000,4843750000,5765624999,5765624999,10
2026-02-22 12:33:30,20319,pairwise,VerletListsCells,0.500000,vlc_c18,none,SoA,enabled,13187500000,4968750000,4812500000,4875000000,4906250000,4875000000,4687500000,4781250000,4843750000,5031250000,5696874999,5696874999,10
2026-02-22 12:33:31,20329,pairwise,VerletListsCells,0.500000,vlc_c08,none,AoS,disabled,6750000000,3093750000,3031250000,3031250000,3000000000,3031250000,3125000000,2968750000,3000000000,3031250000,3406249999,3406249999,10
2026-02-22 12:33:32,20339,pairwise,VerletListsCells,0.500000,vlc_c08,none,AoS,enabled,6968750000,3125000000,3125000000,3062500000,3031250000,3031250000,2906250000,3031250000,2937500000,3062500000,3428124999,3428124999,10
2026-02-22 12:33:32,20349,pairwise,VerletListsCells,0.500000,vlc_c08,none,SoA,disabled,12312500000,4687500000,4562500000,4562500000,4500000000,4687500000,4625000000,4593750000,4562500000,4656250000,5374999999,5374999999,10
2026-02-22 12:33:33,20359,pairwise,VerletListsCells,0.500000,vlc_c08,none,SoA,enabled,11718750000,4718750000,4687500000,4562500000,4656250000,4500000000,4687500000,4687500000,4750000000,4718750000,5368749999,5368749999,10
2026-02-22 12:33:33,20369,pairwise,VerletListsCells,0.500000,vlc_sliced,none,AoS,disabled,6093750000,343750000,406250000,531250000,343750000,625000000,468750000,343750000,468750000,531250000,1015624999,1015624999,10
2026-02-22 12:33:34,20379,pairwise,VerletListsCells,0.500000,vlc_sliced,none,AoS,enabled,5625000000,437500000,312500000,250000000,343750000,218750000,281250000,156250000,187500000,281250000,809374999,809374999,10
2026-02-22 12:33:34,20389,pairwise,VerletListsCells,0.500000,vlc_sliced,none,SoA,disabled,11812500000,2156250000,1968750000,1968750000,2093750000,1937500000,1968750000,1906250000,1812500000,1968750000,2959374999,2959374999,10
2026-02-22 12:33:35,20399,pairwise,VerletListsCells,0.500000,vlc_sliced,none,SoA,enabled,10343750000,1843750000,1656250000,1687500000,1937500000,1906250000,1812500000,1843750000,1875000000,1843750000,2674999999,2674999999,10
2026-02-22 12:33:35,20409,pairwise,VerletListsCells,0.500000,vlc_sliced_c02,none,AoS,disabled,6156250000,562500000,437500000,500000000,625000000,625000000,625000000,625000000,531250000,718750000,1140624999,1140624999,10
2026-02-22 12:33:36,20419,pairwise,VerletListsCells,0.500000,vlc_sliced_c02,none,AoS,enabled,5687500000,125000000,156250000,468750000,250000000,187500000,312500000,156250000,375000000,437500000,815624999,815624999,10
2026-02-22 12:33:37,20429,pairwise,VerletListsCells,0.500000,vlc_sliced_c02,none,SoA,disabled,11750000000,2156250000,2281250000,2156250000,2156250000,2281250000,2093750000,2125000000,2218750000,2125000000,3134374999,3134374999,10
2026-02-22 12:33:37,20439,pairwise,VerletListsCells,0.500000,vlc_sliced_c02,none,SoA,enabled,10250000000,1843750000,1843750000,1812500000,1781250000,1843750000,1968750000,1875000000,1937500000,1843750000,2699999999,2699999999,10
2026-02-22 12:33:38,20449,pairwise,VerletListsCells,1.000000,vlc_c01,none,AoS,disabled,12375000000,2875000000,2812500000,2843750000,2750000000,2906250000,2937500000,2906250000,2718750000,2937500000,3806249999,3806249999,10
2026-02-22 12:33:38,20459,pairwise,VerletListsCells,1.000000,vlc_c01,none,SoA,disabled,16687500000,4437500000,4500000000,4312500000,4437500000,4687500000,4468750000,4406250000,4531250000,4500000000,5696874999,5696874999,10
2026-02-22 12:33:39,20469,pairwise,VerletListsCells,1.000000,vlc_c18,none,AoS,disabled,9062500000,3187500000,3218750000,3156250000,3281250000,3031250000,3312500000,3062500000,3093750000,3218750000,3762499999,3762499999,10
2026-02-22 12:33:39,20479,pairwise,VerletListsCells,1.000000,vlc_c18,none,AoS,enabled,8656250000,3218750000,3250000000,3187500000,3406250000,3031250000,3031250000,3187500000,3000000000,3156250000,3712499999,3712499999,10
2026-02-22 12:33:40,20489,pairwise,VerletListsCells,1.000000,vlc_c18,none,SoA,disabled,14312500000,4812500000,4656250000,4781250000,4875000000,4875000000,4906250000,4937500000,4625000000,4718750000,5749999999,5749999999,10
2026-02-22 12:33:41,20499,pairwise,VerletListsCells,1.000000,vlc_c18,none,SoA,enabled,13218750000,4781250000,5062500000,4750000000,4812500000,4687500000,4781250000,4750000000,4906250000,4718750000,5646874999,5646874999,10
2026-02-22 12:33:41,20509,pairwise,VerletListsCells,1.000000,vlc_c08,none,AoS,disabled,6781250000,2875000000,2750000000,2937500000,2968750000,3062500000,2812500000,3062500000,2875000000,3000000000,3312499999,3312499999,10
2026-02-22 12:33:42,20519,pairwise,VerletListsCells,1.000000,vlc_c08,none,AoS,enabled,6687500000,2781250000,3062500000,3000000000,2906250000,2968750000,3093750000,3031250000,3031250000,3062500000,3362499999,3362499999,10
2026-02-22 12:33:43,20529,pairwise,VerletListsCells,1.000000,vlc_c08,none,SoA,disabled,12500000000,4406250000,4687500000,4593750000,4625000000,4750000000,4687500000,4687500000,4906250000,4437500000,5428124999,5428124999,10
2026-02-22 12:33:43,20539,pairwise,VerletListsCells,1.000000,vlc_c08,none,SoA,enabled,11843750000,4718750000,4906250000,4625000000,4593750000,4750000000,4843750000,4625000000,4562500000,4843750000,5431250000,5431250000,10
2026-02-22 12:33:44,20549,pairwise,VerletListsCells,1.000000,vlc_sliced,none,AoS,disabled,6125000000,500000000,312500000,625000000,312500000,406250000,625000000,406250000,468750000,531250000,1031249999,1031249999,10
2026-02-22 12:33:44,20559,pairwise,VerletListsCells,1.000000,vlc_sliced,none,AoS,enabled,5781250000,281250000,281250000,156250000,125000000,281250000,281250000,250000000,125000000,187500000,775000000,775000000,10
2026-02-22 12:33:45,20569,pairwise,VerletListsCells,1.000000,vlc_sliced,none,SoA,disabled,11718750000,2187500000,2000000000,2125000000,2187500000,1968750000,2156250000,2093750000,1843750000,1968750000,3024999999,3024999999,10
2026-02-22 12:33:45,20579,pairwise,VerletListsCells,1.000000,vlc_sliced,none,SoA,enabled,10218750000,1937500000,1843750000,1906250000,1843750000,1875000000,1625000000,1625000000,1812500000,1781250000,2646874999,2646874999,10
2026-02-22 12:33:46,20589,pairwise,VerletListsCells,1.000000,vlc_sliced_c02,none,AoS,disabled,6125000000,718750000,656250000,500000000,406250000,625000000,406250000,687500000,625000000,500000000,1124999999,1124999999,10
2026-02-22 12:33:46,20599,pairwise,VerletListsCells,1.000000,vlc_sliced_c02,none,AoS,enabled,5781250000,281250000,437500000,312500000,218750000,312500000,312500000,437500000,125000000,468750000,868749999,868749999,10
2026-02-22 12:33:47,20609,pairwise,VerletListsCells,1.000000,vlc_sliced_c02,none,SoA,disabled,11781250000,2156250000,2093750000,2187500000,2281250000,2250000000,2156250000,2250000000,2218750000,2156250000,3153124999,3153124999,10
2026-02-22 12:33:47,20619,pairwise,VerletListsCells,1.000000,vlc_sliced_c02,none,SoA,enabled,10343750000,1906250000,1968750000,1906250000,1937500000,1843750000,1843750000,1812500000,1937500000,2125000000,2762499999,2762499999,10
2026-02-22 12:33:48,20629,pairwise,PairwiseVerletLists,0.500000,vlp_c01,none,AoS,disabled,13375000000,2875000000,2812500000,2968750000,3125000000,2937500000,2843750000,3031250000,2937500000,3031250000,3993749999,3993749999,10
2026-02-22 12:33:49,20639,pairwise,PairwiseVerletLists,0.500000,vlp_c01,none,SoA,disabled,29812500000,4656250000,4656250000,4875000000,4968750000,4968750000,4906250000,5000000000,4625000000,4812500000,7328124999,7328124999,10
2026-02-22 12:33:49,20649,pairwise,PairwiseVerletLists,0.500000,vlp_c18,none,AoS,disabled,11812500000,3218750000,3437500000,3437500000,3437500000,3375000000,3406250000,3468750000,3468750000,3406250000,4246875000,4246875000,10
2026-02-22 12:33:50,20659,pairwise,PairwiseVerletLists,0.500000,vlp_c18,none,AoS,enabled,11812500000,3406250000,3468750000,3375000000,3406250000,3281250000,3375000000,3375000000,3343750000,3375000000,4221874999,4221874999,10
2026-02-22 12:33:51,20669,pairwise,PairwiseVerletLists,0.500000,vlp_c18,none,SoA,disabled,32687500000,5250000000,5312500000,5218750000,5125000000,5125000000,5312500000,5250000000,5250000000,5218750000,7974999999,7974999999,10
2026-02-22 12:33:51,20679,pairwise,PairwiseVerletLists,0.500000,vlp_c18,none,SoA,enabled,30656250000,5218750000,5093750000,5218750000,5281250000,5281250000,5250000000,5062500000,5281250000,5250000000,7759374999,7759374999,10
2026-02-22 12:33:52,20689,pairwise,PairwiseVerletLists,0.500000,vlp_sliced,none,AoS,disabled,9312500000,875000000,812500000,968750000,968750000,1000000000,1031250000,1000000000,1000000000,1031250000,1799999999,1799999999,10
2026-02-22 12:33:52,20699,pairwise,PairwiseVerletLists,0.500000,vlp_sliced,none,AoS,enabled,9000000000,968750000,656250000,656250000,687500000,593750000,656250000,812500000,906250000,687500000,1562499999,1562499999,10
2026-02-22 12:33:53,20709,pairwise,PairwiseVerletLists,0.500000,vlp_sliced,none,SoA,disabled,29968750000,2937500000,2843750000,2968750000,2906250000,2968750000,3031250000,2812500000,2937500000,2937500000,5631249999,5631249999,10
2026-02-22 12:33:54,20719,pairwise,PairwiseVerletLists,0.500000,vlp_sliced,none,SoA,enabled,28218750000,2875000000,2843750000,2812500000,2625000000,2843750000,2875000000,2812500000,2656250000,2750000000,5331249999,5331249999,10
2026-02-22 12:33:54,20729,pairwise,PairwiseVerletLists,0.500000,vlp_sliced_c02,none,AoS,disabled,9437500000,1312500000,968750000,1218750000,1062500000,1156250000,1156250000,1281250000,1218750000,1062500000,1987499999,1987499999,10
2026-02-22 12:33:55,20739,pairwise,PairwiseVerletLists,0.500000,vlp_sliced_c02,none,AoS,enabled,9187500000,937500000,937500000,812500000,843750000,843750000,843750000,750000000,718750000,937500000,1681249999,1681249999,10
2026-02-22 12:33:55,20749,pairwise,PairwiseVerletLists,0.500000,vlp_sliced_c02,none,SoA,disabled,29906250000,3218750000,3218750000,3187500000,3062500000,2968750000,2968750000,3156250000,3187500000,3187500000,5806249999,5806249999,10
2026-02-22 12:33:56,20759,pairwise,PairwiseVerletLists,0.500000,vlp_sliced_c02,none,SoA,enabled,28343750000,2875000000,2843750000,2812500000,2687500000,2781250000,2750000000,3000000000,2843750000,2687500000,5362499999,5362499999,10
2026-02-22 12:33:57,20769,pairwise,PairwiseVerletLists,1.000000,vlp_c01,none,AoS,disabled,13468750000,3093750000,3125000000,3062500000,3125000000,3156250000,2937500000,3125000000,3062500000,3093750000,4124999999,4124999999,10
2026-02-22 12:33:57,20779,pairwise,PairwiseVerletLists,1.000000,vlp_c01,none,SoA,disabled,27531250000,5031250000,4906250000,4875000000,4968750000,4968750000,5000000000,4968750000,4968750000,5000000000,7221874999,7221874999,10
2026-02-22 12:33:58,20789,pairwise,PairwiseVerletLists,1.000000,vlp_c18,none,AoS,disabled,11812500000,3375000000,3312500000,3406250000,3468750000,3250000000,3437500000,3437500000,3406250000,3406250000,4231249999,4231249999,10
2026-02-22 12:33:59,20799,pairwise,PairwiseVerletLists,1.000000,vlp_c18,none,AoS,enabled,11812500000,3375000000,3406250000,3406250000,3281250000,3437500000,3343750000,3281250000,3406250000,3406250000,4215624999,4215624999,10
2026-02-22 12:33:59,20809,pairwise,PairwiseVerletLists,1.000000,vlp_c18,none,SoA,disabled,32375000000,5281250000,5250000000,5250000000,5250000000,5343750000,5312500000,5156250000,5343750000,5375000000,7993749999,7993749999,10
2026-02-22 12:34:00,20819,pairwise,PairwiseVerletLists,1.000000,vlp_c18,none,SoA,enabled,30937500000,5156250000,5218750000,5281250000,5250000000,5312500000,5187500000,5406250000,5218750000,5156250000,7812499999,7812499999,10
2026-02-22 12:34:01,20829,pairwise,PairwiseVerletLists,1.000000,vlp_sliced,none,AoS,disabled,9437500000,968750000,968750000,937500000,1062500000,1031250000,937500000,906250000,1000000000,1062500000,1831249999,1831249999,10
2026-02-22 12:34:01,20839,pairwise,PairwiseVerletLists,1.000000,vlp_sliced,none,AoS,enabled,9125000000,812500000,781250000,656250000,718750000,687500000,656250000,687500000,875000000,687500000,1568749999,1568749999,10
2026-02-22 12:34:02,20849,pairwise,PairwiseVerletLists,1.000000,vlp_sliced,none,SoA,disabled,29875000000,3031250000,2937500000,3156250000,2812500000,3062500000,2843750000,3062500000,2906250000,3000000000,5668749999,5668749999,10
2026-02-22 12:34:02,20859,pairwise,PairwiseVerletLists,1.000000,vlp_sliced,none,SoA,enabled,28343750000,2781250000,2687500000,2906250000,2625000000,2656250000,2718750000,2781250000,2781250000,2750000000,5303124999,5303124999,10
2026-02-22 12:34:03,20869,pairwise,PairwiseVerletLists,1.000000,vlp_sliced_c02,none,AoS,disabled,9343750000,968750000,1125000000,1062500000,1062500000,1093750000,1031250000,1218750000,1187500000,1093750000,1918750000,1918750000,10
2026-02-22 12:34:03,20879,pairwise,PairwiseVerletLists,1.000000,vlp_sliced_c02,none,AoS,enabled,9281250000,843750000,875000000,843750000,875000000,812500000,906250000,968750000,968750000,875000000,1724999999,1724999999,10
2026-02-22 12:34:04,20889,pairwise,PairwiseVerletLists,1.000000,vlp_sliced_c02,none,SoA,disabled,30156250000,3031250000,3093750000,3125000000,3031250000,3000000000,3156250000,3093750000,3125000000,3125000000,5793749999,5793749999,10
2026-02-22 12:34:05,20899,pairwise,PairwiseVerletLists,1.000000,vlp_sliced_c02,none,SoA,enabled,28468750000,2906250000,2843750000,2812500000,2656250000,2718750000,2875000000,2718750000,2718750000,2937500000,5365624999,5365624999,10
2026-02-22 12:41:19,30009,pairwise,LinkedCells,0.500000,lc_c08,none,AoS,disabled,27156250000,27156250000,26968750000,27062500000,26843750000,26906250000,26937500000,27093750000,27281250000,26937500000,27034374999,27032690701,10
2026-02-22 12:41:23,30019,pairwise,LinkedCells,0.500000,lc_c08,none,AoS,enabled,26968750000,26968750000,26937500000,27062500000,26968750000,27093750000,26937500000,27000000000,27187500000,26937500000,27006249999,26983044121,10
2026-02-22 12:41:28,30029,pairwise,LinkedCells,0.500000,lc_c08,none,SoA,disabled,45625000000,45125000000,45312500000,45125000000,45281250000,45250000000,45187500000,45093750000,45156250000,45125000000,45228124999,45228124999,10
2026-02-22 12:41:33,30039,pairwise,LinkedCells,0.500000,lc_c08,none,SoA,enabled,45250000000,44968750000,45187500000,45250000000,45125000000,45093750000,44937500000,45031250000,45062500000,45343750000,45124999999,45124999999,10
2026-02-22 12:41:38,30049,pairwise,LinkedCells,0.500000,lc_c18,none,AoS,disabled,25875000000,25687500000,25937500000,25687500000,25781250000,25687500000,25812500000,25781250000,25812500000,25937500000,25799999999,25784279888,10
2026-02-22 12:41:42,30059,pairwise,LinkedCells,0.500000,lc_c18,none,AoS,enabled,25812500000,25906250000,26000000000,25750000000,25781250000,25781250000,25687500000,25843750000,25812500000,25875000000,25824999999,25824999999,10
2026-02-22 12:41:47,30069,pairwise,LinkedCells,0.500000,lc_c18,none,SoA,disabled,34093750000,33968750000,34000000000,34125000000,33875000000,33875000000,33906250000,33968750000,33937500000,34031250000,33978124999,33958474861,10
2026-02-22 12:41:52,30079,pairwise,LinkedCells,0.500000,lc_c18,none,SoA,enabled,33718750000,33875000000,33812500000,33875000000,33968750000,33937500000,33812500000,33906250000,33875000000,34031250000,33881249999,33878817125,10
2026-02-22 12:41:52,30089,pairwise,LinkedCells,1.000000,lc_c04,none,AoS,disabled,718750000,312500000,281250000,343750000,375000000,156250000,375000000,187500000,468750000,312500000,353125000,307836109,10
2026-02-22 12:41:53,30099,pairwise,LinkedCells,1.000000,lc_c04,none,AoS,enabled,343750000,343750000,281250000,343750000,343750000,343750000,312500000,343750000,343750000,250000000,324999999,276342514,10
2026-02-22 12:41:53,30109,pairwise,LinkedCells,1.000000,lc_c04,none,SoA,disabled,1875000000,1687500000,1750000000,1750000000,1281250000,1781250000,1343750000,1625000000,1437500000,1406250000,1593750000,1517020888,10
2026-02-22 12:41:54,30119,pairwise,LinkedCells,1.000000,lc_c04,none,SoA,enabled,1562500000,1375000000,1500000000,1625000000,1656250000,1625000000,1500000000,1625000000,1531250000,1656250000,1565624999,1544477707,10
2026-02-22 12:41:54,30129,pairwise,LinkedCells,1.000000,lc_c04_combined_SoA,none,SoA,disabled,1968750000,2375000000,2406250000,2437500000,2343750000,2250000000,2281250000,2343750000,2437500000,2312500000,2315624999,2315624999,10
2026-02-22 12:41:55,30139,pairwise,LinkedCells,1.000000,lc_c04_combined_SoA,none,SoA,enabled,2031250000,2000000000,2062500000,2250000000,2281250000,2031250000,2343750000,1656250000,2187500000,2281250000,2112499999,2112499999,10
2026-02-22 12:41:56,30149,pairwise,LinkedCells,1.000000,lc_c08,none,AoS,disabled,3062500000,3218750000,3062500000,3000000000,3093750000,3093750000,3156250000,3125000000,3156250000,3125000000,3109374999,3100579223,10
2026-02-22 12:41:56,30159,pairwise,LinkedCells,1.000000,lc_c08,none,AoS,enabled,3187500000,3093750000,3125000000,3093750000,3093750000,3093750000,3125000000,3031250000,3031250000,3031250000,3090624999,3090624999,10
2026-02-22 12:41:57,30169,pairwise,LinkedCells,1.000000,lc_c08,none,SoA,disabled,4218750000,4281250000,4218750000,4187500000,4406250000,4187500000,4125000000,4125000000,4281250000,4250000000,4228124999,4223446395,10
2026-02-22 12:41:57,30179,pairwise,LinkedCells,1.000000,lc_c08,none,SoA,enabled,4437500000,4125000000,4062500000,4156250000,4375000000,4125000000,4062500000,4281250000,4375000000,4218750000,4221874999,4216447818,10
2026-02-22 12:41:58,30189,pairwise,LinkedCells,1.000000,lc_c18,none,AoS,disabled,3156250000,3125000000,3093750000,3062500000,3187500000,3125000000,3250000000,3031250000,3093750000,3031250000,3115624999,3110946395,10
2026-02-22 12:41:58,30199,pairwise,LinkedCells,1.000000,lc_c18,none,AoS,enabled,3250000000,3062500000,3062500000,3093750000,3187500000,3250000000,3218750000,3093750000,3093750000,3062500000,3137500000,3129078512,10
2026-02-22 12:41:59,30209,pairwise,LinkedCells,1.000000,lc_c18,none,SoA,disabled,4093750000,3937500000,3906250000,3812500000,3937500000,3906250000,3906250000,3968750000,4000000000,3843750000,3931249999,3931249999,10
2026-02-22 12:42:00,30219,pairwise,LinkedCells,1.000000,lc_c18,none,SoA,enabled,3937500000,3843750000,3843750000,3968750000,4062500000,3781250000,3875000000,3906250000,3968750000,3937500000,3912499999,3910254269,10
2026-02-22 12:42:00,30229,pairwise,VerletLists,0.500000,vl_list_iteration,none,AoS,disabled,5718750000,250000000,0,250000000,0,281250000,125000000,312500000,312500000,187500000,743749999,743749999,10
2026-02-22 12:42:01,30239,pairwise,VerletLists,0.500000,vl_list_iteration,none,SoA,disabled,8593750000,1500000000,1656250000,1531250000,1500000000,1531250000,1500000000,1468750000,1718750000,1593750000,2259374999,2244590609,10
2026-02-22 12:42:01,30249,pairwise,VerletLists,1.000000,vl_list_iteration,none,AoS,disabled,5812500000,312500000,156250000,343750000,312500000,156250000,312500000,0,218750000,0,762499999,762499999,10
2026-02-22 12:42:02,30259,pairwise,VerletLists,1.000000,vl_list_iteration,none,SoA,disabled,8406250000,1562500000,1718750000,1687500000,1437500000,1531250000,1812500000,1531250000,1437500000,1750000000,2287499999,2274399907,10
2026-02-22 12:42:02,30269,pairwise,VerletListsCells,0.500000,vlc_c01,none,AoS,disabled,12437500000,2687500000,2718750000,2750000000,2781250000,2687500000,3000000000,2750000000,2750000000,3000000000,3756249999,3733605554,10
2026-02-22 12:42:03,30279,pairwise,VerletListsCells,0.500000,vlc_c01,none,SoA,disabled,16437500000,4437500000,4312500000,4375000000,4343750000,4468750000,4406250000,4531250000,4312500000,4562500000,5618749999,5606585628,10
2026-02-22 12:42:03,30289,pairwise,VerletListsCells,0.500000,vlc_c18,none,AoS,disabled,8625000000,3062500000,3062500000,3187500000,3312500000,3218750000,3218750000,3250000000,3062500000,3406250000,3740624999,3740624999,10
2026-02-22 12:42:04,30299,pairwise,VerletListsCells,0.500000,vlc_c18,none,AoS,enabled,8625000000,3062500000,3156250000,3218750000,3375000000,3031250000,3281250000,3093750000,3312500000,3312500000,3746874999,3745752134,10
2026-02-22 12:42:05,30309,pairwise,VerletListsCells,0.500000,vlc_c18,none,SoA,disabled,13781250000,4812500000,4937500000,4812500000,4812500000,4937500000,4781250000,4843750000,4750000000,4750000000,5721874999,5701289140,10
2026-02-22 12:42:05,30319,pairwise,VerletListsCells,0.500000,vlc_c18,none,SoA,enabled,12968750000,4781250000,4875000000,4812500000,4625000000,4843750000,4843750000,4875000000,4750000000,4500000000,5587499999,5587499999,10
2026-02-22 12:42:06,30329,pairwise,VerletListsCells,0.500000,vlc_c08,none,AoS,disabled,6687500000,2937500000,3031250000,2906250000,3000000000,3093750000,3062500000,3062500000,3031250000,3062500000,3387499999,3383757115,10
2026-02-22 12:42:06,30339,pairwise,VerletListsCells,0.500000,vlc_c08,none,AoS,enabled,6718750000,2750000000,2968750000,3000000000,3031250000,2875000000,2750000000,3000000000,3031250000,3000000000,3312499999,3312499999,10
2026-02-22 12:42:07,30349,pairwise,VerletListsCells,0.500000,vlc_c08,none,SoA,disabled,11906250000,4593750000,4656250000,4531250000,4750000000,4593750000,4656250000,4531250000,4812500000,4593750000,5362499999,5349587051,10
2026-02-22 12:42:08,30359,pairwise,VerletListsCells,0.500000,vlc_c08,none,SoA,enabled,11500000000,4531250000,4656250000,4531250000,4531250000,4593750000,4593750000,4875000000,4562500000,4625000000,5299999999,5299999999,10
2026-02-22 12:42:08,30369,pairwise,VerletListsCells,0.500000,vlc_sliced,none,AoS,disabled,5625000000,281250000,281250000,0,0,281250000,0,125000000,281250000,0,687499999,637906792,10
2026-02-22 12:42:09,30379,pairwise,VerletListsCells,0.500000,vlc_sliced,none,AoS,enabled,5625000000,125000000,0,0,281250000,0,0,0,0,312500000,634374999,614537716,10
2026-02-22 12:42:09,30389,pairwise,VerletListsCells,0.500000,vlc_sliced,none,SoA,disabled,10812500000,1687500000,1656250000,1812500000,1750000000,1812500000,1875000000,1843750000,1812500000,1843750000,2690624999,2628867421,10
2026-02-22 12:42:10,30399,pairwise,VerletListsCells,0.500000,vlc_sliced,none,SoA,enabled,9937500000,1593750000,1531250000,1843750000,1843750000,1625000000,1781250000,1812500000,1750000000,1500000000,2521874999,2486504750,10
2026-02-22 12:42:10,30409,pairwise,VerletListsCells,0.500000,vlc_sliced_c02,none,AoS,disabled,5656250000,0,156250000,312500000,125000000,125000000,125000000,281250000,0,312500000,709374999,647991709,10
2026-02-22 12:42:11,30419,pairwise,VerletListsCells,0.500000,vlc_sliced_c02,none,AoS,enabled,5375000000,125000000,0,125000000,156250000,125000000,0,0,125000000,125000000,615624999,580441894,10
2026-02-22 12:42:11,30429,pairwise,VerletListsCells,0.500000,vlc_sliced_c02,none,SoA,disabled,10656250000,2031250000,1812500000,1843750000,1812500000,1812500000,1812500000,1875000000,1875000000,1812500000,2734374999,2673740286,10
2026-02-22 12:42:12,30439,pairwise,VerletListsCells,0.500000,vlc_sliced_c02,none,SoA,enabled,10031250000,1656250000,1812500000,1750000000,1500000000,1656250000,1843750000,1843750000,1500000000,1687500000,2528124999,2484707550,10
2026-02-22 12:42:12,30449,pairwise,VerletListsCells,1.000000,vlc_c01,none,AoS,disabled,12375000000,2968750000,2906250000,2812500000,3000000000,3062500000,3062500000,2875000000,2781250000,2937500000,3878124999,3865773483,10
2026-02-22 12:42:13,30459,pairwise,VerletListsCells,1.000000,vlc_c01,none,SoA,disabled,16750000000,4312500000,4562500000,4250000000,4593750000,4281250000,4312500000,4250000000,4375000000,4281250000,5596874999,5596313566,10
2026-02-22 12:42:14,30469,pairwise,VerletListsCells,1.000000,vlc_c18,none,AoS,disabled,8718750000,3156250000,3187500000,3156250000,2968750000,3062500000,3062500000,3281250000,3156250000,3281250000,3703124999,3703124999,10
2026-02-22 12:42:14,30479,pairwise,VerletListsCells,1.000000,vlc_c18,none,AoS,enabled,8531250000,3281250000,3031250000,3093750000,3281250000,3031250000,3156250000,3062500000,3000000000,3156250000,3662499999,3660067125,10
2026-02-22 12:42:15,30489,pairwise,VerletListsCells,1.000000,vlc_c18,none,SoA,disabled,14093750000,4875000000,4906250000,4750000000,4750000000,4750000000,4906250000,4875000000,4593750000,4937500000,5743749999,5718485535,10
2026-02-22 12:42:16,30499,pairwise,VerletListsCells,1.000000,vlc_c18,none,SoA,enabled,13125000000,4750000000,4906250000,4843750000,4843750000,4625000000,5062500000,5156250000,4750000000,4812500000,5687499999,5665229842,10
2026-02-22 12:42:16,30509,pairwise,VerletListsCells,1.000000,vlc_c08,none,AoS,disabled,6937500000,2875000000,2843750000,2750000000,2906250000,2937500000,2937500000,3031250000,3031250000,2906250000,3315624999,3304022060,10
2026-02-22 12:42:17,30519,pairwise,VerletListsCells,1.000000,vlc_c08,none,AoS,enabled,7156250000,3062500000,3062500000,3000000000,3000000000,3031250000,3062500000,3093750000,3062500000,3031250000,3456249999,3440904177,10
2026-02-22 12:42:17,30529,pairwise,VerletListsCells,1.000000,vlc_c08,none,SoA,disabled,11875000000,4875000000,4531250000,4593750000,4750000000,4531250000,4593750000,4500000000,4562500000,4562500000,5337499999,5324774195,10
2026-02-22 12:42:18,30539,pairwise,VerletListsCells,1.000000,vlc_c08,none,SoA,enabled,11343750000,4656250000,4562500000,4593750000,4406250000,4656250000,4562500000,4562500000,4781250000,4531250000,5265624999,5265624999,10
2026-02-22 12:42:18,30549,pairwise,VerletListsCells,1.000000,vlc_sliced,none,AoS,disabled,5531250000,125000000,250000000,218750000,281250000,0,250000000,0,312500000,343750000,731249999,672861016,10
2026-02-22 12:42:19,30559,pairwise,VerletListsCells,1.000000,vlc_sliced,none,AoS,enabled,5406250000,156250000,0,312500000,0,250000000,281250000,0,250000000,0,665624999,628944741,10
2026-02-22 12:42:19,30569,pairwise,VerletListsCells,1.000000,vlc_sliced,none,SoA,disabled,10906250000,1906250000,1875000000,1843750000,1812500000,1812500000,1843750000,1812500000,1812500000,1781250000,2740624999,2690657504,10
2026-02-22 12:42:20,30579,pairwise,VerletListsCells,1.000000,vlc_sliced,none,SoA,enabled,9968750000,1750000000,1656250000,1625000000,1531250000,1843750000,1843750000,1593750000,1750000000,1656250000,2521874999,2487814759,10
2026-02-22 12:42:20,30589,pairwise,VerletListsCells,1.000000,vlc_sliced_c02,none,AoS,disabled,5750000000,125000000,125000000,343750000,250000000,0,250000000,93750000,93750000,156250000,718749999,656618133,10
2026-02-22 12:42:21,30599,pairwise,VerletListsCells,1.000000,vlc_sliced_c02,none,AoS,enabled,5375000000,125000000,0,93750000,0,0,0,125000000,250000000,0,596874999,580967744,10
2026-02-22 12:42:22,30609,pairwise,VerletListsCells,1.000000,vlc_sliced_c02,none,SoA,disabled,11031250000,1937500000,1875000000,1875000000,1875000000,1843750000,1875000000,1812500000,1875000000,1812500000,2781249999,2726042467,10
2026-02-22 12:42:22,30619,pairwise,VerletListsCells,1.000000,vlc_sliced_c02,none,SoA,enabled,10062500000,1562500000,1593750000,1812500000,1812500000,1812500000,1531250000,1843750000,1843750000,1687500000,2556249999,2527991228,10
2026-02-22 12:42:23,30629,pairwise,PairwiseVerletLists,0.500000,vlp_c01,none,AoS,disabled,13125000000,2781250000,3031250000,3000000000,2968750000,2781250000,3031250000,3156250000,2968750000,2781250000,3962499999,3938545545,10
2026-02-22 12:42:23,30639,pairwise,PairwiseVerletLists,0.500000,vlp_c01,none,SoA,disabled,27656250000,4968750000,5031250000,5000000000,4968750000,4906250000,4812500000,4781250000,4750000000,5000000000,7187499999,7187499999,10
2026-02-22 12:42:24,30649,pairwise,PairwiseVerletLists,0.500000,vlp_c18,none,AoS,disabled,11437500000,3312500000,3250000000,3375000000,3062500000,3406250000,3406250000,3437500000,3250000000,3375000000,4131249999,4129939990,10
2026-02-22 12:42:25,30659,pairwise,PairwiseVerletLists,0.500000,vlp_c18,none,AoS,enabled,11437500000,3375000000,3406250000,3375000000,3343750000,3093750000,3281250000,3062500000,3093750000,3406250000,4087499999,4087499999,10
2026-02-22 12:42:25,30669,pairwise,PairwiseVerletLists,0.500000,vlp_c18,none,SoA,disabled,30406250000,5375000000,5218750000,5250000000,5281250000,5406250000,5250000000,5250000000,5218750000,5281250000,7793750000,7788135675,10
2026-02-22 12:42:26,30679,pairwise,PairwiseVerletLists,0.500000,vlp_c18,none,SoA,enabled,29625000000,5281250000,5312500000,5250000000,5312500000,5281250000,4937500000,5156250000,5250000000,5312500000,7671874999,7665137809,10
2026-02-22 12:42:27,30689,pairwise,PairwiseVerletLists,0.500000,vlp_sliced,none,AoS,disabled,8718750000,812500000,750000000,812500000,781250000,656250000,906250000,718750000,687500000,750000000,1559374999,1479651580,10
2026-02-22 12:42:27,30699,pairwise,PairwiseVerletLists,0.500000,vlp_sliced,none,AoS,enabled,8937500000,656250000,812500000,625000000,687500000,625000000,625000000,718750000,625000000,625000000,1493749999,1452765424,10
2026-02-22 12:42:28,30709,pairwise,PairwiseVerletLists,0.500000,vlp_sliced,none,SoA,disabled,27625000000,2468750000,2500000000,2468750000,2656250000,2500000000,2500000000,2531250000,2625000000,2593750000,5046874999,5012253326,10
2026-02-22 12:42:28,30719,pairwise,PairwiseVerletLists,0.500000,vlp_sliced,none,SoA,enabled,26687500000,2593750000,2468750000,2437500000,2562500000,2468750000,2531250000,2375000000,2656250000,2343750000,4912499999,4905762809,10
2026-02-22 12:42:29,30729,pairwise,PairwiseVerletLists,0.500000,vlp_sliced_c02,none,AoS,disabled,9062500000,812500000,750000000,656250000,937500000,656250000,843750000,687500000,906250000,718750000,1603124999,1527705896,10
2026-02-22 12:42:29,30739,pairwise,PairwiseVerletLists,0.500000,vlp_sliced_c02,none,AoS,enabled,8906250000,718750000,656250000,812500000,750000000,687500000,906250000,812500000,718750000,937500000,1590624999,1537288909,10
2026-02-22 12:42:30,30749,pairwise,PairwiseVerletLists,0.500000,vlp_sliced_c02,none,SoA,disabled,27531250000,2812500000,2531250000,2875000000,2531250000,2656250000,2812500000,2500000000,2562500000,2593750000,5140624999,5083920314,10
2026-02-22 12:42:31,30759,pairwise,PairwiseVerletLists,0.500000,vlp_sliced_c02,none,SoA,enabled,26843750000,2500000000,2531250000,2562500000,2562500000,2531250000,2468750000,2500000000,2625000000,2406250000,4953124999,4917567606,10
2026-02-22 12:42:31,30769,pairwise,PairwiseVerletLists,1.000000,vlp_c01,none,AoS,disabled,13031250000,3031250000,2937500000,2812500000,2812500000,2750000000,2812500000,2937500000,2718750000,2937500000,3878124999,3878124999,10
2026-02-22 12:42:32,30779,pairwise,PairwiseVerletLists,1.000000,vlp_c01,none,SoA,disabled,25656250000,5031250000,5000000000,4968750000,4906250000,5000000000,4968750000,4937500000,4906250000,4937500000,7031249999,7031249999,10
2026-02-22 12:42:33,30789,pairwise,PairwiseVerletLists,1.000000,vlp_c18,none,AoS,disabled,11468750000,3437500000,3375000000,3375000000,3406250000,3343750000,3250000000,3406250000,3312500000,3187500000,4156250000,4148202800,10
2026-02-22 12:42:33,30799,pairwise,PairwiseVerletLists,1.000000,vlp_c18,none,AoS,enabled,11406250000,3406250000,3406250000,3375000000,3468750000,3468750000,3437500000,3437500000,3437500000,3375000000,4221874999,4215137809,10
2026-02-22 12:42:34,30809,pairwise,PairwiseVerletLists,1.000000,vlp_c18,none,SoA,disabled,29968750000,5406250000,5343750000,5375000000,5343750000,5218750000,5156250000,5312500000,5312500000,5281250000,7771874999,7764202088,10
2026-02-22 12:42:35,30819,pairwise,PairwiseVerletLists,1.000000,vlp_c18,none,SoA,enabled,29187500000,5281250000,4906250000,5218750000,5250000000,5250000000,5250000000,5218750000,5187500000,5250000000,7599999999,7599999999,10
2026-02-22 12:42:35,30829,pairwise,PairwiseVerletLists,1.000000,vlp_sliced,none,AoS,disabled,8812500000,781250000,625000000,656250000,812500000,656250000,687500000,687500000,468750000,625000000,1481249999,1413503807,10
2026-02-22 12:42:36,30839,pairwise,PairwiseVerletLists,1.000000,vlp_sliced,none,AoS,enabled,8718750000,375000000,625000000,656250000,625000000,562500000,781250000,656250000,687500000,718750000,1440624999,1402073299,10
2026-02-22 12:42:36,30849,pairwise,PairwiseVerletLists,1.000000,vlp_sliced,none,SoA,disabled,27687500000,2656250000,2562500000,2468750000,2625000000,2500000000,2468750000,2593750000,2531250000,2562500000,5065624999,5038301949,10
2026-02-22 12:42:37,30859,pairwise,PairwiseVerletLists,1.000000,vlp_sliced,none,SoA,enabled,26750000000,2468750000,2625000000,2500000000,2437500000,2593750000,2531250000,2531250000,2500000000,2437500000,4937499999,4924025618,10
2026-02-22 12:42:37,30869,pairwise,PairwiseVerletLists,1.000000,vlp_sliced_c02,none,AoS,disabled,8812500000,875000000,656250000,750000000,906250000,718750000,968750000,656250000,1000000000,687500000,1603124999,1511050065,10
2026-02-22 12:42:38,30879,pairwise,PairwiseVerletLists,1.000000,vlp_sliced_c02,none,AoS,enabled,8875000000,843750000,687500000,906250000,687500000,937500000,656250000,687500000,687500000,656250000,1562500000,1518333974,10
2026-02-22 12:42:39,30889,pairwise,PairwiseVerletLists,1.000000,vlp_sliced_c02,none,SoA,disabled,27593750000,2812500000,2531250000,2625000000,2625000000,2656250000,2781250000,2656250000,2531250000,2843750000,5165624999,5114908927,10
2026-02-22 12:42:39,30899,pairwise,PairwiseVerletLists,1.000000,vlp_sliced_c02,none,SoA,enabled,26468750000,2468750000,2500000000,2468750000,2562500000,2531250000,2562500000,2531250000,2593750000,2531250000,4921874999,4892680508,10
2026-02-22 12:49:52,40009,pairwise,LinkedCells,0.500000,lc_c08,none,AoS,disabled,27125000000,27125000000,27312500000,27250000000,27062500000,26937500000,26937500000,27125000000,27312500000,26875000000,27106249999,27106249999,10
2026-02-22 12:49:57,40019,pairwise,LinkedCells,0.500000,lc_c08,none,AoS,enabled,27062500000,27125000000,27187500000,26812500000,26812500000,27187500000,27000000000,26937500000,27000000000,26937500000,27006250000,27006250000,10
2026-02-22 12:50:02,40029,pairwise,LinkedCells,0.500000,lc_c08,none,SoA,disabled,45750000000,45312500000,45562500000,45250000000,44937500000,45375000000,45000000000,45500000000,45312500000,45250000000,45324999999,45324999999,10
2026-02-22 12:50:07,40039,pairwise,LinkedCells,0.500000,lc_c08,none,SoA,enabled,45250000000,45187500000,45375000000,45000000000,45187500000,45187500000,45250000000,45250000000,45187500000,45000000000,45187499999,45187499999,10
2026-02-22 12:50:11,40049,pairwise,LinkedCells,0.500000,lc_c18,none,AoS,disabled,25937500000,26062500000,25812500000,25937500000,26000000000,26000000000,26187500000,26000000000,25750000000,26000000000,25968749999,25939014215,10
2026-02-22 12:50:16,40059,pairwise,LinkedCells,0.500000,lc_c18,none,AoS,enabled,26062500000,25750000000,25750000000,25750000000,25875000000,26062500000,26125000000,25687500000,25812500000,25875000000,25874999999,25874999999,10
2026-02-22 12:50:21,40069,pairwise,LinkedCells,0.500000,lc_c18,none,SoA,disabled,34125000000,34250000000,34062500000,33875000000,34000000000,34250000000,34062500000,34000000000,34187500000,34125000000,34093749999,34093749999,10
2026-02-22 12:50:25,40079,pairwise,LinkedCells,0.500000,lc_c18,none,SoA,enabled,33937500000,34125000000,33875000000,34000000000,33937500000,33687500000,34125000000,34187500000,34062500000,33812500000,33974999999,33974999999,10
2026-02-22 12:50:26,40089,pairwise,LinkedCells,1.000000,lc_c04,none,AoS,disabled,625000000,312500000,250000000,375000000,437500000,500000000,250000000,375000000,500000000,187500000,381249999,212711227,10
2026-02-22 12:50:26,40099,pairwise,LinkedCells,1.000000,lc_c04,none,AoS,enabled,437500000,312500000,375000000,500000000,250000000,312500000,312500000,437500000,375000000,312500000,362499999,227852262,10
2026-02-22 12:50:27,40109,pairwise,LinkedCells,1.000000,lc_c04,none,SoA,disabled,2000000000,1625000000,1687500000,1562500000,1687500000,1687500000,1562500000,1687500000,1500000000,1625000000,1662500000,1590459880,10
2026-02-22 12:50:27,40119,pairwise,LinkedCells,1.000000,lc_c04,none,SoA,enabled,1562500000,1750000000,1687500000,1500000000,1750000000,1687500000,1625000000,1562500000,1687500000,1625000000,1643749999,1614840157,10
2026-02-22 12:50:28,40129,pairwise,LinkedCells,1.000000,lc_c04_combined_SoA,none,SoA,disabled,2500000000,2437500000,2625000000,2437500000,2500000000,2562500000,2125000000,2125000000,2062500000,2437500000,2381249999,2381249999,10
2026-02-22 12:50:28,40139,pairwise,LinkedCells,1.000000,lc_c04_combined_SoA,none,SoA,enabled,2500000000,2500000000,2187500000,2500000000,2375000000,2437500000,2437500000,2375000000,2437500000,2500000000,2424999999,2359557625,10
2026-02-22 12:50:29,40149,pairwise,LinkedCells,1.000000,lc_c08,none,AoS,disabled,3062500000,3125000000,3312500000,3062500000,3125000000,3000000000,3062500000,3250000000,3187500000,3062500000,3124999999,3111147303,10
2026-02-22 12:50:30,40159,pairwise,LinkedCells,1.000000,lc_c08,none,AoS,enabled,3125000000,3187500000,3125000000,3062500000,3250000000,3312500000,3187500000,3250000000,3125000000,3062500000,3168749999,3151135894,10
2026-02-22 12:50:30,40169,pairwise,LinkedCells,1.000000,lc_c08,none,SoA,disabled,4062500000,4187500000,4125000000,4187500000,4062500000,4312500000,4375000000,4250000000,4250000000,4250000000,4206249999,4206249999,10
2026-02-22 12:50:31,40179,pairwise,LinkedCells,1.000000,lc_c08,none,SoA,enabled,4375000000,4250000000,4250000000,4062500000,4187500000,4062500000,4250000000,4375000000,4062500000,4250000000,4212499999,4212499999,10
2026-02-22 12:50:31,40189,pairwise,LinkedCells,1.000000,lc_c18,none,AoS,disabled,3187500000,3250000000,3125000000,3125000000,3187500000,3125000000,3187500000,3250000000,3062500000,3375000000,3187500000,3167265020,10
2026-02-22 12:50:32,40199,pairwise,LinkedCells,1.000000,lc_c18,none,AoS,enabled,3312500000,3062500000,3187500000,3187500000,3062500000,3187500000,3312500000,3187500000,3250000000,3062500000,3181249999,3167128041,10
2026-02-22 12:50:32,40209,pairwise,LinkedCells,1.000000,lc_c18,none,SoA,disabled,3875000000,4062500000,4062500000,4062500000,4062500000,3937500000,3937500000,4125000000,3875000000,4062500000,4006249999,3991258328,10
2026-02-22 12:50:33,40219,pairwise,LinkedCells,1.000000,lc_c18,none,SoA,enabled,4062500000,4000000000,3875000000,4062500000,4062500000,3937500000,3937500000,3937500000,3875000000,4000000000,3974999999,3959513574,10
2026-02-22 12:50:34,40229,pairwise,VerletLists,0.500000,vl_list_iteration,none,AoS,disabled,5937500000,125000000,125000000,125000000,62500000,250000000,125000000,187500000,125000000,312500000,737499999,736788019,10
2026-02-22 12:50:34,40239,pairwise,VerletLists,0.500000,vl_list_iteration,none,SoA,disabled,8375000000,1437500000,1625000000,1625000000,1500000000,1625000000,1687500000,1500000000,1437500000,1625000000,2243750000,2230785098,10
2026-02-22 12:50:35,40249,pairwise,VerletLists,1.000000,vl_list_iteration,none,AoS,disabled,5875000000,187500000,187500000,125000000,250000000,312500000,125000000,125000000,187500000,125000000,749999999,749999999,10
2026-02-22 12:50:35,40259,pairwise,VerletLists,1.000000,vl_list_iteration,none,SoA,disabled,8250000000,1625000000,1562500000,1437500000,1500000000,1562500000,1500000000,1500000000,1562500000,1562500000,2206249999,2206249999,10
2026-02-22 12:50:36,40269,pairwise,VerletListsCells,0.500000,vlc_c01,none,AoS,disabled,12187500000,2937500000,2937500000,2937500000,2875000000,2937500000,2937500000,2875000000,2812500000,2687500000,3812499999,3788087605,10
2026-02-22 12:50:36,40279,pairwise,VerletListsCells,0.500000,vlc_c01,none,SoA,disabled,16562500000,4500000000,4562500000,4562500000,4750000000,4562500000,4562500000,4562500000,4625000000,4562500000,5781249999,5726039548,10
2026-02-22 12:50:37,40289,pairwise,VerletListsCells,0.500000,vlc_c18,none,AoS,disabled,8937500000,3062500000,3000000000,3187500000,3125000000,3062500000,3062500000,3000000000,3250000000,3187500000,3687499999,3687499999,10
2026-02-22 12:50:38,40299,pairwise,VerletListsCells,0.500000,vlc_c18,none,AoS,enabled,8687500000,3062500000,3187500000,3312500000,3062500000,3125000000,3062500000,3000000000,3187500000,3250000000,3693749999,3693749999,10
2026-02-22 12:50:38,40309,pairwise,VerletListsCells,0.500000,vlc_c18,none,SoA,disabled,13000000000,4875000000,4812500000,4875000000,4937500000,4875000000,4687500000,4687500000,4687500000,4875000000,5631250000,5618696222,10
2026-02-22 12:50:39,40319,pairwise,VerletListsCells,0.500000,vlc_c18,none,SoA,enabled,12937500000,4750000000,4687500000,4687500000,4687500000,4812500000,4812500000,4875000000,4812500000,4812500000,5587499999,5566265622,10
2026-02-22 12:50:39,40329,pairwise,VerletListsCells,0.500000,vlc_c08,none,AoS,disabled,7062500000,3000000000,2937500000,3000000000,2937500000,3062500000,3000000000,3062500000,3000000000,3000000000,3406250000,3393892863,10
2026-02-22 12:50:40,40339,pairwise,VerletListsCells,0.500000,vlc_c08,none,AoS,enabled,6937500000,2875000000,2875000000,2937500000,3062500000,3000000000,3062500000,2875000000,3000000000,3000000000,3362499999,3337362540,10
2026-02-22 12:50:41,40349,pairwise,VerletListsCells,0.500000,vlc_c08,none,SoA,disabled,11562500000,4687500000,4562500000,4500000000,4687500000,4687500000,4500000000,4625000000,4625000000,4687500000,5312499999,5306397746,10
2026-02-22 12:50:41,40359,pairwise,VerletListsCells,0.500000,vlc_c08,none,SoA,enabled,11187500000,4562500000,4562500000,4562500000,4562500000,4500000000,4687500000,4625000000,4500000000,4562500000,5231249999,5231249999,10
2026-02-22 12:50:42,40369,pairwise,VerletListsCells,0.500000,vlc_sliced,none,AoS,disabled,5500000000,125000000,0,0,125000000,0,0,125000000,125000000,125000000,612499999,502126174,10
2026-02-22 12:50:42,40379,pairwise,VerletListsCells,0.500000,vlc_sliced,none,AoS,enabled,5437500000,125000000,0,125000000,125000000,125000000,0,250000000,62500000,125000000,637499999,576522103,10
2026-02-22 12:50:43,40389,pairwise,VerletListsCells,0.500000,vlc_sliced,none,SoA,disabled,10125000000,1750000000,1812500000,1625000000,1812500000,1750000000,1687500000,1687500000,1750000000,1687500000,2568749999,2468153315,10
2026-02-22 12:50:43,40399,pairwise,VerletListsCells,0.500000,vlc_sliced,none,SoA,enabled,9625000000,1687500000,1687500000,1687500000,1687500000,1750000000,1562500000,1687500000,1500000000,1687500000,2456249999,2397895484,10
2026-02-22 12:50:44,40409,pairwise,VerletListsCells,0.500000,vlc_sliced_c02,none,AoS,disabled,5812500000,125000000,0,0,0,0,125000000,187500000,0,125000000,637500000,490800699,10
2026-02-22 12:50:44,40419,pairwise,VerletListsCells,0.500000,vlc_sliced_c02,none,AoS,enabled,5312500000,125000000,0,125000000,0,0,0,125000000,0,0,568749999,496237215,10
2026-02-22 12:50:45,40429,pairwise,VerletListsCells,0.500000,vlc_sliced_c02,none,SoA,disabled,10375000000,1562500000,1687500000,1687500000,1687500000,1687500000,1625000000,1687500000,1812500000,1625000000,2543749999,2430716169,10
2026-02-22 12:50:45,40439,pairwise,VerletListsCells,0.500000,vlc_sliced_c02,none,SoA,enabled,9437500000,1625000000,1750000000,1812500000,1687500000,1812500000,1687500000,1687500000,1750000000,1812500000,2506249999,2425295304,10
2026-02-22 12:50:46,40449,pairwise,VerletListsCells,1.000000,vlc_c01,none,AoS,disabled,12187500000,2937500000,2812500000,2937500000,2875000000,2875000000,2875000000,2937500000,2750000000,2750000000,3793749999,3793749999,10
2026-02-22 12:50:47,40459,pairwise,VerletListsCells,1.000000,vlc_c01,none,SoA,disabled,16625000000,4437500000,4375000000,4312500000,4437500000,4375000000,4375000000,4312500000,4437500000,4437500000,5612499999,5586566815,10
2026-02-22 12:50:47,40469,pairwise,VerletListsCells,1.000000,vlc_c18,none,AoS,disabled,8875000000,3187500000,3250000000,3125000000,3062500000,3062500000,3187500000,3187500000,3187500000,3062500000,3718749999,3708176566,10
2026-02-22 12:50:48,40479,pairwise,VerletListsCells,1.000000,vlc_c18,none,AoS,enabled,8500000000,3062500000,3000000000,3187500000,3000000000,3187500000,3187500000,3250000000,3000000000,3125000000,3649999999,3639094725,10
2026-02-22 12:50:48,40489,pairwise,VerletListsCells,1.000000,vlc_c18,none,SoA,disabled,13500000000,4687500000,4875000000,4687500000,4750000000,4875000000,4687500000,4875000000,4625000000,4875000000,5643749999,5636272198,10
2026-02-22 12:50:49,40499,pairwise,VerletListsCells,1.000000,vlc_c18,none,SoA,enabled,13062500000,4812500000,4750000000,4812500000,4875000000,4875000000,10125000000,4875000000,4687500000,4750000000,6162499999,6042731235,10
2026-02-22 12:50:50,40509,pairwise,VerletListsCells,1.000000,vlc_c08,none,AoS,disabled,7125000000,3000000000,2875000000,3000000000,3062500000,2875000000,3125000000,2875000000,2937500000,3000000000,3387499999,3359590891,10
2026-02-22 12:50:50,40519,pairwise,VerletListsCells,1.000000,vlc_c08,none,AoS,enabled,6875000000,2812500000,2812500000,3062500000,3062500000,3000000000,3062500000,2812500000,2812500000,3000000000,3331250000,3331250000,10
2026-02-22 12:50:51,40529,pairwise,VerletListsCells,1.000000,vlc_c08,none,SoA,disabled,11562500000,4625000000,4687500000,4625000000,4500000000,4625000000,4500000000,4687500000,4562500000,4687500000,5306249999,5279148677,10
2026-02-22 12:50:51,40539,pairwise,VerletListsCells,1.000000,vlc_c08,none,SoA,enabled,11312500000,4562500000,4687500000,4562500000,4812500000,4562500000,4687500000,4812500000,4687500000,4625000000,5331249999,5290749023,10
2026-02-22 12:50:52,40549,pairwise,VerletListsCells,1.000000,vlc_sliced,none,AoS,disabled,5750000000,0,125000000,125000000,0,312500000,187500000,125000000,0,125000000,674999999,556930197,10
2026-02-22 12:50:52,40559,pairwise,VerletListsCells,1.000000,vlc_sliced,none,AoS,enabled,5562500000,125000000,0,125000000,0,0,125000000,0,187500000,187500000,631249999,574179942,10
2026-02-22 12:50:53,40569,pairwise,VerletListsCells,1.000000,vlc_sliced,none,SoA,disabled,10437500000,1625000000,1625000000,1625000000,1562500000,1625000000,1500000000,1812500000,1750000000,1625000000,2518749999,2449690231,10
2026-02-22 12:50:53,40579,pairwise,VerletListsCells,1.000000,vlc_sliced,none,SoA,enabled,9875000000,1687500000,1625000000,1687500000,1500000000,1625000000,1625000000,1625000000,1687500000,1500000000,2443749999,2395740385,10
2026-02-22 12:50:54,40589,pairwise,VerletListsCells,1.000000,vlc_sliced_c02,none,AoS,disabled,5500000000,125000000,0,187500000,187500000,125000000,125000000,0,125000000,187500000,656249999,512141462,10
2026-02-22 12:50:54,40599,pairwise,VerletListsCells,1.000000,vlc_sliced_c02,none,AoS,enabled,5500000000,0,0,0,0,125000000,187500000,125000000,125000000,187500000,624999999,541698573,10
2026-02-22 12:50:55,40609,pairwise,VerletListsCells,1.000000,vlc_sliced_c02,none,SoA,disabled,10312500000,1562500000,1625000000,1750000000,1687500000,1750000000,1687500000,1875000000,1687500000,1687500000,2562499999,2467794465,10
2026-02-22 12:50:56,40619,pairwise,VerletListsCells,1.000000,vlc_sliced_c02,none,SoA,enabled,9812500000,1500000000,1500000000,1687500000,1687500000,1687500000,1625000000,1562500000,1750000000,1687500000,2449999999,2396790702,10
2026-02-22 12:50:56,40629,pairwise,PairwiseVerletLists,0.500000,vlp_c01,none,AoS,disabled,13187500000,2937500000,3187500000,3062500000,2937500000,2937500000,3187500000,2937500000,3000000000,3062500000,4043749999,3992574786,10
2026-02-22 12:50:57,40639,pairwise,PairwiseVerletLists,0.500000,vlp_c01,none,SoA,disabled,26375000000,5000000000,5062500000,5062500000,5000000000,4875000000,5000000000,4937500000,4937500000,4875000000,7112499999,7105831935,10
2026-02-22 12:50:57,40649,pairwise,PairwiseVerletLists,0.500000,vlp_c18,none,AoS,disabled,11375000000,3250000000,3187500000,3375000000,3375000000,3375000000,3375000000,3312500000,3437500000,3250000000,4131249999,4104487180,10
2026-02-22 12:50:58,40659,pairwise,PairwiseVerletLists,0.500000,vlp_c18,none,AoS,enabled,11375000000,3250000000,3562500000,3375000000,3250000000,3375000000,3312500000,3375000000,3375000000,3375000000,4162499999,4123223872,10
2026-02-22 12:50:59,40669,pairwise,PairwiseVerletLists,0.500000,vlp_c18,none,SoA,disabled,29125000000,5375000000,5312500000,5187500000,5125000000,5187500000,5375000000,5312500000,5375000000,5187500000,7656249999,7640450614,10
2026-02-22 12:50:59,40679,pairwise,PairwiseVerletLists,0.500000,vlp_c18,none,SoA,enabled,28187500000,5250000000,5125000000,5250000000,5125000000,5125000000,5312500000,5250000000,5312500000,5187500000,7512499999,7512499999,10
2026-02-22 12:51:00,40689,pairwise,PairwiseVerletLists,0.500000,vlp_sliced,none,AoS,disabled,8687500000,687500000,687500000,812500000,625000000,687500000,750000000,625000000,437500000,750000000,1474999999,1352439823,10
2026-02-22 12:51:01,40699,pairwise,PairwiseVerletLists,0.500000,vlp_sliced,none,AoS,enabled,8500000000,500000000,687500000,562500000,687500000,750000000,687500000,687500000,625000000,625000000,1431249999,1384459295,10
2026-02-22 12:51:01,40709,pairwise,PairwiseVerletLists,0.500000,vlp_sliced,none,SoA,disabled,26187500000,2500000000,2500000000,2437500000,2375000000,2562500000,2500000000,2500000000,2312500000,2500000000,4837499999,4717039767,10
2026-02-22 12:51:02,40719,pairwise,PairwiseVerletLists,0.500000,vlp_sliced,none,SoA,enabled,25812500000,2312500000,2500000000,2250000000,2562500000,2562500000,2250000000,2312500000,2500000000,2500000000,4756249999,4691320567,10
2026-02-22 12:51:02,40729,pairwise,PairwiseVerletLists,0.500000,vlp_sliced_c02,none,AoS,disabled,8750000000,812500000,812500000,750000000,750000000,812500000,750000000,625000000,750000000,625000000,1543749999,1389019912,10
2026-02-22 12:51:03,40739,pairwise,PairwiseVerletLists,0.500000,vlp_sliced_c02,none,AoS,enabled,8750000000,562500000,625000000,812500000,562500000,875000000,875000000,687500000,625000000,562500000,1493750000,1436006630,10
2026-02-22 12:51:03,40749,pairwise,PairwiseVerletLists,0.500000,vlp_sliced_c02,none,SoA,disabled,26250000000,2500000000,2562500000,2500000000,2687500000,2500000000,2437500000,2375000000,2437500000,2500000000,4875000000,4724592882,10
2026-02-22 12:51:04,40759,pairwise,PairwiseVerletLists,0.500000,vlp_sliced_c02,none,SoA,enabled,25687500000,2625000000,2500000000,2562500000,2437500000,2312500000,2500000000,2437500000,2437500000,2375000000,4787499999,4694734080,10
2026-02-22 12:51:05,40769,pairwise,PairwiseVerletLists,1.000000,vlp_c01,none,AoS,disabled,13125000000,2875000000,3062500000,2875000000,3062500000,3125000000,3000000000,3000000000,3062500000,3000000000,4018749999,3941764253,10
2026-02-22 12:51:05,40779,pairwise,PairwiseVerletLists,1.000000,vlp_c01,none,SoA,disabled,26000000000,4937500000,5000000000,5000000000,4937500000,5000000000,5000000000,4937500000,4937500000,4812500000,7056249999,7032283877,10
2026-02-22 12:51:06,40789,pairwise,PairwiseVerletLists,1.000000,vlp_c18,none,AoS,disabled,11562500000,3250000000,3312500000,3312500000,3250000000,3312500000,3437500000,3250000000,3250000000,3375000000,4131249999,4111386139,10
2026-02-22 12:51:07,40799,pairwise,PairwiseVerletLists,1.000000,vlp_c18,none,AoS,enabled,11375000000,3250000000,3437500000,3250000000,3312500000,3250000000,3375000000,3250000000,3375000000,3437500000,4131249999,4131249999,10
2026-02-22 12:51:07,40809,pairwise,PairwiseVerletLists,1.000000,vlp_c18,none,SoA,disabled,29437500000,5250000000,5187500000,5375000000,5250000000,5187500000,5187500000,5250000000,5312500000,5250000000,7668750000,7634251199,10
2026-02-22 12:51:08,40819,pairwise,PairwiseVerletLists,1.000000,vlp_c18,none,SoA,enabled,28687500000,5250000000,5250000000,5125000000,5062500000,5125000000,5062500000,5125000000,5187500000,5187500000,7506249999,7488807867,10
2026-02-22 12:51:09,40829,pairwise,PairwiseVerletLists,1.000000,vlp_sliced,none,AoS,disabled,8750000000,812500000,500000000,812500000,687500000,625000000,875000000,625000000,625000000,687500000,1499999999,1344196557,10
2026-02-22 12:51:09,40839,pairwise,PairwiseVerletLists,1.000000,vlp_sliced,none,AoS,enabled,8937500000,625000000,750000000,687500000,500000000,687500000,625000000,750000000,875000000,875000000,1531249999,1440638177,10
2026-02-22 12:51:10,40849,pairwise,PairwiseVerletLists,1.000000,vlp_sliced,none,SoA,disabled,26062500000,2500000000,2437500000,2437500000,2437500000,2312500000,2500000000,2437500000,2562500000,2500000000,4818749999,4710483193,10
2026-02-22 12:51:10,40859,pairwise,PairwiseVerletLists,1.000000,vlp_sliced,none,SoA,enabled,25750000000,2625000000,2437500000,2437500000,2250000000,2312500000,2437500000,2500000000,2500000000,2375000000,4762499999,4705837685,10
2026-02-22 12:51:11,40869,pairwise,PairwiseVerletLists,1.000000,vlp_sliced_c02,none,AoS,disabled,8875000000,750000000,625000000,750000000,812500000,937500000,625000000,750000000,812500000,812500000,1574999999,1410019481,10
2026-02-22 12:51:11,40879,pairwise,PairwiseVerletLists,1.000000,vlp_sliced_c02,none,AoS,enabled,8937500000,937500000,812500000,687500000,562500000,812500000,812500000,687500000,687500000,812500000,1574999999,1487743030,10
2026-02-22 12:51:12,40889,pairwise,PairwiseVerletLists,1.000000,vlp_sliced_c02,none,SoA,disabled,26125000000,2437500000,2375000000,2687500000,2625000000,2500000000,2500000000,2437500000,2437500000,2312500000,4843749999,4720502362,10
2026-02-22 12:51:13,40899,pairwise,PairwiseVerletLists,1.000000,vlp_sliced_c02,none,SoA,enabled,25750000000,2500000000,2437500000,2375000000,2500000000,2437500000,2562500000,2625000000,2375000000,2562500000,4812499999,4706947664,10
2026-02-22 12:58:25,50009,pairwise,LinkedCells,0.500000,lc_c08,none,AoS,disabled,26875000000,26562500000,26937500000,26625000000,26625000000,26875000000,26562500000,26625000000,26875000000,26500000000,26706250000,26706250000,10
2026-02-22 12:58:29,50019,pairwise,LinkedCells,0.500000,lc_c08,none,AoS,enabled,26625000000,26812500000,26750000000,26750000000,26625000000,26437500000,26625000000,26687500000,26687500000,26625000000,26662499999,26662499999,10
2026-02-22 12:58:34,50029,pairwise,LinkedCells,0.500000,lc_c08,none,SoA,disabled,45437500000,45125000000,45312500000,45062500000,45187500000,45250000000,45187500000,44875000000,44937500000,45187500000,45156250000,45156250000,10
2026-02-22 12:58:39,50039,pairwise,LinkedCells,0.500000,lc_c08,none,SoA,enabled,45125000000,44937500000,45125000000,45000000000,45000000000,44875000000,45000000000,45812500000,44937500000,45187500000,45099999999,45099999999,10
2026-02-22 12:58:44,50049,pairwise,LinkedCells,0.500000,lc_c18,none,AoS,disabled,25562500000,25625000000,25562500000,25562500000,25562500000,25500000000,25500000000,25562500000,25562500000,25625000000,25562500000,25562500000,10
2026-02-22 12:58:49,50059,pairwise,LinkedCells,0.500000,lc_c18,none,AoS,enabled,25562500000,25562500000,25625000000,25750000000,25625000000,25625000000,25562500000,25750000000,25562500000,25750000000,25637499999,25637499999,10
2026-02-22 12:58:53,50069,pairwise,LinkedCells,0.500000,lc_c18,none,SoA,disabled,33562500000,33562500000,33750000000,33687500000,33875000000,33750000000,33562500000,33500000000,34000000000,33625000000,33687499999,33687499999,10
2026-02-22 12:58:58,50079,pairwise,LinkedCells,0.500000,lc_c18,none,SoA,enabled,33562500000,33687500000,33562500000,33562500000,33562500000,33625000000,33812500000,33750000000,33500000000,34000000000,33662499999,33662499999,10
2026-02-22 12:58:59,50089,pairwise,LinkedCells,1.000000,lc_c04,none,AoS,disabled,562500000,312500000,375000000,375000000,562500000,312500000,375000000,312500000,187500000,250000000,362499999,266677742,10
2026-02-22 12:58:59,50099,pairwise,LinkedCells,1.000000,lc_c04,none,AoS,enabled,437500000,375000000,375000000,312500000,125000000,312500000,312500000,375000000,312500000,375000000,331249999,267765351,10
2026-02-22 12:59:00,50109,pairwise,LinkedCells,1.000000,lc_c04,none,SoA,disabled,1875000000,1750000000,1562500000,1875000000,1500000000,1750000000,1500000000,1500000000,1750000000,1437500000,1650000000,1650000000,10
2026-02-22 12:59:00,50119,pairwise,LinkedCells,1.000000,lc_c04,none,SoA,enabled,1750000000,1750000000,1375000000,1812500000,1562500000,1500000000,1625000000,1812500000,1875000000,1562500000,1662499999,1662499999,10
2026-02-22 12:59:01,50129,pairwise,LinkedCells,1.000000,lc_c04_combined_SoA,none,SoA,disabled,2250000000,2500000000,2500000000,2437500000,2250000000,2312500000,2312500000,2437500000,2562500000,2312500000,2387499999,2387499999,10
2026-02-22 12:59:01,50139,pairwise,LinkedCells,1.000000,lc_c04_combined_SoA,none,SoA,enabled,2312500000,2312500000,2375000000,2312500000,2250000000,2250000000,2250000000,2312500000,2312500000,2375000000,2306249999,2306249999,10
2026-02-22 12:59:02,50149,pairwise,LinkedCells,1.000000,lc_c08,none,AoS,disabled,3062500000,3312500000,3062500000,3250000000,3062500000,3125000000,3125000000,3125000000,3125000000,3125000000,3137499999,3131992978,10
2026-02-22 12:59:02,50159,pairwise,LinkedCells,1.000000,lc_c08,none,AoS,enabled,3250000000,3125000000,3125000000,3062500000,3125000000,3187500000,3062500000,3125000000,3125000000,3187500000,3137500000,3137500000,10
2026-02-22 12:59:03,50169,pairwise,LinkedCells,1.000000,lc_c08,none,SoA,disabled,4312500000,4312500000,4062500000,4437500000,4437500000,4312500000,4062500000,4250000000,4125000000,4187500000,4249999999,4241506763,10
2026-02-22 12:59:03,50179,pairwise,LinkedCells,1.000000,lc_c08,none,SoA,enabled,4375000000,4125000000,4125000000,4125000000,4250000000,4375000000,4125000000,4250000000,4375000000,4312500000,4243749999,4241897070,10
2026-02-22 12:59:04,50189,pairwise,LinkedCells,1.000000,lc_c18,none,AoS,disabled,3187500000,3125000000,3062500000,3125000000,3312500000,3125000000,3375000000,3125000000,3187500000,3125000000,3174999999,3174999999,10
2026-02-22 12:59:05,50199,pairwise,LinkedCells,1.000000,lc_c18,none,AoS,enabled,3125000000,3000000000,3125000000,3062500000,3000000000,3062500000,3062500000,3062500000,3187500000,3312500000,3099999999,3099999999,10
2026-02-22 12:59:05,50209,pairwise,LinkedCells,1.000000,lc_c18,none,SoA,disabled,3937500000,4187500000,3937500000,3937500000,4000000000,3937500000,4250000000,4125000000,3875000000,3937500000,4012499999,4012499999,10
2026-02-22 12:59:06,50219,pairwise,LinkedCells,1.000000,lc_c18,none,SoA,enabled,3875000000,3875000000,3937500000,3687500000,3937500000,3875000000,3937500000,3937500000,4000000000,4062500000,3912499999,3912499999,10
2026-02-22 12:59:06,50229,pairwise,VerletLists,0.500000,vl_list_iteration,none,AoS,disabled,6062500000,250000000,250000000,125000000,250000000,0,0,312500000,62500000,312500000,762499999,753986958,10
2026-02-22 12:59:07,50239,pairwise,VerletLists,0.500000,vl_list_iteration,none,SoA,disabled,8312500000,1500000000,1500000000,1562500000,1562500000,1500000000,1562500000,1500000000,1562500000,1625000000,2218749999,2218273142,10
2026-02-22 12:59:07,50249,pairwise,VerletLists,1.000000,vl_list_iteration,none,AoS,disabled,5937500000,250000000,0,312500000,312500000,312500000,250000000,187500000,312500000,125000000,799999999,786033304,10
2026-02-22 12:59:08,50259,pairwise,VerletLists,1.000000,vl_list_iteration,none,SoA,disabled,8187500000,1562500000,1500000000,1500000000,1562500000,1812500000,1500000000,1500000000,1562500000,1437500000,2212499999,2202376081,10
2026-02-22 12:59:08,50269,pairwise,VerletListsCells,0.500000,vlc_c01,none,AoS,disabled,12125000000,2875000000,2937500000,3000000000,3000000000,3000000000,2812500000,3000000000,2875000000,3062500000,3868749999,3861399490,10
2026-02-22 12:59:09,50279,pairwise,VerletListsCells,0.500000,vlc_c01,none,SoA,disabled,16187500000,4375000000,4375000000,4312500000,4250000000,4250000000,4375000000,4250000000,4187500000,4375000000,5493749999,5493749999,10
2026-02-22 12:59:10,50289,pairwise,VerletListsCells,0.500000,vlc_c18,none,AoS,disabled,8875000000,3187500000,3062500000,3125000000,3250000000,3250000000,3187500000,3000000000,3062500000,3125000000,3712499999,3696823485,10
2026-02-22 12:59:10,50299,pairwise,VerletListsCells,0.500000,vlc_c18,none,AoS,enabled,8500000000,3187500000,3062500000,3000000000,3125000000,3125000000,3125000000,3000000000,3000000000,3062500000,3618749999,3618749999,10
2026-02-22 12:59:11,50309,pairwise,VerletListsCells,0.500000,vlc_c18,none,SoA,disabled,13187500000,4687500000,4875000000,4875000000,4750000000,4875000000,4625000000,4625000000,4875000000,4562500000,5593750000,5582796427,10
2026-02-22 12:59:12,50319,pairwise,VerletListsCells,0.500000,vlc_c18,none,SoA,enabled,12437500000,4750000000,4750000000,4812500000,4875000000,4875000000,4687500000,4750000000,4625000000,4812500000,5537499999,5531107475,10
2026-02-22 12:59:12,50329,pairwise,VerletListsCells,0.500000,vlc_c08,none,AoS,disabled,6875000000,3062500000,3062500000,2875000000,3062500000,3000000000,3062500000,2875000000,3062500000,3000000000,3393749999,3393023302,10
2026-02-22 12:59:13,50339,pairwise,VerletListsCells,0.500000,vlc_c08,none,AoS,enabled,7000000000,3000000000,3062500000,2875000000,3000000000,3062500000,3000000000,2812500000,3000000000,3062500000,3387499999,3369150362,10
2026-02-22 12:59:13,50349,pairwise,VerletListsCells,0.500000,vlc_c08,none,SoA,disabled,11000000000,4625000000,4625000000,4625000000,4687500000,4562500000,4500000000,4562500000,4562500000,4562500000,5231249999,5231249999,10
2026-02-22 12:59:14,50359,pairwise,VerletListsCells,0.500000,vlc_c08,none,SoA,enabled,10875000000,4687500000,4687500000,4687500000,4562500000,4500000000,4625000000,4625000000,4562500000,4500000000,5231249999,5216200241,10
2026-02-22 12:59:14,50369,pairwise,VerletListsCells,0.500000,vlc_sliced,none,AoS,disabled,5625000000,0,125000000,312500000,125000000,0,125000000,187500000,187500000,0,668749999,580479776,10
2026-02-22 12:59:15,50379,pairwise,VerletListsCells,0.500000,vlc_sliced,none,AoS,enabled,5437500000,0,0,0,0,0,125000000,0,125000000,125000000,581249999,557586211,10
2026-02-22 12:59:15,50389,pairwise,VerletListsCells,0.500000,vlc_sliced,none,SoA,disabled,9937500000,1500000000,1812500000,1500000000,1625000000,1562500000,1812500000,1812500000,1500000000,1812500000,2487499999,2432593263,10
2026-02-22 12:59:16,50399,pairwise,VerletListsCells,0.500000,vlc_sliced,none,SoA,enabled,9562500000,1500000000,1562500000,1562500000,1562500000,1812500000,1437500000,1562500000,1812500000,1625000000,2399999999,2371029550,10
2026-02-22 12:59:16,50409,pairwise,VerletListsCells,0.500000,vlc_sliced_c02,none,AoS,disabled,5375000000,0,125000000,312500000,0,0,0,0,0,0,581249999,496437425,10
2026-02-22 12:59:17,50419,pairwise,VerletListsCells,0.500000,vlc_sliced_c02,none,AoS,enabled,5562500000,125000000,0,0,0,0,0,0,125000000,0,581249999,530433443,10
2026-02-22 12:59:17,50429,pairwise,VerletListsCells,0.500000,vlc_sliced_c02,none,SoA,disabled,9937500000,1812500000,1625000000,1812500000,1625000000,1812500000,1437500000,1812500000,1500000000,1562500000,2493749999,2406899380,10
2026-02-22 12:59:18,50439,pairwise,VerletListsCells,0.500000,vlc_sliced_c02,none,SoA,enabled,9500000000,1625000000,1562500000,1750000000,1687500000,1500000000,1812500000,1500000000,1562500000,1625000000,2412500000,2388074187,10
2026-02-22 12:59:19,50449,pairwise,VerletListsCells,1.000000,vlc_c01,none,AoS,disabled,12187500000,3000000000,2687500000,2875000000,2687500000,3062500000,2750000000,2875000000,3000000000,2750000000,3787499999,3785102977,10
2026-02-22 12:59:19,50459,pairwise,VerletListsCells,1.000000,vlc_c01,none,SoA,disabled,16312500000,4500000000,4562500000,4625000000,4625000000,4500000000,4562500000,4437500000,4625000000,4562500000,5731249999,5689159313,10
2026-02-22 12:59:20,50469,pairwise,VerletListsCells,1.000000,vlc_c18,none,AoS,disabled,9000000000,3187500000,3125000000,3250000000,3062500000,3000000000,3312500000,2937500000,3187500000,3000000000,3706249999,3701899852,10
2026-02-22 12:59:20,50479,pairwise,VerletListsCells,1.000000,vlc_c18,none,AoS,enabled,8625000000,3125000000,3312500000,3062500000,3375000000,3062500000,3125000000,3375000000,3250000000,3062500000,3737499999,3708497391,10
2026-02-22 12:59:21,50489,pairwise,VerletListsCells,1.000000,vlc_c18,none,SoA,disabled,13062500000,4750000000,4875000000,4812500000,4875000000,4812500000,4875000000,4875000000,4937500000,4875000000,5674999999,5653150618,10
2026-02-22 12:59:22,50499,pairwise,VerletListsCells,1.000000,vlc_c18,none,SoA,enabled,12937500000,4875000000,4750000000,4812500000,4937500000,4812500000,4875000000,4812500000,4625000000,4875000000,5631249999,5631249999,10
2026-02-22 12:59:22,50509,pairwise,VerletListsCells,1.000000,vlc_c08,none,AoS,disabled,6687500000,3000000000,3000000000,3000000000,3125000000,3062500000,3000000000,3062500000,2875000000,2937500000,3374999999,3374999999,10
2026-02-22 12:59:23,50519,pairwise,VerletListsCells,1.000000,vlc_c08,none,AoS,enabled,7000000000,3062500000,2875000000,2812500000,3062500000,3062500000,3062500000,2937500000,3000000000,3000000000,3387499999,3368339400,10
2026-02-22 12:59:23,50529,pairwise,VerletListsCells,1.000000,vlc_c08,none,SoA,disabled,11375000000,4750000000,4750000000,4625000000,4625000000,4687500000,4562500000,4687500000,4812500000,4562500000,5343749999,5314354395,10
2026-02-22 12:59:24,50539,pairwise,VerletListsCells,1.000000,vlc_c08,none,SoA,enabled,11187500000,4625000000,4562500000,4562500000,4562500000,4562500000,4500000000,4562500000,4437500000,4625000000,5218749999,5218749999,10
2026-02-22 12:59:25,50549,pairwise,VerletListsCells,1.000000,vlc_sliced,none,AoS,disabled,5687500000,62500000,0,0,0,0,125000000,187500000,62500000,0,612499999,552837860,10
2026-02-22 12:59:25,50559,pairwise,VerletListsCells,1.000000,vlc_sliced,none,AoS,enabled,5375000000,125000000,0,187500000,0,0,0,125000000,0,0,581249999,559385486,10
2026-02-22 12:59:26,50569,pairwise,VerletListsCells,1.000000,vlc_sliced,none,SoA,disabled,10062500000,1687500000,1500000000,1750000000,1562500000,1562500000,1625000000,1687500000,1625000000,1687500000,2474999999,2408191757,10
2026-02-22 12:59:26,50579,pairwise,VerletListsCells,1.000000,vlc_sliced,none,SoA,enabled,9750000000,1562500000,1625000000,1500000000,1750000000,1437500000,1750000000,1562500000,1500000000,1687500000,2412499999,2382564446,10
2026-02-22 12:59:27,50589,pairwise,VerletListsCells,1.000000,vlc_sliced_c02,none,AoS,disabled,5750000000,187500000,0,0,62500000,0,125000000,125000000,0,0,624999999,539117698,10
2026-02-22 12:59:27,50599,pairwise,VerletListsCells,1.000000,vlc_sliced_c02,none,AoS,enabled,5375000000,0,0,125000000,125000000,187500000,0,0,0,0,581249999,541323637,10
2026-02-22 12:59:28,50609,pairwise,VerletListsCells,1.000000,vlc_sliced_c02,none,SoA,disabled,10125000000,1750000000,1812500000,1500000000,1687500000,1875000000,1625000000,1812500000,1562500000,1812500000,2556249999,2464951722,10
2026-02-22 12:59:28,50619,pairwise,VerletListsCells,1.000000,vlc_sliced_c02,none,SoA,enabled,9500000000,1625000000,1875000000,1562500000,1812500000,1500000000,1562500000,1500000000,1812500000,1562500000,2431249999,2385561228,10
2026-02-22 12:59:29,50629,pairwise,PairwiseVerletLists,0.500000,vlp_c01,none,AoS,disabled,13000000000,2875000000,2812500000,2937500000,3125000000,2812500000,2937500000,3062500000,2750000000,2875000000,3918749999,3918749999,10
2026-02-22 12:59:29,50639,pairwise,PairwiseVerletLists,0.500000,vlp_c01,none,SoA,disabled,25250000000,4812500000,4687500000,4812500000,4750000000,4812500000,4812500000,4937500000,4750000000,4687500000,6831249999,6831249999,10
2026-02-22 12:59:30,50649,pairwise,PairwiseVerletLists,0.500000,vlp_c18,none,AoS,disabled,11312500000,3250000000,3312500000,3437500000,3437500000,3375000000,3437500000,3375000000,3375000000,3375000000,4168750000,4140764737,10
2026-02-22 12:59:31,50659,pairwise,PairwiseVerletLists,0.500000,vlp_c18,none,AoS,enabled,11500000000,3375000000,3375000000,3375000000,3312500000,3437500000,3437500000,3375000000,3375000000,3375000000,4193749999,4170613304,10
2026-02-22 12:59:31,50669,pairwise,PairwiseVerletLists,0.500000,vlp_c18,none,SoA,disabled,28437500000,5250000000,5250000000,5250000000,5250000000,5250000000,5187500000,5250000000,5062500000,5250000000,7543749999,7529014857,10
2026-02-22 12:59:32,50679,pairwise,PairwiseVerletLists,0.500000,vlp_c18,none,SoA,enabled,28125000000,5250000000,5312500000,5250000000,5250000000,5125000000,5187500000,5250000000,5312500000,5187500000,7524999999,7494178358,10
2026-02-22 12:59:33,50689,pairwise,PairwiseVerletLists,0.500000,vlp_sliced,none,AoS,disabled,8687500000,437500000,750000000,500000000,625000000,625000000,625000000,562500000,500000000,750000000,1406249999,1349003241,10
2026-02-22 12:59:33,50699,pairwise,PairwiseVerletLists,0.500000,vlp_sliced,none,AoS,enabled,8687500000,500000000,500000000,562500000,625000000,625000000,625000000,625000000,625000000,562500000,1393749999,1372984062,10
2026-02-22 12:59:34,50709,pairwise,PairwiseVerletLists,0.500000,vlp_sliced,none,SoA,disabled,25562500000,2562500000,2500000000,2375000000,2375000000,2375000000,2312500000,2437500000,2437500000,2562500000,4750000000,4648621875,10
2026-02-22 12:59:34,50719,pairwise,PairwiseVerletLists,0.500000,vlp_sliced,none,SoA,enabled,25250000000,2312500000,2375000000,2375000000,2187500000,2312500000,2562500000,2500000000,2500000000,2500000000,4687499999,4622139902,10
2026-02-22 12:59:35,50729,pairwise,PairwiseVerletLists,0.500000,vlp_sliced_c02,none,AoS,disabled,8625000000,750000000,500000000,562500000,687500000,812500000,625000000,625000000,625000000,562500000,1437499999,1367233293,10
2026-02-22 12:59:35,50739,pairwise,PairwiseVerletLists,0.500000,vlp_sliced_c02,none,AoS,enabled,8625000000,687500000,687500000,875000000,500000000,687500000,812500000,625000000,687500000,625000000,1481250000,1445281089,10
2026-02-22 12:59:36,50749,pairwise,PairwiseVerletLists,0.500000,vlp_sliced_c02,none,SoA,disabled,25437500000,2312500000,2375000000,2312500000,2437500000,2437500000,2500000000,2437500000,2562500000,2562500000,4737500000,4622898729,10
2026-02-22 12:59:37,50759,pairwise,PairwiseVerletLists,0.500000,vlp_sliced_c02,none,SoA,enabled,25250000000,2500000000,2500000000,2500000000,2562500000,2500000000,2437500000,2500000000,2562500000,2500000000,4781249999,4693269383,10
2026-02-22 12:59:37,50769,pairwise,PairwiseVerletLists,1.000000,vlp_c01,none,AoS,disabled,13000000000,3125000000,2875000000,3000000000,2937500000,3000000000,2937500000,3125000000,3062500000,3062500000,4012499999,3982618016,10
2026-02-22 12:59:38,50779,pairwise,PairwiseVerletLists,1.000000,vlp_c01,none,SoA,disabled,24437500000,5000000000,4937500000,4812500000,4875000000,4875000000,5000000000,4750000000,5000000000,5000000000,6868749999,6868749999,10
2026-02-22 12:59:39,50789,pairwise,PairwiseVerletLists,1.000000,vlp_c18,none,AoS,disabled,11500000000,3375000000,3437500000,3375000000,3437500000,3375000000,3312500000,3250000000,3250000000,3562500000,4187500000,4158561222,10
2026-02-22 12:59:39,50799,pairwise,PairwiseVerletLists,1.000000,vlp_c18,none,AoS,enabled,11562500000,3375000000,3437500000,3375000000,3500000000,3312500000,3125000000,3312500000,3250000000,3437500000,4168749999,4149786252,10
2026-02-22 12:59:40,50809,pairwise,PairwiseVerletLists,1.000000,vlp_c18,none,SoA,disabled,28187500000,5125000000,5250000000,5250000000,5250000000,5312500000,5312500000,5250000000,5312500000,5187500000,7543750000,7526027908,10
2026-02-22 12:59:41,50819,pairwise,PairwiseVerletLists,1.000000,vlp_c18,none,SoA,enabled,28187500000,5312500000,5187500000,5250000000,5250000000,5125000000,5312500000,5250000000,5250000000,5250000000,7537499999,7493258026,10
2026-02-22 12:59:41,50829,pairwise,PairwiseVerletLists,1.000000,vlp_sliced,none,AoS,disabled,8750000000,812500000,562500000,625000000,625000000,687500000,625000000,625000000,625000000,687500000,1462499999,1389642545,10
2026-02-22 12:59:42,50839,pairwise,PairwiseVerletLists,1.000000,vlp_sliced,none,AoS,enabled,8687500000,625000000,750000000,625000000,625000000,625000000,687500000,625000000,625000000,625000000,1449999999,1437668319,10
2026-02-22 12:59:42,50849,pairwise,PairwiseVerletLists,1.000000,vlp_sliced,none,SoA,disabled,25375000000,2437500000,2437500000,2500000000,2562500000,2375000000,2562500000,2375000000,2250000000,2500000000,4737499999,4632215348,10
2026-02-22 12:59:43,50859,pairwise,PairwiseVerletLists,1.000000,vlp_sliced,none,SoA,enabled,25750000000,2312500000,2187500000,2375000000,2375000000,2500000000,2500000000,2500000000,2500000000,2500000000,4749999999,4677889958,10
2026-02-22 12:59:43,50869,pairwise,PairwiseVerletLists,1.000000,vlp_sliced_c02,none,AoS,disabled,8750000000,937500000,625000000,687500000,687500000,750000000,750000000,687500000,687500000,812500000,1537499999,1459499898,10
2026-02-22 12:59:44,50879,pairwise,PairwiseVerletLists,1.000000,vlp_sliced_c02,none,AoS,enabled,8812500000,687500000,750000000,750000000,750000000,812500000,687500000,875000000,812500000,687500000,1562499999,1523375250,10
2026-02-22 12:59:45,50889,pairwise,PairwiseVerletLists,1.000000,vlp_sliced_c02,none,SoA,disabled,25562500000,2562500000,2562500000,2562500000,2500000000,2375000000,2562500000,2250000000,2562500000,2500000000,4799999999,4670310488,10
2026-02-22 12:59:45,50899,pairwise,PairwiseVerletLists,1.000000,vlp_sliced_c02,none,SoA,enabled,25500000000,2500000000,2500000000,2562500000,2500000000,2437500000,2562500000,2500000000,2500000000,2500000000,4806249999,4717651608,10
2026-02-22 13:06:56,60009,pairwise,LinkedCells,0.500000,lc_c08,none,AoS,disabled,27250000000,26812500000,26812500000,26937500000,27000000000,27312500000,27125000000,27187500000,26937500000,27062500000,27043749999,26925510422,10
2026-02-22 13:07:01,60019,pairwise,LinkedCells,0.500000,lc_c08,none,AoS,enabled,27250000000,27062500000,27062500000,27187500000,27187500000,27000000000,26875000000,26875000000,27125000000,26937500000,27056249999,26928284886,10
2026-02-22 13:07:06,60029,pairwise,LinkedCells,0.500000,lc_c08,none,SoA,disabled,45375000000,45250000000,45375000000,45312500000,45312500000,45375000000,45000000000,45500000000,45375000000,45437500000,45331249999,45280234440,10
2026-02-22 13:07:11,60039,pairwise,LinkedCells,0.500000,lc_c08,none,SoA,enabled,45062500000,45000000000,45312500000,45062500000,45062500000,45250000000,45187500000,45000000000,45187500000,45187500000,45131249999,45118939610,10
2026-02-22 13:07:15,60049,pairwise,LinkedCells,0.500000,lc_c18,none,AoS,disabled,25875000000,25812500000,25812500000,25812500000,25875000000,25875000000,26000000000,25812500000,25812500000,25687500000,25837499999,25743346236,10
2026-02-22 13:07:20,60059,pairwise,LinkedCells,0.500000,lc_c18,none,AoS,enabled,25812500000,25875000000,25750000000,25750000000,25562500000,25875000000,25750000000,25812500000,25687500000,26000000000,25787499999,25728902998,10
2026-02-22 13:07:24,60069,pairwise,LinkedCells,0.500000,lc_c18,none,SoA,disabled,33875000000,33750000000,33625000000,33687500000,33875000000,33937500000,34000000000,33937500000,33812500000,33937500000,33843749999,33770019487,10
2026-02-22 13:07:29,60079,pairwise,LinkedCells,0.500000,lc_c18,none,SoA,enabled,33875000000,34000000000,33875000000,33937500000,33875000000,33937500000,33812500000,33875000000,34062500000,34000000000,33924999999,33836413837,10
2026-02-22 13:07:30,60089,pairwise,LinkedCells,1.000000,lc_c04,none,AoS,disabled,500000000,312500000,125000000,250000000,312500000,250000000,375000000,312500000,250000000,312500000,299999999,290917387,10
2026-02-22 13:07:30,60099,pairwise,LinkedCells,1.000000,lc_c04,none,AoS,enabled,500000000,375000000,375000000,437500000,375000000,250000000,312500000,437500000,312500000,312500000,368749999,347315970,10
2026-02-22 13:07:31,60109,pairwise,LinkedCells,1.000000,lc_c04,none,SoA,disabled,1750000000,1562500000,1750000000,1750000000,1750000000,1375000000,1437500000,1625000000,1562500000,1437500000,1599999999,1599999999,10
2026-02-22 13:07:31,60119,pairwise,LinkedCells,1.000000,lc_c04,none,SoA,enabled,1375000000,1500000000,1687500000,1500000000,1375000000,1625000000,1812500000,1500000000,1625000000,1812500000,1581249999,1581249999,10
2026-02-22 13:07:32,60129,pairwise,LinkedCells,1.000000,lc_c04_combined_SoA,none,SoA,disabled,2500000000,2312500000,2312500000,2625000000,2562500000,2375000000,2562500000,2437500000,2625000000,2375000000,2468749999,2457748921,10
2026-02-22 13:07:32,60139,pairwise,LinkedCells,1.000000,lc_c04_combined_SoA,none,SoA,enabled,2500000000,2375000000,2500000000,2437500000,2187500000,2562500000,2375000000,2375000000,2437500000,2375000000,2412499999,2404974564,10
2026-02-22 13:07:33,60149,pairwise,LinkedCells,1.000000,lc_c08,none,AoS,disabled,3000000000,3062500000,3187500000,3062500000,3187500000,3125000000,3125000000,3125000000,3125000000,3125000000,3112500000,3112500000,10
2026-02-22 13:07:33,60159,pairwise,LinkedCells,1.000000,lc_c08,none,AoS,enabled,3062500000,3125000000,3000000000,3125000000,3062500000,3187500000,3250000000,3062500000,3000000000,3125000000,3099999999,3099999999,10
2026-02-22 13:07:34,60169,pairwise,LinkedCells,1.000000,lc_c08,none,SoA,disabled,4312500000,4187500000,4187500000,4250000000,4375000000,4125000000,4062500000,4187500000,4062500000,4187500000,4193749999,4193749999,10
2026-02-22 13:07:35,60179,pairwise,LinkedCells,1.000000,lc_c08,none,SoA,enabled,4125000000,4375000000,4437500000,4250000000,4062500000,4125000000,4375000000,4312500000,4187500000,4062500000,4231249999,4231249999,10
2026-02-22 13:07:35,60189,pairwise,LinkedCells,1.000000,lc_c18,none,AoS,disabled,3125000000,3187500000,3250000000,3125000000,3125000000,3250000000,3375000000,3187500000,3062500000,3187500000,3187499999,3187499999,10
2026-02-22 13:07:36,60199,pairwise,LinkedCells,1.000000,lc_c18,none,AoS,enabled,3062500000,3125000000,3312500000,3187500000,3062500000,3062500000,3125000000,3250000000,3187500000,3187500000,3156249999,3138837312,10
2026-02-22 13:07:36,60209,pairwise,LinkedCells,1.000000,lc_c18,none,SoA,disabled,4000000000,3937500000,4250000000,4000000000,3937500000,3875000000,3937500000,3875000000,4062500000,4000000000,3987499999,3987499999,10
2026-02-22 13:07:37,60219,pairwise,LinkedCells,1.000000,lc_c18,none,SoA,enabled,3750000000,4125000000,3875000000,4062500000,3937500000,3937500000,4000000000,4062500000,4062500000,4000000000,3981249999,3964691777,10
2026-02-22 13:07:37,60229,pairwise,VerletLists,0.500000,vl_list_iteration,none,AoS,disabled,5750000000,312500000,125000000,250000000,125000000,125000000,125000000,0,312500000,0,712499999,712499999,10
2026-02-22 13:07:38,60239,pairwise,VerletLists,0.500000,vl_list_iteration,none,SoA,disabled,8312500000,1375000000,1500000000,1562500000,1750000000,1687500000,1562500000,1437500000,1625000000,1625000000,2243749999,2235316024,10
2026-02-22 13:07:38,60249,pairwise,VerletLists,1.000000,vl_list_iteration,none,AoS,disabled,5812500000,125000000,250000000,312500000,0,312500000,250000000,125000000,250000000,125000000,756249999,756249999,10
2026-02-22 13:07:39,60259,pairwise,VerletLists,1.000000,vl_list_iteration,none,SoA,disabled,8062500000,1437500000,1562500000,1500000000,1437500000,1500000000,1437500000,1562500000,1500000000,1625000000,2162499999,2162499999,10
2026-02-22 13:07:40,60269,pairwise,VerletListsCells,0.500000,vlc_c01,none,AoS,disabled,12000000000,2687500000,3000000000,2812500000,2687500000,2937500000,2812500000,2937500000,2625000000,2875000000,3737499999,3737499999,10
2026-02-22 13:07:40,60279,pairwise,VerletListsCells,0.500000,vlc_c01,none,SoA,disabled,16187500000,4500000000,4687500000,4562500000,4500000000,4437500000,4687500000,4500000000,4437500000,4625000000,5712499999,5645854832,10
2026-02-22 13:07:41,60289,pairwise,VerletListsCells,0.500000,vlc_c18,none,AoS,disabled,8812500000,3250000000,3375000000,3000000000,3187500000,3000000000,3250000000,3062500000,3062500000,3000000000,3699999999,3695648368,10
2026-02-22 13:07:41,60299,pairwise,VerletListsCells,0.500000,vlc_c18,none,AoS,enabled,8500000000,3000000000,3312500000,3125000000,3062500000,3125000000,3187500000,3125000000,3250000000,3125000000,3681249999,3653248601,10
2026-02-22 13:07:42,60309,pairwise,VerletListsCells,0.500000,vlc_c18,none,SoA,disabled,12687500000,4750000000,4750000000,4812500000,4875000000,4562500000,4812500000,4812500000,4812500000,4875000000,5574999999,5564588156,10
2026-02-22 13:07:43,60319,pairwise,VerletListsCells,0.500000,vlc_c18,none,SoA,enabled,12562500000,4625000000,5062500000,4812500000,5000000000,4875000000,4875000000,4875000000,4750000000,5000000000,5643750000,5612665889,10
2026-02-22 13:07:43,60329,pairwise,VerletListsCells,0.500000,vlc_c08,none,AoS,disabled,6937500000,3000000000,3062500000,2937500000,3000000000,2937500000,3062500000,3062500000,3000000000,3062500000,3406249999,3404168275,10
2026-02-22 13:07:44,60339,pairwise,VerletListsCells,0.500000,vlc_c08,none,AoS,enabled,6812500000,2937500000,3062500000,2875000000,2875000000,3062500000,3062500000,3062500000,2937500000,3062500000,3374999999,3374999999,10
2026-02-22 13:07:44,60349,pairwise,VerletListsCells,0.500000,vlc_c08,none,SoA,disabled,10875000000,4312500000,4437500000,4500000000,4625000000,4625000000,4562500000,4562500000,4500000000,4625000000,5162499999,5162499999,10
2026-02-22 13:07:45,60359,pairwise,VerletListsCells,0.500000,vlc_c08,none,SoA,enabled,10875000000,4625000000,4562500000,4500000000,4562500000,4875000000,4875000000,4437500000,4687500000,4625000000,5262499999,5244171122,10
2026-02-22 13:07:46,60369,pairwise,VerletListsCells,0.500000,vlc_sliced,none,AoS,disabled,5750000000,0,0,0,187500000,125000000,0,0,0,125000000,618749999,607988798,10
2026-02-22 13:07:46,60379,pairwise,VerletListsCells,0.500000,vlc_sliced,none,AoS,enabled,5312500000,0,0,125000000,125000000,0,0,125000000,0,125000000,581249999,570184030,10
2026-02-22 13:07:47,60389,pairwise,VerletListsCells,0.500000,vlc_sliced,none,SoA,disabled,9562500000,1750000000,1625000000,1500000000,1687500000,1625000000,1625000000,1750000000,1562500000,1562500000,2424999999,2407459985,10
2026-02-22 13:07:47,60399,pairwise,VerletListsCells,0.500000,vlc_sliced,none,SoA,enabled,9062500000,1687500000,1500000000,1687500000,1500000000,1625000000,1687500000,1500000000,1625000000,1562500000,2343749999,2338207637,10
2026-02-22 13:07:48,60409,pairwise,VerletListsCells,0.500000,vlc_sliced_c02,none,AoS,disabled,5562500000,125000000,0,0,62500000,187500000,0,0,125000000,0,606249999,568590390,10
2026-02-22 13:07:48,60419,pairwise,VerletListsCells,0.500000,vlc_sliced_c02,none,AoS,enabled,5312500000,0,0,125000000,0,0,0,0,125000000,0,556249999,547282524,10
2026-02-22 13:07:49,60429,pairwise,VerletListsCells,0.500000,vlc_sliced_c02,none,SoA,disabled,9625000000,1562500000,1500000000,1562500000,1500000000,1687500000,1625000000,1687500000,1687500000,1750000000,2418749999,2390943704,10
2026-02-22 13:07:49,60439,pairwise,VerletListsCells,0.500000,vlc_sliced_c02,none,SoA,enabled,9250000000,1687500000,1625000000,1687500000,1625000000,1750000000,1625000000,1687500000,1687500000,1562500000,2418749999,2401862464,10
2026-02-22 13:07:50,60449,pairwise,VerletListsCells,1.000000,vlc_c01,none,AoS,disabled,12187500000,2812500000,2812500000,2687500000,2875000000,2875000000,2875000000,2875000000,2875000000,2687500000,3756249999,3754891298,10
2026-02-22 13:07:50,60459,pairwise,VerletListsCells,1.000000,vlc_c01,none,SoA,disabled,16312500000,4687500000,4312500000,4625000000,4250000000,4312500000,4437500000,4562500000,4500000000,4687500000,5668749999,5668749999,10
2026-02-22 13:07:51,60469,pairwise,VerletListsCells,1.000000,vlc_c18,none,AoS,disabled,8625000000,3062500000,3187500000,3187500000,3125000000,3312500000,3125000000,3062500000,3375000000,3250000000,3731250000,3724484572,10
2026-02-22 13:07:52,60479,pairwise,VerletListsCells,1.000000,vlc_c18,none,AoS,enabled,8625000000,3000000000,3250000000,3000000000,3187500000,3125000000,3125000000,3250000000,3125000000,3187500000,3687499999,3687499999,10
2026-02-22 13:07:52,60489,pairwise,VerletListsCells,1.000000,vlc_c18,none,SoA,disabled,12875000000,4937500000,4875000000,4812500000,4937500000,5000000000,4750000000,4812500000,4937500000,4937500000,5687499999,5674635270,10
2026-02-22 13:07:53,60499,pairwise,VerletListsCells,1.000000,vlc_c18,none,SoA,enabled,12687500000,4937500000,4875000000,4812500000,4875000000,4875000000,4625000000,4750000000,4875000000,4937500000,5624999999,5608272287,10
2026-02-22 13:07:53,60509,pairwise,VerletListsCells,1.000000,vlc_c08,none,AoS,disabled,6812500000,2937500000,3000000000,3000000000,3250000000,3062500000,3125000000,3187500000,3000000000,3062500000,3443749999,3435737192,10
2026-02-22 13:07:54,60519,pairwise,VerletListsCells,1.000000,vlc_c08,none,AoS,enabled,6750000000,2875000000,3000000000,2937500000,3062500000,2937500000,2812500000,2875000000,2875000000,3000000000,3312499999,3312499999,10
2026-02-22 13:07:55,60529,pairwise,VerletListsCells,1.000000,vlc_c08,none,SoA,disabled,11187500000,4500000000,4500000000,4625000000,4687500000,4812500000,4687500000,4375000000,4625000000,4625000000,5262499999,5262499999,10
2026-02-22 13:07:55,60539,pairwise,VerletListsCells,1.000000,vlc_c08,none,SoA,enabled,10750000000,4437500000,4625000000,4562500000,4500000000,4437500000,4625000000,4500000000,4437500000,4375000000,5125000000,5125000000,10
2026-02-22 13:07:56,60549,pairwise,VerletListsCells,1.000000,vlc_sliced,none,AoS,disabled,5812500000,0,0,0,0,0,0,0,0,0,581250000,563931454,10
2026-02-22 13:07:56,60559,pairwise,VerletListsCells,1.000000,vlc_sliced,none,AoS,enabled,5312500000,0,0,0,125000000,0,0,187500000,0,0,562499999,554933092,10
2026-02-22 13:07:57,60569,pairwise,VerletListsCells,1.000000,vlc_sliced,none,SoA,disabled,9812500000,1750000000,1500000000,1625000000,1687500000,1562500000,1625000000,1625000000,1437500000,1625000000,2424999999,2394038599,10
2026-02-22 13:07:57,60579,pairwise,VerletListsCells,1.000000,vlc_sliced,none,SoA,enabled,9375000000,1500000000,1750000000,1500000000,1500000000,1812500000,1687500000,1625000000,1437500000,1500000000,2368749999,2361691790,10
2026-02-22 13:07:58,60589,pairwise,VerletListsCells,1.000000,vlc_sliced_c02,none,AoS,disabled,5750000000,0,0,125000000,0,0,187500000,0,187500000,0,624999999,596463315,10
2026-02-22 13:07:58,60599,pairwise,VerletListsCells,1.000000,vlc_sliced_c02,none,AoS,enabled,5562500000,187500000,0,0,0,0,0,0,0,0,574999999,563997621,10
2026-02-22 13:07:59,60609,pairwise,VerletListsCells,1.000000,vlc_sliced_c02,none,SoA,disabled,9812500000,1625000000,1500000000,1437500000,1562500000,1687500000,1687500000,1687500000,1750000000,1500000000,2424999999,2409822488,10
2026-02-22 13:07:59,60619,pairwise,VerletListsCells,1.000000,vlc_sliced_c02,none,SoA,enabled,9312500000,1812500000,1562500000,1625000000,1687500000,1562500000,1500000000,1437500000,1562500000,1625000000,2368749999,2359026799,10
2026-02-22 13:08:00,60629,pairwise,PairwiseVerletLists,0.500000,vlp_c01,none,AoS,disabled,12750000000,2875000000,2937500000,2687500000,2937500000,2937500000,2812500000,2812500000,2812500000,3062500000,3862500000,3862500000,10
2026-02-22 13:08:01,60639,pairwise,PairwiseVerletLists,0.500000,vlp_c01,none,SoA,disabled,24250000000,4750000000,4812500000,4812500000,4812500000,4750000000,4687500000,4687500000,4625000000,4812500000,6700000000,6686223563,10
2026-02-22 13:08:01,60649,pairwise,PairwiseVerletLists,0.500000,vlp_c18,none,AoS,disabled,11375000000,3375000000,3375000000,3312500000,3187500000,3375000000,3250000000,3250000000,3375000000,3375000000,4124999999,4124999999,10
2026-02-22 13:08:02,60659,pairwise,PairwiseVerletLists,0.500000,vlp_c18,none,AoS,enabled,11187500000,3375000000,3312500000,3375000000,3375000000,3250000000,3312500000,3250000000,3250000000,3250000000,4093749999,4093749999,10
2026-02-22 13:08:03,60669,pairwise,PairwiseVerletLists,0.500000,vlp_c18,none,SoA,disabled,27937500000,5125000000,5062500000,5000000000,5312500000,5312500000,5187500000,5312500000,5312500000,5250000000,7481249999,7464005025,10
2026-02-22 13:08:03,60679,pairwise,PairwiseVerletLists,0.500000,vlp_c18,none,SoA,enabled,27625000000,5187500000,5250000000,5250000000,5062500000,5250000000,5250000000,5312500000,5312500000,5062500000,7456249999,7448288222,10
2026-02-22 13:08:04,60689,pairwise,PairwiseVerletLists,0.500000,vlp_sliced,none,AoS,disabled,8750000000,625000000,625000000,375000000,625000000,687500000,687500000,625000000,812500000,625000000,1443749999,1410964987,10
2026-02-22 13:08:04,60699,pairwise,PairwiseVerletLists,0.500000,vlp_sliced,none,AoS,enabled,8562500000,812500000,875000000,625000000,625000000,750000000,750000000,687500000,687500000,687500000,1506249999,1469380612,10
2026-02-22 13:08:05,60709,pairwise,PairwiseVerletLists,0.500000,vlp_sliced,none,SoA,disabled,24875000000,2375000000,2375000000,2250000000,2375000000,2375000000,2500000000,2562500000,2250000000,2500000000,4643749999,4609148630,10
2026-02-22 13:08:06,60719,pairwise,PairwiseVerletLists,0.500000,vlp_sliced,none,SoA,enabled,24875000000,2437500000,2312500000,2375000000,2375000000,2437500000,2312500000,2437500000,2562500000,2500000000,4662499999,4625268559,10
2026-02-22 13:08:06,60729,pairwise,PairwiseVerletLists,0.500000,vlp_sliced_c02,none,AoS,disabled,8562500000,750000000,687500000,812500000,687500000,687500000,687500000,750000000,687500000,687500000,1499999999,1455502571,10
2026-02-22 13:08:07,60739,pairwise,PairwiseVerletLists,0.500000,vlp_sliced_c02,none,AoS,enabled,8687500000,687500000,500000000,562500000,687500000,625000000,750000000,437500000,687500000,687500000,1431250000,1426265514,10
2026-02-22 13:08:07,60749,pairwise,PairwiseVerletLists,0.500000,vlp_sliced_c02,none,SoA,disabled,24875000000,2437500000,2375000000,2500000000,2312500000,2625000000,2375000000,2500000000,2312500000,2312500000,4662499999,4608065505,10
2026-02-22 13:08:08,60759,pairwise,PairwiseVerletLists,0.500000,vlp_sliced_c02,none,SoA,enabled,24687500000,2312500000,2312500000,2375000000,2500000000,2187500000,2687500000,2375000000,2375000000,2500000000,4631249999,4624310061,10
2026-02-22 13:08:08,60769,pairwise,PairwiseVerletLists,1.000000,vlp_c01,none,AoS,disabled,12875000000,3062500000,3125000000,2937500000,3000000000,2812500000,3062500000,3062500000,3062500000,2937500000,3993749999,3993749999,10
2026-02-22 13:08:09,60779,pairwise,PairwiseVerletLists,1.000000,vlp_c01,none,SoA,disabled,23812500000,5000000000,4750000000,4750000000,4687500000,4750000000,4750000000,4875000000,4937500000,4812500000,6712500000,6712500000,10
2026-02-22 13:08:10,60789,pairwise,PairwiseVerletLists,1.000000,vlp_c18,none,AoS,disabled,11500000000,3437500000,3375000000,3500000000,3437500000,3312500000,3375000000,3437500000,3375000000,3375000000,4212499999,4203356739,10
2026-02-22 13:08:10,60799,pairwise,PairwiseVerletLists,1.000000,vlp_c18,none,AoS,enabled,11250000000,3250000000,3375000000,3375000000,3187500000,3375000000,3250000000,3312500000,3375000000,3187500000,4093749999,4093749999,10
2026-02-22 13:08:11,60809,pairwise,PairwiseVerletLists,1.000000,vlp_c18,none,SoA,disabled,27875000000,5312500000,5312500000,5312500000,5250000000,5250000000,5125000000,5250000000,5375000000,5187500000,7524999999,7499552102,10
2026-02-22 13:08:12,60819,pairwise,PairwiseVerletLists,1.000000,vlp_c18,none,SoA,enabled,27562500000,5312500000,5187500000,5250000000,5312500000,5187500000,5187500000,5250000000,5375000000,5250000000,7487499999,7479184468,10
2026-02-22 13:08:12,60829,pairwise,PairwiseVerletLists,1.000000,vlp_sliced,none,AoS,disabled,8750000000,625000000,625000000,625000000,687500000,500000000,625000000,687500000,625000000,687500000,1443749999,1431384905,10
2026-02-22 13:08:13,60839,pairwise,PairwiseVerletLists,1.000000,vlp_sliced,none,AoS,enabled,8687500000,687500000,625000000,750000000,687500000,687500000,687500000,812500000,625000000,750000000,1499999999,1489494383,10
2026-02-22 13:08:13,60849,pairwise,PairwiseVerletLists,1.000000,vlp_sliced,none,SoA,disabled,25062500000,2187500000,2312500000,2312500000,2250000000,2500000000,2500000000,2187500000,2625000000,2375000000,4631249999,4591561276,10
2026-02-22 13:08:14,60859,pairwise,PairwiseVerletLists,1.000000,vlp_sliced,none,SoA,enabled,24875000000,2500000000,2500000000,2562500000,2312500000,2187500000,2250000000,2500000000,2500000000,2562500000,4674999999,4652158912,10
2026-02-22 13:08:15,60869,pairwise,PairwiseVerletLists,1.000000,vlp_sliced_c02,none,AoS,disabled,8812500000,750000000,750000000,750000000,812500000,750000000,562500000,687500000,937500000,687500000,1549999999,1527289295,10
2026-02-22 13:08:15,60879,pairwise,PairwiseVerletLists,1.000000,vlp_sliced_c02,none,AoS,enabled,8687500000,687500000,687500000,687500000,625000000,625000000,625000000,812500000,812500000,812500000,1506249999,1506249999,10
2026-02-22 13:08:16,60889,pairwise,PairwiseVerletLists,1.000000,vlp_sliced_c02,none,SoA,disabled,25312500000,2312500000,2625000000,2250000000,2250000000,2500000000,2500000000,2500000000,2500000000,2500000000,4725000000,4670637834,10
2026-02-22 13:08:16,60899,pairwise,PairwiseVerletLists,1.000000,vlp_sliced_c02,none,SoA,enabled,25500000000,2500000000,2500000000,2500000000,2375000000,2187500000,2375000000,2375000000,2250000000,2375000000,4693749999,4683404225,10
2026-02-22 13:15:28,70009,pairwise,LinkedCells,0.500000,lc_c08,none,AoS,disabled,27187500000,26812500000,26812500000,26625000000,26812500000,26812500000,26937500000,26812500000,26875000000,27187500000,26887499999,26887322281,10
2026-02-22 13:15:33,70019,pairwise,LinkedCells,0.500000,lc_c08,none,AoS,enabled,27062500000,27250000000,26937500000,26937500000,26875000000,26812500000,27062500000,26875000000,26812500000,27000000000,26962499999,26957583444,10
2026-02-22 13:15:38,70029,pairwise,LinkedCells,0.500000,lc_c08,none,SoA,disabled,45312500000,45312500000,45187500000,45500000000,45187500000,45250000000,45812500000,45125000000,45312500000,45125000000,45312500000,45305871322,10
2026-02-22 13:15:43,70039,pairwise,LinkedCells,0.500000,lc_c08,none,SoA,enabled,45437500000,45250000000,45187500000,45437500000,45250000000,45062500000,45312500000,45187500000,45062500000,45187500000,45237499999,45205981865,10
2026-02-22 13:15:47,70049,pairwise,LinkedCells,0.500000,lc_c18,none,AoS,disabled,25687500000,25812500000,25750000000,25562500000,25812500000,25750000000,25687500000,25625000000,25625000000,25750000000,25706249999,25703110277,10
2026-02-22 13:15:52,70059,pairwise,LinkedCells,0.500000,lc_c18,none,AoS,enabled,25687500000,25625000000,25875000000,25562500000,25812500000,25750000000,25687500000,25750000000,25687500000,25437500000,25687500000,25686565828,10
2026-02-22 13:15:57,70069,pairwise,LinkedCells,0.500000,lc_c18,none,SoA,disabled,34000000000,33625000000,33750000000,33750000000,33687500000,33875000000,33875000000,33937500000,33625000000,33625000000,33775000000,33747382791,10
2026-02-22 13:16:01,70079,pairwise,LinkedCells,0.500000,lc_c18,none,SoA,enabled,33937500000,33687500000,33812500000,33687500000,33875000000,33937500000,33812500000,33687500000,33812500000,33875000000,33812499999,33811429565,10
2026-02-22 13:16:02,70089,pairwise,LinkedCells,1.000000,lc_c04,none,AoS,disabled,625000000,500000000,312500000,312500000,437500000,250000000,312500000,375000000,312500000,312500000,374999999,364612052,10
2026-02-22 13:16:03,70099,pairwise,LinkedCells,1.000000,lc_c04,none,AoS,enabled,250000000,375000000,625000000,375000000,250000000,375000000,375000000,375000000,187500000,312500000,349999999,349999999,10
2026-02-22 13:16:03,70109,pairwise,LinkedCells,1.000000,lc_c04,none,SoA,disabled,1687500000,1750000000,1625000000,1812500000,1437500000,1875000000,1687500000,1687500000,1562500000,1625000000,1674999999,1657630256,10
2026-02-22 13:16:04,70119,pairwise,LinkedCells,1.000000,lc_c04,none,SoA,enabled,1562500000,1687500000,1562500000,1812500000,1812500000,1500000000,1875000000,1562500000,1687500000,1687500000,1675000000,1648452097,10
2026-02-22 13:16:04,70129,pairwise,LinkedCells,1.000000,lc_c04_combined_SoA,none,SoA,disabled,2250000000,2187500000,2500000000,2312500000,2500000000,2312500000,2250000000,2250000000,2187500000,2437500000,2318749999,2318749999,10
2026-02-22 13:16:05,70139,pairwise,LinkedCells,1.000000,lc_c04_combined_SoA,none,SoA,enabled,2187500000,2375000000,2437500000,2250000000,2250000000,2250000000,2187500000,2250000000,2187500000,2250000000,2262499999,2262499999,10
2026-02-22 13:16:05,70149,pairwise,LinkedCells,1.000000,lc_c08,none,AoS,disabled,3062500000,3125000000,3125000000,3000000000,3125000000,2937500000,3062500000,3062500000,3187500000,3125000000,3081249999,3081249999,10
2026-02-22 13:16:06,70159,pairwise,LinkedCells,1.000000,lc_c08,none,AoS,enabled,3062500000,3062500000,3062500000,2750000000,3125000000,3062500000,3062500000,3125000000,3000000000,3000000000,3031249999,3031249999,10
2026-02-22 13:16:06,70169,pairwise,LinkedCells,1.000000,lc_c08,none,SoA,disabled,4375000000,4062500000,4062500000,4187500000,4187500000,4187500000,4187500000,4125000000,4312500000,4312500000,4199999999,4195751023,10
2026-02-22 13:16:07,70179,pairwise,LinkedCells,1.000000,lc_c08,none,SoA,enabled,4000000000,4187500000,4000000000,4062500000,4062500000,4375000000,4187500000,3937500000,4250000000,4062500000,4112500000,4112500000,10
2026-02-22 13:16:08,70189,pairwise,LinkedCells,1.000000,lc_c18,none,AoS,disabled,3125000000,3062500000,3250000000,3062500000,3375000000,3125000000,3250000000,3062500000,3062500000,3062500000,3143749999,3143749999,10
2026-02-22 13:16:08,70199,pairwise,LinkedCells,1.000000,lc_c18,none,AoS,enabled,3125000000,3062500000,3062500000,3187500000,3000000000,3062500000,3062500000,3062500000,3000000000,3312500000,3093749999,3093749999,10
2026-02-22 13:16:09,70209,pairwise,LinkedCells,1.000000,lc_c18,none,SoA,disabled,3875000000,4000000000,4000000000,3937500000,3875000000,3937500000,3937500000,4000000000,3937500000,3875000000,3937499999,3937499999,10
2026-02-22 13:16:09,70219,pairwise,LinkedCells,1.000000,lc_c18,none,SoA,enabled,3937500000,3812500000,3937500000,4000000000,3875000000,4062500000,3937500000,3875000000,3812500000,3937500000,3918749999,3918749999,10
2026-02-22 13:16:10,70229,pairwise,VerletLists,0.500000,vl_list_iteration,none,AoS,disabled,5750000000,312500000,125000000,250000000,0,250000000,187500000,125000000,250000000,0,724999999,718535925,10
2026-02-22 13:16:10,70239,pairwise,VerletLists,0.500000,vl_list_iteration,none,SoA,disabled,8312500000,1500000000,1500000000,1562500000,1562500000,1562500000,1500000000,1500000000,1500000000,1687500000,2218749999,2218749999,10
2026-02-22 13:16:11,70249,pairwise,VerletLists,1.000000,vl_list_iteration,none,AoS,disabled,5750000000,187500000,62500000,312500000,0,125000000,250000000,125000000,250000000,0,706249999,706249999,10
2026-02-22 13:16:11,70259,pairwise,VerletLists,1.000000,vl_list_iteration,none,SoA,disabled,8187500000,1750000000,1500000000,1562500000,1562500000,1625000000,1500000000,1625000000,1562500000,1562500000,2243749999,2220519338,10
2026-02-22 13:16:12,70269,pairwise,VerletListsCells,0.500000,vlc_c01,none,AoS,disabled,12125000000,2687500000,2687500000,2750000000,2687500000,2687500000,2812500000,2625000000,2750000000,3062500000,3687500000,3687500000,10
2026-02-22 13:16:13,70279,pairwise,VerletListsCells,0.500000,vlc_c01,none,SoA,disabled,15875000000,4375000000,4375000000,4250000000,4562500000,4312500000,4250000000,4250000000,4437500000,4250000000,5493749999,5493749999,10
2026-02-22 13:16:13,70289,pairwise,VerletListsCells,0.500000,vlc_c18,none,AoS,disabled,8812500000,3312500000,3375000000,3187500000,3062500000,3312500000,3125000000,3062500000,3062500000,3250000000,3756249999,3743684523,10
2026-02-22 13:16:14,70299,pairwise,VerletListsCells,0.500000,vlc_c18,none,AoS,enabled,8625000000,3000000000,3062500000,3250000000,3000000000,3062500000,3125000000,3000000000,3250000000,3250000000,3662499999,3658037087,10
2026-02-22 13:16:14,70309,pairwise,VerletListsCells,0.500000,vlc_c18,none,SoA,disabled,12750000000,4625000000,4937500000,5000000000,4687500000,4937500000,4750000000,4687500000,4687500000,4812500000,5587499999,5576884562,10
2026-02-22 13:16:15,70319,pairwise,VerletListsCells,0.500000,vlc_c18,none,SoA,enabled,12500000000,4750000000,4687500000,4687500000,4562500000,4687500000,4812500000,4812500000,4687500000,4687500000,5487499999,5487499999,10
2026-02-22 13:16:16,70329,pairwise,VerletListsCells,0.500000,vlc_c08,none,AoS,disabled,6875000000,2937500000,3000000000,2937500000,3062500000,3062500000,2937500000,2937500000,3125000000,3062500000,3393749999,3393749999,10
2026-02-22 13:16:16,70339,pairwise,VerletListsCells,0.500000,vlc_c08,none,AoS,enabled,6687500000,3000000000,3000000000,2937500000,2875000000,3000000000,2875000000,2812500000,2937500000,3000000000,3312500000,3312500000,10
2026-02-22 13:16:17,70349,pairwise,VerletListsCells,0.500000,vlc_c08,none,SoA,disabled,11062500000,4500000000,4562500000,4687500000,4500000000,4437500000,4562500000,4625000000,4562500000,4562500000,5206249999,5181039449,10
2026-02-22 13:16:17,70359,pairwise,VerletListsCells,0.500000,vlc_c08,none,SoA,enabled,10687500000,4625000000,4625000000,4750000000,4687500000,4500000000,4562500000,4500000000,4437500000,4625000000,5199999999,5199999999,10
2026-02-22 13:16:18,70369,pairwise,VerletListsCells,0.500000,vlc_sliced,none,AoS,disabled,5687500000,0,125000000,0,125000000,0,0,0,0,0,593749999,593749999,10
2026-02-22 13:16:18,70379,pairwise,VerletListsCells,0.500000,vlc_sliced,none,AoS,enabled,5375000000,0,0,0,0,0,0,187500000,0,0,556249999,556249999,10
2026-02-22 13:16:19,70389,pairwise,VerletListsCells,0.500000,vlc_sliced,none,SoA,disabled,9437500000,1625000000,1687500000,1500000000,1625000000,1875000000,1500000000,1562500000,1437500000,1625000000,2387499999,2385416292,10
2026-02-22 13:16:19,70399,pairwise,VerletListsCells,0.500000,vlc_sliced,none,SoA,enabled,9062500000,1687500000,1562500000,1562500000,1687500000,1562500000,1500000000,1500000000,1687500000,1562500000,2337499999,2331013375,10
2026-02-22 13:16:20,70409,pairwise,VerletListsCells,0.500000,vlc_sliced_c02,none,AoS,disabled,5687500000,0,0,0,0,0,0,0,0,0,568750000,568750000,10
2026-02-22 13:16:20,70419,pairwise,VerletListsCells,0.500000,vlc_sliced_c02,none,AoS,enabled,5500000000,0,0,0,0,0,0,0,125000000,187500000,581249999,579085284,10
2026-02-22 13:16:21,70429,pairwise,VerletListsCells,0.500000,vlc_sliced_c02,none,SoA,disabled,9750000000,1500000000,1625000000,1562500000,1562500000,1500000000,1875000000,1500000000,1500000000,1812500000,2418749999,2408453083,10
2026-02-22 13:16:21,70439,pairwise,VerletListsCells,0.500000,vlc_sliced_c02,none,SoA,enabled,9312500000,1437500000,1812500000,1625000000,1500000000,1437500000,1812500000,1687500000,1625000000,1562500000,2381249999,2381249999,10
2026-02-22 13:16:22,70449,pairwise,VerletListsCells,1.000000,vlc_c01,none,AoS,disabled,12625000000,2875000000,2937500000,3062500000,2937500000,2875000000,3062500000,2937500000,2875000000,2937500000,3912499999,3873352436,10
2026-02-22 13:16:23,70459,pairwise,VerletListsCells,1.000000,vlc_c01,none,SoA,disabled,16187500000,4437500000,4312500000,4437500000,4437500000,4250000000,4375000000,4187500000,4375000000,4250000000,5524999999,5524999999,10
2026-02-22 13:16:23,70469,pairwise,VerletListsCells,1.000000,vlc_c18,none,AoS,disabled,9437500000,3062500000,3437500000,3000000000,3125000000,3312500000,3000000000,3125000000,3187500000,3000000000,3768749999,3761370914,10
2026-02-22 13:16:24,70479,pairwise,VerletListsCells,1.000000,vlc_c18,none,AoS,enabled,9312500000,3312500000,3125000000,3250000000,3062500000,3000000000,3375000000,3062500000,3312500000,3125000000,3793749999,3774142122,10
2026-02-22 13:16:24,70489,pairwise,VerletListsCells,1.000000,vlc_c18,none,SoA,disabled,13437500000,4812500000,4687500000,4812500000,4687500000,4687500000,4750000000,4750000000,4937500000,4812500000,5637499999,5637499999,10
2026-02-22 13:16:25,70499,pairwise,VerletListsCells,1.000000,vlc_c18,none,SoA,enabled,13187500000,4875000000,4687500000,4812500000,4750000000,4937500000,4687500000,4937500000,4875000000,4812500000,5656249999,5605273902,10
2026-02-22 13:16:26,70509,pairwise,VerletListsCells,1.000000,vlc_c08,none,AoS,disabled,7375000000,2937500000,2937500000,3062500000,2875000000,3000000000,2875000000,3000000000,2875000000,3062500000,3399999999,3399999999,10
2026-02-22 13:16:26,70519,pairwise,VerletListsCells,1.000000,vlc_c08,none,AoS,enabled,7375000000,2875000000,3000000000,3062500000,2812500000,3062500000,3000000000,3000000000,2937500000,2875000000,3399999999,3377100192,10
2026-02-22 13:16:27,70529,pairwise,VerletListsCells,1.000000,vlc_c08,none,SoA,disabled,11312500000,4562500000,4687500000,4437500000,4687500000,4500000000,4687500000,4625000000,4562500000,4500000000,5256249999,5254209523,10
2026-02-22 13:16:28,70539,pairwise,VerletListsCells,1.000000,vlc_c08,none,SoA,enabled,11062500000,4687500000,4687500000,4625000000,4562500000,4375000000,4750000000,4625000000,4500000000,4437500000,5231249999,5189453248,10
2026-02-22 13:16:28,70549,pairwise,VerletListsCells,1.000000,vlc_sliced,none,AoS,disabled,5750000000,0,125000000,0,0,0,0,0,0,0,587499999,583383735,10
2026-02-22 13:16:28,70559,pairwise,VerletListsCells,1.000000,vlc_sliced,none,AoS,enabled,5375000000,0,125000000,62500000,0,0,0,0,0,0,556249999,554043550,10
2026-02-22 13:16:29,70569,pairwise,VerletListsCells,1.000000,vlc_sliced,none,SoA,disabled,9625000000,1687500000,1625000000,1750000000,1437500000,1687500000,1687500000,1625000000,1687500000,1437500000,2425000000,2412629431,10
2026-02-22 13:16:30,70579,pairwise,VerletListsCells,1.000000,vlc_sliced,none,SoA,enabled,9375000000,1687500000,1687500000,1625000000,1687500000,1500000000,1500000000,1687500000,1687500000,1687500000,2412499999,2397510837,10
2026-02-22 13:16:30,70589,pairwise,VerletListsCells,1.000000,vlc_sliced_c02,none,AoS,disabled,5500000000,0,0,0,125000000,125000000,125000000,187500000,0,0,606250000,606250000,10
2026-02-22 13:16:31,70599,pairwise,VerletListsCells,1.000000,vlc_sliced_c02,none,AoS,enabled,5125000000,0,0,0,0,125000000,0,0,0,0,524999999,524999999,10
2026-02-22 13:16:31,70609,pairwise,VerletListsCells,1.000000,vlc_sliced_c02,none,SoA,disabled,9750000000,1625000000,1500000000,1500000000,1625000000,1625000000,1750000000,1562500000,1687500000,1562500000,2418749999,2409497769,10
2026-02-22 13:16:32,70619,pairwise,VerletListsCells,1.000000,vlc_sliced_c02,none,SoA,enabled,9375000000,1437500000,1562500000,1500000000,1687500000,1687500000,1625000000,1750000000,1750000000,1812500000,2418749999,2401264010,10
2026-02-22 13:16:32,70629,pairwise,PairwiseVerletLists,0.500000,vlp_c01,none,AoS,disabled,12812500000,3062500000,2937500000,3000000000,3062500000,3125000000,2937500000,3062500000,2937500000,2875000000,3981250000,3941338160,10
2026-02-22 13:16:33,70639,pairwise,PairwiseVerletLists,0.500000,vlp_c01,none,SoA,disabled,24625000000,4937500000,4937500000,4812500000,5000000000,5000000000,4812500000,4937500000,4750000000,5000000000,6881249999,6794991054,10
2026-02-22 13:16:33,70649,pairwise,PairwiseVerletLists,0.500000,vlp_c18,none,AoS,disabled,11250000000,3437500000,3312500000,3500000000,3375000000,3437500000,3437500000,3125000000,3250000000,3250000000,4137499999,4136060560,10
2026-02-22 13:16:34,70659,pairwise,PairwiseVerletLists,0.500000,vlp_c18,none,AoS,enabled,11375000000,3187500000,3187500000,3187500000,3375000000,3125000000,3250000000,3437500000,3250000000,3250000000,4062500000,4062500000,10
2026-02-22 13:16:35,70669,pairwise,PairwiseVerletLists,0.500000,vlp_c18,none,SoA,disabled,27625000000,5250000000,5250000000,5250000000,5125000000,5375000000,5125000000,5250000000,5437500000,5437500000,7512499999,7483417682,10
2026-02-22 13:16:36,70679,pairwise,PairwiseVerletLists,0.500000,vlp_c18,none,SoA,enabled,27437500000,5187500000,5000000000,5187500000,5312500000,5250000000,5125000000,5250000000,5187500000,5312500000,7424999999,7422567415,10
2026-02-22 13:16:36,70689,pairwise,PairwiseVerletLists,0.500000,vlp_sliced,none,AoS,disabled,8625000000,625000000,562500000,562500000,562500000,625000000,625000000,687500000,687500000,625000000,1418749999,1418749999,10
2026-02-22 13:16:37,70699,pairwise,PairwiseVerletLists,0.500000,vlp_sliced,none,AoS,enabled,8562500000,562500000,562500000,687500000,625000000,500000000,437500000,500000000,687500000,625000000,1374999999,1374999999,10
2026-02-22 13:16:37,70709,pairwise,PairwiseVerletLists,0.500000,vlp_sliced,none,SoA,disabled,24687500000,2375000000,2437500000,2500000000,2562500000,2562500000,2250000000,2437500000,2437500000,2375000000,4662500000,4639539526,10
2026-02-22 13:16:38,70719,pairwise,PairwiseVerletLists,0.500000,vlp_sliced,none,SoA,enabled,24562500000,2375000000,2437500000,2500000000,2375000000,2187500000,2437500000,2500000000,2500000000,2500000000,4637499999,4628910498,10
2026-02-22 13:16:38,70729,pairwise,PairwiseVerletLists,0.500000,vlp_sliced_c02,none,AoS,disabled,9437500000,625000000,625000000,687500000,750000000,812500000,812500000,500000000,625000000,625000000,1549999999,1538596114,10
2026-02-22 13:16:39,70739,pairwise,PairwiseVerletLists,0.500000,vlp_sliced_c02,none,AoS,enabled,8312500000,812500000,625000000,500000000,562500000,750000000,625000000,625000000,687500000,687500000,1418749999,1418749999,10
2026-02-22 13:16:39,70749,pairwise,PairwiseVerletLists,0.500000,vlp_sliced_c02,none,SoA,disabled,24875000000,2375000000,2562500000,2437500000,2562500000,2562500000,2500000000,2500000000,2562500000,2562500000,4749999999,4707758264,10
2026-02-22 13:16:40,70759,pairwise,PairwiseVerletLists,0.500000,vlp_sliced_c02,none,SoA,enabled,24750000000,2562500000,2500000000,2312500000,2375000000,2375000000,2375000000,2625000000,2562500000,2437500000,4687499999,4664729391,10
2026-02-22 13:16:41,70769,pairwise,PairwiseVerletLists,1.000000,vlp_c01,none,AoS,disabled,13125000000,3125000000,3000000000,3125000000,2875000000,2937500000,3125000000,3000000000,2937500000,3125000000,4037499999,4033071281,10
2026-02-22 13:16:41,70779,pairwise,PairwiseVerletLists,1.000000,vlp_c01,none,SoA,disabled,23500000000,4625000000,4562500000,5000000000,4687500000,4625000000,4812500000,4875000000,4625000000,4812500000,6612499999,6599522046,10
2026-02-22 13:16:42,70789,pairwise,PairwiseVerletLists,1.000000,vlp_c18,none,AoS,disabled,11437500000,3312500000,3375000000,3375000000,3250000000,3250000000,3187500000,3312500000,3500000000,3250000000,4125000000,4125000000,10
2026-02-22 13:16:43,70799,pairwise,PairwiseVerletLists,1.000000,vlp_c18,none,AoS,enabled,11250000000,3312500000,3312500000,3437500000,3437500000,3375000000,3375000000,3437500000,3437500000,3437500000,4181249999,4156632437,10
2026-02-22 13:16:43,70809,pairwise,PairwiseVerletLists,1.000000,vlp_c18,none,SoA,disabled,27750000000,5250000000,5125000000,5125000000,5250000000,5125000000,5125000000,5250000000,5250000000,5250000000,7449999999,7447593625,10
2026-02-22 13:16:44,70819,pairwise,PairwiseVerletLists,1.000000,vlp_c18,none,SoA,enabled,27375000000,5250000000,5250000000,5250000000,5250000000,5125000000,5375000000,5125000000,5250000000,5250000000,7449999999,7449999999,10
2026-02-22 13:16:45,70829,pairwise,PairwiseVerletLists,1.000000,vlp_sliced,none,AoS,disabled,8750000000,625000000,625000000,500000000,750000000,750000000,750000000,750000000,625000000,625000000,1474999999,1474927933,10
2026-02-22 13:16:45,70839,pairwise,PairwiseVerletLists,1.000000,vlp_sliced,none,AoS,enabled,8500000000,500000000,500000000,750000000,625000000,625000000,750000000,625000000,625000000,875000000,1437499999,1437499999,10
2026-02-22 13:16:46,70849,pairwise,PairwiseVerletLists,1.000000,vlp_sliced,none,SoA,disabled,24750000000,2625000000,2125000000,2375000000,2375000000,2250000000,2500000000,2500000000,2250000000,2500000000,4624999999,4605349132,10
2026-02-22 13:16:46,70859,pairwise,PairwiseVerletLists,1.000000,vlp_sliced,none,SoA,enabled,24625000000,2500000000,2500000000,2375000000,2500000000,2500000000,2250000000,2250000000,2500000000,2500000000,4649999999,4644637698,10
2026-02-22 13:16:47,70869,pairwise,PairwiseVerletLists,1.000000,vlp_sliced_c02,none,AoS,disabled,8500000000,375000000,625000000,500000000,875000000,625000000,500000000,875000000,625000000,875000000,1437499999,1437499999,10
2026-02-22 13:16:47,70879,pairwise,PairwiseVerletLists,1.000000,vlp_sliced_c02,none,AoS,enabled,8500000000,750000000,625000000,625000000,750000000,750000000,875000000,750000000,625000000,875000000,1512499999,1512196142,10
2026-02-22 13:16:48,70889,pairwise,PairwiseVerletLists,1.000000,vlp_sliced_c02,none,SoA,disabled,24750000000,2250000000,2250000000,2500000000,2250000000,2375000000,2500000000,2375000000,2500000000,2625000000,4637499999,4637499999,10
2026-02-22 13:16:49,70899,pairwise,PairwiseVerletLists,1.000000,vlp_sliced_c02,none,SoA,enabled,24500000000,2500000000,2375000000,2375000000,2375000000,2500000000,2375000000,2500000000,2500000000,2500000000,4649999999,4649999999,10
2026-02-22 13:24:00,80009,pairwise,LinkedCells,0.500000,lc_c08,none,AoS,disabled,26875000000,26875000000,26875000000,26875000000,27000000000,27125000000,26875000000,26875000000,26875000000,26875000000,26912499999,26912499999,10
2026-02-22 13:24:04,80019,pairwise,LinkedCells,0.500000,lc_c08,none,AoS,enabled,26875000000,26750000000,26750000000,27000000000,26625000000,26750000000,26500000000,26625000000,26625000000,26750000000,26724999999,26724999999,10
2026-02-22 13:24:09,80029,pairwise,LinkedCells,0.500000,lc_c08,none,SoA,disabled,45750000000,45125000000,45000000000,45250000000,45375000000,45375000000,45250000000,45375000000,45250000000,45500000000,45324999999,45324999999,10
2026-02-22 13:24:14,80039,pairwise,LinkedCells,0.500000,lc_c08,none,SoA,enabled,45000000000,45375000000,45375000000,45125000000,45375000000,45375000000,45000000000,45250000000,44875000000,45125000000,45187499999,45187499999,10
2026-02-22 13:24:19,80049,pairwise,LinkedCells,0.500000,lc_c18,none,AoS,disabled,25750000000,25625000000,25625000000,25500000000,25625000000,25500000000,25500000000,25500000000,25625000000,25625000000,25587499999,25587499999,10
2026-02-22 13:24:23,80059,pairwise,LinkedCells,0.500000,lc_c18,none,AoS,enabled,25500000000,25375000000,25750000000,25625000000,25500000000,25750000000,25375000000,25375000000,25500000000,25625000000,25537499999,25537499999,10
2026-02-22 13:24:28,80069,pairwise,LinkedCells,0.500000,lc_c18,none,SoA,disabled,33750000000,33500000000,33750000000,33625000000,33875000000,33625000000,33625000000,34000000000,33500000000,33625000000,33687499999,33687499999,10
2026-02-22 13:24:33,80079,pairwise,LinkedCells,0.500000,lc_c18,none,SoA,enabled,33500000000,33500000000,33625000000,33625000000,33500000000,33375000000,33750000000,33750000000,33625000000,33625000000,33587499999,33587499999,10
2026-02-22 13:24:34,80089,pairwise,LinkedCells,1.000000,lc_c04,none,AoS,disabled,375000000,375000000,375000000,250000000,375000000,500000000,500000000,375000000,250000000,375000000,375000000,375000000,10
2026-02-22 13:24:34,80099,pairwise,LinkedCells,1.000000,lc_c04,none,AoS,enabled,250000000,625000000,375000000,250000000,375000000,375000000,250000000,375000000,500000000,375000000,374999999,374999999,10
2026-02-22 13:24:34,80109,pairwise,LinkedCells,1.000000,lc_c04,none,SoA,disabled,1625000000,1875000000,1625000000,1375000000,1625000000,1875000000,1500000000,1750000000,1500000000,1625000000,1637499999,1637499999,10
2026-02-22 13:24:35,80119,pairwise,LinkedCells,1.000000,lc_c04,none,SoA,enabled,1625000000,1625000000,1500000000,1500000000,1625000000,1750000000,1625000000,1625000000,1750000000,1625000000,1625000000,1625000000,10
2026-02-22 13:24:36,80129,pairwise,LinkedCells,1.000000,lc_c04_combined_SoA,none,SoA,disabled,2625000000,2375000000,2625000000,2500000000,2625000000,2250000000,2625000000,2375000000,2250000000,2500000000,2474999999,2429458252,10
2026-02-22 13:24:36,80139,pairwise,LinkedCells,1.000000,lc_c04_combined_SoA,none,SoA,enabled,2375000000,2250000000,2625000000,2250000000,2500000000,2375000000,2125000000,2625000000,2250000000,2625000000,2399999999,2360716841,10
2026-02-22 13:24:37,80149,pairwise,LinkedCells,1.000000,lc_c08,none,AoS,disabled,3000000000,3000000000,3125000000,3125000000,3125000000,3125000000,3000000000,3250000000,3125000000,3125000000,3099999999,3090127325,10
2026-02-22 13:24:37,80159,pairwise,LinkedCells,1.000000,lc_c08,none,AoS,enabled,3125000000,3125000000,3125000000,3125000000,3125000000,3000000000,3000000000,3000000000,3125000000,3125000000,3087499999,3062987771,10
2026-02-22 13:24:38,80169,pairwise,LinkedCells,1.000000,lc_c08,none,SoA,disabled,4250000000,4250000000,4000000000,4375000000,4375000000,4125000000,4125000000,4375000000,4125000000,4250000000,4224999999,4214495818,10
2026-02-22 13:24:38,80179,pairwise,LinkedCells,1.000000,lc_c08,none,SoA,enabled,4125000000,4250000000,4250000000,4250000000,4125000000,4250000000,4125000000,4125000000,4375000000,4250000000,4212499999,4174476742,10
2026-02-22 13:24:39,80189,pairwise,LinkedCells,1.000000,lc_c18,none,AoS,disabled,3125000000,3125000000,2875000000,3125000000,3000000000,3000000000,3125000000,3125000000,3125000000,3250000000,3087499999,3087499999,10
2026-02-22 13:24:39,80199,pairwise,LinkedCells,1.000000,lc_c18,none,AoS,enabled,3125000000,3125000000,3125000000,3125000000,3250000000,3250000000,3125000000,3250000000,3125000000,3250000000,3174999999,3155000584,10
2026-02-22 13:24:40,80209,pairwise,LinkedCells,1.000000,lc_c18,none,SoA,disabled,4000000000,4000000000,3875000000,4000000000,4000000000,3875000000,4000000000,4000000000,3875000000,4000000000,3962499999,3948362856,10
2026-02-22 13:24:41,80219,pairwise,LinkedCells,1.000000,lc_c18,none,SoA,enabled,3875000000,4000000000,4000000000,4125000000,3625000000,4000000000,3875000000,3875000000,3875000000,3875000000,3912499999,3912499999,10
2026-02-22 13:24:41,80229,pairwise,VerletLists,0.500000,vl_list_iteration,none,AoS,disabled,5750000000,125000000,125000000,250000000,250000000,250000000,125000000,250000000,375000000,250000000,774999999,759625437,10
2026-02-22 13:24:42,80239,pairwise,VerletLists,0.500000,vl_list_iteration,none,SoA,disabled,8000000000,1625000000,1500000000,1500000000,1500000000,1375000000,1500000000,1625000000,1625000000,1500000000,2174999999,2174999999,10
2026-02-22 13:24:42,80249,pairwise,VerletLists,1.000000,vl_list_iteration,none,AoS,disabled,5625000000,250000000,375000000,125000000,125000000,250000000,125000000,125000000,250000000,125000000,737499999,721558310,10
2026-02-22 13:24:43,80259,pairwise,VerletLists,1.000000,vl_list_iteration,none,SoA,disabled,8125000000,1500000000,1625000000,1750000000,1375000000,1500000000,1625000000,1625000000,1750000000,1500000000,2237499999,2237499999,10
2026-02-22 13:24:43,80269,pairwise,VerletListsCells,0.500000,vlc_c01,none,AoS,disabled,12250000000,3000000000,2875000000,2875000000,2875000000,2875000000,2875000000,3000000000,2875000000,2625000000,3812500000,3767449602,10
2026-02-22 13:24:44,80279,pairwise,VerletListsCells,0.500000,vlc_c01,none,SoA,disabled,15875000000,4500000000,4375000000,4250000000,4500000000,4250000000,4125000000,4625000000,4375000000,4500000000,5537499999,5522379633,10
2026-02-22 13:24:44,80289,pairwise,VerletListsCells,0.500000,vlc_c18,none,AoS,disabled,9125000000,3125000000,3125000000,3000000000,3000000000,3125000000,3000000000,3375000000,2875000000,3000000000,3674999999,3674999999,10
2026-02-22 13:24:45,80299,pairwise,VerletListsCells,0.500000,vlc_c18,none,AoS,enabled,8500000000,3125000000,3250000000,3125000000,3250000000,3375000000,3000000000,3125000000,3000000000,3375000000,3712499999,3704336474,10
2026-02-22 13:24:46,80309,pairwise,VerletListsCells,0.500000,vlc_c18,none,SoA,disabled,12750000000,4750000000,4750000000,4750000000,4625000000,4875000000,4875000000,5000000000,5000000000,5000000000,5637499999,5624139722,10
2026-02-22 13:24:46,80319,pairwise,VerletListsCells,0.500000,vlc_c18,none,SoA,enabled,12750000000,4625000000,4875000000,5000000000,4750000000,4750000000,4625000000,4625000000,4625000000,4875000000,5550000000,5527778553,10
2026-02-22 13:24:47,80329,pairwise,VerletListsCells,0.500000,vlc_c08,none,AoS,disabled,6875000000,3000000000,2875000000,3000000000,2875000000,2750000000,3000000000,3000000000,3000000000,2875000000,3324999999,3324999999,10
2026-02-22 13:24:47,80339,pairwise,VerletListsCells,0.500000,vlc_c08,none,AoS,enabled,6875000000,3000000000,2875000000,3000000000,3125000000,3125000000,2875000000,3125000000,3000000000,2875000000,3387500000,3363636089,10
2026-02-22 13:24:48,80349,pairwise,VerletListsCells,0.500000,vlc_c08,none,SoA,disabled,11000000000,4750000000,4625000000,4500000000,4625000000,4625000000,4625000000,4625000000,4875000000,4500000000,5274999999,5250526397,10
2026-02-22 13:24:49,80359,pairwise,VerletListsCells,0.500000,vlc_c08,none,SoA,enabled,10500000000,4750000000,4750000000,4625000000,4750000000,4750000000,4500000000,4625000000,4750000000,4500000000,5249999999,5235967002,10
2026-02-22 13:24:49,80369,pairwise,VerletListsCells,0.500000,vlc_sliced,none,AoS,disabled,5625000000,375000000,0,0,0,125000000,0,0,0,250000000,637499999,628614623,10
2026-02-22 13:24:50,80379,pairwise,VerletListsCells,0.500000,vlc_sliced,none,AoS,enabled,5250000000,0,125000000,0,0,0,0,0,0,0,537499999,537499999,10
2026-02-22 13:24:50,80389,pairwise,VerletListsCells,0.500000,vlc_sliced,none,SoA,disabled,9500000000,1625000000,1625000000,1500000000,1750000000,1500000000,1500000000,1500000000,1750000000,1500000000,2374999999,2372172830,10
2026-02-22 13:24:51,80399,pairwise,VerletListsCells,0.500000,vlc_sliced,none,SoA,enabled,9000000000,1625000000,1625000000,1625000000,1500000000,1500000000,1750000000,1625000000,1625000000,1500000000,2337499999,2332167141,10
2026-02-22 13:24:51,80409,pairwise,VerletListsCells,0.500000,vlc_sliced_c02,none,AoS,disabled,5375000000,125000000,125000000,0,125000000,250000000,0,0,125000000,0,612499999,609525845,10
2026-02-22 13:24:52,80419,pairwise,VerletListsCells,0.500000,vlc_sliced_c02,none,AoS,enabled,5375000000,0,0,0,0,0,0,0,0,250000000,562499999,562499999,10
2026-02-22 13:24:52,80429,pairwise,VerletListsCells,0.500000,vlc_sliced_c02,none,SoA,disabled,9375000000,1500000000,1625000000,1625000000,1625000000,1625000000,1625000000,1625000000,1750000000,1750000000,2412499999,2412393957,10
2026-02-22 13:24:53,80439,pairwise,VerletListsCells,0.500000,vlc_sliced_c02,none,SoA,enabled,9625000000,1500000000,1500000000,1750000000,1500000000,1625000000,1500000000,1750000000,1625000000,1500000000,2387499999,2384758069,10
2026-02-22 13:24:53,80449,pairwise,VerletListsCells,1.000000,vlc_c01,none,AoS,disabled,12375000000,3000000000,2750000000,3000000000,2625000000,2875000000,2750000000,3000000000,2750000000,3125000000,3825000000,3825000000,10
2026-02-22 13:24:54,80459,pairwise,VerletListsCells,1.000000,vlc_c01,none,SoA,disabled,15875000000,4375000000,4250000000,4500000000,4250000000,4500000000,4375000000,4375000000,4250000000,4250000000,5499999999,5485257455,10
2026-02-22 13:24:55,80469,pairwise,VerletListsCells,1.000000,vlc_c18,none,AoS,disabled,8875000000,3125000000,3250000000,3125000000,3125000000,3125000000,3375000000,3125000000,3000000000,3125000000,3724999999,3724999999,10
2026-02-22 13:24:55,80479,pairwise,VerletListsCells,1.000000,vlc_c18,none,AoS,enabled,8625000000,3125000000,3125000000,3250000000,3250000000,3000000000,3000000000,3375000000,3125000000,3000000000,3687499999,3687499999,10
2026-02-22 13:24:56,80489,pairwise,VerletListsCells,1.000000,vlc_c18,none,SoA,disabled,12875000000,4875000000,4875000000,4875000000,4625000000,4875000000,4875000000,4875000000,4750000000,4875000000,5637499999,5634718835,10
2026-02-22 13:24:57,80499,pairwise,VerletListsCells,1.000000,vlc_c18,none,SoA,enabled,12750000000,4875000000,4625000000,4625000000,4875000000,4750000000,4875000000,4750000000,4625000000,4625000000,5537499999,5537499999,10
2026-02-22 13:24:57,80509,pairwise,VerletListsCells,1.000000,vlc_c08,none,AoS,disabled,6750000000,3000000000,3125000000,3000000000,2875000000,3125000000,3125000000,3000000000,3125000000,3000000000,3412499999,3410742062,10
2026-02-22 13:24:58,80519,pairwise,VerletListsCells,1.000000,vlc_c08,none,AoS,enabled,6750000000,2875000000,2875000000,2875000000,3000000000,3000000000,3000000000,3000000000,3000000000,3000000000,3337499999,3337499999,10
2026-02-22 13:24:58,80529,pairwise,VerletListsCells,1.000000,vlc_c08,none,SoA,disabled,10750000000,4625000000,4625000000,4500000000,4625000000,4625000000,4625000000,4750000000,4500000000,4500000000,5212499999,5212499999,10
2026-02-22 13:24:59,80539,pairwise,VerletListsCells,1.000000,vlc_c08,none,SoA,enabled,10500000000,4500000000,4500000000,4625000000,4750000000,4875000000,4625000000,4625000000,4500000000,4375000000,5187499999,5187499999,10
2026-02-22 13:24:59,80549,pairwise,VerletListsCells,1.000000,vlc_sliced,none,AoS,disabled,5625000000,0,250000000,0,125000000,125000000,0,125000000,125000000,0,637499999,629149289,10
2026-02-22 13:25:00,80559,pairwise,VerletListsCells,1.000000,vlc_sliced,none,AoS,enabled,5500000000,125000000,0,125000000,250000000,0,0,0,0,0,599999999,589420108,10
2026-02-22 13:25:00,80569,pairwise,VerletListsCells,1.000000,vlc_sliced,none,SoA,disabled,9500000000,1625000000,1375000000,1625000000,1625000000,1500000000,1875000000,1625000000,1500000000,1875000000,2412500000,2412500000,10
2026-02-22 13:25:01,80579,pairwise,VerletListsCells,1.000000,vlc_sliced,none,SoA,enabled,9375000000,1750000000,1500000000,1625000000,1750000000,1500000000,1500000000,1625000000,1500000000,1750000000,2387499999,2387499999,10
2026-02-22 13:25:01,80589,pairwise,VerletListsCells,1.000000,vlc_sliced_c02,none,AoS,disabled,5625000000,0,0,0,0,0,0,0,0,0,562500000,562500000,10
2026-02-22 13:25:02,80599,pairwise,VerletListsCells,1.000000,vlc_sliced_c02,none,AoS,enabled,5375000000,0,0,0,0,0,0,0,0,0,537500000,531853245,10
2026-02-22 13:25:02,80609,pairwise,VerletListsCells,1.000000,vlc_sliced_c02,none,SoA,disabled,9750000000,1500000000,1625000000,1500000000,1750000000,1625000000,1875000000,1375000000,1875000000,1500000000,2437500000,2426299203,10
2026-02-22 13:25:03,80619,pairwise,VerletListsCells,1.000000,vlc_sliced_c02,none,SoA,enabled,9375000000,1750000000,1625000000,1625000000,1625000000,1750000000,1625000000,1625000000,1750000000,1500000000,2424999999,2422775915,10
2026-02-22 13:25:04,80629,pairwise,PairwiseVerletLists,0.500000,vlp_c01,none,AoS,disabled,13000000000,2875000000,2750000000,2875000000,3125000000,3125000000,2750000000,2875000000,3000000000,3000000000,3937499999,3937499999,10
2026-02-22 13:25:04,80639,pairwise,PairwiseVerletLists,0.500000,vlp_c01,none,SoA,disabled,23750000000,4875000000,4875000000,4875000000,4750000000,4875000000,4750000000,4875000000,4875000000,4750000000,6724999999,6724999999,10
2026-02-22 13:25:05,80649,pairwise,PairwiseVerletLists,0.500000,vlp_c18,none,AoS,disabled,11250000000,3250000000,3375000000,3250000000,3375000000,3125000000,3125000000,3250000000,3125000000,3125000000,4024999999,4024999999,10
2026-02-22 13:25:05,80659,pairwise,PairwiseVerletLists,0.500000,vlp_c18,none,AoS,enabled,11500000000,3375000000,3375000000,3500000000,3375000000,3375000000,3375000000,3500000000,3500000000,3375000000,4224999999,4178425698,10
2026-02-22 13:25:06,80669,pairwise,PairwiseVerletLists,0.500000,vlp_c18,none,SoA,disabled,27375000000,5125000000,5125000000,5250000000,5125000000,5125000000,5250000000,4875000000,5375000000,5250000000,7387499999,7387499999,10
2026-02-22 13:25:07,80679,pairwise,PairwiseVerletLists,0.500000,vlp_c18,none,SoA,enabled,27250000000,5125000000,5000000000,5375000000,5375000000,5375000000,5250000000,5250000000,5375000000,5125000000,7450000000,7436524359,10
2026-02-22 13:25:07,80689,pairwise,PairwiseVerletLists,0.500000,vlp_sliced,none,AoS,disabled,8625000000,625000000,625000000,750000000,625000000,625000000,750000000,500000000,750000000,375000000,1425000000,1425000000,10
2026-02-22 13:25:08,80699,pairwise,PairwiseVerletLists,0.500000,vlp_sliced,none,AoS,enabled,8500000000,750000000,500000000,625000000,625000000,750000000,625000000,500000000,375000000,625000000,1387499999,1381508026,10
2026-02-22 13:25:09,80709,pairwise,PairwiseVerletLists,0.500000,vlp_sliced,none,SoA,disabled,24500000000,2500000000,2250000000,2500000000,2500000000,2500000000,2500000000,2500000000,2500000000,2500000000,4674999999,4667516466,10
2026-02-22 13:25:09,80719,pairwise,PairwiseVerletLists,0.500000,vlp_sliced,none,SoA,enabled,24625000000,2250000000,2500000000,2500000000,2500000000,2500000000,2500000000,2500000000,2250000000,2500000000,4662499999,4655897484,10
2026-02-22 13:25:10,80729,pairwise,PairwiseVerletLists,0.500000,vlp_sliced_c02,none,AoS,disabled,8500000000,625000000,625000000,750000000,625000000,375000000,750000000,875000000,750000000,875000000,1474999999,1474999999,10
2026-02-22 13:25:10,80739,pairwise,PairwiseVerletLists,0.500000,vlp_sliced_c02,none,AoS,enabled,8625000000,750000000,625000000,750000000,750000000,625000000,750000000,750000000,750000000,875000000,1524999999,1499046932,10
2026-02-22 13:25:11,80749,pairwise,PairwiseVerletLists,0.500000,vlp_sliced_c02,none,SoA,disabled,24375000000,2500000000,2625000000,2375000000,2375000000,2500000000,2375000000,2500000000,2500000000,2500000000,4662499999,4662499999,10
2026-02-22 13:25:11,80759,pairwise,PairwiseVerletLists,0.500000,vlp_sliced_c02,none,SoA,enabled,24500000000,2500000000,2250000000,2500000000,2500000000,2500000000,2625000000,2375000000,2500000000,2500000000,4674999999,4671621000,10
2026-02-22 13:25:12,80769,pairwise,PairwiseVerletLists,1.000000,vlp_c01,none,AoS,disabled,13125000000,3000000000,3000000000,3125000000,3000000000,3000000000,2875000000,3125000000,3000000000,3125000000,4037499999,4037499999,10
2026-02-22 13:25:13,80779,pairwise,PairwiseVerletLists,1.000000,vlp_c01,none,SoA,disabled,23375000000,4875000000,5000000000,5000000000,5000000000,5000000000,5000000000,5125000000,4875000000,4875000000,6812499999,6737198683,10
2026-02-22 13:25:13,80789,pairwise,PairwiseVerletLists,1.000000,vlp_c18,none,AoS,disabled,11375000000,3250000000,3500000000,3500000000,3125000000,3250000000,3250000000,3250000000,3375000000,3500000000,4137499999,4128846255,10
2026-02-22 13:25:14,80799,pairwise,PairwiseVerletLists,1.000000,vlp_c18,none,AoS,enabled,11125000000,3250000000,3500000000,3375000000,3125000000,3125000000,3375000000,3125000000,3250000000,3375000000,4062499999,4062499999,10
2026-02-22 13:25:15,80809,pairwise,PairwiseVerletLists,1.000000,vlp_c18,none,SoA,disabled,27625000000,5375000000,5125000000,5375000000,5250000000,5250000000,5250000000,5125000000,5250000000,5125000000,7474999999,7459951400,10
2026-02-22 13:25:15,80819,pairwise,PairwiseVerletLists,1.000000,vlp_c18,none,SoA,enabled,27250000000,5000000000,4875000000,5125000000,5250000000,5125000000,5125000000,5125000000,5250000000,5125000000,7324999999,7324999999,10
2026-02-22 13:25:16,80829,pairwise,PairwiseVerletLists,1.000000,vlp_sliced,none,AoS,disabled,8750000000,625000000,750000000,750000000,750000000,625000000,750000000,625000000,500000000,625000000,1474999999,1474999999,10
2026-02-22 13:25:16,80839,pairwise,PairwiseVerletLists,1.000000,vlp_sliced,none,AoS,enabled,8500000000,625000000,500000000,625000000,750000000,625000000,750000000,750000000,500000000,750000000,1437499999,1435589781,10
2026-02-22 13:25:17,80849,pairwise,PairwiseVerletLists,1.000000,vlp_sliced,none,SoA,disabled,24250000000,2375000000,2500000000,2375000000,2250000000,2625000000,2500000000,2375000000,2625000000,2500000000,4637499999,4628513443,10
2026-02-22 13:25:18,80859,pairwise,PairwiseVerletLists,1.000000,vlp_sliced,none,SoA,enabled,24125000000,2500000000,2500000000,2250000000,2500000000,2250000000,2375000000,2500000000,2500000000,2250000000,4574999999,4574999999,10
2026-02-22 13:25:18,80869,pairwise,PairwiseVerletLists,1.000000,vlp_sliced_c02,none,AoS,disabled,8625000000,750000000,750000000,750000000,750000000,625000000,625000000,875000000,750000000,625000000,1512499999,1490802763,10
2026-02-22 13:25:19,80879,pairwise,PairwiseVerletLists,1.000000,vlp_sliced_c02,none,AoS,enabled,8625000000,625000000,375000000,625000000,500000000,500000000,625000000,750000000,625000000,750000000,1399999999,1399999999,10
2026-02-22 13:25:19,80889,pairwise,PairwiseVerletLists,1.000000,vlp_sliced_c02,none,SoA,disabled,24750000000,2625000000,2250000000,2375000000,2250000000,2375000000,2375000000,2625000000,2375000000,2500000000,4649999999,4643062684,10
2026-02-22 13:25:20,80899,pairwise,PairwiseVerletLists,1.000000,vlp_sliced_c02,none,SoA,enabled,24875000000,2500000000,2500000000,2500000000,2500000000,2250000000,2500000000,2500000000,2250000000,2375000000,4674999999,4662138066,10
2026-02-22 13:32:32,90009,pairwise,LinkedCells,0.500000,lc_c08,none,AoS,disabled,27125000000,26750000000,26875000000,26875000000,26875000000,26750000000,26750000000,26875000000,26625000000,26750000000,26824999999,26824999999,10
2026-02-22 13:32:37,90019,pairwise,LinkedCells,0.500000,lc_c08,none,AoS,enabled,26750000000,26750000000,26750000000,26625000000,26875000000,26750000000,26625000000,26625000000,26750000000,27000000000,26750000000,26717505302,10
2026-02-22 13:32:42,90029,pairwise,LinkedCells,0.500000,lc_c08,none,SoA,disabled,45375000000,45125000000,45250000000,45375000000,45250000000,45375000000,45250000000,45250000000,45375000000,45250000000,45287499999,45287499999,10
2026-02-22 13:32:47,90039,pairwise,LinkedCells,0.500000,lc_c08,none,SoA,enabled,45500000000,45000000000,45250000000,45375000000,45125000000,45125000000,45125000000,45125000000,45250000000,45000000000,45187499999,45187499999,10
2026-02-22 13:32:51,90049,pairwise,LinkedCells,0.500000,lc_c18,none,AoS,disabled,25875000000,25625000000,25750000000,25750000000,25375000000,25625000000,25500000000,25500000000,25500000000,25500000000,25599999999,25578832419,10
2026-02-22 13:32:56,90059,pairwise,LinkedCells,0.500000,lc_c18,none,AoS,enabled,25750000000,25625000000,25500000000,25625000000,25375000000,25625000000,25500000000,25500000000,25625000000,25375000000,25549999999,25524369300,10
2026-02-22 13:33:01,90069,pairwise,LinkedCells,0.500000,lc_c18,none,SoA,disabled,33500000000,33625000000,33750000000,33625000000,33750000000,33625000000,33875000000,34000000000,33625000000,33625000000,33699999999,33687553001,10
2026-02-22 13:33:05,90079,pairwise,LinkedCells,0.500000,lc_c18,none,SoA,enabled,33625000000,33625000000,33500000000,33625000000,33375000000,33500000000,33500000000,33625000000,33625000000,33875000000,33587499999,33556630545,10
2026-02-22 13:33:06,90089,pairwise,LinkedCells,1.000000,lc_c04,none,AoS,disabled,250000000,250000000,375000000,250000000,375000000,375000000,250000000,125000000,375000000,375000000,299999999,299999999,10
2026-02-22 13:33:06,90099,pairwise,LinkedCells,1.000000,lc_c04,none,AoS,enabled,375000000,250000000,250000000,375000000,500000000,250000000,375000000,375000000,250000000,250000000,324999999,324999999,10
2026-02-22 13:33:07,90109,pairwise,LinkedCells,1.000000,lc_c04,none,SoA,disabled,1750000000,1625000000,1750000000,1625000000,1375000000,1500000000,1750000000,1625000000,1625000000,1625000000,1624999999,1624999999,10
2026-02-22 13:33:07,90119,pairwise,LinkedCells,1.000000,lc_c04,none,SoA,enabled,1750000000,1750000000,1625000000,1625000000,1750000000,1625000000,1625000000,1500000000,1750000000,1625000000,1662499999,1657427717,10
2026-02-22 13:33:08,90129,pairwise,LinkedCells,1.000000,lc_c04_combined_SoA,none,SoA,disabled,2250000000,2500000000,2375000000,2375000000,2250000000,2250000000,2125000000,2125000000,2375000000,2375000000,2299999999,2299999999,10
2026-02-22 13:33:08,90139,pairwise,LinkedCells,1.000000,lc_c04_combined_SoA,none,SoA,enabled,2250000000,2375000000,2250000000,2375000000,2125000000,2375000000,2375000000,2250000000,2125000000,2250000000,2274999999,2274999999,10
2026-02-22 13:33:09,90149,pairwise,LinkedCells,1.000000,lc_c08,none,AoS,disabled,3125000000,3250000000,3125000000,3000000000,3125000000,3000000000,3250000000,3125000000,3250000000,3125000000,3137499999,3125412297,10
2026-02-22 13:33:10,90159,pairwise,LinkedCells,1.000000,lc_c08,none,AoS,enabled,3250000000,2875000000,3250000000,2875000000,3250000000,2875000000,3250000000,3125000000,3250000000,3125000000,3112499999,3099441473,10
2026-02-22 13:33:10,90169,pairwise,LinkedCells,1.000000,lc_c08,none,SoA,disabled,4250000000,4250000000,4000000000,4250000000,4125000000,4125000000,4250000000,4000000000,4250000000,4125000000,4162499999,4162499999,10
2026-02-22 13:33:11,90179,pairwise,LinkedCells,1.000000,lc_c08,none,SoA,enabled,4125000000,4125000000,4250000000,4250000000,4250000000,4250000000,4000000000,4125000000,4375000000,4125000000,4187499999,4181728311,10
2026-02-22 13:33:11,90189,pairwise,LinkedCells,1.000000,lc_c18,none,AoS,disabled,3125000000,3000000000,3250000000,3125000000,3250000000,3250000000,3000000000,3250000000,3000000000,3375000000,3162499999,3134909030,10
2026-02-22 13:33:12,90199,pairwise,LinkedCells,1.000000,lc_c18,none,AoS,enabled,3125000000,3125000000,3250000000,3125000000,3125000000,3250000000,3250000000,3125000000,3125000000,3250000000,3174999999,3174328799,10
2026-02-22 13:33:12,90209,pairwise,LinkedCells,1.000000,lc_c18,none,SoA,disabled,4125000000,4000000000,4000000000,3875000000,4000000000,3875000000,4000000000,3750000000,4000000000,3875000000,3949999999,3946466981,10
2026-02-22 13:33:13,90219,pairwise,LinkedCells,1.000000,lc_c18,none,SoA,enabled,4000000000,4125000000,4000000000,4125000000,4000000000,3875000000,4000000000,3875000000,4000000000,4125000000,4012499999,3985620162,10
2026-02-22 13:33:14,90229,pairwise,VerletLists,0.500000,vl_list_iteration,none,AoS,disabled,5625000000,250000000,250000000,250000000,0,375000000,125000000,125000000,125000000,250000000,737499999,737499999,10
2026-02-22 13:33:14,90239,pairwise,VerletLists,0.500000,vl_list_iteration,none,SoA,disabled,8000000000,1500000000,1500000000,1375000000,1375000000,1500000000,1500000000,1500000000,1625000000,1500000000,2137499999,2137499999,10
2026-02-22 13:33:15,90249,pairwise,VerletLists,1.000000,vl_list_iteration,none,AoS,disabled,5625000000,125000000,125000000,375000000,250000000,125000000,0,125000000,250000000,250000000,724999999,721639527,10
2026-02-22 13:33:15,90259,pairwise,VerletLists,1.000000,vl_list_iteration,none,SoA,disabled,7875000000,1500000000,1500000000,1625000000,1625000000,1500000000,1625000000,1500000000,1500000000,1500000000,2174999999,2174999999,10
2026-02-22 13:33:16,90269,pairwise,VerletListsCells,0.500000,vlc_c01,none,AoS,disabled,12125000000,3000000000,2750000000,2875000000,2750000000,2875000000,2875000000,2625000000,2625000000,2875000000,3737499999,3737499999,10
2026-02-22 13:33:16,90279,pairwise,VerletListsCells,0.500000,vlc_c01,none,SoA,disabled,16000000000,4250000000,4375000000,4500000000,4375000000,4375000000,4500000000,4375000000,4375000000,4500000000,5562499999,5543496030,10
2026-02-22 13:33:17,90289,pairwise,VerletListsCells,0.500000,vlc_c18,none,AoS,disabled,8875000000,3000000000,3000000000,3250000000,3250000000,3000000000,3000000000,3000000000,3250000000,3000000000,3662499999,3660849436,10
2026-02-22 13:33:17,90299,pairwise,VerletListsCells,0.500000,vlc_c18,none,AoS,enabled,8500000000,3250000000,3125000000,3125000000,3125000000,3125000000,3125000000,3250000000,3000000000,3000000000,3662500000,3662500000,10
2026-02-22 13:33:18,90309,pairwise,VerletListsCells,0.500000,vlc_c18,none,SoA,disabled,12750000000,4875000000,4625000000,4500000000,5000000000,4875000000,4750000000,5000000000,4750000000,4750000000,5587499999,5587499999,10
2026-02-22 13:33:19,90319,pairwise,VerletListsCells,0.500000,vlc_c18,none,SoA,enabled,12250000000,4625000000,4750000000,4625000000,4750000000,4750000000,4750000000,4750000000,4750000000,4750000000,5474999999,5474999999,10
2026-02-22 13:33:19,90329,pairwise,VerletListsCells,0.500000,vlc_c08,none,AoS,disabled,6875000000,2750000000,3000000000,3000000000,2750000000,3000000000,2875000000,2750000000,3000000000,2875000000,3287499999,3285980861,10
2026-02-22 13:33:20,90339,pairwise,VerletListsCells,0.500000,vlc_c08,none,AoS,enabled,6750000000,3000000000,2875000000,3125000000,3125000000,3000000000,2875000000,3125000000,2875000000,3000000000,3375000000,3373339219,10
2026-02-22 13:33:21,90349,pairwise,VerletListsCells,0.500000,vlc_c08,none,SoA,disabled,10625000000,4375000000,4750000000,4500000000,4625000000,4750000000,4625000000,4500000000,4750000000,4625000000,5212499999,5212499999,10
2026-02-22 13:33:21,90359,pairwise,VerletListsCells,0.500000,vlc_c08,none,SoA,enabled,10625000000,4500000000,4750000000,4875000000,4500000000,4500000000,4625000000,4625000000,4750000000,4625000000,5237499999,5237499999,10
2026-02-22 13:33:22,90369,pairwise,VerletListsCells,0.500000,vlc_sliced,none,AoS,disabled,6375000000,0,0,0,0,0,0,0,0,125000000,649999999,648470928,10
2026-02-22 13:33:22,90379,pairwise,VerletListsCells,0.500000,vlc_sliced,none,AoS,enabled,5875000000,0,0,0,0,0,0,0,0,0,587500000,572889607,10
2026-02-22 13:33:23,90389,pairwise,VerletListsCells,0.500000,vlc_sliced,none,SoA,disabled,10125000000,1375000000,1625000000,1625000000,1500000000,1500000000,1625000000,1500000000,1625000000,1750000000,2424999999,2409733916,10
2026-02-22 13:33:23,90399,pairwise,VerletListsCells,0.500000,vlc_sliced,none,SoA,enabled,10000000000,1375000000,1625000000,1625000000,1500000000,1750000000,1625000000,1500000000,1875000000,1750000000,2462500000,2433460378,10
2026-02-22 13:33:24,90409,pairwise,VerletListsCells,0.500000,vlc_sliced_c02,none,AoS,disabled,6250000000,125000000,125000000,250000000,0,125000000,125000000,0,0,125000000,712499999,695178983,10
2026-02-22 13:33:24,90419,pairwise,VerletListsCells,0.500000,vlc_sliced_c02,none,AoS,enabled,6250000000,0,0,0,0,0,0,0,0,0,625000000,612102279,10
2026-02-22 13:33:25,90429,pairwise,VerletListsCells,0.500000,vlc_sliced_c02,none,SoA,disabled,10000000000,1625000000,1750000000,1625000000,1500000000,1750000000,1625000000,1500000000,1625000000,1500000000,2449999999,2443868374,10
2026-02-22 13:33:25,90439,pairwise,VerletListsCells,0.500000,vlc_sliced_c02,none,SoA,enabled,10000000000,1625000000,1750000000,1500000000,1625000000,1750000000,1500000000,1500000000,1750000000,1500000000,2449999999,2434285573,10
2026-02-22 13:33:26,90449,pairwise,VerletListsCells,1.000000,vlc_c01,none,AoS,disabled,12500000000,3000000000,2750000000,2875000000,2750000000,2625000000,2875000000,2750000000,2875000000,2750000000,3774999999,3774999999,10
2026-02-22 13:33:26,90459,pairwise,VerletListsCells,1.000000,vlc_c01,none,SoA,disabled,15875000000,4250000000,4500000000,4500000000,4125000000,4250000000,4375000000,4500000000,4250000000,4500000000,5512499999,5488347887,10
2026-02-22 13:33:27,90469,pairwise,VerletListsCells,1.000000,vlc_c18,none,AoS,disabled,8625000000,3250000000,3125000000,3000000000,3000000000,3375000000,3125000000,2875000000,2875000000,3375000000,3662499999,3662499999,10
2026-02-22 13:33:28,90479,pairwise,VerletListsCells,1.000000,vlc_c18,none,AoS,enabled,8625000000,3125000000,3000000000,2875000000,3000000000,3250000000,3250000000,3000000000,3000000000,3000000000,3612499999,3612499999,10
2026-02-22 13:33:28,90489,pairwise,VerletListsCells,1.000000,vlc_c18,none,SoA,disabled,12875000000,4875000000,4500000000,4875000000,4875000000,4500000000,4875000000,4750000000,4875000000,4500000000,5549999999,5549999999,10
2026-02-22 13:33:29,90499,pairwise,VerletListsCells,1.000000,vlc_c18,none,SoA,enabled,12500000000,4750000000,4750000000,4875000000,4750000000,4875000000,4875000000,4750000000,4875000000,4750000000,5574999999,5557864489,10
2026-02-22 13:33:29,90509,pairwise,VerletListsCells,1.000000,vlc_c08,none,AoS,disabled,6875000000,3125000000,3000000000,3125000000,3125000000,2875000000,2875000000,3125000000,3125000000,3125000000,3437499999,3429753687,10
2026-02-22 13:33:30,90519,pairwise,VerletListsCells,1.000000,vlc_c08,none,AoS,enabled,6875000000,2875000000,3125000000,3000000000,2875000000,3000000000,3000000000,3125000000,3000000000,3125000000,3399999999,3387156002,10
2026-02-22 13:33:31,90529,pairwise,VerletListsCells,1.000000,vlc_c08,none,SoA,disabled,11500000000,4625000000,4500000000,4500000000,4500000000,4625000000,4375000000,4875000000,4500000000,4625000000,5262499999,5245473126,10
2026-02-22 13:33:31,90539,pairwise,VerletListsCells,1.000000,vlc_c08,none,SoA,enabled,11250000000,4750000000,4500000000,4625000000,4625000000,4625000000,4500000000,4500000000,4500000000,4500000000,5237499999,5232185474,10
2026-02-22 13:33:32,90549,pairwise,VerletListsCells,1.000000,vlc_sliced,none,AoS,disabled,6250000000,0,0,125000000,0,125000000,125000000,0,125000000,0,674999999,672580772,10
2026-02-22 13:33:32,90559,pairwise,VerletListsCells,1.000000,vlc_sliced,none,AoS,enabled,6000000000,125000000,0,125000000,0,0,0,0,125000000,125000000,649999999,641174257,10
2026-02-22 13:33:33,90569,pairwise,VerletListsCells,1.000000,vlc_sliced,none,SoA,disabled,10000000000,1375000000,1625000000,1625000000,1625000000,1500000000,1500000000,1625000000,1750000000,1750000000,2437499999,2433706895,10
2026-02-22 13:33:33,90579,pairwise,VerletListsCells,1.000000,vlc_sliced,none,SoA,enabled,9750000000,1625000000,1500000000,1625000000,1500000000,1500000000,1500000000,1625000000,1625000000,1625000000,2387499999,2387499999,10
2026-02-22 13:33:34,90589,pairwise,VerletListsCells,1.000000,vlc_sliced_c02,none,AoS,disabled,6375000000,0,0,0,0,0,125000000,125000000,0,125000000,674999999,645680208,10
2026-02-22 13:33:34,90599,pairwise,VerletListsCells,1.000000,vlc_sliced_c02,none,AoS,enabled,6125000000,0,0,0,0,0,0,0,0,0,612500000,592163170,10
2026-02-22 13:33:35,90609,pairwise,VerletListsCells,1.000000,vlc_sliced_c02,none,SoA,disabled,10125000000,1625000000,1625000000,1750000000,1500000000,1375000000,1500000000,1750000000,1500000000,1625000000,2437499999,2437163574,10
2026-02-22 13:33:35,90619,pairwise,VerletListsCells,1.000000,vlc_sliced_c02,none,SoA,enabled,9625000000,1625000000,1500000000,1625000000,1625000000,1375000000,1625000000,1500000000,1375000000,1625000000,2349999999,2349999999,10
2026-02-22 13:33:36,90629,pairwise,PairwiseVerletLists,0.500000,vlp_c01,none,AoS,disabled,13000000000,3125000000,3125000000,3000000000,3000000000,2875000000,3000000000,3125000000,3000000000,3125000000,4037499999,4022311889,10
2026-02-22 13:33:37,90639,pairwise,PairwiseVerletLists,0.500000,vlp_c01,none,SoA,disabled,23875000000,5000000000,4750000000,4750000000,5000000000,5000000000,5000000000,4875000000,4750000000,4875000000,6787499999,6774805287,10
2026-02-22 13:33:37,90649,pairwise,PairwiseVerletLists,0.500000,vlp_c18,none,AoS,disabled,11125000000,3250000000,3375000000,3375000000,3375000000,3375000000,3250000000,3375000000,3250000000,3250000000,4099999999,4070411536,10
2026-02-22 13:33:38,90659,pairwise,PairwiseVerletLists,0.500000,vlp_c18,none,AoS,enabled,11250000000,3375000000,3375000000,3125000000,3500000000,3250000000,3125000000,3125000000,3500000000,3250000000,4087499999,4087499999,10
2026-02-22 13:33:39,90669,pairwise,PairwiseVerletLists,0.500000,vlp_c18,none,SoA,disabled,27500000000,5250000000,5375000000,5125000000,5375000000,5250000000,5125000000,5250000000,5125000000,5125000000,7449999999,7425843186,10
2026-02-22 13:33:39,90679,pairwise,PairwiseVerletLists,0.500000,vlp_c18,none,SoA,enabled,27125000000,5250000000,5125000000,5125000000,5250000000,5250000000,5125000000,5375000000,5000000000,5125000000,7374999999,7374999999,10
2026-02-22 13:33:40,90689,pairwise,PairwiseVerletLists,0.500000,vlp_sliced,none,AoS,disabled,8500000000,750000000,625000000,750000000,625000000,625000000,625000000,750000000,625000000,625000000,1449999999,1446035561,10
2026-02-22 13:33:40,90699,pairwise,PairwiseVerletLists,0.500000,vlp_sliced,none,AoS,enabled,8375000000,500000000,625000000,750000000,750000000,500000000,625000000,750000000,625000000,625000000,1412499999,1397936157,10
2026-02-22 13:33:41,90709,pairwise,PairwiseVerletLists,0.500000,vlp_sliced,none,SoA,disabled,24375000000,2375000000,2250000000,2500000000,2500000000,2625000000,2250000000,2625000000,2500000000,2125000000,4612499999,4612499999,10
2026-02-22 13:33:42,90719,pairwise,PairwiseVerletLists,0.500000,vlp_sliced,none,SoA,enabled,24375000000,2500000000,2375000000,2250000000,2375000000,2500000000,2500000000,2500000000,2375000000,2500000000,4624999999,4624999999,10
2026-02-22 13:33:42,90729,pairwise,PairwiseVerletLists,0.500000,vlp_sliced_c02,none,AoS,disabled,8375000000,750000000,625000000,625000000,750000000,500000000,750000000,750000000,750000000,625000000,1449999999,1449999999,10
2026-02-22 13:33:43,90739,pairwise,PairwiseVerletLists,0.500000,vlp_sliced_c02,none,AoS,enabled,8625000000,625000000,625000000,875000000,625000000,625000000,625000000,750000000,750000000,500000000,1462499999,1462499999,10
2026-02-22 13:33:43,90749,pairwise,PairwiseVerletLists,0.500000,vlp_sliced_c02,none,SoA,disabled,24500000000,2375000000,2375000000,2375000000,2375000000,2500000000,2375000000,2375000000,2375000000,2500000000,4612499999,4612499999,10
2026-02-22 13:33:44,90759,pairwise,PairwiseVerletLists,0.500000,vlp_sliced_c02,none,SoA,enabled,24500000000,2500000000,2625000000,2375000000,2500000000,2500000000,2625000000,2250000000,2250000000,2625000000,4674999999,4674999999,10
2026-02-22 13:33:44,90769,pairwise,PairwiseVerletLists,1.000000,vlp_c01,none,AoS,disabled,12750000000,2875000000,2875000000,2875000000,3000000000,2750000000,2875000000,2750000000,3000000000,2750000000,3849999999,3849999999,10
2026-02-22 13:33:45,90779,pairwise,PairwiseVerletLists,1.000000,vlp_c01,none,SoA,disabled,23250000000,4500000000,4750000000,4750000000,4875000000,4750000000,4500000000,4625000000,4625000000,4750000000,6537499999,6537499999,10
2026-02-22 13:33:46,90789,pairwise,PairwiseVerletLists,1.000000,vlp_c18,none,AoS,disabled,11375000000,3375000000,3375000000,3375000000,3250000000,3250000000,3375000000,3250000000,3250000000,3250000000,4112499999,4109420792,10
2026-02-22 13:33:46,90799,pairwise,PairwiseVerletLists,1.000000,vlp_c18,none,AoS,enabled,11375000000,3250000000,3000000000,3375000000,3250000000,3375000000,3375000000,3375000000,3375000000,3125000000,4087499999,4075745867,10
2026-02-22 13:33:47,90809,pairwise,PairwiseVerletLists,1.000000,vlp_c18,none,SoA,disabled,27750000000,5250000000,5250000000,5250000000,5250000000,5125000000,5125000000,5250000000,5000000000,5125000000,7437499999,7437499999,10
2026-02-22 13:33:48,90819,pairwise,PairwiseVerletLists,1.000000,vlp_c18,none,SoA,enabled,27250000000,5125000000,5250000000,5125000000,5250000000,5125000000,5375000000,5375000000,5125000000,5125000000,7412499999,7374723910,10
2026-02-22 13:33:48,90829,pairwise,PairwiseVerletLists,1.000000,vlp_sliced,none,AoS,disabled,8750000000,750000000,500000000,625000000,750000000,750000000,625000000,625000000,625000000,750000000,1474999999,1474999999,10
2026-02-22 13:33:49,90839,pairwise,PairwiseVerletLists,1.000000,vlp_sliced,none,AoS,enabled,8375000000,375000000,875000000,500000000,750000000,625000000,500000000,875000000,625000000,625000000,1412499999,1412499999,10
2026-02-22 13:33:49,90849,pairwise,PairwiseVerletLists,1.000000,vlp_sliced,none,SoA,disabled,24500000000,2375000000,2375000000,2500000000,2375000000,2375000000,2375000000,2375000000,2500000000,2500000000,4624999999,4624999999,10
2026-02-22 13:33:50,90859,pairwise,PairwiseVerletLists,1.000000,vlp_sliced,none,SoA,enabled,24500000000,2375000000,2375000000,2250000000,2250000000,2375000000,2500000000,2500000000,2250000000,2500000000,4587500000,4575186548,10
2026-02-22 13:33:51,90869,pairwise,PairwiseVerletLists,1.000000,vlp_sliced_c02,none,AoS,disabled,8625000000,625000000,750000000,750000000,750000000,750000000,500000000,500000000,500000000,625000000,1437499999,1437499999,10
2026-02-22 13:33:51,90879,pairwise,PairwiseVerletLists,1.000000,vlp_sliced_c02,none,AoS,enabled,8625000000,625000000,750000000,750000000,750000000,750000000,625000000,750000000,625000000,750000000,1499999999,1464327318,10
2026-02-22 13:33:52,90889,pairwise,PairwiseVerletLists,1.000000,vlp_sliced_c02,none,SoA,disabled,24500000000,2500000000,2500000000,2375000000,2375000000,2375000000,2500000000,2375000000,2500000000,2500000000,4649999999,4646168398,10
2026-02-22 13:33:52,90899,pairwise,PairwiseVerletLists,1.000000,vlp_sliced_c02,none,SoA,enabled,24500000000,2375000000,2375000000,2375000000,2500000000,2500000000,2500000000,2625000000,2500000000,2375000000,4662499999,4660922992,10
2026-02-22 13:41:03,100009,pairwise,LinkedCells,0.500000,lc_c08,none,AoS,disabled,27250000000,26875000000,26750000000,27000000000,27000000000,26750000000,27000000000,26750000000,27000000000,27000000000,26937499999,26903998584,10
2026-02-22 13:41:08,100019,pairwise,LinkedCells,0.500000,lc_c08,none,AoS,enabled,26875000000,26875000000,27000000000,26875000000,26875000000,26750000000,27125000000,26750000000,26875000000,27000000000,26899999999,26837875193,10
2026-02-22 13:41:13,100029,pairwise,LinkedCells,0.500000,lc_c08,none,SoA,disabled,45375000000,45250000000,45500000000,45500000000,45250000000,45375000000,45625000000,45375000000,45375000000,45375000000,45399999999,45372330453,10
2026-02-22 13:41:18,100039,pairwise,LinkedCells,0.500000,lc_c08,none,SoA,enabled,45250000000,45250000000,45250000000,45375000000,45125000000,45125000000,45375000000,45375000000,45250000000,45375000000,45274999999,45254159643,10
2026-02-22 13:41:22,100049,pairwise,LinkedCells,0.500000,lc_c18,none,AoS,disabled,25875000000,25750000000,25750000000,25625000000,25875000000,26125000000,25750000000,25750000000,25625000000,25625000000,25774999999,25720403953,10
2026-02-22 13:41:27,100059,pairwise,LinkedCells,0.500000,lc_c18,none,AoS,enabled,25875000000,26000000000,25750000000,25750000000,25750000000,25875000000,25625000000,25625000000,25625000000,25750000000,25762500000,25695095984,10
2026-02-22 13:41:31,100069,pairwise,LinkedCells,0.500000,lc_c18,none,SoA,disabled,34000000000,33625000000,33875000000,33625000000,33875000000,34000000000,33625000000,34000000000,33750000000,33875000000,33824999999,33789455686,10
2026-02-22 13:41:36,100079,pairwise,LinkedCells,0.500000,lc_c18,none,SoA,enabled,34000000000,34000000000,33750000000,33750000000,34000000000,33875000000,33750000000,33875000000,33875000000,33875000000,33874999999,33780936592,10
2026-02-22 13:41:37,100089,pairwise,LinkedCells,1.000000,lc_c04,none,AoS,disabled,625000000,375000000,250000000,250000000,250000000,375000000,250000000,375000000,250000000,375000000,337499999,320663149,10
2026-02-22 13:41:37,100099,pairwise,LinkedCells,1.000000,lc_c04,none,AoS,enabled,375000000,250000000,500000000,375000000,500000000,250000000,375000000,375000000,250000000,250000000,349999999,340424405,10
2026-02-22 13:41:38,100109,pairwise,LinkedCells,1.000000,lc_c04,none,SoA,disabled,1875000000,1875000000,1500000000,1625000000,1625000000,1875000000,1875000000,1500000000,1625000000,1625000000,1699999999,1680149646,10
2026-02-22 13:41:38,100119,pairwise,LinkedCells,1.000000,lc_c04,none,SoA,enabled,1750000000,1625000000,1500000000,1750000000,1625000000,1375000000,1750000000,1625000000,1500000000,1875000000,1637500000,1637500000,10
2026-02-22 13:41:39,100129,pairwise,LinkedCells,1.000000,lc_c04_combined_SoA,none,SoA,disabled,2500000000,2500000000,2375000000,2500000000,2625000000,2500000000,2250000000,2500000000,2250000000,2625000000,2462499999,2420499338,10
2026-02-22 13:41:39,100139,pairwise,LinkedCells,1.000000,lc_c04_combined_SoA,none,SoA,enabled,2250000000,2625000000,2500000000,2250000000,2500000000,2625000000,2125000000,2125000000,2625000000,2500000000,2412499999,2380417040,10
2026-02-22 13:41:40,100149,pairwise,LinkedCells,1.000000,lc_c08,none,AoS,disabled,3125000000,3125000000,3000000000,3125000000,3125000000,3000000000,3125000000,3000000000,3000000000,3000000000,3062499999,3062499999,10
2026-02-22 13:41:40,100159,pairwise,LinkedCells,1.000000,lc_c08,none,AoS,enabled,3125000000,3250000000,3250000000,3250000000,3000000000,3000000000,3125000000,3125000000,3000000000,3125000000,3125000000,3125000000,10
2026-02-22 13:41:41,100169,pairwise,LinkedCells,1.000000,lc_c08,none,SoA,disabled,4375000000,4000000000,4375000000,4000000000,4000000000,4125000000,4375000000,4000000000,4000000000,4375000000,4162499999,4157571560,10
2026-02-22 13:41:42,100179,pairwise,LinkedCells,1.000000,lc_c08,none,SoA,enabled,4125000000,4250000000,4250000000,4125000000,4125000000,4125000000,4000000000,4125000000,4250000000,4125000000,4149999999,4149999999,10
2026-02-22 13:41:42,100189,pairwise,LinkedCells,1.000000,lc_c18,none,AoS,disabled,3375000000,3250000000,3250000000,3125000000,3125000000,3125000000,3250000000,3375000000,3375000000,3125000000,3237499999,3215963450,10
2026-02-22 13:41:43,100199,pairwise,LinkedCells,1.000000,lc_c18,none,AoS,enabled,3375000000,3250000000,3125000000,3125000000,3000000000,3125000000,3000000000,3375000000,3375000000,3250000000,3199999999,3199999999,10
2026-02-22 13:41:43,100209,pairwise,LinkedCells,1.000000,lc_c18,none,SoA,disabled,4000000000,4125000000,3875000000,4000000000,3875000000,3875000000,4000000000,4125000000,4125000000,3875000000,3987499999,3979266617,10
2026-02-22 13:41:44,100219,pairwise,LinkedCells,1.000000,lc_c18,none,SoA,enabled,4125000000,4125000000,4000000000,4125000000,4000000000,4000000000,3875000000,3875000000,4000000000,4000000000,4012500000,4012500000,10
2026-02-22 13:41:44,100229,pairwise,VerletLists,0.500000,vl_list_iteration,none,AoS,disabled,5750000000,250000000,250000000,125000000,375000000,250000000,375000000,125000000,250000000,250000000,800000000,787242182,10
2026-02-22 13:41:45,100239,pairwise,VerletLists,0.500000,vl_list_iteration,none,SoA,disabled,8000000000,1500000000,1625000000,1625000000,1500000000,1375000000,1500000000,1500000000,1375000000,1500000000,2150000000,2138484528,10
2026-02-22 13:41:45,100249,pairwise,VerletLists,1.000000,vl_list_iteration,none,AoS,disabled,5625000000,125000000,0,250000000,250000000,0,125000000,250000000,250000000,0,687499999,687499999,10
2026-02-22 13:41:46,100259,pairwise,VerletLists,1.000000,vl_list_iteration,none,SoA,disabled,8125000000,1500000000,1625000000,1375000000,1500000000,1500000000,1500000000,1500000000,1500000000,1500000000,2162500000,2158805820,10
2026-02-22 13:41:46,100269,pairwise,VerletListsCells,0.500000,vlc_c01,none,AoS,disabled,12375000000,3000000000,2875000000,2750000000,2750000000,2875000000,2750000000,3000000000,2625000000,2875000000,3787499999,3780024798,10
2026-02-22 13:41:47,100279,pairwise,VerletListsCells,0.500000,vlc_c01,none,SoA,disabled,15750000000,4500000000,4500000000,4625000000,4375000000,4625000000,4500000000,4500000000,4625000000,4375000000,5637499999,5622229943,10
2026-02-22 13:41:48,100289,pairwise,VerletListsCells,0.500000,vlc_c18,none,AoS,disabled,8750000000,3000000000,3125000000,3000000000,3000000000,3000000000,3125000000,3125000000,3250000000,3125000000,3649999999,3644302177,10
2026-02-22 13:41:48,100299,pairwise,VerletListsCells,0.500000,vlc_c18,none,AoS,enabled,8500000000,3250000000,3000000000,3125000000,3250000000,3250000000,3250000000,3125000000,3125000000,3125000000,3699999999,3690673525,10
2026-02-22 13:41:49,100309,pairwise,VerletListsCells,0.500000,vlc_c18,none,SoA,disabled,12625000000,4875000000,4625000000,4875000000,4750000000,4625000000,4875000000,4875000000,4625000000,4875000000,5562499999,5562499999,10
2026-02-22 13:41:50,100319,pairwise,VerletListsCells,0.500000,vlc_c18,none,SoA,enabled,12500000000,4750000000,5000000000,4875000000,4750000000,4875000000,4875000000,5000000000,4750000000,4875000000,5624999999,5589100335,10
2026-02-22 13:41:50,100329,pairwise,VerletListsCells,0.500000,vlc_c08,none,AoS,disabled,6875000000,2875000000,3000000000,3125000000,2875000000,3000000000,3000000000,3000000000,3000000000,3000000000,3374999999,3344259331,10
2026-02-22 13:41:51,100339,pairwise,VerletListsCells,0.500000,vlc_c08,none,AoS,enabled,7000000000,3000000000,3000000000,3125000000,2875000000,3125000000,2875000000,2875000000,3125000000,2875000000,3387499999,3387499999,10
2026-02-22 13:41:51,100349,pairwise,VerletListsCells,0.500000,vlc_c08,none,SoA,disabled,10875000000,4625000000,4500000000,4500000000,4625000000,4625000000,4750000000,4625000000,4625000000,4500000000,5224999999,5223748038,10
2026-02-22 13:41:52,100359,pairwise,VerletListsCells,0.500000,vlc_c08,none,SoA,enabled,10625000000,4500000000,4625000000,4500000000,4750000000,4625000000,4500000000,4625000000,4625000000,4750000000,5212499999,5212499999,10
2026-02-22 13:41:52,100369,pairwise,VerletListsCells,0.500000,vlc_sliced,none,AoS,disabled,5625000000,0,125000000,250000000,0,0,0,0,0,0,599999999,599999999,10
2026-02-22 13:41:53,100379,pairwise,VerletListsCells,0.500000,vlc_sliced,none,AoS,enabled,5500000000,0,0,0,125000000,125000000,0,125000000,0,125000000,599999999,596873156,10
2026-02-22 13:41:53,100389,pairwise,VerletListsCells,0.500000,vlc_sliced,none,SoA,disabled,9625000000,1500000000,1625000000,1625000000,1625000000,1500000000,1625000000,1625000000,1750000000,1500000000,2399999999,2399999999,10
2026-02-22 13:41:54,100399,pairwise,VerletListsCells,0.500000,vlc_sliced,none,SoA,enabled,9500000000,1625000000,1625000000,1625000000,1500000000,1875000000,1625000000,1625000000,1875000000,1375000000,2424999999,2424999999,10
2026-02-22 13:41:55,100409,pairwise,VerletListsCells,0.500000,vlc_sliced_c02,none,AoS,disabled,5625000000,0,0,0,0,0,0,0,0,0,562500000,562500000,10
2026-02-22 13:41:55,100419,pairwise,VerletListsCells,0.500000,vlc_sliced_c02,none,AoS,enabled,5500000000,125000000,0,125000000,0,125000000,0,0,0,0,587499999,587499999,10
2026-02-22 13:41:56,100429,pairwise,VerletListsCells,0.500000,vlc_sliced_c02,none,SoA,disabled,9500000000,1625000000,1750000000,1500000000,1750000000,1625000000,1625000000,1625000000,1500000000,1750000000,2424999999,2424999999,10
2026-02-22 13:41:56,100439,pairwise,VerletListsCells,0.500000,vlc_sliced_c02,none,SoA,enabled,9125000000,1625000000,1625000000,1625000000,1625000000,1750000000,1500000000,1500000000,1875000000,1625000000,2387499999,2387499999,10
2026-02-22 13:41:57,100449,pairwise,VerletListsCells,1.000000,vlc_c01,none,AoS,disabled,12125000000,2625000000,2625000000,2875000000,2750000000,2750000000,2750000000,2875000000,2625000000,2750000000,3674999999,3674999999,10
2026-02-22 13:41:57,100459,pairwise,VerletListsCells,1.000000,vlc_c01,none,SoA,disabled,16375000000,4500000000,4500000000,4625000000,4625000000,4625000000,4625000000,4500000000,4500000000,4375000000,5724999999,5669964351,10
2026-02-22 13:41:58,100469,pairwise,VerletListsCells,1.000000,vlc_c18,none,AoS,disabled,8875000000,3125000000,3125000000,3125000000,3250000000,3250000000,3000000000,3250000000,3250000000,3250000000,3749999999,3719547945,10
2026-02-22 13:41:58,100479,pairwise,VerletListsCells,1.000000,vlc_c18,none,AoS,enabled,8750000000,3125000000,3250000000,3250000000,3125000000,3125000000,3250000000,3250000000,3125000000,3250000000,3749999999,3702420443,10
2026-02-22 13:41:59,100489,pairwise,VerletListsCells,1.000000,vlc_c18,none,SoA,disabled,12625000000,4750000000,4875000000,4875000000,4750000000,4625000000,4625000000,4750000000,4625000000,4750000000,5524999999,5519402468,10
2026-02-22 13:42:00,100499,pairwise,VerletListsCells,1.000000,vlc_c18,none,SoA,enabled,12500000000,4875000000,4875000000,4875000000,4750000000,4750000000,4750000000,4750000000,4750000000,4625000000,5549999999,5548138527,10
2026-02-22 13:42:00,100509,pairwise,VerletListsCells,1.000000,vlc_c08,none,AoS,disabled,6875000000,3000000000,3125000000,3125000000,3125000000,2875000000,3000000000,3000000000,3000000000,3000000000,3412499999,3412499999,10
2026-02-22 13:42:01,100519,pairwise,VerletListsCells,1.000000,vlc_c08,none,AoS,enabled,6875000000,2875000000,3000000000,2750000000,3000000000,2875000000,3000000000,2750000000,2875000000,2875000000,3287499999,3287499999,10
2026-02-22 13:42:01,100529,pairwise,VerletListsCells,1.000000,vlc_c08,none,SoA,disabled,10750000000,4750000000,4625000000,4625000000,4500000000,4625000000,4750000000,4625000000,4750000000,4625000000,5262499999,5259177351,10
2026-02-22 13:42:02,100539,pairwise,VerletListsCells,1.000000,vlc_c08,none,SoA,enabled,10625000000,4625000000,4625000000,4500000000,4625000000,4500000000,4750000000,4750000000,4750000000,4500000000,5225000000,5225000000,10
2026-02-22 13:42:03,100549,pairwise,VerletListsCells,1.000000,vlc_sliced,none,AoS,disabled,5375000000,125000000,125000000,125000000,0,125000000,375000000,0,0,0,624999999,624999999,10
2026-02-22 13:42:03,100559,pairwise,VerletListsCells,1.000000,vlc_sliced,none,AoS,enabled,5125000000,0,0,125000000,0,125000000,125000000,125000000,125000000,0,574999999,574999999,10
2026-02-22 13:42:04,100569,pairwise,VerletListsCells,1.000000,vlc_sliced,none,SoA,disabled,9250000000,1625000000,1625000000,1750000000,1625000000,1625000000,1500000000,1500000000,1625000000,1625000000,2374999999,2374999999,10
2026-02-22 13:42:04,100579,pairwise,VerletListsCells,1.000000,vlc_sliced,none,SoA,enabled,9000000000,1625000000,1500000000,1625000000,1500000000,1500000000,1500000000,1500000000,1500000000,1750000000,2299999999,2299999999,10
2026-02-22 13:42:05,100589,pairwise,VerletListsCells,1.000000,vlc_sliced_c02,none,AoS,disabled,5750000000,0,125000000,125000000,0,0,0,0,0,0,599999999,599999999,10
2026-02-22 13:42:05,100599,pairwise,VerletListsCells,1.000000,vlc_sliced_c02,none,AoS,enabled,5250000000,0,125000000,125000000,125000000,0,125000000,250000000,125000000,0,612499999,612499999,10
2026-02-22 13:42:06,100609,pairwise,VerletListsCells,1.000000,vlc_sliced_c02,none,SoA,disabled,9375000000,1375000000,1375000000,1750000000,1625000000,1750000000,1625000000,1625000000,1625000000,1625000000,2374999999,2374999999,10
2026-02-22 13:42:06,100619,pairwise,VerletListsCells,1.000000,vlc_sliced_c02,none,SoA,enabled,9250000000,1500000000,1500000000,1625000000,1625000000,1500000000,1625000000,1625000000,1500000000,1750000000,2349999999,2342670916,10
2026-02-22 13:42:07,100629,pairwise,PairwiseVerletLists,0.500000,vlp_c01,none,AoS,disabled,12750000000,3250000000,3125000000,3125000000,3125000000,3125000000,3000000000,3000000000,3125000000,3000000000,4062499999,4062499999,10
2026-02-22 13:42:07,100639,pairwise,PairwiseVerletLists,0.500000,vlp_c01,none,SoA,disabled,24500000000,4875000000,5000000000,4875000000,4875000000,4875000000,4875000000,5000000000,4625000000,5000000000,6849999999,6833512974,10
2026-02-22 13:42:08,100649,pairwise,PairwiseVerletLists,0.500000,vlp_c18,none,AoS,disabled,11375000000,3250000000,3375000000,3375000000,3500000000,3000000000,3375000000,3250000000,3375000000,3375000000,4124999999,4108716015,10
2026-02-22 13:42:09,100659,pairwise,PairwiseVerletLists,0.500000,vlp_c18,none,AoS,enabled,11250000000,3375000000,3375000000,3375000000,3375000000,3375000000,3375000000,3375000000,3375000000,3125000000,4137499999,4125521835,10
2026-02-22 13:42:09,100669,pairwise,PairwiseVerletLists,0.500000,vlp_c18,none,SoA,disabled,27375000000,5250000000,5250000000,5125000000,5375000000,5250000000,5375000000,5250000000,5000000000,5125000000,7437499999,7431093043,10
2026-02-22 13:42:10,100679,pairwise,PairwiseVerletLists,0.500000,vlp_c18,none,SoA,enabled,27250000000,5250000000,5250000000,5250000000,5125000000,5375000000,5250000000,5000000000,5125000000,5250000000,7412499999,7397709249,10
2026-02-22 13:42:11,100689,pairwise,PairwiseVerletLists,0.500000,vlp_sliced,none,AoS,disabled,8375000000,500000000,500000000,500000000,500000000,500000000,625000000,625000000,750000000,625000000,1349999999,1349999999,10
2026-02-22 13:42:11,100699,pairwise,PairwiseVerletLists,0.500000,vlp_sliced,none,AoS,enabled,8375000000,750000000,750000000,500000000,625000000,750000000,500000000,500000000,500000000,875000000,1412499999,1412003081,10
2026-02-22 13:42:12,100709,pairwise,PairwiseVerletLists,0.500000,vlp_sliced,none,SoA,disabled,24500000000,2500000000,2500000000,2375000000,2375000000,2375000000,2500000000,2500000000,2125000000,2375000000,4612499999,4608028158,10
2026-02-22 13:42:12,100719,pairwise,PairwiseVerletLists,0.500000,vlp_sliced,none,SoA,enabled,25125000000,2500000000,2500000000,2500000000,2375000000,2500000000,2500000000,2500000000,2375000000,2375000000,4724999999,4701626668,10
2026-02-22 13:42:13,100729,pairwise,PairwiseVerletLists,0.500000,vlp_sliced_c02,none,AoS,disabled,8750000000,625000000,625000000,750000000,750000000,750000000,875000000,750000000,750000000,750000000,1537499999,1509351960,10
2026-02-22 13:42:13,100739,pairwise,PairwiseVerletLists,0.500000,vlp_sliced_c02,none,AoS,enabled,8375000000,750000000,750000000,750000000,750000000,750000000,625000000,875000000,875000000,625000000,1512500000,1504214175,10
2026-02-22 13:42:14,100749,pairwise,PairwiseVerletLists,0.500000,vlp_sliced_c02,none,SoA,disabled,24500000000,2500000000,2250000000,2375000000,2500000000,2500000000,2625000000,2625000000,2500000000,2375000000,4674999999,4650805715,10
2026-02-22 13:42:15,100759,pairwise,PairwiseVerletLists,0.500000,vlp_sliced_c02,none,SoA,enabled,24625000000,2375000000,2250000000,2500000000,2625000000,2250000000,2375000000,2500000000,2625000000,2375000000,4649999999,4649999999,10
2026-02-22 13:42:15,100769,pairwise,PairwiseVerletLists,1.000000,vlp_c01,none,AoS,disabled,12875000000,2875000000,2750000000,3000000000,3000000000,2875000000,3000000000,2750000000,3000000000,3125000000,3924999999,3885047133,10
2026-02-22 13:42:16,100779,pairwise,PairwiseVerletLists,1.000000,vlp_c01,none,SoA,disabled,23250000000,4625000000,4625000000,4875000000,4750000000,4875000000,5000000000,4625000000,4750000000,4875000000,6624999999,6592909690,10
2026-02-22 13:42:17,100789,pairwise,PairwiseVerletLists,1.000000,vlp_c18,none,AoS,disabled,11375000000,3250000000,3375000000,3500000000,3500000000,3375000000,3375000000,3250000000,3375000000,3375000000,4175000000,4158515106,10
2026-02-22 13:42:17,100799,pairwise,PairwiseVerletLists,1.000000,vlp_c18,none,AoS,enabled,11125000000,3500000000,3375000000,3375000000,3375000000,3500000000,3250000000,3375000000,3375000000,3500000000,4174999999,4146376082,10
2026-02-22 13:42:18,100809,pairwise,PairwiseVerletLists,1.000000,vlp_c18,none,SoA,disabled,27375000000,5125000000,5125000000,5250000000,5125000000,5250000000,5250000000,5125000000,5250000000,5250000000,7412499999,7412499999,10
2026-02-22 13:42:19,100819,pairwise,PairwiseVerletLists,1.000000,vlp_c18,none,SoA,enabled,27250000000,5250000000,5375000000,5125000000,5250000000,5250000000,5375000000,5375000000,5375000000,5250000000,7487499999,7457757291,10
2026-02-22 13:42:19,100829,pairwise,PairwiseVerletLists,1.000000,vlp_sliced,none,AoS,disabled,8375000000,500000000,875000000,625000000,625000000,750000000,625000000,875000000,375000000,625000000,1424999999,1424999999,10
2026-02-22 13:42:20,100839,pairwise,PairwiseVerletLists,1.000000,vlp_sliced,none,AoS,enabled,8500000000,625000000,625000000,625000000,625000000,625000000,750000000,750000000,625000000,750000000,1449999999,1438668791,10
2026-02-22 13:42:20,100849,pairwise,PairwiseVerletLists,1.000000,vlp_sliced,none,SoA,disabled,24375000000,2500000000,2500000000,2375000000,2375000000,2500000000,2500000000,2500000000,2625000000,2375000000,4662499999,4655955765,10
2026-02-22 13:42:21,100859,pairwise,PairwiseVerletLists,1.000000,vlp_sliced,none,SoA,enabled,24875000000,2500000000,2375000000,2500000000,2500000000,2500000000,2250000000,2500000000,2500000000,2250000000,4674999999,4646820980,10
2026-02-22 13:42:21,100869,pairwise,PairwiseVerletLists,1.000000,vlp_sliced_c02,none,AoS,disabled,8750000000,625000000,625000000,750000000,625000000,750000000,625000000,625000000,625000000,625000000,1462499999,1455084815,10
2026-02-22 13:42:22,100879,pairwise,PairwiseVerletLists,1.000000,vlp_sliced_c02,none,AoS,enabled,8500000000,375000000,625000000,625000000,750000000,500000000,500000000,625000000,625000000,625000000,1374999999,1374999999,10
2026-02-22 13:42:22,100889,pairwise,PairwiseVerletLists,1.000000,vlp_sliced_c02,none,SoA,disabled,24375000000,2375000000,2500000000,2500000000,2625000000,2500000000,2250000000,2500000000,2375000000,2500000000,4649999999,4649999999,10
2026-02-22 13:42:23,100899,pairwise,PairwiseVerletLists,1.000000,vlp_sliced_c02,none,SoA,enabled,24625000000,2125000000,2250000000,2500000000,2500000000,2500000000,2500000000,2500000000,2500000000,2500000000,4649999999,4649999999,10
2026-02-22 13:49:34,110009,pairwise,LinkedCells,0.500000,lc_c08,none,AoS,disabled,26875000000,26625000000,26750000000,26625000000,26375000000,26750000000,26500000000,26625000000,26625000000,26375000000,26612499999,26612499999,10
2026-02-22 13:49:39,110019,pairwise,LinkedCells,0.500000,lc_c08,none,AoS,enabled,26500000000,26500000000,26625000000,26500000000,26250000000,26875000000,26500000000,26500000000,26625000000,26500000000,26537499999,26537499999,10
2026-02-22 13:49:44,110029,pairwise,LinkedCells,0.500000,lc_c08,none,SoA,disabled,45375000000,45125000000,45125000000,45125000000,45000000000,45125000000,45125000000,45375000000,45000000000,45125000000,45150000000,45150000000,10
2026-02-22 13:49:49,110039,pairwise,LinkedCells,0.500000,lc_c08,none,SoA,enabled,45250000000,45125000000,44875000000,45000000000,45125000000,45125000000,45125000000,45125000000,45125000000,45000000000,45087499999,45087499999,10
2026-02-22 13:49:54,110049,pairwise,LinkedCells,0.500000,lc_c18,none,AoS,disabled,25250000000,25500000000,25500000000,25500000000,25625000000,25500000000,25375000000,25250000000,25375000000,25250000000,25412499999,25412499999,10
2026-02-22 13:49:58,110059,pairwise,LinkedCells,0.500000,lc_c18,none,AoS,enabled,25250000000,25500000000,25625000000,25500000000,25625000000,25375000000,25500000000,25500000000,25375000000,25375000000,25462499999,25462499999,10
2026-02-22 13:50:03,110069,pairwise,LinkedCells,0.500000,lc_c18,none,SoA,disabled,33500000000,33500000000,33500000000,33500000000,33625000000,33500000000,33250000000,33375000000,33375000000,33625000000,33474999999,33474999999,10
2026-02-22 13:50:08,110079,pairwise,LinkedCells,0.500000,lc_c18,none,SoA,enabled,33375000000,33500000000,33625000000,33500000000,33500000000,33375000000,33625000000,33625000000,33500000000,33500000000,33512499999,33512499999,10
2026-02-22 13:50:08,110089,pairwise,LinkedCells,1.000000,lc_c04,none,AoS,disabled,375000000,375000000,250000000,375000000,375000000,250000000,375000000,250000000,375000000,250000000,324999999,319846473,10
2026-02-22 13:50:09,110099,pairwise,LinkedCells,1.000000,lc_c04,none,AoS,enabled,375000000,375000000,500000000,375000000,250000000,375000000,375000000,375000000,375000000,125000000,349999999,345311603,10
2026-02-22 13:50:09,110109,pairwise,LinkedCells,1.000000,lc_c04,none,SoA,disabled,1875000000,1500000000,1625000000,1875000000,1625000000,1625000000,1750000000,1750000000,1625000000,1750000000,1699999999,1699999999,10
2026-02-22 13:50:10,110119,pairwise,LinkedCells,1.000000,lc_c04,none,SoA,enabled,1875000000,1500000000,1750000000,1750000000,1500000000,1625000000,1750000000,1500000000,1625000000,1750000000,1662499999,1657441510,10
2026-02-22 13:50:10,110129,pairwise,LinkedCells,1.000000,lc_c04_combined_SoA,none,SoA,disabled,2375000000,2500000000,2500000000,2250000000,2250000000,2250000000,2375000000,2500000000,2500000000,2375000000,2387499999,2387499999,10
2026-02-22 13:50:11,110139,pairwise,LinkedCells,1.000000,lc_c04_combined_SoA,none,SoA,enabled,2625000000,2625000000,2250000000,2250000000,2500000000,2375000000,2500000000,2500000000,2375000000,2250000000,2424999999,2420879586,10
2026-02-22 13:50:11,110149,pairwise,LinkedCells,1.000000,lc_c08,none,AoS,disabled,3125000000,3125000000,3250000000,3125000000,3375000000,3125000000,3250000000,3125000000,3250000000,3000000000,3174999999,3145559903,10
2026-02-22 13:50:12,110159,pairwise,LinkedCells,1.000000,lc_c08,none,AoS,enabled,3125000000,3250000000,3250000000,3125000000,3250000000,3125000000,3125000000,3375000000,3125000000,3125000000,3187499999,3180407282,10
2026-02-22 13:50:12,110169,pairwise,LinkedCells,1.000000,lc_c08,none,SoA,disabled,4375000000,4250000000,4250000000,4125000000,4125000000,4375000000,4500000000,4125000000,4125000000,4250000000,4249999999,4224394032,10
2026-02-22 13:50:13,110179,pairwise,LinkedCells,1.000000,lc_c08,none,SoA,enabled,4250000000,4375000000,4125000000,4250000000,4125000000,4375000000,4000000000,4125000000,4125000000,4375000000,4212499999,4195429069,10
2026-02-22 13:50:14,110189,pairwise,LinkedCells,1.000000,lc_c18,none,AoS,disabled,3375000000,3250000000,3250000000,3000000000,3125000000,3250000000,3125000000,3000000000,3000000000,3125000000,3150000000,3150000000,10
2026-02-22 13:50:14,110199,pairwise,LinkedCells,1.000000,lc_c18,none,AoS,enabled,3250000000,3000000000,3250000000,3000000000,3000000000,3250000000,3000000000,3250000000,3250000000,3250000000,3149999999,3149999999,10
2026-02-22 13:50:15,110209,pairwise,LinkedCells,1.000000,lc_c18,none,SoA,disabled,4000000000,4125000000,4000000000,3875000000,4000000000,3875000000,3875000000,3875000000,4000000000,3875000000,3949999999,3949999999,10
2026-02-22 13:50:15,110219,pairwise,LinkedCells,1.000000,lc_c18,none,SoA,enabled,4000000000,4125000000,4125000000,4125000000,3875000000,3875000000,4000000000,3875000000,4000000000,4000000000,4000000000,4000000000,10
2026-02-22 13:50:16,110229,pairwise,VerletLists,0.500000,vl_list_iteration,none,AoS,disabled,5750000000,250000000,250000000,250000000,250000000,250000000,250000000,125000000,250000000,0,762499999,762499999,10
2026-02-22 13:50:16,110239,pairwise,VerletLists,0.500000,vl_list_iteration,none,SoA,disabled,8000000000,1375000000,1375000000,1500000000,1625000000,1375000000,1500000000,1500000000,1625000000,1625000000,2150000000,2144183736,10
2026-02-22 13:50:17,110249,pairwise,VerletLists,1.000000,vl_list_iteration,none,AoS,disabled,5625000000,250000000,0,250000000,250000000,125000000,125000000,250000000,250000000,125000000,724999999,712439699,10
2026-02-22 13:50:17,110259,pairwise,VerletLists,1.000000,vl_list_iteration,none,SoA,disabled,8125000000,1500000000,1750000000,1500000000,1625000000,1625000000,1500000000,1500000000,1500000000,1500000000,2212499999,2192976522,10
2026-02-22 13:50:18,110269,pairwise,VerletListsCells,0.500000,vlc_c01,none,AoS,disabled,12500000000,2625000000,2625000000,3000000000,2875000000,2875000000,2875000000,3000000000,2875000000,2750000000,3799999999,3798324320,10
2026-02-22 13:50:19,110279,pairwise,VerletListsCells,0.500000,vlc_c01,none,SoA,disabled,15500000000,4375000000,4250000000,4250000000,4375000000,4375000000,4125000000,4500000000,4375000000,4375000000,5449999999,5449999999,10
2026-02-22 13:50:19,110289,pairwise,VerletListsCells,0.500000,vlc_c18,none,AoS,disabled,8750000000,3250000000,3000000000,3000000000,3250000000,3375000000,3125000000,3000000000,3125000000,3125000000,3699999999,3684403801,10
2026-02-22 13:50:20,110299,pairwise,VerletListsCells,0.500000,vlc_c18,none,AoS,enabled,8625000000,3000000000,3250000000,3375000000,3125000000,3125000000,3125000000,3250000000,3000000000,3000000000,3687499999,3687499999,10
2026-02-22 13:50:20,110309,pairwise,VerletListsCells,0.500000,vlc_c18,none,SoA,disabled,12250000000,4625000000,4625000000,4750000000,4750000000,4750000000,4875000000,4500000000,4750000000,4625000000,5449999999,5449999999,10
2026-02-22 13:50:21,110319,pairwise,VerletListsCells,0.500000,vlc_c18,none,SoA,enabled,12250000000,4750000000,4625000000,4750000000,4625000000,4625000000,4625000000,4625000000,4875000000,4875000000,5462499999,5462499999,10
2026-02-22 13:50:22,110329,pairwise,VerletListsCells,0.500000,vlc_c08,none,AoS,disabled,6875000000,3000000000,3125000000,3125000000,3125000000,2875000000,3000000000,3000000000,2875000000,3125000000,3412499999,3401442662,10
2026-02-22 13:50:22,110339,pairwise,VerletListsCells,0.500000,vlc_c08,none,AoS,enabled,6750000000,3125000000,3000000000,2625000000,3125000000,3000000000,3000000000,3000000000,2875000000,2875000000,3337499999,3337499999,10
2026-02-22 13:50:23,110349,pairwise,VerletListsCells,0.500000,vlc_c08,none,SoA,disabled,10625000000,4500000000,4625000000,4500000000,4625000000,4625000000,4500000000,4500000000,4500000000,4625000000,5162499999,5162499999,10
2026-02-22 13:50:23,110359,pairwise,VerletListsCells,0.500000,vlc_c08,none,SoA,enabled,10500000000,4375000000,4625000000,4500000000,4625000000,4375000000,4625000000,4375000000,4625000000,4625000000,5124999999,5124999999,10
2026-02-22 13:50:24,110369,pairwise,VerletListsCells,0.500000,vlc_sliced,none,AoS,disabled,5875000000,0,0,0,0,250000000,0,0,0,0,612499999,605386684,10
2026-02-22 13:50:24,110379,pairwise,VerletListsCells,0.500000,vlc_sliced,none,AoS,enabled,5000000000,0,0,0,0,0,0,0,0,0,500000000,500000000,10
2026-02-22 13:50:25,110389,pairwise,VerletListsCells,0.500000,vlc_sliced,none,SoA,disabled,9375000000,1500000000,1625000000,1500000000,1625000000,1875000000,1500000000,1625000000,1750000000,1375000000,2374999999,2374999999,10
2026-02-22 13:50:25,110399,pairwise,VerletListsCells,0.500000,vlc_sliced,none,SoA,enabled,9125000000,1500000000,1750000000,1625000000,1375000000,1750000000,1625000000,1500000000,1625000000,1500000000,2337499999,2337499999,10
2026-02-22 13:50:26,110409,pairwise,VerletListsCells,0.500000,vlc_sliced_c02,none,AoS,disabled,5750000000,0,125000000,0,0,0,0,125000000,0,0,599999999,582665526,10
2026-02-22 13:50:26,110419,pairwise,VerletListsCells,0.500000,vlc_sliced_c02,none,AoS,enabled,5625000000,0,0,0,0,0,0,0,0,0,562500000,562500000,10
2026-02-22 13:50:27,110429,pairwise,VerletListsCells,0.500000,vlc_sliced_c02,none,SoA,disabled,9375000000,1750000000,1500000000,1500000000,1625000000,1750000000,1500000000,1625000000,1750000000,1500000000,2387499999,2387499999,10
2026-02-22 13:50:27,110439,pairwise,VerletListsCells,0.500000,vlc_sliced_c02,none,SoA,enabled,9000000000,1500000000,1750000000,1750000000,1500000000,1625000000,1500000000,1500000000,1500000000,1750000000,2337499999,2337499999,10
2026-02-22 13:50:28,110449,pairwise,VerletListsCells,1.000000,vlc_c01,none,AoS,disabled,11875000000,2750000000,2750000000,2750000000,2875000000,2750000000,2875000000,2750000000,2625000000,2625000000,3662500000,3647907311,10
2026-02-22 13:50:29,110459,pairwise,VerletListsCells,1.000000,vlc_c01,none,SoA,disabled,15750000000,4375000000,4500000000,4375000000,4375000000,4250000000,4375000000,4375000000,4500000000,4125000000,5499999999,5499999999,10
2026-02-22 13:50:29,110469,pairwise,VerletListsCells,1.000000,vlc_c18,none,AoS,disabled,9000000000,3125000000,3375000000,3000000000,3000000000,2875000000,3375000000,3125000000,3000000000,2875000000,3674999999,3674999999,10
2026-02-22 13:50:30,110479,pairwise,VerletListsCells,1.000000,vlc_c18,none,AoS,enabled,8625000000,3125000000,3125000000,3125000000,3125000000,3375000000,3250000000,3375000000,3000000000,3000000000,3712499999,3712499999,10
2026-02-22 13:50:30,110489,pairwise,VerletListsCells,1.000000,vlc_c18,none,SoA,disabled,12875000000,4750000000,4875000000,4750000000,4875000000,4750000000,4875000000,4750000000,4875000000,5000000000,5637499999,5600012281,10
2026-02-22 13:50:31,110499,pairwise,VerletListsCells,1.000000,vlc_c18,none,SoA,enabled,12500000000,5000000000,4750000000,4875000000,4625000000,4750000000,4750000000,4750000000,4875000000,4875000000,5574999999,5569735987,10
2026-02-22 13:50:32,110509,pairwise,VerletListsCells,1.000000,vlc_c08,none,AoS,disabled,7000000000,3000000000,2875000000,2875000000,3125000000,3000000000,3000000000,3000000000,2875000000,3125000000,3387499999,3387499999,10
2026-02-22 13:50:32,110519,pairwise,VerletListsCells,1.000000,vlc_c08,none,AoS,enabled,7000000000,3125000000,3125000000,3250000000,3000000000,2875000000,3000000000,3000000000,3125000000,2875000000,3437499999,3396470790,10
2026-02-22 13:50:33,110529,pairwise,VerletListsCells,1.000000,vlc_c08,none,SoA,disabled,10750000000,4500000000,4625000000,4500000000,4500000000,4750000000,4625000000,4500000000,4750000000,4375000000,5187499999,5187499999,10
2026-02-22 13:50:34,110539,pairwise,VerletListsCells,1.000000,vlc_c08,none,SoA,enabled,10625000000,4500000000,4500000000,4625000000,4625000000,4500000000,4625000000,4625000000,4500000000,4500000000,5162499999,5162499999,10
2026-02-22 13:50:34,110549,pairwise,VerletListsCells,1.000000,vlc_sliced,none,AoS,disabled,5875000000,125000000,0,0,250000000,0,0,0,0,0,624999999,622887441,10
2026-02-22 13:50:34,110559,pairwise,VerletListsCells,1.000000,vlc_sliced,none,AoS,enabled,5500000000,125000000,0,0,125000000,125000000,0,0,125000000,0,599999999,590800171,10
2026-02-22 13:50:35,110569,pairwise,VerletListsCells,1.000000,vlc_sliced,none,SoA,disabled,9625000000,1625000000,1625000000,1625000000,1500000000,1750000000,1500000000,1625000000,1375000000,1750000000,2399999999,2388966707,10
2026-02-22 13:50:36,110579,pairwise,VerletListsCells,1.000000,vlc_sliced,none,SoA,enabled,9500000000,1500000000,1500000000,1500000000,1500000000,1625000000,1625000000,1625000000,1875000000,1625000000,2387499999,2357174235,10
2026-02-22 13:50:36,110589,pairwise,VerletListsCells,1.000000,vlc_sliced_c02,none,AoS,disabled,5375000000,125000000,0,0,0,0,0,0,0,0,549999999,549999999,10
2026-02-22 13:50:37,110599,pairwise,VerletListsCells,1.000000,vlc_sliced_c02,none,AoS,enabled,5375000000,0,0,0,0,0,0,0,125000000,125000000,562499999,562499999,10
2026-02-22 13:50:37,110609,pairwise,VerletListsCells,1.000000,vlc_sliced_c02,none,SoA,disabled,9625000000,1375000000,1500000000,1500000000,1500000000,1500000000,1625000000,1375000000,1625000000,1625000000,2324999999,2324999999,10
2026-02-22 13:50:38,110619,pairwise,VerletListsCells,1.000000,vlc_sliced_c02,none,SoA,enabled,9125000000,1750000000,1625000000,1625000000,1625000000,1500000000,1500000000,1750000000,1625000000,1375000000,2349999999,2340820466,10
2026-02-22 13:50:38,110629,pairwise,PairwiseVerletLists,0.500000,vlp_c01,none,AoS,disabled,13125000000,3000000000,3000000000,3125000000,3125000000,3125000000,3250000000,3125000000,3000000000,3125000000,4099999999,4099999999,10
2026-02-22 13:50:39,110639,pairwise,PairwiseVerletLists,0.500000,vlp_c01,none,SoA,disabled,25000000000,5000000000,5000000000,4875000000,5000000000,5000000000,5125000000,5125000000,5125000000,5125000000,7037499999,7004885368,10
2026-02-22 13:50:39,110649,pairwise,PairwiseVerletLists,0.500000,vlp_c18,none,AoS,disabled,11125000000,3500000000,3250000000,3500000000,3250000000,3250000000,3125000000,3250000000,3500000000,3375000000,4112499999,4112499999,10
2026-02-22 13:50:40,110659,pairwise,PairwiseVerletLists,0.500000,vlp_c18,none,AoS,enabled,11375000000,3250000000,3375000000,3250000000,3250000000,3375000000,3375000000,3375000000,3375000000,3625000000,4162499999,4150964454,10
2026-02-22 13:50:41,110669,pairwise,PairwiseVerletLists,0.500000,vlp_c18,none,SoA,disabled,27000000000,5250000000,5500000000,5125000000,5375000000,5250000000,5000000000,5250000000,5000000000,5125000000,7387499999,7387499999,10
2026-02-22 13:50:42,110679,pairwise,PairwiseVerletLists,0.500000,vlp_c18,none,SoA,enabled,27750000000,5250000000,5250000000,5250000000,5250000000,5375000000,5125000000,5250000000,5125000000,5125000000,7474999999,7455367089,10
2026-02-22 13:50:42,110689,pairwise,PairwiseVerletLists,0.500000,vlp_sliced,none,AoS,disabled,8625000000,625000000,625000000,625000000,750000000,625000000,625000000,750000000,625000000,750000000,1462499999,1427530917,10
2026-02-22 13:50:43,110699,pairwise,PairwiseVerletLists,0.500000,vlp_sliced,none,AoS,enabled,8625000000,625000000,625000000,625000000,625000000,625000000,750000000,625000000,625000000,625000000,1437499999,1435213325,10
2026-02-22 13:50:43,110709,pairwise,PairwiseVerletLists,0.500000,vlp_sliced,none,SoA,disabled,25000000000,2500000000,2250000000,2125000000,2500000000,2500000000,2500000000,2375000000,2250000000,2500000000,4649999999,4635221982,10
2026-02-22 13:50:44,110719,pairwise,PairwiseVerletLists,0.500000,vlp_sliced,none,SoA,enabled,24375000000,2250000000,2375000000,2375000000,2500000000,2625000000,2250000000,2500000000,2500000000,2375000000,4612499999,4612499999,10
2026-02-22 13:50:44,110729,pairwise,PairwiseVerletLists,0.500000,vlp_sliced_c02,none,AoS,disabled,8375000000,625000000,750000000,750000000,750000000,625000000,625000000,625000000,750000000,625000000,1449999999,1449999999,10
2026-02-22 13:50:45,110739,pairwise,PairwiseVerletLists,0.500000,vlp_sliced_c02,none,AoS,enabled,8750000000,875000000,625000000,625000000,750000000,875000000,750000000,625000000,750000000,1000000000,1562499999,1551732535,10
2026-02-22 13:50:45,110749,pairwise,PairwiseVerletLists,0.500000,vlp_sliced_c02,none,SoA,disabled,24250000000,2375000000,2250000000,2500000000,2500000000,2500000000,2500000000,2500000000,2500000000,2500000000,4637499999,4637499999,10
2026-02-22 13:50:46,110759,pairwise,PairwiseVerletLists,0.500000,vlp_sliced_c02,none,SoA,enabled,24500000000,2250000000,2500000000,2500000000,2500000000,2375000000,2125000000,2375000000,2250000000,2250000000,4562499999,4562499999,10
2026-02-22 13:50:47,110769,pairwise,PairwiseVerletLists,1.000000,vlp_c01,none,AoS,disabled,13250000000,2875000000,3125000000,3125000000,3125000000,3000000000,3000000000,3125000000,3125000000,3000000000,4074999999,4020787077,10
2026-02-22 13:50:47,110779,pairwise,PairwiseVerletLists,1.000000,vlp_c01,none,SoA,disabled,23500000000,5000000000,4875000000,5000000000,5000000000,4875000000,4875000000,4875000000,4875000000,5000000000,6787499999,6733758797,10
2026-02-22 13:50:48,110789,pairwise,PairwiseVerletLists,1.000000,vlp_c18,none,AoS,disabled,11250000000,3500000000,3375000000,3375000000,3250000000,3125000000,3250000000,3125000000,3375000000,3250000000,4087499999,4087499999,10
2026-02-22 13:50:49,110799,pairwise,PairwiseVerletLists,1.000000,vlp_c18,none,AoS,enabled,11250000000,3250000000,3250000000,3500000000,3500000000,3250000000,3500000000,3250000000,3125000000,3250000000,4112499999,4112499999,10
2026-02-22 13:50:49,110809,pairwise,PairwiseVerletLists,1.000000,vlp_c18,none,SoA,disabled,27500000000,5250000000,5250000000,5250000000,5125000000,5125000000,5250000000,5375000000,5250000000,5125000000,7449999999,7436550912,10
2026-02-22 13:50:50,110819,pairwise,PairwiseVerletLists,1.000000,vlp_c18,none,SoA,enabled,27750000000,5250000000,5375000000,5125000000,5250000000,5250000000,5375000000,5125000000,5250000000,5000000000,7474999999,7474999999,10
2026-02-22 13:50:50,110829,pairwise,PairwiseVerletLists,1.000000,vlp_sliced,none,AoS,disabled,8500000000,625000000,625000000,625000000,500000000,625000000,625000000,500000000,625000000,750000000,1399999999,1399088909,10
2026-02-22 13:50:51,110839,pairwise,PairwiseVerletLists,1.000000,vlp_sliced,none,AoS,enabled,8500000000,750000000,500000000,750000000,625000000,375000000,875000000,500000000,500000000,625000000,1399999999,1399999999,10
2026-02-22 13:50:52,110849,pairwise,PairwiseVerletLists,1.000000,vlp_sliced,none,SoA,disabled,24875000000,2500000000,2500000000,2250000000,2500000000,2500000000,2375000000,2375000000,2500000000,2250000000,4662499999,4662499999,10
2026-02-22 13:50:52,110859,pairwise,PairwiseVerletLists,1.000000,vlp_sliced,none,SoA,enabled,24500000000,2375000000,2500000000,2500000000,2625000000,2500000000,2250000000,2500000000,2375000000,2500000000,4662499999,4662499999,10
2026-02-22 13:50:53,110869,pairwise,PairwiseVerletLists,1.000000,vlp_sliced_c02,none,AoS,disabled,8625000000,875000000,625000000,625000000,750000000,625000000,625000000,750000000,875000000,750000000,1512499999,1497313766,10
2026-02-22 13:50:53,110879,pairwise,PairwiseVerletLists,1.000000,vlp_sliced_c02,none,AoS,enabled,8625000000,750000000,750000000,625000000,875000000,750000000,750000000,750000000,875000000,750000000,1549999999,1506155340,10
2026-02-22 13:50:54,110889,pairwise,PairwiseVerletLists,1.000000,vlp_sliced_c02,none,SoA,disabled,24500000000,2500000000,2500000000,2375000000,2500000000,2625000000,2500000000,2375000000,2375000000,2500000000,4674999999,4670299895,10
2026-02-22 13:50:55,110899,pairwise,PairwiseVerletLists,1.000000,vlp_sliced_c02,none,SoA,enabled,25000000000,2375000000,2375000000,2625000000,2500000000,2625000000,2375000000,2375000000,2500000000,2500000000,4724999999,4707076640,10
2026-02-22 13:58:06,120009,pairwise,LinkedCells,0.500000,lc_c08,none,AoS,disabled,26750000000,26750000000,26750000000,26375000000,26875000000,26625000000,26750000000,26750000000,26750000000,27125000000,26750000000,26689890641,10
2026-02-22 13:58:10,120019,pairwise,LinkedCells,0.500000,lc_c08,none,AoS,enabled,26750000000,27000000000,26625000000,26750000000,26750000000,26750000000,26625000000,26625000000,26875000000,27000000000,26774999999,26695641111,10
2026-02-22 13:58:15,120029,pairwise,LinkedCells,0.500000,lc_c08,none,SoA,disabled,45375000000,45250000000,45250000000,45125000000,45375000000,45250000000,45500000000,45250000000,45375000000,45500000000,45324999999,45266044742,10
2026-02-22 13:58:20,120039,pairwise,LinkedCells,0.500000,lc_c08,none,SoA,enabled,45125000000,45125000000,45250000000,45375000000,45000000000,45250000000,45125000000,45125000000,45250000000,45375000000,45199999999,45160176346,10
2026-02-22 13:58:25,120049,pairwise,LinkedCells,0.500000,lc_c18,none,AoS,disabled,25625000000,25500000000,25500000000,25625000000,25750000000,25625000000,25625000000,25500000000,25625000000,25625000000,25599999999,25532559405,10
2026-02-22 13:58:29,120059,pairwise,LinkedCells,0.500000,lc_c18,none,AoS,enabled,25625000000,25875000000,25500000000,25750000000,25500000000,25750000000,25500000000,25375000000,25750000000,25625000000,25625000000,25575306812,10
2026-02-22 13:58:34,120069,pairwise,LinkedCells,0.500000,lc_c18,none,SoA,disabled,33625000000,33625000000,33750000000,33875000000,33750000000,33625000000,33625000000,33500000000,33875000000,33625000000,33687499999,33610131248,10
2026-02-22 13:58:39,120079,pairwise,LinkedCells,0.500000,lc_c18,none,SoA,enabled,33750000000,33875000000,33500000000,33750000000,33625000000,33875000000,33625000000,33625000000,33875000000,33625000000,33712499999,33654910016,10
2026-02-22 13:58:39,120089,pairwise,LinkedCells,1.000000,lc_c04,none,AoS,disabled,250000000,375000000,375000000,375000000,750000000,375000000,375000000,125000000,250000000,375000000,362500000,354943756,10
2026-02-22 13:58:40,120099,pairwise,LinkedCells,1.000000,lc_c04,none,AoS,enabled,375000000,250000000,500000000,250000000,375000000,375000000,250000000,625000000,250000000,250000000,349999999,349999999,10
2026-02-22 13:58:40,120109,pairwise,LinkedCells,1.000000,lc_c04,none,SoA,disabled,1875000000,1625000000,1625000000,1625000000,1625000000,1500000000,1750000000,1500000000,1750000000,1625000000,1650000000,1650000000,10
2026-02-22 13:58:41,120119,pairwise,LinkedCells,1.000000,lc_c04,none,SoA,enabled,1625000000,1750000000,1500000000,1375000000,1500000000,1500000000,1750000000,1750000000,1625000000,1500000000,1587499999,1587499999,10
2026-02-22 13:58:41,120129,pairwise,LinkedCells,1.000000,lc_c04_combined_SoA,none,SoA,disabled,2250000000,2500000000,2375000000,2500000000,2375000000,2625000000,2500000000,2500000000,2500000000,2500000000,2462499999,2452862178,10
2026-02-22 13:58:42,120139,pairwise,LinkedCells,1.000000,lc_c04_combined_SoA,none,SoA,enabled,2250000000,2500000000,2375000000,2250000000,2500000000,2125000000,2500000000,2250000000,2500000000,2375000000,2362500000,2362500000,10
2026-02-22 13:58:43,120149,pairwise,LinkedCells,1.000000,lc_c08,none,AoS,disabled,3125000000,3000000000,3125000000,3000000000,3000000000,2750000000,3000000000,3000000000,3125000000,3000000000,3012500000,3012500000,10
2026-02-22 13:58:43,120159,pairwise,LinkedCells,1.000000,lc_c08,none,AoS,enabled,3000000000,3250000000,3125000000,3000000000,3125000000,2875000000,3125000000,3000000000,3000000000,3125000000,3062499999,3062499999,10
2026-02-22 13:58:44,120169,pairwise,LinkedCells,1.000000,lc_c08,none,SoA,disabled,4125000000,4250000000,4250000000,4250000000,4125000000,4375000000,4375000000,4125000000,4250000000,4250000000,4237500000,4237500000,10
2026-02-22 13:58:44,120179,pairwise,LinkedCells,1.000000,lc_c08,none,SoA,enabled,4250000000,4125000000,4125000000,4125000000,4250000000,4125000000,4125000000,4125000000,4250000000,4125000000,4162499999,4162499999,10
2026-02-22 13:58:45,120189,pairwise,LinkedCells,1.000000,lc_c18,none,AoS,disabled,3375000000,3000000000,3125000000,3000000000,3000000000,3250000000,3000000000,3000000000,3000000000,3125000000,3087499999,3087499999,10
2026-02-22 13:58:45,120199,pairwise,LinkedCells,1.000000,lc_c18,none,AoS,enabled,3250000000,3250000000,3000000000,3125000000,3125000000,3125000000,3000000000,3000000000,3000000000,3125000000,3099999999,3099999999,10
2026-02-22 13:58:46,120209,pairwise,LinkedCells,1.000000,lc_c18,none,SoA,disabled,3875000000,4125000000,3875000000,3875000000,3875000000,3875000000,4000000000,4125000000,3875000000,3875000000,3937499999,3937499999,10
2026-02-22 13:58:47,120219,pairwise,LinkedCells,1.000000,lc_c18,none,SoA,enabled,4000000000,4000000000,3875000000,4000000000,3750000000,4000000000,3875000000,4000000000,3875000000,4000000000,3937499999,3937499999,10
2026-02-22 13:58:47,120229,pairwise,VerletLists,0.500000,vl_list_iteration,none,AoS,disabled,5750000000,125000000,0,250000000,0,375000000,125000000,250000000,125000000,250000000,724999999,724999999,10
2026-02-22 13:58:48,120239,pairwise,VerletLists,0.500000,vl_list_iteration,none,SoA,disabled,7875000000,1750000000,1500000000,1375000000,1500000000,1750000000,1500000000,1500000000,1500000000,1500000000,2174999999,2169071611,10
2026-02-22 13:58:48,120249,pairwise,VerletLists,1.000000,vl_list_iteration,none,AoS,disabled,5375000000,0,250000000,125000000,0,250000000,250000000,250000000,375000000,250000000,712499999,712499999,10
2026-02-22 13:58:49,120259,pairwise,VerletLists,1.000000,vl_list_iteration,none,SoA,disabled,8000000000,1375000000,1625000000,1500000000,1500000000,1500000000,1500000000,1375000000,1500000000,1500000000,2137499999,2137499999,10
2026-02-22 13:58:49,120269,pairwise,VerletListsCells,0.500000,vlc_c01,none,AoS,disabled,12250000000,2750000000,3000000000,2875000000,2625000000,2750000000,2875000000,2750000000,2875000000,2875000000,3762499999,3762499999,10
2026-02-22 13:58:50,120279,pairwise,VerletListsCells,0.500000,vlc_c01,none,SoA,disabled,15500000000,4500000000,4375000000,4250000000,4375000000,4250000000,4250000000,4625000000,4125000000,4375000000,5462499999,5444957265,10
2026-02-22 13:58:50,120289,pairwise,VerletListsCells,0.500000,vlc_c18,none,AoS,disabled,9375000000,3000000000,3125000000,3000000000,3000000000,3125000000,3125000000,3000000000,3125000000,3125000000,3699999999,3699999999,10
2026-02-22 13:58:51,120299,pairwise,VerletListsCells,0.500000,vlc_c18,none,AoS,enabled,9125000000,3250000000,3125000000,3125000000,3125000000,3250000000,3125000000,3125000000,3250000000,3250000000,3774999999,3758010881,10
2026-02-22 13:58:52,120309,pairwise,VerletListsCells,0.500000,vlc_c18,none,SoA,disabled,13000000000,4625000000,4750000000,4875000000,4625000000,4750000000,4875000000,4625000000,4875000000,4875000000,5587499999,5540756317,10
2026-02-22 13:58:52,120319,pairwise,VerletListsCells,0.500000,vlc_c18,none,SoA,enabled,13000000000,4875000000,4750000000,4750000000,4750000000,4750000000,4875000000,4750000000,5000000000,4875000000,5637499999,5593437365,10
2026-02-22 13:58:53,120329,pairwise,VerletListsCells,0.500000,vlc_c08,none,AoS,disabled,7000000000,2875000000,3000000000,2875000000,2875000000,3000000000,3000000000,3125000000,3125000000,2750000000,3362499999,3362499999,10
2026-02-22 13:58:53,120339,pairwise,VerletListsCells,0.500000,vlc_c08,none,AoS,enabled,7000000000,3000000000,2875000000,2875000000,3000000000,3125000000,3000000000,3125000000,3000000000,3000000000,3400000000,3381226574,10
2026-02-22 13:58:54,120349,pairwise,VerletListsCells,0.500000,vlc_c08,none,SoA,disabled,10500000000,4375000000,4375000000,4625000000,4500000000,4625000000,4750000000,4500000000,4875000000,4500000000,5162499999,5155706351,10
2026-02-22 13:58:55,120359,pairwise,VerletListsCells,0.500000,vlc_c08,none,SoA,enabled,10500000000,4750000000,4625000000,4625000000,4625000000,4500000000,4625000000,4500000000,4500000000,4500000000,5174999999,5150602419,10
2026-02-22 13:58:55,120369,pairwise,VerletListsCells,0.500000,vlc_sliced,none,AoS,disabled,5625000000,125000000,0,0,0,125000000,0,0,0,0,587499999,587499999,10
2026-02-22 13:58:56,120379,pairwise,VerletListsCells,0.500000,vlc_sliced,none,AoS,enabled,5250000000,0,0,250000000,0,125000000,0,0,0,0,562499999,538638204,10
2026-02-22 13:58:56,120389,pairwise,VerletListsCells,0.500000,vlc_sliced,none,SoA,disabled,9375000000,1750000000,1625000000,1625000000,1750000000,1500000000,1875000000,1625000000,1625000000,1625000000,2437499999,2419738501,10
2026-02-22 13:58:57,120399,pairwise,VerletListsCells,0.500000,vlc_sliced,none,SoA,enabled,8875000000,1625000000,1500000000,1625000000,1500000000,1375000000,1625000000,1500000000,1750000000,1500000000,2287499999,2286501903,10
2026-02-22 13:58:57,120409,pairwise,VerletListsCells,0.500000,vlc_sliced_c02,none,AoS,disabled,5750000000,0,0,125000000,125000000,0,0,0,0,0,599999999,586675577,10
2026-02-22 13:58:58,120419,pairwise,VerletListsCells,0.500000,vlc_sliced_c02,none,AoS,enabled,5500000000,0,0,125000000,0,125000000,0,0,0,0,574999999,566827325,10
2026-02-22 13:58:58,120429,pairwise,VerletListsCells,0.500000,vlc_sliced_c02,none,SoA,disabled,9500000000,1625000000,1750000000,1500000000,1625000000,1500000000,1750000000,1500000000,1500000000,1625000000,2387499999,2380990822,10
2026-02-22 13:58:59,120439,pairwise,VerletListsCells,0.500000,vlc_sliced_c02,none,SoA,enabled,9250000000,1500000000,1750000000,1500000000,1625000000,1500000000,1500000000,1625000000,1625000000,1625000000,2349999999,2336611656,10
2026-02-22 13:58:59,120449,pairwise,VerletListsCells,1.000000,vlc_c01,none,AoS,disabled,12375000000,2750000000,3000000000,2750000000,2875000000,2750000000,2625000000,2875000000,2625000000,2750000000,3737499999,3705305514,10
2026-02-22 13:59:00,120459,pairwise,VerletListsCells,1.000000,vlc_c01,none,SoA,disabled,16125000000,4375000000,4500000000,4625000000,4375000000,4375000000,4250000000,4250000000,4375000000,4375000000,5562499999,5543687322,10
2026-02-22 13:59:01,120469,pairwise,VerletListsCells,1.000000,vlc_c18,none,AoS,disabled,9375000000,3125000000,3250000000,3250000000,3125000000,3000000000,3000000000,3000000000,3125000000,3125000000,3737499999,3723335301,10
2026-02-22 13:59:01,120479,pairwise,VerletListsCells,1.000000,vlc_c18,none,AoS,enabled,9125000000,3125000000,3000000000,3125000000,3250000000,3000000000,3000000000,2875000000,3250000000,3250000000,3699999999,3699999999,10
2026-02-22 13:59:02,120489,pairwise,VerletListsCells,1.000000,vlc_c18,none,SoA,disabled,13250000000,4625000000,4750000000,4500000000,4750000000,4750000000,4875000000,4750000000,4500000000,4500000000,5524999999,5524999999,10
2026-02-22 13:59:02,120499,pairwise,VerletListsCells,1.000000,vlc_c18,none,SoA,enabled,12875000000,4625000000,4500000000,4750000000,4750000000,4875000000,4750000000,4875000000,4625000000,4750000000,5537499999,5537499999,10
2026-02-22 13:59:03,120509,pairwise,VerletListsCells,1.000000,vlc_c08,none,AoS,disabled,6875000000,3000000000,3000000000,3000000000,3000000000,3000000000,2875000000,3000000000,3000000000,3000000000,3374999999,3372970383,10
2026-02-22 13:59:04,120519,pairwise,VerletListsCells,1.000000,vlc_c08,none,AoS,enabled,6625000000,2875000000,3000000000,3000000000,2875000000,3125000000,2875000000,2875000000,3000000000,3125000000,3337499999,3337499999,10
2026-02-22 13:59:04,120529,pairwise,VerletListsCells,1.000000,vlc_c08,none,SoA,disabled,10750000000,4500000000,4625000000,4500000000,4500000000,4625000000,4500000000,4500000000,4625000000,4625000000,5174999999,5169835192,10
2026-02-22 13:59:05,120539,pairwise,VerletListsCells,1.000000,vlc_c08,none,SoA,enabled,10625000000,4500000000,4500000000,4625000000,4625000000,4625000000,4250000000,4625000000,4625000000,4750000000,5174999999,5163628480,10
2026-02-22 13:59:05,120549,pairwise,VerletListsCells,1.000000,vlc_sliced,none,AoS,disabled,5875000000,0,125000000,0,0,0,0,0,0,0,599999999,599999999,10
2026-02-22 13:59:06,120559,pairwise,VerletListsCells,1.000000,vlc_sliced,none,AoS,enabled,5500000000,0,0,0,0,0,0,0,0,250000000,574999999,574438882,10
2026-02-22 13:59:06,120569,pairwise,VerletListsCells,1.000000,vlc_sliced,none,SoA,disabled,9375000000,1625000000,1625000000,1625000000,1625000000,1625000000,1500000000,1625000000,1625000000,1625000000,2387499999,2384248375,10
2026-02-22 13:59:07,120579,pairwise,VerletListsCells,1.000000,vlc_sliced,none,SoA,enabled,9125000000,1500000000,1625000000,1625000000,1750000000,1500000000,1625000000,1500000000,1625000000,1750000000,2362499999,2360651145,10
2026-02-22 13:59:07,120589,pairwise,VerletListsCells,1.000000,vlc_sliced_c02,none,AoS,disabled,5625000000,125000000,0,0,125000000,0,125000000,0,125000000,0,612499999,588267221,10
2026-02-22 13:59:08,120599,pairwise,VerletListsCells,1.000000,vlc_sliced_c02,none,AoS,enabled,5500000000,250000000,125000000,125000000,0,125000000,125000000,0,125000000,250000000,662500000,636081062,10
2026-02-22 13:59:08,120609,pairwise,VerletListsCells,1.000000,vlc_sliced_c02,none,SoA,disabled,9500000000,1625000000,1625000000,1750000000,1625000000,1625000000,1625000000,1625000000,1750000000,1625000000,2437499999,2400818149,10
2026-02-22 13:59:09,120619,pairwise,VerletListsCells,1.000000,vlc_sliced_c02,none,SoA,enabled,9125000000,1625000000,1750000000,1375000000,1750000000,1625000000,1500000000,1500000000,1750000000,1500000000,2349999999,2347085653,10
2026-02-22 13:59:09,120629,pairwise,PairwiseVerletLists,0.500000,vlp_c01,none,AoS,disabled,12875000000,3125000000,3000000000,3125000000,3125000000,3000000000,3000000000,3125000000,3000000000,3125000000,4049999999,4049999999,10
2026-02-22 13:59:10,120639,pairwise,PairwiseVerletLists,0.500000,vlp_c01,none,SoA,disabled,24250000000,4875000000,4750000000,5000000000,5000000000,5000000000,4750000000,4875000000,4875000000,4750000000,6812500000,6812500000,10
2026-02-22 13:59:11,120649,pairwise,PairwiseVerletLists,0.500000,vlp_c18,none,AoS,disabled,11375000000,3375000000,3250000000,3375000000,3375000000,3375000000,3375000000,3500000000,3375000000,3500000000,4187499999,4175059755,10
2026-02-22 13:59:11,120659,pairwise,PairwiseVerletLists,0.500000,vlp_c18,none,AoS,enabled,11250000000,3375000000,3250000000,3250000000,3375000000,3375000000,3375000000,3375000000,3125000000,3375000000,4112499999,4112499999,10
2026-02-22 13:59:12,120669,pairwise,PairwiseVerletLists,0.500000,vlp_c18,none,SoA,disabled,27375000000,5125000000,5250000000,5375000000,5125000000,5375000000,5375000000,5125000000,5000000000,5250000000,7437499999,7421467946,10
2026-02-22 13:59:13,120679,pairwise,PairwiseVerletLists,0.500000,vlp_c18,none,SoA,enabled,27125000000,5125000000,5375000000,5250000000,5250000000,5125000000,5500000000,5125000000,5125000000,5375000000,7437500000,7437500000,10
2026-02-22 13:59:13,120689,pairwise,PairwiseVerletLists,0.500000,vlp_sliced,none,AoS,disabled,8875000000,625000000,625000000,1000000000,625000000,500000000,750000000,625000000,625000000,625000000,1487499999,1475509742,10
2026-02-22 13:59:14,120699,pairwise,PairwiseVerletLists,0.500000,vlp_sliced,none,AoS,enabled,8375000000,500000000,625000000,875000000,625000000,1000000000,875000000,750000000,375000000,500000000,1449999999,1449999999,10
2026-02-22 13:59:14,120709,pairwise,PairwiseVerletLists,0.500000,vlp_sliced,none,SoA,disabled,24875000000,2375000000,2375000000,2375000000,2375000000,2625000000,2125000000,2375000000,2625000000,2625000000,4674999999,4669356359,10
2026-02-22 13:59:15,120719,pairwise,PairwiseVerletLists,0.500000,vlp_sliced,none,SoA,enabled,24500000000,2500000000,2500000000,2500000000,2625000000,2500000000,2375000000,2250000000,2375000000,2500000000,4662499999,4647166236,10
2026-02-22 13:59:16,120729,pairwise,PairwiseVerletLists,0.500000,vlp_sliced_c02,none,AoS,disabled,8625000000,625000000,750000000,1000000000,500000000,625000000,625000000,1000000000,250000000,625000000,1462499999,1457600680,10
2026-02-22 13:59:16,120739,pairwise,PairwiseVerletLists,0.500000,vlp_sliced_c02,none,AoS,enabled,8500000000,875000000,625000000,625000000,625000000,625000000,750000000,625000000,625000000,750000000,1462499999,1462499999,10
2026-02-22 13:59:17,120749,pairwise,PairwiseVerletLists,0.500000,vlp_sliced_c02,none,SoA,disabled,24375000000,2625000000,2625000000,2500000000,2500000000,2625000000,2500000000,2500000000,2500000000,2500000000,4724999999,4707641628,10
2026-02-22 13:59:17,120759,pairwise,PairwiseVerletLists,0.500000,vlp_sliced_c02,none,SoA,enabled,24625000000,2500000000,2500000000,2375000000,2500000000,2500000000,2500000000,2500000000,2500000000,2375000000,4687499999,4646684502,10
2026-02-22 13:59:18,120769,pairwise,PairwiseVerletLists,1.000000,vlp_c01,none,AoS,disabled,12750000000,3125000000,3125000000,2750000000,3000000000,3000000000,2875000000,2750000000,2875000000,3000000000,3924999999,3924999999,10
2026-02-22 13:59:19,120779,pairwise,PairwiseVerletLists,1.000000,vlp_c01,none,SoA,disabled,23000000000,4750000000,4750000000,4875000000,5000000000,4875000000,4750000000,4750000000,4875000000,4875000000,6649999999,6649999999,10
2026-02-22 13:59:19,120789,pairwise,PairwiseVerletLists,1.000000,vlp_c18,none,AoS,disabled,11375000000,3375000000,3250000000,3375000000,3375000000,3250000000,3125000000,3500000000,3375000000,3500000000,4149999999,4131730499,10
2026-02-22 13:59:20,120799,pairwise,PairwiseVerletLists,1.000000,vlp_c18,none,AoS,enabled,11125000000,3250000000,3375000000,3375000000,3375000000,3375000000,3250000000,3250000000,3125000000,3250000000,4074999999,4074999999,10
2026-02-22 13:59:21,120809,pairwise,PairwiseVerletLists,1.000000,vlp_c18,none,SoA,disabled,28000000000,5250000000,5125000000,5375000000,5000000000,5125000000,5000000000,5250000000,5250000000,5375000000,7474999999,7467373195,10
2026-02-22 13:59:21,120819,pairwise,PairwiseVerletLists,1.000000,vlp_c18,none,SoA,enabled,27500000000,5125000000,5250000000,5375000000,5250000000,5250000000,5250000000,5250000000,5250000000,5125000000,7462499999,7462499999,10
2026-02-22 13:59:22,120829,pairwise,PairwiseVerletLists,1.000000,vlp_sliced,none,AoS,disabled,8375000000,625000000,500000000,375000000,875000000,375000000,500000000,750000000,625000000,625000000,1362499999,1362499999,10
2026-02-22 13:59:22,120839,pairwise,PairwiseVerletLists,1.000000,vlp_sliced,none,AoS,enabled,8375000000,625000000,625000000,625000000,750000000,500000000,500000000,500000000,750000000,500000000,1374999999,1374999999,10
2026-02-22 13:59:23,120849,pairwise,PairwiseVerletLists,1.000000,vlp_sliced,none,SoA,disabled,24250000000,2625000000,2500000000,2250000000,2250000000,2375000000,2500000000,2500000000,2375000000,2375000000,4599999999,4599999999,10
2026-02-22 13:59:24,120859,pairwise,PairwiseVerletLists,1.000000,vlp_sliced,none,SoA,enabled,24750000000,2500000000,2500000000,2500000000,2125000000,2375000000,2625000000,2500000000,2375000000,2500000000,4674999999,4674999999,10
2026-02-22 13:59:24,120869,pairwise,PairwiseVerletLists,1.000000,vlp_sliced_c02,none,AoS,disabled,8375000000,875000000,750000000,625000000,750000000,625000000,500000000,625000000,750000000,625000000,1449999999,1449999999,10
2026-02-22 13:59:25,120879,pairwise,PairwiseVerletLists,1.000000,vlp_sliced_c02,none,AoS,enabled,8500000000,750000000,750000000,625000000,750000000,875000000,625000000,750000000,750000000,625000000,1499999999,1499999999,10
2026-02-22 13:59:25,120889,pairwise,PairwiseVerletLists,1.000000,vlp_sliced_c02,none,SoA,disabled,24375000000,2500000000,2625000000,2500000000,2500000000,2625000000,2500000000,2125000000,2500000000,2375000000,4662499999,4662499999,10
2026-02-22 13:59:26,120899,pairwise,PairwiseVerletLists,1.000000,vlp_sliced_c02,none,SoA,enabled,24125000000,2500000000,2375000000,2500000000,2125000000,2250000000,2500000000,2625000000,2500000000,2500000000,4599999999,4599999999,10
2026-02-22 14:06:37,130009,pairwise,LinkedCells,0.500000,lc_c08,none,AoS,disabled,27000000000,27000000000,27125000000,27000000000,26875000000,27000000000,27000000000,27125000000,27125000000,27125000000,27037499999,26944693488,10
2026-02-22 14:06:42,130019,pairwise,LinkedCells,0.500000,lc_c08,none,AoS,enabled,27000000000,26875000000,27000000000,27000000000,27000000000,26875000000,26875000000,27000000000,26875000000,27125000000,26962499999,26896870177,10
2026-02-22 14:06:47,130029,pairwise,LinkedCells,0.500000,lc_c08,none,SoA,disabled,45375000000,45375000000,45750000000,45500000000,45250000000,45250000000,45500000000,45500000000,45375000000,45625000000,45449999999,45404263706,10
2026-02-22 14:06:52,130039,pairwise,LinkedCells,0.500000,lc_c08,none,SoA,enabled,45500000000,45375000000,45500000000,45250000000,45625000000,45500000000,45625000000,45625000000,45500000000,45500000000,45500000000,45419685107,10
2026-02-22 14:06:56,130049,pairwise,LinkedCells,0.500000,lc_c18,none,AoS,disabled,26000000000,26125000000,25875000000,26000000000,25750000000,25750000000,26000000000,25875000000,25750000000,25750000000,25887500000,25797039679,10
2026-02-22 14:07:01,130059,pairwise,LinkedCells,0.500000,lc_c18,none,AoS,enabled,25625000000,25750000000,25750000000,25750000000,25625000000,25625000000,25875000000,25875000000,25750000000,25750000000,25737500000,25695177609,10
2026-02-22 14:07:06,130069,pairwise,LinkedCells,0.500000,lc_c18,none,SoA,disabled,33750000000,34000000000,34000000000,33750000000,33750000000,34000000000,34000000000,34125000000,33750000000,34000000000,33912499999,33834874518,10
2026-02-22 14:07:10,130079,pairwise,LinkedCells,0.500000,lc_c18,none,SoA,enabled,34000000000,33875000000,33875000000,34000000000,34000000000,33750000000,33750000000,33875000000,33875000000,34000000000,33899999999,33840040841,10
2026-02-22 14:07:11,130089,pairwise,LinkedCells,1.000000,lc_c04,none,AoS,disabled,375000000,250000000,500000000,375000000,375000000,250000000,250000000,250000000,375000000,500000000,349999999,349999999,10
2026-02-22 14:07:12,130099,pairwise,LinkedCells,1.000000,lc_c04,none,AoS,enabled,375000000,375000000,250000000,375000000,375000000,375000000,500000000,250000000,250000000,250000000,337499999,337499999,10
2026-02-22 14:07:12,130109,pairwise,LinkedCells,1.000000,lc_c04,none,SoA,disabled,1750000000,1625000000,1500000000,1750000000,1500000000,1625000000,1500000000,1750000000,1750000000,1625000000,1637500000,1635663558,10
2026-02-22 14:07:13,130119,pairwise,LinkedCells,1.000000,lc_c04,none,SoA,enabled,1875000000,1875000000,1500000000,1750000000,1750000000,1625000000,1750000000,1500000000,1750000000,1500000000,1687499999,1658498972,10
2026-02-22 14:07:13,130129,pairwise,LinkedCells,1.000000,lc_c04_combined_SoA,none,SoA,disabled,2500000000,2625000000,2250000000,2250000000,2250000000,2375000000,2125000000,2125000000,2125000000,2250000000,2287499999,2287499999,10
2026-02-22 14:07:14,130139,pairwise,LinkedCells,1.000000,lc_c04_combined_SoA,none,SoA,enabled,2125000000,2250000000,2125000000,2250000000,2250000000,2375000000,2125000000,2500000000,2625000000,2500000000,2312499999,2312499999,10
2026-02-22 14:07:14,130149,pairwise,LinkedCells,1.000000,lc_c08,none,AoS,disabled,3000000000,3000000000,3125000000,3000000000,3125000000,3000000000,2875000000,3125000000,3125000000,3000000000,3037499999,3022616629,10
2026-02-22 14:07:15,130159,pairwise,LinkedCells,1.000000,lc_c08,none,AoS,enabled,3125000000,3000000000,3000000000,3125000000,3125000000,3250000000,3000000000,3125000000,3125000000,3125000000,3099999999,3081792138,10
2026-02-22 14:07:15,130169,pairwise,LinkedCells,1.000000,lc_c08,none,SoA,disabled,4375000000,4375000000,4375000000,4125000000,4125000000,4250000000,4250000000,4375000000,4125000000,4125000000,4249999999,4249999999,10
2026-02-22 14:07:16,130179,pairwise,LinkedCells,1.000000,lc_c08,none,SoA,enabled,4250000000,4000000000,4000000000,4375000000,4125000000,4250000000,4250000000,4125000000,4375000000,4250000000,4199999999,4191731374,10
2026-02-22 14:07:16,130189,pairwise,LinkedCells,1.000000,lc_c18,none,AoS,disabled,3250000000,3125000000,3250000000,3375000000,3125000000,3125000000,3125000000,3250000000,3375000000,3000000000,3199999999,3161375550,10
2026-02-22 14:07:17,130199,pairwise,LinkedCells,1.000000,lc_c18,none,AoS,enabled,3250000000,3250000000,3125000000,3125000000,3000000000,3125000000,3125000000,3125000000,3125000000,3375000000,3162499999,3137873122,10
2026-02-22 14:07:18,130209,pairwise,LinkedCells,1.000000,lc_c18,none,SoA,disabled,4000000000,4000000000,3875000000,4000000000,3875000000,3875000000,4000000000,4125000000,3875000000,4000000000,3962499999,3952761405,10
2026-02-22 14:07:18,130219,pairwise,LinkedCells,1.000000,lc_c18,none,SoA,enabled,3875000000,4000000000,4125000000,3875000000,4125000000,4000000000,3875000000,3875000000,3875000000,4000000000,3962499999,3947907311,10
2026-02-22 14:07:19,130229,pairwise,VerletLists,0.500000,vl_list_iteration,none,AoS,disabled,5750000000,375000000,0,250000000,250000000,250000000,0,0,125000000,250000000,724999999,717954948,10
2026-02-22 14:07:19,130239,pairwise,VerletLists,0.500000,vl_list_iteration,none,SoA,disabled,7875000000,1625000000,1625000000,1500000000,1625000000,1500000000,1500000000,1625000000,1625000000,1500000000,2199999999,2196927096,10
2026-02-22 14:07:20,130249,pairwise,VerletLists,1.000000,vl_list_iteration,none,AoS,disabled,5875000000,250000000,125000000,250000000,125000000,375000000,375000000,0,375000000,125000000,787499999,773365053,10
2026-02-22 14:07:20,130259,pairwise,VerletLists,1.000000,vl_list_iteration,none,SoA,disabled,8000000000,1625000000,1375000000,1750000000,1500000000,1375000000,1500000000,1875000000,1625000000,1500000000,2212499999,2192116566,10
2026-02-22 14:07:21,130269,pairwise,VerletListsCells,0.500000,vlc_c01,none,AoS,disabled,12375000000,2625000000,2500000000,3000000000,2750000000,2750000000,2875000000,2750000000,2625000000,3000000000,3724999999,3724999999,10
2026-02-22 14:07:21,130279,pairwise,VerletListsCells,0.500000,vlc_c01,none,SoA,disabled,16125000000,4625000000,4500000000,4625000000,4500000000,4500000000,4500000000,4625000000,4625000000,4375000000,5699999999,5627813187,10
2026-02-22 14:07:22,130289,pairwise,VerletListsCells,0.500000,vlc_c18,none,AoS,disabled,8875000000,3000000000,3250000000,3250000000,3250000000,3250000000,3125000000,3125000000,3250000000,3375000000,3774999999,3764231830,10
2026-02-22 14:07:23,130299,pairwise,VerletListsCells,0.500000,vlc_c18,none,AoS,enabled,8500000000,3000000000,3000000000,3000000000,3250000000,3250000000,3125000000,3000000000,3125000000,3125000000,3637499999,3637499999,10
2026-02-22 14:07:23,130309,pairwise,VerletListsCells,0.500000,vlc_c18,none,SoA,disabled,12750000000,4750000000,5000000000,4625000000,4500000000,4750000000,4750000000,4750000000,4750000000,4750000000,5537499999,5537499999,10
2026-02-22 14:07:24,130319,pairwise,VerletListsCells,0.500000,vlc_c18,none,SoA,enabled,12375000000,4875000000,4875000000,4750000000,4750000000,5000000000,4750000000,4875000000,4875000000,4750000000,5587499999,5587499999,10
2026-02-22 14:07:24,130329,pairwise,VerletListsCells,0.500000,vlc_c08,none,AoS,disabled,6875000000,3000000000,2875000000,2875000000,3125000000,2875000000,2875000000,2875000000,2750000000,3000000000,3312499999,3312499999,10
2026-02-22 14:07:25,130339,pairwise,VerletListsCells,0.500000,vlc_c08,none,AoS,enabled,6625000000,3125000000,3000000000,2875000000,3000000000,3000000000,2875000000,3000000000,2750000000,3125000000,3337499999,3337499999,10
2026-02-22 14:07:26,130349,pairwise,VerletListsCells,0.500000,vlc_c08,none,SoA,disabled,10875000000,4625000000,4750000000,4750000000,4750000000,4625000000,4500000000,4500000000,4750000000,4500000000,5262499999,5232667179,10
2026-02-22 14:07:26,130359,pairwise,VerletListsCells,0.500000,vlc_c08,none,SoA,enabled,10375000000,4625000000,4750000000,4625000000,4750000000,4500000000,4500000000,4625000000,4625000000,4625000000,5200000000,5184472661,10
2026-02-22 14:07:27,130369,pairwise,VerletListsCells,0.500000,vlc_sliced,none,AoS,disabled,5875000000,0,125000000,125000000,0,250000000,250000000,125000000,0,125000000,687499999,663817199,10
2026-02-22 14:07:27,130379,pairwise,VerletListsCells,0.500000,vlc_sliced,none,AoS,enabled,5750000000,125000000,125000000,0,0,125000000,125000000,0,250000000,125000000,662499999,631481245,10
2026-02-22 14:07:28,130389,pairwise,VerletListsCells,0.500000,vlc_sliced,none,SoA,disabled,9875000000,1750000000,1625000000,1625000000,1625000000,1625000000,1750000000,1625000000,1500000000,1625000000,2462499999,2456570464,10
2026-02-22 14:07:28,130399,pairwise,VerletListsCells,0.500000,vlc_sliced,none,SoA,enabled,9625000000,1625000000,1625000000,1500000000,1625000000,1750000000,1875000000,1625000000,1625000000,1625000000,2449999999,2399715483,10
2026-02-22 14:07:29,130409,pairwise,VerletListsCells,0.500000,vlc_sliced_c02,none,AoS,disabled,5875000000,125000000,0,0,0,0,0,0,0,0,599999999,599434911,10
2026-02-22 14:07:29,130419,pairwise,VerletListsCells,0.500000,vlc_sliced_c02,none,AoS,enabled,5500000000,0,0,0,250000000,0,125000000,0,0,250000000,612499999,600773711,10
2026-02-22 14:07:30,130429,pairwise,VerletListsCells,0.500000,vlc_sliced_c02,none,SoA,disabled,9750000000,1625000000,1625000000,1625000000,1750000000,1625000000,1500000000,1500000000,1625000000,1625000000,2424999999,2411113926,10
2026-02-22 14:07:30,130439,pairwise,VerletListsCells,0.500000,vlc_sliced_c02,none,SoA,enabled,9500000000,1625000000,1625000000,1500000000,1625000000,1625000000,1375000000,1750000000,1625000000,1625000000,2387499999,2371685289,10
2026-02-22 14:07:31,130449,pairwise,VerletListsCells,1.000000,vlc_c01,none,AoS,disabled,12250000000,2750000000,3000000000,2750000000,3000000000,2750000000,2875000000,2875000000,2875000000,2750000000,3787499999,3774363767,10
2026-02-22 14:07:32,130459,pairwise,VerletListsCells,1.000000,vlc_c01,none,SoA,disabled,16250000000,4375000000,4375000000,4625000000,4625000000,4375000000,4500000000,4750000000,4750000000,4500000000,5712499999,5665617709,10
2026-02-22 14:07:32,130469,pairwise,VerletListsCells,1.000000,vlc_c18,none,AoS,disabled,9000000000,3000000000,3125000000,3125000000,3250000000,3000000000,3125000000,3000000000,3125000000,3000000000,3674999999,3674999999,10
2026-02-22 14:07:33,130479,pairwise,VerletListsCells,1.000000,vlc_c18,none,AoS,enabled,8500000000,3250000000,3125000000,3125000000,3125000000,3125000000,3125000000,3000000000,3125000000,3375000000,3687499999,3687499999,10
2026-02-22 14:07:33,130489,pairwise,VerletListsCells,1.000000,vlc_c18,none,SoA,disabled,12875000000,4750000000,4875000000,4625000000,4750000000,4875000000,4875000000,4875000000,5000000000,4875000000,5637499999,5610650073,10
2026-02-22 14:07:34,130499,pairwise,VerletListsCells,1.000000,vlc_c18,none,SoA,enabled,12375000000,4875000000,4875000000,4875000000,4625000000,4625000000,5000000000,4625000000,4750000000,4750000000,5537499999,5535354640,10
2026-02-22 14:07:35,130509,pairwise,VerletListsCells,1.000000,vlc_c08,none,AoS,disabled,7000000000,3000000000,2875000000,2875000000,3000000000,3125000000,3125000000,3125000000,3125000000,2875000000,3412499999,3399710908,10
2026-02-22 14:07:35,130519,pairwise,VerletListsCells,1.000000,vlc_c08,none,AoS,enabled,6875000000,3000000000,3125000000,3000000000,2750000000,3000000000,2875000000,3000000000,3000000000,3000000000,3362499999,3359439801,10
2026-02-22 14:07:36,130529,pairwise,VerletListsCells,1.000000,vlc_c08,none,SoA,disabled,10875000000,4625000000,4750000000,4875000000,4500000000,4500000000,4500000000,4500000000,4625000000,4750000000,5250000000,5223656934,10
2026-02-22 14:07:36,130539,pairwise,VerletListsCells,1.000000,vlc_c08,none,SoA,enabled,10625000000,4500000000,4375000000,4500000000,4875000000,4500000000,4625000000,4500000000,4750000000,4750000000,5199999999,5186480212,10
2026-02-22 14:07:37,130549,pairwise,VerletListsCells,1.000000,vlc_sliced,none,AoS,disabled,5750000000,0,250000000,0,0,0,0,0,0,125000000,612499999,606648804,10
2026-02-22 14:07:37,130559,pairwise,VerletListsCells,1.000000,vlc_sliced,none,AoS,enabled,5750000000,0,0,0,0,0,0,125000000,125000000,125000000,612499999,603520753,10
2026-02-22 14:07:38,130569,pairwise,VerletListsCells,1.000000,vlc_sliced,none,SoA,disabled,9625000000,1625000000,1625000000,1625000000,1750000000,1500000000,1625000000,1750000000,1750000000,1625000000,2449999999,2436278388,10
2026-02-22 14:07:39,130579,pairwise,VerletListsCells,1.000000,vlc_sliced,none,SoA,enabled,9250000000,1375000000,1625000000,1625000000,1500000000,1625000000,1625000000,1625000000,1750000000,1750000000,2374999999,2374999999,10
2026-02-22 14:07:39,130589,pairwise,VerletListsCells,1.000000,vlc_sliced_c02,none,AoS,disabled,5750000000,0,0,0,0,0,0,125000000,0,0,587499999,587499999,10
2026-02-22 14:07:39,130599,pairwise,VerletListsCells,1.000000,vlc_sliced_c02,none,AoS,enabled,5750000000,0,0,0,0,0,0,0,125000000,0,587499999,587499999,10
2026-02-22 14:07:40,130609,pairwise,VerletListsCells,1.000000,vlc_sliced_c02,none,SoA,disabled,9750000000,1750000000,1625000000,1750000000,1500000000,1625000000,1750000000,1625000000,1750000000,1625000000,2474999999,2463879680,10
2026-02-22 14:07:41,130619,pairwise,VerletListsCells,1.000000,vlc_sliced_c02,none,SoA,enabled,9250000000,1375000000,1500000000,1625000000,1625000000,1625000000,1750000000,1500000000,1625000000,1625000000,2349999999,2349993119,10
2026-02-22 14:07:41,130629,pairwise,PairwiseVerletLists,0.500000,vlp_c01,none,AoS,disabled,12875000000,3000000000,3125000000,2875000000,2875000000,2875000000,3000000000,3000000000,3000000000,3000000000,3962499999,3962499999,10
2026-02-22 14:07:42,130639,pairwise,PairwiseVerletLists,0.500000,vlp_c01,none,SoA,disabled,24375000000,5000000000,5000000000,5000000000,4875000000,5125000000,5000000000,4875000000,5000000000,5125000000,6937500000,6901208554,10
2026-02-22 14:07:42,130649,pairwise,PairwiseVerletLists,0.500000,vlp_c18,none,AoS,disabled,11375000000,3375000000,3250000000,3375000000,3375000000,3375000000,3375000000,3375000000,3375000000,3375000000,4162499999,4162499999,10
2026-02-22 14:07:43,130659,pairwise,PairwiseVerletLists,0.500000,vlp_c18,none,AoS,enabled,11500000000,3375000000,3250000000,3500000000,3500000000,3500000000,3250000000,3250000000,3375000000,3375000000,4187500000,4168492304,10
2026-02-22 14:07:44,130669,pairwise,PairwiseVerletLists,0.500000,vlp_c18,none,SoA,disabled,27125000000,5125000000,5250000000,5250000000,5375000000,5250000000,5250000000,5000000000,5125000000,5125000000,7387499999,7387499999,10
2026-02-22 14:07:44,130679,pairwise,PairwiseVerletLists,0.500000,vlp_c18,none,SoA,enabled,27500000000,5375000000,5000000000,5250000000,5000000000,5375000000,5125000000,5250000000,5125000000,5375000000,7437499999,7437499999,10
2026-02-22 14:07:45,130689,pairwise,PairwiseVerletLists,0.500000,vlp_sliced,none,AoS,disabled,8750000000,625000000,625000000,750000000,750000000,625000000,625000000,750000000,625000000,625000000,1474999999,1474999999,10
2026-02-22 14:07:45,130699,pairwise,PairwiseVerletLists,0.500000,vlp_sliced,none,AoS,enabled,8500000000,375000000,625000000,625000000,375000000,625000000,625000000,750000000,750000000,625000000,1387499999,1387499999,10
2026-02-22 14:07:46,130709,pairwise,PairwiseVerletLists,0.500000,vlp_sliced,none,SoA,disabled,24125000000,2375000000,2250000000,2500000000,2375000000,2375000000,2625000000,2250000000,2125000000,2500000000,4550000000,4550000000,10
2026-02-22 14:07:47,130719,pairwise,PairwiseVerletLists,0.500000,vlp_sliced,none,SoA,enabled,24125000000,2375000000,2250000000,2500000000,2375000000,2250000000,2250000000,2500000000,2500000000,2375000000,4550000000,4550000000,10
2026-02-22 14:07:47,130729,pairwise,PairwiseVerletLists,0.500000,vlp_sliced_c02,none,AoS,disabled,8500000000,625000000,625000000,625000000,625000000,625000000,625000000,625000000,750000000,875000000,1449999999,1447219506,10
2026-02-22 14:07:48,130739,pairwise,PairwiseVerletLists,0.500000,vlp_sliced_c02,none,AoS,enabled,8625000000,625000000,625000000,750000000,625000000,625000000,750000000,625000000,750000000,625000000,1462499999,1455442419,10
2026-02-22 14:07:48,130749,pairwise,PairwiseVerletLists,0.500000,vlp_sliced_c02,none,SoA,disabled,24125000000,2500000000,2375000000,2500000000,2500000000,2375000000,2375000000,2500000000,2500000000,2500000000,4624999999,4624999999,10
2026-02-22 14:07:49,130759,pairwise,PairwiseVerletLists,0.500000,vlp_sliced_c02,none,SoA,enabled,24375000000,2625000000,2500000000,2375000000,2500000000,2500000000,2500000000,2500000000,2375000000,2500000000,4674999999,4671567089,10
2026-02-22 14:07:50,130769,pairwise,PairwiseVerletLists,1.000000,vlp_c01,none,AoS,disabled,13125000000,3000000000,3125000000,3125000000,3000000000,3375000000,3125000000,3000000000,3000000000,3000000000,4087499999,4052081957,10
2026-02-22 14:07:50,130779,pairwise,PairwiseVerletLists,1.000000,vlp_c01,none,SoA,disabled,23375000000,5000000000,5000000000,5000000000,5000000000,5125000000,5000000000,5000000000,4875000000,4875000000,6824999999,6788847457,10
2026-02-22 14:07:51,130789,pairwise,PairwiseVerletLists,1.000000,vlp_c18,none,AoS,disabled,11375000000,3375000000,3375000000,3125000000,3375000000,3500000000,3375000000,3500000000,3375000000,3500000000,4187499999,4174460077,10
2026-02-22 14:07:52,130799,pairwise,PairwiseVerletLists,1.000000,vlp_c18,none,AoS,enabled,11250000000,3500000000,3250000000,3375000000,3375000000,3375000000,3250000000,3500000000,3375000000,3375000000,4162500000,4135467417,10
2026-02-22 14:07:52,130809,pairwise,PairwiseVerletLists,1.000000,vlp_c18,none,SoA,disabled,27000000000,5000000000,5000000000,5250000000,5250000000,5125000000,5250000000,5250000000,5375000000,5250000000,7374999999,7374999999,10
2026-02-22 14:07:53,130819,pairwise,PairwiseVerletLists,1.000000,vlp_c18,none,SoA,enabled,27625000000,5250000000,5125000000,5250000000,5125000000,5250000000,5125000000,5000000000,5000000000,5250000000,7399999999,7399999999,10
2026-02-22 14:07:53,130829,pairwise,PairwiseVerletLists,1.000000,vlp_sliced,none,AoS,disabled,8750000000,500000000,625000000,500000000,625000000,625000000,625000000,625000000,875000000,750000000,1449999999,1423810393,10
2026-02-22 14:07:54,130839,pairwise,PairwiseVerletLists,1.000000,vlp_sliced,none,AoS,enabled,8500000000,750000000,500000000,625000000,625000000,625000000,750000000,625000000,625000000,750000000,1437499999,1417098744,10
2026-02-22 14:07:55,130849,pairwise,PairwiseVerletLists,1.000000,vlp_sliced,none,SoA,disabled,24500000000,2375000000,2375000000,2375000000,2500000000,2500000000,2500000000,2250000000,2500000000,2375000000,4624999999,4612144735,10
2026-02-22 14:07:55,130859,pairwise,PairwiseVerletLists,1.000000,vlp_sliced,none,SoA,enabled,25000000000,2500000000,2500000000,2375000000,2375000000,2375000000,2375000000,2750000000,2625000000,2500000000,4737499999,4726844745,10
2026-02-22 14:07:56,130869,pairwise,PairwiseVerletLists,1.000000,vlp_sliced_c02,none,AoS,disabled,8625000000,750000000,750000000,875000000,750000000,625000000,875000000,625000000,500000000,625000000,1499999999,1486866544,10
2026-02-22 14:07:56,130879,pairwise,PairwiseVerletLists,1.000000,vlp_sliced_c02,none,AoS,enabled,8500000000,625000000,625000000,625000000,750000000,625000000,625000000,625000000,750000000,625000000,1437499999,1437499999,10
2026-02-22 14:07:57,130889,pairwise,PairwiseVerletLists,1.000000,vlp_sliced_c02,none,SoA,disabled,24250000000,2500000000,2625000000,2500000000,2375000000,2375000000,2500000000,2375000000,2625000000,2500000000,4662499999,4662499999,10
2026-02-22 14:07:57,130899,pairwise,PairwiseVerletLists,1.000000,vlp_sliced_c02,none,SoA,enabled,25000000000,2375000000,2500000000,2250000000,2375000000,2375000000,2375000000,2625000000,2500000000,2625000000,4699999999,4669645634,10
2026-02-22 14:15:09,140009,pairwise,LinkedCells,0.500000,lc_c08,none,AoS,disabled,26875000000,26625000000,26625000000,26500000000,26500000000,26750000000,26625000000,26625000000,26500000000,26625000000,26624999999,26624999999,10
2026-02-22 14:15:14,140019,pairwise,LinkedCells,0.500000,lc_c08,none,AoS,enabled,26625000000,26625000000,26500000000,26625000000,26500000000,26625000000,26500000000,26625000000,26625000000,26750000000,26599999999,26599999999,10
2026-02-22 14:15:19,140029,pairwise,LinkedCells,0.500000,lc_c08,none,SoA,disabled,45500000000,45125000000,45125000000,45000000000,45125000000,45125000000,45375000000,45375000000,45250000000,45125000000,45212499999,45212499999,10
2026-02-22 14:15:24,140039,pairwise,LinkedCells,0.500000,lc_c08,none,SoA,enabled,45000000000,45250000000,45250000000,45000000000,45375000000,45125000000,45250000000,45250000000,45250000000,45250000000,45199999999,45199999999,10
2026-02-22 14:15:28,140049,pairwise,LinkedCells,0.500000,lc_c18,none,AoS,disabled,25375000000,25375000000,25375000000,25250000000,25375000000,25250000000,25375000000,25375000000,25500000000,25375000000,25362499999,25362499999,10
2026-02-22 14:15:33,140059,pairwise,LinkedCells,0.500000,lc_c18,none,AoS,enabled,25250000000,25250000000,25375000000,25375000000,25500000000,25500000000,25375000000,25375000000,25375000000,25375000000,25374999999,25374999999,10
2026-02-22 14:15:37,140069,pairwise,LinkedCells,0.500000,lc_c18,none,SoA,disabled,33625000000,33500000000,33750000000,33625000000,33375000000,33500000000,33375000000,33500000000,33625000000,33750000000,33562499999,33562499999,10
2026-02-22 14:15:42,140079,pairwise,LinkedCells,0.500000,lc_c18,none,SoA,enabled,33500000000,33750000000,33625000000,33625000000,33750000000,33250000000,33500000000,33625000000,33500000000,33500000000,33562499999,33562499999,10
2026-02-22 14:15:43,140089,pairwise,LinkedCells,1.000000,lc_c04,none,AoS,disabled,500000000,375000000,125000000,375000000,500000000,250000000,250000000,375000000,250000000,375000000,337499999,337499999,10
2026-02-22 14:15:43,140099,pairwise,LinkedCells,1.000000,lc_c04,none,AoS,enabled,250000000,500000000,250000000,250000000,250000000,250000000,250000000,375000000,250000000,500000000,312499999,312499999,10
2026-02-22 14:15:44,140109,pairwise,LinkedCells,1.000000,lc_c04,none,SoA,disabled,1625000000,1625000000,1750000000,1625000000,1750000000,1625000000,1625000000,1625000000,1375000000,1625000000,1625000000,1620942364,10
2026-02-22 14:15:44,140119,pairwise,LinkedCells,1.000000,lc_c04,none,SoA,enabled,1750000000,1750000000,1750000000,1500000000,1750000000,1500000000,1750000000,1750000000,1625000000,1750000000,1687499999,1683835444,10
2026-02-22 14:15:45,140129,pairwise,LinkedCells,1.000000,lc_c04_combined_SoA,none,SoA,disabled,2375000000,2250000000,2125000000,2500000000,2500000000,2375000000,2250000000,2375000000,2500000000,2250000000,2349999999,2321168909,10
2026-02-22 14:15:45,140139,pairwise,LinkedCells,1.000000,lc_c04_combined_SoA,none,SoA,enabled,2250000000,2250000000,2250000000,2250000000,2125000000,2250000000,2375000000,2250000000,2250000000,2375000000,2262499999,2261735521,10
2026-02-22 14:15:46,140149,pairwise,LinkedCells,1.000000,lc_c08,none,AoS,disabled,3250000000,3125000000,3125000000,3125000000,3000000000,3250000000,3000000000,3000000000,3000000000,3000000000,3087499999,3062449118,10
2026-02-22 14:15:46,140159,pairwise,LinkedCells,1.000000,lc_c08,none,AoS,enabled,3125000000,3125000000,3250000000,3000000000,3125000000,3000000000,3125000000,3125000000,3000000000,3125000000,3099999999,3087720515,10
2026-02-22 14:15:47,140169,pairwise,LinkedCells,1.000000,lc_c08,none,SoA,disabled,4500000000,4000000000,4250000000,4250000000,4125000000,4000000000,4250000000,4125000000,4000000000,4250000000,4174999999,4174999999,10
2026-02-22 14:15:48,140179,pairwise,LinkedCells,1.000000,lc_c08,none,SoA,enabled,4000000000,4000000000,4375000000,4000000000,4000000000,4250000000,4125000000,4000000000,4125000000,4375000000,4124999999,4124999999,10
2026-02-22 14:15:48,140189,pairwise,LinkedCells,1.000000,lc_c18,none,AoS,disabled,3125000000,3000000000,2875000000,3000000000,3125000000,3000000000,2875000000,3125000000,3250000000,3125000000,3049999999,3049999999,10
2026-02-22 14:15:49,140199,pairwise,LinkedCells,1.000000,lc_c18,none,AoS,enabled,3125000000,3375000000,3375000000,3250000000,3125000000,3250000000,3250000000,3250000000,3000000000,3125000000,3212499999,3196437646,10
2026-02-22 14:15:49,140209,pairwise,LinkedCells,1.000000,lc_c18,none,SoA,disabled,3875000000,4000000000,3875000000,3875000000,4000000000,3875000000,3875000000,4000000000,3875000000,4000000000,3924999999,3924999999,10
2026-02-22 14:15:50,140219,pairwise,LinkedCells,1.000000,lc_c18,none,SoA,enabled,3875000000,3750000000,3875000000,3875000000,4000000000,4000000000,3875000000,4000000000,3875000000,3875000000,3899999999,3899999999,10
2026-02-22 14:15:50,140229,pairwise,VerletLists,0.500000,vl_list_iteration,none,AoS,disabled,5625000000,125000000,250000000,0,250000000,250000000,0,250000000,375000000,125000000,724999999,719137162,10
2026-02-22 14:15:51,140239,pairwise,VerletLists,0.500000,vl_list_iteration,none,SoA,disabled,7875000000,1375000000,1625000000,1250000000,1375000000,1500000000,1500000000,1500000000,1625000000,1750000000,2137500000,2137500000,10
2026-02-22 14:15:51,140249,pairwise,VerletLists,1.000000,vl_list_iteration,none,AoS,disabled,5750000000,375000000,125000000,0,250000000,250000000,0,125000000,250000000,250000000,737499999,737499999,10
2026-02-22 14:15:52,140259,pairwise,VerletLists,1.000000,vl_list_iteration,none,SoA,disabled,7750000000,1750000000,1500000000,1500000000,1500000000,1750000000,1625000000,1500000000,1875000000,1500000000,2224999999,2219713602,10
2026-02-22 14:15:53,140269,pairwise,VerletListsCells,0.500000,vlc_c01,none,AoS,disabled,12125000000,3000000000,3000000000,2750000000,2750000000,2750000000,3000000000,2750000000,2750000000,2750000000,3762499999,3746234955,10
2026-02-22 14:15:53,140279,pairwise,VerletListsCells,0.500000,vlc_c01,none,SoA,disabled,15875000000,4375000000,4375000000,4375000000,4375000000,4250000000,4250000000,4375000000,4375000000,4375000000,5499999999,5499999999,10
2026-02-22 14:15:54,140289,pairwise,VerletListsCells,0.500000,vlc_c18,none,AoS,disabled,8500000000,3250000000,3125000000,3250000000,3000000000,3125000000,3250000000,3250000000,3375000000,3250000000,3737499999,3737499999,10
2026-02-22 14:15:54,140299,pairwise,VerletListsCells,0.500000,vlc_c18,none,AoS,enabled,8500000000,3125000000,3250000000,3250000000,3000000000,3125000000,2875000000,3250000000,3000000000,3250000000,3662500000,3648073961,10
2026-02-22 14:15:55,140309,pairwise,VerletListsCells,0.500000,vlc_c18,none,SoA,disabled,12500000000,4625000000,4875000000,4625000000,4875000000,4750000000,4875000000,4750000000,4625000000,4875000000,5537499999,5537499999,10
2026-02-22 14:15:56,140319,pairwise,VerletListsCells,0.500000,vlc_c18,none,SoA,enabled,12250000000,4750000000,4875000000,4875000000,4500000000,4875000000,4750000000,4875000000,4875000000,4625000000,5524999999,5524999999,10
2026-02-22 14:15:56,140329,pairwise,VerletListsCells,0.500000,vlc_c08,none,AoS,disabled,6875000000,3000000000,3125000000,3125000000,2875000000,2875000000,3000000000,2750000000,3000000000,2875000000,3349999999,3331854533,10
2026-02-22 14:15:57,140339,pairwise,VerletListsCells,0.500000,vlc_c08,none,AoS,enabled,6750000000,3000000000,3000000000,2875000000,3000000000,3000000000,2750000000,2875000000,2875000000,2875000000,3299999999,3299999999,10
2026-02-22 14:15:57,140349,pairwise,VerletListsCells,0.500000,vlc_c08,none,SoA,disabled,10750000000,4625000000,4750000000,4875000000,4875000000,4625000000,4625000000,4625000000,4625000000,4625000000,5299999999,5294466620,10
2026-02-22 14:15:58,140359,pairwise,VerletListsCells,0.500000,vlc_c08,none,SoA,enabled,10750000000,4500000000,4625000000,4500000000,4625000000,4750000000,4750000000,4500000000,4750000000,4750000000,5249999999,5242315803,10
2026-02-22 14:15:58,140369,pairwise,VerletListsCells,0.500000,vlc_sliced,none,AoS,disabled,5625000000,0,250000000,0,0,0,125000000,0,0,0,599999999,599999999,10
2026-02-22 14:15:59,140379,pairwise,VerletListsCells,0.500000,vlc_sliced,none,AoS,enabled,5250000000,0,0,0,0,0,0,0,125000000,0,537499999,537499999,10
2026-02-22 14:15:59,140389,pairwise,VerletListsCells,0.500000,vlc_sliced,none,SoA,disabled,9500000000,1500000000,1500000000,1875000000,1625000000,1500000000,1875000000,1500000000,1625000000,1500000000,2399999999,2399999999,10
2026-02-22 14:16:00,140399,pairwise,VerletListsCells,0.500000,vlc_sliced,none,SoA,enabled,9250000000,1500000000,1500000000,1625000000,1375000000,1750000000,1625000000,1375000000,1625000000,1625000000,2324999999,2324999999,10
2026-02-22 14:16:01,140409,pairwise,VerletListsCells,0.500000,vlc_sliced_c02,none,AoS,disabled,5375000000,0,125000000,125000000,125000000,0,0,0,0,0,574999999,574999999,10
2026-02-22 14:16:01,140419,pairwise,VerletListsCells,0.500000,vlc_sliced_c02,none,AoS,enabled,5375000000,125000000,0,125000000,0,0,0,0,0,0,562499999,562499999,10
2026-02-22 14:16:02,140429,pairwise,VerletListsCells,0.500000,vlc_sliced_c02,none,SoA,disabled,9750000000,1500000000,1500000000,1875000000,1375000000,1500000000,1750000000,1375000000,1750000000,1500000000,2387499999,2387499999,10
2026-02-22 14:16:02,140439,pairwise,VerletListsCells,0.500000,vlc_sliced_c02,none,SoA,enabled,9125000000,1625000000,1625000000,1750000000,1500000000,1875000000,1750000000,1500000000,1625000000,1750000000,2412499999,2407962399,10
2026-02-22 14:16:03,140449,pairwise,VerletListsCells,1.000000,vlc_c01,none,AoS,disabled,12375000000,3000000000,3000000000,3000000000,2750000000,2875000000,3000000000,3000000000,3000000000,3000000000,3899999999,3886551006,10
2026-02-22 14:16:03,140459,pairwise,VerletListsCells,1.000000,vlc_c01,none,SoA,disabled,15750000000,4375000000,4625000000,4625000000,4375000000,4625000000,4500000000,4625000000,4750000000,4625000000,5687499999,5687499999,10
2026-02-22 14:16:04,140469,pairwise,VerletListsCells,1.000000,vlc_c18,none,AoS,disabled,8875000000,3375000000,3250000000,3375000000,3375000000,3375000000,3125000000,3375000000,3250000000,3000000000,3837499999,3800166331,10
2026-02-22 14:16:04,140479,pairwise,VerletListsCells,1.000000,vlc_c18,none,AoS,enabled,8625000000,3125000000,3125000000,3250000000,3250000000,3125000000,3000000000,3125000000,3250000000,3000000000,3687499999,3684763679,10
2026-02-22 14:16:05,140489,pairwise,VerletListsCells,1.000000,vlc_c18,none,SoA,disabled,12625000000,4625000000,4625000000,4875000000,4750000000,4625000000,4875000000,4625000000,4875000000,4750000000,5524999999,5524999999,10
2026-02-22 14:16:06,140499,pairwise,VerletListsCells,1.000000,vlc_c18,none,SoA,enabled,12500000000,4875000000,4875000000,4625000000,4750000000,4750000000,4750000000,4875000000,4750000000,4875000000,5562499999,5553342900,10
2026-02-22 14:16:06,140509,pairwise,VerletListsCells,1.000000,vlc_c08,none,AoS,disabled,6875000000,3125000000,3000000000,2875000000,3125000000,3000000000,3000000000,3125000000,3000000000,3000000000,3412499999,3411788930,10
2026-02-22 14:16:07,140519,pairwise,VerletListsCells,1.000000,vlc_c08,none,AoS,enabled,6875000000,3125000000,3125000000,3125000000,2875000000,3000000000,3125000000,3250000000,3000000000,3000000000,3449999999,3427597059,10
2026-02-22 14:16:08,140529,pairwise,VerletListsCells,1.000000,vlc_c08,none,SoA,disabled,10625000000,4500000000,4625000000,4500000000,4500000000,4500000000,4625000000,4500000000,4625000000,4625000000,5162499999,5162499999,10
2026-02-22 14:16:08,140539,pairwise,VerletListsCells,1.000000,vlc_c08,none,SoA,enabled,10625000000,4500000000,4500000000,4500000000,4500000000,4625000000,4500000000,4625000000,4625000000,4500000000,5149999999,5149999999,10
2026-02-22 14:16:09,140549,pairwise,VerletListsCells,1.000000,vlc_sliced,none,AoS,disabled,5750000000,0,0,0,0,0,0,0,250000000,125000000,612499999,609979979,10
2026-02-22 14:16:09,140559,pairwise,VerletListsCells,1.000000,vlc_sliced,none,AoS,enabled,5250000000,125000000,0,125000000,0,0,0,0,0,0,549999999,549999999,10
2026-02-22 14:16:10,140569,pairwise,VerletListsCells,1.000000,vlc_sliced,none,SoA,disabled,9500000000,1500000000,1625000000,1625000000,1625000000,1625000000,1500000000,1500000000,1750000000,1375000000,2362499999,2362499999,10
2026-02-22 14:16:10,140579,pairwise,VerletListsCells,1.000000,vlc_sliced,none,SoA,enabled,9125000000,1500000000,1750000000,1500000000,1500000000,1625000000,1500000000,1500000000,1500000000,1375000000,2287499999,2287499999,10
2026-02-22 14:16:11,140589,pairwise,VerletListsCells,1.000000,vlc_sliced_c02,none,AoS,disabled,5625000000,0,0,0,0,125000000,125000000,0,0,0,587499999,587499999,10
2026-02-22 14:16:11,140599,pairwise,VerletListsCells,1.000000,vlc_sliced_c02,none,AoS,enabled,5375000000,0,0,0,0,0,0,250000000,0,125000000,574999999,574999999,10
2026-02-22 14:16:12,140609,pairwise,VerletListsCells,1.000000,vlc_sliced_c02,none,SoA,disabled,9500000000,1625000000,1625000000,1500000000,1625000000,1750000000,1625000000,1500000000,1625000000,1500000000,2387499999,2387499999,10
2026-02-22 14:16:12,140619,pairwise,VerletListsCells,1.000000,vlc_sliced_c02,none,SoA,enabled,9125000000,1500000000,1500000000,1375000000,1625000000,1375000000,1500000000,1750000000,1500000000,1750000000,2299999999,2299999999,10
2026-02-22 14:16:13,140629,pairwise,PairwiseVerletLists,0.500000,vlp_c01,none,AoS,disabled,12750000000,2875000000,3000000000,2750000000,2875000000,3000000000,2875000000,2875000000,2750000000,2875000000,3862500000,3862500000,10
2026-02-22 14:16:14,140639,pairwise,PairwiseVerletLists,0.500000,vlp_c01,none,SoA,disabled,23875000000,4625000000,4875000000,4875000000,4875000000,4875000000,4750000000,4625000000,5000000000,4750000000,6712499999,6712499999,10
2026-02-22 14:16:14,140649,pairwise,PairwiseVerletLists,0.500000,vlp_c18,none,AoS,disabled,11375000000,3250000000,3250000000,3250000000,3250000000,3375000000,3375000000,3375000000,3250000000,3000000000,4074999999,4074999999,10
2026-02-22 14:16:15,140659,pairwise,PairwiseVerletLists,0.500000,vlp_c18,none,AoS,enabled,11375000000,3250000000,3250000000,3500000000,3250000000,3625000000,3250000000,3375000000,3125000000,3500000000,4149999999,4149999999,10
2026-02-22 14:16:15,140669,pairwise,PairwiseVerletLists,0.500000,vlp_c18,none,SoA,disabled,27500000000,5125000000,5375000000,5125000000,5375000000,5250000000,5250000000,5125000000,5375000000,5375000000,7487499999,7464371528,10
2026-02-22 14:16:16,140679,pairwise,PairwiseVerletLists,0.500000,vlp_c18,none,SoA,enabled,27375000000,5375000000,5375000000,5125000000,5375000000,5000000000,5125000000,5125000000,5250000000,5125000000,7424999999,7424999999,10
2026-02-22 14:16:17,140689,pairwise,PairwiseVerletLists,0.500000,vlp_sliced,none,AoS,disabled,8625000000,750000000,750000000,625000000,750000000,625000000,750000000,625000000,750000000,625000000,1487499999,1487499999,10
2026-02-22 14:16:17,140699,pairwise,PairwiseVerletLists,0.500000,vlp_sliced,none,AoS,enabled,8375000000,625000000,750000000,625000000,625000000,750000000,750000000,625000000,625000000,375000000,1412499999,1400396701,10
2026-02-22 14:16:18,140709,pairwise,PairwiseVerletLists,0.500000,vlp_sliced,none,SoA,disabled,24375000000,2375000000,2250000000,2375000000,2375000000,2250000000,2500000000,2500000000,2500000000,2250000000,4575000000,4557402700,10
2026-02-22 14:16:18,140719,pairwise,PairwiseVerletLists,0.500000,vlp_sliced,none,SoA,enabled,24875000000,2625000000,2500000000,2250000000,2375000000,2500000000,2375000000,2500000000,2375000000,2375000000,4674999999,4638393779,10
2026-02-22 14:16:19,140729,pairwise,PairwiseVerletLists,0.500000,vlp_sliced_c02,none,AoS,disabled,8875000000,625000000,625000000,625000000,750000000,750000000,625000000,750000000,875000000,750000000,1524999999,1507341421,10
2026-02-22 14:16:19,140739,pairwise,PairwiseVerletLists,0.500000,vlp_sliced_c02,none,AoS,enabled,8250000000,625000000,625000000,750000000,750000000,875000000,875000000,750000000,750000000,750000000,1500000000,1481204251,10
2026-02-22 14:16:20,140749,pairwise,PairwiseVerletLists,0.500000,vlp_sliced_c02,none,SoA,disabled,24625000000,2500000000,2625000000,2375000000,2625000000,2375000000,2625000000,2375000000,2375000000,2500000000,4699999999,4679429935,10
2026-02-22 14:16:21,140759,pairwise,PairwiseVerletLists,0.500000,vlp_sliced_c02,none,SoA,enabled,24375000000,2375000000,2625000000,2500000000,2625000000,2500000000,2375000000,2500000000,2625000000,2375000000,4687500000,4687500000,10
2026-02-22 14:16:21,140769,pairwise,PairwiseVerletLists,1.000000,vlp_c01,none,AoS,disabled,13000000000,3125000000,3125000000,3125000000,3125000000,3000000000,3125000000,3125000000,3125000000,3125000000,4099999999,4096996859,10
2026-02-22 14:16:22,140779,pairwise,PairwiseVerletLists,1.000000,vlp_c01,none,SoA,disabled,23250000000,4875000000,4875000000,4875000000,4875000000,4875000000,4875000000,4875000000,4875000000,4625000000,6687499999,6687499999,10
2026-02-22 14:16:23,140789,pairwise,PairwiseVerletLists,1.000000,vlp_c18,none,AoS,disabled,11125000000,3125000000,3375000000,3250000000,3500000000,3375000000,3250000000,3500000000,3500000000,3500000000,4150000000,4150000000,10
2026-02-22 14:16:23,140799,pairwise,PairwiseVerletLists,1.000000,vlp_c18,none,AoS,enabled,11500000000,3250000000,3250000000,3125000000,3250000000,3500000000,3250000000,3250000000,3125000000,3250000000,4075000000,4075000000,10
2026-02-22 14:16:24,140809,pairwise,PairwiseVerletLists,1.000000,vlp_c18,none,SoA,disabled,27250000000,5250000000,5250000000,5125000000,5125000000,5125000000,5125000000,5125000000,5375000000,5125000000,7387499999,7375781917,10
2026-02-22 14:16:25,140819,pairwise,PairwiseVerletLists,1.000000,vlp_c18,none,SoA,enabled,27250000000,5125000000,5125000000,5250000000,5250000000,5375000000,5250000000,5125000000,5250000000,5000000000,7399999999,7390879950,10
2026-02-22 14:16:25,140829,pairwise,PairwiseVerletLists,1.000000,vlp_sliced,none,AoS,disabled,8625000000,625000000,500000000,625000000,500000000,750000000,625000000,625000000,875000000,500000000,1425000000,1425000000,10
2026-02-22 14:16:26,140839,pairwise,PairwiseVerletLists,1.000000,vlp_sliced,none,AoS,enabled,8500000000,750000000,750000000,750000000,750000000,625000000,625000000,625000000,625000000,625000000,1462499999,1455655576,10
2026-02-22 14:16:26,140849,pairwise,PairwiseVerletLists,1.000000,vlp_sliced,none,SoA,disabled,24625000000,2250000000,2250000000,2500000000,2500000000,2500000000,2500000000,2625000000,2500000000,2500000000,4674999999,4657089269,10
2026-02-22 14:16:27,140859,pairwise,PairwiseVerletLists,1.000000,vlp_sliced,none,SoA,enabled,24625000000,2250000000,2500000000,2375000000,2375000000,2250000000,2500000000,2375000000,2375000000,2625000000,4624999999,4624999999,10
2026-02-22 14:16:27,140869,pairwise,PairwiseVerletLists,1.000000,vlp_sliced_c02,none,AoS,disabled,8500000000,625000000,875000000,500000000,625000000,875000000,875000000,625000000,875000000,500000000,1487499999,1487499999,10
2026-02-22 14:16:28,140879,pairwise,PairwiseVerletLists,1.000000,vlp_sliced_c02,none,AoS,enabled,8375000000,875000000,625000000,625000000,750000000,625000000,500000000,750000000,875000000,625000000,1462499999,1448486140,10
2026-02-22 14:16:29,140889,pairwise,PairwiseVerletLists,1.000000,vlp_sliced_c02,none,SoA,disabled,24250000000,2375000000,2375000000,2375000000,2375000000,2375000000,2500000000,2250000000,2500000000,2500000000,4587499999,4587499999,10
2026-02-22 14:16:29,140899,pairwise,PairwiseVerletLists,1.000000,vlp_sliced_c02,none,SoA,enabled,24500000000,2375000000,2625000000,2625000000,2625000000,2625000000,2375000000,2625000000,2625000000,2625000000,4762499999,4741296931,10
