Date,Iteration,Interaction Type,Container,CellSizeFactor,Traversal,Load Estimator,Data Layout,Newton 3,sample0,sample1,sample2,sample3,sample4,sample5,sample6,sample7,sample8,sample9,Reduced,Smoothed,Mean Rebuild Frequency
2025-10-24 22:32:12,9,pairwise,LinkedCells,0.500000,lc_c08,none,AoS,disabled,27718070983,27554611206,27479049682,27486984252,27502563476,27539611816,27725128173,27501708984,27461425781,27536132812,27550528716,27550528716,10
2025-10-24 22:32:14,19,pairwise,LinkedCells,0.500000,lc_c08,none,AoS,enabled,27480346679,27561157226,27578186035,27449829101,27564941406,27608154296,27500976562,27576293945,27457763671,27755371093,27553302001,27553302001,10
2025-10-24 22:32:16,29,pairwise,LinkedCells,0.500000,lc_c08,none,SoA,disabled,46748291015,46596679687,46456542968,46530639648,46584350585,46569335937,46367065429,46346191406,46405883789,46535644531,46514062498,46514062498,10
2025-10-24 22:32:18,39,pairwise,LinkedCells,0.500000,lc_c08,none,SoA,enabled,46561767578,46306884765,45927246093,45799804687,45779052734,46054199218,45966064453,45967529296,46077392578,46115966796,46055590819,46055590819,10
2025-10-24 22:32:20,49,pairwise,LinkedCells,0.500000,lc_c18,none,AoS,disabled,26702148437,26794189453,26536132812,26639160156,26691894531,26661865234,26717041015,26855712890,26639160156,26569580078,26680688476,26680688476,10
2025-10-24 22:32:22,59,pairwise,LinkedCells,0.500000,lc_c18,none,AoS,enabled,26556884765,26400634765,26444091796,26416015625,26532470703,26573486328,26558837890,26558837890,26518554687,26576171875,26513598632,26513598632,10
2025-10-24 22:32:24,69,pairwise,LinkedCells,0.500000,lc_c18,none,SoA,disabled,34564208984,34468017578,34528076171,34627685546,34720458984,34632324218,34646972656,34383300781,34376464843,34617187500,34556469725,34556469725,10
2025-10-24 22:32:26,79,pairwise,LinkedCells,0.500000,lc_c18,none,SoA,enabled,34440917968,34446777343,34509277343,34616699218,34575195312,34519531250,34359863281,34437500000,34659179687,34711425781,34527636718,34527636718,10
2025-10-24 22:32:27,89,pairwise,LinkedCells,1.000000,lc_c04,none,AoS,disabled,2354003906,2138183593,2171875000,2178222656,2033203125,2043457031,2078613281,1972656250,2149902343,2034179687,2115429686,2115429686,10
2025-10-24 22:32:27,99,pairwise,LinkedCells,1.000000,lc_c04,none,AoS,enabled,1472167968,1401367187,1525878906,1508300781,1285156250,1607421875,1492187500,1274902343,1713867187,1423828125,1470507811,1470507811,10
2025-10-24 22:32:27,109,pairwise,LinkedCells,1.000000,lc_c04,none,SoA,disabled,2189941406,2185546875,1954589843,1893554687,2087402343,1864746093,2040039062,1929687500,1920898437,2103515625,2016992186,2016992186,10
2025-10-24 22:32:27,119,pairwise,LinkedCells,1.000000,lc_c04,none,SoA,enabled,1583984375,1513671875,1628417968,1457519531,1515136718,1715820312,1417480468,1387695312,1379882812,1551269531,1515087890,1515087890,10
2025-10-24 22:32:27,129,pairwise,LinkedCells,1.000000,lc_c04_combined_SoA,none,SoA,disabled,2156738281,2330078125,2208984375,2016601562,2066894531,2370117187,2276367187,1344238281,2200683593,2016113281,2098681639,2098681639,10
2025-10-24 22:32:27,139,pairwise,LinkedCells,1.000000,lc_c04_combined_SoA,none,SoA,enabled,2216308593,1996582031,2113281250,1840332031,1680175781,2483398437,1596679687,2330566406,1945312500,1739257812,1994189452,1994189452,10
2025-10-24 22:32:28,149,pairwise,LinkedCells,1.000000,lc_c08,none,AoS,disabled,3228515625,3218750000,3203125000,3239746093,3172363281,3206542968,3189453125,3158691406,3127929687,3198242187,3194335937,3194335937,10
2025-10-24 22:32:28,159,pairwise,LinkedCells,1.000000,lc_c08,none,AoS,enabled,3345703125,3169433593,3554199218,3320800781,3341796875,3176757812,3108398437,3222656250,3187011718,3227050781,3265380858,3265380858,10
2025-10-24 22:32:28,169,pairwise,LinkedCells,1.000000,lc_c08,none,SoA,disabled,4235351562,4226562500,4185058593,4180664062,4185058593,4099609375,4060546875,4205078125,4139648437,4231933593,4174951171,4174951171,10
2025-10-24 22:32:28,179,pairwise,LinkedCells,1.000000,lc_c08,none,SoA,enabled,4175292968,4128417968,4211425781,4237792968,4273437500,4171386718,4245117187,4108886718,4153808593,4029296875,4173486326,4173486326,10
2025-10-24 22:32:29,189,pairwise,LinkedCells,1.000000,lc_c18,none,AoS,disabled,3377929687,3176757812,3191406250,3288085937,3166503906,3184082031,3475097656,3156738281,3142578125,3248046875,3240722655,3240722655,10
2025-10-24 22:32:29,199,pairwise,LinkedCells,1.000000,lc_c18,none,AoS,enabled,3195800781,3103515625,3356933593,3133300781,3074218750,3366699218,3352050781,3138183593,3295898437,3339843750,3235644530,3235644530,10
2025-10-24 22:32:29,209,pairwise,LinkedCells,1.000000,lc_c18,none,SoA,disabled,3668945312,3770019531,3967773437,3945800781,4030761718,4055175781,3866210937,4075195312,3890136718,3862792968,3913281249,3913281249,10
2025-10-24 22:32:29,219,pairwise,LinkedCells,1.000000,lc_c18,none,SoA,enabled,3820312500,3722656250,3911621093,3693359375,3975097656,3906738281,4115234375,3717285156,3978515625,3800781250,3864160155,3864160155,10
2025-10-24 22:32:29,229,pairwise,VerletLists,0.500000,vl_list_iteration,none,AoS,disabled,5940917968,259277343,215332031,269531250,120117187,149414062,154296875,271484375,127929687,148437500,765673827,765673827,10
2025-10-24 22:32:30,239,pairwise,VerletLists,0.500000,vl_list_iteration,none,SoA,disabled,9803710937,1659179687,1684082031,1645019531,1415039062,1430664062,1539062500,1559082031,1505859375,1438964843,2368066405,2368066405,10
2025-10-24 22:32:30,249,pairwise,VerletLists,1.000000,vl_list_iteration,none,AoS,disabled,5961425781,167968750,114257812,0,174804687,133789062,133789062,133789062,212890625,351562500,738427733,738427733,10
2025-10-24 22:32:30,259,pairwise,VerletLists,1.000000,vl_list_iteration,none,SoA,disabled,9417968750,1681640625,1656738281,1659667968,1666992187,1665039062,1607910156,1665527343,1502441406,1488769531,2401269530,2401269530,10
2025-10-24 22:32:30,269,pairwise,VerletListsCells,0.500000,vlc_c01,none,AoS,disabled,13145507812,2967773437,2928222656,3100097656,2970214843,2993164062,3146484375,2853515625,3078125000,2930664062,4011376952,4011376952,10
2025-10-24 22:32:31,279,pairwise,VerletListsCells,0.500000,vlc_c01,none,SoA,disabled,17890625000,4657714843,4298828125,4368652343,4477539062,4301269531,4448730468,4478515625,4314453125,4451171875,5768749999,5768749999,10
2025-10-24 22:32:31,289,pairwise,VerletListsCells,0.500000,vlc_c18,none,AoS,disabled,9086425781,3232421875,3303222656,3192871093,3266113281,3112792968,3274902343,3069335937,3247070312,3275878906,3806103515,3806103515,10
2025-10-24 22:32:31,299,pairwise,VerletListsCells,0.500000,vlc_c18,none,AoS,enabled,8865722656,3296875000,3307128906,3115234375,3447753906,3137695312,3304687500,3301757812,3289062500,3398437500,3846435546,3846435546,10
2025-10-24 22:32:31,309,pairwise,VerletListsCells,0.500000,vlc_c18,none,SoA,disabled,15651367187,4883300781,4998535156,4901367187,4863281250,5096191406,4831542968,4907226562,5018554687,4943847656,6009521483,6009521483,10
2025-10-24 22:32:32,319,pairwise,VerletListsCells,0.500000,vlc_c18,none,SoA,enabled,13694824218,4821777343,4758300781,4817382812,4683105468,5000976562,4945312500,4807128906,4812500000,4778808593,5712011717,5712011717,10
2025-10-24 22:32:32,329,pairwise,VerletListsCells,0.500000,vlc_c08,none,AoS,disabled,7473632812,3098144531,3075683593,2903808593,3029296875,3070800781,2854492187,2988769531,3113769531,2975585937,3458398436,3458398436,10
2025-10-24 22:32:32,339,pairwise,VerletListsCells,0.500000,vlc_c08,none,AoS,enabled,7190917968,3105468750,2985351562,3071289062,3113281250,3176757812,2939941406,2997070312,3107910156,3009765625,3469775389,3469775389,10
2025-10-24 22:32:32,349,pairwise,VerletListsCells,0.500000,vlc_c08,none,SoA,disabled,13005859375,4681640625,4711914062,4763183593,4853027343,4839843750,4597656250,4824707031,4939453125,4854492187,5607177733,5607177733,10
2025-10-24 22:32:33,359,pairwise,VerletListsCells,0.500000,vlc_c08,none,SoA,enabled,12382324218,4698242187,4515625000,4645019531,4790527343,4606445312,4665527343,4627441406,4522949218,4425781250,5387988280,5387988280,10
2025-10-24 22:32:33,369,pairwise,VerletListsCells,0.500000,vlc_sliced,none,AoS,disabled,6949707031,1257812500,1291992187,1094726562,1198242187,1336425781,1262207031,1288574218,1281738281,1214843750,1817626952,1817626952,10
2025-10-24 22:32:33,379,pairwise,VerletListsCells,0.500000,vlc_sliced,none,AoS,enabled,5993652343,760742187,604492187,599121093,816406250,801757812,713867187,711914062,677734375,582031250,1226171874,1226171874,10
2025-10-24 22:32:33,389,pairwise,VerletListsCells,0.500000,vlc_sliced,none,SoA,disabled,13057617187,2832031250,2841796875,2693847656,2751953125,2588867187,2687988281,2777343750,2618164062,2794921875,3764453124,3764453124,10
2025-10-24 22:32:34,399,pairwise,VerletListsCells,0.500000,vlc_sliced,none,SoA,enabled,11083984375,2425781250,1941406250,2162597656,1985839843,2149414062,2132324218,2297851562,2264648437,2289062500,3073291015,3073291015,10
2025-10-24 22:32:34,409,pairwise,VerletListsCells,0.500000,vlc_sliced_c02,none,AoS,disabled,7128906250,1561035156,1461914062,1442382812,1530273437,1628906250,1606445312,1621093750,1612304687,1443359375,2103662109,2103662109,10
2025-10-24 22:32:34,419,pairwise,VerletListsCells,0.500000,vlc_sliced_c02,none,AoS,enabled,6107421875,831542968,668945312,793945312,690429687,718261718,831054687,462890625,767578125,751953125,1262402342,1262402342,10
2025-10-24 22:32:34,429,pairwise,VerletListsCells,0.500000,vlc_sliced_c02,none,SoA,disabled,13366699218,3031250000,2917480468,2894042968,2988769531,2898437500,2956054687,2982910156,2978515625,3068847656,4008300780,4008300780,10
2025-10-24 22:32:34,439,pairwise,VerletListsCells,0.500000,vlc_sliced_c02,none,SoA,enabled,11300781250,2282226562,2258300781,2404296875,2168457031,2434570312,2386718750,2298828125,2259277343,2330078125,3212353514,3212353514,10
2025-10-24 22:32:35,449,pairwise,VerletListsCells,1.000000,vlc_c01,none,AoS,disabled,13004882812,2998046875,3013183593,2916992187,3004882812,2912597656,3073730468,2965332031,2961425781,2961914062,3981298827,3981298827,10
2025-10-24 22:32:35,459,pairwise,VerletListsCells,1.000000,vlc_c01,none,SoA,disabled,18038574218,4648437500,4585937500,4490722656,4568847656,4476074218,4519531250,4494140625,4660156250,4563476562,5904589843,5904589843,10
2025-10-24 22:32:35,469,pairwise,VerletListsCells,1.000000,vlc_c18,none,AoS,disabled,9293945312,3264648437,3417480468,3349609375,3277343750,3382324218,3429687500,3324218750,3331542968,3324218750,3939501952,3939501952,10
2025-10-24 22:32:35,479,pairwise,VerletListsCells,1.000000,vlc_c18,none,AoS,enabled,8695312500,3182617187,3263671875,3244628906,3254882812,3244628906,3288574218,3274414062,3275390625,3370605468,3809472655,3809472655,10
2025-10-24 22:32:36,489,pairwise,VerletListsCells,1.000000,vlc_c18,none,SoA,disabled,15535644531,4809570312,4695312500,4906738281,4755859375,4898437500,4970214843,4974121093,4819824218,4955078125,5932080077,5932080077,10
2025-10-24 22:32:36,499,pairwise,VerletListsCells,1.000000,vlc_c18,none,SoA,enabled,14104492187,4849609375,4705078125,4936523437,4825683593,4797851562,4750000000,4791503906,4851074218,4966796875,5757861327,5757861327,10
2025-10-24 22:32:36,509,pairwise,VerletListsCells,1.000000,vlc_c08,none,AoS,disabled,7568847656,2993164062,3135742187,2988281250,3122070312,3145507812,2917968750,2969726562,2936523437,3058593750,3483642577,3483642577,10
2025-10-24 22:32:36,519,pairwise,VerletListsCells,1.000000,vlc_c08,none,AoS,enabled,7053710937,3072265625,3118164062,3089843750,3090820312,3022460937,2958984375,3139648437,3101562500,3132812500,3478027343,3478027343,10
2025-10-24 22:32:37,529,pairwise,VerletListsCells,1.000000,vlc_c08,none,SoA,disabled,13083007812,4754882812,4653320312,4647460937,4788085937,4839843750,4712890625,4835937500,4605468750,4822265625,5574316405,5574316405,10
2025-10-24 22:32:37,539,pairwise,VerletListsCells,1.000000,vlc_c08,none,SoA,enabled,12250976562,4767578125,4601562500,4734375000,4764648437,4673828125,4680664062,4625000000,4580078125,4791015625,5446972656,5446972656,10
2025-10-24 22:32:37,549,pairwise,VerletListsCells,1.000000,vlc_sliced,none,AoS,disabled,6886718750,1205078125,1247070312,1123046875,1115234375,1133789062,1121093750,1214843750,1223632812,1109375000,1737988280,1737988280,10
2025-10-24 22:32:37,559,pairwise,VerletListsCells,1.000000,vlc_sliced,none,AoS,enabled,6049804687,485351562,686523437,627929687,605468750,669921875,697265625,581054687,548828125,662109375,1161425780,1161425780,10
2025-10-24 22:32:38,569,pairwise,VerletListsCells,1.000000,vlc_sliced,none,SoA,disabled,13346679687,2763671875,2673828125,2938476562,2748046875,2804687500,2769531250,2636718750,2688476562,2812500000,3818261718,3818261718,10
2025-10-24 22:32:38,579,pairwise,VerletListsCells,1.000000,vlc_sliced,none,SoA,enabled,11269531250,2312500000,2117187500,2208984375,2247070312,2128906250,2186523437,2294921875,2216796875,1967773437,3095019530,3095019530,10
2025-10-24 22:32:38,589,pairwise,VerletListsCells,1.000000,vlc_sliced_c02,none,AoS,disabled,7113281250,1442382812,1399414062,1411132812,1430664062,1430664062,1338867187,1415039062,1336914062,1413085937,1973144530,1973144530,10
2025-10-24 22:32:38,599,pairwise,VerletListsCells,1.000000,vlc_sliced_c02,none,AoS,enabled,6015625000,713867187,836914062,684570312,693359375,803710937,828125000,662109375,603515625,760742187,1260253906,1260253906,10
2025-10-24 22:32:38,609,pairwise,VerletListsCells,1.000000,vlc_sliced_c02,none,SoA,disabled,13462890625,2958984375,2997070312,3129882812,3138671875,3015625000,3068359375,3152343750,2959960937,3141601562,4102539061,4102539061,10
2025-10-24 22:32:39,619,pairwise,VerletListsCells,1.000000,vlc_sliced_c02,none,SoA,enabled,11261718750,2449218750,2536132812,2479492187,2280273437,2218750000,2481445312,2339843750,2269531250,2378906250,3269531249,3269531249,10
2025-10-24 22:32:39,629,pairwise,PairwiseVerletLists,0.500000,vlp_c01,none,AoS,disabled,22499023437,3200195312,3291015625,3161132812,3175781250,3162109375,3222656250,3309570312,3093750000,3180664062,5129589843,5129589843,10
2025-10-24 22:32:39,639,pairwise,PairwiseVerletLists,0.500000,vlp_c01,none,SoA,disabled,39170898437,4958984375,5067382812,4868164062,5145507812,5120117187,5151367187,5119140625,4835937500,5040039062,8447753905,8447753905,10
2025-10-24 22:32:40,649,pairwise,PairwiseVerletLists,0.500000,vlp_c18,none,AoS,disabled,13035156250,3533203125,3562500000,3443359375,3538085937,3522460937,3472656250,3374023437,3528320312,3402343750,4441210936,4441210936,10
2025-10-24 22:32:40,659,pairwise,PairwiseVerletLists,0.500000,vlp_c18,none,AoS,enabled,12422851562,3467773437,3498046875,3461914062,3333007812,3240234375,3525390625,3392578125,3537109375,3384765625,4326367187,4326367187,10
2025-10-24 22:32:40,669,pairwise,PairwiseVerletLists,0.500000,vlp_c18,none,SoA,disabled,34646484375,5398437500,5336914062,5260742187,5417968750,5397460937,5509765625,5590820312,5448242187,5511718750,8351855468,8351855468,10
2025-10-24 22:32:41,679,pairwise,PairwiseVerletLists,0.500000,vlp_c18,none,SoA,enabled,31675781250,5352539062,5166015625,5309570312,5522460937,5373046875,5340820312,5340820312,5375976562,5147460937,7960449218,7960449218,10
2025-10-24 22:32:41,689,pairwise,PairwiseVerletLists,0.500000,vlp_sliced,none,AoS,disabled,11496093750,1716796875,1730468750,1719726562,1617187500,1708984375,1619140625,1689453125,1532226562,1662109375,2649218749,2649218749,10
2025-10-24 22:32:41,699,pairwise,PairwiseVerletLists,0.500000,vlp_sliced,none,AoS,enabled,10106445312,962890625,941406250,1099609375,955078125,979492187,995117187,1150390625,1019531250,1052734375,1926269531,1926269531,10
2025-10-24 22:32:41,709,pairwise,PairwiseVerletLists,0.500000,vlp_sliced,none,SoA,disabled,31744140625,3631835937,3671875000,3636718750,3591796875,3642578125,3625000000,3503906250,3536132812,3626953125,6421093749,6421093749,10
2025-10-24 22:32:42,719,pairwise,PairwiseVerletLists,0.500000,vlp_sliced,none,SoA,enabled,29547851562,3186523437,3021484375,3013671875,3313476562,3049804687,3191406250,3113281250,3189453125,3042968750,5766992187,5766992187,10
2025-10-24 22:32:42,729,pairwise,PairwiseVerletLists,0.500000,vlp_sliced_c02,none,AoS,disabled,12015625000,1947265625,1924804687,2013671875,1975585937,1963867187,1899414062,2014648437,2065429687,2043945312,2986425780,2986425780,10
2025-10-24 22:32:42,739,pairwise,PairwiseVerletLists,0.500000,vlp_sliced_c02,none,AoS,enabled,10201171875,1110351562,1166015625,1116210937,1313476562,1305664062,955078125,1069335937,1328125000,1322265625,2088769530,2088769530,10
2025-10-24 22:32:42,749,pairwise,PairwiseVerletLists,0.500000,vlp_sliced_c02,none,SoA,disabled,32310546875,4014648437,3966796875,4012695312,3989257812,3874023437,4145507812,4007812500,3885742187,4157226562,6836425780,6836425780,10
2025-10-24 22:32:43,759,pairwise,PairwiseVerletLists,0.500000,vlp_sliced_c02,none,SoA,enabled,29720703125,3373046875,3484375000,3262695312,3364257812,3329101562,3447265625,3280273437,3456054687,3326171875,6004394530,6004394530,10
2025-10-24 22:32:43,769,pairwise,PairwiseVerletLists,1.000000,vlp_c01,none,AoS,disabled,15355468750,3057617187,3185546875,3166015625,3038085937,3079101562,3087890625,3139648437,3070312500,3062500000,4324218749,4324218749,10
2025-10-24 22:32:44,779,pairwise,PairwiseVerletLists,1.000000,vlp_c01,none,SoA,disabled,28714843750,4888671875,5030273437,4891601562,4817382812,4918945312,4842773437,4879882812,4850585937,4730468750,7256542968,7256542968,10
2025-10-24 22:32:44,789,pairwise,PairwiseVerletLists,1.000000,vlp_c18,none,AoS,disabled,13231445312,3487304687,3554687500,3433593750,3489257812,3496093750,3535156250,3165039062,3495117187,3480468750,4436816405,4436816405,10
2025-10-24 22:32:44,799,pairwise,PairwiseVerletLists,1.000000,vlp_c18,none,AoS,enabled,12520507812,3392578125,3574218750,3530273437,3513671875,3343750000,3529296875,3377929687,3720703125,3407226562,4391015624,4391015624,10
2025-10-24 22:32:44,809,pairwise,PairwiseVerletLists,1.000000,vlp_c18,none,SoA,disabled,34554687500,5424804687,5448242187,5460937500,5460937500,5248046875,5194335937,5407226562,5272460937,5465820312,8293749999,8293749999,10
2025-10-24 22:32:45,819,pairwise,PairwiseVerletLists,1.000000,vlp_c18,none,SoA,enabled,31753906250,5208984375,5155273437,5200195312,5532226562,5465820312,5333007812,5196289062,5499023437,5429687500,7977441405,7977441405,10
2025-10-24 22:32:45,829,pairwise,PairwiseVerletLists,1.000000,vlp_sliced,none,AoS,disabled,11373046875,1633789062,1720703125,1444335937,1669921875,1543945312,1292968750,1541015625,1668945312,1618164062,2550683592,2550683592,10
2025-10-24 22:32:45,839,pairwise,PairwiseVerletLists,1.000000,vlp_sliced,none,AoS,enabled,9944335937,1084960937,974609375,1003906250,874023437,1052734375,990234375,988281250,924804687,1046875000,1888476562,1888476562,10
2025-10-24 22:32:46,849,pairwise,PairwiseVerletLists,1.000000,vlp_sliced,none,SoA,disabled,32139648437,3651367187,3618164062,3632812500,3580078125,3386718750,3701171875,3615234375,3606445312,3597656250,6452929687,6452929687,10
2025-10-24 22:32:46,859,pairwise,PairwiseVerletLists,1.000000,vlp_sliced,none,SoA,enabled,29410156250,3318359375,3010742187,3342773437,2991210937,3321289062,3035156250,3237304687,3094726562,3071289062,5783300780,5783300780,10
2025-10-24 22:32:46,869,pairwise,PairwiseVerletLists,1.000000,vlp_sliced_c02,none,AoS,disabled,11792968750,2117187500,1942382812,2003906250,1955078125,2040039062,1956054687,1993164062,2082031250,1955078125,2983789062,2983789062,10
2025-10-24 22:32:46,879,pairwise,PairwiseVerletLists,1.000000,vlp_sliced_c02,none,AoS,enabled,10571289062,1356445312,1322265625,1352539062,1381835937,1008789062,1105468750,1244140625,1326171875,1378906250,2204785155,2204785155,10
2025-10-24 22:32:47,889,pairwise,PairwiseVerletLists,1.000000,vlp_sliced_c02,none,SoA,disabled,32070312500,4163085937,4122070312,4014648437,3989257812,4166015625,3951171875,4000976562,4000000000,4054687500,6853222655,6853222655,10
2025-10-24 22:32:47,899,pairwise,PairwiseVerletLists,1.000000,vlp_sliced_c02,none,SoA,enabled,29725585937,3334960937,3592773437,3392578125,3371093750,3358398437,3358398437,3368164062,3351562500,3380859375,6023437499,6023437499,10
2025-10-24 22:35:00,10009,pairwise,LinkedCells,0.500000,lc_c08,none,AoS,disabled,27714843750,27937500000,27605468750,27464843750,27910156250,27976562500,27894531250,27843750000,28031250000,27871093750,27824999999,27824999999,10
2025-10-24 22:35:02,10019,pairwise,LinkedCells,0.500000,lc_c08,none,AoS,enabled,27839843750,27886718750,27699218750,27656250000,27750000000,27683593750,27738281250,27792968750,27738281250,27769531250,27755468750,27755468750,10
2025-10-24 22:35:04,10029,pairwise,LinkedCells,0.500000,lc_c08,none,SoA,disabled,47199218750,46878906250,47066406250,46921875000,46562500000,46761718750,46675781250,46800781250,46738281250,46636718750,46824218749,46824218749,10
2025-10-24 22:35:06,10039,pairwise,LinkedCells,0.500000,lc_c08,none,SoA,enabled,46625000000,46496093750,46378906250,46410156250,46167968750,46378906250,46164062500,46253906250,46406250000,46351562500,46363281249,46363281249,10
2025-10-24 22:35:08,10049,pairwise,LinkedCells,0.500000,lc_c18,none,AoS,disabled,26609375000,26847656250,26644531250,26777343750,26878906250,26894531250,26878906250,26714843750,26886718750,26757812500,26789062499,26789062499,10
2025-10-24 22:35:10,10059,pairwise,LinkedCells,0.500000,lc_c18,none,AoS,enabled,26660156250,26835937500,26726562500,26710937500,26882812500,26824218750,26992187500,26839843750,26601562500,26710937500,26778515624,26778515624,10
2025-10-24 22:35:12,10069,pairwise,LinkedCells,0.500000,lc_c18,none,SoA,disabled,34367187500,34421875000,34621093750,34566406250,34613281250,34375000000,34277343750,34582031250,34753906250,34414062500,34499218749,34499218749,10
2025-10-24 22:35:14,10079,pairwise,LinkedCells,0.500000,lc_c18,none,SoA,enabled,34390625000,34531250000,34535156250,34484375000,34523437500,34449218750,34382812500,34433593750,33933593750,33953125000,34361718749,34361718749,10
2025-10-24 22:35:14,10089,pairwise,LinkedCells,1.000000,lc_c04,none,AoS,disabled,2085937500,2011718750,1683593750,1988281250,1855468750,1847656250,1980468750,1722656250,2007812500,1695312500,1887890624,1887890624,10
2025-10-24 22:35:14,10099,pairwise,LinkedCells,1.000000,lc_c04,none,AoS,enabled,1308593750,1402343750,1121093750,1343750000,1351562500,1160156250,1214843750,1343750000,1316406250,1378906250,1294140624,1294140624,10
2025-10-24 22:35:14,10109,pairwise,LinkedCells,1.000000,lc_c04,none,SoA,disabled,1785156250,1972656250,1964843750,2160156250,2062500000,1929687500,1921875000,1921875000,2109375000,2070312500,1989843749,1989843749,10
2025-10-24 22:35:15,10119,pairwise,LinkedCells,1.000000,lc_c04,none,SoA,enabled,1593750000,1902343750,1863281250,1417968750,1417968750,1472656250,1781250000,1558593750,1402343750,1675781250,1608593749,1608593749,10
2025-10-24 22:35:15,10129,pairwise,LinkedCells,1.000000,lc_c04_combined_SoA,none,SoA,disabled,2382812500,2339843750,2296875000,2156250000,1824218750,2214843750,1617187500,1859375000,2437500000,1539062500,2066796874,2066796874,10
2025-10-24 22:35:15,10139,pairwise,LinkedCells,1.000000,lc_c04_combined_SoA,none,SoA,enabled,2042968750,1757812500,2347656250,2304687500,2234375000,2417968750,2421875000,1726562500,2339843750,2222656250,2181640624,2181640624,10
2025-10-24 22:35:15,10149,pairwise,LinkedCells,1.000000,lc_c08,none,AoS,disabled,3191406250,3121093750,3156250000,3210937500,3285156250,3359375000,3171875000,3179687500,3351562500,3152343750,3217968749,3217968749,10
2025-10-24 22:35:15,10159,pairwise,LinkedCells,1.000000,lc_c08,none,AoS,enabled,3167968750,3093750000,3105468750,3125000000,3191406250,3199218750,3242187500,3218750000,3148437500,3171875000,3166406249,3166406249,10
2025-10-24 22:35:16,10169,pairwise,LinkedCells,1.000000,lc_c08,none,SoA,disabled,4246093750,4273437500,4136718750,4097656250,4140625000,4230468750,4285156250,4250000000,4085937500,4250000000,4199609374,4199609374,10
2025-10-24 22:35:16,10179,pairwise,LinkedCells,1.000000,lc_c08,none,SoA,enabled,4195312500,4046875000,4101562500,4167968750,4171875000,4152343750,4292968750,4179687500,4136718750,4292968750,4173828124,4173828124,10
2025-10-24 22:35:16,10189,pairwise,LinkedCells,1.000000,lc_c18,none,AoS,disabled,3472656250,3164062500,3304687500,3125000000,3347656250,3210937500,3343750000,3367187500,3199218750,3136718750,3267187499,3267187499,10
2025-10-24 22:35:16,10199,pairwise,LinkedCells,1.000000,lc_c18,none,AoS,enabled,3226562500,3210937500,3246093750,3128906250,3167968750,3339843750,3281250000,3320312500,3363281250,3328125000,3261328124,3261328124,10
2025-10-24 22:35:17,10209,pairwise,LinkedCells,1.000000,lc_c18,none,SoA,disabled,3796875000,4000000000,4050781250,3988281250,4003906250,3964843750,4046875000,4085937500,3933593750,3812500000,3968359374,3968359374,10
2025-10-24 22:35:17,10219,pairwise,LinkedCells,1.000000,lc_c18,none,SoA,enabled,4078125000,4042968750,4042968750,3894531250,4035156250,3839843750,3937500000,4031250000,3730468750,3957031250,3958984374,3958984374,10
2025-10-24 22:35:17,10229,pairwise,VerletLists,0.500000,vl_list_iteration,none,AoS,disabled,6011718750,332031250,148437500,332031250,191406250,113281250,144531250,343750000,125000000,136718750,787890624,787890624,10
2025-10-24 22:35:17,10239,pairwise,VerletLists,0.500000,vl_list_iteration,none,SoA,disabled,9492187500,1648437500,1648437500,1605468750,1523437500,1511718750,1460937500,1660156250,1597656250,1605468750,2375390624,2375390624,10
2025-10-24 22:35:17,10249,pairwise,VerletLists,1.000000,vl_list_iteration,none,AoS,disabled,6027343750,0,285156250,121093750,148437500,210937500,0,136718750,371093750,222656250,752343749,752343749,10
2025-10-24 22:35:18,10259,pairwise,VerletLists,1.000000,vl_list_iteration,none,SoA,disabled,9472656250,1476562500,1617187500,1675781250,1492187500,1519531250,1480468750,1625000000,1597656250,1640625000,2359765624,2359765624,10
2025-10-24 22:35:18,10269,pairwise,VerletListsCells,0.500000,vlc_c01,none,AoS,disabled,12839843750,2964843750,2980468750,3046875000,3011718750,2988281250,2859375000,2863281250,3078125000,2847656250,3948046874,3948046874,10
2025-10-24 22:35:18,10279,pairwise,VerletListsCells,0.500000,vlc_c01,none,SoA,disabled,17503906250,4609375000,4414062500,4523437500,4695312500,4511718750,4628906250,4722656250,4511718750,4394531250,5851562499,5851562499,10
2025-10-24 22:35:18,10289,pairwise,VerletListsCells,0.500000,vlc_c18,none,AoS,disabled,9031250000,3285156250,3277343750,3257812500,3265625000,3257812500,3328125000,3351562500,3121093750,3292968750,3846874999,3846874999,10
2025-10-24 22:35:19,10299,pairwise,VerletListsCells,0.500000,vlc_c18,none,AoS,enabled,8949218750,3480468750,3195312500,3359375000,3167968750,3289062500,3257812500,3328125000,3332031250,3277343750,3863671874,3863671874,10
2025-10-24 22:35:19,10309,pairwise,VerletListsCells,0.500000,vlc_c18,none,SoA,disabled,15867187500,4945312500,5085937500,4804687500,5050781250,4820312500,4828125000,4890625000,4910156250,5027343750,6023046874,6023046874,10
2025-10-24 22:35:19,10319,pairwise,VerletListsCells,0.500000,vlc_c18,none,SoA,enabled,14042968750,4843750000,4789062500,4761718750,4800781250,4859375000,4839843750,5035156250,4851562500,4886718750,5771093749,5771093749,10
2025-10-24 22:35:20,10329,pairwise,VerletListsCells,0.500000,vlc_c08,none,AoS,disabled,7648437500,3132812500,3117187500,2972656250,2832031250,3101562500,3125000000,3113281250,3093750000,3117187500,3525390624,3525390624,10
2025-10-24 22:35:20,10339,pairwise,VerletListsCells,0.500000,vlc_c08,none,AoS,enabled,7269531250,2933593750,3074218750,2949218750,2921875000,3074218750,3183593750,2964843750,2964843750,2957031250,3429296874,3429296874,10
2025-10-24 22:35:20,10349,pairwise,VerletListsCells,0.500000,vlc_c08,none,SoA,disabled,13613281250,4808593750,4832031250,4675781250,4687500000,4843750000,4621093750,4671875000,4835937500,4839843750,5642968749,5642968749,10
2025-10-24 22:35:20,10359,pairwise,VerletListsCells,0.500000,vlc_c08,none,SoA,enabled,12632812500,4609375000,4757812500,4683593750,4523437500,4714843750,4820312500,4664062500,4574218750,4742187500,5472265624,5472265624,10
2025-10-24 22:35:21,10369,pairwise,VerletListsCells,0.500000,vlc_sliced,none,AoS,disabled,6789062500,1007812500,1363281250,1226562500,1257812500,1277343750,1156250000,1230468750,1234375000,1277343750,1782031249,1782031249,10
2025-10-24 22:35:21,10379,pairwise,VerletListsCells,0.500000,vlc_sliced,none,AoS,enabled,6289062500,601562500,648437500,609375000,625000000,691406250,613281250,472656250,695312500,605468750,1185156249,1185156249,10
2025-10-24 22:35:21,10389,pairwise,VerletListsCells,0.500000,vlc_sliced,none,SoA,disabled,13558593750,2589843750,2644531250,2546875000,2867187500,2707031250,2683593750,2621093750,2656250000,2812500000,3768749999,3768749999,10
2025-10-24 22:35:21,10399,pairwise,VerletListsCells,0.500000,vlc_sliced,none,SoA,enabled,11316406250,2316406250,2171875000,2308593750,2019531250,2210937500,1960937500,2261718750,1972656250,2253906250,3079296875,3079296875,10
2025-10-24 22:35:21,10409,pairwise,VerletListsCells,0.500000,vlc_sliced_c02,none,AoS,disabled,7347656250,1554687500,1640625000,1625000000,1406250000,1667968750,1578125000,1343750000,1554687500,1414062500,2113281249,2113281249,10
2025-10-24 22:35:21,10419,pairwise,VerletListsCells,0.500000,vlc_sliced_c02,none,AoS,enabled,6042968750,652343750,800781250,648437500,882812500,707031250,593750000,761718750,765625000,914062500,1276953124,1276953124,10
2025-10-24 22:35:22,10429,pairwise,VerletListsCells,0.500000,vlc_sliced_c02,none,SoA,disabled,13652343750,3078125000,2898437500,3128906250,2988281250,2996093750,2996093750,3000000000,2949218750,3007812500,4069531249,4069531249,10
2025-10-24 22:35:22,10439,pairwise,VerletListsCells,0.500000,vlc_sliced_c02,none,SoA,enabled,11253906250,2105468750,2347656250,2398437500,2292968750,2304687500,2347656250,2359375000,2351562500,2363281250,3212499999,3212499999,10
2025-10-24 22:35:22,10449,pairwise,VerletListsCells,1.000000,vlc_c01,none,AoS,disabled,12828125000,3089843750,2875000000,2808593750,2785156250,2828125000,2828125000,2863281250,3097656250,2847656250,3885156249,3885156249,10
2025-10-24 22:35:23,10459,pairwise,VerletListsCells,1.000000,vlc_c01,none,SoA,disabled,17410156250,4585937500,4328125000,4492187500,4300781250,4343750000,4449218750,4484375000,4441406250,4445312500,5728124999,5728124999,10
2025-10-24 22:35:23,10469,pairwise,VerletListsCells,1.000000,vlc_c18,none,AoS,disabled,8863281250,3152343750,3296875000,3140625000,3496093750,3203125000,3230468750,3285156250,3140625000,3500000000,3830859374,3830859374,10
2025-10-24 22:35:23,10479,pairwise,VerletListsCells,1.000000,vlc_c18,none,AoS,enabled,8898437500,3226562500,3292968750,3121093750,3152343750,3160156250,3273437500,3437500000,3234375000,3410156250,3820703124,3820703124,10
2025-10-24 22:35:23,10489,pairwise,VerletListsCells,1.000000,vlc_c18,none,SoA,disabled,15523437500,5062500000,4882812500,4750000000,4992187500,4902343750,4894531250,5011718750,4925781250,5007812500,5995312499,5995312499,10
2025-10-24 22:35:24,10499,pairwise,VerletListsCells,1.000000,vlc_c18,none,SoA,enabled,13949218750,5046875000,4867187500,4761718750,4835937500,4789062500,4765625000,4781250000,4726562500,4839843750,5736328124,5736328124,10
2025-10-24 22:35:24,10509,pairwise,VerletListsCells,1.000000,vlc_c08,none,AoS,disabled,7316406250,3261718750,3175781250,3152343750,3003906250,3101562500,2968750000,3093750000,3148437500,3070312500,3529296874,3529296874,10
2025-10-24 22:35:24,10519,pairwise,VerletListsCells,1.000000,vlc_c08,none,AoS,enabled,7308593750,3121093750,3269531250,2937500000,3140625000,3132812500,3082031250,3140625000,3093750000,3148437500,3537499999,3537499999,10
2025-10-24 22:35:24,10529,pairwise,VerletListsCells,1.000000,vlc_c08,none,SoA,disabled,13445312500,4804687500,4726562500,4449218750,4703125000,4789062500,4574218750,4738281250,4683593750,4582031250,5549609374,5549609374,10
2025-10-24 22:35:25,10539,pairwise,VerletListsCells,1.000000,vlc_c08,none,SoA,enabled,12445312500,4593750000,4707031250,4636718750,4691406250,4804687500,4472656250,4734375000,4488281250,4773437500,5434765624,5434765624,10
2025-10-24 22:35:25,10549,pairwise,VerletListsCells,1.000000,vlc_sliced,none,AoS,disabled,6960937500,1261718750,1281250000,1371093750,1167968750,1125000000,988281250,1296875000,1308593750,1339843750,1810156249,1810156249,10
2025-10-24 22:35:25,10559,pairwise,VerletListsCells,1.000000,vlc_sliced,none,AoS,enabled,6097656250,714843750,796875000,507812500,519531250,539062500,449218750,515625000,585937500,593750000,1132031249,1132031249,10
2025-10-24 22:35:25,10569,pairwise,VerletListsCells,1.000000,vlc_sliced,none,SoA,disabled,13445312500,2578125000,2632812500,2695312500,2640625000,2695312500,2804687500,2703125000,2761718750,2500000000,3745703125,3745703125,10
2025-10-24 22:35:25,10579,pairwise,VerletListsCells,1.000000,vlc_sliced,none,SoA,enabled,11347656250,2113281250,1992187500,2128906250,1976562500,2304687500,2136718750,2039062500,1964843750,2035156250,3003906249,3003906249,10
2025-10-24 22:35:26,10589,pairwise,VerletListsCells,1.000000,vlc_sliced_c02,none,AoS,disabled,7171875000,1425781250,1500000000,1621093750,1445312500,1472656250,1695312500,1652343750,1453125000,1664062500,2110156249,2110156249,10
2025-10-24 22:35:26,10599,pairwise,VerletListsCells,1.000000,vlc_sliced_c02,none,AoS,enabled,6281250000,796875000,800781250,753906250,644531250,742187500,632812500,710937500,769531250,671875000,1280468749,1280468749,10
2025-10-24 22:35:26,10609,pairwise,VerletListsCells,1.000000,vlc_sliced_c02,none,SoA,disabled,13593750000,2933593750,2964843750,2824218750,2714843750,2976562500,2835937500,2882812500,2878906250,2914062500,3951953124,3951953124,10
2025-10-24 22:35:26,10619,pairwise,VerletListsCells,1.000000,vlc_sliced_c02,none,SoA,enabled,11175781250,2207031250,2121093750,2113281250,2167968750,2164062500,2171875000,2261718750,2257812500,2230468750,3087109374,3087109374,10
2025-10-24 22:35:27,10629,pairwise,PairwiseVerletLists,0.500000,vlp_c01,none,AoS,disabled,15160156250,2949218750,3199218750,2925781250,3046875000,3019531250,3062500000,3039062500,3101562500,3121093750,4262499999,4262499999,10
2025-10-24 22:35:27,10639,pairwise,PairwiseVerletLists,0.500000,vlp_c01,none,SoA,disabled,30855468750,5085937500,4933593750,4816406250,4894531250,5062500000,4992187500,4910156250,5089843750,4933593750,7557421875,7557421875,10
2025-10-24 22:35:27,10649,pairwise,PairwiseVerletLists,0.500000,vlp_c18,none,AoS,disabled,12910156250,3496093750,3511718750,3503906250,3503906250,3234375000,3453125000,3347656250,3304687500,3296875000,4356249999,4356249999,10
2025-10-24 22:35:27,10659,pairwise,PairwiseVerletLists,0.500000,vlp_c18,none,AoS,enabled,12570312500,3550781250,3324218750,3527343750,3406250000,3488281250,3558593750,3613281250,3496093750,3535156250,4407031250,4407031250,10
2025-10-24 22:35:28,10669,pairwise,PairwiseVerletLists,0.500000,vlp_c18,none,SoA,disabled,35136718750,5496093750,5128906250,5269531250,5511718750,5339843750,5460937500,5621093750,5363281250,5378906250,8370703124,8370703124,10
2025-10-24 22:35:28,10679,pairwise,PairwiseVerletLists,0.500000,vlp_c18,none,SoA,enabled,32542968750,5238281250,5414062500,5410156250,5406250000,5140625000,5332031250,5425781250,5218750000,5335937500,8046484374,8046484374,10
2025-10-24 22:35:28,10689,pairwise,PairwiseVerletLists,0.500000,vlp_sliced,none,AoS,disabled,11320312500,1769531250,1710937500,1875000000,1675781250,1832031250,1679687500,1886718750,1765625000,1695312500,2721093750,2721093750,10
2025-10-24 22:35:29,10699,pairwise,PairwiseVerletLists,0.500000,vlp_sliced,none,AoS,enabled,10101562500,1062500000,1109375000,1042968750,988281250,1050781250,988281250,1222656250,1105468750,945312500,1961718749,1961718749,10
2025-10-24 22:35:29,10709,pairwise,PairwiseVerletLists,0.500000,vlp_sliced,none,SoA,disabled,33156250000,3617187500,3660156250,3707031250,3851562500,3828125000,3804687500,3730468750,3773437500,3824218750,6695312499,6695312499,10
2025-10-24 22:35:29,10719,pairwise,PairwiseVerletLists,0.500000,vlp_sliced,none,SoA,enabled,30496093750,3359375000,3082031250,3191406250,3179687500,3355468750,3187500000,3347656250,3136718750,3210937500,5954687499,5954687499,10
2025-10-24 22:35:29,10729,pairwise,PairwiseVerletLists,0.500000,vlp_sliced_c02,none,AoS,disabled,11703125000,2078125000,2074218750,2023437500,2042968750,2058593750,2042968750,2128906250,2085937500,1984375000,3022265624,3022265624,10
2025-10-24 22:35:30,10739,pairwise,PairwiseVerletLists,0.500000,vlp_sliced_c02,none,AoS,enabled,10488281250,1296875000,1117187500,1257812500,1218750000,1386718750,1316406250,1117187500,1363281250,1164062500,2172656249,2172656249,10
2025-10-24 22:35:30,10749,pairwise,PairwiseVerletLists,0.500000,vlp_sliced_c02,none,SoA,disabled,33988281250,4023437500,4160156250,4097656250,4367187500,4144531250,4179687500,4179687500,4304687500,4195312500,7164062500,7164062500,10
2025-10-24 22:35:30,10759,pairwise,PairwiseVerletLists,0.500000,vlp_sliced_c02,none,SoA,enabled,30953125000,3496093750,3406250000,3527343750,3519531250,3687500000,3449218750,3460937500,3375000000,3531250000,6240624999,6240624999,10
2025-10-24 22:35:31,10769,pairwise,PairwiseVerletLists,1.000000,vlp_c01,none,AoS,disabled,15187500000,3085937500,3000000000,2937500000,3062500000,3046875000,3187500000,3062500000,3078125000,3050781250,4269921874,4269921874,10
2025-10-24 22:35:31,10779,pairwise,PairwiseVerletLists,1.000000,vlp_c01,none,SoA,disabled,30457031250,4917968750,5011718750,5191406250,4941406250,4890625000,5136718750,5023437500,5031250000,5011718750,7561328124,7561328124,10
2025-10-24 22:35:31,10789,pairwise,PairwiseVerletLists,1.000000,vlp_c18,none,AoS,disabled,12839843750,3531250000,3500000000,3535156250,3480468750,3433593750,3453125000,3523437500,3472656250,3335937500,4410546874,4410546874,10
2025-10-24 22:35:32,10799,pairwise,PairwiseVerletLists,1.000000,vlp_c18,none,AoS,enabled,12425781250,3468750000,3621093750,3574218750,3437500000,3441406250,3304687500,3507812500,3492187500,3472656250,4374609374,4374609374,10
2025-10-24 22:35:32,10809,pairwise,PairwiseVerletLists,1.000000,vlp_c18,none,SoA,disabled,35789062500,5437500000,5375000000,5429687500,5468750000,5437500000,5523437500,5585937500,5332031250,5593750000,8497265625,8497265625,10
2025-10-24 22:35:32,10819,pairwise,PairwiseVerletLists,1.000000,vlp_c18,none,SoA,enabled,32769531250,5527343750,5390625000,5378906250,5359375000,5406250000,5554687500,5507812500,5492187500,5398437500,8178515624,8178515624,10
2025-10-24 22:35:33,10829,pairwise,PairwiseVerletLists,1.000000,vlp_sliced,none,AoS,disabled,11292968750,1726562500,1644531250,1835937500,1679687500,1660156250,1644531250,1617187500,1703125000,1855468750,2666015624,2666015624,10
2025-10-24 22:35:33,10839,pairwise,PairwiseVerletLists,1.000000,vlp_sliced,none,AoS,enabled,10238281250,1332031250,1093750000,1160156250,1039062500,1109375000,1050781250,1054687500,984375000,992187500,2005468749,2005468749,10
2025-10-24 22:35:33,10849,pairwise,PairwiseVerletLists,1.000000,vlp_sliced,none,SoA,disabled,33179687500,3808593750,3671875000,3855468750,3691406250,3820312500,3835937500,3750000000,3695312500,3683593750,6699218749,6699218749,10
2025-10-24 22:35:33,10859,pairwise,PairwiseVerletLists,1.000000,vlp_sliced,none,SoA,enabled,30531250000,3394531250,3347656250,3105468750,3105468750,3039062500,3242187500,3289062500,3109375000,3167968750,5933203124,5933203124,10
2025-10-24 22:35:34,10869,pairwise,PairwiseVerletLists,1.000000,vlp_sliced_c02,none,AoS,disabled,11714843750,2195312500,2070312500,2199218750,2144531250,1953125000,2191406250,2312500000,2058593750,2207031250,3104687499,3104687499,10
2025-10-24 22:35:34,10879,pairwise,PairwiseVerletLists,1.000000,vlp_sliced_c02,none,AoS,enabled,10359375000,1250000000,1328125000,1347656250,1300781250,1339843750,1429687500,1187500000,1363281250,1406250000,2231250000,2231250000,10
2025-10-24 22:35:34,10889,pairwise,PairwiseVerletLists,1.000000,vlp_sliced_c02,none,SoA,disabled,33707031250,4152343750,4156250000,4128906250,4027343750,4160156250,4136718750,4011718750,4281250000,4183593750,7094531249,7094531249,10
2025-10-24 22:35:35,10899,pairwise,PairwiseVerletLists,1.000000,vlp_sliced_c02,none,SoA,enabled,30601562500,3328125000,3468750000,3472656250,3464843750,3523437500,3625000000,3449218750,3390625000,3480468750,6180468749,6180468749,10
2025-10-24 22:37:48,20009,pairwise,LinkedCells,0.500000,lc_c08,none,AoS,disabled,27335937500,27429687500,27468750000,27773437500,27781250000,27554687500,27812500000,27609375000,27718750000,27710937500,27619531249,27619531249,10
2025-10-24 22:37:50,20019,pairwise,LinkedCells,0.500000,lc_c08,none,AoS,enabled,27609375000,27578125000,27648437500,27578125000,27578125000,27539062500,27585937500,27593750000,27640625000,27406250000,27575781249,27575781249,10
2025-10-24 22:37:52,20029,pairwise,LinkedCells,0.500000,lc_c08,none,SoA,disabled,47226562500,46546875000,46843750000,47070312500,47789062500,46828125000,46937500000,47000000000,46546875000,46695312500,46948437499,46948437499,10
2025-10-24 22:37:54,20039,pairwise,LinkedCells,0.500000,lc_c08,none,SoA,enabled,46671875000,47257812500,47523437500,47492187500,46687500000,46632812500,46523437500,46492187500,46703125000,46812500000,46879687499,46879687499,10
2025-10-24 22:37:56,20049,pairwise,LinkedCells,0.500000,lc_c18,none,AoS,disabled,26601562500,26656250000,26585937500,26437500000,26726562500,26781250000,26554687500,26437500000,26468750000,26710937500,26596093749,26596093749,10
2025-10-24 22:37:58,20059,pairwise,LinkedCells,0.500000,lc_c18,none,AoS,enabled,26507812500,26382812500,26468750000,26546875000,26570312500,26429687500,26562500000,26484375000,26671875000,26601562500,26522656249,26522656249,10
2025-10-24 22:38:00,20069,pairwise,LinkedCells,0.500000,lc_c18,none,SoA,disabled,34609375000,34609375000,34640625000,34679687500,34585937500,34578125000,34531250000,34664062500,34757812500,34695312500,34635156249,34635156249,10
2025-10-24 22:38:02,20079,pairwise,LinkedCells,0.500000,lc_c18,none,SoA,enabled,34929687500,34804687500,34664062500,34484375000,34453125000,34531250000,34523437500,34335937500,34335937500,34539062500,34560156249,34560156249,10
2025-10-24 22:38:02,20089,pairwise,LinkedCells,1.000000,lc_c04,none,AoS,disabled,953125000,820312500,671875000,867187500,867187500,742187500,710937500,773437500,765625000,953125000,812500000,812500000,10
2025-10-24 22:38:02,20099,pairwise,LinkedCells,1.000000,lc_c04,none,AoS,enabled,453125000,578125000,625000000,695312500,679687500,687500000,781250000,500000000,742187500,625000000,636718749,636718749,10
2025-10-24 22:38:03,20109,pairwise,LinkedCells,1.000000,lc_c04,none,SoA,disabled,1585937500,1320312500,1468750000,1640625000,1601562500,1617187500,1640625000,1484375000,1734375000,1656250000,1574999999,1574999999,10
2025-10-24 22:38:03,20119,pairwise,LinkedCells,1.000000,lc_c04,none,SoA,enabled,1226562500,1328125000,1546875000,1453125000,1242187500,1460937500,1617187500,1414062500,1648437500,1492187500,1442968749,1442968749,10
2025-10-24 22:38:03,20129,pairwise,LinkedCells,1.000000,lc_c04_combined_SoA,none,SoA,disabled,2468750000,2085937500,2109375000,2445312500,2078125000,2398437500,2359375000,2023437500,2531250000,2148437500,2264843750,2264843750,10
2025-10-24 22:38:03,20139,pairwise,LinkedCells,1.000000,lc_c04_combined_SoA,none,SoA,enabled,2164062500,2015625000,2546875000,2312500000,2328125000,2187500000,2281250000,1937500000,2445312500,2382812500,2260156249,2260156249,10
2025-10-24 22:38:03,20149,pairwise,LinkedCells,1.000000,lc_c08,none,AoS,disabled,3375000000,3125000000,3226562500,3117187500,3164062500,3382812500,3500000000,3343750000,3234375000,3218750000,3268749999,3268749999,10
2025-10-24 22:38:04,20159,pairwise,LinkedCells,1.000000,lc_c08,none,AoS,enabled,3125000000,3039062500,3531250000,3460937500,3312500000,3156250000,3265625000,3203125000,3148437500,3109375000,3235156249,3235156249,10
2025-10-24 22:38:04,20169,pairwise,LinkedCells,1.000000,lc_c08,none,SoA,disabled,4281250000,4289062500,4218750000,4367187500,4218750000,4250000000,4296875000,4250000000,4242187500,4187500000,4260156250,4260156250,10
2025-10-24 22:38:04,20179,pairwise,LinkedCells,1.000000,lc_c08,none,SoA,enabled,4250000000,4289062500,4281250000,4132812500,4250000000,4210937500,4265625000,4234375000,4179687500,4164062500,4225781249,4225781249,10
2025-10-24 22:38:04,20189,pairwise,LinkedCells,1.000000,lc_c18,none,AoS,disabled,3273437500,3421875000,3171875000,3484375000,3210937500,3437500000,3273437500,3148437500,3328125000,3320312500,3307031249,3307031249,10
2025-10-24 22:38:05,20199,pairwise,LinkedCells,1.000000,lc_c18,none,AoS,enabled,3226562500,3195312500,3335937500,3164062500,3414062500,3148437500,3406250000,3164062500,3320312500,3250000000,3262499999,3262499999,10
2025-10-24 22:38:05,20209,pairwise,LinkedCells,1.000000,lc_c18,none,SoA,disabled,4046875000,4085937500,4031250000,4109375000,3992187500,4093750000,4187500000,3812500000,4078125000,4046875000,4048437499,4048437499,10
2025-10-24 22:38:05,20219,pairwise,LinkedCells,1.000000,lc_c18,none,SoA,enabled,3804687500,3914062500,4078125000,3945312500,3835937500,3765625000,4054687500,4007812500,4085937500,4007812500,3949999999,3949999999,10
2025-10-24 22:38:05,20229,pairwise,VerletLists,0.500000,vl_list_iteration,none,AoS,disabled,6015625000,351562500,132812500,117187500,132812500,320312500,0,210937500,351562500,0,763281250,763281250,10
2025-10-24 22:38:05,20239,pairwise,VerletLists,0.500000,vl_list_iteration,none,SoA,disabled,9062500000,1500000000,1609375000,1304687500,1578125000,1484375000,1335937500,1539062500,1453125000,1328125000,2219531249,2219531249,10
2025-10-24 22:38:06,20249,pairwise,VerletLists,1.000000,vl_list_iteration,none,AoS,disabled,6000000000,343750000,148437500,265625000,156250000,359375000,171875000,125000000,0,328125000,789843750,789843750,10
2025-10-24 22:38:06,20259,pairwise,VerletLists,1.000000,vl_list_iteration,none,SoA,disabled,9085937500,1507812500,1585937500,1617187500,1320312500,1570312500,1640625000,1312500000,1468750000,1617187500,2272656250,2272656250,10
2025-10-24 22:38:06,20269,pairwise,VerletListsCells,0.500000,vlc_c01,none,AoS,disabled,12484375000,2890625000,3125000000,2835937500,3062500000,2984375000,3015625000,2796875000,3164062500,2875000000,3923437499,3923437499,10
2025-10-24 22:38:06,20279,pairwise,VerletListsCells,0.500000,vlc_c01,none,SoA,disabled,16976562500,4437500000,4335937500,4343750000,4156250000,4289062500,4484375000,4437500000,4281250000,4125000000,5586718749,5586718749,10
2025-10-24 22:38:07,20289,pairwise,VerletListsCells,0.500000,vlc_c18,none,AoS,disabled,8984375000,3445312500,3125000000,3164062500,3265625000,3265625000,3289062500,3078125000,3367187500,3250000000,3823437500,3823437500,10
2025-10-24 22:38:07,20299,pairwise,VerletListsCells,0.500000,vlc_c18,none,AoS,enabled,8687500000,3140625000,3390625000,3078125000,3429687500,3132812500,3492187500,3140625000,3445312500,3437500000,3837499999,3837499999,10
2025-10-24 22:38:07,20309,pairwise,VerletListsCells,0.500000,vlc_c18,none,SoA,disabled,14765625000,4851562500,4859375000,4750000000,5085937500,4828125000,4921875000,4726562500,4843750000,4789062500,5842187499,5842187499,10
2025-10-24 22:38:07,20319,pairwise,VerletListsCells,0.500000,vlc_c18,none,SoA,enabled,13554687500,4750000000,4750000000,4773437500,4781250000,4804687500,4921875000,4750000000,4968750000,4796875000,5685156249,5685156249,10
2025-10-24 22:38:08,20329,pairwise,VerletListsCells,0.500000,vlc_c08,none,AoS,disabled,7437500000,3109375000,3078125000,3070312500,3125000000,3054687500,3093750000,3140625000,2914062500,3085937500,3510937499,3510937499,10
2025-10-24 22:38:08,20339,pairwise,VerletListsCells,0.500000,vlc_c08,none,AoS,enabled,7250000000,3093750000,3101562500,3085937500,3109375000,3039062500,3101562500,3226562500,3054687500,3054687500,3511718749,3511718749,10
2025-10-24 22:38:08,20349,pairwise,VerletListsCells,0.500000,vlc_c08,none,SoA,disabled,12656250000,4640625000,4781250000,4734375000,4812500000,4671875000,4632812500,4851562500,4835937500,4664062500,5528124999,5528124999,10
2025-10-24 22:38:09,20359,pairwise,VerletListsCells,0.500000,vlc_c08,none,SoA,enabled,12226562500,4656250000,4789062500,4882812500,4726562500,4531250000,4742187500,4664062500,4507812500,4789062500,5451562499,5451562499,10
2025-10-24 22:38:09,20369,pairwise,VerletListsCells,0.500000,vlc_sliced,none,AoS,disabled,6351562500,335937500,570312500,648437500,578125000,617187500,484375000,632812500,296875000,601562500,1111718749,1111718749,10
2025-10-24 22:38:09,20379,pairwise,VerletListsCells,0.500000,vlc_sliced,none,AoS,enabled,5679687500,132812500,289062500,125000000,132812500,109375000,289062500,351562500,343750000,0,745312499,745312499,10
2025-10-24 22:38:09,20389,pairwise,VerletListsCells,0.500000,vlc_sliced,none,SoA,disabled,11945312500,1914062500,2085937500,1906250000,1976562500,2007812500,1953125000,2039062500,2156250000,1835937500,2982031249,2982031249,10
2025-10-24 22:38:09,20399,pairwise,VerletListsCells,0.500000,vlc_sliced,none,SoA,enabled,10335937500,1953125000,1664062500,1937500000,1718750000,1664062500,1726562500,1812500000,1593750000,1968750000,2637499999,2637499999,10
2025-10-24 22:38:09,20409,pairwise,VerletListsCells,0.500000,vlc_sliced_c02,none,AoS,disabled,6156250000,593750000,656250000,648437500,414062500,437500000,656250000,593750000,617187500,562500000,1133593749,1133593749,10
2025-10-24 22:38:10,20419,pairwise,VerletListsCells,0.500000,vlc_sliced_c02,none,AoS,enabled,5812500000,351562500,328125000,351562500,328125000,296875000,343750000,304687500,328125000,304687500,874999999,874999999,10
2025-10-24 22:38:10,20429,pairwise,VerletListsCells,0.500000,vlc_sliced_c02,none,SoA,disabled,11757812500,2234375000,2132812500,2273437500,2007812500,2101562500,1921875000,2171875000,2054687500,2023437500,3067968749,3067968749,10
2025-10-24 22:38:10,20439,pairwise,VerletListsCells,0.500000,vlc_sliced_c02,none,SoA,enabled,10601562500,1953125000,1632812500,1703125000,1906250000,1898437500,1937500000,1695312500,1914062500,1609375000,2685156249,2685156249,10
2025-10-24 22:38:10,20449,pairwise,VerletListsCells,1.000000,vlc_c01,none,AoS,disabled,12609375000,3031250000,2789062500,2742187500,3046875000,2789062500,2960937500,3140625000,2851562500,2812500000,3877343749,3877343749,10
2025-10-24 22:38:11,20459,pairwise,VerletListsCells,1.000000,vlc_c01,none,SoA,disabled,17304687500,4687500000,4437500000,4750000000,4578125000,4609375000,4632812500,4484375000,4742187500,4812500000,5903906249,5903906249,10
2025-10-24 22:38:11,20469,pairwise,VerletListsCells,1.000000,vlc_c18,none,AoS,disabled,9156250000,3476562500,3328125000,3187500000,3453125000,3171875000,3296875000,3375000000,3257812500,3328125000,3903124999,3903124999,10
2025-10-24 22:38:11,20479,pairwise,VerletListsCells,1.000000,vlc_c18,none,AoS,enabled,8929687500,3421875000,3148437500,3218750000,3421875000,3250000000,3257812500,3132812500,3390625000,3281250000,3845312499,3845312499,10
2025-10-24 22:38:11,20489,pairwise,VerletListsCells,1.000000,vlc_c18,none,SoA,disabled,14578125000,5070312500,4750000000,4687500000,4921875000,4750000000,4789062500,4804687500,4867187500,4937500000,5815624999,5815624999,10
2025-10-24 22:38:12,20499,pairwise,VerletListsCells,1.000000,vlc_c18,none,SoA,enabled,13664062500,4679687500,4953125000,4851562500,4828125000,5117187500,4914062500,4812500000,5023437500,4828125000,5767187499,5767187499,10
2025-10-24 22:38:12,20509,pairwise,VerletListsCells,1.000000,vlc_c08,none,AoS,disabled,7046875000,3148437500,3085937500,3109375000,3093750000,3093750000,3125000000,3148437500,3039062500,3109375000,3499999999,3499999999,10
2025-10-24 22:38:12,20519,pairwise,VerletListsCells,1.000000,vlc_c08,none,AoS,enabled,7234375000,2921875000,2929687500,3070312500,3062500000,3062500000,3078125000,3132812500,3132812500,3007812500,3463281249,3463281249,10
2025-10-24 22:38:12,20529,pairwise,VerletListsCells,1.000000,vlc_c08,none,SoA,disabled,12578125000,4632812500,4640625000,4773437500,4796875000,4734375000,4679687500,4570312500,4804687500,4726562500,5493749999,5493749999,10
2025-10-24 22:38:13,20539,pairwise,VerletListsCells,1.000000,vlc_c08,none,SoA,enabled,12343750000,4609375000,4593750000,4710937500,4421875000,4742187500,4656250000,4632812500,4765625000,4484375000,5396093749,5396093749,10
2025-10-24 22:38:13,20549,pairwise,VerletListsCells,1.000000,vlc_sliced,none,AoS,disabled,5984375000,468750000,484375000,398437500,476562500,632812500,468750000,406250000,468750000,523437500,1031249999,1031249999,10
2025-10-24 22:38:13,20559,pairwise,VerletListsCells,1.000000,vlc_sliced,none,AoS,enabled,5648437500,242187500,234375000,218750000,93750000,296875000,109375000,296875000,296875000,343750000,778124999,778124999,10
2025-10-24 22:38:13,20569,pairwise,VerletListsCells,1.000000,vlc_sliced,none,SoA,disabled,11945312500,2039062500,1945312500,2234375000,1960937500,2023437500,1992187500,1937500000,1843750000,1921875000,2984374999,2984374999,10
2025-10-24 22:38:13,20579,pairwise,VerletListsCells,1.000000,vlc_sliced,none,SoA,enabled,10460937500,1679687500,1921875000,1648437500,1890625000,1617187500,1632812500,1812500000,1679687500,1914062500,2625781249,2625781249,10
2025-10-24 22:38:14,20589,pairwise,VerletListsCells,1.000000,vlc_sliced_c02,none,AoS,disabled,6304687500,585937500,593750000,679687500,648437500,585937500,390625000,539062500,687500000,679687500,1169531249,1169531249,10
2025-10-24 22:38:14,20599,pairwise,VerletListsCells,1.000000,vlc_sliced_c02,none,AoS,enabled,5632812500,367187500,335937500,445312500,312500000,132812500,164062500,281250000,117187500,484375000,827343749,827343749,10
2025-10-24 22:38:14,20609,pairwise,VerletListsCells,1.000000,vlc_sliced_c02,none,SoA,disabled,11921875000,1976562500,2242187500,2039062500,2320312500,2171875000,1984375000,2335937500,2031250000,2015625000,3103906249,3103906249,10
2025-10-24 22:38:14,20619,pairwise,VerletListsCells,1.000000,vlc_sliced_c02,none,SoA,enabled,10664062500,1710937500,1859375000,1929687500,1843750000,1859375000,1960937500,1757812500,1890625000,1835937500,2731249999,2731249999,10
2025-10-24 22:38:14,20629,pairwise,PairwiseVerletLists,0.500000,vlp_c01,none,AoS,disabled,14179687500,3148437500,3117187500,3187500000,3078125000,3148437500,3195312500,3140625000,3164062500,3210937500,4257031249,4257031249,10
2025-10-24 22:38:15,20639,pairwise,PairwiseVerletLists,0.500000,vlp_c01,none,SoA,disabled,29640625000,5085937500,5031250000,5164062500,5031250000,4906250000,4914062500,5101562500,4851562500,4984375000,7471093750,7471093750,10
2025-10-24 22:38:15,20649,pairwise,PairwiseVerletLists,0.500000,vlp_c18,none,AoS,disabled,12125000000,3507812500,3515625000,3437500000,3460937500,3460937500,3445312500,3687500000,3406250000,3539062500,4358593749,4358593749,10
2025-10-24 22:38:15,20659,pairwise,PairwiseVerletLists,0.500000,vlp_c18,none,AoS,enabled,12234375000,3515625000,3523437500,3523437500,3382812500,3500000000,3531250000,3539062500,3500000000,3429687500,4367968749,4367968749,10
2025-10-24 22:38:16,20669,pairwise,PairwiseVerletLists,0.500000,vlp_c18,none,SoA,disabled,33843750000,5492187500,5539062500,5492187500,5492187500,5500000000,5531250000,5335937500,5500000000,5148437500,8287499999,8287499999,10
2025-10-24 22:38:16,20679,pairwise,PairwiseVerletLists,0.500000,vlp_c18,none,SoA,enabled,31617187500,5484375000,5351562500,5140625000,5148437500,5351562500,5421875000,5359375000,5226562500,5218750000,7932031249,7932031249,10
2025-10-24 22:38:16,20689,pairwise,PairwiseVerletLists,0.500000,vlp_sliced,none,AoS,disabled,9687500000,1039062500,984375000,906250000,843750000,1000000000,1000000000,1054687500,1023437500,882812500,1842187499,1842187499,10
2025-10-24 22:38:16,20699,pairwise,PairwiseVerletLists,0.500000,vlp_sliced,none,AoS,enabled,9437500000,710937500,781250000,734375000,757812500,851562500,656250000,593750000,953125000,617187500,1609374999,1609374999,10
2025-10-24 22:38:17,20709,pairwise,PairwiseVerletLists,0.500000,vlp_sliced,none,SoA,disabled,31070312500,2960937500,2992187500,2664062500,2851562500,2835937500,2679687500,2664062500,2718750000,2992187500,5642968749,5642968749,10
2025-10-24 22:38:17,20719,pairwise,PairwiseVerletLists,0.500000,vlp_sliced,none,SoA,enabled,28914062500,2968750000,2765625000,2781250000,2726562500,2640625000,2585937500,2750000000,2726562500,2687500000,5354687499,5354687499,10
2025-10-24 22:38:17,20729,pairwise,PairwiseVerletLists,0.500000,vlp_sliced_c02,none,AoS,disabled,9960937500,1312500000,1140625000,1109375000,1187500000,1125000000,1093750000,1101562500,1250000000,1007812500,2028906249,2028906249,10
2025-10-24 22:38:17,20739,pairwise,PairwiseVerletLists,0.500000,vlp_sliced_c02,none,AoS,enabled,9554687500,1031250000,851562500,609375000,828125000,1023437500,671875000,1023437500,773437500,695312500,1706249999,1706249999,10
2025-10-24 22:38:18,20749,pairwise,PairwiseVerletLists,0.500000,vlp_sliced_c02,none,SoA,disabled,31078125000,3054687500,3242187500,3078125000,3093750000,3015625000,3171875000,3062500000,3195312500,3164062500,5915624999,5915624999,10
2025-10-24 22:38:18,20759,pairwise,PairwiseVerletLists,0.500000,vlp_sliced_c02,none,SoA,enabled,29250000000,2953125000,2976562500,2632812500,2804687500,2992187500,2656250000,2679687500,2984375000,2984375000,5491406250,5491406250,10
2025-10-24 22:38:18,20769,pairwise,PairwiseVerletLists,1.000000,vlp_c01,none,AoS,disabled,13843750000,3203125000,3179687500,2968750000,2890625000,2890625000,3226562500,3195312500,2914062500,2898437500,4121093749,4121093749,10
2025-10-24 22:38:19,20779,pairwise,PairwiseVerletLists,1.000000,vlp_c01,none,SoA,disabled,29921875000,4882812500,5093750000,4828125000,4914062500,4898437500,4937500000,4898437500,4929687500,4796875000,7410156249,7410156249,10
2025-10-24 22:38:19,20789,pairwise,PairwiseVerletLists,1.000000,vlp_c18,none,AoS,disabled,12023437500,3523437500,3515625000,3460937500,3375000000,3601562500,3554687500,3585937500,3476562500,3593750000,4371093749,4371093749,10
2025-10-24 22:38:19,20799,pairwise,PairwiseVerletLists,1.000000,vlp_c18,none,AoS,enabled,12187500000,3476562500,3554687500,3453125000,3484375000,3507812500,3500000000,3437500000,3343750000,3289062500,4323437499,4323437499,10
2025-10-24 22:38:20,20809,pairwise,PairwiseVerletLists,1.000000,vlp_c18,none,SoA,disabled,33726562500,5546875000,5476562500,5507812500,5359375000,5179687500,5265625000,5523437500,5335937500,5304687500,8222656249,8222656249,10
2025-10-24 22:38:20,20819,pairwise,PairwiseVerletLists,1.000000,vlp_c18,none,SoA,enabled,31632812500,5171875000,5234375000,5406250000,5382812500,5515625000,5492187500,5484375000,5281250000,5242187500,7984374999,7984374999,10
2025-10-24 22:38:20,20829,pairwise,PairwiseVerletLists,1.000000,vlp_sliced,none,AoS,disabled,9671875000,773437500,1000000000,929687500,914062500,765625000,960937500,953125000,953125000,968750000,1789062499,1789062499,10
2025-10-24 22:38:20,20839,pairwise,PairwiseVerletLists,1.000000,vlp_sliced,none,AoS,enabled,9289062500,742187500,640625000,742187500,765625000,695312500,656250000,820312500,726562500,632812500,1571093749,1571093749,10
2025-10-24 22:38:21,20849,pairwise,PairwiseVerletLists,1.000000,vlp_sliced,none,SoA,disabled,30390625000,3062500000,2921875000,2804687500,2914062500,2906250000,2960937500,3031250000,2937500000,2984375000,5691406249,5691406249,10
2025-10-24 22:38:21,20859,pairwise,PairwiseVerletLists,1.000000,vlp_sliced,none,SoA,enabled,29031250000,2695312500,2851562500,2757812500,2687500000,2835937500,2890625000,2656250000,2703125000,2781250000,5389062499,5389062499,10
2025-10-24 22:38:21,20869,pairwise,PairwiseVerletLists,1.000000,vlp_sliced_c02,none,AoS,disabled,9984375000,1257812500,960937500,1226562500,1304687500,1031250000,1109375000,1109375000,1000000000,1093750000,2007812499,2007812499,10
2025-10-24 22:38:21,20879,pairwise,PairwiseVerletLists,1.000000,vlp_sliced_c02,none,AoS,enabled,9531250000,625000000,1023437500,796875000,585937500,898437500,953125000,804687500,843750000,945312500,1700781249,1700781249,10
2025-10-24 22:38:22,20889,pairwise,PairwiseVerletLists,1.000000,vlp_sliced_c02,none,SoA,disabled,31031250000,3062500000,3039062500,3039062500,3007812500,2968750000,3031250000,3078125000,3046875000,3015625000,5832031249,5832031249,10
2025-10-24 22:38:22,20899,pairwise,PairwiseVerletLists,1.000000,vlp_sliced_c02,none,SoA,enabled,29187500000,2671875000,2890625000,2820312500,2710937500,2703125000,2812500000,2703125000,2867187500,2757812500,5412499999,5412499999,10
2025-10-24 22:40:25,30009,pairwise,LinkedCells,0.500000,lc_c08,none,AoS,disabled,27734375000,27453125000,27453125000,27718750000,27437500000,27609375000,27515625000,27656250000,27500000000,27484375000,27556249999,27539219879,10
2025-10-24 22:40:26,30019,pairwise,LinkedCells,0.500000,lc_c08,none,AoS,enabled,27390625000,27515625000,27656250000,27468750000,27578125000,27406250000,27593750000,27390625000,27406250000,27812500000,27521874999,27506809893,10
2025-10-24 22:40:29,30029,pairwise,LinkedCells,0.500000,lc_c08,none,SoA,disabled,46812500000,46796875000,46656250000,47078125000,46671875000,46687500000,46703125000,46500000000,46687500000,46437500000,46703124999,46703124999,10
2025-10-24 22:40:31,30039,pairwise,LinkedCells,0.500000,lc_c08,none,SoA,enabled,46687500000,46468750000,46375000000,46437500000,46515625000,46484375000,46359375000,46265625000,46406250000,46328125000,46432812499,46432812499,10
2025-10-24 22:40:33,30049,pairwise,LinkedCells,0.500000,lc_c18,none,AoS,disabled,26421875000,26500000000,26406250000,26484375000,26250000000,26281250000,26406250000,26375000000,26437500000,26421875000,26398437499,26398437499,10
2025-10-24 22:40:35,30059,pairwise,LinkedCells,0.500000,lc_c18,none,AoS,enabled,26421875000,26500000000,26515625000,26500000000,26406250000,26500000000,26343750000,26328125000,26531250000,26437500000,26448437499,26426681989,10
2025-10-24 22:40:37,30069,pairwise,LinkedCells,0.500000,lc_c18,none,SoA,disabled,34718750000,34468750000,34703125000,34828125000,34500000000,34703125000,34562500000,34593750000,34453125000,34468750000,34599999999,34599999999,10
2025-10-24 22:40:39,30079,pairwise,LinkedCells,0.500000,lc_c18,none,SoA,enabled,34593750000,34562500000,34593750000,34609375000,34546875000,34781250000,34500000000,34640625000,34625000000,34546875000,34599999999,34599999999,10
2025-10-24 22:40:39,30089,pairwise,LinkedCells,1.000000,lc_c04,none,AoS,disabled,468750000,375000000,312500000,234375000,281250000,281250000,312500000,312500000,265625000,281250000,312499999,243584157,10
2025-10-24 22:40:39,30099,pairwise,LinkedCells,1.000000,lc_c04,none,AoS,enabled,359375000,140625000,234375000,328125000,281250000,500000000,468750000,140625000,125000000,328125000,290624999,253336522,10
2025-10-24 22:40:39,30109,pairwise,LinkedCells,1.000000,lc_c04,none,SoA,disabled,1796875000,1593750000,1359375000,1671875000,1609375000,1156250000,1281250000,1453125000,1640625000,1750000000,1531249999,1486803257,10
2025-10-24 22:40:39,30119,pairwise,LinkedCells,1.000000,lc_c04,none,SoA,enabled,1546875000,1265625000,1718750000,1562500000,1421875000,1609375000,1375000000,1531250000,1640625000,1609375000,1528124999,1498088359,10
2025-10-24 22:40:40,30129,pairwise,LinkedCells,1.000000,lc_c04_combined_SoA,none,SoA,disabled,2187500000,2343750000,2218750000,2437500000,2453125000,2265625000,2421875000,2468750000,2187500000,2484375000,2346874999,2346874999,10
2025-10-24 22:40:40,30139,pairwise,LinkedCells,1.000000,lc_c04_combined_SoA,none,SoA,enabled,2500000000,2453125000,2203125000,2593750000,2468750000,1796875000,2140625000,2468750000,2406250000,2218750000,2324999999,2324999999,10
2025-10-24 22:40:40,30149,pairwise,LinkedCells,1.000000,lc_c08,none,AoS,disabled,3093750000,3203125000,3203125000,3187500000,3203125000,3250000000,3203125000,3281250000,2984375000,3203125000,3181249999,3181249999,10
2025-10-24 22:40:40,30159,pairwise,LinkedCells,1.000000,lc_c08,none,AoS,enabled,3140625000,3343750000,3171875000,3203125000,3296875000,3234375000,3218750000,3187500000,3140625000,3328125000,3226562499,3226562499,10
2025-10-24 22:40:40,30169,pairwise,LinkedCells,1.000000,lc_c08,none,SoA,disabled,4234375000,4203125000,4312500000,4390625000,4390625000,4390625000,4203125000,4406250000,4406250000,4234375000,4317187499,4317187499,10
2025-10-24 22:40:41,30179,pairwise,LinkedCells,1.000000,lc_c08,none,SoA,enabled,4265625000,4140625000,4375000000,4250000000,4203125000,4187500000,4218750000,4171875000,4328125000,4250000000,4239062499,4239062499,10
2025-10-24 22:40:41,30189,pairwise,LinkedCells,1.000000,lc_c18,none,AoS,disabled,3312500000,3296875000,3312500000,3359375000,3453125000,3296875000,3250000000,3296875000,3140625000,3250000000,3296874999,3296874999,10
2025-10-24 22:40:41,30199,pairwise,LinkedCells,1.000000,lc_c18,none,AoS,enabled,3375000000,3171875000,3312500000,3296875000,3203125000,3312500000,3109375000,3281250000,3281250000,3281250000,3262500000,3262500000,10
2025-10-24 22:40:41,30209,pairwise,LinkedCells,1.000000,lc_c18,none,SoA,disabled,4015625000,4109375000,3984375000,4062500000,4062500000,4015625000,3984375000,4062500000,4015625000,4000000000,4031249999,4031249999,10
2025-10-24 22:40:42,30219,pairwise,LinkedCells,1.000000,lc_c18,none,SoA,enabled,3968750000,3906250000,4046875000,4046875000,4109375000,3937500000,4031250000,4015625000,4078125000,4031250000,4017187499,4008064220,10
2025-10-24 22:40:42,30229,pairwise,VerletLists,0.500000,vl_list_iteration,none,AoS,disabled,6046875000,265625000,93750000,125000000,312500000,187500000,109375000,203125000,328125000,140625000,781249999,776150320,10
2025-10-24 22:40:42,30239,pairwise,VerletLists,0.500000,vl_list_iteration,none,SoA,disabled,8718750000,1390625000,1421875000,1453125000,1593750000,1453125000,1421875000,1312500000,1500000000,1406250000,2167187499,2154789197,10
2025-10-24 22:40:42,30249,pairwise,VerletLists,1.000000,vl_list_iteration,none,AoS,disabled,5828125000,140625000,171875000,109375000,0,156250000,312500000,0,140625000,187500000,704687499,704687499,10
2025-10-24 22:40:42,30259,pairwise,VerletLists,1.000000,vl_list_iteration,none,SoA,disabled,8656250000,1484375000,1484375000,1531250000,1421875000,1515625000,1359375000,1328125000,1593750000,1484375000,2185937499,2185890713,10
2025-10-24 22:40:43,30269,pairwise,VerletListsCells,0.500000,vlc_c01,none,AoS,disabled,12281250000,2593750000,2781250000,2781250000,2781250000,2796875000,2812500000,2812500000,2812500000,2796875000,3724999999,3724999999,10
2025-10-24 22:40:43,30279,pairwise,VerletListsCells,0.500000,vlc_c01,none,SoA,disabled,16687500000,4312500000,4375000000,4343750000,4453125000,4437500000,4437500000,4234375000,4468750000,4437500000,5618749999,5583192606,10
2025-10-24 22:40:43,30289,pairwise,VerletListsCells,0.500000,vlc_c18,none,AoS,disabled,9312500000,3281250000,3125000000,3296875000,3296875000,3187500000,3359375000,3265625000,3296875000,3343750000,3876562499,3867392435,10
2025-10-24 22:40:43,30299,pairwise,VerletListsCells,0.500000,vlc_c18,none,AoS,enabled,8812500000,3234375000,3281250000,3250000000,3250000000,3218750000,3406250000,3250000000,3234375000,3109375000,3804687499,3804687499,10
2025-10-24 22:40:44,30309,pairwise,VerletListsCells,0.500000,vlc_c18,none,SoA,disabled,14062500000,4703125000,4953125000,4718750000,4812500000,4812500000,4906250000,4687500000,4953125000,4750000000,5735937499,5727001365,10
2025-10-24 22:40:44,30319,pairwise,VerletListsCells,0.500000,vlc_c18,none,SoA,enabled,13125000000,4953125000,4734375000,4812500000,4796875000,4921875000,4906250000,4875000000,4921875000,4734375000,5678124999,5668674218,10
2025-10-24 22:40:44,30329,pairwise,VerletListsCells,0.500000,vlc_c08,none,AoS,disabled,7375000000,3203125000,3171875000,3171875000,3125000000,3078125000,3046875000,3000000000,3078125000,3203125000,3545312499,3539464244,10
2025-10-24 22:40:44,30339,pairwise,VerletListsCells,0.500000,vlc_c08,none,AoS,enabled,7140625000,2984375000,2953125000,2906250000,3078125000,3093750000,3062500000,3093750000,3093750000,3109375000,3451562499,3451562499,10
2025-10-24 22:40:45,30349,pairwise,VerletListsCells,0.500000,vlc_c08,none,SoA,disabled,12109375000,4609375000,4734375000,4640625000,4609375000,4671875000,4718750000,4671875000,4671875000,4609375000,5404687499,5404687499,10
2025-10-24 22:40:45,30359,pairwise,VerletListsCells,0.500000,vlc_c08,none,SoA,enabled,11531250000,4640625000,4812500000,4671875000,4640625000,4562500000,4609375000,4640625000,4671875000,4781250000,5356249999,5356249999,10
2025-10-24 22:40:45,30369,pairwise,VerletListsCells,0.500000,vlc_sliced,none,AoS,disabled,5875000000,109375000,125000000,328125000,125000000,265625000,312500000,140625000,171875000,140625000,759374999,721291159,10
2025-10-24 22:40:45,30379,pairwise,VerletListsCells,0.500000,vlc_sliced,none,AoS,enabled,5453125000,0,156250000,0,0,125000000,0,0,125000000,171875000,603124999,567474034,10
2025-10-24 22:40:46,30389,pairwise,VerletListsCells,0.500000,vlc_sliced,none,SoA,disabled,10640625000,1640625000,1625000000,1640625000,1796875000,1578125000,1593750000,1812500000,1796875000,1734375000,2585937499,2539151455,10
2025-10-24 22:40:46,30399,pairwise,VerletListsCells,0.500000,vlc_sliced,none,SoA,enabled,9875000000,1593750000,1609375000,1484375000,1609375000,1671875000,1437500000,1781250000,1375000000,1671875000,2410937499,2385158389,10
2025-10-24 22:40:46,30409,pairwise,VerletListsCells,0.500000,vlc_sliced_c02,none,AoS,disabled,5687500000,234375000,156250000,156250000,234375000,156250000,93750000,328125000,218750000,281250000,754687499,682730564,10
2025-10-24 22:40:46,30419,pairwise,VerletListsCells,0.500000,vlc_sliced_c02,none,AoS,enabled,5265625000,0,109375000,187500000,140625000,0,0,109375000,0,0,581249999,568290265,10
2025-10-24 22:40:46,30429,pairwise,VerletListsCells,0.500000,vlc_sliced_c02,none,SoA,disabled,10734375000,1843750000,1796875000,1546875000,1765625000,1734375000,1671875000,1765625000,1625000000,1718750000,2620312500,2553969890,10
2025-10-24 22:40:46,30439,pairwise,VerletListsCells,0.500000,vlc_sliced_c02,none,SoA,enabled,10156250000,1546875000,1625000000,1640625000,1484375000,1546875000,1421875000,1500000000,1609375000,1515625000,2404687499,2375118719,10
2025-10-24 22:40:47,30449,pairwise,VerletListsCells,1.000000,vlc_c01,none,AoS,disabled,12343750000,2765625000,2718750000,2843750000,2968750000,2796875000,2812500000,2750000000,2828125000,2890625000,3771874999,3771874999,10
2025-10-24 22:40:47,30459,pairwise,VerletListsCells,1.000000,vlc_c01,none,SoA,disabled,16859375000,4656250000,4625000000,4609375000,4656250000,4437500000,4421875000,4500000000,4640625000,4531250000,5793749999,5793749999,10
2025-10-24 22:40:47,30469,pairwise,VerletListsCells,1.000000,vlc_c18,none,AoS,disabled,8906250000,3312500000,3328125000,3250000000,3250000000,3125000000,3140625000,3218750000,3281250000,3265625000,3807812499,3807812499,10
2025-10-24 22:40:47,30479,pairwise,VerletListsCells,1.000000,vlc_c18,none,AoS,enabled,8875000000,3312500000,3390625000,3281250000,3140625000,3250000000,3312500000,3250000000,3250000000,3250000000,3831249999,3831249999,10
2025-10-24 22:40:48,30489,pairwise,VerletListsCells,1.000000,vlc_c18,none,SoA,disabled,14031250000,4796875000,4796875000,4765625000,4812500000,4718750000,4968750000,4906250000,5125000000,4765625000,5768749999,5752842744,10
2025-10-24 22:40:48,30499,pairwise,VerletListsCells,1.000000,vlc_c18,none,SoA,enabled,13437500000,4718750000,4828125000,4859375000,4843750000,4656250000,4828125000,4890625000,4812500000,4937500000,5681249999,5681249999,10
2025-10-24 22:40:48,30509,pairwise,VerletListsCells,1.000000,vlc_c08,none,AoS,disabled,7265625000,2937500000,3140625000,3125000000,2890625000,3125000000,3062500000,3125000000,3031250000,3109375000,3481249999,3479986776,10
2025-10-24 22:40:49,30519,pairwise,VerletListsCells,1.000000,vlc_c08,none,AoS,enabled,7171875000,3312500000,3218750000,3218750000,3031250000,3156250000,3078125000,3125000000,3171875000,3093750000,3557812500,3537600929,10
2025-10-24 22:40:49,30529,pairwise,VerletListsCells,1.000000,vlc_c08,none,SoA,disabled,12265625000,4640625000,4640625000,4593750000,4531250000,4468750000,4640625000,4687500000,4562500000,4656250000,5368749999,5368749999,10
2025-10-24 22:40:49,30539,pairwise,VerletListsCells,1.000000,vlc_c08,none,SoA,enabled,11671875000,4703125000,4875000000,4843750000,4828125000,4562500000,4750000000,4656250000,4515625000,4578125000,5398437499,5393524964,10
2025-10-24 22:40:49,30549,pairwise,VerletListsCells,1.000000,vlc_sliced,none,AoS,disabled,5875000000,0,140625000,171875000,125000000,0,125000000,0,125000000,156250000,671875000,621626789,10
2025-10-24 22:40:49,30559,pairwise,VerletListsCells,1.000000,vlc_sliced,none,AoS,enabled,5359375000,171875000,0,0,140625000,0,0,125000000,0,0,579687499,561066654,10
2025-10-24 22:40:50,30569,pairwise,VerletListsCells,1.000000,vlc_sliced,none,SoA,disabled,11125000000,1828125000,1625000000,1703125000,1687500000,1593750000,1843750000,1656250000,1812500000,1671875000,2654687499,2602988920,10
2025-10-24 22:40:50,30579,pairwise,VerletListsCells,1.000000,vlc_sliced,none,SoA,enabled,10140625000,1640625000,1484375000,1703125000,1640625000,1468750000,1640625000,1671875000,1609375000,1531250000,2453124999,2428515540,10
2025-10-24 22:40:50,30589,pairwise,VerletListsCells,1.000000,vlc_sliced_c02,none,AoS,disabled,5921875000,0,140625000,328125000,187500000,218750000,156250000,187500000,0,156250000,729687499,669707791,10
2025-10-24 22:40:50,30599,pairwise,VerletListsCells,1.000000,vlc_sliced_c02,none,AoS,enabled,5625000000,343750000,0,109375000,0,0,109375000,125000000,203125000,125000000,664062499,629347254,10
2025-10-24 22:40:50,30609,pairwise,VerletListsCells,1.000000,vlc_sliced_c02,none,SoA,disabled,11171875000,1796875000,1640625000,1609375000,1812500000,1859375000,1718750000,1625000000,1828125000,1859375000,2692187500,2639927489,10
2025-10-24 22:40:50,30619,pairwise,VerletListsCells,1.000000,vlc_sliced_c02,none,SoA,enabled,10031250000,1625000000,1562500000,1656250000,1531250000,1421875000,1671875000,1515625000,1593750000,1609375000,2421874999,2416307460,10
2025-10-24 22:40:51,30629,pairwise,PairwiseVerletLists,0.500000,vlp_c01,none,AoS,disabled,13328125000,2968750000,3015625000,2875000000,2984375000,3046875000,3015625000,3000000000,2968750000,3015625000,4021874999,4021874999,10
2025-10-24 22:40:51,30639,pairwise,PairwiseVerletLists,0.500000,vlp_c01,none,SoA,disabled,27218750000,4937500000,5062500000,4921875000,4781250000,4875000000,5015625000,4859375000,4906250000,4890625000,7146874999,7146874999,10
2025-10-24 22:40:51,30649,pairwise,PairwiseVerletLists,0.500000,vlp_c18,none,AoS,disabled,11750000000,3328125000,3328125000,3375000000,3390625000,3437500000,3406250000,3421875000,3437500000,3437500000,4231249999,4231249999,10
2025-10-24 22:40:52,30659,pairwise,PairwiseVerletLists,0.500000,vlp_c18,none,AoS,enabled,12093750000,3484375000,3484375000,3312500000,3390625000,3312500000,3531250000,3406250000,3281250000,3531250000,4282812499,4282812499,10
2025-10-24 22:40:52,30669,pairwise,PairwiseVerletLists,0.500000,vlp_c18,none,SoA,disabled,31578125000,5281250000,5312500000,5484375000,5328125000,5375000000,5484375000,5375000000,5468750000,5406250000,8009375000,8009375000,10
2025-10-24 22:40:52,30679,pairwise,PairwiseVerletLists,0.500000,vlp_c18,none,SoA,enabled,30000000000,5343750000,5484375000,5359375000,5296875000,5390625000,5343750000,5406250000,5328125000,5328125000,7828124999,7826861776,10
2025-10-24 22:40:53,30689,pairwise,PairwiseVerletLists,0.500000,vlp_sliced,none,AoS,disabled,8875000000,687500000,703125000,703125000,406250000,656250000,750000000,703125000,750000000,703125000,1493749999,1430214551,10
2025-10-24 22:40:53,30699,pairwise,PairwiseVerletLists,0.500000,vlp_sliced,none,AoS,enabled,8921875000,484375000,453125000,703125000,500000000,484375000,468750000,468750000,515625000,359375000,1335937499,1326486718,10
2025-10-24 22:40:53,30709,pairwise,PairwiseVerletLists,0.500000,vlp_sliced,none,SoA,disabled,28031250000,2718750000,2515625000,2734375000,2687500000,2640625000,2546875000,2546875000,2687500000,2531250000,5164062499,5095380587,10
2025-10-24 22:40:53,30719,pairwise,PairwiseVerletLists,0.500000,vlp_sliced,none,SoA,enabled,27312500000,2578125000,2421875000,2562500000,2562500000,2484375000,2500000000,2500000000,2500000000,2531250000,4995312500,4966492297,10
2025-10-24 22:40:53,30729,pairwise,PairwiseVerletLists,0.500000,vlp_sliced_c02,none,AoS,disabled,9031250000,828125000,609375000,718750000,765625000,687500000,593750000,765625000,718750000,578125000,1529687499,1470503153,10
2025-10-24 22:40:54,30739,pairwise,PairwiseVerletLists,0.500000,vlp_sliced_c02,none,AoS,enabled,9062500000,687500000,640625000,437500000,640625000,750000000,531250000,703125000,656250000,625000000,1473437499,1445459445,10
2025-10-24 22:40:54,30749,pairwise,PairwiseVerletLists,0.500000,vlp_sliced_c02,none,SoA,disabled,28546875000,2718750000,2734375000,2687500000,2750000000,2640625000,2671875000,2718750000,2843750000,2781250000,5309374999,5232458743,10
2025-10-24 22:40:54,30759,pairwise,PairwiseVerletLists,0.500000,vlp_sliced_c02,none,SoA,enabled,27359375000,2593750000,2718750000,2531250000,2578125000,2500000000,2562500000,2703125000,2468750000,2531250000,5054687499,5017258664,10
2025-10-24 22:40:55,30769,pairwise,PairwiseVerletLists,1.000000,vlp_c01,none,AoS,disabled,13468750000,2953125000,3140625000,3140625000,3093750000,3093750000,3125000000,3031250000,3031250000,3109375000,4118749999,4101205233,10
2025-10-24 22:40:55,30779,pairwise,PairwiseVerletLists,1.000000,vlp_c01,none,SoA,disabled,27515625000,4937500000,5015625000,5031250000,4968750000,5078125000,4921875000,4937500000,4937500000,4875000000,7221874999,7221874999,10
2025-10-24 22:40:55,30789,pairwise,PairwiseVerletLists,1.000000,vlp_c18,none,AoS,disabled,11765625000,3453125000,3484375000,3453125000,3328125000,3421875000,3328125000,3484375000,3375000000,3562500000,4265624999,4265624999,10
2025-10-24 22:40:55,30799,pairwise,PairwiseVerletLists,1.000000,vlp_c18,none,AoS,enabled,11687500000,3546875000,3437500000,3421875000,3406250000,3453125000,3531250000,3343750000,3453125000,3328125000,4260937499,4260937499,10
2025-10-24 22:40:56,30809,pairwise,PairwiseVerletLists,1.000000,vlp_c18,none,SoA,disabled,31093750000,5468750000,5328125000,5328125000,5296875000,5406250000,5406250000,5468750000,5531250000,5343750000,7967187499,7964894983,10
2025-10-24 22:40:56,30819,pairwise,PairwiseVerletLists,1.000000,vlp_c18,none,SoA,enabled,30359375000,5484375000,5328125000,5359375000,5468750000,5515625000,5390625000,5406250000,5359375000,5250000000,7892187499,7879976342,10
2025-10-24 22:40:56,30829,pairwise,PairwiseVerletLists,1.000000,vlp_sliced,none,AoS,disabled,8984375000,671875000,593750000,640625000,656250000,515625000,718750000,578125000,468750000,781250000,1460937500,1395203108,10
2025-10-24 22:40:57,30839,pairwise,PairwiseVerletLists,1.000000,vlp_sliced,none,AoS,enabled,9125000000,578125000,671875000,468750000,687500000,750000000,734375000,640625000,640625000,671875000,1496874999,1453738267,10
2025-10-24 22:40:57,30849,pairwise,PairwiseVerletLists,1.000000,vlp_sliced,none,SoA,disabled,28125000000,2562500000,2546875000,2453125000,2515625000,2546875000,2703125000,2390625000,2500000000,2531250000,5087499999,5039123230,10
2025-10-24 22:40:57,30859,pairwise,PairwiseVerletLists,1.000000,vlp_sliced,none,SoA,enabled,27359375000,2546875000,2500000000,2609375000,2421875000,2546875000,2437500000,2437500000,2546875000,2453125000,4985937500,4969047738,10
2025-10-24 22:40:57,30869,pairwise,PairwiseVerletLists,1.000000,vlp_sliced_c02,none,AoS,disabled,8953125000,843750000,734375000,750000000,812500000,687500000,859375000,796875000,734375000,765625000,1593749999,1511967994,10
2025-10-24 22:40:57,30879,pairwise,PairwiseVerletLists,1.000000,vlp_sliced_c02,none,AoS,enabled,9109375000,718750000,546875000,500000000,484375000,578125000,859375000,578125000,687500000,671875000,1473437500,1437131530,10
2025-10-24 22:40:58,30889,pairwise,PairwiseVerletLists,1.000000,vlp_sliced_c02,none,SoA,disabled,28265625000,2578125000,2703125000,2796875000,2593750000,2734375000,2750000000,2765625000,2671875000,2828125000,5268749999,5185002980,10
2025-10-24 22:40:58,30899,pairwise,PairwiseVerletLists,1.000000,vlp_sliced_c02,none,SoA,enabled,27703125000,2640625000,2609375000,2328125000,2515625000,2562500000,2531250000,2546875000,2671875000,2343750000,5045312499,4997310018,10
2025-10-24 22:42:58,40009,pairwise,LinkedCells,0.500000,lc_c08,none,AoS,disabled,27734375000,27500000000,27609375000,27609375000,27843750000,27687500000,27843750000,27703125000,27609375000,27734375000,27687499999,27626041817,10
2025-10-24 22:43:00,40019,pairwise,LinkedCells,0.500000,lc_c08,none,AoS,enabled,27734375000,27859375000,27875000000,27718750000,27703125000,27593750000,27687500000,27687500000,27578125000,27593750000,27703124999,27634951571,10
2025-10-24 22:43:02,40029,pairwise,LinkedCells,0.500000,lc_c08,none,SoA,disabled,47515625000,47078125000,47015625000,46750000000,47062500000,47000000000,46890625000,46937500000,46890625000,46781250000,46992187499,46908922534,10
2025-10-24 22:43:04,40039,pairwise,LinkedCells,0.500000,lc_c08,none,SoA,enabled,46890625000,46640625000,46593750000,46734375000,46765625000,46734375000,46421875000,46578125000,46500000000,46796875000,46665625000,46604718717,10
2025-10-24 22:43:06,40049,pairwise,LinkedCells,0.500000,lc_c18,none,AoS,disabled,26531250000,26578125000,26546875000,26593750000,26593750000,26609375000,26593750000,26687500000,26562500000,26640625000,26593749999,26508154595,10
2025-10-24 22:43:08,40059,pairwise,LinkedCells,0.500000,lc_c18,none,AoS,enabled,26625000000,26671875000,26703125000,26718750000,26609375000,26468750000,26843750000,26609375000,26578125000,26593750000,26642187499,26559416365,10
2025-10-24 22:43:10,40069,pairwise,LinkedCells,0.500000,lc_c18,none,SoA,disabled,34671875000,34609375000,34468750000,34734375000,34718750000,34859375000,35015625000,34859375000,34812500000,34828125000,34757812499,34731179616,10
2025-10-24 22:43:12,40079,pairwise,LinkedCells,0.500000,lc_c18,none,SoA,enabled,34828125000,34875000000,34812500000,34812500000,34671875000,34750000000,34593750000,34734375000,34750000000,34562500000,34739062499,34731811626,10
2025-10-24 22:43:12,40089,pairwise,LinkedCells,1.000000,lc_c04,none,AoS,disabled,687500000,140625000,328125000,312500000,218750000,343750000,281250000,312500000,171875000,296875000,309374999,124227975,10
2025-10-24 22:43:12,40099,pairwise,LinkedCells,1.000000,lc_c04,none,AoS,enabled,218750000,125000000,125000000,140625000,375000000,343750000,296875000,250000000,187500000,125000000,218750000,117395769,10
2025-10-24 22:43:12,40109,pairwise,LinkedCells,1.000000,lc_c04,none,SoA,disabled,1984375000,1796875000,1453125000,1500000000,1578125000,1562500000,1546875000,1375000000,1515625000,1703125000,1601562499,1527333974,10
2025-10-24 22:43:12,40119,pairwise,LinkedCells,1.000000,lc_c04,none,SoA,enabled,1718750000,1562500000,1578125000,1593750000,1531250000,1671875000,1703125000,1531250000,1703125000,1406250000,1599999999,1569618214,10
2025-10-24 22:43:13,40129,pairwise,LinkedCells,1.000000,lc_c04_combined_SoA,none,SoA,disabled,2468750000,2156250000,2484375000,2546875000,2625000000,2421875000,2140625000,2531250000,2109375000,2625000000,2410937499,2410937499,10
2025-10-24 22:43:13,40139,pairwise,LinkedCells,1.000000,lc_c04_combined_SoA,none,SoA,enabled,2437500000,2359375000,2546875000,2390625000,2453125000,2625000000,2375000000,2406250000,2125000000,2375000000,2409375000,2406346799,10
2025-10-24 22:43:13,40149,pairwise,LinkedCells,1.000000,lc_c08,none,AoS,disabled,3171875000,3109375000,3234375000,3156250000,3218750000,3171875000,3171875000,3171875000,3250000000,3156250000,3181249999,3174711296,10
2025-10-24 22:43:13,40159,pairwise,LinkedCells,1.000000,lc_c08,none,AoS,enabled,3125000000,3218750000,3000000000,3265625000,3171875000,3156250000,3312500000,3343750000,3218750000,3234375000,3204687499,3204687499,10
2025-10-24 22:43:14,40169,pairwise,LinkedCells,1.000000,lc_c08,none,SoA,disabled,4265625000,4359375000,4234375000,4296875000,4187500000,4296875000,4234375000,4218750000,4453125000,4234375000,4278124999,4278124999,10
2025-10-24 22:43:14,40179,pairwise,LinkedCells,1.000000,lc_c08,none,SoA,enabled,4187500000,4093750000,4187500000,4468750000,4218750000,4203125000,4187500000,4125000000,4359375000,4140625000,4217187499,4217187499,10
2025-10-24 22:43:14,40189,pairwise,LinkedCells,1.000000,lc_c18,none,AoS,disabled,3187500000,3171875000,3406250000,3234375000,3171875000,3218750000,3140625000,3218750000,3109375000,3437500000,3229687500,3229687500,10
2025-10-24 22:43:14,40199,pairwise,LinkedCells,1.000000,lc_c18,none,AoS,enabled,3328125000,3140625000,3171875000,3171875000,3140625000,3171875000,3296875000,3375000000,3156250000,3203125000,3215625000,3215625000,10
2025-10-24 22:43:14,40209,pairwise,LinkedCells,1.000000,lc_c18,none,SoA,disabled,4109375000,4109375000,4015625000,4015625000,3984375000,4062500000,3718750000,3781250000,4078125000,4046875000,3992187499,3992187499,10
2025-10-24 22:43:15,40219,pairwise,LinkedCells,1.000000,lc_c18,none,SoA,enabled,4000000000,3921875000,4125000000,4015625000,4062500000,4046875000,4046875000,4046875000,4093750000,4046875000,4040624999,4040090935,10
2025-10-24 22:43:15,40229,pairwise,VerletLists,0.500000,vl_list_iteration,none,AoS,disabled,6046875000,250000000,0,140625000,312500000,312500000,140625000,0,140625000,296875000,764062499,764062499,10
2025-10-24 22:43:15,40239,pairwise,VerletLists,0.500000,vl_list_iteration,none,SoA,disabled,8671875000,1593750000,1703125000,1656250000,1281250000,1593750000,1609375000,1328125000,1328125000,1593750000,2235937499,2195688564,10
2025-10-24 22:43:15,40249,pairwise,VerletLists,1.000000,vl_list_iteration,none,AoS,disabled,5921875000,375000000,375000000,156250000,203125000,218750000,125000000,234375000,187500000,125000000,792187499,765582134,10
2025-10-24 22:43:15,40259,pairwise,VerletLists,1.000000,vl_list_iteration,none,SoA,disabled,8781250000,1609375000,1312500000,1578125000,1281250000,1500000000,1296875000,1328125000,1437500000,1468750000,2159374999,2146154608,10
2025-10-24 22:43:16,40269,pairwise,VerletListsCells,0.500000,vlc_c01,none,AoS,disabled,12187500000,3078125000,2937500000,3125000000,3156250000,2968750000,2953125000,2984375000,2921875000,3125000000,3943749999,3868283842,10
2025-10-24 22:43:16,40279,pairwise,VerletListsCells,0.500000,vlc_c01,none,SoA,disabled,16062500000,4265625000,4453125000,4562500000,4468750000,4531250000,4296875000,4515625000,4515625000,4406250000,5607812499,5577810912,10
2025-10-24 22:43:16,40289,pairwise,VerletListsCells,0.500000,vlc_c18,none,AoS,disabled,9000000000,3234375000,3250000000,3218750000,3296875000,3265625000,3312500000,3406250000,3078125000,3359375000,3842187499,3842187499,10
2025-10-24 22:43:17,40299,pairwise,VerletListsCells,0.500000,vlc_c18,none,AoS,enabled,8671875000,3140625000,3406250000,3062500000,3359375000,3125000000,3421875000,3250000000,3187500000,3125000000,3774999999,3774921750,10
2025-10-24 22:43:17,40309,pairwise,VerletListsCells,0.500000,vlc_c18,none,SoA,disabled,13546875000,4781250000,4875000000,4953125000,4859375000,4812500000,4859375000,4875000000,4765625000,5031250000,5735937499,5702775008,10
2025-10-24 22:43:17,40319,pairwise,VerletListsCells,0.500000,vlc_c18,none,SoA,enabled,13125000000,4781250000,4984375000,5109375000,4843750000,4812500000,4890625000,4984375000,4890625000,4796875000,5721874999,5700284552,10
2025-10-24 22:43:17,40329,pairwise,VerletListsCells,0.500000,vlc_c08,none,AoS,disabled,7171875000,3093750000,3046875000,3078125000,3093750000,3125000000,3093750000,3078125000,3140625000,3109375000,3503124999,3503124999,10
2025-10-24 22:43:18,40339,pairwise,VerletListsCells,0.500000,vlc_c08,none,AoS,enabled,7109375000,3109375000,3062500000,3093750000,3140625000,3000000000,3000000000,2953125000,3109375000,3062500000,3464062499,3461165184,10
2025-10-24 22:43:18,40349,pairwise,VerletListsCells,0.500000,vlc_c08,none,SoA,disabled,11718750000,4906250000,4812500000,4671875000,4609375000,4531250000,4781250000,4500000000,4578125000,4437500000,5354687499,5339395637,10
2025-10-24 22:43:18,40359,pairwise,VerletListsCells,0.500000,vlc_c08,none,SoA,enabled,11484375000,4593750000,4531250000,4828125000,4875000000,4546875000,4656250000,4812500000,4656250000,4562500000,5354687499,5340971788,10
2025-10-24 22:43:18,40369,pairwise,VerletListsCells,0.500000,vlc_sliced,none,AoS,disabled,5734375000,109375000,140625000,0,109375000,0,0,78125000,0,0,617187499,528975419,10
2025-10-24 22:43:18,40379,pairwise,VerletListsCells,0.500000,vlc_sliced,none,AoS,enabled,5281250000,0,125000000,0,0,109375000,0,0,0,140625000,565624999,503196932,10
2025-10-24 22:43:19,40389,pairwise,VerletListsCells,0.500000,vlc_sliced,none,SoA,disabled,10375000000,1671875000,1625000000,1609375000,1656250000,1671875000,1687500000,1656250000,1625000000,1500000000,2507812499,2386355149,10
2025-10-24 22:43:19,40399,pairwise,VerletListsCells,0.500000,vlc_sliced,none,SoA,enabled,9640625000,1703125000,1640625000,1531250000,1640625000,1609375000,1640625000,1671875000,1500000000,1531250000,2410937499,2332771133,10
2025-10-24 22:43:19,40409,pairwise,VerletListsCells,0.500000,vlc_sliced_c02,none,AoS,disabled,5656250000,0,0,0,171875000,0,0,296875000,0,0,612499999,480932234,10
2025-10-24 22:43:19,40419,pairwise,VerletListsCells,0.500000,vlc_sliced_c02,none,AoS,enabled,5390625000,93750000,0,93750000,0,0,0,109375000,0,0,568749999,492819742,10
2025-10-24 22:43:19,40429,pairwise,VerletListsCells,0.500000,vlc_sliced_c02,none,SoA,disabled,10390625000,1593750000,1656250000,1625000000,1578125000,1562500000,1953125000,1343750000,1656250000,1718750000,2507812499,2360918483,10
2025-10-24 22:43:19,40439,pairwise,VerletListsCells,0.500000,vlc_sliced_c02,none,SoA,enabled,9984375000,1640625000,1562500000,1640625000,1656250000,1687500000,1687500000,1656250000,1640625000,1703125000,2485937499,2373984647,10
2025-10-24 22:43:20,40449,pairwise,VerletListsCells,1.000000,vlc_c01,none,AoS,disabled,12250000000,3015625000,3031250000,2781250000,2984375000,3062500000,2812500000,3125000000,3140625000,2843750000,3904687499,3861435682,10
2025-10-24 22:43:20,40459,pairwise,VerletListsCells,1.000000,vlc_c01,none,SoA,disabled,16671875000,4453125000,4515625000,4656250000,4500000000,4468750000,4359375000,4437500000,4437500000,4609375000,5710937499,5710937499,10
2025-10-24 22:43:20,40469,pairwise,VerletListsCells,1.000000,vlc_c18,none,AoS,disabled,9078125000,3203125000,3468750000,3343750000,3187500000,3296875000,3375000000,3156250000,3515625000,3187500000,3881249999,3859598001,10
2025-10-24 22:43:21,40479,pairwise,VerletListsCells,1.000000,vlc_c18,none,AoS,enabled,8859375000,3375000000,3312500000,3312500000,3078125000,3234375000,3421875000,3390625000,3156250000,3375000000,3851562499,3847565693,10
2025-10-24 22:43:21,40489,pairwise,VerletListsCells,1.000000,vlc_c18,none,SoA,disabled,13687500000,4781250000,4765625000,4796875000,4765625000,5046875000,4765625000,4765625000,4703125000,4875000000,5695312499,5683497424,10
2025-10-24 22:43:21,40499,pairwise,VerletListsCells,1.000000,vlc_c18,none,SoA,enabled,13312500000,4828125000,5062500000,4750000000,4937500000,4890625000,4781250000,4703125000,4687500000,4843750000,5679687499,5671872835,10
2025-10-24 22:43:21,40509,pairwise,VerletListsCells,1.000000,vlc_c08,none,AoS,disabled,7125000000,2921875000,3281250000,3203125000,3265625000,3187500000,3046875000,2906250000,3203125000,3187500000,3532812499,3516020691,10
2025-10-24 22:43:22,40519,pairwise,VerletListsCells,1.000000,vlc_c08,none,AoS,enabled,7312500000,3031250000,2953125000,3109375000,3109375000,3062500000,3062500000,3093750000,3062500000,3078125000,3487500000,3487500000,10
2025-10-24 22:43:22,40529,pairwise,VerletListsCells,1.000000,vlc_c08,none,SoA,disabled,12000000000,4781250000,4609375000,4671875000,4796875000,4609375000,4562500000,4734375000,4593750000,4453125000,5381249999,5357458250,10
2025-10-24 22:43:22,40539,pairwise,VerletListsCells,1.000000,vlc_c08,none,SoA,enabled,11484375000,4781250000,4515625000,4625000000,4734375000,4828125000,4781250000,4781250000,4656250000,4562500000,5374999999,5374999999,10
2025-10-24 22:43:22,40549,pairwise,VerletListsCells,1.000000,vlc_sliced,none,AoS,disabled,5578125000,328125000,0,125000000,109375000,0,0,109375000,0,0,624999999,500902725,10
2025-10-24 22:43:22,40559,pairwise,VerletListsCells,1.000000,vlc_sliced,none,AoS,enabled,5468750000,125000000,0,0,140625000,0,0,0,0,156250000,589062500,522934003,10
2025-10-24 22:43:23,40569,pairwise,VerletListsCells,1.000000,vlc_sliced,none,SoA,disabled,10546875000,1593750000,1625000000,1515625000,1671875000,1656250000,1718750000,1546875000,1671875000,1640625000,2518749999,2419040343,10
2025-10-24 22:43:23,40579,pairwise,VerletListsCells,1.000000,vlc_sliced,none,SoA,enabled,10093750000,1656250000,1656250000,1484375000,1484375000,1437500000,1546875000,1546875000,1593750000,1671875000,2417187499,2359984736,10
2025-10-24 22:43:23,40589,pairwise,VerletListsCells,1.000000,vlc_sliced_c02,none,AoS,disabled,5718750000,0,0,0,93750000,0,0,0,0,0,581249999,450985003,10
2025-10-24 22:43:23,40599,pairwise,VerletListsCells,1.000000,vlc_sliced_c02,none,AoS,enabled,5500000000,125000000,0,281250000,156250000,0,109375000,171875000,0,0,634375000,566656237,10
2025-10-24 22:43:23,40609,pairwise,VerletListsCells,1.000000,vlc_sliced_c02,none,SoA,disabled,10531250000,1609375000,1625000000,1625000000,1609375000,1609375000,1656250000,1656250000,1656250000,1609375000,2518749999,2408669978,10
2025-10-24 22:43:24,40619,pairwise,VerletListsCells,1.000000,vlc_sliced_c02,none,SoA,enabled,9953125000,1406250000,1609375000,1406250000,1500000000,1515625000,1562500000,1578125000,1625000000,1656250000,2381249999,2316248713,10
2025-10-24 22:43:24,40629,pairwise,PairwiseVerletLists,0.500000,vlp_c01,none,AoS,disabled,13390625000,2984375000,3000000000,3140625000,3031250000,2828125000,3015625000,3218750000,3234375000,3078125000,4092187499,4046273305,10
2025-10-24 22:43:24,40639,pairwise,PairwiseVerletLists,0.500000,vlp_c01,none,SoA,disabled,25625000000,4828125000,4781250000,4875000000,4890625000,4968750000,4937500000,5015625000,4890625000,4843750000,6965624999,6956031339,10
2025-10-24 22:43:24,40649,pairwise,PairwiseVerletLists,0.500000,vlp_c18,none,AoS,disabled,11828125000,3500000000,3515625000,3375000000,3390625000,3328125000,3296875000,3578125000,3484375000,3468750000,4276562500,4250598603,10
2025-10-24 22:43:25,40659,pairwise,PairwiseVerletLists,0.500000,vlp_c18,none,AoS,enabled,11750000000,3562500000,3453125000,3500000000,3328125000,3343750000,3140625000,3390625000,3453125000,3421875000,4234374999,4230542238,10
2025-10-24 22:43:25,40669,pairwise,PairwiseVerletLists,0.500000,vlp_c18,none,SoA,disabled,29796875000,5375000000,5218750000,5375000000,5437500000,5453125000,5156250000,5250000000,5359375000,5359375000,7778124999,7778124999,10
2025-10-24 22:43:25,40679,pairwise,PairwiseVerletLists,0.500000,vlp_c18,none,SoA,enabled,29031250000,5406250000,5171875000,5125000000,5328125000,5468750000,5421875000,5171875000,5156250000,5328125000,7660937499,7660937499,10
2025-10-24 22:43:26,40689,pairwise,PairwiseVerletLists,0.500000,vlp_sliced,none,AoS,disabled,8593750000,687500000,656250000,390625000,671875000,640625000,703125000,703125000,640625000,671875000,1435937500,1301902755,10
2025-10-24 22:43:26,40699,pairwise,PairwiseVerletLists,0.500000,vlp_sliced,none,AoS,enabled,8671875000,546875000,531250000,640625000,625000000,625000000,750000000,640625000,687500000,609375000,1432812499,1341274881,10
2025-10-24 22:43:26,40709,pairwise,PairwiseVerletLists,0.500000,vlp_sliced,none,SoA,disabled,26718750000,2390625000,2609375000,2359375000,2531250000,2343750000,2546875000,2453125000,2406250000,2421875000,4878124999,4759764008,10
2025-10-24 22:43:26,40719,pairwise,PairwiseVerletLists,0.500000,vlp_sliced,none,SoA,enabled,26343750000,2296875000,2328125000,2421875000,2375000000,2453125000,2453125000,2359375000,2343750000,2375000000,4774999999,4712617477,10
2025-10-24 22:43:27,40729,pairwise,PairwiseVerletLists,0.500000,vlp_sliced_c02,none,AoS,disabled,8718750000,671875000,484375000,703125000,609375000,625000000,406250000,656250000,625000000,531250000,1403124999,1255955413,10
2025-10-24 22:43:27,40739,pairwise,PairwiseVerletLists,0.500000,vlp_sliced_c02,none,AoS,enabled,8718750000,671875000,687500000,687500000,625000000,718750000,578125000,453125000,625000000,625000000,1439062499,1364615798,10
2025-10-24 22:43:27,40749,pairwise,PairwiseVerletLists,0.500000,vlp_sliced_c02,none,SoA,disabled,26625000000,2343750000,2328125000,2484375000,2390625000,2531250000,2484375000,2468750000,2562500000,2671875000,4889062499,4763114697,10
2025-10-24 22:43:27,40759,pairwise,PairwiseVerletLists,0.500000,vlp_sliced_c02,none,SoA,enabled,26578125000,2453125000,2531250000,2250000000,2359375000,2671875000,2437500000,2578125000,2359375000,2515625000,4873437499,4776032191,10
2025-10-24 22:43:28,40769,pairwise,PairwiseVerletLists,1.000000,vlp_c01,none,AoS,disabled,13640625000,2859375000,2906250000,3140625000,3171875000,3140625000,3046875000,2953125000,2953125000,3171875000,4098437499,4082926377,10
2025-10-24 22:43:28,40779,pairwise,PairwiseVerletLists,1.000000,vlp_c01,none,SoA,disabled,25406250000,4859375000,5171875000,4843750000,5109375000,4906250000,4875000000,4906250000,4875000000,4953125000,6990624999,6990624999,10
2025-10-24 22:43:28,40789,pairwise,PairwiseVerletLists,1.000000,vlp_c18,none,AoS,disabled,11718750000,3437500000,3390625000,3343750000,3250000000,3484375000,3453125000,3453125000,3500000000,3484375000,4251562500,4237575833,10
2025-10-24 22:43:28,40799,pairwise,PairwiseVerletLists,1.000000,vlp_c18,none,AoS,enabled,11781250000,3359375000,3390625000,3609375000,3328125000,3234375000,3500000000,3500000000,3468750000,3531250000,4270312499,4255612137,10
2025-10-24 22:43:29,40809,pairwise,PairwiseVerletLists,1.000000,vlp_c18,none,SoA,disabled,29890625000,5453125000,5500000000,5453125000,5296875000,5281250000,5296875000,5203125000,5531250000,5437500000,7834374999,7804984104,10
2025-10-24 22:43:29,40819,pairwise,PairwiseVerletLists,1.000000,vlp_c18,none,SoA,enabled,29078125000,5281250000,5453125000,5312500000,5156250000,5453125000,5125000000,5437500000,5437500000,5109375000,7684374999,7684374999,10
2025-10-24 22:43:29,40829,pairwise,PairwiseVerletLists,1.000000,vlp_sliced,none,AoS,disabled,8921875000,593750000,875000000,515625000,671875000,671875000,671875000,656250000,718750000,578125000,1487499999,1337004562,10
2025-10-24 22:43:30,40839,pairwise,PairwiseVerletLists,1.000000,vlp_sliced,none,AoS,enabled,9031250000,656250000,734375000,562500000,562500000,578125000,843750000,734375000,703125000,656250000,1506249999,1440143116,10
2025-10-24 22:43:30,40849,pairwise,PairwiseVerletLists,1.000000,vlp_sliced,none,SoA,disabled,26625000000,2531250000,2375000000,2421875000,2375000000,2687500000,2421875000,2406250000,2453125000,2500000000,4879687499,4739365176,10
2025-10-24 22:43:30,40859,pairwise,PairwiseVerletLists,1.000000,vlp_sliced,none,SoA,enabled,26375000000,2421875000,2515625000,2500000000,2359375000,2359375000,2375000000,2437500000,2453125000,2453125000,4824999999,4753265155,10
2025-10-24 22:43:30,40869,pairwise,PairwiseVerletLists,1.000000,vlp_sliced_c02,none,AoS,disabled,9031250000,734375000,703125000,656250000,718750000,609375000,640625000,593750000,781250000,703125000,1517187499,1352669190,10
2025-10-24 22:43:30,40879,pairwise,PairwiseVerletLists,1.000000,vlp_sliced_c02,none,AoS,enabled,8890625000,515625000,687500000,671875000,687500000,671875000,703125000,546875000,796875000,734375000,1490624999,1396858424,10
2025-10-24 22:43:31,40889,pairwise,PairwiseVerletLists,1.000000,vlp_sliced_c02,none,SoA,disabled,26796875000,2406250000,2625000000,2359375000,2343750000,2625000000,2578125000,2359375000,2640625000,2453125000,4918749999,4779246074,10
2025-10-24 22:43:31,40899,pairwise,PairwiseVerletLists,1.000000,vlp_sliced_c02,none,SoA,enabled,26406250000,2406250000,2500000000,2359375000,2515625000,2375000000,2515625000,2328125000,2390625000,2328125000,4812499999,4729884186,10
2025-10-24 22:45:31,50009,pairwise,LinkedCells,0.500000,lc_c08,none,AoS,disabled,27640625000,27453125000,27625000000,27718750000,27515625000,27781250000,27828125000,27750000000,27875000000,27687500000,27687499999,27677804530,10
2025-10-24 22:45:33,50019,pairwise,LinkedCells,0.500000,lc_c08,none,AoS,enabled,27640625000,27703125000,27546875000,27734375000,27625000000,27593750000,27531250000,27531250000,27515625000,27515625000,27593749999,27593749999,10
2025-10-24 22:45:35,50029,pairwise,LinkedCells,0.500000,lc_c08,none,SoA,disabled,47125000000,46984375000,46953125000,46828125000,46890625000,47062500000,47000000000,46750000000,46953125000,46765625000,46931249999,46930257406,10
2025-10-24 22:45:37,50039,pairwise,LinkedCells,0.500000,lc_c08,none,SoA,enabled,46687500000,46921875000,46781250000,46812500000,46843750000,46906250000,46750000000,46671875000,46796875000,46781250000,46795312499,46734769666,10
2025-10-24 22:45:39,50049,pairwise,LinkedCells,0.500000,lc_c18,none,AoS,disabled,26546875000,26718750000,26421875000,26656250000,26640625000,26625000000,26656250000,26625000000,26781250000,26593750000,26626562499,26596618059,10
2025-10-24 22:45:41,50059,pairwise,LinkedCells,0.500000,lc_c18,none,AoS,enabled,26656250000,26500000000,26484375000,26562500000,26546875000,26437500000,26609375000,26453125000,26484375000,26562500000,26529687500,26529687500,10
2025-10-24 22:45:43,50069,pairwise,LinkedCells,0.500000,lc_c18,none,SoA,disabled,34656250000,34609375000,34718750000,34781250000,34703125000,34703125000,34484375000,34718750000,34546875000,34468750000,34639062499,34639062499,10
2025-10-24 22:45:45,50079,pairwise,LinkedCells,0.500000,lc_c18,none,SoA,enabled,34718750000,34734375000,34625000000,34828125000,34640625000,34656250000,34796875000,34625000000,34625000000,34687500000,34693749999,34693749999,10
2025-10-24 22:45:45,50089,pairwise,LinkedCells,1.000000,lc_c04,none,AoS,disabled,687500000,343750000,265625000,359375000,281250000,281250000,359375000,125000000,125000000,312500000,314062499,205365159,10
2025-10-24 22:45:45,50099,pairwise,LinkedCells,1.000000,lc_c04,none,AoS,enabled,437500000,156250000,296875000,296875000,281250000,312500000,359375000,312500000,218750000,375000000,304687499,211355778,10
2025-10-24 22:45:46,50109,pairwise,LinkedCells,1.000000,lc_c04,none,SoA,disabled,1968750000,1531250000,1703125000,1781250000,1656250000,1718750000,1593750000,1546875000,1546875000,1703125000,1674999999,1639803550,10
2025-10-24 22:45:46,50119,pairwise,LinkedCells,1.000000,lc_c04,none,SoA,enabled,1656250000,1609375000,1671875000,1765625000,1531250000,1578125000,1656250000,1343750000,1562500000,1484375000,1585937500,1585937500,10
2025-10-24 22:45:46,50129,pairwise,LinkedCells,1.000000,lc_c04_combined_SoA,none,SoA,disabled,2250000000,2203125000,2328125000,2187500000,2093750000,2421875000,2453125000,2093750000,2250000000,2437500000,2271874999,2271874999,10
2025-10-24 22:45:46,50139,pairwise,LinkedCells,1.000000,lc_c04_combined_SoA,none,SoA,enabled,2328125000,2203125000,2484375000,2359375000,2250000000,2375000000,2437500000,2328125000,2281250000,2250000000,2329687499,2329687499,10
2025-10-24 22:45:46,50149,pairwise,LinkedCells,1.000000,lc_c08,none,AoS,disabled,3281250000,3156250000,3218750000,3375000000,3359375000,3203125000,3109375000,3140625000,3265625000,3140625000,3225000000,3205173985,10
2025-10-24 22:45:47,50159,pairwise,LinkedCells,1.000000,lc_c08,none,AoS,enabled,3078125000,3328125000,3218750000,3156250000,3156250000,3062500000,3250000000,3156250000,3156250000,3265625000,3182812499,3182812499,10
2025-10-24 22:45:47,50169,pairwise,LinkedCells,1.000000,lc_c08,none,SoA,disabled,4312500000,4390625000,4312500000,4296875000,4359375000,4281250000,4375000000,4250000000,4250000000,4390625000,4321874999,4312513609,10
2025-10-24 22:45:47,50179,pairwise,LinkedCells,1.000000,lc_c08,none,SoA,enabled,4328125000,4218750000,4296875000,4312500000,4421875000,4359375000,4390625000,4265625000,4265625000,4343750000,4320312499,4296156642,10
2025-10-24 22:45:47,50189,pairwise,LinkedCells,1.000000,lc_c18,none,AoS,disabled,3140625000,3328125000,3312500000,3281250000,3250000000,3234375000,3156250000,3250000000,3421875000,3203125000,3257812499,3242151079,10
2025-10-24 22:45:48,50199,pairwise,LinkedCells,1.000000,lc_c18,none,AoS,enabled,3046875000,3312500000,3421875000,3265625000,3359375000,3218750000,3359375000,3453125000,3109375000,3250000000,3279687499,3259679115,10
2025-10-24 22:45:48,50209,pairwise,LinkedCells,1.000000,lc_c18,none,SoA,disabled,4125000000,4015625000,4171875000,4031250000,4093750000,3906250000,4000000000,3968750000,4015625000,4031250000,4035937499,4019805059,10
2025-10-24 22:45:48,50219,pairwise,LinkedCells,1.000000,lc_c18,none,SoA,enabled,4171875000,4000000000,4015625000,4031250000,4031250000,3953125000,4046875000,4000000000,4078125000,3937500000,4026562499,4026562499,10
2025-10-24 22:45:48,50229,pairwise,VerletLists,0.500000,vl_list_iteration,none,AoS,disabled,6078125000,218750000,93750000,125000000,140625000,0,109375000,265625000,0,140625000,717187499,717187499,10
2025-10-24 22:45:48,50239,pairwise,VerletLists,0.500000,vl_list_iteration,none,SoA,disabled,8656250000,1609375000,1546875000,1515625000,1515625000,1625000000,1421875000,1421875000,1437500000,1359375000,2210937499,2206914751,10
2025-10-24 22:45:49,50249,pairwise,VerletLists,1.000000,vl_list_iteration,none,AoS,disabled,5968750000,125000000,125000000,156250000,109375000,156250000,140625000,250000000,187500000,234375000,745312499,745312499,10
2025-10-24 22:45:49,50259,pairwise,VerletLists,1.000000,vl_list_iteration,none,SoA,disabled,8437500000,1609375000,1500000000,1656250000,1578125000,1609375000,1484375000,1421875000,1421875000,1421875000,2214062499,2186208087,10
2025-10-24 22:45:49,50269,pairwise,VerletListsCells,0.500000,vlc_c01,none,AoS,disabled,12406250000,2843750000,2875000000,2765625000,2812500000,2953125000,2828125000,2937500000,2781250000,2812500000,3801562499,3801562499,10
2025-10-24 22:45:49,50279,pairwise,VerletListsCells,0.500000,vlc_c01,none,SoA,disabled,16781250000,4609375000,4687500000,4640625000,4562500000,4718750000,4640625000,4687500000,4468750000,4437500000,5823437499,5768659671,10
2025-10-24 22:45:50,50289,pairwise,VerletListsCells,0.500000,vlc_c18,none,AoS,disabled,9296875000,3328125000,3281250000,3250000000,3312500000,3250000000,3343750000,3234375000,3281250000,3250000000,3882812500,3874711483,10
2025-10-24 22:45:50,50299,pairwise,VerletListsCells,0.500000,vlc_c18,none,AoS,enabled,8984375000,3218750000,3484375000,3140625000,3140625000,3296875000,3312500000,3296875000,3328125000,3093750000,3829687499,3810905125,10
2025-10-24 22:45:50,50309,pairwise,VerletListsCells,0.500000,vlc_c18,none,SoA,disabled,13281250000,5062500000,4953125000,4718750000,4937500000,4937500000,4781250000,4968750000,4984375000,4937500000,5756249999,5730942391,10
2025-10-24 22:45:50,50319,pairwise,VerletListsCells,0.500000,vlc_c18,none,SoA,enabled,12796875000,4750000000,4828125000,4968750000,4765625000,4906250000,4953125000,5015625000,4890625000,4734375000,5660937499,5660937499,10
2025-10-24 22:45:51,50329,pairwise,VerletListsCells,0.500000,vlc_c08,none,AoS,disabled,7468750000,3078125000,3062500000,2937500000,3093750000,3078125000,3000000000,3000000000,3093750000,2890625000,3470312499,3470312499,10
2025-10-24 22:45:51,50339,pairwise,VerletListsCells,0.500000,vlc_c08,none,AoS,enabled,7375000000,3140625000,3093750000,2968750000,3281250000,3171875000,3015625000,3062500000,3000000000,3078125000,3518749999,3501882267,10
2025-10-24 22:45:51,50349,pairwise,VerletListsCells,0.500000,vlc_c08,none,SoA,disabled,11218750000,4625000000,4531250000,4750000000,4734375000,4687500000,4578125000,4718750000,4625000000,4687500000,5315624999,5301231088,10
2025-10-24 22:45:51,50359,pairwise,VerletListsCells,0.500000,vlc_c08,none,SoA,enabled,11156250000,4640625000,4578125000,4734375000,4734375000,4734375000,4687500000,4625000000,4656250000,4687500000,5323437499,5316629760,10
2025-10-24 22:45:52,50369,pairwise,VerletListsCells,0.500000,vlc_sliced,none,AoS,disabled,5812500000,0,296875000,156250000,0,0,0,0,156250000,0,642187499,557231817,10
2025-10-24 22:45:52,50379,pairwise,VerletListsCells,0.500000,vlc_sliced,none,AoS,enabled,5390625000,0,0,0,0,0,93750000,0,0,0,548437499,514103156,10
2025-10-24 22:45:52,50389,pairwise,VerletListsCells,0.500000,vlc_sliced,none,SoA,disabled,9937500000,1640625000,1625000000,1546875000,1531250000,1375000000,1453125000,1515625000,1609375000,1531250000,2376562499,2318793599,10
2025-10-24 22:45:52,50399,pairwise,VerletListsCells,0.500000,vlc_sliced,none,SoA,enabled,9328125000,1671875000,1421875000,1484375000,1578125000,1484375000,1640625000,1468750000,1703125000,1437500000,2321874999,2294550328,10
2025-10-24 22:45:52,50409,pairwise,VerletListsCells,0.500000,vlc_sliced_c02,none,AoS,disabled,5671875000,0,0,125000000,0,0,0,0,109375000,0,590624999,499715430,10
2025-10-24 22:45:52,50419,pairwise,VerletListsCells,0.500000,vlc_sliced_c02,none,AoS,enabled,5640625000,0,0,0,0,125000000,187500000,0,0,125000000,607812499,545022844,10
2025-10-24 22:45:53,50429,pairwise,VerletListsCells,0.500000,vlc_sliced_c02,none,SoA,disabled,10031250000,1640625000,1500000000,1640625000,1578125000,1562500000,1796875000,1640625000,1328125000,1687500000,2440624999,2351636417,10
2025-10-24 22:45:53,50439,pairwise,VerletListsCells,0.500000,vlc_sliced_c02,none,SoA,enabled,9390625000,1421875000,1656250000,1500000000,1578125000,1484375000,1390625000,1718750000,1640625000,1656250000,2343749999,2321938710,10
2025-10-24 22:45:53,50449,pairwise,VerletListsCells,1.000000,vlc_c01,none,AoS,disabled,12140625000,2734375000,2890625000,2921875000,2796875000,2828125000,2812500000,2750000000,2906250000,2859375000,3764062499,3764062499,10
2025-10-24 22:45:53,50459,pairwise,VerletListsCells,1.000000,vlc_c01,none,SoA,disabled,16500000000,4562500000,4500000000,4328125000,4484375000,4546875000,4390625000,4390625000,4421875000,4421875000,5654687499,5646378222,10
2025-10-24 22:45:54,50469,pairwise,VerletListsCells,1.000000,vlc_c18,none,AoS,disabled,9156250000,3218750000,3140625000,3140625000,3187500000,3453125000,3171875000,3109375000,3250000000,3250000000,3807812499,3807812499,10
2025-10-24 22:45:54,50479,pairwise,VerletListsCells,1.000000,vlc_c18,none,AoS,enabled,8765625000,3265625000,3250000000,3265625000,3234375000,3296875000,3234375000,3312500000,3171875000,3093750000,3789062499,3789062499,10
2025-10-24 22:45:54,50489,pairwise,VerletListsCells,1.000000,vlc_c18,none,SoA,disabled,13218750000,4812500000,4968750000,4796875000,4890625000,4718750000,4921875000,4734375000,4921875000,4812500000,5679687499,5665940191,10
2025-10-24 22:45:54,50499,pairwise,VerletListsCells,1.000000,vlc_c18,none,SoA,enabled,13187500000,4890625000,4937500000,4812500000,4906250000,4921875000,4921875000,4890625000,4937500000,4984375000,5739062499,5715316919,10
2025-10-24 22:45:55,50509,pairwise,VerletListsCells,1.000000,vlc_c08,none,AoS,disabled,7250000000,3125000000,3031250000,3328125000,3250000000,3156250000,3140625000,3156250000,3140625000,3234375000,3581249999,3569745729,10
2025-10-24 22:45:55,50519,pairwise,VerletListsCells,1.000000,vlc_c08,none,AoS,enabled,7093750000,3171875000,3125000000,3093750000,3031250000,3078125000,3250000000,3281250000,3156250000,3140625000,3542187499,3530599743,10
2025-10-24 22:45:55,50529,pairwise,VerletListsCells,1.000000,vlc_c08,none,SoA,disabled,11515625000,4625000000,4765625000,4687500000,4656250000,4703125000,4562500000,4640625000,4812500000,4750000000,5371874999,5355873550,10
2025-10-24 22:45:56,50539,pairwise,VerletListsCells,1.000000,vlc_c08,none,SoA,enabled,11390625000,4812500000,4750000000,4734375000,4781250000,4593750000,4593750000,4734375000,4765625000,4687500000,5384374999,5379723239,10
2025-10-24 22:45:56,50549,pairwise,VerletListsCells,1.000000,vlc_sliced,none,AoS,disabled,5671875000,125000000,0,0,140625000,0,0,0,125000000,0,606249999,530405169,10
2025-10-24 22:45:56,50559,pairwise,VerletListsCells,1.000000,vlc_sliced,none,AoS,enabled,5109375000,0,0,0,0,0,0,0,140625000,0,525000000,499876724,10
2025-10-24 22:45:56,50569,pairwise,VerletListsCells,1.000000,vlc_sliced,none,SoA,disabled,9968750000,1578125000,1609375000,1671875000,1656250000,1484375000,1703125000,1625000000,1500000000,1593750000,2439062499,2376399751,10
2025-10-24 22:45:56,50579,pairwise,VerletListsCells,1.000000,vlc_sliced,none,SoA,enabled,9671875000,1562500000,1421875000,1437500000,1484375000,1609375000,1453125000,1500000000,1437500000,1656250000,2323437499,2304691506,10
2025-10-24 22:45:56,50589,pairwise,VerletListsCells,1.000000,vlc_sliced_c02,none,AoS,disabled,5468750000,0,0,140625000,171875000,0,125000000,109375000,0,0,601562499,495075518,10
2025-10-24 22:45:56,50599,pairwise,VerletListsCells,1.000000,vlc_sliced_c02,none,AoS,enabled,5218750000,0,0,0,0,125000000,0,0,0,140625000,548437499,526358217,10
2025-10-24 22:45:57,50609,pairwise,VerletListsCells,1.000000,vlc_sliced_c02,none,SoA,disabled,10109375000,1546875000,1656250000,1609375000,1687500000,1531250000,1515625000,1609375000,1656250000,1671875000,2459375000,2376420441,10
2025-10-24 22:45:57,50619,pairwise,VerletListsCells,1.000000,vlc_sliced_c02,none,SoA,enabled,9609375000,1687500000,1515625000,1625000000,1640625000,1546875000,1609375000,1656250000,1515625000,1515625000,2392187499,2334056598,10
2025-10-24 22:45:57,50629,pairwise,PairwiseVerletLists,0.500000,vlp_c01,none,AoS,disabled,13281250000,2937500000,2984375000,2953125000,3046875000,3031250000,2968750000,2984375000,3125000000,3046875000,4035937499,4019861571,10
2025-10-24 22:45:57,50639,pairwise,PairwiseVerletLists,0.500000,vlp_c01,none,SoA,disabled,25062500000,4906250000,4843750000,4875000000,4859375000,5015625000,4859375000,4843750000,4937500000,5000000000,6920312499,6874186870,10
2025-10-24 22:45:58,50649,pairwise,PairwiseVerletLists,0.500000,vlp_c18,none,AoS,disabled,11640625000,3421875000,3453125000,3484375000,3515625000,3453125000,3359375000,3296875000,3593750000,3406250000,4262499999,4250747346,10
2025-10-24 22:45:58,50659,pairwise,PairwiseVerletLists,0.500000,vlp_c18,none,AoS,enabled,11765625000,3453125000,3515625000,3468750000,3328125000,3453125000,3531250000,3359375000,3515625000,3562500000,4295312499,4266691455,10
2025-10-24 22:45:58,50669,pairwise,PairwiseVerletLists,0.500000,vlp_c18,none,SoA,disabled,28953125000,5265625000,5328125000,5468750000,5421875000,5421875000,5406250000,5484375000,5375000000,5250000000,7737499999,7691494672,10
2025-10-24 22:45:59,50679,pairwise,PairwiseVerletLists,0.500000,vlp_c18,none,SoA,enabled,28734375000,5484375000,5312500000,5171875000,5312500000,5453125000,5328125000,5265625000,5390625000,5546875000,7699999999,7660669972,10
2025-10-24 22:45:59,50689,pairwise,PairwiseVerletLists,0.500000,vlp_sliced,none,AoS,disabled,8781250000,671875000,625000000,828125000,421875000,671875000,640625000,687500000,734375000,546875000,1460937499,1372157054,10
2025-10-24 22:45:59,50699,pairwise,PairwiseVerletLists,0.500000,vlp_sliced,none,AoS,enabled,8875000000,406250000,453125000,375000000,609375000,468750000,546875000,562500000,625000000,625000000,1354687499,1327831298,10
2025-10-24 22:45:59,50709,pairwise,PairwiseVerletLists,0.500000,vlp_sliced,none,SoA,disabled,25875000000,2531250000,2359375000,2281250000,2375000000,2328125000,2437500000,2312500000,2562500000,2406250000,4746874999,4656889759,10
2025-10-24 22:46:00,50719,pairwise,PairwiseVerletLists,0.500000,vlp_sliced,none,SoA,enabled,25703125000,2625000000,2375000000,2468750000,2437500000,2500000000,2531250000,2468750000,2406250000,2343750000,4785937499,4702058544,10
2025-10-24 22:46:00,50729,pairwise,PairwiseVerletLists,0.500000,vlp_sliced_c02,none,AoS,disabled,8656250000,250000000,625000000,562500000,578125000,671875000,625000000,640625000,531250000,625000000,1376562499,1271824977,10
2025-10-24 22:46:00,50739,pairwise,PairwiseVerletLists,0.500000,vlp_sliced_c02,none,AoS,enabled,8781250000,703125000,546875000,593750000,500000000,390625000,687500000,718750000,656250000,640625000,1421874999,1375226782,10
2025-10-24 22:46:00,50749,pairwise,PairwiseVerletLists,0.500000,vlp_sliced_c02,none,SoA,disabled,26109375000,2296875000,2421875000,2421875000,2484375000,2562500000,2406250000,2546875000,2484375000,2343750000,4807812499,4675778663,10
2025-10-24 22:46:01,50759,pairwise,PairwiseVerletLists,0.500000,vlp_sliced_c02,none,SoA,enabled,25703125000,2359375000,2453125000,2562500000,2437500000,2593750000,2328125000,2578125000,2546875000,2421875000,4798437499,4719477410,10
2025-10-24 22:46:01,50769,pairwise,PairwiseVerletLists,1.000000,vlp_c01,none,AoS,disabled,13453125000,3078125000,3015625000,2984375000,3046875000,3046875000,2859375000,3140625000,2843750000,2953125000,4042187499,4042187499,10
2025-10-24 22:46:01,50779,pairwise,PairwiseVerletLists,1.000000,vlp_c01,none,SoA,disabled,24609375000,4968750000,4953125000,4859375000,5046875000,4828125000,4937500000,5015625000,4843750000,4859375000,6892187499,6867034184,10
2025-10-24 22:46:01,50789,pairwise,PairwiseVerletLists,1.000000,vlp_c18,none,AoS,disabled,11781250000,3468750000,3515625000,3484375000,3531250000,3468750000,3546875000,3531250000,3484375000,3546875000,4335937499,4301202398,10
2025-10-24 22:46:02,50799,pairwise,PairwiseVerletLists,1.000000,vlp_c18,none,AoS,enabled,11546875000,3468750000,3359375000,3390625000,3515625000,3453125000,3375000000,3484375000,3484375000,3468750000,4254687499,4248508057,10
2025-10-24 22:46:02,50809,pairwise,PairwiseVerletLists,1.000000,vlp_c18,none,SoA,disabled,29062500000,5375000000,5156250000,5187500000,5390625000,5187500000,5234375000,5046875000,5140625000,5296875000,7607812499,7607042092,10
2025-10-24 22:46:02,50819,pairwise,PairwiseVerletLists,1.000000,vlp_c18,none,SoA,enabled,28781250000,5203125000,5203125000,5343750000,5390625000,5296875000,5281250000,5312500000,5171875000,5218750000,7620312499,7599838424,10
2025-10-24 22:46:03,50829,pairwise,PairwiseVerletLists,1.000000,vlp_sliced,none,AoS,disabled,8953125000,812500000,718750000,609375000,671875000,703125000,375000000,500000000,687500000,625000000,1465624999,1394106613,10
2025-10-24 22:46:03,50839,pairwise,PairwiseVerletLists,1.000000,vlp_sliced,none,AoS,enabled,8812500000,687500000,703125000,437500000,484375000,640625000,656250000,593750000,546875000,765625000,1432812499,1421975000,10
2025-10-24 22:46:03,50849,pairwise,PairwiseVerletLists,1.000000,vlp_sliced,none,SoA,disabled,26078125000,2328125000,2671875000,2500000000,2328125000,2359375000,2375000000,2453125000,2375000000,2359375000,4782812499,4675521729,10
2025-10-24 22:46:03,50859,pairwise,PairwiseVerletLists,1.000000,vlp_sliced,none,SoA,enabled,25812500000,2390625000,2500000000,2296875000,2593750000,2359375000,2546875000,2406250000,2515625000,2343750000,4776562499,4705594268,10
2025-10-24 22:46:04,50869,pairwise,PairwiseVerletLists,1.000000,vlp_sliced_c02,none,AoS,disabled,8875000000,718750000,687500000,781250000,734375000,687500000,906250000,718750000,734375000,734375000,1557812499,1447330693,10
2025-10-24 22:46:04,50879,pairwise,PairwiseVerletLists,1.000000,vlp_sliced_c02,none,AoS,enabled,8968750000,687500000,796875000,578125000,640625000,812500000,515625000,765625000,515625000,703125000,1498437499,1447006397,10
2025-10-24 22:46:04,50889,pairwise,PairwiseVerletLists,1.000000,vlp_sliced_c02,none,SoA,disabled,26187500000,2484375000,2656250000,2515625000,2734375000,2328125000,2484375000,2328125000,2468750000,2562500000,4874999999,4743205059,10
2025-10-24 22:46:04,50899,pairwise,PairwiseVerletLists,1.000000,vlp_sliced_c02,none,SoA,enabled,25921875000,2546875000,2312500000,2531250000,2296875000,2421875000,2390625000,2375000000,2531250000,2500000000,4782812499,4699204522,10
2025-10-24 22:48:04,60009,pairwise,LinkedCells,0.500000,lc_c08,none,AoS,disabled,27625000000,27437500000,27468750000,27625000000,27468750000,27218750000,27250000000,27375000000,27500000000,27562500000,27453124999,27453124999,10
2025-10-24 22:48:06,60019,pairwise,LinkedCells,0.500000,lc_c08,none,AoS,enabled,27250000000,27437500000,27312500000,27343750000,27437500000,27406250000,27250000000,27406250000,27437500000,27281250000,27356249999,27356249999,10
2025-10-24 22:48:08,60029,pairwise,LinkedCells,0.500000,lc_c08,none,SoA,disabled,46843750000,46843750000,46687500000,46687500000,46750000000,46625000000,46906250000,46718750000,46812500000,46781250000,46765624999,46765624999,10
2025-10-24 22:48:10,60039,pairwise,LinkedCells,0.500000,lc_c08,none,SoA,enabled,47125000000,46781250000,46437500000,46531250000,46500000000,46718750000,46718750000,46718750000,46531250000,46250000000,46631249999,46631249999,10
2025-10-24 22:48:12,60049,pairwise,LinkedCells,0.500000,lc_c18,none,AoS,disabled,26250000000,26343750000,26562500000,26375000000,26687500000,26312500000,26375000000,26437500000,26406250000,26312500000,26406249999,26406249999,10
2025-10-24 22:48:14,60059,pairwise,LinkedCells,0.500000,lc_c18,none,AoS,enabled,26281250000,26312500000,26312500000,26468750000,26406250000,26343750000,26312500000,26437500000,26375000000,26281250000,26353124999,26353124999,10
2025-10-24 22:48:16,60069,pairwise,LinkedCells,0.500000,lc_c18,none,SoA,disabled,34562500000,34500000000,34406250000,34343750000,34375000000,34500000000,34656250000,34531250000,34343750000,34468750000,34468749999,34468749999,10
2025-10-24 22:48:18,60079,pairwise,LinkedCells,0.500000,lc_c18,none,SoA,enabled,34375000000,34343750000,34593750000,34437500000,34531250000,34406250000,34531250000,34781250000,34500000000,34406250000,34490624999,34490624999,10
2025-10-24 22:48:18,60089,pairwise,LinkedCells,1.000000,lc_c04,none,AoS,disabled,437500000,375000000,187500000,250000000,125000000,343750000,375000000,343750000,281250000,125000000,284374999,266549479,10
2025-10-24 22:48:18,60099,pairwise,LinkedCells,1.000000,lc_c04,none,AoS,enabled,312500000,0,0,343750000,406250000,156250000,343750000,93750000,312500000,343750000,231249999,226489339,10
2025-10-24 22:48:19,60109,pairwise,LinkedCells,1.000000,lc_c04,none,SoA,disabled,1781250000,1531250000,1593750000,1656250000,1468750000,1656250000,1531250000,1531250000,1718750000,1468750000,1593749999,1593749999,10
2025-10-24 22:48:19,60119,pairwise,LinkedCells,1.000000,lc_c04,none,SoA,enabled,1781250000,1468750000,1593750000,1656250000,1375000000,1875000000,1468750000,1531250000,1812500000,1406250000,1596874999,1596874999,10
2025-10-24 22:48:19,60129,pairwise,LinkedCells,1.000000,lc_c04_combined_SoA,none,SoA,disabled,2250000000,2406250000,2281250000,2406250000,2562500000,2625000000,2625000000,2281250000,2406250000,2531250000,2437499999,2389333502,10
2025-10-24 22:48:19,60139,pairwise,LinkedCells,1.000000,lc_c04_combined_SoA,none,SoA,enabled,2437500000,2687500000,2468750000,2468750000,2375000000,2406250000,2500000000,2562500000,2343750000,2312500000,2456249999,2426178667,10
2025-10-24 22:48:19,60149,pairwise,LinkedCells,1.000000,lc_c08,none,AoS,disabled,3250000000,3187500000,3125000000,3125000000,3250000000,3156250000,3156250000,3156250000,3093750000,3125000000,3162499999,3162499999,10
2025-10-24 22:48:20,60159,pairwise,LinkedCells,1.000000,lc_c08,none,AoS,enabled,3156250000,3218750000,3343750000,3125000000,3281250000,3031250000,3093750000,3187500000,3187500000,3125000000,3174999999,3171921639,10
2025-10-24 22:48:20,60169,pairwise,LinkedCells,1.000000,lc_c08,none,SoA,disabled,4156250000,4187500000,4125000000,4250000000,4218750000,4156250000,4343750000,4281250000,4156250000,4500000000,4237499999,4237499999,10
2025-10-24 22:48:20,60179,pairwise,LinkedCells,1.000000,lc_c08,none,SoA,enabled,4281250000,4218750000,4187500000,4312500000,4406250000,4187500000,4343750000,4312500000,4218750000,4343750000,4281250000,4281250000,10
2025-10-24 22:48:20,60189,pairwise,LinkedCells,1.000000,lc_c18,none,AoS,disabled,3468750000,3187500000,3218750000,3343750000,3156250000,3250000000,3312500000,3281250000,3156250000,3125000000,3249999999,3243743527,10
2025-10-24 22:48:20,60199,pairwise,LinkedCells,1.000000,lc_c18,none,AoS,enabled,3468750000,3281250000,3156250000,3093750000,3156250000,3156250000,3093750000,3312500000,3187500000,3187500000,3209374999,3209374999,10
2025-10-24 22:48:21,60209,pairwise,LinkedCells,1.000000,lc_c18,none,SoA,disabled,4031250000,4000000000,3937500000,4156250000,4093750000,3968750000,4000000000,4000000000,4031250000,3968750000,4018749999,4018749999,10
2025-10-24 22:48:21,60219,pairwise,LinkedCells,1.000000,lc_c18,none,SoA,enabled,4031250000,4062500000,3968750000,4000000000,4156250000,3718750000,4062500000,3906250000,4000000000,4031250000,3993749999,3993749999,10
2025-10-24 22:48:21,60229,pairwise,VerletLists,0.500000,vl_list_iteration,none,AoS,disabled,5937500000,93750000,375000000,156250000,312500000,156250000,0,312500000,93750000,0,743749999,730847790,10
2025-10-24 22:48:21,60239,pairwise,VerletLists,0.500000,vl_list_iteration,none,SoA,disabled,8500000000,1468750000,1687500000,1343750000,1468750000,1500000000,1625000000,1500000000,1281250000,1468750000,2184374999,2184374999,10
2025-10-24 22:48:21,60249,pairwise,VerletLists,1.000000,vl_list_iteration,none,AoS,disabled,5968750000,125000000,156250000,125000000,125000000,0,156250000,125000000,125000000,0,690624999,690624999,10
2025-10-24 22:48:22,60259,pairwise,VerletLists,1.000000,vl_list_iteration,none,SoA,disabled,8531250000,1437500000,1500000000,1437500000,1468750000,1625000000,1375000000,1593750000,1343750000,1468750000,2178124999,2178124999,10
2025-10-24 22:48:22,60269,pairwise,VerletListsCells,0.500000,vlc_c01,none,AoS,disabled,12406250000,2750000000,2781250000,2812500000,2875000000,2750000000,2812500000,2781250000,2750000000,2781250000,3749999999,3749999999,10
2025-10-24 22:48:22,60279,pairwise,VerletListsCells,0.500000,vlc_c01,none,SoA,disabled,16468750000,4406250000,4500000000,4406250000,4468750000,4468750000,4312500000,4437500000,4312500000,4312500000,5609374999,5609374999,10
2025-10-24 22:48:22,60289,pairwise,VerletListsCells,0.500000,vlc_c18,none,AoS,disabled,8968750000,3125000000,3156250000,3125000000,3468750000,3156250000,3375000000,3218750000,3406250000,3250000000,3824999999,3824999999,10
2025-10-24 22:48:23,60299,pairwise,VerletListsCells,0.500000,vlc_c18,none,AoS,enabled,8875000000,3093750000,3218750000,3218750000,3218750000,3218750000,3218750000,3062500000,3156250000,3218750000,3749999999,3749999999,10
2025-10-24 22:48:23,60309,pairwise,VerletListsCells,0.500000,vlc_c18,none,SoA,disabled,12843750000,4843750000,4656250000,4937500000,4781250000,4781250000,4843750000,4843750000,4750000000,4968750000,5624999999,5624999999,10
2025-10-24 22:48:23,60319,pairwise,VerletListsCells,0.500000,vlc_c18,none,SoA,enabled,12968750000,4906250000,4968750000,5000000000,4718750000,5000000000,5000000000,4843750000,4937500000,4875000000,5721874999,5706395664,10
2025-10-24 22:48:24,60329,pairwise,VerletListsCells,0.500000,vlc_c08,none,AoS,disabled,7156250000,3156250000,3187500000,3156250000,3000000000,3250000000,3062500000,3062500000,3093750000,3156250000,3528125000,3507964934,10
2025-10-24 22:48:24,60339,pairwise,VerletListsCells,0.500000,vlc_c08,none,AoS,enabled,7312500000,3062500000,3125000000,3125000000,3093750000,2906250000,3031250000,2968750000,3093750000,3062500000,3478124999,3478124999,10
2025-10-24 22:48:24,60349,pairwise,VerletListsCells,0.500000,vlc_c08,none,SoA,disabled,11218750000,4750000000,4468750000,4656250000,4781250000,4593750000,4625000000,4812500000,4875000000,4437500000,5321874999,5306526648,10
2025-10-24 22:48:24,60359,pairwise,VerletListsCells,0.500000,vlc_c08,none,SoA,enabled,10968750000,4687500000,4812500000,4625000000,4687500000,4781250000,4500000000,4625000000,4468750000,4812500000,5296874999,5296697722,10
2025-10-24 22:48:25,60369,pairwise,VerletListsCells,0.500000,vlc_sliced,none,AoS,disabled,5718750000,0,0,0,156250000,0,0,0,125000000,0,600000000,576700276,10
2025-10-24 22:48:25,60379,pairwise,VerletListsCells,0.500000,vlc_sliced,none,AoS,enabled,5218750000,0,0,0,0,0,125000000,156250000,0,0,550000000,537670365,10
2025-10-24 22:48:25,60389,pairwise,VerletListsCells,0.500000,vlc_sliced,none,SoA,disabled,9687500000,1468750000,1406250000,1625000000,1593750000,1562500000,1468750000,1562500000,1625000000,1656250000,2365624999,2332807694,10
2025-10-24 22:48:25,60399,pairwise,VerletListsCells,0.500000,vlc_sliced,none,SoA,enabled,9531250000,1500000000,1406250000,1562500000,1687500000,1375000000,1500000000,1468750000,1562500000,1437500000,2303125000,2291588790,10
2025-10-24 22:48:25,60409,pairwise,VerletListsCells,0.500000,vlc_sliced_c02,none,AoS,disabled,5625000000,0,0,0,0,156250000,0,0,0,0,578124999,544948583,10
2025-10-24 22:48:25,60419,pairwise,VerletListsCells,0.500000,vlc_sliced_c02,none,AoS,enabled,5406250000,0,125000000,0,0,0,125000000,156250000,125000000,0,593749999,582863112,10
2025-10-24 22:48:26,60429,pairwise,VerletListsCells,0.500000,vlc_sliced_c02,none,SoA,disabled,9718750000,1625000000,1656250000,1500000000,1375000000,1593750000,1562500000,1531250000,1625000000,1531250000,2371874999,2348647306,10
2025-10-24 22:48:26,60439,pairwise,VerletListsCells,0.500000,vlc_sliced_c02,none,SoA,enabled,9218750000,1500000000,1343750000,1500000000,1656250000,1593750000,1343750000,1468750000,1625000000,1687500000,2293749999,2293172259,10
2025-10-24 22:48:26,60449,pairwise,VerletListsCells,1.000000,vlc_c01,none,AoS,disabled,12406250000,2843750000,3062500000,2812500000,3000000000,2750000000,3031250000,2750000000,3093750000,2750000000,3849999999,3826926430,10
2025-10-24 22:48:26,60459,pairwise,VerletListsCells,1.000000,vlc_c01,none,SoA,disabled,16187500000,4625000000,4343750000,4500000000,4468750000,4500000000,4656250000,4281250000,4500000000,4718750000,5678124999,5655377808,10
2025-10-24 22:48:27,60469,pairwise,VerletListsCells,1.000000,vlc_c18,none,AoS,disabled,8812500000,3281250000,3062500000,3437500000,3093750000,3062500000,3468750000,3156250000,3062500000,3250000000,3768749999,3768749999,10
2025-10-24 22:48:27,60479,pairwise,VerletListsCells,1.000000,vlc_c18,none,AoS,enabled,8718750000,3437500000,3125000000,3187500000,3437500000,3156250000,3187500000,3281250000,3156250000,3281250000,3796875000,3789183926,10
2025-10-24 22:48:27,60489,pairwise,VerletListsCells,1.000000,vlc_c18,none,SoA,disabled,13250000000,4812500000,4843750000,4843750000,4812500000,5031250000,4906250000,4781250000,5093750000,4906250000,5728124999,5705944344,10
2025-10-24 22:48:27,60499,pairwise,VerletListsCells,1.000000,vlc_c18,none,SoA,enabled,12843750000,5000000000,4968750000,4843750000,5062500000,4906250000,4843750000,4906250000,4812500000,4906250000,5709374999,5709374999,10
2025-10-24 22:48:28,60509,pairwise,VerletListsCells,1.000000,vlc_c08,none,AoS,disabled,7187500000,3125000000,3125000000,3062500000,3093750000,3093750000,3062500000,3093750000,3093750000,3031250000,3496874999,3496874999,10
2025-10-24 22:48:28,60519,pairwise,VerletListsCells,1.000000,vlc_c08,none,AoS,enabled,7187500000,3125000000,3312500000,3281250000,3250000000,3187500000,3125000000,2968750000,2906250000,3093750000,3543749999,3541803319,10
2025-10-24 22:48:28,60529,pairwise,VerletListsCells,1.000000,vlc_c08,none,SoA,disabled,11218750000,4781250000,4718750000,4562500000,4656250000,4593750000,4656250000,4656250000,4468750000,4875000000,5318749999,5318749999,10
2025-10-24 22:48:28,60539,pairwise,VerletListsCells,1.000000,vlc_c08,none,SoA,enabled,11093750000,4781250000,4781250000,4687500000,4687500000,4625000000,4687500000,4437500000,4812500000,4750000000,5334374999,5334374999,10
2025-10-24 22:48:29,60549,pairwise,VerletListsCells,1.000000,vlc_sliced,none,AoS,disabled,5843750000,0,0,93750000,0,125000000,156250000,0,0,0,621874999,594604680,10
2025-10-24 22:48:29,60559,pairwise,VerletListsCells,1.000000,vlc_sliced,none,AoS,enabled,5375000000,0,0,0,0,0,0,156250000,93750000,156250000,578124999,554573308,10
2025-10-24 22:48:29,60569,pairwise,VerletListsCells,1.000000,vlc_sliced,none,SoA,disabled,9875000000,1468750000,1531250000,1468750000,1687500000,1656250000,1468750000,1625000000,1531250000,1625000000,2393750000,2367726004,10
2025-10-24 22:48:29,60579,pairwise,VerletListsCells,1.000000,vlc_sliced,none,SoA,enabled,9343750000,1562500000,1625000000,1437500000,1531250000,1468750000,1468750000,1500000000,1750000000,1531250000,2321874999,2304801764,10
2025-10-24 22:48:29,60589,pairwise,VerletListsCells,1.000000,vlc_sliced_c02,none,AoS,disabled,5375000000,156250000,0,0,0,156250000,156250000,0,0,0,584374999,550501788,10
2025-10-24 22:48:29,60599,pairwise,VerletListsCells,1.000000,vlc_sliced_c02,none,AoS,enabled,5250000000,156250000,0,0,125000000,0,0,0,0,0,553125000,536401206,10
2025-10-24 22:48:30,60609,pairwise,VerletListsCells,1.000000,vlc_sliced_c02,none,SoA,disabled,9875000000,1562500000,1468750000,1593750000,1625000000,1437500000,1687500000,1250000000,1500000000,1625000000,2362499999,2340331964,10
2025-10-24 22:48:30,60619,pairwise,VerletListsCells,1.000000,vlc_sliced_c02,none,SoA,enabled,9687500000,1625000000,1468750000,1468750000,1531250000,1468750000,1687500000,1656250000,1500000000,1468750000,2356249999,2344536896,10
2025-10-24 22:48:30,60629,pairwise,PairwiseVerletLists,0.500000,vlp_c01,none,AoS,disabled,13343750000,3343750000,3187500000,3156250000,3093750000,3000000000,3156250000,3187500000,3156250000,3312500000,4193749999,4154538627,10
2025-10-24 22:48:30,60639,pairwise,PairwiseVerletLists,0.500000,vlp_c01,none,SoA,disabled,24218750000,4812500000,4875000000,4875000000,5062500000,5250000000,5156250000,5093750000,5156250000,5031250000,6953124999,6907984689,10
2025-10-24 22:48:31,60649,pairwise,PairwiseVerletLists,0.500000,vlp_c18,none,AoS,disabled,11625000000,3531250000,3437500000,3468750000,3312500000,3531250000,3500000000,3500000000,3437500000,3343750000,4268749999,4266593301,10
2025-10-24 22:48:31,60659,pairwise,PairwiseVerletLists,0.500000,vlp_c18,none,AoS,enabled,11562500000,3375000000,3437500000,3468750000,3531250000,3437500000,3406250000,3531250000,3437500000,3437500000,4262499999,4262499999,10
2025-10-24 22:48:31,60669,pairwise,PairwiseVerletLists,0.500000,vlp_c18,none,SoA,disabled,28437500000,5406250000,5343750000,5468750000,5312500000,5375000000,5312500000,5281250000,5125000000,5218750000,7628124999,7609839317,10
2025-10-24 22:48:32,60679,pairwise,PairwiseVerletLists,0.500000,vlp_c18,none,SoA,enabled,28125000000,5343750000,5406250000,5593750000,5437500000,5500000000,5281250000,5437500000,5343750000,5437500000,7690624999,7668896085,10
2025-10-24 22:48:32,60689,pairwise,PairwiseVerletLists,0.500000,vlp_sliced,none,AoS,disabled,8750000000,687500000,687500000,625000000,562500000,562500000,312500000,593750000,468750000,375000000,1362499999,1361877659,10
2025-10-24 22:48:32,60699,pairwise,PairwiseVerletLists,0.500000,vlp_sliced,none,AoS,enabled,8718750000,625000000,687500000,656250000,656250000,750000000,593750000,718750000,593750000,562500000,1456249999,1427771165,10
2025-10-24 22:48:32,60709,pairwise,PairwiseVerletLists,0.500000,vlp_sliced,none,SoA,disabled,25281250000,2468750000,2750000000,2375000000,2500000000,2343750000,2468750000,2437500000,2312500000,2531250000,4746874999,4683423670,10
2025-10-24 22:48:33,60719,pairwise,PairwiseVerletLists,0.500000,vlp_sliced,none,SoA,enabled,25156250000,2312500000,2562500000,2375000000,2687500000,2468750000,2406250000,2500000000,2343750000,2468750000,4728124999,4697909549,10
2025-10-24 22:48:33,60729,pairwise,PairwiseVerletLists,0.500000,vlp_sliced_c02,none,AoS,disabled,8656250000,656250000,468750000,656250000,781250000,750000000,562500000,468750000,406250000,406250000,1381249999,1339748990,10
2025-10-24 22:48:33,60739,pairwise,PairwiseVerletLists,0.500000,vlp_sliced_c02,none,AoS,enabled,8781250000,625000000,500000000,500000000,562500000,343750000,750000000,656250000,437500000,437500000,1359374999,1356824350,10
2025-10-24 22:48:33,60749,pairwise,PairwiseVerletLists,0.500000,vlp_sliced_c02,none,SoA,disabled,25281250000,2593750000,2343750000,2406250000,2343750000,2562500000,2656250000,2531250000,2437500000,2312500000,4746874999,4677342303,10
2025-10-24 22:48:33,60759,pairwise,PairwiseVerletLists,0.500000,vlp_sliced_c02,none,SoA,enabled,25093750000,2375000000,2656250000,2375000000,2656250000,2281250000,2656250000,2375000000,2437500000,2343750000,4724999999,4694563136,10
2025-10-24 22:48:34,60769,pairwise,PairwiseVerletLists,1.000000,vlp_c01,none,AoS,disabled,13437500000,3156250000,3281250000,3187500000,3218750000,3093750000,3093750000,3062500000,3093750000,3187500000,4181249999,4143939525,10
2025-10-24 22:48:34,60779,pairwise,PairwiseVerletLists,1.000000,vlp_c01,none,SoA,disabled,24250000000,5062500000,5156250000,5250000000,5250000000,4875000000,5093750000,4906250000,4937500000,5031250000,6981250000,6919370950,10
2025-10-24 22:48:34,60789,pairwise,PairwiseVerletLists,1.000000,vlp_c18,none,AoS,disabled,11750000000,3500000000,3437500000,3218750000,3375000000,3437500000,3468750000,3343750000,3468750000,3468750000,4246874999,4246874999,10
2025-10-24 22:48:35,60799,pairwise,PairwiseVerletLists,1.000000,vlp_c18,none,AoS,enabled,11406250000,3500000000,3468750000,3468750000,3500000000,3468750000,3562500000,3406250000,3437500000,3437500000,4265624999,4260485157,10
2025-10-24 22:48:35,60809,pairwise,PairwiseVerletLists,1.000000,vlp_c18,none,SoA,disabled,28406250000,5218750000,5218750000,5406250000,5531250000,5281250000,5375000000,5343750000,5312500000,5500000000,7659374999,7608058042,10
2025-10-24 22:48:35,60819,pairwise,PairwiseVerletLists,1.000000,vlp_c18,none,SoA,enabled,28187500000,5531250000,5250000000,5250000000,5375000000,5375000000,5156250000,5406250000,5343750000,5250000000,7612499999,7581090234,10
2025-10-24 22:48:36,60829,pairwise,PairwiseVerletLists,1.000000,vlp_sliced,none,AoS,disabled,8750000000,718750000,625000000,656250000,656250000,625000000,531250000,593750000,718750000,656250000,1453124999,1442186515,10
2025-10-24 22:48:36,60839,pairwise,PairwiseVerletLists,1.000000,vlp_sliced,none,AoS,enabled,8687500000,593750000,687500000,687500000,656250000,562500000,562500000,687500000,687500000,437500000,1424999999,1420777904,10
2025-10-24 22:48:36,60849,pairwise,PairwiseVerletLists,1.000000,vlp_sliced,none,SoA,disabled,25468750000,2500000000,2375000000,2281250000,2406250000,2375000000,2375000000,2718750000,2531250000,2312500000,4734374999,4685993282,10
2025-10-24 22:48:36,60859,pairwise,PairwiseVerletLists,1.000000,vlp_sliced,none,SoA,enabled,25281250000,2218750000,2343750000,2562500000,2437500000,2531250000,2468750000,2343750000,2406250000,2656250000,4724999999,4694979558,10
2025-10-24 22:48:36,60869,pairwise,PairwiseVerletLists,1.000000,vlp_sliced_c02,none,AoS,disabled,8968750000,500000000,656250000,625000000,687500000,687500000,562500000,562500000,468750000,656250000,1437499999,1437204874,10
2025-10-24 22:48:37,60879,pairwise,PairwiseVerletLists,1.000000,vlp_sliced_c02,none,AoS,enabled,8812500000,562500000,406250000,625000000,687500000,718750000,562500000,406250000,687500000,687500000,1415625000,1415625000,10
2025-10-24 22:48:37,60889,pairwise,PairwiseVerletLists,1.000000,vlp_sliced_c02,none,SoA,disabled,25562500000,2468750000,2500000000,2468750000,2375000000,2406250000,2656250000,2500000000,2531250000,2468750000,4793749999,4741066306,10
2025-10-24 22:48:37,60899,pairwise,PairwiseVerletLists,1.000000,vlp_sliced_c02,none,SoA,enabled,25468750000,2437500000,2468750000,2437500000,2281250000,2437500000,2468750000,2406250000,2375000000,2531250000,4731249999,4695920530,10
2025-10-24 22:50:37,70009,pairwise,LinkedCells,0.500000,lc_c08,none,AoS,disabled,27625000000,27500000000,27500000000,27531250000,27750000000,28062500000,27687500000,27781250000,27812500000,27656250000,27690624999,27614671423,10
2025-10-24 22:50:39,70019,pairwise,LinkedCells,0.500000,lc_c08,none,AoS,enabled,27812500000,27812500000,27687500000,27687500000,27656250000,27843750000,28000000000,28031250000,27812500000,27968750000,27831249999,27693188278,10
2025-10-24 22:50:41,70029,pairwise,LinkedCells,0.500000,lc_c08,none,SoA,disabled,47312500000,46968750000,47187500000,47062500000,47062500000,47031250000,46812500000,46937500000,47250000000,46906250000,47053124999,46971116674,10
2025-10-24 22:50:43,70039,pairwise,LinkedCells,0.500000,lc_c08,none,SoA,enabled,46875000000,46875000000,47062500000,47000000000,47031250000,46906250000,46750000000,46937500000,46937500000,46781250000,46915624999,46852021573,10
2025-10-24 22:50:45,70049,pairwise,LinkedCells,0.500000,lc_c18,none,AoS,disabled,26625000000,26656250000,26687500000,26656250000,26843750000,26687500000,26593750000,26656250000,26718750000,26718750000,26684374999,26607257333,10
2025-10-24 22:50:47,70059,pairwise,LinkedCells,0.500000,lc_c18,none,AoS,enabled,26750000000,26906250000,26687500000,26656250000,26593750000,26625000000,26687500000,26750000000,26843750000,26750000000,26724999999,26618339751,10
2025-10-24 22:50:49,70069,pairwise,LinkedCells,0.500000,lc_c18,none,SoA,disabled,34937500000,34906250000,34937500000,35187500000,34937500000,35062500000,35031250000,35375000000,34718750000,34750000000,34984374999,34841353300,10
2025-10-24 22:50:51,70079,pairwise,LinkedCells,0.500000,lc_c18,none,SoA,enabled,34656250000,34718750000,34718750000,34750000000,34875000000,34875000000,34718750000,34750000000,34812500000,34906250000,34778124999,34685783347,10
2025-10-24 22:50:51,70089,pairwise,LinkedCells,1.000000,lc_c04,none,AoS,disabled,687500000,375000000,281250000,343750000,0,156250000,375000000,281250000,250000000,281250000,303124999,303124999,10
2025-10-24 22:50:51,70099,pairwise,LinkedCells,1.000000,lc_c04,none,AoS,enabled,406250000,312500000,218750000,125000000,281250000,343750000,375000000,125000000,125000000,156250000,246874999,246874999,10
2025-10-24 22:50:51,70109,pairwise,LinkedCells,1.000000,lc_c04,none,SoA,disabled,1843750000,1531250000,1531250000,1437500000,1531250000,1437500000,1468750000,1406250000,1468750000,1531250000,1518749999,1518749999,10
2025-10-24 22:50:51,70119,pairwise,LinkedCells,1.000000,lc_c04,none,SoA,enabled,1718750000,1656250000,1468750000,1531250000,1562500000,1718750000,1500000000,1468750000,1500000000,1500000000,1562499999,1562499999,10
2025-10-24 22:50:52,70129,pairwise,LinkedCells,1.000000,lc_c04_combined_SoA,none,SoA,disabled,2562500000,2593750000,2531250000,2625000000,2656250000,2281250000,2156250000,2312500000,2375000000,2437500000,2453124999,2441470341,10
2025-10-24 22:50:52,70139,pairwise,LinkedCells,1.000000,lc_c04_combined_SoA,none,SoA,enabled,2281250000,2375000000,2343750000,2625000000,2593750000,2437500000,2531250000,2343750000,2312500000,2281250000,2412499999,2412499999,10
2025-10-24 22:50:52,70149,pairwise,LinkedCells,1.000000,lc_c08,none,AoS,disabled,3187500000,3125000000,3156250000,3250000000,3156250000,3187500000,3187500000,3312500000,3250000000,3281250000,3209374999,3196444558,10
2025-10-24 22:50:52,70159,pairwise,LinkedCells,1.000000,lc_c08,none,AoS,enabled,3031250000,3218750000,3187500000,3156250000,3187500000,3250000000,3437500000,2968750000,3000000000,3312500000,3174999999,3170939965,10
2025-10-24 22:50:53,70169,pairwise,LinkedCells,1.000000,lc_c08,none,SoA,disabled,4062500000,4218750000,4156250000,4250000000,4500000000,4156250000,4218750000,4218750000,4187500000,4375000000,4234374999,4228619054,10
2025-10-24 22:50:53,70179,pairwise,LinkedCells,1.000000,lc_c08,none,SoA,enabled,4156250000,4250000000,4406250000,4218750000,4343750000,4218750000,4156250000,4312500000,4062500000,4375000000,4249999999,4249999999,10
2025-10-24 22:50:53,70189,pairwise,LinkedCells,1.000000,lc_c18,none,AoS,disabled,3281250000,3125000000,3156250000,3437500000,3125000000,3187500000,3156250000,3437500000,3125000000,3125000000,3215624999,3215624999,10
2025-10-24 22:50:53,70199,pairwise,LinkedCells,1.000000,lc_c18,none,AoS,enabled,3500000000,3218750000,3187500000,3375000000,3406250000,3156250000,3156250000,3406250000,3343750000,3187500000,3293749999,3272876385,10
2025-10-24 22:50:53,70209,pairwise,LinkedCells,1.000000,lc_c18,none,SoA,disabled,3968750000,4031250000,4031250000,3968750000,3812500000,3875000000,4031250000,4093750000,4062500000,3937500000,3981249999,3981249999,10
2025-10-24 22:50:54,70219,pairwise,LinkedCells,1.000000,lc_c18,none,SoA,enabled,3968750000,4000000000,4062500000,4000000000,4031250000,3937500000,4031250000,4000000000,4031250000,4000000000,4006249999,3998090144,10
2025-10-24 22:50:54,70229,pairwise,VerletLists,0.500000,vl_list_iteration,none,AoS,disabled,6125000000,312500000,125000000,0,125000000,156250000,250000000,281250000,0,0,737499999,733511413,10
2025-10-24 22:50:54,70239,pairwise,VerletLists,0.500000,vl_list_iteration,none,SoA,disabled,8468750000,1656250000,1718750000,1625000000,1625000000,1593750000,1531250000,1375000000,1625000000,1375000000,2259374999,2241103504,10
2025-10-24 22:50:54,70249,pairwise,VerletLists,1.000000,vl_list_iteration,none,AoS,disabled,5937500000,312500000,125000000,156250000,0,125000000,312500000,0,343750000,156250000,746874999,725730138,10
2025-10-24 22:50:54,70259,pairwise,VerletLists,1.000000,vl_list_iteration,none,SoA,disabled,8437500000,1468750000,1343750000,1593750000,1312500000,1562500000,1312500000,1687500000,1281250000,1375000000,2137500000,2137500000,10
2025-10-24 22:50:55,70269,pairwise,VerletListsCells,0.500000,vlc_c01,none,AoS,disabled,12406250000,2968750000,2718750000,2906250000,2750000000,3062500000,2968750000,2812500000,3156250000,2812500000,3856250000,3820321008,10
2025-10-24 22:50:55,70279,pairwise,VerletListsCells,0.500000,vlc_c01,none,SoA,disabled,16000000000,4781250000,4562500000,4656250000,4468750000,4656250000,4531250000,4625000000,4468750000,4625000000,5737499999,5706527439,10
2025-10-24 22:50:55,70289,pairwise,VerletListsCells,0.500000,vlc_c18,none,AoS,disabled,9093750000,3437500000,3093750000,3406250000,3218750000,3406250000,3125000000,3406250000,3093750000,3437500000,3871874999,3858234102,10
2025-10-24 22:50:56,70299,pairwise,VerletListsCells,0.500000,vlc_c18,none,AoS,enabled,8968750000,3406250000,3187500000,3312500000,3437500000,3250000000,3406250000,3125000000,3218750000,3187500000,3850000000,3823616205,10
2025-10-24 22:50:56,70309,pairwise,VerletListsCells,0.500000,vlc_c18,none,SoA,disabled,13031250000,5031250000,4906250000,5125000000,4875000000,5000000000,4875000000,5062500000,4937500000,5062500000,5790624999,5743412351,10
2025-10-24 22:50:56,70319,pairwise,VerletListsCells,0.500000,vlc_c18,none,SoA,enabled,12375000000,4906250000,4843750000,4875000000,4843750000,4906250000,4843750000,4687500000,4843750000,4875000000,5599999999,5599999999,10
2025-10-24 22:50:56,70329,pairwise,VerletListsCells,0.500000,vlc_c08,none,AoS,disabled,7437500000,3062500000,3031250000,3062500000,3031250000,3093750000,3062500000,3093750000,3062500000,3093750000,3503124999,3503124999,10
2025-10-24 22:50:57,70339,pairwise,VerletListsCells,0.500000,vlc_c08,none,AoS,enabled,7468750000,2906250000,3031250000,3000000000,2968750000,3062500000,2968750000,3031250000,3125000000,3062500000,3462499999,3462499999,10
2025-10-24 22:50:57,70349,pairwise,VerletListsCells,0.500000,vlc_c08,none,SoA,disabled,10968750000,4750000000,4781250000,4875000000,4562500000,4812500000,4812500000,4562500000,4562500000,4875000000,5356249999,5342559599,10
2025-10-24 22:50:57,70359,pairwise,VerletListsCells,0.500000,vlc_c08,none,SoA,enabled,10906250000,4687500000,4906250000,4593750000,4656250000,4562500000,4750000000,4875000000,4781250000,4625000000,5334374999,5321361671,10
2025-10-24 22:50:57,70369,pairwise,VerletListsCells,0.500000,vlc_sliced,none,AoS,disabled,5687500000,0,0,0,156250000,0,0,0,0,0,584374999,584374999,10
2025-10-24 22:50:57,70379,pairwise,VerletListsCells,0.500000,vlc_sliced,none,AoS,enabled,5437500000,0,156250000,0,0,0,0,156250000,0,0,574999999,570832253,10
2025-10-24 22:50:58,70389,pairwise,VerletListsCells,0.500000,vlc_sliced,none,SoA,disabled,9718750000,1468750000,1625000000,1625000000,1500000000,1437500000,1500000000,1437500000,1656250000,1500000000,2346874999,2339421124,10
2025-10-24 22:50:58,70399,pairwise,VerletListsCells,0.500000,vlc_sliced,none,SoA,enabled,9250000000,1593750000,1468750000,1500000000,1468750000,1750000000,1625000000,1531250000,1531250000,1468750000,2318749999,2308939224,10
2025-10-24 22:50:58,70409,pairwise,VerletListsCells,0.500000,vlc_sliced_c02,none,AoS,disabled,5656250000,0,0,156250000,0,0,125000000,156250000,0,0,609374999,602760431,10
2025-10-24 22:50:58,70419,pairwise,VerletListsCells,0.500000,vlc_sliced_c02,none,AoS,enabled,5312500000,0,0,0,0,0,0,0,125000000,156250000,559375000,559375000,10
2025-10-24 22:50:58,70429,pairwise,VerletListsCells,0.500000,vlc_sliced_c02,none,SoA,disabled,9625000000,1468750000,1687500000,1562500000,1593750000,1593750000,1437500000,1468750000,1500000000,1468750000,2340625000,2340625000,10
2025-10-24 22:50:58,70439,pairwise,VerletListsCells,0.500000,vlc_sliced_c02,none,SoA,enabled,9281250000,1625000000,1593750000,1656250000,1593750000,1625000000,1656250000,1687500000,1562500000,1687500000,2396874999,2365752944,10
2025-10-24 22:50:59,70449,pairwise,VerletListsCells,1.000000,vlc_c01,none,AoS,disabled,12906250000,3031250000,3156250000,3000000000,2875000000,3125000000,2937500000,3093750000,3062500000,3031250000,4021874999,3978342346,10
2025-10-24 22:50:59,70459,pairwise,VerletListsCells,1.000000,vlc_c01,none,SoA,disabled,16468750000,4500000000,4375000000,4343750000,4375000000,4187500000,4281250000,4500000000,4437500000,4531250000,5599999999,5599999999,10
2025-10-24 22:50:59,70469,pairwise,VerletListsCells,1.000000,vlc_c18,none,AoS,disabled,9125000000,3156250000,3312500000,3156250000,3406250000,3218750000,3312500000,3375000000,3218750000,3218750000,3849999999,3822502190,10
2025-10-24 22:51:00,70479,pairwise,VerletListsCells,1.000000,vlc_c18,none,AoS,enabled,8781250000,3281250000,3187500000,3218750000,3218750000,3187500000,3125000000,3281250000,3250000000,3281250000,3781249999,3777664979,10
2025-10-24 22:51:00,70489,pairwise,VerletListsCells,1.000000,vlc_c18,none,SoA,disabled,13093750000,4812500000,4750000000,4781250000,4937500000,4687500000,4875000000,4843750000,4812500000,4875000000,5646874999,5646874999,10
2025-10-24 22:51:00,70499,pairwise,VerletListsCells,1.000000,vlc_c18,none,SoA,enabled,12937500000,4843750000,4812500000,4687500000,4875000000,4968750000,4843750000,4875000000,4906250000,4937500000,5668749999,5668749999,10
2025-10-24 22:51:00,70509,pairwise,VerletListsCells,1.000000,vlc_c08,none,AoS,disabled,7250000000,3187500000,3281250000,3031250000,3125000000,3125000000,3093750000,2906250000,3093750000,3125000000,3521874999,3512000008,10
2025-10-24 22:51:01,70519,pairwise,VerletListsCells,1.000000,vlc_c08,none,AoS,enabled,7125000000,3156250000,3093750000,3093750000,3093750000,3093750000,3125000000,3062500000,3062500000,3031250000,3493749999,3493749999,10
2025-10-24 22:51:01,70529,pairwise,VerletListsCells,1.000000,vlc_c08,none,SoA,disabled,11031250000,4843750000,4593750000,4687500000,4781250000,4562500000,4562500000,4625000000,4656250000,4562500000,5290624999,5290624999,10
2025-10-24 22:51:01,70539,pairwise,VerletListsCells,1.000000,vlc_c08,none,SoA,enabled,11093750000,4750000000,4625000000,4687500000,4656250000,4875000000,4750000000,4593750000,4593750000,4687500000,5331249999,5326575167,10
2025-10-24 22:51:01,70549,pairwise,VerletListsCells,1.000000,vlc_sliced,none,AoS,disabled,5625000000,0,0,0,156250000,156250000,0,0,0,0,593749999,593749999,10
2025-10-24 22:51:01,70559,pairwise,VerletListsCells,1.000000,vlc_sliced,none,AoS,enabled,5437500000,0,0,0,0,0,0,0,0,0,543750000,543750000,10
2025-10-24 22:51:02,70569,pairwise,VerletListsCells,1.000000,vlc_sliced,none,SoA,disabled,9656250000,1562500000,1437500000,1656250000,1687500000,1312500000,1500000000,1562500000,1625000000,1437500000,2343750000,2343750000,10
2025-10-24 22:51:02,70579,pairwise,VerletListsCells,1.000000,vlc_sliced,none,SoA,enabled,9437500000,1468750000,1468750000,1500000000,1625000000,1625000000,1375000000,1625000000,1562500000,1500000000,2318749999,2310666274,10
2025-10-24 22:51:02,70589,pairwise,VerletListsCells,1.000000,vlc_sliced_c02,none,AoS,disabled,5312500000,0,125000000,0,0,0,0,93750000,187500000,0,571874999,571874999,10
2025-10-24 22:51:02,70599,pairwise,VerletListsCells,1.000000,vlc_sliced_c02,none,AoS,enabled,5437500000,0,0,0,125000000,0,0,0,0,0,556249999,549510794,10
2025-10-24 22:51:02,70609,pairwise,VerletListsCells,1.000000,vlc_sliced_c02,none,SoA,disabled,9343750000,1281250000,1687500000,1625000000,1593750000,1468750000,1437500000,1656250000,1656250000,1375000000,2312500000,2311042834,10
2025-10-24 22:51:03,70619,pairwise,VerletListsCells,1.000000,vlc_sliced_c02,none,SoA,enabled,9312500000,1281250000,1500000000,1562500000,1593750000,1562500000,1468750000,1625000000,1312500000,1468750000,2268749999,2268749999,10
2025-10-24 22:51:03,70629,pairwise,PairwiseVerletLists,0.500000,vlp_c01,none,AoS,disabled,13468750000,3125000000,2843750000,3062500000,3125000000,3187500000,3218750000,3156250000,3156250000,2875000000,4121874999,4121874999,10
2025-10-24 22:51:03,70639,pairwise,PairwiseVerletLists,0.500000,vlp_c01,none,SoA,disabled,24343750000,5000000000,5000000000,5000000000,4968750000,4875000000,4937500000,5062500000,5093750000,5000000000,6928124999,6920564544,10
2025-10-24 22:51:03,70649,pairwise,PairwiseVerletLists,0.500000,vlp_c18,none,AoS,disabled,11593750000,3343750000,3531250000,3343750000,3375000000,3500000000,3500000000,3468750000,3281250000,3468750000,4240624999,4240624999,10
2025-10-24 22:51:04,70659,pairwise,PairwiseVerletLists,0.500000,vlp_c18,none,AoS,enabled,11500000000,3531250000,3531250000,3437500000,3531250000,3531250000,3343750000,3281250000,3531250000,3500000000,4271875000,4271875000,10
2025-10-24 22:51:04,70669,pairwise,PairwiseVerletLists,0.500000,vlp_c18,none,SoA,disabled,28156250000,5250000000,5312500000,5468750000,5375000000,5312500000,5281250000,5343750000,5375000000,5500000000,7637499999,7613116238,10
2025-10-24 22:51:04,70679,pairwise,PairwiseVerletLists,0.500000,vlp_c18,none,SoA,enabled,27937500000,5406250000,5562500000,5500000000,5437500000,5375000000,5312500000,5343750000,5343750000,5218750000,7643749999,7643749999,10
2025-10-24 22:51:05,70689,pairwise,PairwiseVerletLists,0.500000,vlp_sliced,none,AoS,disabled,8593750000,593750000,687500000,437500000,656250000,625000000,718750000,437500000,593750000,437500000,1378124999,1378124999,10
2025-10-24 22:51:05,70699,pairwise,PairwiseVerletLists,0.500000,vlp_sliced,none,AoS,enabled,8531250000,687500000,593750000,718750000,468750000,593750000,562500000,468750000,500000000,625000000,1374999999,1374999999,10
2025-10-24 22:51:05,70709,pairwise,PairwiseVerletLists,0.500000,vlp_sliced,none,SoA,disabled,25125000000,2343750000,2375000000,2500000000,2343750000,2531250000,2437500000,2187500000,2437500000,2500000000,4678125000,4673287295,10
2025-10-24 22:51:05,70719,pairwise,PairwiseVerletLists,0.500000,vlp_sliced,none,SoA,enabled,25000000000,2343750000,2375000000,2343750000,2375000000,2500000000,2468750000,2625000000,2343750000,2531250000,4690624999,4690624999,10
2025-10-24 22:51:05,70729,pairwise,PairwiseVerletLists,0.500000,vlp_sliced_c02,none,AoS,disabled,8812500000,656250000,656250000,718750000,718750000,718750000,625000000,593750000,687500000,812500000,1500000000,1475040127,10
2025-10-24 22:51:06,70739,pairwise,PairwiseVerletLists,0.500000,vlp_sliced_c02,none,AoS,enabled,8500000000,718750000,656250000,562500000,687500000,656250000,750000000,437500000,531250000,687500000,1418749999,1403812657,10
2025-10-24 22:51:06,70749,pairwise,PairwiseVerletLists,0.500000,vlp_sliced_c02,none,SoA,disabled,25250000000,2531250000,2718750000,2625000000,2312500000,2343750000,2562500000,2500000000,2406250000,2343750000,4759374999,4733649469,10
2025-10-24 22:51:06,70759,pairwise,PairwiseVerletLists,0.500000,vlp_sliced_c02,none,SoA,enabled,25093750000,2625000000,2406250000,2468750000,2468750000,2312500000,2312500000,2531250000,2500000000,2468750000,4718749999,4705114892,10
2025-10-24 22:51:07,70769,pairwise,PairwiseVerletLists,1.000000,vlp_c01,none,AoS,disabled,13062500000,2875000000,3125000000,3125000000,2843750000,3031250000,2843750000,2843750000,2968750000,2843750000,3956249999,3956249999,10
2025-10-24 22:51:07,70779,pairwise,PairwiseVerletLists,1.000000,vlp_c01,none,SoA,disabled,23812500000,4843750000,4812500000,4812500000,4750000000,4625000000,4875000000,4812500000,4781250000,4812500000,6693749999,6693749999,10
2025-10-24 22:51:07,70789,pairwise,PairwiseVerletLists,1.000000,vlp_c18,none,AoS,disabled,11593750000,3468750000,3500000000,3406250000,3468750000,3343750000,3187500000,3312500000,3156250000,3437500000,4187499999,4187499999,10
2025-10-24 22:51:07,70799,pairwise,PairwiseVerletLists,1.000000,vlp_c18,none,AoS,enabled,11625000000,3500000000,3468750000,3281250000,3156250000,3500000000,3281250000,3281250000,3187500000,3281250000,4156249999,4156249999,10
2025-10-24 22:51:08,70809,pairwise,PairwiseVerletLists,1.000000,vlp_c18,none,SoA,disabled,27906250000,5281250000,5437500000,5437500000,5187500000,5218750000,5312500000,5375000000,5437500000,5375000000,7596874999,7581394295,10
2025-10-24 22:51:08,70819,pairwise,PairwiseVerletLists,1.000000,vlp_c18,none,SoA,enabled,27875000000,5281250000,5437500000,5500000000,5406250000,5375000000,5343750000,5250000000,5468750000,5281250000,7621874999,7602840964,10
2025-10-24 22:51:08,70829,pairwise,PairwiseVerletLists,1.000000,vlp_sliced,none,AoS,disabled,8875000000,687500000,593750000,500000000,531250000,500000000,687500000,562500000,625000000,625000000,1418749999,1418749999,10
2025-10-24 22:51:08,70839,pairwise,PairwiseVerletLists,1.000000,vlp_sliced,none,AoS,enabled,8812500000,750000000,531250000,656250000,531250000,500000000,437500000,468750000,593750000,687500000,1396874999,1396874999,10
2025-10-24 22:51:09,70849,pairwise,PairwiseVerletLists,1.000000,vlp_sliced,none,SoA,disabled,25156250000,2312500000,2656250000,2343750000,2531250000,2312500000,2437500000,2468750000,2281250000,2406250000,4690624999,4685123541,10
2025-10-24 22:51:09,70859,pairwise,PairwiseVerletLists,1.000000,vlp_sliced,none,SoA,enabled,25250000000,2500000000,2500000000,2562500000,2375000000,2468750000,2375000000,2375000000,2468750000,2343750000,4721874999,4710283146,10
2025-10-24 22:51:09,70869,pairwise,PairwiseVerletLists,1.000000,vlp_sliced_c02,none,AoS,disabled,8562500000,375000000,718750000,562500000,562500000,593750000,500000000,562500000,718750000,718750000,1387499999,1387499999,10
2025-10-24 22:51:09,70879,pairwise,PairwiseVerletLists,1.000000,vlp_sliced_c02,none,AoS,enabled,8656250000,406250000,718750000,625000000,687500000,593750000,593750000,656250000,687500000,687500000,1431249999,1428398042,10
2025-10-24 22:51:10,70889,pairwise,PairwiseVerletLists,1.000000,vlp_sliced_c02,none,SoA,disabled,25812500000,2468750000,2500000000,2312500000,2531250000,2500000000,2343750000,2500000000,2406250000,2406250000,4778124999,4766451523,10
2025-10-24 22:51:10,70899,pairwise,PairwiseVerletLists,1.000000,vlp_sliced_c02,none,SoA,enabled,25031250000,2406250000,2593750000,2312500000,2312500000,2281250000,2500000000,2375000000,2625000000,2468750000,4690624999,4688566002,10
2025-10-24 22:53:11,80009,pairwise,LinkedCells,0.500000,lc_c08,none,AoS,disabled,27781250000,27625000000,27656250000,27468750000,27593750000,27656250000,27656250000,27468750000,27656250000,27781250000,27634374999,27630189414,10
2025-10-24 22:53:12,80019,pairwise,LinkedCells,0.500000,lc_c08,none,AoS,enabled,27468750000,27656250000,27656250000,27562500000,27812500000,27531250000,27750000000,27562500000,27375000000,27593750000,27596874999,27596874999,10
2025-10-24 22:53:15,80029,pairwise,LinkedCells,0.500000,lc_c08,none,SoA,disabled,47000000000,46687500000,46562500000,46625000000,46937500000,46593750000,46750000000,46718750000,46781250000,46718750000,46737499999,46737499999,10
2025-10-24 22:53:17,80039,pairwise,LinkedCells,0.500000,lc_c08,none,SoA,enabled,46875000000,46593750000,46812500000,46750000000,46531250000,46687500000,46562500000,46562500000,46593750000,46750000000,46671874999,46671874999,10
2025-10-24 22:53:19,80049,pairwise,LinkedCells,0.500000,lc_c18,none,AoS,disabled,26687500000,26656250000,26625000000,26687500000,26468750000,26500000000,26531250000,26687500000,26656250000,26656250000,26615624999,26615624999,10
2025-10-24 22:53:21,80059,pairwise,LinkedCells,0.500000,lc_c18,none,AoS,enabled,26687500000,26656250000,26687500000,26593750000,26812500000,26593750000,26500000000,26562500000,26593750000,26656250000,26634374999,26634374999,10
2025-10-24 22:53:23,80069,pairwise,LinkedCells,0.500000,lc_c18,none,SoA,disabled,34687500000,34656250000,34562500000,34812500000,34812500000,34656250000,34656250000,34812500000,34656250000,34718750000,34703124999,34703124999,10
2025-10-24 22:53:25,80079,pairwise,LinkedCells,0.500000,lc_c18,none,SoA,enabled,34718750000,34875000000,34812500000,34937500000,34593750000,34750000000,34781250000,34781250000,34656250000,34625000000,34753124999,34744769003,10
2025-10-24 22:53:25,80089,pairwise,LinkedCells,1.000000,lc_c04,none,AoS,disabled,625000000,375000000,468750000,343750000,156250000,343750000,0,156250000,500000000,93750000,306249999,306249999,10
2025-10-24 22:53:25,80099,pairwise,LinkedCells,1.000000,lc_c04,none,AoS,enabled,312500000,250000000,125000000,93750000,312500000,125000000,375000000,343750000,312500000,312500000,256250000,256250000,10
2025-10-24 22:53:25,80109,pairwise,LinkedCells,1.000000,lc_c04,none,SoA,disabled,1781250000,1593750000,1531250000,1625000000,1718750000,1750000000,1500000000,1625000000,1687500000,1843750000,1665624999,1619696138,10
2025-10-24 22:53:25,80119,pairwise,LinkedCells,1.000000,lc_c04,none,SoA,enabled,1718750000,1656250000,1625000000,1718750000,1500000000,1718750000,1718750000,1656250000,1656250000,1593750000,1656249999,1632336627,10
2025-10-24 22:53:26,80129,pairwise,LinkedCells,1.000000,lc_c04_combined_SoA,none,SoA,disabled,2375000000,2312500000,2312500000,2187500000,2343750000,2250000000,2312500000,2312500000,2531250000,2250000000,2318750000,2318750000,10
2025-10-24 22:53:26,80139,pairwise,LinkedCells,1.000000,lc_c04_combined_SoA,none,SoA,enabled,2500000000,2281250000,2250000000,2218750000,2281250000,2218750000,2281250000,2281250000,2187500000,2156250000,2265624999,2265624999,10
2025-10-24 22:53:26,80149,pairwise,LinkedCells,1.000000,lc_c08,none,AoS,disabled,3375000000,3343750000,3250000000,3187500000,3187500000,3187500000,3156250000,3125000000,3500000000,3218750000,3253124999,3241158002,10
2025-10-24 22:53:26,80159,pairwise,LinkedCells,1.000000,lc_c08,none,AoS,enabled,3281250000,3187500000,3375000000,3250000000,3343750000,3187500000,3218750000,3281250000,3187500000,3218750000,3253125000,3234015319,10
2025-10-24 22:53:26,80169,pairwise,LinkedCells,1.000000,lc_c08,none,SoA,disabled,4250000000,4468750000,4250000000,4562500000,4281250000,4343750000,4187500000,4375000000,4187500000,4468750000,4337499999,4305687917,10
2025-10-24 22:53:27,80179,pairwise,LinkedCells,1.000000,lc_c08,none,SoA,enabled,4250000000,4187500000,4281250000,4218750000,4343750000,4281250000,4250000000,4218750000,4406250000,4156250000,4259374999,4251972981,10
2025-10-24 22:53:27,80189,pairwise,LinkedCells,1.000000,lc_c18,none,AoS,disabled,3187500000,3187500000,3156250000,3343750000,3156250000,3312500000,3312500000,3187500000,3187500000,3125000000,3215625000,3212180259,10
2025-10-24 22:53:27,80199,pairwise,LinkedCells,1.000000,lc_c18,none,AoS,enabled,3375000000,3156250000,3468750000,3218750000,3156250000,3406250000,3125000000,3187500000,3187500000,3343750000,3262500000,3262500000,10
2025-10-24 22:53:27,80209,pairwise,LinkedCells,1.000000,lc_c18,none,SoA,disabled,4093750000,3906250000,4000000000,4031250000,3968750000,4000000000,3875000000,3906250000,4031250000,4093750000,3990624999,3983688708,10
2025-10-24 22:53:28,80219,pairwise,LinkedCells,1.000000,lc_c18,none,SoA,enabled,3843750000,4031250000,4000000000,4000000000,4062500000,3968750000,4062500000,4187500000,3968750000,4000000000,4012500000,4006906212,10
2025-10-24 22:53:28,80229,pairwise,VerletLists,0.500000,vl_list_iteration,none,AoS,disabled,6000000000,312500000,0,0,156250000,156250000,0,312500000,0,250000000,718749999,718749999,10
2025-10-24 22:53:28,80239,pairwise,VerletLists,0.500000,vl_list_iteration,none,SoA,disabled,8375000000,1625000000,1500000000,1500000000,1593750000,1406250000,1687500000,1343750000,1625000000,1281250000,2193749999,2193749999,10
2025-10-24 22:53:28,80249,pairwise,VerletLists,1.000000,vl_list_iteration,none,AoS,disabled,5812500000,375000000,0,156250000,156250000,187500000,250000000,0,156250000,156250000,724999999,724652670,10
2025-10-24 22:53:28,80259,pairwise,VerletLists,1.000000,vl_list_iteration,none,SoA,disabled,8250000000,1593750000,1531250000,1343750000,1500000000,1468750000,1531250000,1406250000,1468750000,1625000000,2171874999,2158425912,10
2025-10-24 22:53:29,80269,pairwise,VerletListsCells,0.500000,vlc_c01,none,AoS,disabled,12343750000,2937500000,2812500000,2781250000,2687500000,2968750000,2875000000,2937500000,2968750000,2812500000,3812499999,3812499999,10
2025-10-24 22:53:29,80279,pairwise,VerletListsCells,0.500000,vlc_c01,none,SoA,disabled,16375000000,4312500000,4500000000,4343750000,4437500000,4156250000,4593750000,4593750000,4468750000,4406250000,5618749999,5618749999,10
2025-10-24 22:53:29,80289,pairwise,VerletListsCells,0.500000,vlc_c18,none,AoS,disabled,9250000000,3093750000,3281250000,3125000000,3406250000,3156250000,3125000000,3406250000,3343750000,3187500000,3837499999,3837499999,10
2025-10-24 22:53:29,80299,pairwise,VerletListsCells,0.500000,vlc_c18,none,AoS,enabled,8781250000,3062500000,3437500000,3281250000,3062500000,3187500000,3156250000,3218750000,3343750000,3062500000,3759374999,3759374999,10
2025-10-24 22:53:30,80309,pairwise,VerletListsCells,0.500000,vlc_c18,none,SoA,disabled,12875000000,4781250000,4812500000,4968750000,4718750000,4875000000,4812500000,4812500000,4812500000,4875000000,5634374999,5634374999,10
2025-10-24 22:53:30,80319,pairwise,VerletListsCells,0.500000,vlc_c18,none,SoA,enabled,12437500000,4812500000,4781250000,4843750000,4906250000,4843750000,4812500000,4968750000,4781250000,4843750000,5603125000,5593004091,10
2025-10-24 22:53:30,80329,pairwise,VerletListsCells,0.500000,vlc_c08,none,AoS,disabled,7281250000,3000000000,3125000000,3000000000,3156250000,3156250000,3000000000,2968750000,3062500000,3125000000,3487499999,3487499999,10
2025-10-24 22:53:30,80339,pairwise,VerletListsCells,0.500000,vlc_c08,none,AoS,enabled,7187500000,3125000000,2968750000,2906250000,3000000000,3125000000,3093750000,3093750000,2937500000,3000000000,3443749999,3443692164,10
2025-10-24 22:53:31,80349,pairwise,VerletListsCells,0.500000,vlc_c08,none,SoA,disabled,11187500000,4593750000,4812500000,4781250000,4437500000,4750000000,4500000000,4593750000,4406250000,4562500000,5262499999,5262499999,10
2025-10-24 22:53:31,80359,pairwise,VerletListsCells,0.500000,vlc_c08,none,SoA,enabled,10968750000,4562500000,4687500000,4687500000,4750000000,4500000000,4718750000,4562500000,4468750000,4718750000,5262499999,5262499999,10
2025-10-24 22:53:31,80369,pairwise,VerletListsCells,0.500000,vlc_sliced,none,AoS,disabled,5375000000,156250000,0,0,0,156250000,0,0,0,0,568749999,568749999,10
2025-10-24 22:53:31,80379,pairwise,VerletListsCells,0.500000,vlc_sliced,none,AoS,enabled,5593750000,93750000,156250000,0,0,0,0,125000000,0,0,596874999,596874999,10
2025-10-24 22:53:31,80389,pairwise,VerletListsCells,0.500000,vlc_sliced,none,SoA,disabled,9468750000,1625000000,1687500000,1593750000,1343750000,1437500000,1625000000,1312500000,1406250000,1562500000,2306249999,2306249999,10
2025-10-24 22:53:32,80399,pairwise,VerletListsCells,0.500000,vlc_sliced,none,SoA,enabled,9250000000,1406250000,1437500000,1625000000,1531250000,1531250000,1593750000,1500000000,1593750000,1343750000,2281249999,2281249999,10
2025-10-24 22:53:32,80409,pairwise,VerletListsCells,0.500000,vlc_sliced_c02,none,AoS,disabled,5562500000,0,0,0,187500000,0,0,0,0,0,574999999,574999999,10
2025-10-24 22:53:32,80419,pairwise,VerletListsCells,0.500000,vlc_sliced_c02,none,AoS,enabled,5375000000,125000000,0,0,0,0,0,156250000,0,0,565625000,564710210,10
2025-10-24 22:53:32,80429,pairwise,VerletListsCells,0.500000,vlc_sliced_c02,none,SoA,disabled,9468750000,1437500000,1656250000,1625000000,1468750000,1343750000,1687500000,1625000000,1593750000,1343750000,2325000000,2325000000,10
2025-10-24 22:53:32,80439,pairwise,VerletListsCells,0.500000,vlc_sliced_c02,none,SoA,enabled,8968750000,1562500000,1593750000,1687500000,1718750000,1375000000,1500000000,1625000000,1687500000,1281250000,2299999999,2299999999,10
2025-10-24 22:53:33,80449,pairwise,VerletListsCells,1.000000,vlc_c01,none,AoS,disabled,12468750000,2937500000,3093750000,2781250000,2968750000,2812500000,3125000000,2781250000,2937500000,2781250000,3868749999,3868749999,10
2025-10-24 22:53:33,80459,pairwise,VerletListsCells,1.000000,vlc_c01,none,SoA,disabled,16062500000,4593750000,4562500000,4625000000,4562500000,4500000000,4500000000,4375000000,4500000000,4593750000,5687499999,5662096464,10
2025-10-24 22:53:33,80469,pairwise,VerletListsCells,1.000000,vlc_c18,none,AoS,disabled,9156250000,3125000000,3281250000,3281250000,3125000000,3218750000,3218750000,3250000000,3281250000,3218750000,3815624999,3815624999,10
2025-10-24 22:53:33,80479,pairwise,VerletListsCells,1.000000,vlc_c18,none,AoS,enabled,8968750000,3281250000,3406250000,3281250000,3281250000,3312500000,3250000000,3281250000,3312500000,3312500000,3868749999,3847351382,10
2025-10-24 22:53:34,80489,pairwise,VerletListsCells,1.000000,vlc_c18,none,SoA,disabled,12875000000,5156250000,4875000000,4875000000,4843750000,4875000000,4937500000,4781250000,4906250000,5031250000,5715624999,5696683205,10
2025-10-24 22:53:34,80499,pairwise,VerletListsCells,1.000000,vlc_c18,none,SoA,enabled,12812500000,4875000000,5062500000,4843750000,5000000000,4843750000,4875000000,4781250000,4937500000,4906250000,5693749999,5682548492,10
2025-10-24 22:53:34,80509,pairwise,VerletListsCells,1.000000,vlc_c08,none,AoS,disabled,7281250000,3125000000,2968750000,3125000000,3062500000,3156250000,3093750000,2906250000,3125000000,2968750000,3481249999,3481249999,10
2025-10-24 22:53:34,80519,pairwise,VerletListsCells,1.000000,vlc_c08,none,AoS,enabled,7281250000,3156250000,3093750000,3156250000,3093750000,3218750000,2968750000,3187500000,3031250000,3062500000,3524999999,3513046125,10
2025-10-24 22:53:35,80529,pairwise,VerletListsCells,1.000000,vlc_c08,none,SoA,disabled,11031250000,4500000000,4468750000,4593750000,4812500000,4781250000,4687500000,4750000000,4718750000,4812500000,5315624999,5303174694,10
2025-10-24 22:53:35,80539,pairwise,VerletListsCells,1.000000,vlc_c08,none,SoA,enabled,10875000000,4562500000,4750000000,4625000000,4562500000,4812500000,4843750000,4781250000,4625000000,4781250000,5321874999,5317770887,10
2025-10-24 22:53:35,80549,pairwise,VerletListsCells,1.000000,vlc_sliced,none,AoS,disabled,5718750000,0,0,0,0,93750000,125000000,0,0,93750000,603124999,603124999,10
2025-10-24 22:53:35,80559,pairwise,VerletListsCells,1.000000,vlc_sliced,none,AoS,enabled,5312500000,0,0,125000000,125000000,0,0,125000000,156250000,0,584374999,579090122,10
2025-10-24 22:53:35,80569,pairwise,VerletListsCells,1.000000,vlc_sliced,none,SoA,disabled,9781250000,1593750000,1562500000,1656250000,1437500000,1375000000,1375000000,1500000000,1656250000,1562500000,2349999999,2344779399,10
2025-10-24 22:53:36,80579,pairwise,VerletListsCells,1.000000,vlc_sliced,none,SoA,enabled,9562500000,1656250000,1281250000,1343750000,1687500000,1593750000,1687500000,1625000000,1562500000,1593750000,2359374999,2349471196,10
2025-10-24 22:53:36,80589,pairwise,VerletListsCells,1.000000,vlc_sliced_c02,none,AoS,disabled,5750000000,125000000,0,0,125000000,0,0,0,93750000,0,609374999,608951449,10
2025-10-24 22:53:36,80599,pairwise,VerletListsCells,1.000000,vlc_sliced_c02,none,AoS,enabled,5375000000,0,0,93750000,156250000,0,0,125000000,0,0,574999999,572010263,10
2025-10-24 22:53:36,80609,pairwise,VerletListsCells,1.000000,vlc_sliced_c02,none,SoA,disabled,9625000000,1500000000,1312500000,1562500000,1562500000,1625000000,1625000000,1656250000,1468750000,1625000000,2356249999,2339322034,10
2025-10-24 22:53:36,80619,pairwise,VerletListsCells,1.000000,vlc_sliced_c02,none,SoA,enabled,9656250000,1687500000,1281250000,1343750000,1406250000,1562500000,1625000000,1656250000,1625000000,1468750000,2331249999,2308848468,10
2025-10-24 22:53:37,80629,pairwise,PairwiseVerletLists,0.500000,vlp_c01,none,AoS,disabled,13375000000,3062500000,3187500000,3156250000,3156250000,3218750000,3187500000,3187500000,3218750000,3093750000,4184374999,4178809806,10
2025-10-24 22:53:37,80639,pairwise,PairwiseVerletLists,0.500000,vlp_c01,none,SoA,disabled,23906250000,4968750000,4906250000,5031250000,4968750000,4937500000,5031250000,4906250000,4875000000,5093750000,6862500000,6862500000,10
2025-10-24 22:53:37,80649,pairwise,PairwiseVerletLists,0.500000,vlp_c18,none,AoS,disabled,11500000000,3500000000,3500000000,3468750000,3281250000,3437500000,3500000000,3500000000,3531250000,3500000000,4271875000,4263164351,10
2025-10-24 22:53:38,80659,pairwise,PairwiseVerletLists,0.500000,vlp_c18,none,AoS,enabled,11437500000,3281250000,3437500000,3468750000,3375000000,3531250000,3437500000,3468750000,3437500000,3312500000,4218749999,4218749999,10
2025-10-24 22:53:38,80669,pairwise,PairwiseVerletLists,0.500000,vlp_c18,none,SoA,disabled,28218750000,5250000000,5250000000,5437500000,5406250000,5250000000,5437500000,5406250000,5437500000,5218750000,7631250000,7620249299,10
2025-10-24 22:53:38,80679,pairwise,PairwiseVerletLists,0.500000,vlp_c18,none,SoA,enabled,27875000000,5281250000,5312500000,5343750000,5343750000,5312500000,5562500000,5125000000,5312500000,5437500000,7590624999,7590624999,10
2025-10-24 22:53:38,80689,pairwise,PairwiseVerletLists,0.500000,vlp_sliced,none,AoS,disabled,8656250000,687500000,500000000,812500000,656250000,687500000,687500000,656250000,718750000,656250000,1471874999,1452489175,10
2025-10-24 22:53:39,80699,pairwise,PairwiseVerletLists,0.500000,vlp_sliced,none,AoS,enabled,8750000000,562500000,593750000,531250000,625000000,687500000,718750000,687500000,531250000,531250000,1421874999,1413993876,10
2025-10-24 22:53:39,80709,pairwise,PairwiseVerletLists,0.500000,vlp_sliced,none,SoA,disabled,25062500000,2500000000,2375000000,2406250000,2500000000,2312500000,2375000000,2406250000,2406250000,2406250000,4674999999,4674999999,10
2025-10-24 22:53:39,80719,pairwise,PairwiseVerletLists,0.500000,vlp_sliced,none,SoA,enabled,24781250000,2656250000,2375000000,2468750000,2468750000,2468750000,2468750000,2375000000,2343750000,2406250000,4681249999,4681249999,10
2025-10-24 22:53:39,80729,pairwise,PairwiseVerletLists,0.500000,vlp_sliced_c02,none,AoS,disabled,8500000000,1218750000,625000000,656250000,750000000,1531250000,656250000,468750000,1125000000,1312500000,1684374999,1662020444,10
2025-10-24 22:53:39,80739,pairwise,PairwiseVerletLists,0.500000,vlp_sliced_c02,none,AoS,enabled,8656250000,687500000,687500000,500000000,625000000,625000000,625000000,562500000,687500000,500000000,1415624999,1415624999,10
2025-10-24 22:53:40,80749,pairwise,PairwiseVerletLists,0.500000,vlp_sliced_c02,none,SoA,disabled,25031250000,2531250000,2531250000,2468750000,2437500000,2468750000,2562500000,2593750000,2531250000,2406250000,4756249999,4756249999,10
2025-10-24 22:53:40,80759,pairwise,PairwiseVerletLists,0.500000,vlp_sliced_c02,none,SoA,enabled,25312500000,2343750000,2500000000,2343750000,2281250000,2406250000,2562500000,2500000000,2562500000,2406250000,4721874999,4717280355,10
2025-10-24 22:53:40,80769,pairwise,PairwiseVerletLists,1.000000,vlp_c01,none,AoS,disabled,13312500000,3187500000,3125000000,3187500000,3125000000,3156250000,3125000000,3156250000,3093750000,3125000000,4159374999,4100229560,10
2025-10-24 22:53:41,80779,pairwise,PairwiseVerletLists,1.000000,vlp_c01,none,SoA,disabled,24156250000,4906250000,5093750000,5000000000,5031250000,5031250000,4875000000,5000000000,5031250000,5125000000,6924999999,6850346759,10
2025-10-24 22:53:41,80789,pairwise,PairwiseVerletLists,1.000000,vlp_c18,none,AoS,disabled,11468750000,3343750000,3187500000,3500000000,3437500000,3500000000,3437500000,3437500000,3468750000,3218750000,4199999999,4184726659,10
2025-10-24 22:53:41,80799,pairwise,PairwiseVerletLists,1.000000,vlp_c18,none,AoS,enabled,11750000000,3468750000,3468750000,3500000000,3468750000,3343750000,3343750000,3531250000,3500000000,3562500000,4293749999,4251434985,10
2025-10-24 22:53:42,80809,pairwise,PairwiseVerletLists,1.000000,vlp_c18,none,SoA,disabled,28437500000,5375000000,5343750000,5281250000,5250000000,5437500000,5125000000,5437500000,5281250000,5312500000,7628124999,7614583791,10
2025-10-24 22:53:42,80819,pairwise,PairwiseVerletLists,1.000000,vlp_c18,none,SoA,enabled,27968750000,5125000000,5281250000,5562500000,5312500000,5250000000,5250000000,5375000000,5375000000,5406250000,7590624999,7590624999,10
2025-10-24 22:53:42,80829,pairwise,PairwiseVerletLists,1.000000,vlp_sliced,none,AoS,disabled,9718750000,593750000,625000000,656250000,687500000,687500000,406250000,562500000,656250000,687500000,1528124999,1505576331,10
2025-10-24 22:53:42,80839,pairwise,PairwiseVerletLists,1.000000,vlp_sliced,none,AoS,enabled,8656250000,406250000,718750000,625000000,687500000,718750000,593750000,437500000,468750000,468750000,1378124999,1378124999,10
2025-10-24 22:53:43,80849,pairwise,PairwiseVerletLists,1.000000,vlp_sliced,none,SoA,disabled,25000000000,2562500000,2437500000,2375000000,2468750000,2406250000,2437500000,2500000000,2343750000,2687500000,4721875000,4714674187,10
2025-10-24 22:53:43,80859,pairwise,PairwiseVerletLists,1.000000,vlp_sliced,none,SoA,enabled,24812500000,2656250000,2375000000,2562500000,2218750000,2406250000,2437500000,2375000000,2437500000,2375000000,4665624999,4665624999,10
2025-10-24 22:53:43,80869,pairwise,PairwiseVerletLists,1.000000,vlp_sliced_c02,none,AoS,disabled,8625000000,625000000,687500000,781250000,468750000,406250000,656250000,750000000,562500000,531250000,1409374999,1397316602,10
2025-10-24 22:53:43,80879,pairwise,PairwiseVerletLists,1.000000,vlp_sliced_c02,none,AoS,enabled,8656250000,718750000,750000000,531250000,437500000,625000000,687500000,656250000,625000000,531250000,1421874999,1421874999,10
2025-10-24 22:53:43,80889,pairwise,PairwiseVerletLists,1.000000,vlp_sliced_c02,none,SoA,disabled,25093750000,2625000000,2500000000,2375000000,2468750000,2375000000,2406250000,2656250000,2406250000,2593750000,4749999999,4749999999,10
2025-10-24 22:53:44,80899,pairwise,PairwiseVerletLists,1.000000,vlp_sliced_c02,none,SoA,enabled,25468750000,2625000000,2656250000,2406250000,2312500000,2656250000,2468750000,2312500000,2687500000,2531250000,4812499999,4784131568,10
2025-10-24 22:55:43,90009,pairwise,LinkedCells,0.500000,lc_c08,none,AoS,disabled,27312500000,27250000000,27156250000,27156250000,27406250000,27281250000,27125000000,27093750000,27375000000,27250000000,27240624999,27240624999,10
2025-10-24 22:55:45,90019,pairwise,LinkedCells,0.500000,lc_c08,none,AoS,enabled,27406250000,27343750000,27250000000,27531250000,27218750000,27375000000,27281250000,27312500000,27468750000,27281250000,27346874999,27346874999,10
2025-10-24 22:55:47,90029,pairwise,LinkedCells,0.500000,lc_c08,none,SoA,disabled,46906250000,46937500000,47093750000,47031250000,47062500000,47187500000,47156250000,47187500000,47093750000,47062500000,47071874999,46987598744,10
2025-10-24 22:55:50,90039,pairwise,LinkedCells,0.500000,lc_c08,none,SoA,enabled,46875000000,46718750000,46937500000,46781250000,46718750000,46687500000,46843750000,46937500000,46843750000,46875000000,46821874999,46786180232,10
2025-10-24 22:55:51,90049,pairwise,LinkedCells,0.500000,lc_c18,none,AoS,disabled,26343750000,26343750000,26312500000,26593750000,26468750000,26500000000,26562500000,26562500000,26375000000,26312500000,26437499999,26437499999,10
2025-10-24 22:55:53,90059,pairwise,LinkedCells,0.500000,lc_c18,none,AoS,enabled,26656250000,26531250000,26625000000,26250000000,26250000000,26531250000,26468750000,26562500000,26406250000,26468750000,26474999999,26474999999,10
2025-10-24 22:55:55,90069,pairwise,LinkedCells,0.500000,lc_c18,none,SoA,disabled,34500000000,34593750000,34656250000,34625000000,34687500000,34343750000,34531250000,34562500000,34187500000,34500000000,34518749999,34518749999,10
2025-10-24 22:55:57,90079,pairwise,LinkedCells,0.500000,lc_c18,none,SoA,enabled,34281250000,34281250000,34375000000,34468750000,34562500000,34437500000,34406250000,34437500000,34593750000,34718750000,34456249999,34456249999,10
2025-10-24 22:55:58,90089,pairwise,LinkedCells,1.000000,lc_c04,none,AoS,disabled,375000000,93750000,218750000,343750000,125000000,312500000,125000000,343750000,375000000,343750000,265624999,265624999,10
2025-10-24 22:55:58,90099,pairwise,LinkedCells,1.000000,lc_c04,none,AoS,enabled,281250000,375000000,250000000,375000000,312500000,125000000,125000000,312500000,312500000,343750000,281250000,278834114,10
2025-10-24 22:55:58,90109,pairwise,LinkedCells,1.000000,lc_c04,none,SoA,disabled,1531250000,1312500000,1687500000,1562500000,1437500000,1718750000,1562500000,1781250000,1468750000,1656250000,1571874999,1571874999,10
2025-10-24 22:55:58,90119,pairwise,LinkedCells,1.000000,lc_c04,none,SoA,enabled,1562500000,1562500000,1468750000,1687500000,1531250000,1656250000,1406250000,1531250000,1656250000,1562500000,1562500000,1562500000,10
2025-10-24 22:55:58,90129,pairwise,LinkedCells,1.000000,lc_c04_combined_SoA,none,SoA,disabled,2656250000,2437500000,2656250000,2656250000,2531250000,2468750000,2437500000,2500000000,2437500000,2562500000,2534374999,2476261712,10
2025-10-24 22:55:58,90139,pairwise,LinkedCells,1.000000,lc_c04_combined_SoA,none,SoA,enabled,2468750000,2500000000,2437500000,2562500000,2625000000,2343750000,2281250000,2343750000,2468750000,2406250000,2443749999,2384757321,10
2025-10-24 22:55:59,90149,pairwise,LinkedCells,1.000000,lc_c08,none,AoS,disabled,3343750000,3156250000,3156250000,3125000000,3156250000,3187500000,3312500000,3156250000,3031250000,2968750000,3159374999,3159374999,10
2025-10-24 22:55:59,90159,pairwise,LinkedCells,1.000000,lc_c08,none,AoS,enabled,3125000000,3218750000,3125000000,3031250000,3187500000,3156250000,3250000000,3218750000,3156250000,3187500000,3165624999,3165624999,10
2025-10-24 22:55:59,90169,pairwise,LinkedCells,1.000000,lc_c08,none,SoA,disabled,4187500000,4218750000,4187500000,4312500000,4187500000,4343750000,4156250000,4343750000,4093750000,4281250000,4231249999,4231249999,10
2025-10-24 22:55:59,90179,pairwise,LinkedCells,1.000000,lc_c08,none,SoA,enabled,4250000000,4406250000,4156250000,4156250000,4218750000,4093750000,4125000000,4281250000,4125000000,4031250000,4184374999,4184374999,10
2025-10-24 22:56:00,90189,pairwise,LinkedCells,1.000000,lc_c18,none,AoS,disabled,3343750000,3156250000,3125000000,3250000000,3343750000,3156250000,3250000000,3156250000,3187500000,3187500000,3215624999,3211865839,10
2025-10-24 22:56:00,90199,pairwise,LinkedCells,1.000000,lc_c18,none,AoS,enabled,3125000000,3281250000,3125000000,3125000000,3125000000,3312500000,3156250000,3281250000,3312500000,3187500000,3203124999,3203124999,10
2025-10-24 22:56:00,90209,pairwise,LinkedCells,1.000000,lc_c18,none,SoA,disabled,4062500000,3875000000,4093750000,4062500000,4031250000,3906250000,3937500000,3781250000,4000000000,3968750000,3971874999,3971351285,10
2025-10-24 22:56:00,90219,pairwise,LinkedCells,1.000000,lc_c18,none,SoA,enabled,3906250000,3875000000,3875000000,3937500000,3812500000,4000000000,3968750000,3968750000,3906250000,3968750000,3921874999,3921874999,10
2025-10-24 22:56:00,90229,pairwise,VerletLists,0.500000,vl_list_iteration,none,AoS,disabled,5718750000,281250000,125000000,125000000,218750000,218750000,125000000,156250000,218750000,125000000,731249999,726872027,10
2025-10-24 22:56:01,90239,pairwise,VerletLists,0.500000,vl_list_iteration,none,SoA,disabled,8500000000,1406250000,1406250000,1625000000,1500000000,1468750000,1468750000,1468750000,1468750000,1500000000,2181249999,2181249999,10
2025-10-24 22:56:01,90249,pairwise,VerletLists,1.000000,vl_list_iteration,none,AoS,disabled,5968750000,125000000,343750000,93750000,250000000,0,93750000,125000000,218750000,0,721874999,721874999,10
2025-10-24 22:56:01,90259,pairwise,VerletLists,1.000000,vl_list_iteration,none,SoA,disabled,8468750000,1375000000,1343750000,1406250000,1562500000,1375000000,1562500000,1437500000,1500000000,1468750000,2149999999,2149999999,10
2025-10-24 22:56:01,90269,pairwise,VerletListsCells,0.500000,vlc_c01,none,AoS,disabled,13000000000,3093750000,2968750000,2781250000,2968750000,2906250000,2812500000,3062500000,2812500000,2968750000,3937499999,3915553713,10
2025-10-24 22:56:02,90279,pairwise,VerletListsCells,0.500000,vlc_c01,none,SoA,disabled,16312500000,4312500000,4406250000,4468750000,4468750000,4250000000,4250000000,4531250000,4375000000,4468750000,5584374999,5584374999,10
2025-10-24 22:56:02,90289,pairwise,VerletListsCells,0.500000,vlc_c18,none,AoS,disabled,9437500000,3281250000,3093750000,3250000000,3281250000,3187500000,3125000000,3406250000,3125000000,3343750000,3853124999,3850089361,10
2025-10-24 22:56:02,90299,pairwise,VerletListsCells,0.500000,vlc_c18,none,AoS,enabled,8812500000,3125000000,3281250000,3093750000,3156250000,3375000000,3375000000,3312500000,3250000000,3250000000,3803124999,3792061990,10
2025-10-24 22:56:02,90309,pairwise,VerletListsCells,0.500000,vlc_c18,none,SoA,disabled,13093750000,4843750000,4656250000,4906250000,4843750000,5000000000,5031250000,4781250000,4843750000,4843750000,5684374999,5670311297,10
2025-10-24 22:56:03,90319,pairwise,VerletListsCells,0.500000,vlc_c18,none,SoA,enabled,12656250000,4781250000,4843750000,4625000000,4875000000,5000000000,4906250000,5031250000,4781250000,4781250000,5628124999,5609837055,10
2025-10-24 22:56:03,90329,pairwise,VerletListsCells,0.500000,vlc_c08,none,AoS,disabled,7281250000,2812500000,3093750000,3000000000,2968750000,3093750000,2968750000,3031250000,3062500000,3125000000,3443749999,3443749999,10
2025-10-24 22:56:03,90339,pairwise,VerletListsCells,0.500000,vlc_c08,none,AoS,enabled,7250000000,3156250000,3000000000,3093750000,3156250000,3062500000,3156250000,3125000000,3000000000,3093750000,3509375000,3491169894,10
2025-10-24 22:56:03,90349,pairwise,VerletListsCells,0.500000,vlc_c08,none,SoA,disabled,11031250000,4656250000,4750000000,4656250000,4625000000,4687500000,4531250000,4625000000,4781250000,4750000000,5309374999,5292179546,10
2025-10-24 22:56:04,90359,pairwise,VerletListsCells,0.500000,vlc_c08,none,SoA,enabled,10843750000,4656250000,4843750000,4468750000,4687500000,4687500000,4593750000,4718750000,4625000000,4687500000,5281249999,5271880496,10
2025-10-24 22:56:04,90369,pairwise,VerletListsCells,0.500000,vlc_sliced,none,AoS,disabled,5593750000,0,125000000,156250000,0,0,0,125000000,0,0,599999999,591864457,10
2025-10-24 22:56:04,90379,pairwise,VerletListsCells,0.500000,vlc_sliced,none,AoS,enabled,5437500000,0,125000000,0,0,0,0,125000000,156250000,0,584374999,584374999,10
2025-10-24 22:56:04,90389,pairwise,VerletListsCells,0.500000,vlc_sliced,none,SoA,disabled,9500000000,1718750000,1343750000,1468750000,1468750000,1437500000,1562500000,1656250000,1687500000,1593750000,2343749999,2331909280,10
2025-10-24 22:56:04,90399,pairwise,VerletListsCells,0.500000,vlc_sliced,none,SoA,enabled,9468750000,1687500000,1531250000,1562500000,1500000000,1625000000,1562500000,1593750000,1562500000,1312500000,2340624999,2325675168,10
2025-10-24 22:56:05,90409,pairwise,VerletListsCells,0.500000,vlc_sliced_c02,none,AoS,disabled,5375000000,0,0,0,0,0,125000000,156250000,0,0,565625000,565625000,10
2025-10-24 22:56:05,90419,pairwise,VerletListsCells,0.500000,vlc_sliced_c02,none,AoS,enabled,5406250000,125000000,0,0,0,0,0,0,125000000,0,565624999,563963074,10
2025-10-24 22:56:05,90429,pairwise,VerletListsCells,0.500000,vlc_sliced_c02,none,SoA,disabled,9531250000,1562500000,1562500000,1562500000,1562500000,1531250000,1312500000,1406250000,1437500000,1500000000,2296874999,2296874999,10
2025-10-24 22:56:05,90439,pairwise,VerletListsCells,0.500000,vlc_sliced_c02,none,SoA,enabled,9406250000,1656250000,1281250000,1468750000,1500000000,1625000000,1625000000,1562500000,1343750000,1500000000,2296874999,2295785706,10
2025-10-24 22:56:05,90449,pairwise,VerletListsCells,1.000000,vlc_c01,none,AoS,disabled,12718750000,2750000000,2937500000,2781250000,2812500000,2875000000,2843750000,2843750000,2812500000,2750000000,3812499999,3812499999,10
2025-10-24 22:56:06,90459,pairwise,VerletListsCells,1.000000,vlc_c01,none,SoA,disabled,16343750000,4500000000,4281250000,4468750000,4531250000,4406250000,4437500000,4437500000,4312500000,4375000000,5609374999,5609374999,10
2025-10-24 22:56:06,90469,pairwise,VerletListsCells,1.000000,vlc_c18,none,AoS,disabled,9375000000,3250000000,3093750000,3250000000,3281250000,3062500000,3406250000,3125000000,3281250000,3281250000,3840624999,3839178183,10
2025-10-24 22:56:06,90479,pairwise,VerletListsCells,1.000000,vlc_c18,none,AoS,enabled,8781250000,3125000000,3312500000,3218750000,3281250000,3187500000,3125000000,3406250000,3062500000,3312500000,3781249999,3781249999,10
2025-10-24 22:56:06,90489,pairwise,VerletListsCells,1.000000,vlc_c18,none,SoA,disabled,13093750000,4906250000,4718750000,5031250000,4906250000,5031250000,5000000000,4812500000,4843750000,4937500000,5728124999,5722212503,10
2025-10-24 22:56:07,90499,pairwise,VerletListsCells,1.000000,vlc_c18,none,SoA,enabled,12750000000,4968750000,4875000000,4906250000,4906250000,4937500000,4968750000,4906250000,4968750000,4843750000,5703124999,5696676145,10
2025-10-24 22:56:07,90509,pairwise,VerletListsCells,1.000000,vlc_c08,none,AoS,disabled,7250000000,3187500000,3187500000,3000000000,3000000000,3031250000,3125000000,3125000000,3125000000,3062500000,3509375000,3500672155,10
2025-10-24 22:56:07,90519,pairwise,VerletListsCells,1.000000,vlc_c08,none,AoS,enabled,7218750000,3031250000,3125000000,3031250000,2937500000,3031250000,3093750000,3031250000,3093750000,2937500000,3453124999,3453124999,10
2025-10-24 22:56:07,90529,pairwise,VerletListsCells,1.000000,vlc_c08,none,SoA,disabled,11125000000,4843750000,4562500000,4500000000,4531250000,4718750000,4562500000,4437500000,4687500000,4656250000,5262499999,5262499999,10
2025-10-24 22:56:08,90539,pairwise,VerletListsCells,1.000000,vlc_c08,none,SoA,enabled,10937500000,4812500000,4718750000,4781250000,4781250000,4812500000,4656250000,4562500000,4500000000,4718750000,5328124999,5324022757,10
2025-10-24 22:56:08,90549,pairwise,VerletListsCells,1.000000,vlc_sliced,none,AoS,disabled,5687500000,0,0,0,156250000,0,0,0,0,0,584374999,584374999,10
2025-10-24 22:56:08,90559,pairwise,VerletListsCells,1.000000,vlc_sliced,none,AoS,enabled,5343750000,0,125000000,187500000,0,0,93750000,0,0,0,574999999,574999999,10
2025-10-24 22:56:08,90569,pairwise,VerletListsCells,1.000000,vlc_sliced,none,SoA,disabled,9656250000,1531250000,1437500000,1406250000,1468750000,1593750000,1406250000,1500000000,1500000000,1625000000,2312499999,2312499999,10
2025-10-24 22:56:08,90579,pairwise,VerletListsCells,1.000000,vlc_sliced,none,SoA,enabled,9281250000,1406250000,1500000000,1500000000,1593750000,1625000000,1562500000,1406250000,1468750000,1593750000,2293749999,2293749999,10
2025-10-24 22:56:09,90589,pairwise,VerletListsCells,1.000000,vlc_sliced_c02,none,AoS,disabled,5718750000,0,0,0,0,0,0,0,0,0,571875000,571875000,10
2025-10-24 22:56:09,90599,pairwise,VerletListsCells,1.000000,vlc_sliced_c02,none,AoS,enabled,5531250000,125000000,156250000,0,0,125000000,156250000,0,0,0,609375000,605264262,10
2025-10-24 22:56:09,90609,pairwise,VerletListsCells,1.000000,vlc_sliced_c02,none,SoA,disabled,9468750000,1500000000,1593750000,1468750000,1625000000,1343750000,1593750000,1562500000,1625000000,1625000000,2340624999,2340624999,10
2025-10-24 22:56:09,90619,pairwise,VerletListsCells,1.000000,vlc_sliced_c02,none,SoA,enabled,9500000000,1656250000,1593750000,1625000000,1468750000,1468750000,1500000000,1625000000,1625000000,1656250000,2371874999,2356283582,10
2025-10-24 22:56:09,90629,pairwise,PairwiseVerletLists,0.500000,vlp_c01,none,AoS,disabled,13406250000,2968750000,2968750000,2937500000,3000000000,3156250000,3125000000,3125000000,3156250000,3125000000,4096875000,4096875000,10
2025-10-24 22:56:10,90639,pairwise,PairwiseVerletLists,0.500000,vlp_c01,none,SoA,disabled,23687500000,5125000000,5031250000,5000000000,5031250000,5218750000,4937500000,4937500000,4843750000,5125000000,6893749999,6880643506,10
2025-10-24 22:56:10,90649,pairwise,PairwiseVerletLists,0.500000,vlp_c18,none,AoS,disabled,11468750000,3437500000,3500000000,3468750000,3531250000,3437500000,3406250000,3312500000,3468750000,3500000000,4253124999,4253124999,10
2025-10-24 22:56:10,90659,pairwise,PairwiseVerletLists,0.500000,vlp_c18,none,AoS,enabled,11625000000,3500000000,3562500000,3468750000,3468750000,3500000000,3343750000,3500000000,3500000000,3531250000,4299999999,4276286499,10
2025-10-24 22:56:11,90669,pairwise,PairwiseVerletLists,0.500000,vlp_c18,none,SoA,disabled,28375000000,5406250000,5375000000,5562500000,5531250000,5406250000,5406250000,5156250000,5250000000,5406250000,7687499999,7673988113,10
2025-10-24 22:56:11,90679,pairwise,PairwiseVerletLists,0.500000,vlp_c18,none,SoA,enabled,28156250000,5406250000,5406250000,5437500000,5500000000,5218750000,5187500000,5312500000,5468750000,5281250000,7637499999,7618161986,10
2025-10-24 22:56:11,90689,pairwise,PairwiseVerletLists,0.500000,vlp_sliced,none,AoS,disabled,8750000000,687500000,437500000,625000000,625000000,687500000,687500000,656250000,625000000,468750000,1424999999,1424999999,10
2025-10-24 22:56:11,90699,pairwise,PairwiseVerletLists,0.500000,vlp_sliced,none,AoS,enabled,8718750000,468750000,531250000,687500000,625000000,656250000,562500000,656250000,468750000,750000000,1412499999,1412499999,10
2025-10-24 22:56:12,90709,pairwise,PairwiseVerletLists,0.500000,vlp_sliced,none,SoA,disabled,24906250000,2343750000,2500000000,2437500000,2406250000,2625000000,2531250000,2593750000,2312500000,2531250000,4718749999,4708466797,10
2025-10-24 22:56:12,90719,pairwise,PairwiseVerletLists,0.500000,vlp_sliced,none,SoA,enabled,25093750000,2500000000,2406250000,2468750000,2406250000,2437500000,2406250000,2593750000,2375000000,2406250000,4709374999,4701356754,10
2025-10-24 22:56:12,90729,pairwise,PairwiseVerletLists,0.500000,vlp_sliced_c02,none,AoS,disabled,8875000000,468750000,718750000,718750000,625000000,562500000,437500000,656250000,343750000,656250000,1406249999,1406249999,10
2025-10-24 22:56:12,90739,pairwise,PairwiseVerletLists,0.500000,vlp_sliced_c02,none,AoS,enabled,8687500000,687500000,375000000,687500000,687500000,718750000,593750000,531250000,781250000,656250000,1440624999,1440624999,10
2025-10-24 22:56:12,90749,pairwise,PairwiseVerletLists,0.500000,vlp_sliced_c02,none,SoA,disabled,25437500000,2531250000,2406250000,2468750000,2375000000,2500000000,2687500000,2312500000,2468750000,2406250000,4759374999,4759374999,10
2025-10-24 22:56:13,90759,pairwise,PairwiseVerletLists,0.500000,vlp_sliced_c02,none,SoA,enabled,24781250000,2437500000,2625000000,2406250000,2281250000,2375000000,2437500000,2406250000,2343750000,2500000000,4659374999,4659374999,10
2025-10-24 22:56:13,90769,pairwise,PairwiseVerletLists,1.000000,vlp_c01,none,AoS,disabled,13281250000,3031250000,2781250000,2906250000,2843750000,3000000000,3000000000,3093750000,3125000000,3187500000,4024999999,4024999999,10
2025-10-24 22:56:13,90779,pairwise,PairwiseVerletLists,1.000000,vlp_c01,none,SoA,disabled,24093750000,4750000000,4875000000,5093750000,4750000000,5000000000,4812500000,4875000000,4906250000,4781250000,6793749999,6793749999,10
2025-10-24 22:56:14,90789,pairwise,PairwiseVerletLists,1.000000,vlp_c18,none,AoS,disabled,11500000000,3406250000,3343750000,3500000000,3562500000,3531250000,3468750000,3406250000,3406250000,3531250000,4265624999,4242144977,10
2025-10-24 22:56:14,90799,pairwise,PairwiseVerletLists,1.000000,vlp_c18,none,AoS,enabled,11562500000,3406250000,3656250000,3437500000,3531250000,3500000000,3437500000,3156250000,3437500000,3468750000,4259374999,4259374999,10
2025-10-24 22:56:14,90809,pairwise,PairwiseVerletLists,1.000000,vlp_c18,none,SoA,disabled,28375000000,5312500000,5500000000,5500000000,5406250000,5312500000,5250000000,5531250000,5375000000,5375000000,7693749999,7678224970,10
2025-10-24 22:56:15,90819,pairwise,PairwiseVerletLists,1.000000,vlp_c18,none,SoA,enabled,28031250000,5312500000,5250000000,5312500000,5375000000,5343750000,5406250000,5218750000,5406250000,5375000000,7603124999,7600813352,10
2025-10-24 22:56:15,90829,pairwise,PairwiseVerletLists,1.000000,vlp_sliced,none,AoS,disabled,8656250000,687500000,593750000,625000000,593750000,656250000,656250000,656250000,625000000,531250000,1428125000,1428125000,10
2025-10-24 22:56:15,90839,pairwise,PairwiseVerletLists,1.000000,vlp_sliced,none,AoS,enabled,8625000000,687500000,500000000,625000000,750000000,656250000,687500000,656250000,718750000,687500000,1459374999,1437014337,10
2025-10-24 22:56:15,90849,pairwise,PairwiseVerletLists,1.000000,vlp_sliced,none,SoA,disabled,25312500000,2562500000,2343750000,2375000000,2312500000,2531250000,2500000000,2562500000,2343750000,2500000000,4734374999,4733755901,10
2025-10-24 22:56:16,90859,pairwise,PairwiseVerletLists,1.000000,vlp_sliced,none,SoA,enabled,24781250000,2312500000,2468750000,2281250000,2500000000,2437500000,2312500000,2656250000,2375000000,2375000000,4649999999,4649114850,10
2025-10-24 22:56:16,90869,pairwise,PairwiseVerletLists,1.000000,vlp_sliced_c02,none,AoS,disabled,8562500000,625000000,718750000,531250000,593750000,718750000,656250000,687500000,718750000,531250000,1434374999,1422981415,10
2025-10-24 22:56:16,90879,pairwise,PairwiseVerletLists,1.000000,vlp_sliced_c02,none,AoS,enabled,8781250000,625000000,656250000,531250000,718750000,593750000,500000000,500000000,406250000,750000000,1406249999,1406249999,10
2025-10-24 22:56:16,90889,pairwise,PairwiseVerletLists,1.000000,vlp_sliced_c02,none,SoA,disabled,24968750000,2437500000,2531250000,2406250000,2531250000,2562500000,2375000000,2593750000,2406250000,2375000000,4718750000,4718750000,10
2025-10-24 22:56:16,90899,pairwise,PairwiseVerletLists,1.000000,vlp_sliced_c02,none,SoA,enabled,25062500000,2593750000,2437500000,2531250000,2531250000,2531250000,2468750000,2500000000,2218750000,2531250000,4740624999,4740624999,10
2025-10-24 22:58:16,100009,pairwise,LinkedCells,0.500000,lc_c08,none,AoS,disabled,27687500000,27437500000,27843750000,27281250000,27468750000,27500000000,27593750000,27375000000,27406250000,27406250000,27499999999,27394899613,10
2025-10-24 22:58:18,100019,pairwise,LinkedCells,0.500000,lc_c08,none,AoS,enabled,27281250000,27406250000,27437500000,27562500000,27406250000,27281250000,27125000000,27500000000,27437500000,27500000000,27393750000,27342783399,10
2025-10-24 22:58:20,100029,pairwise,LinkedCells,0.500000,lc_c08,none,SoA,disabled,46812500000,46562500000,46593750000,46718750000,46718750000,46812500000,46906250000,46718750000,46593750000,46812500000,46724999999,46724999999,10
2025-10-24 22:58:22,100039,pairwise,LinkedCells,0.500000,lc_c08,none,SoA,enabled,46500000000,46531250000,46531250000,46687500000,46593750000,46687500000,46625000000,46500000000,46343750000,46656250000,46565624999,46565624999,10
2025-10-24 22:58:24,100049,pairwise,LinkedCells,0.500000,lc_c18,none,AoS,disabled,26312500000,26343750000,26281250000,26343750000,26375000000,26343750000,26437500000,26312500000,26500000000,26375000000,26362499999,26356939272,10
2025-10-24 22:58:26,100059,pairwise,LinkedCells,0.500000,lc_c18,none,AoS,enabled,26312500000,26218750000,26406250000,26312500000,26312500000,26312500000,26312500000,26406250000,26312500000,26406250000,26331249999,26331249999,10
2025-10-24 22:58:28,100069,pairwise,LinkedCells,0.500000,lc_c18,none,SoA,disabled,34656250000,34656250000,34500000000,34531250000,34656250000,34562500000,34531250000,34593750000,34375000000,34562500000,34562499999,34516772174,10
2025-10-24 22:58:30,100079,pairwise,LinkedCells,0.500000,lc_c18,none,SoA,enabled,34656250000,34656250000,34718750000,34593750000,34562500000,34718750000,34750000000,34718750000,34468750000,34281250000,34612499999,34546840779,10
2025-10-24 22:58:30,100089,pairwise,LinkedCells,1.000000,lc_c04,none,AoS,disabled,687500000,343750000,343750000,125000000,375000000,343750000,312500000,343750000,343750000,312500000,353124999,329069078,10
2025-10-24 22:58:31,100099,pairwise,LinkedCells,1.000000,lc_c04,none,AoS,enabled,343750000,343750000,312500000,125000000,125000000,281250000,281250000,375000000,125000000,468750000,278124999,278124999,10
2025-10-24 22:58:31,100109,pairwise,LinkedCells,1.000000,lc_c04,none,SoA,disabled,1687500000,1406250000,1531250000,1437500000,1375000000,1531250000,1500000000,1812500000,1468750000,1531250000,1528124999,1528124999,10
2025-10-24 22:58:31,100119,pairwise,LinkedCells,1.000000,lc_c04,none,SoA,enabled,1437500000,1468750000,1437500000,1562500000,1468750000,1562500000,1406250000,1531250000,1468750000,1406250000,1474999999,1474999999,10
2025-10-24 22:58:31,100129,pairwise,LinkedCells,1.000000,lc_c04_combined_SoA,none,SoA,disabled,2312500000,2593750000,2437500000,2406250000,2281250000,2343750000,2625000000,2625000000,2656250000,2312500000,2459374999,2459374999,10
2025-10-24 22:58:31,100139,pairwise,LinkedCells,1.000000,lc_c04_combined_SoA,none,SoA,enabled,2531250000,2593750000,2531250000,2281250000,2375000000,2468750000,2593750000,2562500000,2437500000,2500000000,2487499999,2466819673,10
2025-10-24 22:58:31,100149,pairwise,LinkedCells,1.000000,lc_c08,none,AoS,disabled,3125000000,3468750000,3218750000,3218750000,3187500000,3156250000,3375000000,3312500000,3156250000,3156250000,3237500000,3214035643,10
2025-10-24 22:58:32,100159,pairwise,LinkedCells,1.000000,lc_c08,none,AoS,enabled,3281250000,3156250000,3531250000,3156250000,3156250000,3156250000,3125000000,3281250000,3031250000,3218750000,3209374999,3196820601,10
2025-10-24 22:58:32,100169,pairwise,LinkedCells,1.000000,lc_c08,none,SoA,disabled,4406250000,4187500000,4218750000,4312500000,4218750000,4156250000,4468750000,4312500000,4250000000,4531250000,4306249999,4287359319,10
2025-10-24 22:58:32,100179,pairwise,LinkedCells,1.000000,lc_c08,none,SoA,enabled,4375000000,4375000000,4187500000,4093750000,4343750000,4343750000,4187500000,4281250000,4343750000,4125000000,4265624999,4239388374,10
2025-10-24 22:58:32,100189,pairwise,LinkedCells,1.000000,lc_c18,none,AoS,disabled,3437500000,3250000000,3187500000,3437500000,3125000000,3093750000,3187500000,3156250000,3437500000,3093750000,3240625000,3233975049,10
2025-10-24 22:58:33,100199,pairwise,LinkedCells,1.000000,lc_c18,none,AoS,enabled,3375000000,3125000000,3312500000,3250000000,3125000000,3437500000,3156250000,3156250000,3312500000,3125000000,3237499999,3221447793,10
2025-10-24 22:58:33,100209,pairwise,LinkedCells,1.000000,lc_c18,none,SoA,disabled,3968750000,3968750000,4156250000,4031250000,4062500000,4218750000,4062500000,4031250000,4062500000,4000000000,4056249999,4036312508,10
2025-10-24 22:58:33,100219,pairwise,LinkedCells,1.000000,lc_c18,none,SoA,enabled,4031250000,3968750000,4156250000,4062500000,4000000000,4281250000,4093750000,3937500000,4187500000,3968750000,4068749999,4026546217,10
2025-10-24 22:58:33,100229,pairwise,VerletLists,0.500000,vl_list_iteration,none,AoS,disabled,5937500000,312500000,343750000,125000000,0,156250000,281250000,125000000,0,343750000,762500000,754391116,10
2025-10-24 22:58:33,100239,pairwise,VerletLists,0.500000,vl_list_iteration,none,SoA,disabled,8531250000,1625000000,1406250000,1625000000,1562500000,1312500000,1625000000,1437500000,1281250000,1625000000,2203125000,2192420401,10
2025-10-24 22:58:34,100249,pairwise,VerletLists,1.000000,vl_list_iteration,none,AoS,disabled,5812500000,312500000,312500000,343750000,0,156250000,125000000,156250000,125000000,156250000,750000000,743390344,10
2025-10-24 22:58:34,100259,pairwise,VerletLists,1.000000,vl_list_iteration,none,SoA,disabled,8375000000,1593750000,1250000000,1468750000,1656250000,1312500000,1625000000,1437500000,1343750000,1718750000,2178124999,2172801596,10
2025-10-24 22:58:34,100269,pairwise,VerletListsCells,0.500000,vlc_c01,none,AoS,disabled,12437500000,2968750000,2968750000,3125000000,2718750000,3093750000,3125000000,2812500000,3031250000,3062500000,3934374999,3934374999,10
2025-10-24 22:58:34,100279,pairwise,VerletListsCells,0.500000,vlc_c01,none,SoA,disabled,16031250000,4500000000,4218750000,4375000000,4468750000,4375000000,4531250000,4468750000,4312500000,4281250000,5556249999,5550009882,10
2025-10-24 22:58:35,100289,pairwise,VerletListsCells,0.500000,vlc_c18,none,AoS,disabled,9125000000,3312500000,3250000000,3281250000,3250000000,3343750000,3125000000,3125000000,3281250000,3312500000,3840624999,3840624999,10
2025-10-24 22:58:35,100299,pairwise,VerletListsCells,0.500000,vlc_c18,none,AoS,enabled,8718750000,3125000000,3218750000,3187500000,3187500000,3218750000,3375000000,3375000000,3250000000,3218750000,3787499999,3786811154,10
2025-10-24 22:58:35,100309,pairwise,VerletListsCells,0.500000,vlc_c18,none,SoA,disabled,12812500000,4718750000,4968750000,4812500000,4750000000,4843750000,4781250000,4812500000,4656250000,4750000000,5590624999,5590624999,10
2025-10-24 22:58:36,100319,pairwise,VerletListsCells,0.500000,vlc_c18,none,SoA,enabled,12656250000,4687500000,4875000000,4781250000,4750000000,4843750000,4718750000,4687500000,4625000000,4875000000,5549999999,5549999999,10
2025-10-24 22:58:36,100329,pairwise,VerletListsCells,0.500000,vlc_c08,none,AoS,disabled,7312500000,3218750000,3125000000,3125000000,2968750000,3031250000,3125000000,3125000000,3062500000,2937500000,3503124999,3483116233,10
2025-10-24 22:58:36,100339,pairwise,VerletListsCells,0.500000,vlc_c08,none,AoS,enabled,7093750000,3093750000,3156250000,3000000000,3156250000,3031250000,3093750000,3156250000,3093750000,3000000000,3487499999,3487499999,10
2025-10-24 22:58:36,100349,pairwise,VerletListsCells,0.500000,vlc_c08,none,SoA,disabled,10968750000,4843750000,4812500000,4781250000,4718750000,4468750000,4718750000,4562500000,4687500000,4875000000,5343750000,5328946348,10
2025-10-24 22:58:37,100359,pairwise,VerletListsCells,0.500000,vlc_c08,none,SoA,enabled,10812500000,4656250000,4718750000,4500000000,4781250000,4687500000,4656250000,4625000000,4625000000,4531250000,5259374999,5257940165,10
2025-10-24 22:58:37,100369,pairwise,VerletListsCells,0.500000,vlc_sliced,none,AoS,disabled,5656250000,0,0,125000000,0,0,0,0,93750000,0,587499999,587499999,10
2025-10-24 22:58:37,100379,pairwise,VerletListsCells,0.500000,vlc_sliced,none,AoS,enabled,5406250000,156250000,0,0,93750000,125000000,0,0,0,0,578124999,578124999,10
2025-10-24 22:58:37,100389,pairwise,VerletListsCells,0.500000,vlc_sliced,none,SoA,disabled,9468750000,1531250000,1500000000,1437500000,1500000000,1531250000,1656250000,1406250000,1468750000,1468750000,2296875000,2296875000,10
2025-10-24 22:58:37,100399,pairwise,VerletListsCells,0.500000,vlc_sliced,none,SoA,enabled,9218750000,1625000000,1500000000,1468750000,1562500000,1656250000,1531250000,1687500000,1468750000,1468750000,2318749999,2318749999,10
2025-10-24 22:58:37,100409,pairwise,VerletListsCells,0.500000,vlc_sliced_c02,none,AoS,disabled,5406250000,0,0,93750000,0,0,0,93750000,0,156250000,574999999,569218199,10
2025-10-24 22:58:37,100419,pairwise,VerletListsCells,0.500000,vlc_sliced_c02,none,AoS,enabled,5437500000,0,125000000,0,0,0,125000000,0,0,0,568749999,568093461,10
2025-10-24 22:58:38,100429,pairwise,VerletListsCells,0.500000,vlc_sliced_c02,none,SoA,disabled,9625000000,1468750000,1500000000,1468750000,1781250000,1468750000,1562500000,1500000000,1531250000,1593750000,2349999999,2333354308,10
2025-10-24 22:58:38,100439,pairwise,VerletListsCells,0.500000,vlc_sliced_c02,none,SoA,enabled,9406250000,1625000000,1625000000,1500000000,1531250000,1687500000,1562500000,1343750000,1468750000,1500000000,2324999999,2312068063,10
2025-10-24 22:58:38,100449,pairwise,VerletListsCells,1.000000,vlc_c01,none,AoS,disabled,12343750000,2718750000,2937500000,2781250000,2781250000,2687500000,2718750000,2906250000,2750000000,2875000000,3749999999,3746501684,10
2025-10-24 22:58:38,100459,pairwise,VerletListsCells,1.000000,vlc_c01,none,SoA,disabled,16187500000,4593750000,4437500000,4375000000,4562500000,4281250000,4437500000,4562500000,4437500000,4468750000,5634374999,5627836290,10
2025-10-24 22:58:39,100469,pairwise,VerletListsCells,1.000000,vlc_c18,none,AoS,disabled,8906250000,3312500000,3250000000,3218750000,3312500000,3250000000,3125000000,3281250000,3093750000,3250000000,3799999999,3799999999,10
2025-10-24 22:58:39,100479,pairwise,VerletListsCells,1.000000,vlc_c18,none,AoS,enabled,8875000000,3281250000,3312500000,3343750000,3312500000,3156250000,3125000000,3156250000,3375000000,3093750000,3803124999,3796254532,10
2025-10-24 22:58:39,100489,pairwise,VerletListsCells,1.000000,vlc_c18,none,SoA,disabled,12750000000,4875000000,4906250000,5062500000,4812500000,4968750000,4906250000,4812500000,4906250000,4906250000,5690625000,5690625000,10
2025-10-24 22:58:40,100499,pairwise,VerletListsCells,1.000000,vlc_c18,none,SoA,enabled,12375000000,4968750000,4968750000,5062500000,4812500000,4812500000,4875000000,4843750000,4937500000,4843750000,5649999999,5649999999,10
2025-10-24 22:58:40,100509,pairwise,VerletListsCells,1.000000,vlc_c08,none,AoS,disabled,7156250000,2875000000,3031250000,3093750000,3062500000,3125000000,3062500000,3062500000,3187500000,3125000000,3478124999,3478124999,10
2025-10-24 22:58:40,100519,pairwise,VerletListsCells,1.000000,vlc_c08,none,AoS,enabled,6968750000,3000000000,3000000000,3000000000,3093750000,3281250000,3156250000,6125000000,3125000000,3093750000,3784374999,3705972528,10
2025-10-24 22:58:40,100529,pairwise,VerletListsCells,1.000000,vlc_c08,none,SoA,disabled,11156250000,4687500000,4750000000,4593750000,4875000000,4812500000,4750000000,4718750000,4906250000,4656250000,5390625000,5358529520,10
2025-10-24 22:58:41,100539,pairwise,VerletListsCells,1.000000,vlc_c08,none,SoA,enabled,10750000000,4593750000,4750000000,4656250000,4750000000,4687500000,4656250000,4656250000,4718750000,4812500000,5303124999,5303124999,10
2025-10-24 22:58:41,100549,pairwise,VerletListsCells,1.000000,vlc_sliced,none,AoS,disabled,5750000000,0,0,0,0,0,0,0,0,0,575000000,575000000,10
2025-10-24 22:58:41,100559,pairwise,VerletListsCells,1.000000,vlc_sliced,none,AoS,enabled,5625000000,0,125000000,0,0,0,156250000,0,0,0,590625000,589906510,10
2025-10-24 22:58:41,100569,pairwise,VerletListsCells,1.000000,vlc_sliced,none,SoA,disabled,9781250000,1656250000,1593750000,1625000000,1437500000,1500000000,1468750000,1593750000,1593750000,1687500000,2393749999,2371936575,10
2025-10-24 22:58:41,100579,pairwise,VerletListsCells,1.000000,vlc_sliced,none,SoA,enabled,9437500000,1593750000,1500000000,1625000000,1656250000,1625000000,1625000000,1406250000,1687500000,1593750000,2374999999,2353639952,10
2025-10-24 22:58:41,100589,pairwise,VerletListsCells,1.000000,vlc_sliced_c02,none,AoS,disabled,5562500000,156250000,0,0,125000000,0,0,0,0,0,584375000,580287481,10
2025-10-24 22:58:42,100599,pairwise,VerletListsCells,1.000000,vlc_sliced_c02,none,AoS,enabled,5343750000,0,0,0,0,0,0,125000000,0,0,546874999,546874999,10
2025-10-24 22:58:42,100609,pairwise,VerletListsCells,1.000000,vlc_sliced_c02,none,SoA,disabled,9687500000,1406250000,1500000000,1437500000,1625000000,1593750000,1687500000,1406250000,1500000000,1531250000,2337499999,2337499999,10
2025-10-24 22:58:42,100619,pairwise,VerletListsCells,1.000000,vlc_sliced_c02,none,SoA,enabled,9156250000,1625000000,1656250000,1718750000,1718750000,1531250000,1625000000,1625000000,1500000000,1656250000,2381249999,2381249999,10
2025-10-24 22:58:42,100629,pairwise,PairwiseVerletLists,0.500000,vlp_c01,none,AoS,disabled,13156250000,2937500000,3218750000,3000000000,2968750000,3000000000,3156250000,3125000000,3218750000,3187500000,4096874999,4091608225,10
2025-10-24 22:58:43,100639,pairwise,PairwiseVerletLists,0.500000,vlp_c01,none,SoA,disabled,24156250000,4875000000,5000000000,5000000000,4937500000,5093750000,4937500000,4750000000,4937500000,5062500000,6874999999,6873254573,10
2025-10-24 22:58:43,100649,pairwise,PairwiseVerletLists,0.500000,vlp_c18,none,AoS,disabled,11593750000,3406250000,3500000000,3406250000,3500000000,3312500000,3343750000,3531250000,3343750000,3531250000,4246874999,4246874999,10
2025-10-24 22:58:43,100659,pairwise,PairwiseVerletLists,0.500000,vlp_c18,none,AoS,enabled,11437500000,3312500000,3250000000,3468750000,3343750000,3468750000,3468750000,3468750000,3437500000,3406250000,4206249999,4206249999,10
2025-10-24 22:58:43,100669,pairwise,PairwiseVerletLists,0.500000,vlp_c18,none,SoA,disabled,28343750000,5187500000,5343750000,5375000000,5562500000,5281250000,5375000000,5531250000,5281250000,5281250000,7656249999,7656249999,10
2025-10-24 22:58:44,100679,pairwise,PairwiseVerletLists,0.500000,vlp_c18,none,SoA,enabled,28156250000,5281250000,5375000000,5468750000,5343750000,5375000000,5312500000,5375000000,5468750000,5187500000,7634374999,7629495007,10
2025-10-24 22:58:44,100689,pairwise,PairwiseVerletLists,0.500000,vlp_sliced,none,AoS,disabled,8625000000,468750000,781250000,656250000,718750000,718750000,750000000,562500000,562500000,625000000,1446874999,1445361088,10
2025-10-24 22:58:44,100699,pairwise,PairwiseVerletLists,0.500000,vlp_sliced,none,AoS,enabled,8593750000,406250000,531250000,656250000,593750000,718750000,656250000,625000000,593750000,687500000,1406249999,1406249999,10
2025-10-24 22:58:44,100709,pairwise,PairwiseVerletLists,0.500000,vlp_sliced,none,SoA,disabled,24812500000,2343750000,2593750000,2343750000,2218750000,2437500000,2500000000,2375000000,2656250000,2406250000,4668749999,4668749999,10
2025-10-24 22:58:45,100719,pairwise,PairwiseVerletLists,0.500000,vlp_sliced,none,SoA,enabled,24812500000,2531250000,2468750000,2531250000,2343750000,2562500000,2281250000,2406250000,2437500000,2312500000,4668749999,4668749999,10
2025-10-24 22:58:45,100729,pairwise,PairwiseVerletLists,0.500000,vlp_sliced_c02,none,AoS,disabled,8718750000,375000000,656250000,750000000,625000000,718750000,343750000,468750000,593750000,687500000,1393749999,1380889332,10
2025-10-24 22:58:45,100739,pairwise,PairwiseVerletLists,0.500000,vlp_sliced_c02,none,AoS,enabled,8718750000,406250000,687500000,406250000,750000000,687500000,687500000,593750000,281250000,375000000,1359374999,1359374999,10
2025-10-24 22:58:45,100749,pairwise,PairwiseVerletLists,0.500000,vlp_sliced_c02,none,SoA,disabled,24718750000,2406250000,2406250000,2625000000,2406250000,2562500000,2656250000,2343750000,2531250000,2343750000,4699999999,4699999999,10
2025-10-24 22:58:46,100759,pairwise,PairwiseVerletLists,0.500000,vlp_sliced_c02,none,SoA,enabled,24781250000,2375000000,2718750000,2406250000,2406250000,2656250000,2343750000,2437500000,2593750000,2375000000,4709374999,4692146545,10
2025-10-24 22:58:46,100769,pairwise,PairwiseVerletLists,1.000000,vlp_c01,none,AoS,disabled,13468750000,3187500000,3125000000,3125000000,3125000000,3250000000,3093750000,3187500000,3187500000,3000000000,4174999999,4145694658,10
2025-10-24 22:58:46,100779,pairwise,PairwiseVerletLists,1.000000,vlp_c01,none,SoA,disabled,24250000000,4968750000,4968750000,5062500000,5093750000,4968750000,4937500000,4937500000,5031250000,5031250000,6925000000,6903329152,10
2025-10-24 22:58:47,100789,pairwise,PairwiseVerletLists,1.000000,vlp_c18,none,AoS,disabled,11437500000,3437500000,3468750000,3500000000,3437500000,3468750000,3500000000,3468750000,3562500000,3437500000,4271874999,4271874999,10
2025-10-24 22:58:47,100799,pairwise,PairwiseVerletLists,1.000000,vlp_c18,none,AoS,enabled,11625000000,3500000000,3531250000,3500000000,3500000000,3531250000,3437500000,3406250000,3531250000,3406250000,4296874999,4296874999,10
2025-10-24 22:58:47,100809,pairwise,PairwiseVerletLists,1.000000,vlp_c18,none,SoA,disabled,28343750000,5281250000,5281250000,5250000000,5343750000,5312500000,5343750000,5187500000,5281250000,5500000000,7612499999,7612499999,10
2025-10-24 22:58:48,100819,pairwise,PairwiseVerletLists,1.000000,vlp_c18,none,SoA,enabled,27843750000,5375000000,5312500000,5500000000,5375000000,5562500000,5406250000,5343750000,5375000000,5375000000,7646874999,7636978167,10
2025-10-24 22:58:48,100829,pairwise,PairwiseVerletLists,1.000000,vlp_sliced,none,AoS,disabled,8687500000,531250000,468750000,531250000,562500000,406250000,468750000,687500000,406250000,750000000,1349999999,1349999999,10
2025-10-24 22:58:48,100839,pairwise,PairwiseVerletLists,1.000000,vlp_sliced,none,AoS,enabled,8656250000,531250000,593750000,593750000,437500000,437500000,687500000,468750000,656250000,468750000,1353124999,1353124999,10
2025-10-24 22:58:48,100849,pairwise,PairwiseVerletLists,1.000000,vlp_sliced,none,SoA,disabled,25375000000,2468750000,2375000000,2468750000,2625000000,2500000000,2375000000,2531250000,2375000000,2531250000,4762499999,4761339940,10
2025-10-24 22:58:48,100859,pairwise,PairwiseVerletLists,1.000000,vlp_sliced,none,SoA,enabled,24906250000,2468750000,2500000000,2312500000,2375000000,2343750000,2468750000,2312500000,2562500000,2437500000,4668749999,4658269622,10
2025-10-24 22:58:49,100869,pairwise,PairwiseVerletLists,1.000000,vlp_sliced_c02,none,AoS,disabled,8718750000,687500000,812500000,750000000,468750000,843750000,656250000,687500000,656250000,656250000,1493749999,1482430684,10
2025-10-24 22:58:49,100879,pairwise,PairwiseVerletLists,1.000000,vlp_sliced_c02,none,AoS,enabled,8750000000,406250000,375000000,687500000,531250000,562500000,687500000,593750000,750000000,562500000,1390624999,1390624999,10
2025-10-24 22:58:49,100889,pairwise,PairwiseVerletLists,1.000000,vlp_sliced_c02,none,SoA,disabled,24812500000,2468750000,2687500000,2500000000,2406250000,2593750000,2468750000,2437500000,2656250000,2281250000,4731250000,4723022961,10
2025-10-24 22:58:49,100899,pairwise,PairwiseVerletLists,1.000000,vlp_sliced_c02,none,SoA,enabled,24937500000,2437500000,2500000000,2656250000,2562500000,2343750000,2406250000,2562500000,2656250000,2375000000,4743750000,4743750000,10
2025-10-24 23:00:49,110009,pairwise,LinkedCells,0.500000,lc_c08,none,AoS,disabled,27625000000,27500000000,27875000000,27562500000,27437500000,27562500000,27812500000,27750000000,27625000000,27437500000,27618749999,27553904504,10
2025-10-24 23:00:51,110019,pairwise,LinkedCells,0.500000,lc_c08,none,AoS,enabled,27500000000,27625000000,27750000000,27750000000,28500000000,27562500000,27500000000,27812500000,27750000000,27500000000,27725000000,27618000516,10
2025-10-24 23:00:53,110029,pairwise,LinkedCells,0.500000,lc_c08,none,SoA,disabled,47437500000,46812500000,47250000000,46750000000,47062500000,46812500000,47000000000,46875000000,46687500000,46937500000,46962499999,46899799495,10
2025-10-24 23:00:56,110039,pairwise,LinkedCells,0.500000,lc_c08,none,SoA,enabled,46937500000,46562500000,46375000000,46437500000,46500000000,46687500000,46750000000,46562500000,46687500000,46687500000,46618749999,46589389522,10
2025-10-24 23:00:57,110049,pairwise,LinkedCells,0.500000,lc_c18,none,AoS,disabled,26375000000,26375000000,26375000000,26375000000,26500000000,26375000000,26750000000,26750000000,26625000000,26625000000,26512499999,26451910812,10
2025-10-24 23:00:59,110059,pairwise,LinkedCells,0.500000,lc_c18,none,AoS,enabled,26562500000,26375000000,26625000000,26500000000,26562500000,26562500000,26500000000,26562500000,26625000000,26687500000,26556249999,26474103085,10
2025-10-24 23:01:01,110069,pairwise,LinkedCells,0.500000,lc_c18,none,SoA,disabled,34687500000,34937500000,34437500000,34687500000,34750000000,34562500000,34500000000,34750000000,34500000000,34750000000,34656249999,34608644295,10
2025-10-24 23:01:03,110079,pairwise,LinkedCells,0.500000,lc_c18,none,SoA,enabled,34312500000,34750000000,34750000000,34500000000,34500000000,34562500000,34625000000,34687500000,34750000000,34687500000,34612499999,34583371097,10
2025-10-24 23:01:03,110089,pairwise,LinkedCells,1.000000,lc_c04,none,AoS,disabled,562500000,437500000,500000000,0,187500000,312500000,312500000,312500000,312500000,375000000,331249999,331249999,10
2025-10-24 23:01:04,110099,pairwise,LinkedCells,1.000000,lc_c04,none,AoS,enabled,312500000,125000000,375000000,187500000,312500000,125000000,187500000,312500000,312500000,312500000,256250000,256250000,10
2025-10-24 23:01:04,110109,pairwise,LinkedCells,1.000000,lc_c04,none,SoA,disabled,1375000000,1437500000,1562500000,1687500000,1562500000,1500000000,1687500000,1375000000,1500000000,1875000000,1556249999,1540144747,10
2025-10-24 23:01:04,110119,pairwise,LinkedCells,1.000000,lc_c04,none,SoA,enabled,1687500000,1437500000,1437500000,1625000000,1375000000,1437500000,1500000000,1750000000,1562500000,1500000000,1531249999,1501393770,10
2025-10-24 23:01:04,110129,pairwise,LinkedCells,1.000000,lc_c04_combined_SoA,none,SoA,disabled,2375000000,2500000000,2437500000,2437500000,2437500000,2500000000,2562500000,2562500000,2687500000,2500000000,2499999999,2499999999,10
2025-10-24 23:01:04,110139,pairwise,LinkedCells,1.000000,lc_c04_combined_SoA,none,SoA,enabled,2500000000,2437500000,2687500000,2687500000,2625000000,2625000000,2562500000,2250000000,2250000000,2312500000,2493749999,2493749999,10
2025-10-24 23:01:05,110149,pairwise,LinkedCells,1.000000,lc_c08,none,AoS,disabled,3125000000,3187500000,3187500000,3187500000,3250000000,3250000000,3000000000,3000000000,3187500000,3125000000,3149999999,3149999999,10
2025-10-24 23:01:05,110159,pairwise,LinkedCells,1.000000,lc_c08,none,AoS,enabled,3187500000,3187500000,3125000000,3250000000,3187500000,3125000000,3250000000,3250000000,2875000000,3250000000,3168749999,3168749999,10
2025-10-24 23:01:05,110169,pairwise,LinkedCells,1.000000,lc_c08,none,SoA,disabled,4312500000,4187500000,4250000000,4187500000,4125000000,4187500000,4187500000,4437500000,4250000000,4125000000,4224999999,4224999999,10
2025-10-24 23:01:05,110179,pairwise,LinkedCells,1.000000,lc_c08,none,SoA,enabled,4125000000,4250000000,4125000000,4187500000,4187500000,4125000000,4000000000,4062500000,4187500000,4125000000,4137499999,4137499999,10
2025-10-24 23:01:05,110189,pairwise,LinkedCells,1.000000,lc_c18,none,AoS,disabled,3062500000,3125000000,3250000000,3312500000,3375000000,3187500000,3125000000,3062500000,3375000000,3125000000,3199999999,3199999999,10
2025-10-24 23:01:06,110199,pairwise,LinkedCells,1.000000,lc_c18,none,AoS,enabled,3125000000,3125000000,3187500000,3312500000,3187500000,3125000000,3187500000,3250000000,3125000000,3187500000,3181250000,3181250000,10
2025-10-24 23:01:06,110209,pairwise,LinkedCells,1.000000,lc_c18,none,SoA,disabled,4000000000,3875000000,3687500000,3750000000,3875000000,3937500000,4000000000,4000000000,4125000000,4062500000,3931249999,3931249999,10
2025-10-24 23:01:06,110219,pairwise,LinkedCells,1.000000,lc_c18,none,SoA,enabled,3812500000,3875000000,3687500000,3875000000,4000000000,4062500000,4000000000,4000000000,4062500000,4000000000,3937499999,3937499999,10
2025-10-24 23:01:06,110229,pairwise,VerletLists,0.500000,vl_list_iteration,none,AoS,disabled,5875000000,375000000,125000000,250000000,0,0,312500000,312500000,125000000,62500000,743749999,743749999,10
2025-10-24 23:01:07,110239,pairwise,VerletLists,0.500000,vl_list_iteration,none,SoA,disabled,8312500000,1312500000,1500000000,1625000000,1312500000,1437500000,1500000000,1500000000,1625000000,1375000000,2149999999,2149999999,10
2025-10-24 23:01:07,110249,pairwise,VerletLists,1.000000,vl_list_iteration,none,AoS,disabled,5562500000,0,0,250000000,312500000,312500000,0,250000000,125000000,250000000,706249999,706249999,10
2025-10-24 23:01:07,110259,pairwise,VerletLists,1.000000,vl_list_iteration,none,SoA,disabled,8437500000,1312500000,1375000000,1687500000,1250000000,1500000000,1562500000,1312500000,1500000000,1437500000,2137500000,2137500000,10
2025-10-24 23:01:07,110269,pairwise,VerletListsCells,0.500000,vlc_c01,none,AoS,disabled,12437500000,2750000000,2812500000,2750000000,3000000000,3000000000,2875000000,2750000000,2812500000,2812500000,3799999999,3799999999,10
2025-10-24 23:01:08,110279,pairwise,VerletListsCells,0.500000,vlc_c01,none,SoA,disabled,15937500000,4437500000,4562500000,4375000000,4437500000,4312500000,4375000000,4562500000,4437500000,4375000000,5581249999,5566887746,10
2025-10-24 23:01:08,110289,pairwise,VerletListsCells,0.500000,vlc_c18,none,AoS,disabled,9312500000,3312500000,3125000000,3375000000,3125000000,3312500000,3312500000,3375000000,3062500000,3375000000,3868749999,3862533461,10
2025-10-24 23:01:08,110299,pairwise,VerletListsCells,0.500000,vlc_c18,none,AoS,enabled,8812500000,3187500000,3437500000,3125000000,3250000000,3250000000,3500000000,3125000000,3250000000,3125000000,3806250000,3804306396,10
2025-10-24 23:01:08,110309,pairwise,VerletListsCells,0.500000,vlc_c18,none,SoA,disabled,12875000000,4812500000,4937500000,4812500000,4875000000,4937500000,4750000000,4875000000,4687500000,4875000000,5643749999,5625225229,10
2025-10-24 23:01:09,110319,pairwise,VerletListsCells,0.500000,vlc_c18,none,SoA,enabled,12750000000,4750000000,4875000000,4875000000,4812500000,5000000000,4750000000,5000000000,4937500000,4875000000,5662500000,5631769139,10
2025-10-24 23:01:09,110329,pairwise,VerletListsCells,0.500000,vlc_c08,none,AoS,disabled,7000000000,3000000000,3062500000,3125000000,3125000000,3125000000,3125000000,3125000000,3000000000,3062500000,3474999999,3474999999,10
2025-10-24 23:01:09,110339,pairwise,VerletListsCells,0.500000,vlc_c08,none,AoS,enabled,7250000000,3187500000,3250000000,2937500000,2937500000,3125000000,3125000000,3062500000,3125000000,2937500000,3493749999,3493749999,10
2025-10-24 23:01:09,110349,pairwise,VerletListsCells,0.500000,vlc_c08,none,SoA,disabled,10750000000,4750000000,4687500000,4750000000,4562500000,4750000000,4875000000,4812500000,4562500000,4562500000,5306249999,5306249999,10
2025-10-24 23:01:10,110359,pairwise,VerletListsCells,0.500000,vlc_c08,none,SoA,enabled,10812500000,4812500000,4687500000,4687500000,4687500000,4750000000,4562500000,4687500000,4750000000,4750000000,5318749999,5304514354,10
2025-10-24 23:01:10,110369,pairwise,VerletListsCells,0.500000,vlc_sliced,none,AoS,disabled,6187500000,0,0,62500000,0,0,0,0,125000000,125000000,649999999,637869925,10
2025-10-24 23:01:10,110379,pairwise,VerletListsCells,0.500000,vlc_sliced,none,AoS,enabled,5812500000,0,0,125000000,0,0,0,125000000,125000000,0,618749999,607918607,10
2025-10-24 23:01:10,110389,pairwise,VerletListsCells,0.500000,vlc_sliced,none,SoA,disabled,9812500000,1562500000,1500000000,1562500000,1562500000,1500000000,1562500000,1375000000,1625000000,1500000000,2356249999,2341120415,10
2025-10-24 23:01:10,110399,pairwise,VerletListsCells,0.500000,vlc_sliced,none,SoA,enabled,9562500000,1625000000,1500000000,1562500000,1312500000,1500000000,1437500000,1437500000,1625000000,1625000000,2318749999,2318749999,10
2025-10-24 23:01:10,110409,pairwise,VerletListsCells,0.500000,vlc_sliced_c02,none,AoS,disabled,5750000000,187500000,0,0,0,0,0,0,125000000,0,606249999,597747001,10
2025-10-24 23:01:11,110419,pairwise,VerletListsCells,0.500000,vlc_sliced_c02,none,AoS,enabled,5562500000,0,0,0,0,0,125000000,0,0,0,568749999,568749999,10
2025-10-24 23:01:11,110429,pairwise,VerletListsCells,0.500000,vlc_sliced_c02,none,SoA,disabled,9812500000,1500000000,1562500000,1437500000,1500000000,1500000000,1562500000,1625000000,1562500000,1625000000,2368749999,2363093294,10
2025-10-24 23:01:11,110439,pairwise,VerletListsCells,0.500000,vlc_sliced_c02,none,SoA,enabled,9562500000,1312500000,1500000000,1437500000,1500000000,1625000000,1437500000,1625000000,1562500000,1500000000,2306250000,2306250000,10
2025-10-24 23:01:11,110449,pairwise,VerletListsCells,1.000000,vlc_c01,none,AoS,disabled,12312500000,2750000000,2875000000,2750000000,2750000000,2687500000,2750000000,2750000000,2812500000,2625000000,3706250000,3701503267,10
2025-10-24 23:01:12,110459,pairwise,VerletListsCells,1.000000,vlc_c01,none,SoA,disabled,16500000000,4437500000,4625000000,4687500000,4375000000,4312500000,4625000000,4500000000,4625000000,4500000000,5718749999,5696395688,10
2025-10-24 23:01:12,110469,pairwise,VerletListsCells,1.000000,vlc_c18,none,AoS,disabled,9000000000,3375000000,3312500000,3125000000,3375000000,3125000000,3125000000,3125000000,3437500000,3375000000,3837499999,3826437762,10
2025-10-24 23:01:12,110479,pairwise,VerletListsCells,1.000000,vlc_c18,none,AoS,enabled,9000000000,3125000000,3312500000,3312500000,3437500000,3062500000,3375000000,3125000000,3062500000,3125000000,3793749999,3790183458,10
2025-10-24 23:01:12,110489,pairwise,VerletListsCells,1.000000,vlc_c18,none,SoA,disabled,13000000000,4875000000,4875000000,4937500000,4812500000,4875000000,4750000000,4687500000,4687500000,4812500000,5631250000,5631250000,10
2025-10-24 23:01:13,110499,pairwise,VerletListsCells,1.000000,vlc_c18,none,SoA,enabled,12625000000,4812500000,4875000000,4687500000,4875000000,5000000000,4625000000,4812500000,4625000000,4750000000,5568749999,5568749999,10
2025-10-24 23:01:13,110509,pairwise,VerletListsCells,1.000000,vlc_c08,none,AoS,disabled,7062500000,3062500000,3125000000,3187500000,3187500000,3000000000,3250000000,3187500000,2875000000,3187500000,3512499999,3503868324,10
2025-10-24 23:01:13,110519,pairwise,VerletListsCells,1.000000,vlc_c08,none,AoS,enabled,7250000000,3062500000,2937500000,3125000000,3125000000,2875000000,3062500000,3125000000,3000000000,3250000000,3481250000,3481250000,10
2025-10-24 23:01:13,110529,pairwise,VerletListsCells,1.000000,vlc_c08,none,SoA,disabled,10937500000,4625000000,4750000000,4562500000,4625000000,4500000000,4562500000,4500000000,4437500000,4812500000,5231249999,5231249999,10
2025-10-24 23:01:14,110539,pairwise,VerletListsCells,1.000000,vlc_c08,none,SoA,enabled,11125000000,4687500000,4812500000,4562500000,4687500000,4625000000,4562500000,4875000000,4750000000,4562500000,5324999999,5318113691,10
2025-10-24 23:01:14,110549,pairwise,VerletListsCells,1.000000,vlc_sliced,none,AoS,disabled,5625000000,250000000,0,125000000,0,0,0,125000000,0,0,612499999,601383510,10
2025-10-24 23:01:14,110559,pairwise,VerletListsCells,1.000000,vlc_sliced,none,AoS,enabled,5375000000,0,0,0,125000000,0,0,0,0,0,549999999,549999999,10
2025-10-24 23:01:14,110569,pairwise,VerletListsCells,1.000000,vlc_sliced,none,SoA,disabled,9562500000,1625000000,1625000000,1625000000,1625000000,1625000000,1625000000,1375000000,1375000000,1500000000,2356249999,2356249999,10
2025-10-24 23:01:14,110579,pairwise,VerletListsCells,1.000000,vlc_sliced,none,SoA,enabled,9312500000,1625000000,1625000000,1625000000,1625000000,1375000000,1500000000,1312500000,1500000000,1625000000,2312499999,2312499999,10
2025-10-24 23:01:14,110589,pairwise,VerletListsCells,1.000000,vlc_sliced_c02,none,AoS,disabled,5875000000,0,187500000,0,0,125000000,0,0,0,0,618749999,608021878,10
2025-10-24 23:01:15,110599,pairwise,VerletListsCells,1.000000,vlc_sliced_c02,none,AoS,enabled,5625000000,0,0,125000000,0,0,0,0,0,0,574999999,564422250,10
2025-10-24 23:01:15,110609,pairwise,VerletListsCells,1.000000,vlc_sliced_c02,none,SoA,disabled,9750000000,1562500000,1625000000,1312500000,1437500000,1625000000,1687500000,1625000000,1625000000,1312500000,2356249999,2351865407,10
2025-10-24 23:01:15,110619,pairwise,VerletListsCells,1.000000,vlc_sliced_c02,none,SoA,enabled,9187500000,1312500000,1437500000,1625000000,1625000000,1750000000,1500000000,1375000000,1625000000,1437500000,2287499999,2287499999,10
2025-10-24 23:01:15,110629,pairwise,PairwiseVerletLists,0.500000,vlp_c01,none,AoS,disabled,13500000000,3125000000,3125000000,3000000000,2812500000,3125000000,3125000000,3187500000,3125000000,3000000000,4112499999,4099779247,10
2025-10-24 23:01:16,110639,pairwise,PairwiseVerletLists,0.500000,vlp_c01,none,SoA,disabled,23750000000,5000000000,5000000000,4875000000,5062500000,5000000000,5062500000,4875000000,4937500000,5000000000,6856249999,6856249999,10
2025-10-24 23:01:16,110649,pairwise,PairwiseVerletLists,0.500000,vlp_c18,none,AoS,disabled,11625000000,3312500000,3500000000,3437500000,3375000000,3500000000,3312500000,3500000000,3437500000,3312500000,4231249999,4231249999,10
2025-10-24 23:01:16,110659,pairwise,PairwiseVerletLists,0.500000,vlp_c18,none,AoS,enabled,11625000000,3437500000,3312500000,3500000000,3500000000,3250000000,3562500000,3500000000,3437500000,3500000000,4262499999,4246493791,10
2025-10-24 23:01:17,110669,pairwise,PairwiseVerletLists,0.500000,vlp_c18,none,SoA,disabled,27562500000,5250000000,5375000000,5437500000,5250000000,5375000000,5375000000,5312500000,5250000000,5375000000,7556249999,7556249999,10
2025-10-24 23:01:17,110679,pairwise,PairwiseVerletLists,0.500000,vlp_c18,none,SoA,enabled,27937500000,5187500000,5375000000,5437500000,5625000000,5437500000,5437500000,5250000000,5250000000,5375000000,7631250000,7631250000,10
2025-10-24 23:01:17,110689,pairwise,PairwiseVerletLists,0.500000,vlp_sliced,none,AoS,disabled,8750000000,750000000,687500000,687500000,687500000,687500000,625000000,500000000,500000000,625000000,1449999999,1449076244,10
2025-10-24 23:01:17,110699,pairwise,PairwiseVerletLists,0.500000,vlp_sliced,none,AoS,enabled,8750000000,437500000,625000000,437500000,687500000,750000000,625000000,687500000,562500000,375000000,1393749999,1393749999,10
2025-10-24 23:01:18,110709,pairwise,PairwiseVerletLists,0.500000,vlp_sliced,none,SoA,disabled,24812500000,2375000000,2312500000,2375000000,2375000000,2312500000,2562500000,2250000000,2375000000,2437500000,4618750000,4618750000,10
2025-10-24 23:01:18,110719,pairwise,PairwiseVerletLists,0.500000,vlp_sliced,none,SoA,enabled,24812500000,2500000000,2437500000,2437500000,2437500000,2375000000,2437500000,2437500000,2312500000,2375000000,4656249999,4656249999,10
2025-10-24 23:01:18,110729,pairwise,PairwiseVerletLists,0.500000,vlp_sliced_c02,none,AoS,disabled,8937500000,500000000,562500000,437500000,750000000,687500000,562500000,750000000,625000000,500000000,1431249999,1393653666,10
2025-10-24 23:01:18,110739,pairwise,PairwiseVerletLists,0.500000,vlp_sliced_c02,none,AoS,enabled,8562500000,625000000,500000000,562500000,625000000,687500000,750000000,562500000,500000000,625000000,1399999999,1383014175,10
2025-10-24 23:01:18,110749,pairwise,PairwiseVerletLists,0.500000,vlp_sliced_c02,none,SoA,disabled,25187500000,2500000000,2437500000,2375000000,2312500000,2437500000,2625000000,2250000000,2437500000,2437500000,4699999999,4692704417,10
2025-10-24 23:01:19,110759,pairwise,PairwiseVerletLists,0.500000,vlp_sliced_c02,none,SoA,enabled,24750000000,2625000000,2500000000,2437500000,2500000000,2500000000,2500000000,2312500000,2625000000,2437500000,4718749999,4711827685,10
2025-10-24 23:01:19,110769,pairwise,PairwiseVerletLists,1.000000,vlp_c01,none,AoS,disabled,13250000000,3000000000,2812500000,3125000000,3000000000,2937500000,3062500000,3000000000,2875000000,2937500000,3999999999,3999999999,10
2025-10-24 23:01:19,110779,pairwise,PairwiseVerletLists,1.000000,vlp_c01,none,SoA,disabled,23562500000,4937500000,4875000000,4750000000,4750000000,4875000000,4875000000,4687500000,5000000000,4937500000,6724999999,6724999999,10
2025-10-24 23:01:20,110789,pairwise,PairwiseVerletLists,1.000000,vlp_c18,none,AoS,disabled,11500000000,3500000000,3375000000,3437500000,3375000000,3312500000,3375000000,3500000000,3500000000,3500000000,4237499999,4237499999,10
2025-10-24 23:01:20,110799,pairwise,PairwiseVerletLists,1.000000,vlp_c18,none,AoS,enabled,11500000000,3375000000,3250000000,3312500000,3500000000,3437500000,3500000000,3500000000,3375000000,3562500000,4231249999,4231249999,10
2025-10-24 23:01:20,110809,pairwise,PairwiseVerletLists,1.000000,vlp_c18,none,SoA,disabled,28125000000,5187500000,5250000000,5500000000,5500000000,5437500000,5062500000,5187500000,5250000000,5375000000,7587499999,7587499999,10
2025-10-24 23:01:21,110819,pairwise,PairwiseVerletLists,1.000000,vlp_c18,none,SoA,enabled,27562500000,5250000000,5250000000,5312500000,5250000000,5187500000,5312500000,5375000000,5375000000,5250000000,7512499999,7512499999,10
2025-10-24 23:01:21,110829,pairwise,PairwiseVerletLists,1.000000,vlp_sliced,none,AoS,disabled,8812500000,625000000,437500000,500000000,437500000,562500000,625000000,625000000,687500000,687500000,1399999999,1372014182,10
2025-10-24 23:01:21,110839,pairwise,PairwiseVerletLists,1.000000,vlp_sliced,none,AoS,enabled,8687500000,562500000,562500000,625000000,437500000,500000000,562500000,625000000,625000000,687500000,1387499999,1374637116,10
2025-10-24 23:01:21,110849,pairwise,PairwiseVerletLists,1.000000,vlp_sliced,none,SoA,disabled,25312500000,2437500000,2375000000,2375000000,2375000000,2500000000,2562500000,2375000000,2625000000,2375000000,4731249999,4731249999,10
2025-10-24 23:01:22,110859,pairwise,PairwiseVerletLists,1.000000,vlp_sliced,none,SoA,enabled,24812500000,2375000000,2312500000,2562500000,2437500000,2375000000,2437500000,2500000000,2500000000,2437500000,4675000000,4671000222,10
2025-10-24 23:01:22,110869,pairwise,PairwiseVerletLists,1.000000,vlp_sliced_c02,none,AoS,disabled,8625000000,625000000,687500000,625000000,687500000,500000000,625000000,687500000,750000000,562500000,1437499999,1437499999,10
2025-10-24 23:01:22,110879,pairwise,PairwiseVerletLists,1.000000,vlp_sliced_c02,none,AoS,enabled,8812500000,687500000,750000000,500000000,687500000,687500000,500000000,625000000,562500000,625000000,1443750000,1428700242,10
2025-10-24 23:01:22,110889,pairwise,PairwiseVerletLists,1.000000,vlp_sliced_c02,none,SoA,disabled,24812500000,2562500000,2375000000,2500000000,2437500000,2500000000,2625000000,2562500000,2312500000,2687500000,4737499999,4732025475,10
2025-10-24 23:01:22,110899,pairwise,PairwiseVerletLists,1.000000,vlp_sliced_c02,none,SoA,enabled,25000000000,2500000000,2437500000,2687500000,2500000000,2500000000,2500000000,2500000000,2312500000,2562500000,4750000000,4745061676,10
2025-10-24 23:03:22,120009,pairwise,LinkedCells,0.500000,lc_c08,none,AoS,disabled,27687500000,27875000000,27500000000,27687500000,27687500000,27500000000,27625000000,27375000000,27687500000,27562500000,27618749999,27618749999,10
2025-10-24 23:03:24,120019,pairwise,LinkedCells,0.500000,lc_c08,none,AoS,enabled,27562500000,27562500000,27437500000,27687500000,27812500000,27750000000,27625000000,27625000000,27375000000,27687500000,27612499999,27612499999,10
2025-10-24 23:03:26,120029,pairwise,LinkedCells,0.500000,lc_c08,none,SoA,disabled,46812500000,46625000000,46625000000,46437500000,46750000000,46687500000,46562500000,46750000000,46562500000,47000000000,46681249999,46681249999,10
2025-10-24 23:03:29,120039,pairwise,LinkedCells,0.500000,lc_c08,none,SoA,enabled,46687500000,46500000000,46562500000,46562500000,46687500000,46625000000,46500000000,46562500000,46625000000,46562500000,46587499999,46570826280,10
2025-10-24 23:03:30,120049,pairwise,LinkedCells,0.500000,lc_c18,none,AoS,disabled,26875000000,26625000000,26562500000,26500000000,26500000000,26625000000,26750000000,26625000000,26687500000,26625000000,26637499999,26601649309,10
2025-10-24 23:03:32,120059,pairwise,LinkedCells,0.500000,lc_c18,none,AoS,enabled,26437500000,26750000000,26625000000,26687500000,26750000000,26625000000,26500000000,26562500000,26562500000,26687500000,26618749999,26592210238,10
2025-10-24 23:03:34,120069,pairwise,LinkedCells,0.500000,lc_c18,none,SoA,disabled,35062500000,34812500000,34812500000,34875000000,34812500000,34937500000,34937500000,34937500000,34750000000,34812500000,34874999999,34828242547,10
2025-10-24 23:03:36,120079,pairwise,LinkedCells,0.500000,lc_c18,none,SoA,enabled,35062500000,34750000000,34687500000,34937500000,34687500000,34625000000,34687500000,34625000000,34875000000,34750000000,34768749999,34741098204,10
2025-10-24 23:03:37,120089,pairwise,LinkedCells,1.000000,lc_c04,none,AoS,disabled,500000000,250000000,250000000,250000000,312500000,125000000,125000000,375000000,375000000,312500000,287499999,287499999,10
2025-10-24 23:03:37,120099,pairwise,LinkedCells,1.000000,lc_c04,none,AoS,enabled,187500000,250000000,125000000,312500000,250000000,312500000,312500000,375000000,250000000,0,237499999,237499999,10
2025-10-24 23:03:37,120109,pairwise,LinkedCells,1.000000,lc_c04,none,SoA,disabled,1500000000,1562500000,1375000000,1625000000,1312500000,1500000000,1687500000,1625000000,1375000000,1500000000,1506249999,1506249999,10
2025-10-24 23:03:37,120119,pairwise,LinkedCells,1.000000,lc_c04,none,SoA,enabled,1625000000,1625000000,1500000000,1625000000,1500000000,1500000000,1437500000,1312500000,1687500000,1500000000,1531249999,1520101406,10
2025-10-24 23:03:37,120129,pairwise,LinkedCells,1.000000,lc_c04_combined_SoA,none,SoA,disabled,2500000000,2562500000,2500000000,2500000000,2312500000,2500000000,2500000000,2375000000,2750000000,2625000000,2512499999,2512499999,10
2025-10-24 23:03:37,120139,pairwise,LinkedCells,1.000000,lc_c04_combined_SoA,none,SoA,enabled,2437500000,2375000000,2500000000,2562500000,2250000000,2500000000,2375000000,2437500000,2625000000,2500000000,2456249999,2456249999,10
2025-10-24 23:03:38,120149,pairwise,LinkedCells,1.000000,lc_c08,none,AoS,disabled,3312500000,3187500000,3250000000,3312500000,3312500000,3312500000,3125000000,3187500000,3187500000,3125000000,3231249999,3210274941,10
2025-10-24 23:03:38,120159,pairwise,LinkedCells,1.000000,lc_c08,none,AoS,enabled,3312500000,3125000000,3187500000,3187500000,3125000000,3250000000,3250000000,3187500000,3187500000,3187500000,3200000000,3192421304,10
2025-10-24 23:03:38,120169,pairwise,LinkedCells,1.000000,lc_c08,none,SoA,disabled,4437500000,4125000000,4187500000,4187500000,4250000000,4125000000,4187500000,4375000000,4187500000,4125000000,4218749999,4217275367,10
2025-10-24 23:03:38,120179,pairwise,LinkedCells,1.000000,lc_c08,none,SoA,enabled,4375000000,4312500000,4250000000,4312500000,4125000000,4125000000,4250000000,4187500000,4312500000,4062500000,4231249999,4202737970,10
2025-10-24 23:03:39,120189,pairwise,LinkedCells,1.000000,lc_c18,none,AoS,disabled,3062500000,3187500000,3250000000,3312500000,3125000000,3250000000,3375000000,3312500000,3250000000,3250000000,3237499999,3226970335,10
2025-10-24 23:03:39,120199,pairwise,LinkedCells,1.000000,lc_c18,none,AoS,enabled,3250000000,3187500000,3187500000,3375000000,3375000000,3250000000,3125000000,3312500000,3187500000,3187500000,3243749999,3226607771,10
2025-10-24 23:03:39,120209,pairwise,LinkedCells,1.000000,lc_c18,none,SoA,disabled,3937500000,4000000000,3937500000,4062500000,4000000000,4062500000,3875000000,3937500000,3937500000,3812500000,3956249999,3943290024,10
2025-10-24 23:03:39,120219,pairwise,LinkedCells,1.000000,lc_c18,none,SoA,enabled,4000000000,4000000000,4000000000,4125000000,4000000000,4000000000,4000000000,3937500000,4000000000,4000000000,4006249999,3989380560,10
2025-10-24 23:03:40,120229,pairwise,VerletLists,0.500000,vl_list_iteration,none,AoS,disabled,6000000000,250000000,125000000,187500000,125000000,125000000,312500000,0,125000000,125000000,737499999,737499999,10
2025-10-24 23:03:40,120239,pairwise,VerletLists,0.500000,vl_list_iteration,none,SoA,disabled,8375000000,1312500000,1312500000,1562500000,1312500000,1437500000,1562500000,1250000000,1437500000,1437500000,2099999999,2099999999,10
2025-10-24 23:03:40,120249,pairwise,VerletLists,1.000000,vl_list_iteration,none,AoS,disabled,5875000000,0,187500000,187500000,125000000,187500000,187500000,250000000,62500000,125000000,718749999,713234667,10
2025-10-24 23:03:40,120259,pairwise,VerletLists,1.000000,vl_list_iteration,none,SoA,disabled,8312500000,1562500000,1500000000,1375000000,1562500000,1375000000,1500000000,1562500000,1500000000,1687500000,2193749999,2179009656,10
2025-10-24 23:03:40,120269,pairwise,VerletListsCells,0.500000,vlc_c01,none,AoS,disabled,12250000000,2812500000,2750000000,2750000000,3062500000,2875000000,2812500000,2812500000,2750000000,2812500000,3768749999,3760151610,10
2025-10-24 23:03:41,120279,pairwise,VerletListsCells,0.500000,vlc_c01,none,SoA,disabled,16125000000,4375000000,4375000000,4375000000,4437500000,4500000000,4437500000,4375000000,4250000000,4250000000,5550000000,5550000000,10
2025-10-24 23:03:41,120289,pairwise,VerletListsCells,0.500000,vlc_c18,none,AoS,disabled,9250000000,3375000000,3125000000,3437500000,3125000000,3250000000,3250000000,3187500000,3125000000,3437500000,3856249999,3856249999,10
2025-10-24 23:03:41,120299,pairwise,VerletListsCells,0.500000,vlc_c18,none,AoS,enabled,9125000000,3437500000,3125000000,3187500000,3187500000,3250000000,3187500000,3187500000,3437500000,3187500000,3831249999,3827106553,10
2025-10-24 23:03:41,120309,pairwise,VerletListsCells,0.500000,vlc_c18,none,SoA,disabled,12937500000,4812500000,4875000000,5062500000,4750000000,4750000000,4812500000,4875000000,4812500000,4812500000,5649999999,5641724374,10
2025-10-24 23:03:42,120319,pairwise,VerletListsCells,0.500000,vlc_c18,none,SoA,enabled,12875000000,4750000000,4750000000,5000000000,4812500000,4812500000,4750000000,4750000000,4750000000,4750000000,5599999999,5599999999,10
2025-10-24 23:03:42,120329,pairwise,VerletListsCells,0.500000,vlc_c08,none,AoS,disabled,7312500000,3125000000,3187500000,3000000000,3187500000,3125000000,2875000000,2875000000,3125000000,3125000000,3493749999,3492200703,10
2025-10-24 23:03:42,120339,pairwise,VerletListsCells,0.500000,vlc_c08,none,AoS,enabled,6937500000,3000000000,3125000000,3125000000,3062500000,3125000000,3000000000,3000000000,3000000000,3125000000,3450000000,3450000000,10
2025-10-24 23:03:42,120349,pairwise,VerletListsCells,0.500000,vlc_c08,none,SoA,disabled,10937500000,4750000000,4687500000,4562500000,4687500000,4687500000,4687500000,4750000000,4562500000,4500000000,5281249999,5281249999,10
2025-10-24 23:03:43,120359,pairwise,VerletListsCells,0.500000,vlc_c08,none,SoA,enabled,10812500000,4750000000,4687500000,4500000000,4687500000,4625000000,4625000000,4562500000,4562500000,4625000000,5243750000,5243750000,10
2025-10-24 23:03:43,120369,pairwise,VerletListsCells,0.500000,vlc_sliced,none,AoS,disabled,6000000000,0,0,0,125000000,0,0,0,125000000,125000000,637499999,637499999,10
2025-10-24 23:03:43,120379,pairwise,VerletListsCells,0.500000,vlc_sliced,none,AoS,enabled,5750000000,0,0,0,0,0,0,0,0,125000000,587499999,587499999,10
2025-10-24 23:03:43,120389,pairwise,VerletListsCells,0.500000,vlc_sliced,none,SoA,disabled,9875000000,1687500000,1625000000,1500000000,1437500000,1562500000,1625000000,1375000000,1625000000,1500000000,2381249999,2374918213,10
2025-10-24 23:03:43,120399,pairwise,VerletListsCells,0.500000,vlc_sliced,none,SoA,enabled,9125000000,1625000000,1687500000,1437500000,1500000000,1812500000,1437500000,1312500000,1437500000,1625000000,2299999999,2299999999,10
2025-10-24 23:03:44,120409,pairwise,VerletListsCells,0.500000,vlc_sliced_c02,none,AoS,disabled,5687500000,0,0,0,125000000,250000000,0,0,0,187500000,625000000,623004381,10
2025-10-24 23:03:44,120419,pairwise,VerletListsCells,0.500000,vlc_sliced_c02,none,AoS,enabled,5375000000,0,0,125000000,0,0,0,125000000,62500000,0,568749999,568749999,10
2025-10-24 23:03:44,120429,pairwise,VerletListsCells,0.500000,vlc_sliced_c02,none,SoA,disabled,9562500000,1625000000,1562500000,1500000000,1375000000,1562500000,1625000000,1687500000,1625000000,1562500000,2368749999,2368749999,10
2025-10-24 23:03:44,120439,pairwise,VerletListsCells,0.500000,vlc_sliced_c02,none,SoA,enabled,9437500000,1687500000,1687500000,1500000000,1500000000,1312500000,1687500000,1562500000,1687500000,1625000000,2368749999,2355811038,10
2025-10-24 23:03:44,120449,pairwise,VerletListsCells,1.000000,vlc_c01,none,AoS,disabled,12312500000,2875000000,2687500000,2812500000,2812500000,2750000000,2812500000,2875000000,2812500000,2687500000,3743749999,3722735708,10
2025-10-24 23:03:45,120459,pairwise,VerletListsCells,1.000000,vlc_c01,none,SoA,disabled,16437500000,4625000000,4812500000,4562500000,4750000000,4625000000,4562500000,4687500000,4687500000,4562500000,5831249999,5812167173,10
2025-10-24 23:03:45,120469,pairwise,VerletListsCells,1.000000,vlc_c18,none,AoS,disabled,9062500000,3250000000,3437500000,3375000000,3062500000,3437500000,3062500000,3375000000,3250000000,3375000000,3868749999,3859288781,10
2025-10-24 23:03:45,120479,pairwise,VerletListsCells,1.000000,vlc_c18,none,AoS,enabled,9125000000,3375000000,3125000000,3125000000,3437500000,3187500000,3312500000,3187500000,3437500000,3375000000,3868749999,3852145102,10
2025-10-24 23:03:45,120489,pairwise,VerletListsCells,1.000000,vlc_c18,none,SoA,disabled,12937500000,4937500000,4750000000,4812500000,5062500000,4875000000,4812500000,4812500000,4812500000,4750000000,5656249999,5640314922,10
2025-10-24 23:03:46,120499,pairwise,VerletListsCells,1.000000,vlc_c18,none,SoA,enabled,12562500000,4875000000,4812500000,4812500000,4812500000,5187500000,4812500000,4937500000,4875000000,4875000000,5656249999,5622463890,10
2025-10-24 23:03:46,120509,pairwise,VerletListsCells,1.000000,vlc_c08,none,AoS,disabled,7062500000,2937500000,3062500000,3125000000,3062500000,3062500000,3000000000,2875000000,3000000000,3062500000,3424999999,3424999999,10
2025-10-24 23:03:46,120519,pairwise,VerletListsCells,1.000000,vlc_c08,none,AoS,enabled,7375000000,3000000000,3062500000,3000000000,2875000000,3062500000,3125000000,3187500000,3125000000,3062500000,3487499999,3480508013,10
2025-10-24 23:03:47,120529,pairwise,VerletListsCells,1.000000,vlc_c08,none,SoA,disabled,11000000000,4687500000,4812500000,4750000000,4750000000,4750000000,4937500000,4687500000,4750000000,4562500000,5368749999,5331160991,10
2025-10-24 23:03:47,120539,pairwise,VerletListsCells,1.000000,vlc_c08,none,SoA,enabled,10812500000,4875000000,4625000000,4625000000,4625000000,4812500000,4625000000,4687500000,4687500000,4812500000,5318749999,5318617860,10
2025-10-24 23:03:47,120549,pairwise,VerletListsCells,1.000000,vlc_sliced,none,AoS,disabled,5687500000,125000000,0,0,0,62500000,0,0,0,0,587499999,587499999,10
2025-10-24 23:03:47,120559,pairwise,VerletListsCells,1.000000,vlc_sliced,none,AoS,enabled,5562500000,0,0,125000000,0,0,62500000,125000000,0,0,587499999,575555928,10
2025-10-24 23:03:47,120569,pairwise,VerletListsCells,1.000000,vlc_sliced,none,SoA,disabled,9625000000,1437500000,1500000000,1562500000,1750000000,1562500000,1312500000,1500000000,1562500000,1562500000,2337499999,2337499999,10
2025-10-24 23:03:47,120579,pairwise,VerletListsCells,1.000000,vlc_sliced,none,SoA,enabled,9125000000,1562500000,1375000000,1500000000,1375000000,1562500000,1687500000,1625000000,1625000000,1312500000,2274999999,2274999999,10
2025-10-24 23:03:48,120589,pairwise,VerletListsCells,1.000000,vlc_sliced_c02,none,AoS,disabled,5625000000,0,0,125000000,0,0,0,0,125000000,187500000,606249999,606249999,10
2025-10-24 23:03:48,120599,pairwise,VerletListsCells,1.000000,vlc_sliced_c02,none,AoS,enabled,5312500000,0,0,125000000,0,0,0,125000000,0,0,556249999,554952378,10
2025-10-24 23:03:48,120609,pairwise,VerletListsCells,1.000000,vlc_sliced_c02,none,SoA,disabled,9562500000,1687500000,1687500000,1687500000,1625000000,1437500000,1500000000,1437500000,1625000000,1687500000,2393749999,2386130229,10
2025-10-24 23:03:48,120619,pairwise,VerletListsCells,1.000000,vlc_sliced_c02,none,SoA,enabled,9250000000,1687500000,1500000000,1562500000,1562500000,1562500000,1562500000,1687500000,1625000000,1687500000,2368749999,2341272140,10
2025-10-24 23:03:48,120629,pairwise,PairwiseVerletLists,0.500000,vlp_c01,none,AoS,disabled,13125000000,3125000000,3000000000,3000000000,3187500000,2937500000,3187500000,3187500000,3250000000,3187500000,4118749999,4115159934,10
2025-10-24 23:03:49,120639,pairwise,PairwiseVerletLists,0.500000,vlp_c01,none,SoA,disabled,23625000000,4812500000,4875000000,5125000000,5062500000,5000000000,4937500000,4875000000,5062500000,5062500000,6843749999,6843641167,10
2025-10-24 23:03:49,120649,pairwise,PairwiseVerletLists,0.500000,vlp_c18,none,AoS,disabled,11812500000,3437500000,3500000000,3500000000,3437500000,3562500000,3312500000,3500000000,3312500000,3562500000,4293749999,4277503292,10
2025-10-24 23:03:49,120659,pairwise,PairwiseVerletLists,0.500000,vlp_c18,none,AoS,enabled,11500000000,3312500000,3562500000,3500000000,3437500000,3437500000,3500000000,3375000000,3375000000,3312500000,4231249999,4231249999,10
2025-10-24 23:03:50,120669,pairwise,PairwiseVerletLists,0.500000,vlp_c18,none,SoA,disabled,28062500000,5437500000,5312500000,5312500000,5250000000,5437500000,5375000000,5375000000,5500000000,5250000000,7631249999,7600446357,10
2025-10-24 23:03:50,120679,pairwise,PairwiseVerletLists,0.500000,vlp_c18,none,SoA,enabled,27562500000,5312500000,5062500000,5437500000,5312500000,5125000000,5312500000,5250000000,5375000000,5250000000,7499999999,7499999999,10
2025-10-24 23:03:50,120689,pairwise,PairwiseVerletLists,0.500000,vlp_sliced,none,AoS,disabled,8750000000,625000000,500000000,625000000,500000000,687500000,625000000,625000000,437500000,562500000,1393749999,1393749999,10
2025-10-24 23:03:50,120699,pairwise,PairwiseVerletLists,0.500000,vlp_sliced,none,AoS,enabled,8937500000,500000000,562500000,687500000,437500000,437500000,500000000,437500000,437500000,625000000,1356249999,1356249999,10
2025-10-24 23:03:51,120709,pairwise,PairwiseVerletLists,0.500000,vlp_sliced,none,SoA,disabled,25375000000,2500000000,2500000000,2500000000,2625000000,2437500000,2437500000,2562500000,2687500000,2500000000,4812499999,4760079913,10
2025-10-24 23:03:51,120719,pairwise,PairwiseVerletLists,0.500000,vlp_sliced,none,SoA,enabled,25187500000,2500000000,2562500000,2500000000,2437500000,2500000000,2437500000,2500000000,2437500000,2437500000,4749999999,4724906923,10
2025-10-24 23:03:51,120729,pairwise,PairwiseVerletLists,0.500000,vlp_sliced_c02,none,AoS,disabled,8750000000,687500000,750000000,375000000,687500000,625000000,625000000,687500000,562500000,437500000,1418749999,1412572274,10
2025-10-24 23:03:51,120739,pairwise,PairwiseVerletLists,0.500000,vlp_sliced_c02,none,AoS,enabled,8812500000,500000000,562500000,750000000,437500000,625000000,625000000,437500000,500000000,625000000,1387500000,1382123632,10
2025-10-24 23:03:52,120749,pairwise,PairwiseVerletLists,0.500000,vlp_sliced_c02,none,SoA,disabled,24687500000,2375000000,2562500000,2437500000,2437500000,2562500000,2437500000,2625000000,2312500000,2500000000,4693749999,4687172815,10
2025-10-24 23:03:52,120759,pairwise,PairwiseVerletLists,0.500000,vlp_sliced_c02,none,SoA,enabled,24750000000,2562500000,2312500000,2500000000,2375000000,2312500000,2437500000,2562500000,2437500000,2562500000,4681249999,4681249999,10
2025-10-24 23:03:52,120769,pairwise,PairwiseVerletLists,1.000000,vlp_c01,none,AoS,disabled,13250000000,3125000000,3062500000,3187500000,3187500000,3062500000,3000000000,3125000000,3000000000,3062500000,4106249999,4075400870,10
2025-10-24 23:03:52,120779,pairwise,PairwiseVerletLists,1.000000,vlp_c01,none,SoA,disabled,23750000000,5000000000,5000000000,4937500000,4875000000,5062500000,5000000000,4875000000,5000000000,4937500000,6843749999,6804983876,10
2025-10-24 23:03:53,120789,pairwise,PairwiseVerletLists,1.000000,vlp_c18,none,AoS,disabled,11562500000,3437500000,3437500000,3437500000,3375000000,3500000000,3562500000,3562500000,3437500000,3500000000,4281249999,4269996366,10
2025-10-24 23:03:53,120799,pairwise,PairwiseVerletLists,1.000000,vlp_c18,none,AoS,enabled,11687500000,3562500000,3562500000,3750000000,3375000000,3500000000,3375000000,3500000000,3500000000,3375000000,4318750000,4294638280,10
2025-10-24 23:03:53,120809,pairwise,PairwiseVerletLists,1.000000,vlp_c18,none,SoA,disabled,27812500000,5250000000,5437500000,5312500000,5437500000,5500000000,5375000000,5437500000,5312500000,5250000000,7612499999,7597839341,10
2025-10-24 23:03:54,120819,pairwise,PairwiseVerletLists,1.000000,vlp_c18,none,SoA,enabled,27625000000,5187500000,5250000000,5062500000,5312500000,5500000000,5437500000,5437500000,5312500000,5375000000,7549999999,7529197693,10
2025-10-24 23:03:54,120829,pairwise,PairwiseVerletLists,1.000000,vlp_sliced,none,AoS,disabled,8812500000,500000000,562500000,625000000,562500000,625000000,687500000,750000000,625000000,625000000,1437499999,1418848020,10
2025-10-24 23:03:54,120839,pairwise,PairwiseVerletLists,1.000000,vlp_sliced,none,AoS,enabled,8750000000,625000000,562500000,375000000,250000000,687500000,687500000,500000000,687500000,562500000,1368749999,1365131965,10
2025-10-24 23:03:54,120849,pairwise,PairwiseVerletLists,1.000000,vlp_sliced,none,SoA,disabled,25187500000,2500000000,2437500000,2437500000,2500000000,2500000000,2500000000,2312500000,2562500000,2375000000,4731249999,4729924797,10
2025-10-24 23:03:55,120859,pairwise,PairwiseVerletLists,1.000000,vlp_sliced,none,SoA,enabled,24750000000,2312500000,2375000000,2375000000,2437500000,2500000000,2250000000,2437500000,2437500000,2437500000,4631249999,4631249999,10
2025-10-24 23:03:55,120869,pairwise,PairwiseVerletLists,1.000000,vlp_sliced_c02,none,AoS,disabled,8750000000,500000000,687500000,687500000,750000000,750000000,437500000,437500000,562500000,625000000,1418749999,1418749999,10
2025-10-24 23:03:55,120879,pairwise,PairwiseVerletLists,1.000000,vlp_sliced_c02,none,AoS,enabled,8625000000,500000000,562500000,625000000,687500000,625000000,500000000,500000000,625000000,687500000,1393749999,1393749999,10
2025-10-24 23:03:55,120889,pairwise,PairwiseVerletLists,1.000000,vlp_sliced_c02,none,SoA,disabled,24812500000,2500000000,2625000000,2687500000,2250000000,2500000000,2500000000,2625000000,2562500000,2500000000,4756249999,4752486334,10
2025-10-24 23:03:56,120899,pairwise,PairwiseVerletLists,1.000000,vlp_sliced_c02,none,SoA,enabled,24687500000,2437500000,2625000000,2312500000,2500000000,2562500000,2375000000,2500000000,2375000000,2500000000,4687499999,4687499999,10
2025-10-24 23:05:55,130009,pairwise,LinkedCells,0.500000,lc_c08,none,AoS,disabled,27625000000,27562500000,27500000000,27562500000,27437500000,27500000000,27312500000,27437500000,27500000000,27625000000,27506249999,27506249999,10
2025-10-24 23:05:57,130019,pairwise,LinkedCells,0.500000,lc_c08,none,AoS,enabled,27562500000,27437500000,27625000000,27625000000,27625000000,27750000000,27562500000,27562500000,27562500000,27562500000,27587499999,27587499999,10
2025-10-24 23:05:59,130029,pairwise,LinkedCells,0.500000,lc_c08,none,SoA,disabled,47187500000,46937500000,46875000000,47000000000,46875000000,47125000000,47187500000,47125000000,47062500000,46937500000,47031249999,46942676963,10
2025-10-24 23:06:02,130039,pairwise,LinkedCells,0.500000,lc_c08,none,SoA,enabled,47062500000,47000000000,46875000000,46937500000,47062500000,46937500000,47125000000,47000000000,46750000000,46937500000,46968749999,46881440286,10
2025-10-24 23:06:03,130049,pairwise,LinkedCells,0.500000,lc_c18,none,AoS,disabled,26562500000,26437500000,26562500000,26375000000,26562500000,26375000000,26375000000,26375000000,26562500000,26625000000,26481249999,26481249999,10
2025-10-24 23:06:05,130059,pairwise,LinkedCells,0.500000,lc_c18,none,AoS,enabled,26375000000,26312500000,26687500000,26437500000,26625000000,26625000000,26500000000,26437500000,26500000000,26562500000,26506249999,26506249999,10
2025-10-24 23:06:07,130069,pairwise,LinkedCells,0.500000,lc_c18,none,SoA,disabled,35062500000,34875000000,34875000000,34875000000,34937500000,34875000000,34812500000,34875000000,34687500000,34812500000,34868749999,34868749999,10
2025-10-24 23:06:09,130079,pairwise,LinkedCells,0.500000,lc_c18,none,SoA,enabled,34937500000,35000000000,35062500000,34750000000,34750000000,34937500000,34812500000,34937500000,35062500000,34812500000,34906249999,34893567791,10
2025-10-24 23:06:10,130089,pairwise,LinkedCells,1.000000,lc_c04,none,AoS,disabled,500000000,187500000,250000000,125000000,125000000,312500000,375000000,312500000,312500000,125000000,262499999,262499999,10
2025-10-24 23:06:10,130099,pairwise,LinkedCells,1.000000,lc_c04,none,AoS,enabled,375000000,125000000,0,250000000,250000000,375000000,250000000,437500000,125000000,125000000,231249999,228228582,10
2025-10-24 23:06:10,130109,pairwise,LinkedCells,1.000000,lc_c04,none,SoA,disabled,1875000000,1500000000,1375000000,1500000000,1750000000,1375000000,1625000000,1625000000,1437500000,1437500000,1549999999,1537191956,10
2025-10-24 23:06:10,130119,pairwise,LinkedCells,1.000000,lc_c04,none,SoA,enabled,1562500000,1562500000,1812500000,1625000000,1562500000,1437500000,1500000000,1562500000,1687500000,1375000000,1568749999,1562896970,10
2025-10-24 23:06:10,130129,pairwise,LinkedCells,1.000000,lc_c04_combined_SoA,none,SoA,disabled,2500000000,2312500000,2500000000,2625000000,2625000000,2625000000,2500000000,2625000000,2625000000,2625000000,2556250000,2551975072,10
2025-10-24 23:06:10,130139,pairwise,LinkedCells,1.000000,lc_c04_combined_SoA,none,SoA,enabled,2500000000,2312500000,2312500000,2500000000,2500000000,2437500000,2375000000,2500000000,2562500000,2562500000,2456249999,2453919082,10
2025-10-24 23:06:11,130149,pairwise,LinkedCells,1.000000,lc_c08,none,AoS,disabled,3250000000,3187500000,2937500000,3187500000,3000000000,3125000000,3312500000,3187500000,3125000000,3000000000,3131249999,3131249999,10
2025-10-24 23:06:11,130159,pairwise,LinkedCells,1.000000,lc_c08,none,AoS,enabled,3187500000,3187500000,3187500000,3125000000,3187500000,3187500000,3250000000,3187500000,3000000000,2937500000,3143749999,3143749999,10
2025-10-24 23:06:11,130169,pairwise,LinkedCells,1.000000,lc_c08,none,SoA,disabled,4187500000,4250000000,4187500000,4187500000,4125000000,4250000000,4187500000,4125000000,4375000000,4125000000,4199999999,4197106332,10
2025-10-24 23:06:11,130179,pairwise,LinkedCells,1.000000,lc_c08,none,SoA,enabled,4125000000,4375000000,4187500000,4250000000,4250000000,4187500000,4062500000,4187500000,4312500000,4125000000,4206249999,4204515050,10
2025-10-24 23:06:12,130189,pairwise,LinkedCells,1.000000,lc_c18,none,AoS,disabled,3187500000,3250000000,3437500000,3125000000,3125000000,3312500000,3312500000,3125000000,3125000000,3312500000,3231249999,3230657006,10
2025-10-24 23:06:12,130199,pairwise,LinkedCells,1.000000,lc_c18,none,AoS,enabled,3125000000,3062500000,3250000000,3375000000,3062500000,3062500000,3312500000,3312500000,3062500000,3062500000,3168749999,3168749999,10
2025-10-24 23:06:12,130209,pairwise,LinkedCells,1.000000,lc_c18,none,SoA,disabled,3812500000,4000000000,4062500000,3875000000,4000000000,3812500000,4000000000,4062500000,4000000000,3937500000,3956249999,3945365237,10
2025-10-24 23:06:12,130219,pairwise,LinkedCells,1.000000,lc_c18,none,SoA,enabled,4125000000,3937500000,3875000000,4000000000,4062500000,3937500000,3937500000,4062500000,3937500000,3937500000,3981249999,3981249999,10
2025-10-24 23:06:12,130229,pairwise,VerletLists,0.500000,vl_list_iteration,none,AoS,disabled,5875000000,125000000,0,312500000,312500000,187500000,0,125000000,62500000,0,700000000,700000000,10
2025-10-24 23:06:13,130239,pairwise,VerletLists,0.500000,vl_list_iteration,none,SoA,disabled,8187500000,1375000000,1500000000,1437500000,1312500000,1500000000,1562500000,1375000000,1500000000,1687500000,2143749999,2123919096,10
2025-10-24 23:06:13,130249,pairwise,VerletLists,1.000000,vl_list_iteration,none,AoS,disabled,5937500000,312500000,312500000,125000000,0,312500000,0,312500000,0,187500000,749999999,739455277,10
2025-10-24 23:06:13,130259,pairwise,VerletLists,1.000000,vl_list_iteration,none,SoA,disabled,8375000000,1500000000,1437500000,1375000000,1312500000,1437500000,1500000000,1500000000,1625000000,1187500000,2124999999,2124999999,10
2025-10-24 23:06:13,130269,pairwise,VerletListsCells,0.500000,vlc_c01,none,AoS,disabled,12375000000,2812500000,2812500000,2812500000,2812500000,2750000000,2750000000,2750000000,2687500000,2750000000,3731249999,3720229932,10
2025-10-24 23:06:14,130279,pairwise,VerletListsCells,0.500000,vlc_c01,none,SoA,disabled,15937500000,4500000000,4375000000,4312500000,4500000000,4500000000,4375000000,4375000000,4562500000,4437500000,5587500000,5578674689,10
2025-10-24 23:06:14,130289,pairwise,VerletListsCells,0.500000,vlc_c18,none,AoS,disabled,9187500000,3250000000,3437500000,3250000000,3187500000,3250000000,3187500000,3312500000,3250000000,3312500000,3862499999,3862328331,10
2025-10-24 23:06:14,130299,pairwise,VerletListsCells,0.500000,vlc_c18,none,AoS,enabled,8937500000,3312500000,3312500000,3187500000,3250000000,3187500000,3312500000,3125000000,3375000000,3312500000,3831249999,3831249999,10
2025-10-24 23:06:14,130309,pairwise,VerletListsCells,0.500000,vlc_c18,none,SoA,disabled,12937500000,4875000000,4937500000,4875000000,4812500000,5125000000,4875000000,4875000000,4875000000,4875000000,5706249999,5697388115,10
2025-10-24 23:06:15,130319,pairwise,VerletListsCells,0.500000,vlc_c18,none,SoA,enabled,12562500000,4812500000,4875000000,5000000000,4875000000,5000000000,5000000000,4750000000,5000000000,4875000000,5674999999,5661985849,10
2025-10-24 23:06:15,130329,pairwise,VerletListsCells,0.500000,vlc_c08,none,AoS,disabled,7500000000,3000000000,3062500000,3125000000,3000000000,3250000000,3062500000,3125000000,3125000000,3187500000,3543749999,3533921212,10
2025-10-24 23:06:15,130339,pairwise,VerletListsCells,0.500000,vlc_c08,none,AoS,enabled,7250000000,3187500000,3125000000,3125000000,3125000000,3125000000,3125000000,3187500000,3062500000,3000000000,3531249999,3508448352,10
2025-10-24 23:06:15,130349,pairwise,VerletListsCells,0.500000,vlc_c08,none,SoA,disabled,10812500000,4875000000,4750000000,4875000000,4500000000,4812500000,4625000000,4750000000,4812500000,4875000000,5368749999,5344333286,10
2025-10-24 23:06:16,130359,pairwise,VerletListsCells,0.500000,vlc_c08,none,SoA,enabled,10875000000,4562500000,4687500000,4750000000,4687500000,4625000000,4750000000,4687500000,4687500000,4875000000,5318749999,5298823027,10
2025-10-24 23:06:16,130369,pairwise,VerletListsCells,0.500000,vlc_sliced,none,AoS,disabled,5687500000,62500000,187500000,0,0,0,187500000,0,0,0,612499999,612499999,10
2025-10-24 23:06:16,130379,pairwise,VerletListsCells,0.500000,vlc_sliced,none,AoS,enabled,5437500000,0,0,187500000,125000000,0,0,0,0,0,574999999,574999999,10
2025-10-24 23:06:16,130389,pairwise,VerletListsCells,0.500000,vlc_sliced,none,SoA,disabled,9500000000,1562500000,1500000000,1625000000,1562500000,1750000000,1437500000,1562500000,1437500000,1437500000,2337499999,2337499999,10
2025-10-24 23:06:16,130399,pairwise,VerletListsCells,0.500000,vlc_sliced,none,SoA,enabled,9375000000,1562500000,1562500000,1625000000,1562500000,1437500000,1625000000,1437500000,1562500000,1437500000,2318749999,2312251621,10
2025-10-24 23:06:17,130409,pairwise,VerletListsCells,0.500000,vlc_sliced_c02,none,AoS,disabled,5625000000,0,0,187500000,0,125000000,0,0,0,0,593749999,593749999,10
2025-10-24 23:06:17,130419,pairwise,VerletListsCells,0.500000,vlc_sliced_c02,none,AoS,enabled,5437500000,0,0,0,0,187500000,0,0,0,125000000,574999999,573691736,10
2025-10-24 23:06:17,130429,pairwise,VerletListsCells,0.500000,vlc_sliced_c02,none,SoA,disabled,9750000000,1687500000,1500000000,1437500000,1312500000,1562500000,1625000000,1687500000,1500000000,1500000000,2356249999,2356249999,10
2025-10-24 23:06:17,130439,pairwise,VerletListsCells,0.500000,vlc_sliced_c02,none,SoA,enabled,9125000000,1437500000,1437500000,1375000000,1437500000,1562500000,1687500000,1500000000,1687500000,1500000000,2274999999,2274999999,10
2025-10-24 23:06:17,130449,pairwise,VerletListsCells,1.000000,vlc_c01,none,AoS,disabled,12250000000,2812500000,2812500000,2937500000,2875000000,2812500000,2750000000,2812500000,2812500000,2812500000,3768749999,3757282807,10
2025-10-24 23:06:18,130459,pairwise,VerletListsCells,1.000000,vlc_c01,none,SoA,disabled,16437500000,4625000000,4562500000,4750000000,4687500000,4562500000,4562500000,4437500000,4687500000,4750000000,5806250000,5806250000,10
2025-10-24 23:06:18,130469,pairwise,VerletListsCells,1.000000,vlc_c18,none,AoS,disabled,9500000000,3375000000,3312500000,3187500000,3375000000,3312500000,3187500000,3375000000,3187500000,3250000000,3906249999,3902576110,10
2025-10-24 23:06:18,130479,pairwise,VerletListsCells,1.000000,vlc_c18,none,AoS,enabled,8875000000,3187500000,3500000000,3250000000,3437500000,3312500000,3250000000,3437500000,3312500000,3375000000,3893749999,3891999512,10
2025-10-24 23:06:18,130489,pairwise,VerletListsCells,1.000000,vlc_c18,none,SoA,disabled,13000000000,4812500000,4625000000,4750000000,4875000000,4937500000,4937500000,4937500000,4750000000,4875000000,5649999999,5643620402,10
2025-10-24 23:06:19,130499,pairwise,VerletListsCells,1.000000,vlc_c18,none,SoA,enabled,12625000000,4937500000,4875000000,4812500000,4812500000,4875000000,4875000000,4937500000,4812500000,4875000000,5643749999,5638535732,10
2025-10-24 23:06:19,130509,pairwise,VerletListsCells,1.000000,vlc_c08,none,AoS,disabled,7250000000,3062500000,3125000000,3187500000,3125000000,3125000000,3062500000,3125000000,2875000000,3125000000,3506249999,3480743029,10
2025-10-24 23:06:19,130519,pairwise,VerletListsCells,1.000000,vlc_c08,none,AoS,enabled,7250000000,3062500000,3062500000,3062500000,3125000000,2937500000,3000000000,2875000000,3062500000,3125000000,3456249999,3440963823,10
2025-10-24 23:06:20,130529,pairwise,VerletListsCells,1.000000,vlc_c08,none,SoA,disabled,11125000000,4625000000,4687500000,4750000000,4687500000,4812500000,4625000000,4687500000,4687500000,4625000000,5331250000,5331250000,10
2025-10-24 23:06:20,130539,pairwise,VerletListsCells,1.000000,vlc_c08,none,SoA,enabled,10875000000,4750000000,4562500000,4500000000,4562500000,4750000000,4687500000,4750000000,4687500000,4312500000,5243749999,5243749999,10
2025-10-24 23:06:20,130549,pairwise,VerletListsCells,1.000000,vlc_sliced,none,AoS,disabled,5937500000,0,0,0,0,0,0,0,0,0,593750000,593016262,10
2025-10-24 23:06:20,130559,pairwise,VerletListsCells,1.000000,vlc_sliced,none,AoS,enabled,5750000000,62500000,0,0,0,187500000,125000000,0,0,0,612499999,604034868,10
2025-10-24 23:06:20,130569,pairwise,VerletListsCells,1.000000,vlc_sliced,none,SoA,disabled,9875000000,1687500000,1687500000,1500000000,1562500000,1500000000,1375000000,1500000000,1625000000,1687500000,2399999999,2382493400,10
2025-10-24 23:06:20,130579,pairwise,VerletListsCells,1.000000,vlc_sliced,none,SoA,enabled,9750000000,1625000000,1437500000,1750000000,1562500000,1500000000,1625000000,1687500000,1500000000,1312500000,2374999999,2344568406,10
2025-10-24 23:06:21,130589,pairwise,VerletListsCells,1.000000,vlc_sliced_c02,none,AoS,disabled,6125000000,0,0,0,0,125000000,125000000,0,0,0,637499999,632963212,10
2025-10-24 23:06:21,130599,pairwise,VerletListsCells,1.000000,vlc_sliced_c02,none,AoS,enabled,5312500000,0,0,0,0,187500000,0,0,0,125000000,562499999,561239574,10
2025-10-24 23:06:21,130609,pairwise,VerletListsCells,1.000000,vlc_sliced_c02,none,SoA,disabled,10000000000,1687500000,1500000000,1375000000,1312500000,1625000000,1625000000,1625000000,1500000000,1375000000,2362499999,2362499999,10
2025-10-24 23:06:21,130619,pairwise,VerletListsCells,1.000000,vlc_sliced_c02,none,SoA,enabled,9562500000,1437500000,1500000000,1625000000,1625000000,1500000000,1437500000,1500000000,1625000000,1625000000,2343749999,2341520013,10
2025-10-24 23:06:21,130629,pairwise,PairwiseVerletLists,0.500000,vlp_c01,none,AoS,disabled,13312500000,3187500000,3062500000,3250000000,3125000000,3000000000,3187500000,3250000000,3000000000,3312500000,4168749999,4159728008,10
2025-10-24 23:06:22,130639,pairwise,PairwiseVerletLists,0.500000,vlp_c01,none,SoA,disabled,23875000000,5062500000,4812500000,4875000000,4812500000,4875000000,4812500000,4937500000,5000000000,5062500000,6812499999,6812499999,10
2025-10-24 23:06:22,130649,pairwise,PairwiseVerletLists,0.500000,vlp_c18,none,AoS,disabled,11625000000,3437500000,3437500000,3562500000,3437500000,3500000000,3562500000,3500000000,3375000000,3625000000,4306249999,4304437071,10
2025-10-24 23:06:22,130659,pairwise,PairwiseVerletLists,0.500000,vlp_c18,none,AoS,enabled,11625000000,3500000000,3437500000,3375000000,3312500000,3312500000,3375000000,3562500000,3312500000,3562500000,4237499999,4237499999,10
2025-10-24 23:06:23,130669,pairwise,PairwiseVerletLists,0.500000,vlp_c18,none,SoA,disabled,27937500000,5312500000,5375000000,5187500000,5437500000,5375000000,5187500000,5312500000,5375000000,5375000000,7587499999,7586853682,10
2025-10-24 23:06:23,130679,pairwise,PairwiseVerletLists,0.500000,vlp_c18,none,SoA,enabled,27562500000,5312500000,5375000000,5250000000,5250000000,5437500000,5312500000,5250000000,5250000000,5375000000,7537500000,7512693861,10
2025-10-24 23:06:23,130689,pairwise,PairwiseVerletLists,0.500000,vlp_sliced,none,AoS,disabled,8687500000,562500000,562500000,562500000,562500000,375000000,625000000,500000000,750000000,625000000,1381249999,1377261501,10
2025-10-24 23:06:23,130699,pairwise,PairwiseVerletLists,0.500000,vlp_sliced,none,AoS,enabled,8750000000,562500000,500000000,562500000,437500000,437500000,375000000,437500000,375000000,687500000,1312499999,1312499999,10
2025-10-24 23:06:24,130709,pairwise,PairwiseVerletLists,0.500000,vlp_sliced,none,SoA,disabled,24562500000,2500000000,2375000000,2562500000,2437500000,2312500000,2500000000,2437500000,2312500000,2437500000,4643749999,4643749999,10
2025-10-24 23:06:24,130719,pairwise,PairwiseVerletLists,0.500000,vlp_sliced,none,SoA,enabled,25250000000,2375000000,2500000000,2500000000,2437500000,2500000000,2375000000,2250000000,2687500000,2375000000,4724999999,4724999999,10
2025-10-24 23:06:24,130729,pairwise,PairwiseVerletLists,0.500000,vlp_sliced_c02,none,AoS,disabled,8812500000,437500000,625000000,687500000,562500000,562500000,375000000,750000000,562500000,500000000,1387500000,1387500000,10
2025-10-24 23:06:24,130739,pairwise,PairwiseVerletLists,0.500000,vlp_sliced_c02,none,AoS,enabled,8687500000,375000000,625000000,687500000,437500000,437500000,687500000,750000000,562500000,500000000,1375000000,1375000000,10
2025-10-24 23:06:25,130749,pairwise,PairwiseVerletLists,0.500000,vlp_sliced_c02,none,SoA,disabled,24937500000,2625000000,2437500000,2312500000,2437500000,2625000000,2375000000,2625000000,2437500000,2562500000,4737499999,4725111270,10
2025-10-24 23:06:25,130759,pairwise,PairwiseVerletLists,0.500000,vlp_sliced_c02,none,SoA,enabled,24812500000,2500000000,2500000000,2500000000,2500000000,2562500000,2437500000,2437500000,2750000000,2500000000,4749999999,4732841777,10
2025-10-24 23:06:25,130769,pairwise,PairwiseVerletLists,1.000000,vlp_c01,none,AoS,disabled,13250000000,2875000000,2875000000,2937500000,2937500000,2937500000,2937500000,3125000000,3062500000,2812500000,3974999999,3974999999,10
2025-10-24 23:06:25,130779,pairwise,PairwiseVerletLists,1.000000,vlp_c01,none,SoA,disabled,23562500000,4875000000,4937500000,4812500000,5000000000,5000000000,4875000000,4750000000,4875000000,4875000000,6756249999,6756249999,10
2025-10-24 23:06:26,130789,pairwise,PairwiseVerletLists,1.000000,vlp_c18,none,AoS,disabled,11687500000,3437500000,3562500000,3562500000,3375000000,3562500000,3562500000,3562500000,3500000000,3375000000,4318750000,4309090453,10
2025-10-24 23:06:26,130799,pairwise,PairwiseVerletLists,1.000000,vlp_c18,none,AoS,enabled,11625000000,3562500000,3437500000,3437500000,3375000000,3500000000,3437500000,3500000000,3500000000,3375000000,4274999999,4274999999,10
2025-10-24 23:06:26,130809,pairwise,PairwiseVerletLists,1.000000,vlp_c18,none,SoA,disabled,28125000000,5187500000,5187500000,5312500000,5375000000,5250000000,5312500000,5250000000,5437500000,5250000000,7568749999,7568749999,10
2025-10-24 23:06:27,130819,pairwise,PairwiseVerletLists,1.000000,vlp_c18,none,SoA,enabled,27750000000,5437500000,5500000000,5437500000,5125000000,5312500000,5125000000,5375000000,5375000000,5375000000,7581249999,7560631064,10
2025-10-24 23:06:27,130829,pairwise,PairwiseVerletLists,1.000000,vlp_sliced,none,AoS,disabled,8687500000,625000000,562500000,625000000,625000000,500000000,375000000,500000000,375000000,687500000,1356249999,1356249999,10
2025-10-24 23:06:27,130839,pairwise,PairwiseVerletLists,1.000000,vlp_sliced,none,AoS,enabled,8687500000,625000000,625000000,625000000,562500000,500000000,625000000,625000000,500000000,437500000,1381249999,1378470677,10
2025-10-24 23:06:27,130849,pairwise,PairwiseVerletLists,1.000000,vlp_sliced,none,SoA,disabled,25375000000,2437500000,2437500000,2375000000,2750000000,2437500000,2625000000,2375000000,2625000000,2375000000,4781249999,4767100297,10
2025-10-24 23:06:28,130859,pairwise,PairwiseVerletLists,1.000000,vlp_sliced,none,SoA,enabled,24750000000,2562500000,2437500000,2250000000,2500000000,2437500000,2625000000,2375000000,2500000000,2312500000,4674999999,4661509212,10
2025-10-24 23:06:28,130869,pairwise,PairwiseVerletLists,1.000000,vlp_sliced_c02,none,AoS,disabled,8625000000,437500000,687500000,625000000,625000000,625000000,562500000,687500000,625000000,687500000,1418749999,1412257030,10
2025-10-24 23:06:28,130879,pairwise,PairwiseVerletLists,1.000000,vlp_sliced_c02,none,AoS,enabled,8625000000,625000000,625000000,625000000,625000000,687500000,500000000,437500000,625000000,812500000,1418749999,1412288744,10
2025-10-24 23:06:28,130889,pairwise,PairwiseVerletLists,1.000000,vlp_sliced_c02,none,SoA,disabled,24812500000,2562500000,2500000000,2375000000,2625000000,2625000000,2375000000,2500000000,2437500000,2687500000,4749999999,4749999999,10
2025-10-24 23:06:29,130899,pairwise,PairwiseVerletLists,1.000000,vlp_sliced_c02,none,SoA,enabled,25500000000,2437500000,2375000000,2625000000,2500000000,2375000000,2437500000,2687500000,2500000000,2250000000,4768749999,4743734423,10
2025-10-24 23:08:28,140009,pairwise,LinkedCells,0.500000,lc_c08,none,AoS,disabled,27562500000,27125000000,27125000000,27125000000,27250000000,27375000000,27187500000,27312500000,27062500000,27312500000,27243749999,27243749999,10
2025-10-24 23:08:30,140019,pairwise,LinkedCells,0.500000,lc_c08,none,AoS,enabled,27187500000,27437500000,27125000000,27437500000,27125000000,27500000000,27500000000,27125000000,27125000000,27187500000,27274999999,27274999999,10
2025-10-24 23:08:32,140029,pairwise,LinkedCells,0.500000,lc_c08,none,SoA,disabled,46687500000,46750000000,46750000000,46750000000,46750000000,47000000000,46562500000,46750000000,46687500000,46812500000,46749999999,46749999999,10
2025-10-24 23:08:35,140039,pairwise,LinkedCells,0.500000,lc_c08,none,SoA,enabled,46625000000,46625000000,46625000000,46375000000,46812500000,46562500000,46625000000,46187500000,46625000000,46375000000,46543749999,46543749999,10
2025-10-24 23:08:37,140049,pairwise,LinkedCells,0.500000,lc_c18,none,AoS,disabled,26250000000,26125000000,26312500000,26375000000,26250000000,26000000000,26312500000,26187500000,26125000000,26000000000,26193750000,26193750000,10
2025-10-24 23:08:38,140059,pairwise,LinkedCells,0.500000,lc_c18,none,AoS,enabled,26187500000,26125000000,26187500000,26125000000,26125000000,26312500000,26000000000,26187500000,26187500000,26250000000,26168749999,26168749999,10
2025-10-24 23:08:40,140069,pairwise,LinkedCells,0.500000,lc_c18,none,SoA,disabled,34312500000,34500000000,34375000000,34250000000,34375000000,34312500000,34312500000,34375000000,34375000000,34250000000,34343749999,34343749999,10
2025-10-24 23:08:42,140079,pairwise,LinkedCells,0.500000,lc_c18,none,SoA,enabled,34312500000,34437500000,34187500000,34500000000,34375000000,34500000000,34250000000,34437500000,34250000000,34375000000,34362499999,34362499999,10
2025-10-24 23:08:43,140089,pairwise,LinkedCells,1.000000,lc_c04,none,AoS,disabled,562500000,312500000,375000000,312500000,250000000,125000000,312500000,250000000,312500000,187500000,299999999,284607820,10
2025-10-24 23:08:43,140099,pairwise,LinkedCells,1.000000,lc_c04,none,AoS,enabled,125000000,187500000,0,312500000,437500000,312500000,375000000,312500000,125000000,312500000,249999999,242339809,10
2025-10-24 23:08:43,140109,pairwise,LinkedCells,1.000000,lc_c04,none,SoA,disabled,1687500000,1812500000,1437500000,1750000000,1437500000,1625000000,1375000000,1500000000,1687500000,1562500000,1587499999,1577345538,10
2025-10-24 23:08:43,140119,pairwise,LinkedCells,1.000000,lc_c04,none,SoA,enabled,1562500000,1500000000,1687500000,1500000000,1500000000,1562500000,1562500000,1500000000,1562500000,1562500000,1549999999,1549999999,10
2025-10-24 23:08:43,140129,pairwise,LinkedCells,1.000000,lc_c04_combined_SoA,none,SoA,disabled,2375000000,2437500000,2312500000,2375000000,2500000000,2437500000,2562500000,2312500000,2687500000,2625000000,2462499999,2462499999,10
2025-10-24 23:08:43,140139,pairwise,LinkedCells,1.000000,lc_c04_combined_SoA,none,SoA,enabled,2437500000,2312500000,2437500000,2500000000,2687500000,2625000000,2625000000,2625000000,2250000000,2437500000,2493750000,2481312029,10
2025-10-24 23:08:44,140149,pairwise,LinkedCells,1.000000,lc_c08,none,AoS,disabled,3187500000,3250000000,3250000000,3125000000,3187500000,3062500000,3187500000,3250000000,3250000000,3250000000,3199999999,3180359707,10
2025-10-24 23:08:44,140159,pairwise,LinkedCells,1.000000,lc_c08,none,AoS,enabled,2937500000,3000000000,3375000000,3000000000,3187500000,3125000000,3250000000,3125000000,3250000000,3187500000,3143749999,3139695467,10
2025-10-24 23:08:44,140169,pairwise,LinkedCells,1.000000,lc_c08,none,SoA,disabled,4125000000,4062500000,4250000000,4250000000,4187500000,4312500000,4187500000,4187500000,4187500000,4125000000,4187499999,4186323080,10
2025-10-24 23:08:44,140179,pairwise,LinkedCells,1.000000,lc_c08,none,SoA,enabled,4187500000,4375000000,4250000000,4250000000,4187500000,4250000000,4125000000,4250000000,4187500000,4187500000,4224999999,4224999999,10
2025-10-24 23:08:45,140189,pairwise,LinkedCells,1.000000,lc_c18,none,AoS,disabled,3312500000,3187500000,3375000000,3250000000,3187500000,3312500000,3312500000,3125000000,3187500000,3437500000,3268749999,3263342455,10
2025-10-24 23:08:45,140199,pairwise,LinkedCells,1.000000,lc_c18,none,AoS,enabled,3125000000,3062500000,3250000000,3125000000,3125000000,3187500000,3437500000,3125000000,3125000000,3187500000,3174999999,3170382906,10
2025-10-24 23:08:45,140209,pairwise,LinkedCells,1.000000,lc_c18,none,SoA,disabled,4125000000,3812500000,4062500000,4062500000,4062500000,4000000000,4000000000,3812500000,4125000000,4000000000,4006249999,3994285361,10
2025-10-24 23:08:45,140219,pairwise,LinkedCells,1.000000,lc_c18,none,SoA,enabled,3875000000,3875000000,3937500000,4000000000,4000000000,3937500000,4000000000,3937500000,4062500000,4000000000,3962499999,3962499999,10
2025-10-24 23:08:46,140229,pairwise,VerletLists,0.500000,vl_list_iteration,none,AoS,disabled,6000000000,312500000,250000000,0,0,312500000,0,125000000,187500000,187500000,737499999,723933050,10
2025-10-24 23:08:46,140239,pairwise,VerletLists,0.500000,vl_list_iteration,none,SoA,disabled,8187500000,1312500000,1500000000,1625000000,1250000000,1625000000,1625000000,1312500000,1625000000,1562500000,2162499999,2152546736,10
2025-10-24 23:08:46,140249,pairwise,VerletLists,1.000000,vl_list_iteration,none,AoS,disabled,6062500000,375000000,62500000,0,0,125000000,125000000,0,125000000,125000000,699999999,699999999,10
2025-10-24 23:08:46,140259,pairwise,VerletLists,1.000000,vl_list_iteration,none,SoA,disabled,8500000000,1500000000,1312500000,1500000000,1375000000,1437500000,1625000000,1312500000,1687500000,1375000000,2162499999,2151182346,10
2025-10-24 23:08:46,140269,pairwise,VerletListsCells,0.500000,vlc_c01,none,AoS,disabled,12562500000,2750000000,2750000000,2875000000,3000000000,2875000000,2812500000,2750000000,2812500000,2750000000,3793749999,3768923655,10
2025-10-24 23:08:47,140279,pairwise,VerletListsCells,0.500000,vlc_c01,none,SoA,disabled,16375000000,4500000000,4312500000,4250000000,4312500000,4375000000,4312500000,4375000000,4437500000,4500000000,5575000000,5575000000,10
2025-10-24 23:08:47,140289,pairwise,VerletListsCells,0.500000,vlc_c18,none,AoS,disabled,8937500000,3437500000,3125000000,3250000000,3312500000,3375000000,3312500000,3312500000,3125000000,3187500000,3837499999,3837499999,10
2025-10-24 23:08:47,140299,pairwise,VerletListsCells,0.500000,vlc_c18,none,AoS,enabled,8875000000,3187500000,3250000000,3062500000,3187500000,3312500000,3250000000,3250000000,3437500000,3062500000,3787499999,3787499999,10
2025-10-24 23:08:47,140309,pairwise,VerletListsCells,0.500000,vlc_c18,none,SoA,disabled,13000000000,4937500000,4812500000,4937500000,4812500000,4812500000,4687500000,4875000000,4750000000,4812500000,5643749999,5643749999,10
2025-10-24 23:08:48,140319,pairwise,VerletListsCells,0.500000,vlc_c18,none,SoA,enabled,12562500000,4875000000,5062500000,4687500000,4687500000,4812500000,4812500000,4875000000,4875000000,4875000000,5612499999,5612499999,10
2025-10-24 23:08:48,140329,pairwise,VerletListsCells,0.500000,vlc_c08,none,AoS,disabled,7312500000,3000000000,3125000000,3062500000,3125000000,3125000000,3187500000,3000000000,3000000000,3125000000,3506249999,3506249999,10
2025-10-24 23:08:48,140339,pairwise,VerletListsCells,0.500000,vlc_c08,none,AoS,enabled,7375000000,3250000000,3062500000,3000000000,3062500000,2937500000,3062500000,3125000000,3125000000,2937500000,3493750000,3493750000,10
2025-10-24 23:08:48,140349,pairwise,VerletListsCells,0.500000,vlc_c08,none,SoA,disabled,10937500000,4562500000,4562500000,4687500000,4500000000,4625000000,4750000000,4687500000,4562500000,4687500000,5256250000,5256250000,10
2025-10-24 23:08:49,140359,pairwise,VerletListsCells,0.500000,vlc_c08,none,SoA,enabled,10875000000,4687500000,4375000000,4562500000,4687500000,4687500000,4625000000,4687500000,4687500000,4625000000,5250000000,5250000000,10
2025-10-24 23:08:49,140369,pairwise,VerletListsCells,0.500000,vlc_sliced,none,AoS,disabled,5812500000,0,125000000,0,0,0,0,0,0,0,593749999,593749999,10
2025-10-24 23:08:49,140379,pairwise,VerletListsCells,0.500000,vlc_sliced,none,AoS,enabled,6000000000,0,125000000,0,0,0,0,0,0,0,612499999,600832298,10
2025-10-24 23:08:49,140389,pairwise,VerletListsCells,0.500000,vlc_sliced,none,SoA,disabled,9312500000,1562500000,1562500000,1625000000,1625000000,1687500000,1375000000,1375000000,1625000000,1687500000,2343749999,2340687891,10
2025-10-24 23:08:49,140399,pairwise,VerletListsCells,0.500000,vlc_sliced,none,SoA,enabled,9500000000,1625000000,1250000000,1375000000,1625000000,1625000000,1562500000,1375000000,1375000000,1625000000,2293749999,2293749999,10
2025-10-24 23:08:50,140409,pairwise,VerletListsCells,0.500000,vlc_sliced_c02,none,AoS,disabled,6125000000,0,125000000,0,0,0,0,125000000,0,0,637499999,626492095,10
2025-10-24 23:08:50,140419,pairwise,VerletListsCells,0.500000,vlc_sliced_c02,none,AoS,enabled,5250000000,0,0,187500000,0,0,125000000,187500000,0,0,574999999,574999999,10
2025-10-24 23:08:50,140429,pairwise,VerletListsCells,0.500000,vlc_sliced_c02,none,SoA,disabled,9937500000,1375000000,1312500000,1500000000,1562500000,1625000000,1437500000,1375000000,1437500000,1437500000,2299999999,2299999999,10
2025-10-24 23:08:50,140439,pairwise,VerletListsCells,0.500000,vlc_sliced_c02,none,SoA,enabled,9562500000,1625000000,1625000000,1625000000,1625000000,1312500000,1625000000,1625000000,1625000000,1375000000,2362500000,2337549749,10
2025-10-24 23:08:50,140449,pairwise,VerletListsCells,1.000000,vlc_c01,none,AoS,disabled,12625000000,2812500000,3062500000,3062500000,2875000000,2750000000,3062500000,3000000000,2812500000,3062500000,3912499999,3884869934,10
2025-10-24 23:08:51,140459,pairwise,VerletListsCells,1.000000,vlc_c01,none,SoA,disabled,16250000000,4312500000,4500000000,4500000000,4437500000,4500000000,4250000000,4250000000,4312500000,4375000000,5568749999,5568749999,10
2025-10-24 23:08:51,140469,pairwise,VerletListsCells,1.000000,vlc_c18,none,AoS,disabled,9187500000,3250000000,3187500000,3437500000,3250000000,3250000000,3312500000,3125000000,3375000000,3312500000,3868749999,3868749999,10
2025-10-24 23:08:51,140479,pairwise,VerletListsCells,1.000000,vlc_c18,none,AoS,enabled,9125000000,3125000000,3250000000,3375000000,3125000000,3312500000,3375000000,3187500000,3375000000,3250000000,3849999999,3849999999,10
2025-10-24 23:08:51,140489,pairwise,VerletListsCells,1.000000,vlc_c18,none,SoA,disabled,12750000000,4875000000,4750000000,4562500000,4875000000,4750000000,4812500000,4875000000,4937500000,4875000000,5606250000,5606250000,10
2025-10-24 23:08:52,140499,pairwise,VerletListsCells,1.000000,vlc_c18,none,SoA,enabled,13062500000,5250000000,4937500000,5000000000,4937500000,4937500000,4937500000,5062500000,4875000000,5000000000,5799999999,5771606908,10
2025-10-24 23:08:52,140509,pairwise,VerletListsCells,1.000000,vlc_c08,none,AoS,disabled,7312500000,3125000000,3125000000,3062500000,3062500000,3125000000,3125000000,3062500000,3062500000,3000000000,3506249999,3500588114,10
2025-10-24 23:08:52,140519,pairwise,VerletListsCells,1.000000,vlc_c08,none,AoS,enabled,7062500000,3062500000,3125000000,3062500000,3125000000,3125000000,3125000000,3125000000,3125000000,3125000000,3506249999,3486842011,10
2025-10-24 23:08:53,140529,pairwise,VerletListsCells,1.000000,vlc_c08,none,SoA,disabled,10937500000,4812500000,4687500000,4625000000,4750000000,4875000000,4562500000,4687500000,4750000000,4625000000,5331249999,5331249999,10
2025-10-24 23:08:53,140539,pairwise,VerletListsCells,1.000000,vlc_c08,none,SoA,enabled,10812500000,4625000000,4875000000,4750000000,4687500000,4750000000,4812500000,4812500000,4625000000,4750000000,5349999999,5317228555,10
2025-10-24 23:08:53,140549,pairwise,VerletListsCells,1.000000,vlc_sliced,none,AoS,disabled,5750000000,0,0,0,125000000,125000000,0,0,0,0,599999999,597908900,10
2025-10-24 23:08:53,140559,pairwise,VerletListsCells,1.000000,vlc_sliced,none,AoS,enabled,5437500000,0,0,0,0,125000000,0,0,0,0,556249999,556249999,10
2025-10-24 23:08:53,140569,pairwise,VerletListsCells,1.000000,vlc_sliced,none,SoA,disabled,9812500000,1562500000,1687500000,1562500000,1437500000,1312500000,1500000000,1625000000,1250000000,1375000000,2312499999,2312499999,10
2025-10-24 23:08:53,140579,pairwise,VerletListsCells,1.000000,vlc_sliced,none,SoA,enabled,9687500000,1562500000,1250000000,1500000000,1437500000,1562500000,1562500000,1375000000,1562500000,1687500000,2318750000,2318750000,10
2025-10-24 23:08:54,140589,pairwise,VerletListsCells,1.000000,vlc_sliced_c02,none,AoS,disabled,5687500000,0,0,187500000,0,0,0,0,125000000,125000000,612499999,612499999,10
2025-10-24 23:08:54,140599,pairwise,VerletListsCells,1.000000,vlc_sliced_c02,none,AoS,enabled,5375000000,0,0,0,0,0,312500000,0,0,0,568749999,567044694,10
2025-10-24 23:08:54,140609,pairwise,VerletListsCells,1.000000,vlc_sliced_c02,none,SoA,disabled,9625000000,1562500000,1312500000,1437500000,1562500000,1562500000,1312500000,1375000000,1625000000,1500000000,2287499999,2287499999,10
2025-10-24 23:08:54,140619,pairwise,VerletListsCells,1.000000,vlc_sliced_c02,none,SoA,enabled,9125000000,1625000000,1500000000,1312500000,1562500000,1687500000,1500000000,1437500000,1500000000,1625000000,2287499999,2287499999,10
2025-10-24 23:08:54,140629,pairwise,PairwiseVerletLists,0.500000,vlp_c01,none,AoS,disabled,13125000000,3000000000,3000000000,2875000000,3000000000,2875000000,3000000000,2875000000,2937500000,3187500000,3987499999,3987499999,10
2025-10-24 23:08:55,140639,pairwise,PairwiseVerletLists,0.500000,vlp_c01,none,SoA,disabled,23625000000,4875000000,5000000000,4875000000,5062500000,5187500000,5125000000,4875000000,5125000000,5062500000,6881249999,6861073989,10
2025-10-24 23:08:55,140649,pairwise,PairwiseVerletLists,0.500000,vlp_c18,none,AoS,disabled,11375000000,3500000000,3375000000,3437500000,3437500000,3375000000,3375000000,3375000000,3500000000,3437500000,4218749999,4218749999,10
2025-10-24 23:08:55,140659,pairwise,PairwiseVerletLists,0.500000,vlp_c18,none,AoS,enabled,11687500000,3437500000,3500000000,3500000000,3437500000,3312500000,3375000000,3562500000,3500000000,3375000000,4268749999,4261316460,10
2025-10-24 23:08:56,140669,pairwise,PairwiseVerletLists,0.500000,vlp_c18,none,SoA,disabled,27687500000,5250000000,5375000000,5250000000,5312500000,5250000000,5562500000,5375000000,5375000000,5500000000,7593749999,7593749999,10
2025-10-24 23:08:56,140679,pairwise,PairwiseVerletLists,0.500000,vlp_c18,none,SoA,enabled,28125000000,5312500000,5187500000,5187500000,5375000000,5312500000,5250000000,5375000000,5250000000,5375000000,7574999999,7551007455,10
2025-10-24 23:08:56,140689,pairwise,PairwiseVerletLists,0.500000,vlp_sliced,none,AoS,disabled,8750000000,562500000,687500000,562500000,750000000,687500000,687500000,687500000,500000000,500000000,1437500000,1417160827,10
2025-10-24 23:08:56,140699,pairwise,PairwiseVerletLists,0.500000,vlp_sliced,none,AoS,enabled,8562500000,500000000,437500000,750000000,562500000,500000000,625000000,625000000,687500000,750000000,1399999999,1371838836,10
2025-10-24 23:08:57,140709,pairwise,PairwiseVerletLists,0.500000,vlp_sliced,none,SoA,disabled,24750000000,2375000000,2437500000,2375000000,2562500000,2312500000,2562500000,2562500000,2500000000,2250000000,4668750000,4661318654,10
2025-10-24 23:08:57,140719,pairwise,PairwiseVerletLists,0.500000,vlp_sliced,none,SoA,enabled,24812500000,2312500000,2562500000,2312500000,2500000000,2312500000,2437500000,2437500000,2500000000,2375000000,4656249999,4656249999,10
2025-10-24 23:08:57,140729,pairwise,PairwiseVerletLists,0.500000,vlp_sliced_c02,none,AoS,disabled,8562500000,625000000,687500000,750000000,562500000,687500000,437500000,750000000,625000000,625000000,1431249999,1420197752,10
2025-10-24 23:08:57,140739,pairwise,PairwiseVerletLists,0.500000,vlp_sliced_c02,none,AoS,enabled,8625000000,562500000,625000000,625000000,625000000,375000000,562500000,687500000,625000000,750000000,1406249999,1398418448,10
2025-10-24 23:08:58,140749,pairwise,PairwiseVerletLists,0.500000,vlp_sliced_c02,none,SoA,disabled,24937500000,2687500000,2312500000,2312500000,2562500000,2562500000,2312500000,2437500000,2500000000,2437500000,4706249999,4706249999,10
2025-10-24 23:08:58,140759,pairwise,PairwiseVerletLists,0.500000,vlp_sliced_c02,none,SoA,enabled,24750000000,2500000000,2437500000,2500000000,2500000000,2312500000,2312500000,2687500000,2312500000,2562500000,4687499999,4687499999,10
2025-10-24 23:08:58,140769,pairwise,PairwiseVerletLists,1.000000,vlp_c01,none,AoS,disabled,13500000000,3125000000,3062500000,3125000000,3125000000,3250000000,3000000000,3187500000,3125000000,3187500000,4168749999,4120397301,10
2025-10-24 23:08:58,140779,pairwise,PairwiseVerletLists,1.000000,vlp_c01,none,SoA,disabled,24125000000,5125000000,4875000000,5187500000,5187500000,5187500000,4937500000,5062500000,5062500000,5062500000,6981249999,6933071176,10
2025-10-24 23:08:59,140789,pairwise,PairwiseVerletLists,1.000000,vlp_c18,none,AoS,disabled,11500000000,3312500000,3500000000,3437500000,3500000000,3500000000,3500000000,3500000000,3375000000,3187500000,4231249999,4231249999,10
2025-10-24 23:08:59,140799,pairwise,PairwiseVerletLists,1.000000,vlp_c18,none,AoS,enabled,11812500000,3500000000,3500000000,3437500000,3375000000,3375000000,3562500000,3500000000,3500000000,3437500000,4299999999,4297803026,10
2025-10-24 23:08:59,140809,pairwise,PairwiseVerletLists,1.000000,vlp_c18,none,SoA,disabled,27687500000,5437500000,5250000000,5437500000,5437500000,5312500000,5437500000,5375000000,5375000000,5125000000,7587499999,7580624818,10
2025-10-24 23:09:00,140819,pairwise,PairwiseVerletLists,1.000000,vlp_c18,none,SoA,enabled,28125000000,5375000000,5187500000,5375000000,5312500000,5437500000,5312500000,5250000000,5375000000,5312500000,7606249999,7601800350,10
2025-10-24 23:09:00,140829,pairwise,PairwiseVerletLists,1.000000,vlp_sliced,none,AoS,disabled,8625000000,625000000,562500000,625000000,562500000,812500000,562500000,625000000,312500000,687500000,1399999999,1386703401,10
2025-10-24 23:09:00,140839,pairwise,PairwiseVerletLists,1.000000,vlp_sliced,none,AoS,enabled,8687500000,562500000,750000000,562500000,500000000,437500000,562500000,375000000,625000000,625000000,1368749999,1368749999,10
2025-10-24 23:09:00,140849,pairwise,PairwiseVerletLists,1.000000,vlp_sliced,none,SoA,disabled,24875000000,2312500000,2500000000,2312500000,2375000000,2562500000,2375000000,2437500000,2375000000,2687500000,4681250000,4681250000,10
2025-10-24 23:09:01,140859,pairwise,PairwiseVerletLists,1.000000,vlp_sliced,none,SoA,enabled,24750000000,2500000000,2625000000,2437500000,2375000000,2562500000,2625000000,2500000000,2375000000,2625000000,4737499999,4721102073,10
2025-10-24 23:09:01,140869,pairwise,PairwiseVerletLists,1.000000,vlp_sliced_c02,none,AoS,disabled,8750000000,437500000,375000000,250000000,750000000,687500000,562500000,375000000,437500000,687500000,1331249999,1331249999,10
2025-10-24 23:09:01,140879,pairwise,PairwiseVerletLists,1.000000,vlp_sliced_c02,none,AoS,enabled,8625000000,750000000,687500000,625000000,687500000,562500000,500000000,562500000,562500000,687500000,1425000000,1421395817,10
2025-10-24 23:09:01,140889,pairwise,PairwiseVerletLists,1.000000,vlp_sliced_c02,none,SoA,disabled,24750000000,2625000000,2625000000,2312500000,2437500000,2437500000,2500000000,2687500000,2437500000,2312500000,4712499999,4712499999,10
2025-10-24 23:09:02,140899,pairwise,PairwiseVerletLists,1.000000,vlp_sliced_c02,none,SoA,enabled,25062500000,2312500000,2500000000,2562500000,2437500000,2312500000,2625000000,2562500000,2375000000,2437500000,4718749999,4718749999,10
