Date,Iteration,Interaction Type,Container,CellSizeFactor,Traversal,Load Estimator,Data Layout,Newton 3,sample0,sample1,sample2,sample3,sample4,sample5,sample6,sample7,sample8,sample9,Reduced,Smoothed,Mean Rebuild Frequency
2025-10-02 14:25:05,9,pairwise,LinkedCells,1.000000,lc_c01,none,AoS,disabled,16130882263,15522056579,16089736938,16397659301,15951431274,14158294677,14753372192,15419952392,14039764404,13761566162,15222471618,15222471618,10
2025-10-02 14:25:05,19,pairwise,LinkedCells,1.000000,lc_c01,none,SoA,disabled,7265167236,6322509765,6363372802,6733825683,6394317626,6681793212,6622985839,6438140869,6351745605,6517242431,6569110106,6569110106,10
2025-10-02 14:25:05,29,pairwise,LinkedCells,1.000000,lc_c01_combined_SoA,none,SoA,disabled,4889404296,5082427978,4673950195,4907714843,4835845947,5124816894,4707733154,4747070312,5081146240,4902404785,4895251463,4895251463,10
2025-10-02 14:25:05,39,pairwise,LinkedCells,1.000000,lc_c04,none,AoS,disabled,12264404296,12032775878,11779449462,11515777587,11052520751,11649932861,11696350097,11349914550,11970733642,11069122314,11638098143,11638098143,10
2025-10-02 14:25:06,49,pairwise,LinkedCells,1.000000,lc_c04,none,AoS,enabled,7355865478,7067596435,6926452636,6980529785,7360351562,6942565917,7255920410,6798278808,6731689453,7132568359,7055181884,7055181884,10
2025-10-02 14:25:06,59,pairwise,LinkedCells,1.000000,lc_c04,none,SoA,disabled,5428527832,5983825683,5464111328,5942932128,5747863769,5686157226,5828674316,5797302246,6106201171,6271484375,5825708007,5825708007,10
2025-10-02 14:25:06,69,pairwise,LinkedCells,1.000000,lc_c04,none,SoA,enabled,3930297851,3866699218,3543823242,3912109375,3962036132,3505859375,3492004394,3795288085,3794433593,3771301269,3757385252,3757385252,10
2025-10-02 14:25:06,79,pairwise,LinkedCells,1.000000,lc_c04_HCP,none,AoS,disabled,11244995117,10904296875,10758300781,10335144042,11032714843,11266052246,10904907226,10841003417,10675415039,11341369628,10930419920,10930419920,10
2025-10-02 14:25:06,89,pairwise,LinkedCells,1.000000,lc_c04_HCP,none,AoS,enabled,6855468750,6844238281,6657348632,6787536621,6507385253,6913208007,7381469726,7034362792,7131774902,6683410644,6879620360,6879620360,10
2025-10-02 14:25:06,99,pairwise,LinkedCells,1.000000,lc_c04_HCP,none,SoA,disabled,6169738769,5369812011,5293334960,5357543945,5367797851,5560546875,5452270507,5284851074,5296875000,5132934570,5428570555,5428570555,10
2025-10-02 14:25:07,109,pairwise,LinkedCells,1.000000,lc_c04_HCP,none,SoA,enabled,3579589843,3740173339,3807922363,3567504882,3667114257,3588073730,3764160156,3613159179,3327453613,3589172363,3624432371,3624432371,10
2025-10-02 14:25:07,119,pairwise,LinkedCells,1.000000,lc_c04_combined_SoA,none,SoA,disabled,6061035156,6058593750,6125549316,6404235839,6109497070,6231262207,6013732910,6161926269,6262390136,6921508789,6234973143,6234973143,10
2025-10-02 14:25:07,129,pairwise,LinkedCells,1.000000,lc_c04_combined_SoA,none,SoA,enabled,4139770507,4768676757,4326904296,4222167968,4121459960,4061645507,4023803710,4288818359,4290161132,3894165039,4213757322,4213757322,10
2025-10-02 14:25:07,139,pairwise,LinkedCells,1.000000,lc_c08,none,AoS,disabled,10366210937,10644897460,11063354492,10810180664,10594970703,10553344726,10313842773,10338256835,11211425781,10698730468,10659521483,10659521483,10
2025-10-02 14:25:07,149,pairwise,LinkedCells,1.000000,lc_c08,none,AoS,enabled,6615600585,6692749023,6835693359,6863525390,6615478515,6970825195,6710571289,7179199218,7226196289,7048339843,6875817870,6875817870,10
2025-10-02 14:25:07,159,pairwise,LinkedCells,1.000000,lc_c08,none,SoA,disabled,6394287109,6378906250,6225097656,5856811523,6024291992,6222412109,6073242187,6133300781,6300659179,6069702148,6167871093,6167871093,10
2025-10-02 14:25:08,169,pairwise,LinkedCells,1.000000,lc_c08,none,SoA,enabled,4270874023,4359985351,4164916992,3950927734,4203979492,4148681640,3980468750,3999389648,3851806640,3828491210,4075952147,4075952147,10
2025-10-02 14:25:08,179,pairwise,LinkedCells,1.000000,lc_c18,none,AoS,disabled,9692016601,9225830078,9225585937,9397583007,9117675781,9144897460,9338378906,9389892578,9330200195,9322265625,9318432616,9318432616,10
2025-10-02 14:25:08,189,pairwise,LinkedCells,1.000000,lc_c18,none,AoS,enabled,6037475585,6089965820,6036010742,5982055664,5945068359,6019897460,6199829101,5990234375,6061279296,5840454101,6020227049,6020227049,10
2025-10-02 14:25:08,199,pairwise,LinkedCells,1.000000,lc_c18,none,SoA,disabled,5226928710,5046752929,5231201171,5008422851,5105834960,5163330078,5294555664,5383056640,5117431640,5255493164,5183300780,5183300780,10
2025-10-02 14:25:08,209,pairwise,LinkedCells,1.000000,lc_c18,none,SoA,enabled,3339355468,3166870117,3206298828,3338867187,3166137695,3259277343,3387451171,3326171875,3348022460,3472778320,3301123045,3301123045,10
2025-10-02 14:25:09,219,pairwise,LinkedCells,1.000000,lc_sliced,none,AoS,disabled,10046997070,9790161132,10003173828,9741088867,9854736328,9895385742,9771118164,9992919921,9891235351,9852783203,9883959960,9883959960,10
2025-10-02 14:25:09,229,pairwise,LinkedCells,1.000000,lc_sliced,none,AoS,enabled,6056884765,6095336914,6259521484,6237670898,6182861328,6289916992,6094848632,6294555664,6076049804,6064208984,6165185545,6165185545,10
2025-10-02 14:25:09,239,pairwise,LinkedCells,1.000000,lc_sliced,none,SoA,disabled,5091430664,4797729492,4899780273,4853271484,5018920898,5078125000,4949707031,4957885742,4991577148,5032592773,4967102050,4967102050,10
2025-10-02 14:25:09,249,pairwise,LinkedCells,1.000000,lc_sliced,none,SoA,enabled,2889648437,3072265625,2906860351,2788818359,2888549804,2922119140,2866943359,2869750976,2831787109,2806640625,2884338378,2884338378,10
2025-10-02 14:25:09,259,pairwise,LinkedCells,1.000000,lc_sliced_balanced,none,AoS,disabled,9890625000,10026733398,9961059570,10081420898,9915649414,10099487304,10162353515,9982177734,10096557617,10112792968,10032885741,10032885741,10
2025-10-02 14:25:10,269,pairwise,LinkedCells,1.000000,lc_sliced_balanced,none,AoS,enabled,6148315429,6053466796,6199218750,6247070312,6257690429,6254760742,6135253906,6186645507,6140991210,6203857421,6182727049,6182727049,10
2025-10-02 14:25:10,279,pairwise,LinkedCells,1.000000,lc_sliced_balanced,none,SoA,disabled,4866943359,4966674804,4919067382,5035400390,4989379882,4874755859,5045898437,5022460937,4966796875,4934082031,4962145995,4962145995,10
2025-10-02 14:25:10,289,pairwise,LinkedCells,1.000000,lc_sliced_balanced,none,SoA,enabled,2935058593,2963867187,3057617187,3024414062,3101562500,2753662109,2802978515,2874755859,2888916015,2787109375,2918994140,2918994140,10
2025-10-02 14:25:10,299,pairwise,LinkedCells,1.000000,lc_sliced_balanced,squared-particles-per-cell,AoS,disabled,9735839843,9704833984,9724609375,9740234375,9693359375,9689453125,9740966796,9699951171,9861083984,9737060546,9732739256,9732739256,10
2025-10-02 14:25:10,309,pairwise,LinkedCells,1.000000,lc_sliced_balanced,squared-particles-per-cell,AoS,enabled,6140869140,6189208984,6055175781,5989990234,6036621093,6070556640,6061767578,6145263671,6059570312,6074707031,6082373046,6082373046,10
2025-10-02 14:25:10,319,pairwise,LinkedCells,1.000000,lc_sliced_balanced,squared-particles-per-cell,SoA,disabled,5305908203,5135498046,4912353515,5152343750,4867187500,4896972656,5156982421,4875244140,4910644531,5072753906,5028588866,5028588866,10
2025-10-02 14:25:11,329,pairwise,LinkedCells,1.000000,lc_sliced_balanced,squared-particles-per-cell,SoA,enabled,2866455078,3012695312,2723388671,2861572265,2998779296,3050292968,2850341796,2902099609,2975341796,2838867187,2907983397,2907983397,10
2025-10-02 14:25:11,339,pairwise,LinkedCells,1.000000,lc_sliced_c02,none,AoS,disabled,10756835937,10712158203,10877929687,10766357421,10765380859,10728271484,10718750000,10899658203,10638671875,11092041015,10795605468,10795605468,10
2025-10-02 14:25:11,349,pairwise,LinkedCells,1.000000,lc_sliced_c02,none,AoS,enabled,6751953125,6781494140,6865722656,6844970703,6682617187,6845458984,6842285156,6630371093,6773437500,6896240234,6791455077,6791455077,10
2025-10-02 14:25:11,359,pairwise,LinkedCells,1.000000,lc_sliced_c02,none,SoA,disabled,5584228515,5106445312,5175048828,4962646484,4922851562,5183837890,5172119140,5020996093,5117431640,5307128906,5155273436,5155273436,10
2025-10-02 14:25:11,369,pairwise,LinkedCells,1.000000,lc_sliced_c02,none,SoA,enabled,3050292968,2996337890,3299316406,3063720703,3083496093,3173828125,3055175781,3031982421,3034912109,3082031250,3087109374,3087109374,10
2025-10-02 14:25:12,379,pairwise,VerletClusterLists,1.000000,vcl_c01_balanced,none,AoS,disabled,92085693359,18605712890,18592285156,18620849609,18653076171,18634521484,18589111328,18664306640,18697753906,18609130859,25975244139,25975244139,10
2025-10-02 14:25:13,389,pairwise,VerletClusterLists,1.000000,vcl_c01_balanced,none,SoA,disabled,74610351562,6966796875,6830810546,6848876953,6780517578,6872802734,6825927734,6884521484,6810302734,7010009765,13644091795,13644091795,10
2025-10-02 14:25:14,399,pairwise,VerletClusterLists,1.000000,vcl_c06,none,AoS,disabled,97396972656,29827636718,30241210937,30582275390,29821289062,30340820312,29988281250,30571533203,29880615234,29991210937,36864184569,36864184569,10
2025-10-02 14:25:14,409,pairwise,VerletClusterLists,1.000000,vcl_c06,none,AoS,enabled,48136962890,13873046875,14069091796,13915283203,14081298828,14086181640,14075439453,14032958984,14169921875,14054687500,17449487303,17449487303,10
2025-10-02 14:25:15,419,pairwise,VerletClusterLists,1.000000,vcl_c06,none,SoA,disabled,77697998046,10848876953,10817382812,10659667968,10549072265,10650390625,11003662109,10954589843,10801025390,10818847656,17480151366,17480151366,10
2025-10-02 14:25:15,429,pairwise,VerletClusterLists,1.000000,vcl_c06,none,SoA,enabled,39456054687,5208496093,5236083984,5346435546,5256835937,5378662109,5282714843,5408447265,5429199218,5167236328,8717016600,8717016600,10
2025-10-02 14:25:17,439,pairwise,VerletClusterLists,1.000000,vcl_sliced,none,AoS,disabled,100277587890,33237792968,33226318359,33121093750,33050292968,32973632812,33203613281,33262695312,32882812500,33140136718,39837597655,39837597655,10
2025-10-02 14:25:17,449,pairwise,VerletClusterLists,1.000000,vcl_sliced,none,AoS,enabled,50980957031,16906250000,16533203125,16840820312,16865234375,16687011718,16655761718,16616210937,16632324218,16671386718,20138916015,20138916015,10
2025-10-02 14:25:18,459,pairwise,VerletClusterLists,1.000000,vcl_sliced,none,SoA,disabled,76799804687,9502929687,9480468750,9466308593,9420898437,9444335937,9481933593,9473144531,9321777343,9536621093,16192822265,16192822265,10
2025-10-02 14:25:18,469,pairwise,VerletClusterLists,1.000000,vcl_sliced,none,SoA,enabled,39444335937,5395019531,5237304687,5114746093,5274902343,5058105468,5322265625,5333496093,5167968750,5242187500,8659033202,8659033202,10
2025-10-02 14:25:19,479,pairwise,VerletClusterLists,1.000000,vcl_sliced_balanced,none,AoS,disabled,99981933593,32969238281,33338378906,32961914062,32983886718,32990722656,33001464843,33067871093,32921875000,33053222656,39727050780,39727050780,10
2025-10-02 14:25:20,489,pairwise,VerletClusterLists,1.000000,vcl_sliced_balanced,none,AoS,enabled,51004394531,16760742187,16789550781,16909179687,16831054687,16808105468,16942382812,16843261718,16981445312,16806640625,20267675780,20267675780,10
2025-10-02 14:25:21,499,pairwise,VerletClusterLists,1.000000,vcl_sliced_balanced,none,SoA,disabled,76730957031,9486328125,9620605468,9667480468,9475585937,9521972656,9592285156,9495605468,9511718750,9483886718,16258642577,16258642577,10
2025-10-02 14:25:21,509,pairwise,VerletClusterLists,1.000000,vcl_sliced_balanced,none,SoA,enabled,39691406250,5362792968,5392578125,5170410156,5279785156,5110351562,5335937500,5279785156,5259277343,5143554687,8702587890,8702587890,10
2025-10-02 14:25:22,519,pairwise,VerletClusterLists,1.000000,vcl_sliced_balanced,neighbor-list-length,AoS,disabled,106837402343,33602539062,33724609375,33719726562,33573242187,33682128906,33664062500,33690429687,33801269531,33582031250,40987744140,40987744140,10
2025-10-02 14:25:23,529,pairwise,VerletClusterLists,1.000000,vcl_sliced_balanced,neighbor-list-length,AoS,enabled,51007324218,17094238281,16968750000,17145019531,17012695312,17043945312,17003906250,16886230468,17007812500,17202636718,20437255858,20437255858,10
2025-10-02 14:25:23,539,pairwise,VerletClusterLists,1.000000,vcl_sliced_balanced,neighbor-list-length,SoA,disabled,76763183593,9529296875,9562988281,9631835937,9537597656,9330566406,9477050781,9668457031,9510253906,9476074218,16248730468,16248730468,10
2025-10-02 14:25:24,549,pairwise,VerletClusterLists,1.000000,vcl_sliced_balanced,neighbor-list-length,SoA,enabled,39893066406,5199218750,5173828125,5282714843,5441894531,5318847656,5339843750,5260742187,5145996093,5137207031,8719335936,8719335936,10
2025-10-02 14:25:25,559,pairwise,VerletClusterLists,1.000000,vcl_sliced_c02,none,AoS,disabled,113612304687,40635253906,40904785156,40769042968,40700683593,40799804687,40589355468,40499023437,40716796875,41016601562,48024365233,48024365233,10
2025-10-02 14:25:26,569,pairwise,VerletClusterLists,1.000000,vcl_sliced_c02,none,AoS,enabled,55044433593,20837402343,20696777343,20801269531,20653320312,20690917968,20771972656,20730468750,20833007812,20831542968,24189111327,24189111327,10
2025-10-02 14:25:27,579,pairwise,VerletClusterLists,1.000000,vcl_sliced_c02,none,SoA,disabled,79895996093,12585449218,12280761718,12301757812,12294433593,12352539062,12437500000,12337890625,12319335937,12407714843,19121337889,19121337889,10
2025-10-02 14:25:27,589,pairwise,VerletClusterLists,1.000000,vcl_sliced_c02,none,SoA,enabled,41000000000,6880371093,6792968750,6837402343,6678222656,6828125000,6866210937,6809082031,6891601562,6874511718,10245849608,10245849608,10
2025-10-02 14:25:27,599,pairwise,VerletLists,1.000000,vl_list_iteration,none,AoS,disabled,35807617187,7570312500,7777343750,7764648437,7507324218,7730468750,7759765625,7772949218,7702148437,7764648437,10515722655,10515722655,10
2025-10-02 14:25:28,609,pairwise,VerletLists,1.000000,vl_list_iteration,none,SoA,disabled,97690917968,7391601562,7500000000,7352539062,7371093750,7556152343,7309082031,7369628906,7358886718,7488281250,16438818358,16438818358,10
2025-10-02 14:25:28,619,pairwise,VerletListsCells,1.000000,vlc_c01,none,AoS,disabled,35317382812,5688476562,6000488281,5703125000,5884765625,6078125000,6047363281,5873046875,5984375000,5868652343,8844580077,8844580077,10
2025-10-02 14:25:29,629,pairwise,VerletListsCells,1.000000,vlc_c01,none,SoA,disabled,85254394531,5782226562,5840332031,5704101562,5700683593,5849609375,5696777343,5830566406,5779296875,5851074218,13728906248,13728906248,10
2025-10-02 14:25:29,639,pairwise,VerletListsCells,1.000000,vlc_c18,none,AoS,disabled,32917480468,5949218750,5932617187,5730468750,5896484375,5980468750,5993164062,5958984375,5928710937,5956054687,8624365234,8624365234,10
2025-10-02 14:25:29,649,pairwise,VerletListsCells,1.000000,vlc_c18,none,AoS,enabled,18781250000,3197265625,3279296875,3279296875,3387695312,3371093750,3156250000,3125000000,3187500000,3109375000,4787402342,4787402342,10
2025-10-02 14:25:30,659,pairwise,VerletListsCells,1.000000,vlc_c18,none,SoA,disabled,146354492187,7265625000,7331054687,7119140625,7333007812,7150390625,7322265625,7115234375,7256835937,7185546875,21143359374,21143359374,10
2025-10-02 14:25:30,669,pairwise,VerletListsCells,1.000000,vlc_c18,none,SoA,enabled,81884765625,5143554687,5181640625,5122070312,5101562500,5165039062,5086914062,5185546875,5115234375,5049804687,12803613280,12803613280,10
2025-10-02 14:25:31,679,pairwise,VerletListsCells,1.000000,vlc_c08,none,AoS,disabled,28429687500,5858398437,5985351562,5919921875,5897460937,5891601562,5935546875,5770507812,5935546875,5904296875,8152832031,8152832031,10
2025-10-02 14:25:31,689,pairwise,VerletListsCells,1.000000,vlc_c08,none,AoS,enabled,19439453125,3472656250,3455078125,3510742187,3443359375,3415039062,3313476562,3490234375,3458007812,3440429687,5043847655,5043847655,10
2025-10-02 14:25:32,699,pairwise,VerletListsCells,1.000000,vlc_c08,none,SoA,disabled,123276367187,6651367187,6634765625,6969726562,6837890625,6722656250,6627929687,6625000000,6578125000,6687500000,18361132811,18361132811,10
2025-10-02 14:25:32,709,pairwise,VerletListsCells,1.000000,vlc_c08,none,SoA,enabled,86928710937,5742187500,5766601562,5648437500,5515625000,5712890625,5538085937,5759765625,5515625000,5686523437,13781445312,13781445312,10
2025-10-02 14:25:32,719,pairwise,VerletListsCells,1.000000,vlc_sliced,none,AoS,disabled,34728515625,9461914062,9380859375,9299804687,9425781250,9277343750,9541015625,9392578125,9329101562,9439453125,11927636718,11927636718,10
2025-10-02 14:25:33,729,pairwise,VerletListsCells,1.000000,vlc_sliced,none,AoS,enabled,21084960937,4573242187,4481445312,4375976562,4466796875,4436523437,4438476562,4475585937,4421875000,4438476562,6119335936,6119335936,10
2025-10-02 14:25:33,739,pairwise,VerletListsCells,1.000000,vlc_sliced,none,SoA,disabled,146849609375,9446289062,9117187500,9378906250,9397460937,9051757812,9504882812,9100585937,9202148437,9381835937,23043066405,23043066405,10
2025-10-02 14:25:34,749,pairwise,VerletListsCells,1.000000,vlc_sliced,none,SoA,enabled,80699218750,6142578125,6050781250,6060546875,5970703125,5999023437,6073242187,5829101562,6006835937,6012695312,13484472655,13484472655,10
2025-10-02 14:25:34,759,pairwise,VerletListsCells,1.000000,vlc_sliced_balanced,none,AoS,disabled,33537109375,9293945312,9106445312,9125000000,9278320312,9148437500,9107421875,9131835937,9202148437,9061523437,11599218748,11599218748,10
2025-10-02 14:25:34,769,pairwise,VerletListsCells,1.000000,vlc_sliced_balanced,none,AoS,enabled,20324218750,4530273437,4406250000,4356445312,4476562500,4460937500,4566406250,4568359375,4206054687,4521484375,6041699218,6041699218,10
2025-10-02 14:25:35,779,pairwise,VerletListsCells,1.000000,vlc_sliced_balanced,none,SoA,disabled,144023437500,9258789062,9170898437,9160156250,9150390625,9286132812,9309570312,9212890625,9125000000,9248046875,22694531249,22694531249,10
2025-10-02 14:25:36,789,pairwise,VerletListsCells,1.000000,vlc_sliced_balanced,none,SoA,enabled,82201171875,6058593750,5859375000,6082031250,6067382812,6031250000,6015625000,6001953125,6102539062,5879882812,13629980468,13629980468,10
2025-10-02 14:25:36,799,pairwise,VerletListsCells,1.000000,vlc_sliced_balanced,squared-particles-per-cell,AoS,disabled,33666992187,8688476562,8741210937,8777343750,8717773437,8688476562,8903320312,8708007812,8631835937,8804687500,11232812499,11232812499,10
2025-10-02 14:25:36,809,pairwise,VerletListsCells,1.000000,vlc_sliced_balanced,squared-particles-per-cell,AoS,enabled,19813476562,4515625000,4388671875,4650390625,4691406250,4496093750,4642578125,4713867187,4690429687,4715820312,6131835936,6131835936,10
2025-10-02 14:25:37,819,pairwise,VerletListsCells,1.000000,vlc_sliced_balanced,squared-particles-per-cell,SoA,disabled,143013671875,8879882812,8728515625,8863281250,8894531250,8886718750,8743164062,8769531250,8974609375,8943359375,22269726561,22269726561,10
2025-10-02 14:25:38,829,pairwise,VerletListsCells,1.000000,vlc_sliced_balanced,squared-particles-per-cell,SoA,enabled,87122070312,6086914062,5883789062,6026367187,6056640625,6076171875,5916015625,6008789062,5923828125,6000976562,14110156248,14110156248,10
2025-10-02 14:25:38,839,pairwise,VerletListsCells,1.000000,vlc_sliced_balanced,neighbor-list-length,AoS,disabled,34207031250,8974609375,8854492187,8807617187,9026367187,9007812500,8836914062,8860351562,8903320312,8932617187,11441113280,11441113280,10
2025-10-02 14:25:38,849,pairwise,VerletListsCells,1.000000,vlc_sliced_balanced,neighbor-list-length,AoS,enabled,20688476562,4519531250,4562500000,4698242187,4637695312,4658203125,4673828125,4572265625,4665039062,4689453125,6236523436,6236523436,10
2025-10-02 14:25:39,859,pairwise,VerletListsCells,1.000000,vlc_sliced_balanced,neighbor-list-length,SoA,disabled,140668945312,9102539062,9097656250,9157226562,9040039062,9181640625,9096679687,9250000000,9245117187,9214843750,22305468748,22305468748,10
2025-10-02 14:25:39,869,pairwise,VerletListsCells,1.000000,vlc_sliced_balanced,neighbor-list-length,SoA,enabled,85007812500,6166992187,6148437500,6126953125,6207031250,6218750000,6230468750,6238281250,6163085937,6005859375,14051367187,14051367187,10
2025-10-02 14:25:40,879,pairwise,VerletListsCells,1.000000,vlc_sliced_c02,none,AoS,disabled,35272460937,10904296875,10940429687,10916992187,10753906250,10709960937,10893554687,10852539062,10949218750,10848632812,13304199217,13304199217,10
2025-10-02 14:25:40,889,pairwise,VerletListsCells,1.000000,vlc_sliced_c02,none,AoS,enabled,21563476562,5835937500,5984375000,5693359375,5869140625,5834960937,5785156250,5831054687,5865234375,5663085937,7392578124,7392578124,10
2025-10-02 14:25:41,899,pairwise,VerletListsCells,1.000000,vlc_sliced_c02,none,SoA,disabled,140782226562,10730468750,10625000000,10692382812,10624023437,10729492187,10632812500,10585937500,10752929687,10658203125,23681347655,23681347655,10
2025-10-02 14:25:42,909,pairwise,VerletListsCells,1.000000,vlc_sliced_c02,none,SoA,enabled,85545898437,7196289062,7290039062,7250976562,7264648437,7066406250,7129882812,7280273437,7025390625,7130859375,15018066405,15018066405,10
2025-10-02 14:25:42,919,pairwise,PairwiseVerletLists,1.000000,vlp_c01,none,AoS,disabled,41485351562,6667968750,6619140625,6603515625,6681640625,6569335937,6558593750,6615234375,6457031250,6425781250,10068359374,10068359374,10
2025-10-02 14:25:43,929,pairwise,PairwiseVerletLists,1.000000,vlp_c01,none,SoA,disabled,226605468750,9204101562,9017578125,8868164062,9205078125,9305664062,9047851562,9206054687,9040039062,9075195312,30857519530,30857519530,10
2025-10-02 14:25:43,939,pairwise,PairwiseVerletLists,1.000000,vlp_c18,none,AoS,disabled,38070312500,6958007812,6792968750,6973632812,6833984375,6776367187,6905273437,6780273437,7011718750,6962890625,10006542967,10006542967,10
2025-10-02 14:25:44,949,pairwise,PairwiseVerletLists,1.000000,vlp_c18,none,AoS,enabled,38956054687,3899414062,3832031250,3872070312,3951171875,3842773437,3866210937,3849609375,4028320312,4024414062,7412207030,7412207030,10
2025-10-02 14:25:45,959,pairwise,PairwiseVerletLists,1.000000,vlp_c18,none,SoA,disabled,262146484375,9084960937,9173828125,9165039062,9121093750,9035156250,9059570312,9041992187,9171875000,9146484375,34414648436,34414648436,10
2025-10-02 14:25:46,969,pairwise,PairwiseVerletLists,1.000000,vlp_c18,none,SoA,enabled,176166015625,6920898437,6987304687,6809570312,6872070312,7008789062,6937500000,6914062500,6957031250,6933593750,23850683593,23850683593,10
2025-10-02 14:25:46,979,pairwise,PairwiseVerletLists,1.000000,vlp_sliced,none,AoS,disabled,42076171875,10609375000,10344726562,10528320312,10496093750,10598632812,10433593750,10608398437,10511718750,10374023437,13658105468,13658105468,10
2025-10-02 14:25:46,989,pairwise,PairwiseVerletLists,1.000000,vlp_sliced,none,AoS,enabled,39478515625,5158203125,5369140625,5073242187,5207031250,5219726562,5171875000,5189453125,5313476562,5258789062,8643945312,8643945312,10
2025-10-02 14:25:48,999,pairwise,PairwiseVerletLists,1.000000,vlp_sliced,none,SoA,disabled,249588867187,10910156250,11267578125,10977539062,11063476562,10870117187,11064453125,11364257812,10976562500,10920898437,34900390624,34900390624,10
2025-10-02 14:25:48,1009,pairwise,PairwiseVerletLists,1.000000,vlp_sliced,none,SoA,enabled,176449218750,8041992187,8101562500,8083984375,8032226562,8110351562,7959960937,8042968750,8112304687,8137695312,24907226562,24907226562,10
2025-10-02 14:25:49,1019,pairwise,PairwiseVerletLists,1.000000,vlp_sliced_balanced,none,AoS,disabled,41380859375,10499023437,10510742187,10608398437,10603515625,10416015625,10528320312,10471679687,10489257812,10476562500,13598437499,13598437499,10
2025-10-02 14:25:49,1029,pairwise,PairwiseVerletLists,1.000000,vlp_sliced_balanced,none,AoS,enabled,39515625000,5087890625,5143554687,5161132812,5229492187,5067382812,5273437500,5124023437,5202148437,5145507812,8595019530,8595019530,10
2025-10-02 14:25:50,1039,pairwise,PairwiseVerletLists,1.000000,vlp_sliced_balanced,none,SoA,disabled,249801757812,10920898437,10806640625,11004882812,10835937500,10972656250,10897460937,10916015625,10919921875,11002929687,34807910155,34807910155,10
2025-10-02 14:25:51,1049,pairwise,PairwiseVerletLists,1.000000,vlp_sliced_balanced,none,SoA,enabled,177323242187,8136718750,7987304687,8038085937,8145507812,8096679687,8137695312,8094726562,8100585937,7917968750,24997851561,24997851561,10
2025-10-02 14:25:52,1059,pairwise,PairwiseVerletLists,1.000000,vlp_sliced_c02,none,AoS,disabled,44294921875,13264648437,13299804687,13228515625,13163085937,13080078125,13150390625,13163085937,13028320312,13243164062,16291601561,16291601561,10
2025-10-02 14:25:52,1069,pairwise,PairwiseVerletLists,1.000000,vlp_sliced_c02,none,AoS,enabled,40764648437,6462890625,6381835937,6381835937,6328125000,6484375000,6541992187,6368164062,6486328125,6504882812,9870507811,9870507811,10
2025-10-02 14:25:53,1079,pairwise,PairwiseVerletLists,1.000000,vlp_sliced_c02,none,SoA,disabled,252483398437,13231445312,14154296875,13558593750,14217773437,13851562500,13839843750,13936523437,13915039062,13737304687,37692578124,37692578124,10
2025-10-02 14:25:54,1089,pairwise,PairwiseVerletLists,1.000000,vlp_sliced_c02,none,SoA,enabled,179368164062,9520507812,9633789062,9711914062,9628906250,9571289062,9650390625,9683593750,9604492187,9625976562,26599902343,26599902343,10
2025-10-02 14:25:55,1099,pairwise,PairwiseVerletLists,1.000000,vlp_c08,none,AoS,disabled,39239257812,7871093750,8242187500,8119140625,8125000000,7916992187,8084960937,8123046875,8073242187,8088867187,11188378905,11188378905,10
2025-10-02 14:25:55,1109,pairwise,PairwiseVerletLists,1.000000,vlp_c08,none,AoS,enabled,38932617187,4281250000,4428710937,4423828125,4420898437,4193359375,4325195312,4271484375,4206054687,4223632812,7770703123,7770703123,10
2025-10-02 14:25:56,1119,pairwise,PairwiseVerletLists,1.000000,vlp_c08,none,SoA,disabled,249628906250,10428710937,10385742187,10156250000,10300781250,10347656250,10324218750,10318359375,10361328125,10338867187,34259082030,34259082030,10
2025-10-02 14:25:57,1129,pairwise,PairwiseVerletLists,1.000000,vlp_c08,none,SoA,enabled,176289062500,7507812500,7466796875,7658203125,7380859375,7654296875,7517578125,7462890625,7673828125,7527343750,24413867187,24413867187,10
2025-10-02 14:27:55,5009,pairwise,LinkedCells,1.000000,lc_c01,none,AoS,disabled,10597656250,11597656250,11992187500,10992187500,11578125000,10886718750,11335937500,11066406250,11542968750,11566406250,11315624999,11315624999,10
2025-10-02 14:27:56,5019,pairwise,LinkedCells,1.000000,lc_c01,none,SoA,disabled,6179687500,5613281250,5535156250,5742187500,6453125000,5960937500,6507812500,5691406250,5828125000,5644531250,5915624999,5915624999,10
2025-10-02 14:27:56,5029,pairwise,LinkedCells,1.000000,lc_c01_combined_SoA,none,SoA,disabled,4417968750,4964843750,4882812500,5410156250,5117187500,4839843750,4898437500,5300781250,5101562500,5398437500,5033203125,5033203125,10
2025-10-02 14:27:56,5039,pairwise,LinkedCells,1.000000,lc_c04,none,AoS,disabled,8042968750,8074218750,7945312500,7933593750,7386718750,7269531250,7066406250,7523437500,7605468750,7222656250,7607031250,7607031250,10
2025-10-02 14:27:56,5049,pairwise,LinkedCells,1.000000,lc_c04,none,AoS,enabled,5703125000,5242187500,5832031250,6046875000,5300781250,5511718750,5003906250,5417968750,5152343750,5062500000,5427343749,5427343749,10
2025-10-02 14:27:56,5059,pairwise,LinkedCells,1.000000,lc_c04,none,SoA,disabled,5753906250,5261718750,5273437500,6199218750,5113281250,5488281250,5500000000,5765625000,5050781250,5542968750,5494921874,5494921874,10
2025-10-02 14:27:56,5069,pairwise,LinkedCells,1.000000,lc_c04,none,SoA,enabled,3312500000,3261718750,3351562500,3953125000,3132812500,3312500000,3687500000,3398437500,3500000000,3515625000,3442578125,3442578125,10
2025-10-02 14:27:57,5079,pairwise,LinkedCells,1.000000,lc_c04_HCP,none,AoS,disabled,6726562500,6902343750,6667968750,6367187500,6933593750,6781250000,6781250000,6722656250,6761718750,6390625000,6703515624,6703515624,10
2025-10-02 14:27:57,5089,pairwise,LinkedCells,1.000000,lc_c04_HCP,none,AoS,enabled,5218750000,4664062500,5554687500,5250000000,5351562500,5562500000,5414062500,5046875000,5117187500,5179687500,5235937499,5235937499,10
2025-10-02 14:27:57,5099,pairwise,LinkedCells,1.000000,lc_c04_HCP,none,SoA,disabled,5789062500,5828125000,5968750000,5480468750,5539062500,5683593750,5437500000,5281250000,5246093750,5414062500,5566796874,5566796874,10
2025-10-02 14:27:57,5109,pairwise,LinkedCells,1.000000,lc_c04_HCP,none,SoA,enabled,4261718750,3820312500,4226562500,3847656250,3636718750,3996093750,3664062500,3863281250,3617187500,3335937500,3826953124,3826953124,10
2025-10-02 14:27:57,5119,pairwise,LinkedCells,1.000000,lc_c04_combined_SoA,none,SoA,disabled,6128906250,6628906250,6824218750,6203125000,6285156250,6449218750,6058593750,5992187500,6593750000,6414062500,6357812499,6357812499,10
2025-10-02 14:27:57,5129,pairwise,LinkedCells,1.000000,lc_c04_combined_SoA,none,SoA,enabled,4863281250,4535156250,5300781250,4871093750,4523437500,4527343750,4320312500,4343750000,4695312500,4593750000,4657421874,4657421874,10
2025-10-02 14:27:57,5139,pairwise,LinkedCells,1.000000,lc_c08,none,AoS,disabled,6457031250,6996093750,6988281250,6933593750,7222656250,7019531250,7171875000,7128906250,6539062500,6726562500,6918359374,6918359374,10
2025-10-02 14:27:58,5149,pairwise,LinkedCells,1.000000,lc_c08,none,AoS,enabled,5406250000,5441406250,5261718750,4625000000,5277343750,5312500000,5402343750,5226562500,5523437500,5628906250,5310546874,5310546874,10
2025-10-02 14:27:58,5159,pairwise,LinkedCells,1.000000,lc_c08,none,SoA,disabled,6390625000,6296875000,5949218750,6148437500,6171875000,5953125000,5964843750,6246093750,6371093750,6316406250,6180859374,6180859374,10
2025-10-02 14:27:58,5169,pairwise,LinkedCells,1.000000,lc_c08,none,SoA,enabled,4683593750,5027343750,4988281250,4593750000,4429687500,4437500000,4781250000,4816406250,4468750000,4328125000,4655468750,4655468750,10
2025-10-02 14:27:58,5179,pairwise,LinkedCells,1.000000,lc_c18,none,AoS,disabled,6855468750,7382812500,7398437500,7375000000,7148437500,6925781250,6972656250,7464843750,6953125000,7261718750,7173828124,7173828124,10
2025-10-02 14:27:58,5189,pairwise,LinkedCells,1.000000,lc_c18,none,AoS,enabled,5257812500,5378906250,5324218750,5468750000,5636718750,5640625000,5535156250,5554687500,5191406250,4957031250,5394531249,5394531249,10
2025-10-02 14:27:58,5199,pairwise,LinkedCells,1.000000,lc_c18,none,SoA,disabled,6128906250,5816406250,5992187500,5906250000,5992187500,5710937500,6058593750,5894531250,5746093750,5707031250,5895312499,5895312499,10
2025-10-02 14:27:58,5209,pairwise,LinkedCells,1.000000,lc_c18,none,SoA,enabled,3980468750,3640625000,3800781250,3714843750,3625000000,3562500000,3488281250,3503906250,3566406250,3734375000,3661718749,3661718749,10
2025-10-02 14:27:59,5219,pairwise,LinkedCells,1.000000,lc_sliced,none,AoS,disabled,6851562500,6632812500,6757812500,6964843750,6968750000,6664062500,6710937500,6726562500,6699218750,6941406250,6791796875,6791796875,10
2025-10-02 14:27:59,5229,pairwise,LinkedCells,1.000000,lc_sliced,none,AoS,enabled,5066406250,5027343750,5207031250,5027343750,5097656250,5148437500,4875000000,4968750000,4941406250,5085937500,5044531249,5044531249,10
2025-10-02 14:27:59,5239,pairwise,LinkedCells,1.000000,lc_sliced,none,SoA,disabled,5187500000,4960937500,4757812500,5039062500,4875000000,4968750000,4843750000,4800781250,4808593750,4906250000,4914843749,4914843749,10
2025-10-02 14:27:59,5249,pairwise,LinkedCells,1.000000,lc_sliced,none,SoA,enabled,3082031250,3113281250,3089843750,3062500000,2843750000,3011718750,3035156250,2972656250,2984375000,2996093750,3019140624,3019140624,10
2025-10-02 14:27:59,5259,pairwise,LinkedCells,1.000000,lc_sliced_balanced,none,AoS,disabled,6828125000,6863281250,6972656250,6875000000,6792968750,6988281250,6753906250,6785156250,6726562500,6890625000,6847656249,6847656249,10
2025-10-02 14:27:59,5269,pairwise,LinkedCells,1.000000,lc_sliced_balanced,none,AoS,enabled,4863281250,4863281250,5000000000,4847656250,4843750000,5023437500,4757812500,4886718750,4906250000,5015625000,4900781249,4900781249,10
2025-10-02 14:28:00,5279,pairwise,LinkedCells,1.000000,lc_sliced_balanced,none,SoA,disabled,4910156250,4890625000,4867187500,4980468750,4847656250,4894531250,4796875000,4773437500,5015625000,5023437500,4899999999,4899999999,10
2025-10-02 14:28:00,5289,pairwise,LinkedCells,1.000000,lc_sliced_balanced,none,SoA,enabled,3085937500,2988281250,3074218750,3078125000,3125000000,3023437500,3101562500,3011718750,3113281250,3031250000,3063281249,3063281249,10
2025-10-02 14:28:00,5299,pairwise,LinkedCells,1.000000,lc_sliced_balanced,squared-particles-per-cell,AoS,disabled,6859375000,6882812500,6816406250,6855468750,6773437500,6812500000,6773437500,6632812500,6718750000,6863281250,6798828124,6798828124,10
2025-10-02 14:28:00,5309,pairwise,LinkedCells,1.000000,lc_sliced_balanced,squared-particles-per-cell,AoS,enabled,4890625000,4957031250,5003906250,4855468750,4953125000,4863281250,4964843750,4812500000,4972656250,4906250000,4917968749,4917968749,10
2025-10-02 14:28:00,5319,pairwise,LinkedCells,1.000000,lc_sliced_balanced,squared-particles-per-cell,SoA,disabled,5546875000,5000000000,4968750000,4769531250,5085937500,4890625000,4902343750,4863281250,4746093750,4859375000,4963281250,4963281250,10
2025-10-02 14:28:00,5329,pairwise,LinkedCells,1.000000,lc_sliced_balanced,squared-particles-per-cell,SoA,enabled,3121093750,3085937500,3046875000,3042968750,2968750000,3050781250,3027343750,3121093750,3007812500,2957031250,3042968749,3042968749,10
2025-10-02 14:28:01,5339,pairwise,LinkedCells,1.000000,lc_sliced_c02,none,AoS,disabled,6992187500,7019531250,6843750000,6847656250,6980468750,6781250000,6839843750,6996093750,6789062500,6828125000,6891796874,6891796874,10
2025-10-02 14:28:01,5349,pairwise,LinkedCells,1.000000,lc_sliced_c02,none,AoS,enabled,5023437500,5226562500,4968750000,5035156250,5019531250,5187500000,5015625000,5007812500,4925781250,5066406250,5047656249,5047656249,10
2025-10-02 14:28:01,5359,pairwise,LinkedCells,1.000000,lc_sliced_c02,none,SoA,disabled,5605468750,5035156250,4929687500,4832031250,4992187500,5058593750,4843750000,5031250000,4933593750,5085937500,5034765624,5034765624,10
2025-10-02 14:28:01,5369,pairwise,LinkedCells,1.000000,lc_sliced_c02,none,SoA,enabled,3062500000,3097656250,3105468750,2953125000,3371093750,3093750000,3101562500,2992187500,3023437500,3050781250,3085156249,3085156249,10
2025-10-02 14:28:02,5379,pairwise,VerletClusterLists,1.000000,vcl_c01_balanced,none,AoS,disabled,49289062500,11265625000,11289062500,11238281250,11140625000,11058593750,11261718750,11207031250,11210937500,11113281250,15007421874,15007421874,10
2025-10-02 14:28:02,5389,pairwise,VerletClusterLists,1.000000,vcl_c01_balanced,none,SoA,disabled,35488281250,4218750000,4101562500,4125000000,4199218750,4128906250,4234375000,4097656250,4089843750,4246093750,7292968750,7292968750,10
2025-10-02 14:28:02,5399,pairwise,VerletClusterLists,1.000000,vcl_c06,none,AoS,disabled,45121093750,14457031250,14058593750,14488281250,14390625000,14203125000,14515625000,14175781250,14054687500,14195312500,17366015624,17366015624,10
2025-10-02 14:28:03,5409,pairwise,VerletClusterLists,1.000000,vcl_c06,none,AoS,enabled,24589843750,7175781250,7015625000,7195312500,7082031250,7101562500,7125000000,7089843750,7097656250,6984375000,8845703124,8845703124,10
2025-10-02 14:28:03,5419,pairwise,VerletClusterLists,1.000000,vcl_c06,none,SoA,disabled,36437500000,5089843750,5273437500,5304687500,5117187500,5210937500,5296875000,5140625000,5257812500,5218750000,8334765624,8334765624,10
2025-10-02 14:28:03,5429,pairwise,VerletClusterLists,1.000000,vcl_c06,none,SoA,enabled,20414062500,2894531250,2742187500,2855468750,2777343750,2886718750,2777343750,2960937500,2957031250,2957031250,4622265624,4622265624,10
2025-10-02 14:28:04,5439,pairwise,VerletClusterLists,1.000000,vcl_sliced,none,AoS,disabled,53207031250,22027343750,20488281250,22007812500,21960937500,19460937500,21929687500,21843750000,21937500000,19796875000,24466015624,24466015624,10
2025-10-02 14:28:04,5449,pairwise,VerletClusterLists,1.000000,vcl_sliced,none,AoS,enabled,27085937500,11382812500,11320312500,9835937500,11394531250,9757812500,10835937500,11386718750,9859375000,9910156250,12276953124,12276953124,10
2025-10-02 14:28:05,5459,pairwise,VerletClusterLists,1.000000,vcl_sliced,none,SoA,disabled,37636718750,6578125000,6460937500,6398437500,5679687500,6421875000,5816406250,6402343750,6222656250,6265625000,9388281249,9388281249,10
2025-10-02 14:28:05,5469,pairwise,VerletClusterLists,1.000000,vcl_sliced,none,SoA,enabled,21292968750,3242187500,3738281250,3648437500,3093750000,3500000000,3656250000,3246093750,3656250000,3250000000,5232421874,5232421874,10
2025-10-02 14:28:06,5479,pairwise,VerletClusterLists,1.000000,vcl_sliced_balanced,none,AoS,disabled,53578125000,22335937500,22261718750,22312500000,22300781250,22421875000,22238281250,22339843750,22425781250,22636718750,25485156249,25485156249,10
2025-10-02 14:28:06,5489,pairwise,VerletClusterLists,1.000000,vcl_sliced_balanced,none,AoS,enabled,28988281250,11382812500,11539062500,11480468750,11527343750,11707031250,11511718750,11375000000,11531250000,11406250000,13244921874,13244921874,10
2025-10-02 14:28:07,5499,pairwise,VerletClusterLists,1.000000,vcl_sliced_balanced,none,SoA,disabled,38187500000,7136718750,6847656250,6847656250,6824218750,6835937500,7003906250,6832031250,6871093750,6964843750,10035156249,10035156249,10
2025-10-02 14:28:07,5509,pairwise,VerletClusterLists,1.000000,vcl_sliced_balanced,none,SoA,enabled,21523437500,4042968750,3925781250,3898437500,3902343750,3949218750,3761718750,3890625000,4105468750,3921875000,5692187499,5692187499,10
2025-10-02 14:28:08,5519,pairwise,VerletClusterLists,1.000000,vcl_sliced_balanced,neighbor-list-length,AoS,disabled,59417968750,22437500000,22339843750,22335937500,22480468750,22257812500,22320312500,22355468750,22394531250,22273437500,26061328124,26061328124,10
2025-10-02 14:28:08,5529,pairwise,VerletClusterLists,1.000000,vcl_sliced_balanced,neighbor-list-length,AoS,enabled,28597656250,11410156250,11507812500,11500000000,11679687500,11546875000,11371093750,11558593750,11597656250,11671875000,13244140624,13244140624,10
2025-10-02 14:28:08,5539,pairwise,VerletClusterLists,1.000000,vcl_sliced_balanced,neighbor-list-length,SoA,disabled,38308593750,6933593750,6886718750,6894531250,6949218750,6968750000,7003906250,7027343750,6871093750,7167968750,10101171874,10101171874,10
2025-10-02 14:28:09,5549,pairwise,VerletClusterLists,1.000000,vcl_sliced_balanced,neighbor-list-length,SoA,enabled,21339843750,4042968750,3972656250,4097656250,3867187500,3917968750,4062500000,3933593750,3937500000,3757812500,5692968749,5692968749,10
2025-10-02 14:28:10,5559,pairwise,VerletClusterLists,1.000000,vcl_sliced_c02,none,AoS,disabled,61292968750,23726562500,24386718750,24839843750,23617187500,23382812500,23417968750,24667968750,23191406250,23730468750,27625390624,27625390624,10
2025-10-02 14:28:10,5569,pairwise,VerletClusterLists,1.000000,vcl_sliced_c02,none,AoS,enabled,30156250000,12281250000,12894531250,12789062500,11976562500,12796875000,12078125000,12960937500,12195312500,12628906250,14275781249,14275781249,10
2025-10-02 14:28:10,5579,pairwise,VerletClusterLists,1.000000,vcl_sliced_c02,none,SoA,disabled,38335937500,7328125000,7179687500,7546875000,7355468750,7226562500,7324218750,7562500000,7453125000,7328125000,10464062500,10464062500,10
2025-10-02 14:28:11,5589,pairwise,VerletClusterLists,1.000000,vcl_sliced_c02,none,SoA,enabled,21753906250,4367187500,4476562500,3972656250,4164062500,4140625000,4425781250,4140625000,4582031250,4171875000,6019531249,6019531249,10
2025-10-02 14:28:11,5599,pairwise,VerletLists,1.000000,vl_list_iteration,none,AoS,disabled,24035156250,5648437500,5718750000,5570312500,5574218750,5585937500,5687500000,5417968750,5777343750,5734375000,7474999999,7474999999,10
2025-10-02 14:28:11,5609,pairwise,VerletLists,1.000000,vl_list_iteration,none,SoA,disabled,74273437500,4207031250,4179687500,4140625000,4265625000,4171875000,4359375000,4175781250,4285156250,4386718750,11244531249,11244531249,10
2025-10-02 14:28:12,5619,pairwise,VerletListsCells,1.000000,vlc_c01,none,AoS,disabled,25878906250,3851562500,3699218750,3804687500,3664062500,3746093750,3742187500,3781250000,3765625000,3734375000,5966796874,5966796874,10
2025-10-02 14:28:12,5629,pairwise,VerletListsCells,1.000000,vlc_c01,none,SoA,disabled,77796875000,4707031250,4531250000,4562500000,4425781250,4562500000,4445312500,4585937500,4421875000,4500000000,11853906249,11853906249,10
2025-10-02 14:28:12,5639,pairwise,VerletListsCells,1.000000,vlc_c18,none,AoS,disabled,20898437500,3652343750,3652343750,3812500000,3628906250,3738281250,3792968750,3714843750,3785156250,3753906250,5442968749,5442968749,10
2025-10-02 14:28:12,5649,pairwise,VerletListsCells,1.000000,vlc_c18,none,AoS,enabled,14171875000,2300781250,2316406250,2167968750,2250000000,2140625000,2230468750,2093750000,2355468750,2058593750,3408593749,3408593749,10
2025-10-02 14:28:13,5659,pairwise,VerletListsCells,1.000000,vlc_c18,none,SoA,disabled,119484375000,5992187500,6019531250,6027343750,6015625000,5980468750,6023437500,6015625000,6011718750,5839843750,17341015624,17341015624,10
2025-10-02 14:28:13,5669,pairwise,VerletListsCells,1.000000,vlc_c18,none,SoA,enabled,74617187500,4714843750,4515625000,4714843750,4492187500,4683593750,4730468750,4382812500,4218750000,4417968750,11548828124,11548828124,10
2025-10-02 14:28:14,5679,pairwise,VerletListsCells,1.000000,vlc_c08,none,AoS,disabled,18316406250,3824218750,3820312500,3640625000,3609375000,3597656250,3656250000,3742187500,3804687500,3785156250,5179687499,5179687499,10
2025-10-02 14:28:14,5689,pairwise,VerletListsCells,1.000000,vlc_c08,none,AoS,enabled,15496093750,2339843750,2437500000,2339843750,2359375000,2332031250,2359375000,2351562500,2562500000,2378906250,3695703124,3695703124,10
2025-10-02 14:28:14,5699,pairwise,VerletListsCells,1.000000,vlc_c08,none,SoA,disabled,107828125000,5722656250,5675781250,5847656250,5527343750,5628906250,5628906250,5730468750,5636718750,5667968750,15889453124,15889453124,10
2025-10-02 14:28:15,5709,pairwise,VerletListsCells,1.000000,vlc_c08,none,SoA,enabled,79894531250,4984375000,4859375000,5003906250,5089843750,5011718750,4855468750,5074218750,5078125000,4859375000,12471093749,12471093749,10
2025-10-02 14:28:15,5719,pairwise,VerletListsCells,1.000000,vlc_sliced,none,AoS,disabled,23078125000,5722656250,5769531250,5804687500,5605468750,5628906250,5765625000,5660156250,5730468750,5742187500,7450781249,7450781249,10
2025-10-02 14:28:15,5729,pairwise,VerletListsCells,1.000000,vlc_sliced,none,AoS,enabled,15371093750,2730468750,2648437500,2652343750,2816406250,2726562500,2648437500,2675781250,2773437500,2769531250,3981249999,3981249999,10
2025-10-02 14:28:16,5739,pairwise,VerletListsCells,1.000000,vlc_sliced,none,SoA,disabled,123269531250,7457031250,7339843750,7492187500,7527343750,7628906250,7351562500,7468750000,7386718750,7675781250,19059765624,19059765624,10
2025-10-02 14:28:16,5749,pairwise,VerletListsCells,1.000000,vlc_sliced,none,SoA,enabled,73824218750,4894531250,4816406250,4914062500,4953125000,4742187500,4992187500,4625000000,4699218750,4687500000,11714843749,11714843749,10
2025-10-02 14:28:16,5759,pairwise,VerletListsCells,1.000000,vlc_sliced_balanced,none,AoS,disabled,22683593750,5210937500,5410156250,5484375000,5320312500,5304687500,5277343750,5261718750,5328125000,5468750000,7074999999,7074999999,10
2025-10-02 14:28:17,5769,pairwise,VerletListsCells,1.000000,vlc_sliced_balanced,none,AoS,enabled,14695312500,2691406250,2683593750,2664062500,2628906250,2691406250,2710937500,2609375000,2753906250,2585937500,3871484374,3871484374,10
2025-10-02 14:28:17,5779,pairwise,VerletListsCells,1.000000,vlc_sliced_balanced,none,SoA,disabled,121746093750,7925781250,7910156250,7937500000,7894531250,7988281250,7933593750,7910156250,7937500000,8039062500,19322265624,19322265624,10
2025-10-02 14:28:18,5789,pairwise,VerletListsCells,1.000000,vlc_sliced_balanced,none,SoA,enabled,75402343750,4937500000,4984375000,4894531250,4628906250,4933593750,4800781250,4652343750,4453125000,4531250000,11821874999,11821874999,10
2025-10-02 14:28:18,5799,pairwise,VerletListsCells,1.000000,vlc_sliced_balanced,squared-particles-per-cell,AoS,disabled,21953125000,5207031250,5156250000,5070312500,5136718750,5320312500,4953125000,5144531250,5050781250,5296875000,6828906250,6828906250,10
2025-10-02 14:28:18,5809,pairwise,VerletListsCells,1.000000,vlc_sliced_balanced,squared-particles-per-cell,AoS,enabled,14785156250,2773437500,2921875000,2589843750,2777343750,2722656250,2937500000,2593750000,2828125000,2578125000,3950781249,3950781249,10
2025-10-02 14:28:19,5819,pairwise,VerletListsCells,1.000000,vlc_sliced_balanced,squared-particles-per-cell,SoA,disabled,114101562500,7230468750,7257812500,7050781250,7289062500,6984375000,7109375000,7101562500,7226562500,7121093750,17847265625,17847265625,10
2025-10-02 14:28:19,5829,pairwise,VerletListsCells,1.000000,vlc_sliced_balanced,squared-particles-per-cell,SoA,enabled,72199218750,4687500000,4796875000,4832031250,4785156250,4914062500,4769531250,4664062500,4722656250,4640625000,11501171874,11501171874,10
2025-10-02 14:28:19,5839,pairwise,VerletListsCells,1.000000,vlc_sliced_balanced,neighbor-list-length,AoS,disabled,22105468750,5480468750,5140625000,5308593750,5292968750,5304687500,5285156250,5453125000,5289062500,5296875000,6995703124,6995703124,10
2025-10-02 14:28:20,5849,pairwise,VerletListsCells,1.000000,vlc_sliced_balanced,neighbor-list-length,AoS,enabled,14687500000,2812500000,2898437500,2710937500,2753906250,2609375000,2816406250,2785156250,2746093750,2906250000,3972656249,3972656249,10
2025-10-02 14:28:20,5859,pairwise,VerletListsCells,1.000000,vlc_sliced_balanced,neighbor-list-length,SoA,disabled,114839843750,7460937500,7531250000,7355468750,7558593750,7503906250,7703125000,7308593750,7414062500,7542968750,18221874999,18221874999,10
2025-10-02 14:28:21,5869,pairwise,VerletListsCells,1.000000,vlc_sliced_balanced,neighbor-list-length,SoA,enabled,73359375000,5136718750,4937500000,4820312500,4957031250,4921875000,4804687500,4636718750,4718750000,4648437500,11694140624,11694140624,10
2025-10-02 14:28:21,5879,pairwise,VerletListsCells,1.000000,vlc_sliced_c02,none,AoS,disabled,23609375000,6472656250,6351562500,6683593750,6195312500,6414062500,6332031250,6363281250,6777343750,6457031250,8165624999,8165624999,10
2025-10-02 14:28:21,5889,pairwise,VerletListsCells,1.000000,vlc_sliced_c02,none,AoS,enabled,15562500000,3371093750,3402343750,3433593750,3324218750,3546875000,3492187500,3539062500,3542968750,3316406250,4653124999,4653124999,10
2025-10-02 14:28:22,5899,pairwise,VerletListsCells,1.000000,vlc_sliced_c02,none,SoA,disabled,116152343750,8796875000,8832031250,8617187500,8656250000,8566406250,8539062500,8710937500,8613281250,8664062500,19414843749,19414843749,10
2025-10-02 14:28:22,5909,pairwise,VerletListsCells,1.000000,vlc_sliced_c02,none,SoA,enabled,73832031250,5550781250,5617187500,5582031250,5710937500,5761718750,5554687500,5304687500,5132812500,5367187500,12341406249,12341406249,10
2025-10-02 14:28:23,5919,pairwise,PairwiseVerletLists,1.000000,vlp_c01,none,AoS,disabled,28644531250,4593750000,4414062500,4710937500,4488281250,4722656250,4464843750,4648437500,4523437500,4601562500,6981250000,6981250000,10
2025-10-02 14:28:24,5929,pairwise,PairwiseVerletLists,1.000000,vlp_c01,none,SoA,disabled,212718750000,8589843750,8492187500,8621093750,8433593750,8488281250,8714843750,8628906250,8480468750,8671875000,28983984374,28983984374,10
2025-10-02 14:28:24,5939,pairwise,PairwiseVerletLists,1.000000,vlp_c18,none,AoS,disabled,27367187500,4804687500,4992187500,4894531250,4929687500,4824218750,5109375000,4917968750,5054687500,4847656250,7174218749,7174218749,10
2025-10-02 14:28:24,5949,pairwise,PairwiseVerletLists,1.000000,vlp_c18,none,AoS,enabled,30539062500,3011718750,3058593750,2968750000,2902343750,3007812500,2867187500,3031250000,2972656250,2972656250,5733203124,5733203124,10
2025-10-02 14:28:25,5959,pairwise,PairwiseVerletLists,1.000000,vlp_c18,none,SoA,disabled,274371093750,8070312500,8328125000,8285156250,8121093750,8113281250,8316406250,8316406250,8156250000,8316406250,34839453124,34839453124,10
2025-10-02 14:28:26,5969,pairwise,PairwiseVerletLists,1.000000,vlp_c18,none,SoA,enabled,182027343750,6042968750,6171875000,6031250000,6097656250,6046875000,6101562500,6156250000,6023437500,6125000000,23682421874,23682421874,10
2025-10-02 14:28:26,5979,pairwise,PairwiseVerletLists,1.000000,vlp_sliced,none,AoS,disabled,31074218750,7855468750,7464843750,7472656250,7582031250,7515625000,7445312500,7425781250,7535156250,7914062500,9928515624,9928515624,10
2025-10-02 14:28:27,5989,pairwise,PairwiseVerletLists,1.000000,vlp_sliced,none,AoS,enabled,32773437500,3507812500,3570312500,3566406250,3621093750,3433593750,3796875000,3542968750,3601562500,3640625000,6505468749,6505468749,10
2025-10-02 14:28:28,5999,pairwise,PairwiseVerletLists,1.000000,vlp_sliced,none,SoA,disabled,265828125000,11367187500,10972656250,11375000000,10996093750,11437500000,10847656250,11550781250,10882812500,10914062500,36617187499,36617187499,10
2025-10-02 14:28:29,6009,pairwise,PairwiseVerletLists,1.000000,vlp_sliced,none,SoA,enabled,188070312500,7425781250,7648437500,7371093750,7503906250,7394531250,7449218750,7550781250,7304687500,7492187500,25521093749,25521093749,10
2025-10-02 14:28:29,6019,pairwise,PairwiseVerletLists,1.000000,vlp_sliced_balanced,none,AoS,disabled,30175781250,7644531250,7660156250,7585937500,7621093750,7582031250,7355468750,7468750000,7632812500,7585937500,9831249999,9831249999,10
2025-10-02 14:28:29,6029,pairwise,PairwiseVerletLists,1.000000,vlp_sliced_balanced,none,AoS,enabled,32816406250,3578125000,3539062500,3468750000,3507812500,3554687500,3570312500,3617187500,3609375000,3578125000,6483984374,6483984374,10
2025-10-02 14:28:31,6039,pairwise,PairwiseVerletLists,1.000000,vlp_sliced_balanced,none,SoA,disabled,264296875000,10921875000,11023437500,10859375000,10851562500,10828125000,10859375000,10843750000,10882812500,10695312500,36206249999,36206249999,10
2025-10-02 14:28:32,6049,pairwise,PairwiseVerletLists,1.000000,vlp_sliced_balanced,none,SoA,enabled,186367187500,7429687500,7460937500,7375000000,7320312500,7367187500,7320312500,7234375000,7359375000,7429687500,25266406249,25266406249,10
2025-10-02 14:28:32,6059,pairwise,PairwiseVerletLists,1.000000,vlp_sliced_c02,none,AoS,disabled,31601562500,9398437500,9257812500,9093750000,9539062500,9171875000,9218750000,9101562500,9687500000,9406250000,11547656249,11547656249,10
2025-10-02 14:28:32,6069,pairwise,PairwiseVerletLists,1.000000,vlp_sliced_c02,none,AoS,enabled,33812500000,4476562500,4476562500,4640625000,4476562500,4296875000,4484375000,4421875000,4460937500,4562500000,7410937499,7410937499,10
2025-10-02 14:28:34,6079,pairwise,PairwiseVerletLists,1.000000,vlp_sliced_c02,none,SoA,disabled,267125000000,13843750000,13273437500,13414062500,12984375000,12976562500,13085937500,13062500000,13343750000,12234375000,38534374999,38534374999,10
2025-10-02 14:28:34,6089,pairwise,PairwiseVerletLists,1.000000,vlp_sliced_c02,none,SoA,enabled,188218750000,9070312500,8929687500,8921875000,8578125000,8718750000,8882812500,8718750000,9031250000,8898437500,26796874999,26796874999,10
2025-10-02 14:28:35,6099,pairwise,PairwiseVerletLists,1.000000,vlp_c08,none,AoS,disabled,29046875000,6273437500,6179687500,6250000000,6312500000,6070312500,6171875000,6156250000,6296875000,6109375000,8486718749,8486718749,10
2025-10-02 14:28:35,6109,pairwise,PairwiseVerletLists,1.000000,vlp_c08,none,AoS,enabled,32562500000,3367187500,3375000000,3476562500,3484375000,3679687500,3304687500,3500000000,3476562500,3507812500,6373437499,6373437499,10
2025-10-02 14:28:36,6119,pairwise,PairwiseVerletLists,1.000000,vlp_c08,none,SoA,disabled,262937500000,9031250000,9117187500,9250000000,9140625000,9226562500,9195312500,9281250000,9281250000,9156250000,34561718749,34561718749,10
2025-10-02 14:28:37,6129,pairwise,PairwiseVerletLists,1.000000,vlp_c08,none,SoA,enabled,185671875000,6687500000,6929687500,6679687500,6671875000,6718750000,6742187500,6726562500,6718750000,6859375000,24640624999,24640624999,10
2025-10-02 14:30:24,10009,pairwise,LinkedCells,1.000000,lc_c01,none,AoS,disabled,10320312500,11265625000,11710937500,11164062500,11117187500,10804687500,11210937500,11828125000,11203125000,12406250000,11303124999,11303124999,10
2025-10-02 14:30:24,10019,pairwise,LinkedCells,1.000000,lc_c01,none,SoA,disabled,5851562500,5390625000,5421875000,5617187500,5921875000,5992187500,6179687500,5953125000,5968750000,5546875000,5784374999,5784374999,10
2025-10-02 14:30:24,10029,pairwise,LinkedCells,1.000000,lc_c01_combined_SoA,none,SoA,disabled,4632812500,4796875000,4632812500,5000000000,4937500000,5117187500,5054687500,5273437500,5125000000,5312500000,4988281249,4988281249,10
2025-10-02 14:30:24,10039,pairwise,LinkedCells,1.000000,lc_c04,none,AoS,disabled,7867187500,7609375000,7742187500,7960937500,6976562500,7312500000,7484375000,7687500000,7812500000,7726562500,7617968749,7617968749,10
2025-10-02 14:30:24,10049,pairwise,LinkedCells,1.000000,lc_c04,none,AoS,enabled,5031250000,5539062500,5195312500,5710937500,5703125000,5359375000,5382812500,4968750000,5007812500,5031250000,5292968749,5292968749,10
2025-10-02 14:30:24,10059,pairwise,LinkedCells,1.000000,lc_c04,none,SoA,disabled,5515625000,5085937500,5968750000,4867187500,5671875000,5554687500,5296875000,5359375000,5335937500,5210937500,5386718749,5386718749,10
2025-10-02 14:30:25,10069,pairwise,LinkedCells,1.000000,lc_c04,none,SoA,enabled,3398437500,3703125000,3421875000,3054687500,3734375000,3460937500,3484375000,3382812500,3554687500,3367187500,3456249999,3456249999,10
2025-10-02 14:30:25,10079,pairwise,LinkedCells,1.000000,lc_c04_HCP,none,AoS,disabled,7046875000,6640625000,6609375000,6921875000,6695312500,6265625000,7093750000,6507812500,6718750000,6445312500,6694531249,6694531249,10
2025-10-02 14:30:25,10089,pairwise,LinkedCells,1.000000,lc_c04_HCP,none,AoS,enabled,4867187500,4898437500,5226562500,5023437500,5046875000,5375000000,5101562500,5429687500,5070312500,4656250000,5069531249,5069531249,10
2025-10-02 14:30:25,10099,pairwise,LinkedCells,1.000000,lc_c04_HCP,none,SoA,disabled,5781250000,5453125000,5554687500,5593750000,5421875000,5906250000,5101562500,5617187500,5210937500,5570312500,5521093750,5521093750,10
2025-10-02 14:30:25,10109,pairwise,LinkedCells,1.000000,lc_c04_HCP,none,SoA,enabled,3914062500,4156250000,4039062500,4187500000,3664062500,4273437500,3593750000,3929687500,3929687500,3703125000,3939062499,3939062499,10
2025-10-02 14:30:25,10119,pairwise,LinkedCells,1.000000,lc_c04_combined_SoA,none,SoA,disabled,6656250000,6601562500,6539062500,6578125000,6703125000,5976562500,6492187500,6406250000,6289062500,6382812500,6462499999,6462499999,10
2025-10-02 14:30:25,10129,pairwise,LinkedCells,1.000000,lc_c04_combined_SoA,none,SoA,enabled,5140625000,5343750000,4742187500,4804687500,4765625000,4710937500,4820312500,4421875000,4453125000,4781250000,4798437499,4798437499,10
2025-10-02 14:30:26,10139,pairwise,LinkedCells,1.000000,lc_c08,none,AoS,disabled,7203125000,6828125000,6718750000,7156250000,6906250000,6757812500,6851562500,6531250000,6875000000,6757812500,6858593750,6858593750,10
2025-10-02 14:30:26,10149,pairwise,LinkedCells,1.000000,lc_c08,none,AoS,enabled,5382812500,4882812500,5195312500,5460937500,4898437500,5039062500,5367187500,5140625000,4992187500,5429687500,5178906250,5178906250,10
2025-10-02 14:30:26,10159,pairwise,LinkedCells,1.000000,lc_c08,none,SoA,disabled,6031250000,6257812500,6210937500,5968750000,5820312500,6218750000,6273437500,5796875000,6476562500,6257812500,6131249999,6131249999,10
2025-10-02 14:30:26,10169,pairwise,LinkedCells,1.000000,lc_c08,none,SoA,enabled,4695312500,4515625000,4617187500,4875000000,4507812500,4117187500,4210937500,4570312500,4648437500,4546875000,4530468749,4530468749,10
2025-10-02 14:30:26,10179,pairwise,LinkedCells,1.000000,lc_c18,none,AoS,disabled,6890625000,7257812500,6992187500,7085937500,6882812500,7375000000,6664062500,6601562500,7390625000,7000000000,7014062499,7014062499,10
2025-10-02 14:30:26,10189,pairwise,LinkedCells,1.000000,lc_c18,none,AoS,enabled,5171875000,5468750000,5351562500,5328125000,5289062500,5398437500,5218750000,4984375000,5132812500,5093750000,5243749999,5243749999,10
2025-10-02 14:30:27,10199,pairwise,LinkedCells,1.000000,lc_c18,none,SoA,disabled,5953125000,5765625000,5921875000,5820312500,5757812500,6335937500,5921875000,5859375000,5757812500,5679687500,5877343749,5877343749,10
2025-10-02 14:30:27,10209,pairwise,LinkedCells,1.000000,lc_c18,none,SoA,enabled,3875000000,4234375000,3835937500,3937500000,3570312500,3742187500,3664062500,3718750000,3671875000,3750000000,3799999999,3799999999,10
2025-10-02 14:30:27,10219,pairwise,LinkedCells,1.000000,lc_sliced,none,AoS,disabled,7617187500,7273437500,7304687500,7343750000,7320312500,7226562500,7406250000,7429687500,7562500000,7562500000,7404687499,7404687499,10
2025-10-02 14:30:27,10229,pairwise,LinkedCells,1.000000,lc_sliced,none,AoS,enabled,5148437500,5320312500,5398437500,5117187500,5304687500,5273437500,5343750000,5414062500,5156250000,5406250000,5288281249,5288281249,10
2025-10-02 14:30:27,10239,pairwise,LinkedCells,1.000000,lc_sliced,none,SoA,disabled,5085937500,5148437500,5398437500,5203125000,5320312500,5281250000,5390625000,5343750000,5046875000,5062500000,5228124999,5228124999,10
2025-10-02 14:30:27,10249,pairwise,LinkedCells,1.000000,lc_sliced,none,SoA,enabled,3281250000,3257812500,3226562500,3312500000,3343750000,3328125000,3179687500,3210937500,3140625000,2976562500,3225781249,3225781249,10
2025-10-02 14:30:28,10259,pairwise,LinkedCells,1.000000,lc_sliced_balanced,none,AoS,disabled,7328125000,7554687500,7390625000,7421875000,7578125000,7359375000,7492187500,7546875000,7281250000,7515625000,7446874999,7446874999,10
2025-10-02 14:30:28,10269,pairwise,LinkedCells,1.000000,lc_sliced_balanced,none,AoS,enabled,5273437500,5468750000,5312500000,5312500000,5531250000,5320312500,5312500000,5453125000,5296875000,5367187500,5364843750,5364843750,10
2025-10-02 14:30:28,10279,pairwise,LinkedCells,1.000000,lc_sliced_balanced,none,SoA,disabled,5328125000,5296875000,5210937500,5140625000,5125000000,5460937500,5296875000,5312500000,5343750000,5335937500,5285156249,5285156249,10
2025-10-02 14:30:28,10289,pairwise,LinkedCells,1.000000,lc_sliced_balanced,none,SoA,enabled,3359375000,3328125000,3289062500,3257812500,3304687500,3320312500,3351562500,3132812500,3187500000,3328125000,3285937499,3285937499,10
2025-10-02 14:30:28,10299,pairwise,LinkedCells,1.000000,lc_sliced_balanced,squared-particles-per-cell,AoS,disabled,7515625000,7632812500,7429687500,7492187500,7656250000,7335937500,7695312500,7703125000,7539062500,7554687500,7555468749,7555468749,10
2025-10-02 14:30:29,10309,pairwise,LinkedCells,1.000000,lc_sliced_balanced,squared-particles-per-cell,AoS,enabled,5648437500,5476562500,5343750000,5554687500,5398437500,5476562500,5453125000,5320312500,5593750000,5265625000,5453124999,5453124999,10
2025-10-02 14:30:29,10319,pairwise,LinkedCells,1.000000,lc_sliced_balanced,squared-particles-per-cell,SoA,disabled,5968750000,5257812500,5398437500,5312500000,5406250000,5093750000,5320312500,5351562500,5281250000,5273437500,5366406249,5366406249,10
2025-10-02 14:30:29,10329,pairwise,LinkedCells,1.000000,lc_sliced_balanced,squared-particles-per-cell,SoA,enabled,3664062500,3609375000,3585937500,3460937500,3382812500,3367187500,3476562500,3312500000,3359375000,3640625000,3485937499,3485937499,10
2025-10-02 14:30:29,10339,pairwise,LinkedCells,1.000000,lc_sliced_c02,none,AoS,disabled,7601562500,7578125000,7531250000,7492187500,7640625000,7437500000,7484375000,7281250000,7437500000,7484375000,7496874999,7496874999,10
2025-10-02 14:30:29,10349,pairwise,LinkedCells,1.000000,lc_sliced_c02,none,AoS,enabled,5226562500,5500000000,5304687500,5250000000,5460937500,5492187500,5257812500,5406250000,5421875000,5437500000,5375781249,5375781249,10
2025-10-02 14:30:29,10359,pairwise,LinkedCells,1.000000,lc_sliced_c02,none,SoA,disabled,5812500000,5296875000,5265625000,5296875000,5164062500,5210937500,5257812500,5195312500,5320312500,5171875000,5299218750,5299218750,10
2025-10-02 14:30:30,10369,pairwise,LinkedCells,1.000000,lc_sliced_c02,none,SoA,enabled,3203125000,3296875000,3046875000,3367187500,3273437500,3031250000,3117187500,3281250000,3164062500,3140625000,3192187499,3192187499,10
2025-10-02 14:30:30,10379,pairwise,VerletClusterLists,1.000000,vcl_c01_balanced,none,AoS,disabled,47726562500,11296875000,11234375000,11546875000,11398437500,11171875000,11273437500,11531250000,11375000000,11375000000,14992968749,14992968749,10
2025-10-02 14:30:30,10389,pairwise,VerletClusterLists,1.000000,vcl_c01_balanced,none,SoA,disabled,33867187500,4351562500,4203125000,4140625000,4132812500,4125000000,4171875000,4039062500,4359375000,4132812500,7152343749,7152343749,10
2025-10-02 14:30:31,10399,pairwise,VerletClusterLists,1.000000,vcl_c06,none,AoS,disabled,44062500000,14164062500,14468750000,14523437500,14539062500,14093750000,14601562500,14351562500,14320312500,14367187500,17349218749,17349218749,10
2025-10-02 14:30:31,10409,pairwise,VerletClusterLists,1.000000,vcl_c06,none,AoS,enabled,24195312500,7148437500,7257812500,7390625000,7218750000,7273437500,7398437500,7195312500,7281250000,7328125000,8968749999,8968749999,10
2025-10-02 14:30:31,10419,pairwise,VerletClusterLists,1.000000,vcl_c06,none,SoA,disabled,35046875000,5640625000,5226562500,5242187500,5226562500,5101562500,5437500000,5289062500,5132812500,5585937500,8292968750,8292968750,10
2025-10-02 14:30:32,10429,pairwise,VerletClusterLists,1.000000,vcl_c06,none,SoA,enabled,19695312500,2968750000,2992187500,3078125000,2898437500,2984375000,2789062500,2968750000,2781250000,2914062500,4607031249,4607031249,10
2025-10-02 14:30:32,10439,pairwise,VerletClusterLists,1.000000,vcl_sliced,none,AoS,disabled,49398437500,19359375000,22671875000,19976562500,21289062500,21343750000,20218750000,21273437500,21015625000,22523437500,23907031249,23907031249,10
2025-10-02 14:30:33,10449,pairwise,VerletClusterLists,1.000000,vcl_sliced,none,AoS,enabled,26773437500,10109375000,10031250000,11250000000,11148437500,11132812500,11132812500,11664062500,10828125000,11164062500,12523437499,12523437499,10
2025-10-02 14:30:33,10459,pairwise,VerletClusterLists,1.000000,vcl_sliced,none,SoA,disabled,36351562500,6703125000,6414062500,6703125000,6867187500,6906250000,6593750000,5984375000,6609375000,6625000000,9575781249,9575781249,10
2025-10-02 14:30:33,10469,pairwise,VerletClusterLists,1.000000,vcl_sliced,none,SoA,enabled,20531250000,3664062500,3414062500,3656250000,3968750000,3523437500,3257812500,3929687500,3625000000,3765625000,5333593749,5333593749,10
2025-10-02 14:30:34,10479,pairwise,VerletClusterLists,1.000000,vcl_sliced_balanced,none,AoS,disabled,50968750000,21468750000,21335937500,21257812500,21187500000,21218750000,21414062500,21273437500,21476562500,21210937500,24281249999,24281249999,10
2025-10-02 14:30:35,10489,pairwise,VerletClusterLists,1.000000,vcl_sliced_balanced,none,AoS,enabled,27867187500,11140625000,11046875000,10921875000,11132812500,10992187500,11054687500,11109375000,11039062500,11085937500,12739062499,12739062499,10
2025-10-02 14:30:35,10499,pairwise,VerletClusterLists,1.000000,vcl_sliced_balanced,none,SoA,disabled,36289062500,6546875000,6593750000,6562500000,6523437500,6531250000,6671875000,6679687500,6695312500,6546875000,9564062499,9564062499,10
2025-10-02 14:30:35,10509,pairwise,VerletClusterLists,1.000000,vcl_sliced_balanced,none,SoA,enabled,20429687500,3789062500,3835937500,3656250000,3742187500,3687500000,3789062500,3703125000,3664062500,3617187500,5391406249,5391406249,10
2025-10-02 14:30:36,10519,pairwise,VerletClusterLists,1.000000,vcl_sliced_balanced,neighbor-list-length,AoS,disabled,56367187500,21500000000,21312500000,21351562500,21367187500,21250000000,21414062500,21359375000,21242187500,21273437500,24843749999,24843749999,10
2025-10-02 14:30:36,10529,pairwise,VerletClusterLists,1.000000,vcl_sliced_balanced,neighbor-list-length,AoS,enabled,27679687500,11070312500,10820312500,10953125000,11125000000,11093750000,10984375000,10992187500,11109375000,11062500000,12689062500,12689062500,10
2025-10-02 14:30:37,10539,pairwise,VerletClusterLists,1.000000,vcl_sliced_balanced,neighbor-list-length,SoA,disabled,36453125000,6781250000,6734375000,6617187500,6757812500,6695312500,6726562500,6734375000,6539062500,6726562500,9676562499,9676562499,10
2025-10-02 14:30:37,10549,pairwise,VerletClusterLists,1.000000,vcl_sliced_balanced,neighbor-list-length,SoA,enabled,20523437500,3484375000,3593750000,3804687500,3828125000,3640625000,4328125000,3773437500,3640625000,3546875000,5416406249,5416406249,10
2025-10-02 14:30:38,10559,pairwise,VerletClusterLists,1.000000,vcl_sliced_c02,none,AoS,disabled,60132812500,24554687500,26617187500,26656250000,24625000000,26585937500,24414062500,27273437500,27929687500,24484375000,29327343749,29327343749,10
2025-10-02 14:30:39,10569,pairwise,VerletClusterLists,1.000000,vcl_sliced_c02,none,AoS,enabled,31468750000,13929687500,15164062500,13312500000,13218750000,14023437500,13171875000,14453125000,14710937500,14132812500,15758593749,15758593749,10
2025-10-02 14:30:39,10579,pairwise,VerletClusterLists,1.000000,vcl_sliced_c02,none,SoA,disabled,37367187500,7718750000,7695312500,8421875000,8539062500,7804687500,8835937500,7515625000,7789062500,7570312500,10925781249,10925781249,10
2025-10-02 14:30:39,10589,pairwise,VerletClusterLists,1.000000,vcl_sliced_c02,none,SoA,enabled,22148437500,4585937500,4289062500,4695312500,5015625000,4835937500,5250000000,4539062500,4812500000,5015625000,6518749999,6518749999,10
2025-10-02 14:30:39,10599,pairwise,VerletLists,1.000000,vl_list_iteration,none,AoS,disabled,24070312500,5531250000,5671875000,5460937500,5539062500,5695312500,5632812500,5648437500,5390625000,5539062500,7417968749,7417968749,10
2025-10-02 14:30:40,10609,pairwise,VerletLists,1.000000,vl_list_iteration,none,SoA,disabled,73945312500,4453125000,4367187500,4414062500,4265625000,4195312500,4375000000,4093750000,4242187500,4367187500,11271874999,11271874999,10
2025-10-02 14:30:40,10619,pairwise,VerletListsCells,1.000000,vlc_c01,none,AoS,disabled,25648437500,3648437500,3554687500,3742187500,3601562500,3726562500,3789062500,3679687500,3718750000,3765625000,5887499999,5887499999,10
2025-10-02 14:30:41,10629,pairwise,VerletListsCells,1.000000,vlc_c01,none,SoA,disabled,77632812500,4851562500,4773437500,4515625000,4421875000,4570312500,4531250000,4414062500,4664062500,4664062500,11903906249,11903906249,10
2025-10-02 14:30:41,10639,pairwise,VerletListsCells,1.000000,vlc_c18,none,AoS,disabled,20765625000,3835937500,3695312500,3632812500,3671875000,3617187500,3679687500,3609375000,3625000000,3640625000,5377343749,5377343749,10
2025-10-02 14:30:41,10649,pairwise,VerletListsCells,1.000000,vlc_c18,none,AoS,enabled,13976562500,2125000000,2085937500,2054687500,2335937500,2046875000,2156250000,2179687500,2031250000,2257812500,3324999999,3324999999,10
2025-10-02 14:30:41,10659,pairwise,VerletListsCells,1.000000,vlc_c18,none,SoA,disabled,117242187500,6062500000,6093750000,6007812500,6039062500,5914062500,5914062500,5875000000,5757812500,5914062500,17082031250,17082031250,10
2025-10-02 14:30:42,10669,pairwise,VerletListsCells,1.000000,vlc_c18,none,SoA,enabled,71437500000,4523437500,4609375000,4695312500,4593750000,4695312500,4570312500,4382812500,4289062500,4406250000,11220312499,11220312499,10
2025-10-02 14:30:42,10679,pairwise,VerletListsCells,1.000000,vlc_c08,none,AoS,disabled,18718750000,3617187500,3781250000,3617187500,3617187500,3789062500,3546875000,3625000000,3593750000,3773437500,5167968749,5167968749,10
2025-10-02 14:30:42,10689,pairwise,VerletListsCells,1.000000,vlc_c08,none,AoS,enabled,15398437500,2343750000,2421875000,2265625000,2343750000,2593750000,2179687500,2492187500,2414062500,2343750000,3679687499,3679687499,10
2025-10-02 14:30:43,10699,pairwise,VerletListsCells,1.000000,vlc_c08,none,SoA,disabled,107515625000,5671875000,5664062500,5640625000,5835937500,5531250000,5585937500,5562500000,5695312500,5695312500,15839843749,15839843749,10
2025-10-02 14:30:43,10709,pairwise,VerletListsCells,1.000000,vlc_c08,none,SoA,enabled,79828125000,4875000000,4859375000,5046875000,4812500000,4835937500,5031250000,4859375000,4992187500,4898437500,12403906249,12403906249,10
2025-10-02 14:30:43,10719,pairwise,VerletListsCells,1.000000,vlc_sliced,none,AoS,disabled,23554687500,6046875000,6101562500,6187500000,6171875000,6203125000,6320312500,6328125000,6164062500,6242187500,7932031249,7932031249,10
2025-10-02 14:30:44,10729,pairwise,VerletListsCells,1.000000,vlc_sliced,none,AoS,enabled,15398437500,2906250000,2984375000,3023437500,2812500000,2757812500,2898437500,2859375000,2929687500,2820312500,4139062499,4139062499,10
2025-10-02 14:30:44,10739,pairwise,VerletListsCells,1.000000,vlc_sliced,none,SoA,disabled,125054687500,7921875000,7992187500,8031250000,8039062500,7914062500,7742187500,7906250000,7828125000,7968750000,19639843749,19639843749,10
2025-10-02 14:30:45,10749,pairwise,VerletListsCells,1.000000,vlc_sliced,none,SoA,enabled,70468750000,4992187500,4953125000,5070312500,4867187500,5210937500,4960937500,4781250000,4742187500,4781250000,11482812499,11482812499,10
2025-10-02 14:30:45,10759,pairwise,VerletListsCells,1.000000,vlc_sliced_balanced,none,AoS,disabled,22578125000,5640625000,5820312500,5812500000,5843750000,5796875000,5875000000,5687500000,5781250000,5703125000,7453906250,7453906250,10
2025-10-02 14:30:45,10769,pairwise,VerletListsCells,1.000000,vlc_sliced_balanced,none,AoS,enabled,14929687500,2867187500,2875000000,2843750000,2851562500,2968750000,2984375000,2929687500,2898437500,2945312500,4109374999,4109374999,10
2025-10-02 14:30:46,10779,pairwise,VerletListsCells,1.000000,vlc_sliced_balanced,none,SoA,disabled,121015625000,8195312500,8234375000,8218750000,8140625000,8242187500,8226562500,8210937500,8031250000,8031250000,19454687499,19454687499,10
2025-10-02 14:30:46,10789,pairwise,VerletListsCells,1.000000,vlc_sliced_balanced,none,SoA,enabled,75132812500,5023437500,5046875000,5031250000,5054687500,5132812500,4890625000,4781250000,4632812500,4609375000,11933593749,11933593749,10
2025-10-02 14:30:46,10799,pairwise,VerletListsCells,1.000000,vlc_sliced_balanced,squared-particles-per-cell,AoS,disabled,22000000000,5468750000,5328125000,5484375000,5398437500,5546875000,5460937500,5703125000,5375000000,5609375000,7137499999,7137499999,10
2025-10-02 14:30:47,10809,pairwise,VerletListsCells,1.000000,vlc_sliced_balanced,squared-particles-per-cell,AoS,enabled,14890625000,3015625000,2914062500,3062500000,2906250000,3054687500,3078125000,2906250000,3015625000,2875000000,4171874999,4171874999,10
2025-10-02 14:30:47,10819,pairwise,VerletListsCells,1.000000,vlc_sliced_balanced,squared-particles-per-cell,SoA,disabled,113648437500,7343750000,7570312500,7531250000,7406250000,7343750000,7445312500,7492187500,7515625000,7453125000,18074999999,18074999999,10
2025-10-02 14:30:48,10829,pairwise,VerletListsCells,1.000000,vlc_sliced_balanced,squared-particles-per-cell,SoA,enabled,74250000000,4882812500,5203125000,4867187500,5101562500,5164062500,5023437500,4796875000,4796875000,4750000000,11883593749,11883593749,10
2025-10-02 14:30:48,10839,pairwise,VerletListsCells,1.000000,vlc_sliced_balanced,neighbor-list-length,AoS,disabled,22531250000,5789062500,5726562500,5750000000,5546875000,5710937500,5546875000,5617187500,5593750000,5570312500,7338281249,7338281249,10
2025-10-02 14:30:48,10849,pairwise,VerletListsCells,1.000000,vlc_sliced_balanced,neighbor-list-length,AoS,enabled,14953125000,2906250000,3039062500,2835937500,3093750000,2953125000,2921875000,2921875000,3015625000,2953125000,4159374999,4159374999,10
2025-10-02 14:30:49,10859,pairwise,VerletListsCells,1.000000,vlc_sliced_balanced,neighbor-list-length,SoA,disabled,114000000000,7804687500,7812500000,7984375000,7632812500,7828125000,7914062500,7867187500,8007812500,7914062500,18476562499,18476562499,10
2025-10-02 14:30:49,10869,pairwise,VerletListsCells,1.000000,vlc_sliced_balanced,neighbor-list-length,SoA,enabled,74656250000,4984375000,5070312500,5226562500,5296875000,5093750000,5171875000,4750000000,4843750000,4859375000,11995312499,11995312499,10
2025-10-02 14:30:50,10879,pairwise,VerletListsCells,1.000000,vlc_sliced_c02,none,AoS,disabled,23382812500,6351562500,6820312500,6671875000,7210937500,6609375000,6460937500,6546875000,6593750000,6742187500,8339062499,8339062499,10
2025-10-02 14:30:50,10889,pairwise,VerletListsCells,1.000000,vlc_sliced_c02,none,AoS,enabled,15445312500,3828125000,3835937500,3554687500,3843750000,3781250000,3664062500,3703125000,3710937500,3750000000,4911718749,4911718749,10
2025-10-02 14:30:50,10899,pairwise,VerletListsCells,1.000000,vlc_sliced_c02,none,SoA,disabled,114664062500,9085937500,8773437500,8945312500,8796875000,8765625000,9031250000,8812500000,8882812500,8835937500,19459374999,19459374999,10
2025-10-02 14:30:51,10909,pairwise,VerletListsCells,1.000000,vlc_sliced_c02,none,SoA,enabled,75789062500,5734375000,5656250000,5531250000,5781250000,5734375000,5820312500,5445312500,5382812500,5500000000,12637499999,12637499999,10
2025-10-02 14:30:51,10919,pairwise,PairwiseVerletLists,1.000000,vlp_c01,none,AoS,disabled,27617187500,4460937500,4414062500,4390625000,4437500000,4484375000,4640625000,4445312500,4414062500,4765625000,6807031249,6807031249,10
2025-10-02 14:30:52,10929,pairwise,PairwiseVerletLists,1.000000,vlp_c01,none,SoA,disabled,203023437500,8406250000,8367187500,8453125000,8492187500,8421875000,8203125000,8421875000,8476562500,8273437500,27853906250,27853906250,10
2025-10-02 14:30:52,10939,pairwise,PairwiseVerletLists,1.000000,vlp_c18,none,AoS,disabled,26968750000,4710937500,4835937500,4796875000,5070312500,4859375000,4687500000,4953125000,4835937500,4960937500,7067968749,7067968749,10
2025-10-02 14:30:53,10949,pairwise,PairwiseVerletLists,1.000000,vlp_c18,none,AoS,enabled,28796875000,2992187500,2960937500,2890625000,2953125000,2843750000,2835937500,2914062500,3015625000,3070312500,5527343749,5527343749,10
2025-10-02 14:30:54,10959,pairwise,PairwiseVerletLists,1.000000,vlp_c18,none,SoA,disabled,264210937500,8132812500,8093750000,8031250000,7906250000,8226562500,7984375000,8132812500,8101562500,8039062500,33685937499,33685937499,10
2025-10-02 14:30:55,10969,pairwise,PairwiseVerletLists,1.000000,vlp_c18,none,SoA,enabled,177960937500,6039062500,5976562500,6023437500,5992187500,6062500000,6062500000,6125000000,6203125000,6062500000,23250781249,23250781249,10
2025-10-02 14:30:55,10979,pairwise,PairwiseVerletLists,1.000000,vlp_sliced,none,AoS,disabled,30156250000,8148437500,8125000000,8125000000,7968750000,7984375000,8000000000,8039062500,8390625000,7992187500,10292968750,10292968750,10
2025-10-02 14:30:55,10989,pairwise,PairwiseVerletLists,1.000000,vlp_sliced,none,AoS,enabled,32765625000,3984375000,3828125000,3804687500,3984375000,3703125000,3812500000,3828125000,3835937500,3687500000,6723437499,6723437499,10
2025-10-02 14:30:56,10999,pairwise,PairwiseVerletLists,1.000000,vlp_sliced,none,SoA,disabled,256343750000,11273437500,11757812500,11531250000,11312500000,11554687500,11640625000,11390625000,11218750000,11445312500,35946874999,35946874999,10
2025-10-02 14:30:57,11009,pairwise,PairwiseVerletLists,1.000000,vlp_sliced,none,SoA,enabled,181179687500,7617187500,7726562500,7703125000,7695312500,7625000000,7804687500,7617187500,7937500000,7773437500,25067968749,25067968749,10
2025-10-02 14:30:58,11019,pairwise,PairwiseVerletLists,1.000000,vlp_sliced_balanced,none,AoS,disabled,30523437500,8382812500,8156250000,8187500000,8328125000,8328125000,8234375000,8164062500,8289062500,8117187500,10471093749,10471093749,10
2025-10-02 14:30:58,11029,pairwise,PairwiseVerletLists,1.000000,vlp_sliced_balanced,none,AoS,enabled,32968750000,4156250000,3859375000,3804687500,3867187500,3820312500,3820312500,3867187500,3812500000,3867187500,6784375000,6784375000,10
2025-10-02 14:30:59,11039,pairwise,PairwiseVerletLists,1.000000,vlp_sliced_balanced,none,SoA,disabled,256257812500,11335937500,11515625000,11359375000,11218750000,11289062500,11351562500,11546875000,11468750000,11429687500,35877343750,35877343750,10
2025-10-02 14:31:00,11049,pairwise,PairwiseVerletLists,1.000000,vlp_sliced_balanced,none,SoA,enabled,181656250000,7804687500,7656250000,7835937500,7656250000,7781250000,7773437500,7687500000,7773437500,7664062500,25128906249,25128906249,10
2025-10-02 14:31:00,11059,pairwise,PairwiseVerletLists,1.000000,vlp_sliced_c02,none,AoS,disabled,32523437500,9437500000,10273437500,10375000000,9578125000,9593750000,10234375000,10218750000,10335937500,9492187500,12206249999,12206249999,10
2025-10-02 14:31:01,11069,pairwise,PairwiseVerletLists,1.000000,vlp_sliced_c02,none,AoS,enabled,33976562500,4773437500,4750000000,4773437500,4703125000,4570312500,4593750000,4742187500,4750000000,4531250000,7616406250,7616406250,10
2025-10-02 14:31:02,11079,pairwise,PairwiseVerletLists,1.000000,vlp_sliced_c02,none,SoA,disabled,259023437500,14078125000,13109375000,12546875000,13367187500,13640625000,13023437500,13062500000,13101562500,13007812500,37796093749,37796093749,10
2025-10-02 14:31:03,11089,pairwise,PairwiseVerletLists,1.000000,vlp_sliced_c02,none,SoA,enabled,182585937500,9093750000,9242187500,9062500000,8851562500,9359375000,8953125000,9289062500,8773437500,9117187500,26432812499,26432812499,10
2025-10-02 14:31:03,11099,pairwise,PairwiseVerletLists,1.000000,vlp_c08,none,AoS,disabled,28585937500,6164062500,6085937500,6265625000,6140625000,6289062500,6039062500,6156250000,6132812500,6320312500,8417968749,8417968749,10
2025-10-02 14:31:04,11109,pairwise,PairwiseVerletLists,1.000000,vlp_c08,none,AoS,enabled,32593750000,3328125000,3296875000,3500000000,3429687500,3414062500,3460937500,3328125000,3492187500,3250000000,6309374999,6309374999,10
2025-10-02 14:31:05,11119,pairwise,PairwiseVerletLists,1.000000,vlp_c08,none,SoA,disabled,253890625000,9187500000,9164062500,9062500000,9039062500,8984375000,8992187500,9085937500,9140625000,8929687500,33547656249,33547656249,10
2025-10-02 14:31:06,11129,pairwise,PairwiseVerletLists,1.000000,vlp_c08,none,SoA,enabled,180460937500,6703125000,6687500000,6625000000,6648437500,6703125000,6625000000,6781250000,6632812500,6640625000,24050781250,24050781250,10
2025-10-02 14:32:56,15009,pairwise,LinkedCells,1.000000,lc_c01,none,AoS,disabled,9859375000,11296875000,11765625000,11328125000,11359375000,10906250000,11406250000,11375000000,11312500000,11250000000,11185937499,11185937499,10
2025-10-02 14:32:56,15019,pairwise,LinkedCells,1.000000,lc_c01,none,SoA,disabled,5484375000,5406250000,5328125000,6265625000,5859375000,6031250000,6015625000,5625000000,5500000000,5671875000,5718749999,5718749999,10
2025-10-02 14:32:56,15029,pairwise,LinkedCells,1.000000,lc_c01_combined_SoA,none,SoA,disabled,4687500000,5093750000,4828125000,4875000000,4671875000,5203125000,5140625000,5187500000,5093750000,5265625000,5004687499,5004687499,10
2025-10-02 14:32:56,15039,pairwise,LinkedCells,1.000000,lc_c04,none,AoS,disabled,7875000000,8218750000,7890625000,6953125000,7515625000,7750000000,7656250000,7531250000,7328125000,7375000000,7609374999,7609374999,10
2025-10-02 14:32:57,15049,pairwise,LinkedCells,1.000000,lc_c04,none,AoS,enabled,5453125000,6343750000,5578125000,5234375000,5156250000,5171875000,4984375000,5203125000,5000000000,5359375000,5348437499,5348437499,10
2025-10-02 14:32:57,15059,pairwise,LinkedCells,1.000000,lc_c04,none,SoA,disabled,5171875000,6078125000,5656250000,5171875000,5609375000,5468750000,5031250000,5343750000,5515625000,5109375000,5415624999,5415624999,10
2025-10-02 14:32:57,15069,pairwise,LinkedCells,1.000000,lc_c04,none,SoA,enabled,3734375000,3562500000,3234375000,3328125000,3500000000,3234375000,3796875000,3656250000,3468750000,3578125000,3509375000,3509375000,10
2025-10-02 14:32:57,15079,pairwise,LinkedCells,1.000000,lc_c04_HCP,none,AoS,disabled,6640625000,6640625000,7125000000,6671875000,6843750000,6421875000,6796875000,6312500000,6734375000,7093750000,6728124999,6728124999,10
2025-10-02 14:32:57,15089,pairwise,LinkedCells,1.000000,lc_c04_HCP,none,AoS,enabled,5218750000,5031250000,4984375000,4953125000,5390625000,4968750000,4828125000,5625000000,5109375000,5375000000,5148437500,5148437500,10
2025-10-02 14:32:57,15099,pairwise,LinkedCells,1.000000,lc_c04_HCP,none,SoA,disabled,5687500000,5468750000,5671875000,5156250000,4890625000,5734375000,5546875000,5578125000,5781250000,5656250000,5517187499,5517187499,10
2025-10-02 14:32:57,15109,pairwise,LinkedCells,1.000000,lc_c04_HCP,none,SoA,enabled,4125000000,3890625000,3718750000,3500000000,3218750000,4312500000,3625000000,3890625000,3828125000,3656250000,3776562499,3776562499,10
2025-10-02 14:32:58,15119,pairwise,LinkedCells,1.000000,lc_c04_combined_SoA,none,SoA,disabled,6375000000,6687500000,6390625000,6000000000,6937500000,6531250000,6484375000,6546875000,6640625000,6296875000,6489062499,6489062499,10
2025-10-02 14:32:58,15129,pairwise,LinkedCells,1.000000,lc_c04_combined_SoA,none,SoA,enabled,4687500000,4546875000,5046875000,4750000000,4578125000,4250000000,4812500000,4687500000,4687500000,4546875000,4659375000,4659375000,10
2025-10-02 14:32:58,15139,pairwise,LinkedCells,1.000000,lc_c08,none,AoS,disabled,6921875000,7062500000,7062500000,6875000000,6781250000,6859375000,6953125000,6671875000,6546875000,7000000000,6873437499,6873437499,10
2025-10-02 14:32:58,15149,pairwise,LinkedCells,1.000000,lc_c08,none,AoS,enabled,5171875000,5406250000,4781250000,4968750000,5281250000,4984375000,4890625000,4984375000,5265625000,5265625000,5099999999,5099999999,10
2025-10-02 14:32:58,15159,pairwise,LinkedCells,1.000000,lc_c08,none,SoA,disabled,6171875000,5640625000,6218750000,6296875000,6375000000,5843750000,6234375000,6203125000,5765625000,6250000000,6099999999,6099999999,10
2025-10-02 14:32:58,15169,pairwise,LinkedCells,1.000000,lc_c08,none,SoA,enabled,4843750000,4718750000,4234375000,4234375000,4562500000,5031250000,4750000000,4640625000,4421875000,4609375000,4604687500,4604687500,10
2025-10-02 14:32:58,15179,pairwise,LinkedCells,1.000000,lc_c18,none,AoS,disabled,7031250000,6734375000,7125000000,7359375000,6625000000,6671875000,7312500000,7046875000,7187500000,6890625000,6998437499,6998437499,10
2025-10-02 14:32:59,15189,pairwise,LinkedCells,1.000000,lc_c18,none,AoS,enabled,5140625000,5203125000,5578125000,5078125000,5250000000,5343750000,5281250000,5140625000,5390625000,5359375000,5276562499,5276562499,10
2025-10-02 14:32:59,15199,pairwise,LinkedCells,1.000000,lc_c18,none,SoA,disabled,5640625000,6046875000,6312500000,6406250000,6140625000,5593750000,5281250000,5640625000,5453125000,5468750000,5798437499,5798437499,10
2025-10-02 14:32:59,15209,pairwise,LinkedCells,1.000000,lc_c18,none,SoA,enabled,3906250000,3546875000,3562500000,3437500000,3484375000,3578125000,3609375000,3750000000,3718750000,3750000000,3634374999,3634374999,10
2025-10-02 14:32:59,15219,pairwise,LinkedCells,1.000000,lc_sliced,none,AoS,disabled,7218750000,7343750000,7140625000,7000000000,7234375000,7265625000,7140625000,7343750000,7125000000,7562500000,7237499999,7237499999,10
2025-10-02 14:32:59,15229,pairwise,LinkedCells,1.000000,lc_sliced,none,AoS,enabled,5171875000,5281250000,5281250000,5156250000,5390625000,5343750000,5328125000,5218750000,5265625000,5265625000,5270312500,5270312500,10
2025-10-02 14:32:59,15239,pairwise,LinkedCells,1.000000,lc_sliced,none,SoA,disabled,5046875000,5187500000,5015625000,5062500000,5062500000,5281250000,5234375000,5078125000,5203125000,5312500000,5148437499,5148437499,10
2025-10-02 14:33:00,15249,pairwise,LinkedCells,1.000000,lc_sliced,none,SoA,enabled,3062500000,3296875000,3250000000,3265625000,3062500000,3078125000,3187500000,3312500000,3281250000,3265625000,3206249999,3206249999,10
2025-10-02 14:33:00,15259,pairwise,LinkedCells,1.000000,lc_sliced_balanced,none,AoS,disabled,7343750000,7218750000,7218750000,7312500000,7187500000,7265625000,7296875000,7250000000,7218750000,7140625000,7245312500,7245312500,10
2025-10-02 14:33:00,15269,pairwise,LinkedCells,1.000000,lc_sliced_balanced,none,AoS,enabled,5281250000,5312500000,5250000000,5343750000,5296875000,5265625000,5312500000,5359375000,5171875000,5296875000,5289062499,5289062499,10
2025-10-02 14:33:00,15279,pairwise,LinkedCells,1.000000,lc_sliced_balanced,none,SoA,disabled,5046875000,5218750000,5125000000,5468750000,5375000000,5328125000,5281250000,5031250000,5203125000,5421875000,5249999999,5249999999,10
2025-10-02 14:33:00,15289,pairwise,LinkedCells,1.000000,lc_sliced_balanced,none,SoA,enabled,3312500000,3296875000,3187500000,3312500000,3062500000,3250000000,3265625000,3250000000,3093750000,3031250000,3206249999,3206249999,10
2025-10-02 14:33:01,15299,pairwise,LinkedCells,1.000000,lc_sliced_balanced,squared-particles-per-cell,AoS,disabled,7453125000,7187500000,7218750000,7296875000,7187500000,7187500000,7296875000,7218750000,7312500000,7218750000,7257812499,7257812499,10
2025-10-02 14:33:01,15309,pairwise,LinkedCells,1.000000,lc_sliced_balanced,squared-particles-per-cell,AoS,enabled,5281250000,5359375000,5359375000,5234375000,5078125000,5187500000,5296875000,5312500000,5250000000,5265625000,5262499999,5262499999,10
2025-10-02 14:33:01,15319,pairwise,LinkedCells,1.000000,lc_sliced_balanced,squared-particles-per-cell,SoA,disabled,5656250000,5250000000,5250000000,4921875000,5171875000,4953125000,5000000000,5156250000,5312500000,5265625000,5193749999,5193749999,10
2025-10-02 14:33:01,15329,pairwise,LinkedCells,1.000000,lc_sliced_balanced,squared-particles-per-cell,SoA,enabled,3312500000,3281250000,3437500000,3218750000,3343750000,3343750000,3265625000,3250000000,3265625000,3515625000,3323437499,3323437499,10
2025-10-02 14:33:01,15339,pairwise,LinkedCells,1.000000,lc_sliced_c02,none,AoS,disabled,7265625000,7234375000,7265625000,7281250000,7125000000,7250000000,7109375000,6828125000,7296875000,7265625000,7192187499,7192187499,10
2025-10-02 14:33:01,15349,pairwise,LinkedCells,1.000000,lc_sliced_c02,none,AoS,enabled,4968750000,5265625000,5281250000,5109375000,4937500000,5312500000,5015625000,5015625000,5328125000,5312500000,5154687499,5154687499,10
2025-10-02 14:33:02,15359,pairwise,LinkedCells,1.000000,lc_sliced_c02,none,SoA,disabled,5984375000,5046875000,5171875000,5000000000,5203125000,4968750000,5125000000,5078125000,5093750000,5312500000,5198437499,5198437499,10
2025-10-02 14:33:02,15369,pairwise,LinkedCells,1.000000,lc_sliced_c02,none,SoA,enabled,3109375000,3062500000,3265625000,3171875000,3000000000,3109375000,3078125000,3203125000,3015625000,3296875000,3131249999,3131249999,10
2025-10-02 14:33:02,15379,pairwise,VerletClusterLists,1.000000,vcl_c01_balanced,none,AoS,disabled,46375000000,11515625000,11546875000,11515625000,11312500000,11187500000,11281250000,11265625000,11406250000,11359375000,14876562499,14876562499,10
2025-10-02 14:33:02,15389,pairwise,VerletClusterLists,1.000000,vcl_c01_balanced,none,SoA,disabled,33234375000,4250000000,4375000000,4218750000,4437500000,4296875000,4406250000,4078125000,4234375000,4265625000,7179687499,7179687499,10
2025-10-02 14:33:03,15399,pairwise,VerletClusterLists,1.000000,vcl_c06,none,AoS,disabled,43265625000,14515625000,14203125000,14500000000,14812500000,14500000000,14625000000,14609375000,14859375000,14562500000,17445312499,17445312499,10
2025-10-02 14:33:03,15409,pairwise,VerletClusterLists,1.000000,vcl_c06,none,AoS,enabled,23718750000,7218750000,7250000000,7296875000,7250000000,7203125000,7281250000,7359375000,7250000000,7312500000,8914062499,8914062499,10
2025-10-02 14:33:04,15419,pairwise,VerletClusterLists,1.000000,vcl_c06,none,SoA,disabled,34203125000,5265625000,5234375000,5328125000,5296875000,5062500000,5390625000,5562500000,5531250000,5515625000,8239062499,8239062499,10
2025-10-02 14:33:04,15429,pairwise,VerletClusterLists,1.000000,vcl_c06,none,SoA,enabled,19265625000,2968750000,3062500000,2937500000,2968750000,2625000000,2968750000,2968750000,2921875000,2968750000,4565624999,4565624999,10
2025-10-02 14:33:05,15439,pairwise,VerletClusterLists,1.000000,vcl_sliced,none,AoS,disabled,50203125000,21484375000,21484375000,21234375000,21609375000,21421875000,22625000000,21625000000,19984375000,22328125000,24399999999,24399999999,10
2025-10-02 14:33:05,15449,pairwise,VerletClusterLists,1.000000,vcl_sliced,none,AoS,enabled,27437500000,12187500000,11406250000,11093750000,10281250000,10593750000,11140625000,11125000000,11062500000,11437500000,12776562499,12776562499,10
2025-10-02 14:33:05,15459,pairwise,VerletClusterLists,1.000000,vcl_sliced,none,SoA,disabled,36078125000,5984375000,6593750000,6625000000,6546875000,6500000000,6609375000,6578125000,5890625000,6593750000,9399999999,9399999999,10
2025-10-02 14:33:06,15469,pairwise,VerletClusterLists,1.000000,vcl_sliced,none,SoA,enabled,20203125000,3921875000,3796875000,3812500000,3859375000,3843750000,3453125000,4078125000,4062500000,3781250000,5481249999,5481249999,10
2025-10-02 14:33:06,15479,pairwise,VerletClusterLists,1.000000,vcl_sliced_balanced,none,AoS,disabled,50312500000,21453125000,21562500000,21562500000,21375000000,21390625000,21390625000,21484375000,21421875000,21296875000,24325000000,24325000000,10
2025-10-02 14:33:07,15489,pairwise,VerletClusterLists,1.000000,vcl_sliced_balanced,none,AoS,enabled,27609375000,11109375000,11125000000,11062500000,11312500000,11125000000,11125000000,11312500000,11234375000,11046875000,12806249999,12806249999,10
2025-10-02 14:33:07,15499,pairwise,VerletClusterLists,1.000000,vcl_sliced_balanced,none,SoA,disabled,35421875000,6828125000,6671875000,6562500000,6828125000,6906250000,6687500000,6625000000,6843750000,6843750000,9621874999,9621874999,10
2025-10-02 14:33:07,15509,pairwise,VerletClusterLists,1.000000,vcl_sliced_balanced,none,SoA,enabled,20031250000,3796875000,3718750000,3765625000,3812500000,3781250000,3828125000,3656250000,3781250000,3718750000,5389062499,5389062499,10
2025-10-02 14:33:08,15519,pairwise,VerletClusterLists,1.000000,vcl_sliced_balanced,neighbor-list-length,AoS,disabled,55812500000,21484375000,21312500000,21515625000,21484375000,21546875000,21484375000,21500000000,21546875000,21281250000,24896874999,24896874999,10
2025-10-02 14:33:09,15529,pairwise,VerletClusterLists,1.000000,vcl_sliced_balanced,neighbor-list-length,AoS,enabled,27359375000,11140625000,11234375000,11250000000,11218750000,11109375000,11453125000,11218750000,11093750000,11171875000,12824999999,12824999999,10
2025-10-02 14:33:09,15539,pairwise,VerletClusterLists,1.000000,vcl_sliced_balanced,neighbor-list-length,SoA,disabled,35703125000,6843750000,6781250000,6578125000,6812500000,6859375000,6750000000,6593750000,6531250000,6890625000,9634374999,9634374999,10
2025-10-02 14:33:09,15549,pairwise,VerletClusterLists,1.000000,vcl_sliced_balanced,neighbor-list-length,SoA,enabled,20250000000,3843750000,3843750000,3750000000,3781250000,3828125000,3718750000,3921875000,3843750000,3812500000,5459374999,5459374999,10
2025-10-02 14:33:10,15559,pairwise,VerletClusterLists,1.000000,vcl_sliced_c02,none,AoS,disabled,59296875000,27031250000,27531250000,26984375000,28343750000,27640625000,27015625000,27500000000,27531250000,25250000000,30412500000,30412500000,10
2025-10-02 14:33:11,15569,pairwise,VerletClusterLists,1.000000,vcl_sliced_c02,none,AoS,enabled,28953125000,14578125000,14687500000,14328125000,13312500000,13078125000,14437500000,14343750000,14953125000,14671875000,15734375000,15734375000,10
2025-10-02 14:33:11,15579,pairwise,VerletClusterLists,1.000000,vcl_sliced_c02,none,SoA,disabled,38328125000,7765625000,7625000000,7812500000,7515625000,8875000000,8062500000,7687500000,8453125000,7734375000,10985937499,10985937499,10
2025-10-02 14:33:11,15589,pairwise,VerletClusterLists,1.000000,vcl_sliced_c02,none,SoA,enabled,21359375000,4656250000,4343750000,4953125000,4468750000,4390625000,5093750000,4703125000,4421875000,4750000000,6314062499,6314062499,10
2025-10-02 14:33:12,15599,pairwise,VerletLists,1.000000,vl_list_iteration,none,AoS,disabled,23546875000,5609375000,5406250000,5656250000,5343750000,5640625000,5359375000,5343750000,5375000000,5703125000,7298437499,7298437499,10
2025-10-02 14:33:12,15609,pairwise,VerletLists,1.000000,vl_list_iteration,none,SoA,disabled,73734375000,4062500000,4203125000,4109375000,4187500000,4187500000,4140625000,4218750000,4218750000,4046875000,11110937499,11110937499,10
2025-10-02 14:33:12,15619,pairwise,VerletListsCells,1.000000,vlc_c01,none,AoS,disabled,24875000000,3703125000,3656250000,3812500000,3812500000,3718750000,3421875000,3765625000,3656250000,3781250000,5820312500,5820312500,10
2025-10-02 14:33:13,15629,pairwise,VerletListsCells,1.000000,vlc_c01,none,SoA,disabled,76156250000,4703125000,4312500000,4531250000,4656250000,4328125000,4578125000,4421875000,4140625000,4375000000,11620312499,11620312499,10
2025-10-02 14:33:13,15639,pairwise,VerletListsCells,1.000000,vlc_c18,none,AoS,disabled,19828125000,3500000000,3640625000,3656250000,3718750000,3765625000,3500000000,3500000000,3703125000,3890625000,5270312499,5270312499,10
2025-10-02 14:33:13,15649,pairwise,VerletListsCells,1.000000,vlc_c18,none,AoS,enabled,13562500000,2234375000,2109375000,2187500000,2234375000,2078125000,2000000000,2203125000,1984375000,2171875000,3276562499,3276562499,10
2025-10-02 14:33:14,15659,pairwise,VerletListsCells,1.000000,vlc_c18,none,SoA,disabled,114578125000,5859375000,5875000000,5765625000,6093750000,5984375000,6000000000,5671875000,5890625000,5921875000,16764062499,16764062499,10
2025-10-02 14:33:14,15669,pairwise,VerletListsCells,1.000000,vlc_c18,none,SoA,enabled,70031250000,4546875000,4765625000,4421875000,4625000000,4484375000,4703125000,4234375000,4359375000,4375000000,11054687499,11054687499,10
2025-10-02 14:33:14,15679,pairwise,VerletListsCells,1.000000,vlc_c08,none,AoS,disabled,18437500000,3515625000,3593750000,3640625000,3500000000,3734375000,3796875000,3500000000,3468750000,3734375000,5092187500,5092187500,10
2025-10-02 14:33:14,15689,pairwise,VerletListsCells,1.000000,vlc_c08,none,AoS,enabled,15437500000,2328125000,2218750000,2171875000,2281250000,2359375000,2265625000,2312500000,2296875000,2328125000,3599999999,3599999999,10
2025-10-02 14:33:15,15699,pairwise,VerletListsCells,1.000000,vlc_c08,none,SoA,disabled,105515625000,5671875000,5515625000,5484375000,5437500000,5671875000,5671875000,5593750000,5437500000,5515625000,15551562499,15551562499,10
2025-10-02 14:33:15,15709,pairwise,VerletListsCells,1.000000,vlc_c08,none,SoA,enabled,75281250000,4750000000,4906250000,5000000000,4812500000,4687500000,4687500000,4750000000,4703125000,4875000000,11845312500,11845312500,10
2025-10-02 14:33:16,15719,pairwise,VerletListsCells,1.000000,vlc_sliced,none,AoS,disabled,22609375000,6031250000,6046875000,6359375000,6187500000,6343750000,6312500000,6062500000,6046875000,6015625000,7801562500,7801562500,10
2025-10-02 14:33:16,15729,pairwise,VerletListsCells,1.000000,vlc_sliced,none,AoS,enabled,14953125000,2906250000,3046875000,2906250000,2890625000,2968750000,2859375000,2859375000,2843750000,2921875000,4115624999,4115624999,10
2025-10-02 14:33:16,15739,pairwise,VerletListsCells,1.000000,vlc_sliced,none,SoA,disabled,120515625000,7437500000,7375000000,7328125000,7515625000,7640625000,7593750000,7640625000,7421875000,7562500000,18803124999,18803124999,10
2025-10-02 14:33:17,15749,pairwise,VerletListsCells,1.000000,vlc_sliced,none,SoA,enabled,70234375000,4953125000,4937500000,4906250000,4875000000,4968750000,5000000000,4656250000,4671875000,4750000000,11395312499,11395312499,10
2025-10-02 14:33:17,15759,pairwise,VerletListsCells,1.000000,vlc_sliced_balanced,none,AoS,disabled,21890625000,5453125000,5656250000,5453125000,5640625000,5515625000,5484375000,5500000000,5562500000,5484375000,7164062499,7164062499,10
2025-10-02 14:33:17,15769,pairwise,VerletListsCells,1.000000,vlc_sliced_balanced,none,AoS,enabled,14593750000,2875000000,2906250000,2843750000,2921875000,2906250000,2890625000,2953125000,3000000000,2984375000,4087499999,4087499999,10
2025-10-02 14:33:18,15779,pairwise,VerletListsCells,1.000000,vlc_sliced_balanced,none,SoA,disabled,119796875000,7906250000,7921875000,8109375000,8218750000,8093750000,7906250000,8078125000,8140625000,8093750000,19226562499,19226562499,10
2025-10-02 14:33:18,15789,pairwise,VerletListsCells,1.000000,vlc_sliced_balanced,none,SoA,enabled,74656250000,4890625000,4906250000,4906250000,4937500000,4968750000,4703125000,4703125000,4609375000,4984375000,11826562499,11826562499,10
2025-10-02 14:33:19,15799,pairwise,VerletListsCells,1.000000,vlc_sliced_balanced,squared-particles-per-cell,AoS,disabled,21765625000,5437500000,5625000000,5468750000,5468750000,5390625000,5500000000,5468750000,5421875000,5500000000,7104687499,7104687499,10
2025-10-02 14:33:19,15809,pairwise,VerletListsCells,1.000000,vlc_sliced_balanced,squared-particles-per-cell,AoS,enabled,14406250000,2906250000,2906250000,2921875000,2875000000,2937500000,2984375000,2859375000,2843750000,2890625000,4053124999,4053124999,10
2025-10-02 14:33:19,15819,pairwise,VerletListsCells,1.000000,vlc_sliced_balanced,squared-particles-per-cell,SoA,disabled,113000000000,7312500000,7546875000,7375000000,7421875000,7328125000,7281250000,7375000000,7484375000,7343750000,17946874999,17946874999,10
2025-10-02 14:33:20,15829,pairwise,VerletListsCells,1.000000,vlc_sliced_balanced,squared-particles-per-cell,SoA,enabled,73781250000,4890625000,5156250000,4890625000,4937500000,4890625000,5000000000,4671875000,4562500000,4671875000,11745312499,11745312499,10
2025-10-02 14:33:20,15839,pairwise,VerletListsCells,1.000000,vlc_sliced_balanced,neighbor-list-length,AoS,disabled,21781250000,5796875000,5750000000,5656250000,5765625000,5828125000,5671875000,5718750000,5796875000,5781250000,7354687499,7354687499,10
2025-10-02 14:33:20,15849,pairwise,VerletListsCells,1.000000,vlc_sliced_balanced,neighbor-list-length,AoS,enabled,14640625000,2890625000,3062500000,3187500000,2921875000,2921875000,2828125000,2968750000,2984375000,2906250000,4131249999,4131249999,10
2025-10-02 14:33:21,15859,pairwise,VerletListsCells,1.000000,vlc_sliced_balanced,neighbor-list-length,SoA,disabled,113718750000,7796875000,7687500000,7859375000,7671875000,7859375000,7734375000,7828125000,7656250000,7656250000,18346875000,18346875000,10
2025-10-02 14:33:21,15869,pairwise,VerletListsCells,1.000000,vlc_sliced_balanced,neighbor-list-length,SoA,enabled,71656250000,5203125000,5203125000,5000000000,5265625000,4937500000,5125000000,4796875000,4796875000,4906250000,11689062499,11689062499,10
2025-10-02 14:33:22,15879,pairwise,VerletListsCells,1.000000,vlc_sliced_c02,none,AoS,disabled,23203125000,7078125000,7078125000,7203125000,6625000000,7171875000,7109375000,7109375000,7218750000,7109375000,8690625000,8690625000,10
2025-10-02 14:33:22,15889,pairwise,VerletListsCells,1.000000,vlc_sliced_c02,none,AoS,enabled,15375000000,3765625000,3843750000,3609375000,3859375000,3812500000,3609375000,3609375000,3843750000,3671875000,4899999999,4899999999,10
2025-10-02 14:33:22,15899,pairwise,VerletListsCells,1.000000,vlc_sliced_c02,none,SoA,disabled,114640625000,8609375000,9062500000,9218750000,9109375000,9156250000,9406250000,9062500000,9062500000,9203125000,19653124999,19653124999,10
2025-10-02 14:33:23,15909,pairwise,VerletListsCells,1.000000,vlc_sliced_c02,none,SoA,enabled,75093750000,5875000000,5875000000,5843750000,5828125000,5843750000,5875000000,5500000000,5671875000,5484375000,12689062499,12689062499,10
2025-10-02 14:33:23,15919,pairwise,PairwiseVerletLists,1.000000,vlp_c01,none,AoS,disabled,27390625000,4343750000,4390625000,4500000000,4578125000,4531250000,4500000000,4484375000,4765625000,4515625000,6799999999,6799999999,10
2025-10-02 14:33:24,15929,pairwise,PairwiseVerletLists,1.000000,vlp_c01,none,SoA,disabled,193046875000,8156250000,8265625000,8390625000,8234375000,8296875000,8156250000,8140625000,8343750000,8390625000,26742187499,26742187499,10
2025-10-02 14:33:24,15939,pairwise,PairwiseVerletLists,1.000000,vlp_c18,none,AoS,disabled,25828125000,4812500000,4812500000,4812500000,4781250000,4875000000,4734375000,4921875000,4859375000,4765625000,6920312499,6920312499,10
2025-10-02 14:33:25,15949,pairwise,PairwiseVerletLists,1.000000,vlp_c18,none,AoS,enabled,28375000000,3015625000,3031250000,3046875000,3078125000,2828125000,2843750000,3015625000,2750000000,3031250000,5501562499,5501562499,10
2025-10-02 14:33:26,15959,pairwise,PairwiseVerletLists,1.000000,vlp_c18,none,SoA,disabled,252015625000,7984375000,8000000000,8031250000,8078125000,7984375000,7984375000,8078125000,7953125000,7937500000,32404687499,32404687499,10
2025-10-02 14:33:27,15969,pairwise,PairwiseVerletLists,1.000000,vlp_c18,none,SoA,enabled,173437500000,5953125000,6187500000,5984375000,5921875000,6015625000,6093750000,6234375000,6046875000,6156250000,22803124999,22803124999,10
2025-10-02 14:33:27,15979,pairwise,PairwiseVerletLists,1.000000,vlp_sliced,none,AoS,disabled,29687500000,8437500000,8406250000,8156250000,8125000000,8437500000,8140625000,8281250000,8125000000,8156250000,10395312499,10395312499,10
2025-10-02 14:33:27,15989,pairwise,PairwiseVerletLists,1.000000,vlp_sliced,none,AoS,enabled,32109375000,4062500000,3578125000,3625000000,3781250000,3828125000,3875000000,3843750000,3828125000,3687500000,6621874999,6621874999,10
2025-10-02 14:33:28,15999,pairwise,PairwiseVerletLists,1.000000,vlp_sliced,none,SoA,disabled,248765625000,11375000000,11250000000,11531250000,11343750000,11218750000,11296875000,11234375000,11265625000,10484375000,34976562499,34976562499,10
2025-10-02 14:33:29,16009,pairwise,PairwiseVerletLists,1.000000,vlp_sliced,none,SoA,enabled,178765625000,7750000000,7625000000,7515625000,7687500000,7671875000,7625000000,7390625000,7703125000,7718750000,24745312499,24745312499,10
2025-10-02 14:33:30,16019,pairwise,PairwiseVerletLists,1.000000,vlp_sliced_balanced,none,AoS,disabled,29843750000,8140625000,8187500000,8171875000,8359375000,8234375000,8312500000,8437500000,8500000000,8406250000,10459374999,10459374999,10
2025-10-02 14:33:30,16029,pairwise,PairwiseVerletLists,1.000000,vlp_sliced_balanced,none,AoS,enabled,32500000000,3765625000,3984375000,3796875000,3796875000,3828125000,3906250000,3718750000,3734375000,3828125000,6685937499,6685937499,10
2025-10-02 14:33:31,16039,pairwise,PairwiseVerletLists,1.000000,vlp_sliced_balanced,none,SoA,disabled,248828125000,11250000000,11281250000,11343750000,11531250000,11546875000,11187500000,11218750000,11437500000,11562500000,35118749999,35118749999,10
2025-10-02 14:33:32,16049,pairwise,PairwiseVerletLists,1.000000,vlp_sliced_balanced,none,SoA,enabled,178046875000,7937500000,7625000000,7828125000,7687500000,7703125000,7703125000,7734375000,7625000000,7703125000,24759374999,24759374999,10
2025-10-02 14:33:32,16059,pairwise,PairwiseVerletLists,1.000000,vlp_sliced_c02,none,AoS,disabled,32109375000,10125000000,10109375000,10156250000,10046875000,10093750000,10187500000,10187500000,10171875000,9968750000,12315624999,12315624999,10
2025-10-02 14:33:33,16069,pairwise,PairwiseVerletLists,1.000000,vlp_sliced_c02,none,AoS,enabled,33187500000,4937500000,4843750000,4734375000,4765625000,4843750000,5015625000,4687500000,4890625000,4812500000,7671874999,7671874999,10
2025-10-02 14:33:34,16079,pairwise,PairwiseVerletLists,1.000000,vlp_sliced_c02,none,SoA,disabled,250921875000,13781250000,13468750000,13500000000,13546875000,13859375000,13515625000,12906250000,13453125000,13750000000,37270312500,37270312500,10
2025-10-02 14:33:35,16089,pairwise,PairwiseVerletLists,1.000000,vlp_sliced_c02,none,SoA,enabled,179781250000,9062500000,9375000000,8843750000,9234375000,9343750000,9140625000,9218750000,9328125000,9375000000,26270312499,26270312499,10
2025-10-02 14:33:35,16099,pairwise,PairwiseVerletLists,1.000000,vlp_c08,none,AoS,disabled,27921875000,6250000000,6250000000,6125000000,5953125000,5953125000,6218750000,6078125000,6109375000,5953125000,8281249999,8281249999,10
2025-10-02 14:33:35,16109,pairwise,PairwiseVerletLists,1.000000,vlp_c08,none,AoS,enabled,32078125000,3593750000,3531250000,3296875000,3609375000,3312500000,3406250000,3703125000,3312500000,3609375000,6345312499,6345312499,10
2025-10-02 14:33:37,16119,pairwise,PairwiseVerletLists,1.000000,vlp_c08,none,SoA,disabled,245921875000,8843750000,8843750000,9015625000,8875000000,9140625000,9078125000,9109375000,9171875000,9156250000,32715624999,32715624999,10
2025-10-02 14:33:37,16129,pairwise,PairwiseVerletLists,1.000000,vlp_c08,none,SoA,enabled,177203125000,6718750000,6593750000,6484375000,6656250000,6718750000,6687500000,6703125000,6406250000,6562500000,23673437499,23673437499,10
2025-10-02 14:35:28,20009,pairwise,LinkedCells,1.000000,lc_c01,none,AoS,disabled,10062500000,10921875000,11500000000,11234375000,11328125000,10921875000,10812500000,11250000000,11531250000,11296875000,11085937499,11085937499,10
2025-10-02 14:35:28,20019,pairwise,LinkedCells,1.000000,lc_c01,none,SoA,disabled,6062500000,5296875000,5562500000,5671875000,5812500000,6171875000,6046875000,5687500000,5406250000,5484375000,5720312499,5720312499,10
2025-10-02 14:35:28,20029,pairwise,LinkedCells,1.000000,lc_c01_combined_SoA,none,SoA,disabled,4812500000,4828125000,5140625000,5078125000,4640625000,5046875000,5281250000,5281250000,5234375000,5140625000,5048437499,5048437499,10
2025-10-02 14:35:29,20039,pairwise,LinkedCells,1.000000,lc_c04,none,AoS,disabled,8000000000,7921875000,7937500000,7546875000,7015625000,7062500000,7515625000,7546875000,7250000000,7265625000,7506249999,7506249999,10
2025-10-02 14:35:29,20049,pairwise,LinkedCells,1.000000,lc_c04,none,AoS,enabled,5359375000,5484375000,5593750000,5046875000,5000000000,5234375000,5125000000,5562500000,5328125000,5531250000,5326562499,5326562499,10
2025-10-02 14:35:29,20059,pairwise,LinkedCells,1.000000,lc_c04,none,SoA,disabled,5875000000,5125000000,5359375000,5218750000,5171875000,4984375000,5578125000,5031250000,5203125000,5734375000,5328124999,5328124999,10
2025-10-02 14:35:29,20069,pairwise,LinkedCells,1.000000,lc_c04,none,SoA,enabled,3265625000,3421875000,3390625000,3796875000,3671875000,3453125000,3625000000,3546875000,3437500000,3640625000,3524999999,3524999999,10
2025-10-02 14:35:29,20079,pairwise,LinkedCells,1.000000,lc_c04_HCP,none,AoS,disabled,6250000000,7078125000,6718750000,6984375000,6906250000,6656250000,6968750000,6750000000,6359375000,6859375000,6753124999,6753124999,10
2025-10-02 14:35:29,20089,pairwise,LinkedCells,1.000000,lc_c04_HCP,none,AoS,enabled,4921875000,5093750000,5046875000,4703125000,4734375000,4984375000,4812500000,5000000000,4968750000,4890625000,4915624999,4915624999,10
2025-10-02 14:35:29,20099,pairwise,LinkedCells,1.000000,lc_c04_HCP,none,SoA,disabled,5203125000,5562500000,5750000000,5859375000,5062500000,5000000000,5890625000,5421875000,5437500000,5765625000,5495312499,5495312499,10
2025-10-02 14:35:30,20109,pairwise,LinkedCells,1.000000,lc_c04_HCP,none,SoA,enabled,4031250000,3812500000,3968750000,3359375000,3609375000,3937500000,3546875000,3750000000,3703125000,3406250000,3712499999,3712499999,10
2025-10-02 14:35:30,20119,pairwise,LinkedCells,1.000000,lc_c04_combined_SoA,none,SoA,disabled,6625000000,6359375000,6625000000,5812500000,6093750000,6734375000,6437500000,6109375000,6656250000,6609375000,6406249999,6406249999,10
2025-10-02 14:35:30,20129,pairwise,LinkedCells,1.000000,lc_c04_combined_SoA,none,SoA,enabled,4937500000,4859375000,4593750000,4703125000,4875000000,4531250000,4359375000,4484375000,5171875000,4781250000,4729687499,4729687499,10
2025-10-02 14:35:30,20139,pairwise,LinkedCells,1.000000,lc_c08,none,AoS,disabled,7375000000,7140625000,7296875000,7031250000,7000000000,6218750000,6687500000,6906250000,6687500000,6515625000,6885937499,6885937499,10
2025-10-02 14:35:30,20149,pairwise,LinkedCells,1.000000,lc_c08,none,AoS,enabled,5140625000,5015625000,4984375000,4953125000,5156250000,5093750000,5250000000,5015625000,4468750000,4671875000,4974999999,4974999999,10
2025-10-02 14:35:30,20159,pairwise,LinkedCells,1.000000,lc_c08,none,SoA,disabled,5984375000,5968750000,5890625000,5859375000,6000000000,5843750000,6484375000,6437500000,6343750000,5750000000,6056249999,6056249999,10
2025-10-02 14:35:30,20169,pairwise,LinkedCells,1.000000,lc_c08,none,SoA,enabled,4750000000,4734375000,4468750000,4281250000,4187500000,4859375000,4750000000,4484375000,4531250000,4875000000,4592187499,4592187499,10
2025-10-02 14:35:31,20179,pairwise,LinkedCells,1.000000,lc_c18,none,AoS,disabled,6984375000,7343750000,6453125000,7187500000,7031250000,6703125000,6984375000,7156250000,6765625000,7250000000,6985937499,6985937499,10
2025-10-02 14:35:31,20189,pairwise,LinkedCells,1.000000,lc_c18,none,AoS,enabled,5312500000,5171875000,5234375000,5390625000,5265625000,5015625000,4734375000,5375000000,5156250000,5265625000,5192187499,5192187499,10
2025-10-02 14:35:31,20199,pairwise,LinkedCells,1.000000,lc_c18,none,SoA,disabled,5953125000,5609375000,5718750000,6062500000,6156250000,6000000000,6046875000,5671875000,5531250000,5281250000,5803124999,5803124999,10
2025-10-02 14:35:31,20209,pairwise,LinkedCells,1.000000,lc_c18,none,SoA,enabled,3812500000,3734375000,3578125000,4015625000,3390625000,4156250000,3875000000,3500000000,3843750000,3609375000,3751562499,3751562499,10
2025-10-02 14:35:31,20219,pairwise,LinkedCells,1.000000,lc_sliced,none,AoS,disabled,7078125000,7453125000,7546875000,7140625000,7250000000,6812500000,6921875000,7062500000,6890625000,7000000000,7115624999,7115624999,10
2025-10-02 14:35:31,20229,pairwise,LinkedCells,1.000000,lc_sliced,none,AoS,enabled,4890625000,4875000000,4968750000,5000000000,5015625000,5062500000,5000000000,5046875000,4781250000,5125000000,4976562499,4976562499,10
2025-10-02 14:35:32,20239,pairwise,LinkedCells,1.000000,lc_sliced,none,SoA,disabled,5000000000,4843750000,5125000000,5031250000,4953125000,4921875000,5093750000,4796875000,5125000000,4812500000,4970312499,4970312499,10
2025-10-02 14:35:32,20249,pairwise,LinkedCells,1.000000,lc_sliced,none,SoA,enabled,3062500000,3156250000,3296875000,3046875000,2859375000,3000000000,2984375000,3234375000,3125000000,2890625000,3065624999,3065624999,10
2025-10-02 14:35:32,20259,pairwise,LinkedCells,1.000000,lc_sliced_balanced,none,AoS,disabled,6687500000,6750000000,6984375000,6968750000,6890625000,6656250000,6859375000,6984375000,6968750000,6953125000,6870312500,6870312500,10
2025-10-02 14:35:32,20269,pairwise,LinkedCells,1.000000,lc_sliced_balanced,none,AoS,enabled,4828125000,4781250000,4953125000,4812500000,5156250000,4765625000,4968750000,5000000000,4859375000,4906250000,4903124999,4903124999,10
2025-10-02 14:35:32,20279,pairwise,LinkedCells,1.000000,lc_sliced_balanced,none,SoA,disabled,5156250000,4828125000,5015625000,4984375000,5093750000,5031250000,5078125000,5046875000,5031250000,5078125000,5034374999,5034374999,10
2025-10-02 14:35:32,20289,pairwise,LinkedCells,1.000000,lc_sliced_balanced,none,SoA,enabled,3046875000,3062500000,3000000000,3312500000,3015625000,2968750000,3031250000,3000000000,3046875000,2906250000,3039062499,3039062499,10
2025-10-02 14:35:33,20299,pairwise,LinkedCells,1.000000,lc_sliced_balanced,squared-particles-per-cell,AoS,disabled,7109375000,6984375000,6890625000,6890625000,6984375000,7093750000,7250000000,7125000000,6921875000,6968750000,7021874999,7021874999,10
2025-10-02 14:35:33,20309,pairwise,LinkedCells,1.000000,lc_sliced_balanced,squared-particles-per-cell,AoS,enabled,5031250000,5000000000,5375000000,5000000000,4953125000,5265625000,5093750000,4984375000,4937500000,5046875000,5068749999,5068749999,10
2025-10-02 14:35:33,20319,pairwise,LinkedCells,1.000000,lc_sliced_balanced,squared-particles-per-cell,SoA,disabled,5671875000,4937500000,5187500000,5015625000,5062500000,4937500000,5203125000,5062500000,4984375000,5062500000,5112499999,5112499999,10
2025-10-02 14:35:33,20329,pairwise,LinkedCells,1.000000,lc_sliced_balanced,squared-particles-per-cell,SoA,enabled,3359375000,3312500000,3046875000,3343750000,3187500000,3375000000,3125000000,3015625000,3125000000,2984375000,3187499999,3187499999,10
2025-10-02 14:35:33,20339,pairwise,LinkedCells,1.000000,lc_sliced_c02,none,AoS,disabled,7046875000,6953125000,6906250000,6875000000,7062500000,6937500000,6953125000,6968750000,7109375000,6984375000,6979687499,6979687499,10
2025-10-02 14:35:34,20349,pairwise,LinkedCells,1.000000,lc_sliced_c02,none,AoS,enabled,4859375000,5031250000,5062500000,4890625000,5031250000,4984375000,5062500000,5015625000,5015625000,5015625000,4996874999,4996874999,10
2025-10-02 14:35:34,20359,pairwise,LinkedCells,1.000000,lc_sliced_c02,none,SoA,disabled,5796875000,5046875000,4859375000,4718750000,4906250000,5015625000,5046875000,5078125000,5140625000,5031250000,5064062499,5064062499,10
2025-10-02 14:35:34,20369,pairwise,LinkedCells,1.000000,lc_sliced_c02,none,SoA,enabled,3140625000,3109375000,3156250000,3250000000,3046875000,2937500000,3093750000,3046875000,3093750000,3375000000,3124999999,3124999999,10
2025-10-02 14:35:34,20379,pairwise,VerletClusterLists,1.000000,vcl_c01_balanced,none,AoS,disabled,46015625000,11437500000,11546875000,11593750000,11546875000,11406250000,11625000000,11421875000,11375000000,11406250000,14937500000,14937500000,10
2025-10-02 14:35:35,20389,pairwise,VerletClusterLists,1.000000,vcl_c01_balanced,none,SoA,disabled,33109375000,4218750000,4375000000,4250000000,4281250000,4359375000,4218750000,4390625000,4281250000,4156250000,7164062500,7164062500,10
2025-10-02 14:35:35,20399,pairwise,VerletClusterLists,1.000000,vcl_c06,none,AoS,disabled,43640625000,14468750000,14671875000,15109375000,14390625000,14390625000,14671875000,14406250000,14828125000,14765625000,17534374999,17534374999,10
2025-10-02 14:35:35,20409,pairwise,VerletClusterLists,1.000000,vcl_c06,none,AoS,enabled,23718750000,7218750000,7406250000,7187500000,7468750000,7468750000,7640625000,7406250000,7546875000,7531250000,9059374999,9059374999,10
2025-10-02 14:35:36,20419,pairwise,VerletClusterLists,1.000000,vcl_c06,none,SoA,disabled,33812500000,5234375000,5562500000,5250000000,5296875000,5421875000,5546875000,5390625000,5546875000,5531250000,8259374999,8259374999,10
2025-10-02 14:35:36,20429,pairwise,VerletClusterLists,1.000000,vcl_c06,none,SoA,enabled,19015625000,3062500000,2906250000,2937500000,2843750000,2968750000,2843750000,2765625000,3062500000,3031250000,4543749999,4543749999,10
2025-10-02 14:35:37,20439,pairwise,VerletClusterLists,1.000000,vcl_sliced,none,AoS,disabled,51265625000,21890625000,21812500000,21921875000,21875000000,20984375000,21093750000,21843750000,21953125000,21843750000,24648437499,24648437499,10
2025-10-02 14:35:37,20449,pairwise,VerletClusterLists,1.000000,vcl_sliced,none,AoS,enabled,26765625000,11500000000,11390625000,11500000000,10640625000,11937500000,10750000000,11484375000,11500000000,11687500000,12915624999,12915624999,10
2025-10-02 14:35:37,20459,pairwise,VerletClusterLists,1.000000,vcl_sliced,none,SoA,disabled,35640625000,6937500000,6765625000,6765625000,6875000000,6781250000,6578125000,6859375000,6703125000,6718750000,9662499999,9662499999,10
2025-10-02 14:35:38,20469,pairwise,VerletClusterLists,1.000000,vcl_sliced,none,SoA,enabled,20250000000,4109375000,3859375000,3781250000,4000000000,4093750000,3890625000,4078125000,3984375000,3703125000,5574999999,5574999999,10
2025-10-02 14:35:38,20479,pairwise,VerletClusterLists,1.000000,vcl_sliced_balanced,none,AoS,disabled,50375000000,21781250000,21609375000,21640625000,21359375000,21453125000,21468750000,21593750000,21328125000,21890625000,24449999999,24449999999,10
2025-10-02 14:35:39,20489,pairwise,VerletClusterLists,1.000000,vcl_sliced_balanced,none,AoS,enabled,27578125000,11437500000,11218750000,11125000000,11187500000,11328125000,11468750000,11375000000,11218750000,11390625000,12932812499,12932812499,10
2025-10-02 14:35:39,20499,pairwise,VerletClusterLists,1.000000,vcl_sliced_balanced,none,SoA,disabled,35312500000,6703125000,6671875000,6843750000,6890625000,6937500000,6734375000,6593750000,6671875000,6875000000,9623437499,9623437499,10
2025-10-02 14:35:39,20509,pairwise,VerletClusterLists,1.000000,vcl_sliced_balanced,none,SoA,enabled,20093750000,4078125000,3796875000,3828125000,3796875000,3812500000,3750000000,3781250000,3984375000,3890625000,5481249999,5481249999,10
2025-10-02 14:35:40,20519,pairwise,VerletClusterLists,1.000000,vcl_sliced_balanced,neighbor-list-length,AoS,disabled,55890625000,21562500000,21562500000,21515625000,21703125000,21515625000,21531250000,21406250000,21343750000,21546875000,24957812499,24957812499,10
2025-10-02 14:35:41,20529,pairwise,VerletClusterLists,1.000000,vcl_sliced_balanced,neighbor-list-length,AoS,enabled,27296875000,11187500000,11234375000,11093750000,11312500000,11531250000,11234375000,11187500000,11171875000,11343750000,12859374999,12859374999,10
2025-10-02 14:35:41,20539,pairwise,VerletClusterLists,1.000000,vcl_sliced_balanced,neighbor-list-length,SoA,disabled,35593750000,6843750000,6859375000,6828125000,6640625000,6578125000,6640625000,6734375000,6843750000,6875000000,9643749999,9643749999,10
2025-10-02 14:35:41,20549,pairwise,VerletClusterLists,1.000000,vcl_sliced_balanced,neighbor-list-length,SoA,enabled,20093750000,3765625000,3796875000,4000000000,3953125000,3890625000,4046875000,3906250000,4109375000,3796875000,5535937499,5535937499,10
2025-10-02 14:35:42,20559,pairwise,VerletClusterLists,1.000000,vcl_sliced_c02,none,AoS,disabled,61781250000,25484375000,24953125000,27031250000,27515625000,27953125000,27875000000,25359375000,27359375000,25453125000,30076562499,30076562499,10
2025-10-02 14:35:43,20569,pairwise,VerletClusterLists,1.000000,vcl_sliced_c02,none,AoS,enabled,30968750000,14578125000,14718750000,14203125000,12875000000,13328125000,12828125000,12875000000,14578125000,13281250000,15423437499,15423437499,10
2025-10-02 14:35:43,20579,pairwise,VerletClusterLists,1.000000,vcl_sliced_c02,none,SoA,disabled,36406250000,7562500000,7671875000,7812500000,7796875000,7875000000,9250000000,7765625000,8859375000,8859375000,10985937499,10985937499,10
2025-10-02 14:35:43,20589,pairwise,VerletClusterLists,1.000000,vcl_sliced_c02,none,SoA,enabled,20812500000,5078125000,4437500000,4687500000,4828125000,5312500000,4750000000,5015625000,5218750000,4562500000,6470312499,6470312499,10
2025-10-02 14:35:44,20599,pairwise,VerletLists,1.000000,vl_list_iteration,none,AoS,disabled,24453125000,5625000000,5390625000,5312500000,5406250000,5390625000,5343750000,5515625000,5359375000,5468750000,7326562499,7326562499,10
2025-10-02 14:35:44,20609,pairwise,VerletLists,1.000000,vl_list_iteration,none,SoA,disabled,72671875000,4390625000,4265625000,4375000000,4359375000,4390625000,4421875000,4359375000,4359375000,4296875000,11189062499,11189062499,10
2025-10-02 14:35:44,20619,pairwise,VerletListsCells,1.000000,vlc_c01,none,AoS,disabled,25078125000,3734375000,3578125000,3718750000,3515625000,3765625000,3734375000,3828125000,3640625000,3765625000,5835937499,5835937499,10
2025-10-02 14:35:45,20629,pairwise,VerletListsCells,1.000000,vlc_c01,none,SoA,disabled,76031250000,4734375000,4640625000,4359375000,4437500000,4578125000,4671875000,4468750000,4437500000,4421875000,11678124999,11678124999,10
2025-10-02 14:35:45,20639,pairwise,VerletListsCells,1.000000,vlc_c18,none,AoS,disabled,20359375000,3578125000,3562500000,3609375000,3734375000,3750000000,3828125000,3562500000,3515625000,3609375000,5310937499,5310937499,10
2025-10-02 14:35:45,20649,pairwise,VerletListsCells,1.000000,vlc_c18,none,AoS,enabled,13703125000,2031250000,2062500000,2125000000,2015625000,2015625000,2093750000,2140625000,2390625000,2125000000,3270312499,3270312499,10
2025-10-02 14:35:46,20659,pairwise,VerletListsCells,1.000000,vlc_c18,none,SoA,disabled,116968750000,6031250000,5953125000,5734375000,5640625000,5812500000,5921875000,5734375000,5734375000,5968750000,16949999999,16949999999,10
2025-10-02 14:35:46,20669,pairwise,VerletListsCells,1.000000,vlc_c18,none,SoA,enabled,70359375000,4656250000,4453125000,4531250000,4718750000,4640625000,4421875000,4359375000,4421875000,4218750000,11078124999,11078124999,10
2025-10-02 14:35:46,20679,pairwise,VerletListsCells,1.000000,vlc_c08,none,AoS,disabled,18156250000,3546875000,3500000000,3781250000,3562500000,3437500000,3765625000,3671875000,3468750000,3812500000,5070312499,5070312499,10
2025-10-02 14:35:46,20689,pairwise,VerletListsCells,1.000000,vlc_c08,none,AoS,enabled,15328125000,2187500000,2250000000,2218750000,2203125000,2125000000,2109375000,2031250000,2218750000,2296875000,3496874999,3496874999,10
2025-10-02 14:35:47,20699,pairwise,VerletListsCells,1.000000,vlc_c08,none,SoA,disabled,106375000000,5718750000,5593750000,5734375000,5671875000,5671875000,5640625000,5656250000,5406250000,5406250000,15687499999,15687499999,10
2025-10-02 14:35:47,20709,pairwise,VerletListsCells,1.000000,vlc_c08,none,SoA,enabled,75937500000,4750000000,4921875000,5156250000,4750000000,4703125000,4765625000,4812500000,4734375000,4906250000,11943749999,11943749999,10
2025-10-02 14:35:48,20719,pairwise,VerletListsCells,1.000000,vlc_sliced,none,AoS,disabled,23187500000,5250000000,5828125000,5937500000,6078125000,6109375000,5812500000,6078125000,6000000000,6140625000,7642187499,7642187499,10
2025-10-02 14:35:48,20729,pairwise,VerletListsCells,1.000000,vlc_sliced,none,AoS,enabled,15000000000,2921875000,2843750000,2859375000,2937500000,2796875000,2640625000,2875000000,3828125000,2781250000,4148437499,4148437499,10
2025-10-02 14:35:48,20739,pairwise,VerletListsCells,1.000000,vlc_sliced,none,SoA,disabled,121015625000,7609375000,7437500000,7484375000,7421875000,7234375000,7343750000,7437500000,7500000000,7359375000,18784374999,18784374999,10
2025-10-02 14:35:49,20749,pairwise,VerletListsCells,1.000000,vlc_sliced,none,SoA,enabled,70484375000,5109375000,4984375000,5000000000,5062500000,4953125000,4921875000,4656250000,4718750000,4656250000,11454687499,11454687499,10
2025-10-02 14:35:49,20759,pairwise,VerletListsCells,1.000000,vlc_sliced_balanced,none,AoS,disabled,21890625000,5343750000,5171875000,5296875000,5203125000,5531250000,5437500000,5203125000,5203125000,5468750000,6974999999,6974999999,10
2025-10-02 14:35:49,20769,pairwise,VerletListsCells,1.000000,vlc_sliced_balanced,none,AoS,enabled,14625000000,2984375000,2906250000,2859375000,2890625000,2937500000,2703125000,2937500000,2781250000,2890625000,4051562499,4051562499,10
2025-10-02 14:35:50,20779,pairwise,VerletListsCells,1.000000,vlc_sliced_balanced,none,SoA,disabled,118937500000,7703125000,7671875000,7875000000,7906250000,7625000000,7984375000,7796875000,7671875000,7656250000,18882812500,18882812500,10
2025-10-02 14:35:50,20789,pairwise,VerletListsCells,1.000000,vlc_sliced_balanced,none,SoA,enabled,74421875000,4968750000,4875000000,5046875000,4812500000,4984375000,4781250000,4718750000,4718750000,4765625000,11809374999,11809374999,10
2025-10-02 14:35:51,20799,pairwise,VerletListsCells,1.000000,vlc_sliced_balanced,squared-particles-per-cell,AoS,disabled,21750000000,5437500000,5484375000,5546875000,5421875000,5515625000,5484375000,5265625000,5375000000,5203125000,7048437499,7048437499,10
2025-10-02 14:35:51,20809,pairwise,VerletListsCells,1.000000,vlc_sliced_balanced,squared-particles-per-cell,AoS,enabled,14734375000,2671875000,2968750000,2843750000,2906250000,2953125000,2906250000,2906250000,2875000000,2906250000,4067187499,4067187499,10
2025-10-02 14:35:51,20819,pairwise,VerletListsCells,1.000000,vlc_sliced_balanced,squared-particles-per-cell,SoA,disabled,112343750000,7296875000,7312500000,7250000000,7328125000,7281250000,7234375000,7359375000,7234375000,7328125000,17796874999,17796874999,10
2025-10-02 14:35:52,20829,pairwise,VerletListsCells,1.000000,vlc_sliced_balanced,squared-particles-per-cell,SoA,enabled,70109375000,4968750000,4890625000,5031250000,4921875000,4812500000,4968750000,4640625000,4750000000,4640625000,11373437499,11373437499,10
2025-10-02 14:35:52,20839,pairwise,VerletListsCells,1.000000,vlc_sliced_balanced,neighbor-list-length,AoS,disabled,21890625000,5671875000,5609375000,5437500000,5796875000,5468750000,5515625000,5484375000,5562500000,5796875000,7223437500,7223437500,10
2025-10-02 14:35:52,20849,pairwise,VerletListsCells,1.000000,vlc_sliced_balanced,neighbor-list-length,AoS,enabled,14375000000,2890625000,3000000000,2906250000,2921875000,2906250000,2906250000,2796875000,2890625000,3046875000,4064062499,4064062499,10
2025-10-02 14:35:53,20859,pairwise,VerletListsCells,1.000000,vlc_sliced_balanced,neighbor-list-length,SoA,disabled,113046875000,7687500000,7609375000,7890625000,7718750000,7656250000,7578125000,7703125000,7578125000,7375000000,18184374999,18184374999,10
2025-10-02 14:35:53,20869,pairwise,VerletListsCells,1.000000,vlc_sliced_balanced,neighbor-list-length,SoA,enabled,74140625000,4953125000,4968750000,4859375000,5156250000,4906250000,4953125000,4812500000,4578125000,4718750000,11804687499,11804687499,10
2025-10-02 14:35:54,20879,pairwise,VerletListsCells,1.000000,vlc_sliced_c02,none,AoS,disabled,23218750000,6703125000,6734375000,6703125000,6515625000,6781250000,6625000000,6453125000,6578125000,6593750000,8290624999,8290624999,10
2025-10-02 14:35:54,20889,pairwise,VerletListsCells,1.000000,vlc_sliced_c02,none,AoS,enabled,15218750000,3593750000,3515625000,3515625000,3578125000,3453125000,3703125000,3531250000,3484375000,3578125000,4717187499,4717187499,10
2025-10-02 14:35:54,20899,pairwise,VerletListsCells,1.000000,vlc_sliced_c02,none,SoA,disabled,113953125000,8812500000,8484375000,8781250000,8859375000,8703125000,8703125000,8718750000,8781250000,8796875000,19259374999,19259374999,10
2025-10-02 14:35:55,20909,pairwise,VerletListsCells,1.000000,vlc_sliced_c02,none,SoA,enabled,75546875000,5578125000,5718750000,5578125000,5578125000,5703125000,5750000000,5390625000,5375000000,5515625000,12573437499,12573437499,10
2025-10-02 14:35:55,20919,pairwise,PairwiseVerletLists,1.000000,vlp_c01,none,AoS,disabled,27765625000,4468750000,4609375000,4546875000,4515625000,4390625000,4515625000,4500000000,4546875000,4484375000,6834374999,6834374999,10
2025-10-02 14:35:56,20929,pairwise,PairwiseVerletLists,1.000000,vlp_c01,none,SoA,disabled,192093750000,8140625000,8062500000,8000000000,8031250000,8093750000,8046875000,8062500000,7921875000,8218750000,26467187499,26467187499,10
2025-10-02 14:35:56,20939,pairwise,PairwiseVerletLists,1.000000,vlp_c18,none,AoS,disabled,26546875000,5093750000,4656250000,4781250000,5000000000,4796875000,5140625000,4859375000,4703125000,4953125000,7053124999,7053124999,10
2025-10-02 14:35:57,20949,pairwise,PairwiseVerletLists,1.000000,vlp_c18,none,AoS,enabled,28515625000,3046875000,3046875000,2890625000,2687500000,2750000000,2828125000,2875000000,3015625000,3000000000,5465624999,5465624999,10
2025-10-02 14:35:58,20959,pairwise,PairwiseVerletLists,1.000000,vlp_c18,none,SoA,disabled,248703125000,7765625000,7843750000,8031250000,8015625000,7968750000,7906250000,8046875000,7953125000,7984375000,32021874999,32021874999,10
2025-10-02 14:35:58,20969,pairwise,PairwiseVerletLists,1.000000,vlp_c18,none,SoA,enabled,170859375000,6031250000,6000000000,5968750000,6046875000,6015625000,6000000000,6015625000,6078125000,5921875000,22493749999,22493749999,10
2025-10-02 14:35:59,20979,pairwise,PairwiseVerletLists,1.000000,vlp_sliced,none,AoS,disabled,30125000000,7921875000,7890625000,7890625000,7750000000,7796875000,7796875000,7875000000,7953125000,7953125000,10095312499,10095312499,10
2025-10-02 14:35:59,20989,pairwise,PairwiseVerletLists,1.000000,vlp_sliced,none,AoS,enabled,31687500000,3671875000,3562500000,3500000000,3562500000,3750000000,3546875000,3578125000,3531250000,3734375000,6412499999,6412499999,10
2025-10-02 14:36:00,20999,pairwise,PairwiseVerletLists,1.000000,vlp_sliced,none,SoA,disabled,243343750000,11046875000,10968750000,11046875000,11015625000,11046875000,10968750000,11062500000,11078125000,10890625000,34246874999,34246874999,10
2025-10-02 14:36:01,21009,pairwise,PairwiseVerletLists,1.000000,vlp_sliced,none,SoA,enabled,174203125000,7468750000,7453125000,7484375000,7390625000,7734375000,7312500000,7375000000,7421875000,7500000000,24134374999,24134374999,10
2025-10-02 14:36:01,21019,pairwise,PairwiseVerletLists,1.000000,vlp_sliced_balanced,none,AoS,disabled,30125000000,7875000000,7937500000,7937500000,8015625000,7890625000,7937500000,7906250000,7781250000,7906250000,10131249999,10131249999,10
2025-10-02 14:36:02,21029,pairwise,PairwiseVerletLists,1.000000,vlp_sliced_balanced,none,AoS,enabled,31968750000,3781250000,3781250000,3687500000,3640625000,3843750000,3578125000,3843750000,3703125000,3781250000,6560937499,6560937499,10
2025-10-02 14:36:03,21039,pairwise,PairwiseVerletLists,1.000000,vlp_sliced_balanced,none,SoA,disabled,243656250000,11125000000,10984375000,11031250000,11031250000,10953125000,11125000000,11093750000,11031250000,10812500000,34284374999,34284374999,10
2025-10-02 14:36:04,21049,pairwise,PairwiseVerletLists,1.000000,vlp_sliced_balanced,none,SoA,enabled,174390625000,7593750000,7406250000,7671875000,7593750000,7687500000,7578125000,7656250000,7718750000,7562500000,24285937499,24285937499,10
2025-10-02 14:36:04,21059,pairwise,PairwiseVerletLists,1.000000,vlp_sliced_c02,none,AoS,disabled,31750000000,9750000000,9687500000,9656250000,9718750000,9828125000,9859375000,9640625000,9828125000,10140625000,11985937499,11985937499,10
2025-10-02 14:36:04,21069,pairwise,PairwiseVerletLists,1.000000,vlp_sliced_c02,none,AoS,enabled,32765625000,4640625000,4515625000,4656250000,4437500000,4500000000,4625000000,4484375000,4578125000,4625000000,7382812500,7382812500,10
2025-10-02 14:36:06,21079,pairwise,PairwiseVerletLists,1.000000,vlp_sliced_c02,none,SoA,disabled,247984375000,13406250000,13234375000,13062500000,13250000000,13109375000,13312500000,13296875000,12921875000,13062500000,36664062499,36664062499,10
2025-10-02 14:36:07,21089,pairwise,PairwiseVerletLists,1.000000,vlp_sliced_c02,none,SoA,enabled,176890625000,8843750000,9078125000,9171875000,8968750000,8937500000,8875000000,8859375000,9156250000,9109375000,25789062500,25789062500,10
2025-10-02 14:36:07,21099,pairwise,PairwiseVerletLists,1.000000,vlp_c08,none,AoS,disabled,28453125000,6109375000,6031250000,6078125000,6140625000,6343750000,5953125000,6171875000,6281250000,5984375000,8354687499,8354687499,10
2025-10-02 14:36:07,21109,pairwise,PairwiseVerletLists,1.000000,vlp_c08,none,AoS,enabled,31890625000,3421875000,3515625000,3343750000,3375000000,3250000000,3437500000,3312500000,3281250000,3375000000,6220312499,6220312499,10
2025-10-02 14:36:08,21119,pairwise,PairwiseVerletLists,1.000000,vlp_c08,none,SoA,disabled,243156250000,9156250000,9015625000,8734375000,8859375000,9078125000,9031250000,8937500000,8937500000,9109375000,32401562500,32401562500,10
2025-10-02 14:36:09,21129,pairwise,PairwiseVerletLists,1.000000,vlp_c08,none,SoA,enabled,174375000000,6687500000,6750000000,6687500000,6562500000,6546875000,6687500000,6671875000,6453125000,6656250000,23407812499,23407812499,10
2025-10-02 14:39:10,25009,pairwise,LinkedCells,1.000000,lc_c01,none,AoS,disabled,7687500000,8656250000,8718750000,8812500000,8500000000,8812500000,8687500000,8625000000,8750000000,8812500000,8606249999,8606249999,10
2025-10-02 14:39:11,25019,pairwise,LinkedCells,1.000000,lc_c01,none,SoA,disabled,5093750000,4718750000,4906250000,4906250000,4687500000,4687500000,4656250000,4875000000,4843750000,5312500000,4868750000,4868750000,10
2025-10-02 14:39:11,25029,pairwise,LinkedCells,1.000000,lc_c01_combined_SoA,none,SoA,disabled,4656250000,4187500000,4531250000,4093750000,4500000000,4125000000,3812500000,4000000000,4187500000,4156250000,4224999999,4224999999,10
2025-10-02 14:39:11,25039,pairwise,LinkedCells,1.000000,lc_c04,none,AoS,disabled,6281250000,5875000000,6031250000,6125000000,6250000000,6281250000,6218750000,6031250000,6156250000,6250000000,6149999999,6149999999,10
2025-10-02 14:39:11,25049,pairwise,LinkedCells,1.000000,lc_c04,none,AoS,enabled,4562500000,4250000000,4125000000,4031250000,4406250000,4562500000,4406250000,4250000000,3781250000,4125000000,4249999999,4249999999,10
2025-10-02 14:39:11,25059,pairwise,LinkedCells,1.000000,lc_c04,none,SoA,disabled,4656250000,4437500000,4250000000,4312500000,4375000000,4218750000,4437500000,4531250000,4812500000,5156250000,4518749999,4518749999,10
2025-10-02 14:39:11,25069,pairwise,LinkedCells,1.000000,lc_c04,none,SoA,enabled,3156250000,2937500000,3062500000,2843750000,2843750000,2875000000,3093750000,2937500000,2875000000,2906250000,2953124999,2953124999,10
2025-10-02 14:39:11,25079,pairwise,LinkedCells,1.000000,lc_c04_HCP,none,AoS,disabled,5000000000,5875000000,4968750000,5406250000,5875000000,5031250000,5406250000,5156250000,5500000000,5093750000,5331249999,5331249999,10
2025-10-02 14:39:11,25089,pairwise,LinkedCells,1.000000,lc_c04_HCP,none,AoS,enabled,3875000000,4031250000,3625000000,3781250000,3843750000,3968750000,3937500000,3625000000,3781250000,4062500000,3853124999,3853124999,10
2025-10-02 14:39:11,25099,pairwise,LinkedCells,1.000000,lc_c04_HCP,none,SoA,disabled,4531250000,4281250000,4406250000,4312500000,4625000000,4093750000,4125000000,4218750000,4250000000,4187500000,4303124999,4303124999,10
2025-10-02 14:39:12,25109,pairwise,LinkedCells,1.000000,lc_c04_HCP,none,SoA,enabled,3062500000,3218750000,3031250000,3468750000,3062500000,3343750000,3125000000,3031250000,3031250000,3218750000,3159374999,3159374999,10
2025-10-02 14:39:12,25119,pairwise,LinkedCells,1.000000,lc_c04_combined_SoA,none,SoA,disabled,5625000000,5500000000,5250000000,5281250000,5156250000,5625000000,5312500000,5406250000,6062500000,5406250000,5462499999,5462499999,10
2025-10-02 14:39:12,25129,pairwise,LinkedCells,1.000000,lc_c04_combined_SoA,none,SoA,enabled,4468750000,4187500000,3937500000,4312500000,4093750000,4156250000,4031250000,3468750000,3937500000,4031250000,4062499999,4062499999,10
2025-10-02 14:39:12,25139,pairwise,LinkedCells,1.000000,lc_c08,none,AoS,disabled,5875000000,5656250000,5343750000,5468750000,5531250000,5437500000,5156250000,5843750000,5625000000,5562500000,5549999999,5549999999,10
2025-10-02 14:39:12,25149,pairwise,LinkedCells,1.000000,lc_c08,none,AoS,enabled,4312500000,3750000000,4250000000,4312500000,3875000000,3812500000,4062500000,3843750000,4031250000,4062500000,4031250000,4031250000,10
2025-10-02 14:39:12,25159,pairwise,LinkedCells,1.000000,lc_c08,none,SoA,disabled,5500000000,5218750000,4875000000,4843750000,5375000000,5437500000,5156250000,4750000000,4968750000,5343750000,5146874999,5146874999,10
2025-10-02 14:39:12,25169,pairwise,LinkedCells,1.000000,lc_c08,none,SoA,enabled,4125000000,3750000000,3562500000,4031250000,3812500000,4156250000,4000000000,3843750000,3906250000,3937500000,3912499999,3912499999,10
2025-10-02 14:39:12,25179,pairwise,LinkedCells,1.000000,lc_c18,none,AoS,disabled,5687500000,5593750000,5375000000,5125000000,4875000000,4968750000,5656250000,5062500000,5500000000,5281250000,5312499999,5312499999,10
2025-10-02 14:39:13,25189,pairwise,LinkedCells,1.000000,lc_c18,none,AoS,enabled,4031250000,3875000000,4718750000,4437500000,4000000000,4125000000,4343750000,3687500000,4125000000,4125000000,4146874999,4146874999,10
2025-10-02 14:39:13,25199,pairwise,LinkedCells,1.000000,lc_c18,none,SoA,disabled,4906250000,4562500000,4937500000,4687500000,4343750000,4406250000,4437500000,4500000000,4843750000,4500000000,4612499999,4612499999,10
2025-10-02 14:39:13,25209,pairwise,LinkedCells,1.000000,lc_c18,none,SoA,enabled,3250000000,3312500000,3187500000,3156250000,3375000000,3125000000,3093750000,3000000000,3031250000,3531250000,3206249999,3206249999,10
2025-10-02 14:39:13,25219,pairwise,LinkedCells,1.000000,lc_sliced,none,AoS,disabled,7562500000,6718750000,7187500000,6906250000,7343750000,7093750000,7343750000,6656250000,6781250000,7375000000,7096874999,7096874999,10
2025-10-02 14:39:13,25229,pairwise,LinkedCells,1.000000,lc_sliced,none,AoS,enabled,5062500000,4812500000,5000000000,5125000000,5187500000,5281250000,5406250000,5062500000,5125000000,5187500000,5124999999,5124999999,10
2025-10-02 14:39:13,25239,pairwise,LinkedCells,1.000000,lc_sliced,none,SoA,disabled,5125000000,5000000000,5093750000,4906250000,4968750000,5500000000,4937500000,5656250000,5000000000,4718750000,5090624999,5090624999,10
2025-10-02 14:39:13,25249,pairwise,LinkedCells,1.000000,lc_sliced,none,SoA,enabled,3187500000,2812500000,3281250000,3156250000,3312500000,3093750000,2531250000,3093750000,2750000000,2937500000,3015624999,3015624999,10
2025-10-02 14:39:14,25259,pairwise,LinkedCells,1.000000,lc_sliced_balanced,none,AoS,disabled,6406250000,6406250000,6562500000,7156250000,6250000000,6593750000,6343750000,6437500000,6218750000,6437500000,6481249999,6481249999,10
2025-10-02 14:39:14,25269,pairwise,LinkedCells,1.000000,lc_sliced_balanced,none,AoS,enabled,4531250000,4468750000,4812500000,4718750000,4406250000,4718750000,4562500000,4593750000,4781250000,4718750000,4631249999,4631249999,10
2025-10-02 14:39:14,25279,pairwise,LinkedCells,1.000000,lc_sliced_balanced,none,SoA,disabled,5000000000,4625000000,4718750000,4718750000,4531250000,4656250000,4718750000,4437500000,4656250000,4625000000,4668749999,4668749999,10
2025-10-02 14:39:14,25289,pairwise,LinkedCells,1.000000,lc_sliced_balanced,none,SoA,enabled,2875000000,3000000000,2812500000,3125000000,3281250000,3031250000,2906250000,3000000000,2843750000,2781250000,2965624999,2965624999,10
2025-10-02 14:39:14,25299,pairwise,LinkedCells,1.000000,lc_sliced_balanced,squared-particles-per-cell,AoS,disabled,6625000000,6687500000,6750000000,7031250000,6375000000,6312500000,6625000000,6375000000,6531250000,6531250000,6584374999,6584374999,10
2025-10-02 14:39:14,25309,pairwise,LinkedCells,1.000000,lc_sliced_balanced,squared-particles-per-cell,AoS,enabled,4718750000,4875000000,4500000000,4781250000,4843750000,4656250000,4593750000,4812500000,4562500000,4468750000,4681249999,4681249999,10
2025-10-02 14:39:15,25319,pairwise,LinkedCells,1.000000,lc_sliced_balanced,squared-particles-per-cell,SoA,disabled,5343750000,4656250000,4750000000,4593750000,4593750000,4781250000,4687500000,5000000000,4562500000,4562500000,4753125000,4753125000,10
2025-10-02 14:39:15,25329,pairwise,LinkedCells,1.000000,lc_sliced_balanced,squared-particles-per-cell,SoA,enabled,2937500000,2843750000,3062500000,2843750000,3000000000,3031250000,2750000000,3031250000,2906250000,2906250000,2931249999,2931249999,10
2025-10-02 14:39:15,25339,pairwise,LinkedCells,1.000000,lc_sliced_c02,none,AoS,disabled,6750000000,6468750000,6593750000,6750000000,6687500000,6937500000,6625000000,6656250000,6437500000,6687500000,6659374999,6659374999,10
2025-10-02 14:39:15,25349,pairwise,LinkedCells,1.000000,lc_sliced_c02,none,AoS,enabled,4750000000,4843750000,4468750000,4750000000,4718750000,4593750000,4593750000,4875000000,4906250000,4531250000,4703124999,4703124999,10
2025-10-02 14:39:15,25359,pairwise,LinkedCells,1.000000,lc_sliced_c02,none,SoA,disabled,5312500000,4656250000,4750000000,4531250000,4843750000,4687500000,4625000000,4593750000,4968750000,4562500000,4753124999,4753124999,10
2025-10-02 14:39:15,25369,pairwise,LinkedCells,1.000000,lc_sliced_c02,none,SoA,enabled,2718750000,2906250000,2968750000,3125000000,3093750000,2781250000,3031250000,3000000000,2843750000,2968750000,2943750000,2943750000,10
2025-10-02 14:39:16,25379,pairwise,VerletClusterLists,1.000000,vcl_c01_balanced,none,AoS,disabled,42250000000,10000000000,10125000000,9687500000,9437500000,9625000000,9343750000,9687500000,9375000000,9718750000,12924999999,12924999999,10
2025-10-02 14:39:16,25389,pairwise,VerletClusterLists,1.000000,vcl_c01_balanced,none,SoA,disabled,30000000000,3281250000,3218750000,3468750000,3562500000,3250000000,3500000000,3531250000,3656250000,3781250000,6124999999,6124999999,10
2025-10-02 14:39:16,25399,pairwise,VerletClusterLists,1.000000,vcl_c06,none,AoS,disabled,40687500000,14312500000,14093750000,14468750000,14500000000,14531250000,15093750000,15093750000,14875000000,15125000000,17278124999,17278124999,10
2025-10-02 14:39:17,25409,pairwise,VerletClusterLists,1.000000,vcl_c06,none,AoS,enabled,21875000000,7531250000,7562500000,7312500000,7250000000,8843750000,7843750000,8031250000,8500000000,7187500000,9193749999,9193749999,10
2025-10-02 14:39:17,25419,pairwise,VerletClusterLists,1.000000,vcl_c06,none,SoA,disabled,33000000000,5437500000,5312500000,5437500000,5687500000,5250000000,5312500000,5531250000,4906250000,4812500000,8068749999,8068749999,10
2025-10-02 14:39:17,25429,pairwise,VerletClusterLists,1.000000,vcl_c06,none,SoA,enabled,17000000000,3156250000,2843750000,2812500000,3062500000,3093750000,3250000000,2968750000,2781250000,2687500000,4365624999,4365624999,10
2025-10-02 14:39:18,25439,pairwise,VerletClusterLists,1.000000,vcl_sliced,none,AoS,disabled,48500000000,21812500000,18156250000,21125000000,20093750000,21062500000,21406250000,20968750000,22218750000,20218750000,23556249999,23556249999,10
2025-10-02 14:39:18,25449,pairwise,VerletClusterLists,1.000000,vcl_sliced,none,AoS,enabled,25593750000,9875000000,11468750000,10656250000,11000000000,10687500000,10656250000,11000000000,11281250000,9687500000,12190624999,12190624999,10
2025-10-02 14:39:18,25459,pairwise,VerletClusterLists,1.000000,vcl_sliced,none,SoA,disabled,32437500000,6468750000,6343750000,5656250000,5625000000,6437500000,6062500000,6093750000,5687500000,5312500000,8612499999,8612499999,10
2025-10-02 14:39:19,25469,pairwise,VerletClusterLists,1.000000,vcl_sliced,none,SoA,enabled,19250000000,3343750000,3687500000,3562500000,3718750000,3250000000,3843750000,3437500000,3781250000,3250000000,5112499999,5112499999,10
2025-10-02 14:39:19,25479,pairwise,VerletClusterLists,1.000000,vcl_sliced_balanced,none,AoS,disabled,46781250000,20500000000,20218750000,19906250000,21656250000,21562500000,20250000000,19843750000,21031250000,20062500000,23181249999,23181249999,10
2025-10-02 14:39:20,25489,pairwise,VerletClusterLists,1.000000,vcl_sliced_balanced,none,AoS,enabled,24750000000,10406250000,10218750000,10937500000,10812500000,11000000000,11187500000,10968750000,9937500000,9750000000,11996874999,11996874999,10
2025-10-02 14:39:20,25499,pairwise,VerletClusterLists,1.000000,vcl_sliced_balanced,none,SoA,disabled,33156250000,5812500000,6062500000,5843750000,5187500000,5312500000,5531250000,5906250000,5875000000,5875000000,8456249999,8456249999,10
2025-10-02 14:39:20,25509,pairwise,VerletClusterLists,1.000000,vcl_sliced_balanced,none,SoA,enabled,17062500000,3156250000,3625000000,3468750000,3625000000,3500000000,3531250000,3500000000,3468750000,3125000000,4806249999,4806249999,10
2025-10-02 14:39:21,25519,pairwise,VerletClusterLists,1.000000,vcl_sliced_balanced,neighbor-list-length,AoS,disabled,48250000000,21468750000,21593750000,21312500000,21062500000,19093750000,19156250000,19875000000,21312500000,19906250000,23303125000,23303125000,10
2025-10-02 14:39:21,25529,pairwise,VerletClusterLists,1.000000,vcl_sliced_balanced,neighbor-list-length,AoS,enabled,23343750000,10000000000,10875000000,11062500000,10843750000,10875000000,10843750000,10781250000,10593750000,11000000000,12021874999,12021874999,10
2025-10-02 14:39:22,25539,pairwise,VerletClusterLists,1.000000,vcl_sliced_balanced,neighbor-list-length,SoA,disabled,30687500000,5281250000,5250000000,5375000000,5312500000,5312500000,5656250000,6000000000,5750000000,5937500000,8056249999,8056249999,10
2025-10-02 14:39:22,25549,pairwise,VerletClusterLists,1.000000,vcl_sliced_balanced,neighbor-list-length,SoA,enabled,18125000000,3375000000,3281250000,3062500000,3000000000,3031250000,3000000000,3187500000,3250000000,3187500000,4649999999,4649999999,10
2025-10-02 14:39:23,25559,pairwise,VerletClusterLists,1.000000,vcl_sliced_c02,none,AoS,disabled,56687500000,25968750000,26281250000,23593750000,23218750000,24156250000,25000000000,23375000000,24000000000,24500000000,27678124999,27678124999,10
2025-10-02 14:39:23,25569,pairwise,VerletClusterLists,1.000000,vcl_sliced_c02,none,AoS,enabled,27906250000,13125000000,13312500000,13468750000,12250000000,12687500000,12531250000,11593750000,12375000000,12281250000,14153125000,14153125000,10
2025-10-02 14:39:23,25579,pairwise,VerletClusterLists,1.000000,vcl_sliced_c02,none,SoA,disabled,34468750000,7343750000,7687500000,7687500000,7531250000,7281250000,6531250000,6906250000,6625000000,7000000000,9906249999,9906249999,10
2025-10-02 14:39:24,25589,pairwise,VerletClusterLists,1.000000,vcl_sliced_c02,none,SoA,enabled,18500000000,3781250000,4125000000,4281250000,4281250000,3750000000,4031250000,4156250000,4312500000,4343750000,5556249999,5556249999,10
2025-10-02 14:39:24,25599,pairwise,VerletLists,1.000000,vl_list_iteration,none,AoS,disabled,20125000000,3812500000,4312500000,3875000000,3843750000,4093750000,3781250000,3968750000,3500000000,3687500000,5500000000,5500000000,10
2025-10-02 14:39:24,25609,pairwise,VerletLists,1.000000,vl_list_iteration,none,SoA,disabled,58437500000,4000000000,3781250000,3843750000,3750000000,3750000000,3906250000,3562500000,3750000000,3531250000,9231249999,9231249999,10
2025-10-02 14:39:24,25619,pairwise,VerletListsCells,1.000000,vlc_c01,none,AoS,disabled,22156250000,3000000000,2875000000,2843750000,3031250000,2906250000,3062500000,3156250000,3031250000,2937500000,4899999999,4899999999,10
2025-10-02 14:39:25,25629,pairwise,VerletListsCells,1.000000,vlc_c01,none,SoA,disabled,61406250000,3812500000,3500000000,3750000000,3781250000,3750000000,3718750000,3625000000,3437500000,3468750000,9424999999,9424999999,10
2025-10-02 14:39:25,25639,pairwise,VerletListsCells,1.000000,vlc_c18,none,AoS,disabled,17031250000,2812500000,2562500000,2843750000,2562500000,2437500000,2656250000,2750000000,2875000000,2781250000,4131249999,4131249999,10
2025-10-02 14:39:25,25649,pairwise,VerletListsCells,1.000000,vlc_c18,none,AoS,enabled,11781250000,1500000000,1625000000,1562500000,1656250000,1625000000,1437500000,1531250000,1500000000,1718750000,2593749999,2593749999,10
2025-10-02 14:39:25,25659,pairwise,VerletListsCells,1.000000,vlc_c18,none,SoA,disabled,86750000000,4625000000,4656250000,4687500000,4312500000,4593750000,4718750000,4531250000,4437500000,4468750000,12778124999,12778124999,10
2025-10-02 14:39:26,25669,pairwise,VerletListsCells,1.000000,vlc_c18,none,SoA,enabled,55968750000,3843750000,3843750000,3718750000,3656250000,3500000000,3437500000,3531250000,3406250000,3593750000,8849999999,8849999999,10
2025-10-02 14:39:26,25679,pairwise,VerletListsCells,1.000000,vlc_c08,none,AoS,disabled,14781250000,2718750000,2687500000,2718750000,2656250000,2718750000,2812500000,2562500000,2625000000,2812500000,3909374999,3909374999,10
2025-10-02 14:39:26,25689,pairwise,VerletListsCells,1.000000,vlc_c08,none,AoS,enabled,12625000000,1656250000,2062500000,1718750000,1625000000,1812500000,1625000000,1687500000,1625000000,1718750000,2815624999,2815624999,10
2025-10-02 14:39:26,25699,pairwise,VerletListsCells,1.000000,vlc_c08,none,SoA,disabled,79656250000,4343750000,4375000000,4718750000,4375000000,4437500000,4500000000,4468750000,4375000000,4437500000,11968749999,11968749999,10
2025-10-02 14:39:27,25709,pairwise,VerletListsCells,1.000000,vlc_c08,none,SoA,enabled,59250000000,3843750000,3843750000,3781250000,3875000000,3781250000,3750000000,3906250000,3750000000,3937500000,9371874999,9371874999,10
2025-10-02 14:39:27,25719,pairwise,VerletListsCells,1.000000,vlc_sliced,none,AoS,disabled,19968750000,5062500000,5062500000,5062500000,5312500000,5125000000,5281250000,5062500000,5000000000,5062500000,6599999999,6599999999,10
2025-10-02 14:39:27,25729,pairwise,VerletListsCells,1.000000,vlc_sliced,none,AoS,enabled,13906250000,2531250000,2250000000,2375000000,2468750000,2406250000,2250000000,2375000000,2437500000,2531250000,3553124999,3553124999,10
2025-10-02 14:39:28,25739,pairwise,VerletListsCells,1.000000,vlc_sliced,none,SoA,disabled,92468750000,6156250000,6437500000,6218750000,6250000000,6343750000,6468750000,6125000000,6187500000,6406250000,14906249999,14906249999,10
2025-10-02 14:39:28,25749,pairwise,VerletListsCells,1.000000,vlc_sliced,none,SoA,enabled,56781250000,4187500000,4343750000,4250000000,4406250000,4000000000,4093750000,4187500000,4187500000,4062500000,9449999999,9449999999,10
2025-10-02 14:39:28,25759,pairwise,VerletListsCells,1.000000,vlc_sliced_balanced,none,AoS,disabled,18718750000,4593750000,4750000000,4718750000,4562500000,4812500000,4812500000,4718750000,4812500000,4812500000,6131249999,6131249999,10
2025-10-02 14:39:28,25769,pairwise,VerletListsCells,1.000000,vlc_sliced_balanced,none,AoS,enabled,13125000000,2562500000,2531250000,2531250000,2468750000,2531250000,2406250000,2656250000,2468750000,2218750000,3549999999,3549999999,10
2025-10-02 14:39:29,25779,pairwise,VerletListsCells,1.000000,vlc_sliced_balanced,none,SoA,disabled,92093750000,6656250000,7000000000,6656250000,6687500000,6812500000,6625000000,6937500000,6781250000,6843750000,15309374999,15309374999,10
2025-10-02 14:39:29,25789,pairwise,VerletListsCells,1.000000,vlc_sliced_balanced,none,SoA,enabled,56187500000,4125000000,4281250000,4312500000,4281250000,4312500000,4031250000,4031250000,4000000000,4031250000,9359375000,9359375000,10
2025-10-02 14:39:29,25799,pairwise,VerletListsCells,1.000000,vlc_sliced_balanced,squared-particles-per-cell,AoS,disabled,19187500000,4781250000,4843750000,4781250000,4750000000,4750000000,4687500000,4750000000,4656250000,4625000000,6181249999,6181249999,10
2025-10-02 14:39:29,25809,pairwise,VerletListsCells,1.000000,vlc_sliced_balanced,squared-particles-per-cell,AoS,enabled,12875000000,2500000000,2500000000,2531250000,2500000000,2656250000,2531250000,2531250000,2562500000,2531250000,3571874999,3571874999,10
2025-10-02 14:39:30,25819,pairwise,VerletListsCells,1.000000,vlc_sliced_balanced,squared-particles-per-cell,SoA,disabled,87812500000,6343750000,6375000000,6531250000,6468750000,6687500000,6375000000,6593750000,6500000000,6687500000,14637499999,14637499999,10
2025-10-02 14:39:30,25829,pairwise,VerletListsCells,1.000000,vlc_sliced_balanced,squared-particles-per-cell,SoA,enabled,59625000000,4375000000,4343750000,4375000000,4250000000,4187500000,4125000000,4062500000,4093750000,4343750000,9778124999,9778124999,10
2025-10-02 14:39:31,25839,pairwise,VerletListsCells,1.000000,vlc_sliced_balanced,neighbor-list-length,AoS,disabled,19156250000,5000000000,4812500000,5062500000,4875000000,4906250000,4843750000,4875000000,4750000000,4937500000,6321874999,6321874999,10
2025-10-02 14:39:31,25849,pairwise,VerletListsCells,1.000000,vlc_sliced_balanced,neighbor-list-length,AoS,enabled,12687500000,2718750000,2468750000,2593750000,2531250000,2625000000,2437500000,2531250000,2562500000,2593750000,3575000000,3575000000,10
2025-10-02 14:39:31,25859,pairwise,VerletListsCells,1.000000,vlc_sliced_balanced,neighbor-list-length,SoA,disabled,89125000000,6687500000,6781250000,6718750000,6843750000,6750000000,6687500000,6968750000,6906250000,6687500000,15015625000,15015625000,10
2025-10-02 14:39:32,25869,pairwise,VerletListsCells,1.000000,vlc_sliced_balanced,neighbor-list-length,SoA,enabled,61343750000,4343750000,4281250000,4281250000,4312500000,4406250000,4156250000,3968750000,4125000000,4250000000,9946874999,9946874999,10
2025-10-02 14:39:32,25879,pairwise,VerletListsCells,1.000000,vlc_sliced_c02,none,AoS,disabled,20812500000,5906250000,5656250000,5750000000,6000000000,5812500000,5875000000,5937500000,6156250000,5875000000,7378124999,7378124999,10
2025-10-02 14:39:32,25889,pairwise,VerletListsCells,1.000000,vlc_sliced_c02,none,AoS,enabled,13343750000,3250000000,3000000000,3156250000,3187500000,3125000000,3218750000,3125000000,2968750000,3187500000,4156249999,4156249999,10
2025-10-02 14:39:33,25899,pairwise,VerletListsCells,1.000000,vlc_sliced_c02,none,SoA,disabled,89312500000,7781250000,7750000000,7875000000,7687500000,7656250000,8000000000,7781250000,7906250000,7531250000,15928124999,15928124999,10
2025-10-02 14:39:33,25909,pairwise,VerletListsCells,1.000000,vlc_sliced_c02,none,SoA,enabled,61593750000,4937500000,5062500000,4812500000,5218750000,4937500000,4875000000,4656250000,4843750000,4718750000,10565624999,10565624999,10
2025-10-02 14:39:33,25919,pairwise,PairwiseVerletLists,1.000000,vlp_c01,none,AoS,disabled,23656250000,3625000000,3468750000,3343750000,3531250000,3625000000,3437500000,3500000000,3531250000,3531250000,5524999999,5524999999,10
2025-10-02 14:39:34,25929,pairwise,PairwiseVerletLists,1.000000,vlp_c01,none,SoA,disabled,148937500000,6562500000,6187500000,6406250000,6343750000,6250000000,6625000000,6343750000,6312500000,6468750000,20643749999,20643749999,10
2025-10-02 14:39:34,25939,pairwise,PairwiseVerletLists,1.000000,vlp_c18,none,AoS,disabled,21843750000,3781250000,3531250000,3531250000,3531250000,3562500000,3468750000,3562500000,3593750000,3781250000,5418750000,5418750000,10
2025-10-02 14:39:34,25949,pairwise,PairwiseVerletLists,1.000000,vlp_c18,none,AoS,enabled,25500000000,2250000000,2375000000,2125000000,1968750000,2218750000,2125000000,2031250000,2281250000,2312500000,4518750000,4518750000,10
2025-10-02 14:39:35,25959,pairwise,PairwiseVerletLists,1.000000,vlp_c18,none,SoA,disabled,191875000000,6375000000,6156250000,6468750000,6093750000,6031250000,6281250000,6375000000,6343750000,6156250000,24815624999,24815624999,10
2025-10-02 14:39:36,25969,pairwise,PairwiseVerletLists,1.000000,vlp_c18,none,SoA,enabled,133968750000,4843750000,4781250000,4750000000,4718750000,5031250000,4750000000,4781250000,4781250000,4812500000,17721874999,17721874999,10
2025-10-02 14:39:36,25979,pairwise,PairwiseVerletLists,1.000000,vlp_sliced,none,AoS,disabled,25093750000,6593750000,6562500000,6812500000,6812500000,6593750000,6812500000,6656250000,6812500000,6687500000,8543749999,8543749999,10
2025-10-02 14:39:36,25989,pairwise,PairwiseVerletLists,1.000000,vlp_sliced,none,AoS,enabled,27093750000,3562500000,3187500000,3281250000,3218750000,3000000000,3187500000,2937500000,3156250000,3187500000,5581249999,5581249999,10
2025-10-02 14:39:37,25999,pairwise,PairwiseVerletLists,1.000000,vlp_sliced,none,SoA,disabled,185000000000,9375000000,9375000000,9406250000,9500000000,9218750000,9093750000,9312500000,9375000000,9343750000,26899999999,26899999999,10
2025-10-02 14:39:38,26009,pairwise,PairwiseVerletLists,1.000000,vlp_sliced,none,SoA,enabled,137187500000,6687500000,6468750000,6468750000,6718750000,6437500000,6312500000,6593750000,6687500000,6500000000,19606249999,19606249999,10
2025-10-02 14:39:38,26019,pairwise,PairwiseVerletLists,1.000000,vlp_sliced_balanced,none,AoS,disabled,25687500000,6593750000,6593750000,6750000000,6656250000,6656250000,6875000000,6718750000,6625000000,6625000000,8578124999,8578124999,10
2025-10-02 14:39:38,26029,pairwise,PairwiseVerletLists,1.000000,vlp_sliced_balanced,none,AoS,enabled,27281250000,3437500000,3156250000,3156250000,3250000000,3250000000,3218750000,3156250000,3250000000,3187500000,5634374999,5634374999,10
2025-10-02 14:39:39,26039,pairwise,PairwiseVerletLists,1.000000,vlp_sliced_balanced,none,SoA,disabled,186062500000,9531250000,9562500000,9500000000,9406250000,9625000000,9406250000,9437500000,9468750000,9687500000,27168749999,27168749999,10
2025-10-02 14:39:40,26049,pairwise,PairwiseVerletLists,1.000000,vlp_sliced_balanced,none,SoA,enabled,137656250000,6500000000,6593750000,6562500000,6781250000,6718750000,6687500000,6343750000,6687500000,6781250000,19731249999,19731249999,10
2025-10-02 14:39:40,26059,pairwise,PairwiseVerletLists,1.000000,vlp_sliced_c02,none,AoS,disabled,26250000000,8468750000,8406250000,8468750000,8375000000,8375000000,8468750000,8593750000,7687500000,8343750000,10143749999,10143749999,10
2025-10-02 14:39:41,26069,pairwise,PairwiseVerletLists,1.000000,vlp_sliced_c02,none,AoS,enabled,28093750000,4250000000,3968750000,4062500000,4125000000,4125000000,4062500000,4093750000,4156250000,4093750000,6503124999,6503124999,10
2025-10-02 14:39:42,26079,pairwise,PairwiseVerletLists,1.000000,vlp_sliced_c02,none,SoA,disabled,188812500000,11031250000,11312500000,11562500000,11531250000,10968750000,11406250000,11687500000,11437500000,11656250000,29140624999,29140624999,10
2025-10-02 14:39:42,26089,pairwise,PairwiseVerletLists,1.0000