Date,Iteration,Interaction Type,Container,CellSizeFactor,Traversal,Load Estimator,Data Layout,Newton 3,sample0,sample1,sample2,sample3,sample4,sample5,sample6,sample7,sample8,sample9,Reduced,Smoothed,Mean Rebuild Frequency
2025-10-02 14:25:05,9,pairwise,LinkedCells,1.000000,lc_c01,none,AoS,disabled,19659690856,18338867187,18854995727,18941726684,18581665039,16651580810,18949295043,17987731933,16729522705,17508026123,18220310209,18220310209,10
2025-10-02 14:25:05,19,pairwise,LinkedCells,1.000000,lc_c01,none,SoA,disabled,7688018798,7206848144,7541900634,7299438476,7244110107,7276947021,7214660644,7010345458,6815551757,6499114990,7179693602,7179693602,10
2025-10-02 14:25:05,29,pairwise,LinkedCells,1.000000,lc_c01_combined_SoA,none,SoA,disabled,5845916748,5626892089,5543670654,5514892578,5975006103,5784118652,5504547119,5582397460,5505218505,5793762207,5667642210,5667642210,10
2025-10-02 14:25:05,39,pairwise,LinkedCells,1.000000,lc_c04,none,AoS,disabled,15159301757,13575408935,13764312744,13798004150,14267089843,14140838623,13384460449,13755187988,14028381347,13940246582,13981323241,13981323241,10
2025-10-02 14:25:06,49,pairwise,LinkedCells,1.000000,lc_c04,none,AoS,enabled,8559020996,8495727539,8670715332,8417053222,8489929199,8463256835,8291870117,8834106445,8339660644,8506042480,8506738280,8506738280,10
2025-10-02 14:25:06,59,pairwise,LinkedCells,1.000000,lc_c04,none,SoA,disabled,7066528320,7031860351,7427490234,7139709472,7310791015,6803405761,7309631347,6866210937,6970947265,6742553710,7066912840,7066912840,10
2025-10-02 14:25:06,69,pairwise,LinkedCells,1.000000,lc_c04,none,SoA,enabled,4215881347,4293945312,4265258789,3818359375,4164550781,4359924316,4344421386,4055603027,4448486328,3863159179,4182958983,4182958983,10
2025-10-02 14:25:06,79,pairwise,LinkedCells,1.000000,lc_c04_HCP,none,AoS,disabled,13722839355,13053039550,13058105468,13106079101,13683471679,13176696777,13286132812,13297119140,13326538085,13194946289,13290496824,13290496824,10
2025-10-02 14:25:06,89,pairwise,LinkedCells,1.000000,lc_c04_HCP,none,AoS,enabled,7781433105,7943054199,7906738281,7470153808,7547485351,8132751464,7810119628,7540893554,8130065917,8055419921,7831811522,7831811522,10
2025-10-02 14:25:07,99,pairwise,LinkedCells,1.000000,lc_c04_HCP,none,SoA,disabled,6398559570,6463073730,6174621582,6328735351,6428833007,6346801757,6179443359,6085449218,6190063476,6408325195,6300390623,6300390623,10
2025-10-02 14:25:07,109,pairwise,LinkedCells,1.000000,lc_c04_HCP,none,SoA,enabled,4063110351,3975341796,3846313476,4327880859,4341064453,4242309570,4264404296,4032958984,3931518554,4017456054,4104235839,4104235839,10
2025-10-02 14:25:07,119,pairwise,LinkedCells,1.000000,lc_c04_combined_SoA,none,SoA,disabled,7267700195,7388183593,6629516601,7144531250,7652465820,7122924804,7257080078,7579589843,7686523437,7088745117,7281726073,7281726073,10
2025-10-02 14:25:07,129,pairwise,LinkedCells,1.000000,lc_c04_combined_SoA,none,SoA,enabled,4899414062,4990600585,4874389648,4518188476,4254150390,5144653320,5083129882,4719970703,4608398437,4915527343,4800842283,4800842283,10
2025-10-02 14:25:07,139,pairwise,LinkedCells,1.000000,lc_c08,none,AoS,disabled,13109497070,12748535156,13073974609,12099365234,13464477539,12403564453,13180175781,13162963867,12617675781,13093872070,12895410155,12895410155,10
2025-10-02 14:25:08,149,pairwise,LinkedCells,1.000000,lc_c08,none,AoS,enabled,8155029296,8174316406,8169189453,8442382812,8359375000,8299072265,7903930664,8072021484,7804077148,7505126953,8088452147,8088452147,10
2025-10-02 14:25:08,159,pairwise,LinkedCells,1.000000,lc_c08,none,SoA,disabled,6456176757,6012084960,6074707031,6250732421,6167114257,6052856445,6081298828,6182983398,6287597656,5997558593,6156311034,6156311034,10
2025-10-02 14:25:08,169,pairwise,LinkedCells,1.000000,lc_c08,none,SoA,enabled,4195312500,4238891601,4052978515,4080078125,4035644531,4019165039,4338256835,4101318359,4376464843,4210815429,4164892577,4164892577,10
2025-10-02 14:25:08,179,pairwise,LinkedCells,1.000000,lc_c18,none,AoS,disabled,11240356445,11289184570,11207519531,11191040039,11175048828,11169677734,11137207031,11163452148,11124023437,11287231445,11198474120,11198474120,10
2025-10-02 14:25:08,189,pairwise,LinkedCells,1.000000,lc_c18,none,AoS,enabled,7172363281,7151000976,7359252929,7200317382,7261840820,7288696289,7161376953,7265869140,7197387695,7350341796,7240844725,7240844725,10
2025-10-02 14:25:09,199,pairwise,LinkedCells,1.000000,lc_c18,none,SoA,disabled,5854248046,5568115234,5484863281,5741088867,5984985351,5537109375,5817260742,5694335937,5691040039,5991943359,5736499022,5736499022,10
2025-10-02 14:25:09,209,pairwise,LinkedCells,1.000000,lc_c18,none,SoA,enabled,3725341796,4008666992,3738159179,3571166992,3803466796,3751831054,3707397460,3868530273,3785278320,3692504882,3765234374,3765234374,10
2025-10-02 14:25:09,219,pairwise,LinkedCells,1.000000,lc_sliced,none,AoS,disabled,12185058593,12118286132,12103393554,12088256835,12191772460,12575195312,12126342773,12139038085,12038452148,12026733398,12159252929,12159252929,10
2025-10-02 14:25:09,229,pairwise,LinkedCells,1.000000,lc_sliced,none,AoS,enabled,7574218750,7686401367,7848388671,7743652343,7570800781,7817260742,7734863281,7891967773,7635498046,7904296875,7740734862,7740734862,10
2025-10-02 14:25:09,239,pairwise,LinkedCells,1.000000,lc_sliced,none,SoA,disabled,5610839843,5543457031,5893554687,5439208984,5797119140,5701171875,5802490234,5662109375,5686767578,5706542968,5684326171,5684326171,10
2025-10-02 14:25:09,249,pairwise,LinkedCells,1.000000,lc_sliced,none,SoA,enabled,3315917968,3302734375,3234619140,3242431640,3250488281,3343017578,3490722656,3258300781,3382080078,3304687500,3312499999,3312499999,10
2025-10-02 14:25:10,259,pairwise,LinkedCells,1.000000,lc_sliced_balanced,none,AoS,disabled,12093017578,12038818359,12233642578,12135986328,12067626953,12062744140,12072998046,12239746093,12073730468,12098388671,12111669921,12111669921,10
2025-10-02 14:25:10,269,pairwise,LinkedCells,1.000000,lc_sliced_balanced,none,AoS,enabled,7603027343,7604003906,7780273437,7657226562,7450439453,7622802734,7567382812,7445800781,7458251953,7441162109,7563037108,7563037108,10
2025-10-02 14:25:10,279,pairwise,LinkedCells,1.000000,lc_sliced_balanced,none,SoA,disabled,5689453125,5517089843,5732666015,5617675781,5757080078,5503173828,5573486328,5669433593,5523437500,5660888671,5624438475,5624438475,10
2025-10-02 14:25:10,289,pairwise,LinkedCells,1.000000,lc_sliced_balanced,none,SoA,enabled,3321533203,3444335937,3368652343,3355224609,3221679687,3228515625,3236328125,3323974609,3358398437,3345214843,3320385741,3320385741,10
2025-10-02 14:25:11,299,pairwise,LinkedCells,1.000000,lc_sliced_balanced,squared-particles-per-cell,AoS,disabled,12306884765,12224365234,12167968750,12272460937,12246826171,12010253906,12235595703,12208984375,12239746093,12220947265,12213403319,12213403319,10
2025-10-02 14:25:11,309,pairwise,LinkedCells,1.000000,lc_sliced_balanced,squared-particles-per-cell,AoS,enabled,7576660156,7580566406,7714843750,7659179687,7624267578,7586914062,7537597656,7650390625,7706054687,7593505859,7622998046,7622998046,10
2025-10-02 14:25:11,319,pairwise,LinkedCells,1.000000,lc_sliced_balanced,squared-particles-per-cell,SoA,disabled,6041259765,5744873046,5680908203,5715332031,5780273437,5744873046,5893066406,5797119140,5710937500,5635742187,5774438475,5774438475,10
2025-10-02 14:25:11,329,pairwise,LinkedCells,1.000000,lc_sliced_balanced,squared-particles-per-cell,SoA,enabled,3464111328,3395751953,3626708984,3488769531,3340087890,3298095703,3348144531,3320312500,3242431640,3529541015,3405395507,3405395507,10
2025-10-02 14:25:12,339,pairwise,LinkedCells,1.000000,lc_sliced_c02,none,AoS,disabled,13350097656,13425048828,13447753906,13502929687,13286376953,13389892578,13166748046,13222167968,13346191406,13254394531,13339160155,13339160155,10
2025-10-02 14:25:12,349,pairwise,LinkedCells,1.000000,lc_sliced_c02,none,AoS,enabled,8382080078,8306640625,8419189453,8419189453,8606933593,8384765625,8464599609,8431884765,8405029296,8549804687,8437011718,8437011718,10
2025-10-02 14:25:12,359,pairwise,LinkedCells,1.000000,lc_sliced_c02,none,SoA,disabled,6310302734,6137939453,6204101562,6326904296,6029785156,6026367187,5970214843,6203857421,6231445312,5845703125,6128662108,6128662108,10
2025-10-02 14:25:12,369,pairwise,LinkedCells,1.000000,lc_sliced_c02,none,SoA,enabled,3552734375,3614501953,3535400390,3627929687,3581298828,3607666015,3750732421,3468505859,3586181640,3654296875,3597924804,3597924804,10
2025-10-02 14:25:13,379,pairwise,VerletClusterLists,1.000000,vcl_c01_balanced,none,AoS,disabled,107102539062,21697265625,22013916015,21872070312,22008300781,21812988281,21776611328,21800537109,21832519531,21770751953,30368749999,30368749999,10
2025-10-02 14:25:14,389,pairwise,VerletClusterLists,1.000000,vcl_c01_balanced,none,SoA,disabled,86241943359,7968261718,8139160156,8088134765,7846923828,8035156250,7971435546,7929687500,8101562500,7895507812,15821777342,15821777342,10
2025-10-02 14:25:15,399,pairwise,VerletClusterLists,1.000000,vcl_c06,none,AoS,disabled,108856201171,32927001953,33147216796,32801269531,32979492187,32884765625,32602539062,33325195312,32805908203,33088867187,40541845702,40541845702,10
2025-10-02 14:25:15,409,pairwise,VerletClusterLists,1.000000,vcl_c06,none,AoS,enabled,55003173828,15436523437,15602539062,15597656250,15470703125,15197753906,15552734375,15400878906,15538574218,15577148437,19437768554,19437768554,10
2025-10-02 14:25:16,419,pairwise,VerletClusterLists,1.000000,vcl_c06,none,SoA,disabled,88571777343,11978027343,11944335937,11876464843,12062011718,11952636718,12126953125,12250976562,11944335937,12006347656,19671386717,19671386717,10
2025-10-02 14:25:16,429,pairwise,VerletClusterLists,1.000000,vcl_c06,none,SoA,enabled,45262207031,5884765625,5891113281,5825195312,5875000000,6202636718,6028320312,5824707031,5807617187,6051757812,9865332030,9865332030,10
2025-10-02 14:25:18,439,pairwise,VerletClusterLists,1.000000,vcl_sliced,none,AoS,disabled,119480957031,42419921875,42295898437,42316406250,43500976562,42474121093,43614746093,43152343750,42395507812,42393554687,50404443358,50404443358,10
2025-10-02 14:25:19,449,pairwise,VerletClusterLists,1.000000,vcl_sliced,none,AoS,enabled,61351562500,22051757812,22206054687,22017089843,22087402343,22033691406,22456054687,22083984375,21887207031,22072753906,26024755858,26024755858,10
2025-10-02 14:25:19,459,pairwise,VerletClusterLists,1.000000,vcl_sliced,none,SoA,disabled,88418945312,12683105468,12753417968,12884765625,12686523437,12713378906,12754394531,12793457031,12815917968,12854492187,20335839842,20335839842,10
2025-10-02 14:25:20,469,pairwise,VerletClusterLists,1.000000,vcl_sliced,none,SoA,enabled,46571777343,7077148437,7120117187,7052734375,7104980468,6917968750,7109375000,6955078125,7038574218,7063964843,11001171874,11001171874,10
2025-10-02 14:25:21,479,pairwise,VerletClusterLists,1.000000,vcl_sliced_balanced,none,AoS,disabled,117071777343,39990722656,39941894531,39968750000,40102050781,40042968750,40356445312,39929199218,40137207031,39923828125,47746484373,47746484373,10
2025-10-02 14:25:22,489,pairwise,VerletClusterLists,1.000000,vcl_sliced_balanced,none,AoS,enabled,59468750000,20221191406,20240234375,20296386718,20190429687,20272460937,20015136718,20250976562,20371093750,20256347656,24158300780,24158300780,10
2025-10-02 14:25:22,499,pairwise,VerletClusterLists,1.000000,vcl_sliced_balanced,none,SoA,disabled,88092773437,11831542968,11881347656,11759277343,11824707031,11808105468,11819335937,11860839843,11824218750,11780761718,19448291014,19448291014,10
2025-10-02 14:25:23,509,pairwise,VerletClusterLists,1.000000,vcl_sliced_balanced,none,SoA,enabled,45728027343,6339843750,6290039062,6445312500,6534179687,6498046875,6467285156,6226074218,6445800781,6353027343,10332763670,10332763670,10
2025-10-02 14:25:24,519,pairwise,VerletClusterLists,1.000000,vcl_sliced_balanced,neighbor-list-length,AoS,disabled,124530273437,40560546875,40553710937,40607421875,40561035156,40624023437,40571777343,40659179687,40513183593,40653320312,48983447264,48983447264,10
2025-10-02 14:25:25,529,pairwise,VerletClusterLists,1.000000,vcl_sliced_balanced,neighbor-list-length,AoS,enabled,59726074218,20553710937,20606933593,20498535156,20528808593,20420410156,20334960937,20396972656,20682128906,20497558593,24424609373,24424609373,10
2025-10-02 14:25:25,539,pairwise,VerletClusterLists,1.000000,vcl_sliced_balanced,neighbor-list-length,SoA,disabled,87566894531,11910644531,11891601562,12046875000,12027343750,11925781250,11921386718,11928222656,11784667968,12143066406,19514648437,19514648437,10
2025-10-02 14:25:26,549,pairwise,VerletClusterLists,1.000000,vcl_sliced_balanced,neighbor-list-length,SoA,enabled,45829101562,6351074218,6509765625,6304687500,6172363281,6469238281,6332031250,6282714843,6469726562,6372070312,10309277343,10309277343,10
2025-10-02 14:25:28,559,pairwise,VerletClusterLists,1.000000,vcl_sliced_c02,none,AoS,disabled,130479492187,47810058593,47645019531,47420410156,47232421875,47531250000,47595214843,47327148437,47701171875,47622070312,55836425780,55836425780,10
2025-10-02 14:25:28,569,pairwise,VerletClusterLists,1.000000,vcl_sliced_c02,none,AoS,enabled,63960937500,24196289062,24133789062,24368164062,24277343750,24315429687,24563476562,24343750000,24243164062,24226562500,28262890623,28262890623,10
2025-10-02 14:25:29,579,pairwise,VerletClusterLists,1.000000,vcl_sliced_c02,none,SoA,disabled,91928710937,14525390625,14745117187,14601562500,14520507812,14546875000,14559570312,14575195312,14522460937,14692382812,22321777342,22321777342,10
2025-10-02 14:25:30,589,pairwise,VerletClusterLists,1.000000,vcl_sliced_c02,none,SoA,enabled,47441406250,7998046875,8132812500,7862304687,8055664062,7978515625,8054687500,8041015625,8097656250,8011718750,11967382811,11967382811,10
2025-10-02 14:25:30,599,pairwise,VerletLists,1.000000,vl_list_iteration,none,AoS,disabled,42017578125,9203125000,9246093750,9032226562,9257812500,9095703125,9063476562,9210937500,9146484375,9223632812,12449707030,12449707030,10
2025-10-02 14:25:31,609,pairwise,VerletLists,1.000000,vl_list_iteration,none,SoA,disabled,112653320312,8788085937,8681640625,8605468750,8554687500,8765625000,8804687500,8519531250,8594726562,8695312500,19066308593,19066308593,10
2025-10-02 14:25:31,619,pairwise,VerletListsCells,1.000000,vlc_c01,none,AoS,disabled,42289062500,6856445312,7137695312,6973632812,6747070312,7010742187,6955078125,6889648437,6726562500,7063476562,10464941405,10464941405,10
2025-10-02 14:25:31,629,pairwise,VerletListsCells,1.000000,vlc_c01,none,SoA,disabled,103570312500,6651367187,6550781250,6619140625,6726562500,6486328125,6637695312,6682617187,6444335937,6664062500,16303320312,16303320312,10
2025-10-02 14:25:32,639,pairwise,VerletListsCells,1.000000,vlc_c18,none,AoS,disabled,39586914062,7156250000,7089843750,7036132812,6930664062,6961914062,6999023437,7046875000,7168945312,6890625000,10286718749,10286718749,10
2025-10-02 14:25:32,649,pairwise,VerletListsCells,1.000000,vlc_c18,none,AoS,enabled,21721679687,3722656250,3745117187,3907226562,3957031250,3982421875,3812500000,3977539062,3989257812,3724609375,5654003906,5654003906,10
2025-10-02 14:25:33,659,pairwise,VerletListsCells,1.000000,vlc_c18,none,SoA,disabled,175031250000,8515625000,8439453125,8546875000,8615234375,8602539062,8573242187,8619140625,8548828125,8485351562,25197753905,25197753905,10
2025-10-02 14:25:33,669,pairwise,VerletListsCells,1.000000,vlc_c18,none,SoA,enabled,94519531250,6133789062,6186523437,6041992187,6130859375,5820312500,6080078125,5965820312,6066406250,6082031250,14902734374,14902734374,10
2025-10-02 14:25:33,679,pairwise,VerletListsCells,1.000000,vlc_c08,none,AoS,disabled,32492187500,6782226562,6926757812,6755859375,6968750000,6678710937,6823242187,6678710937,6723632812,6799804687,9362988280,9362988280,10
2025-10-02 14:25:34,689,pairwise,VerletListsCells,1.000000,vlc_c08,none,AoS,enabled,23604492187,3982421875,3735351562,4065429687,3807617187,3725585937,3991210937,3789062500,3963867187,3967773437,5863281248,5863281248,10
2025-10-02 14:25:34,699,pairwise,VerletListsCells,1.000000,vlc_c08,none,SoA,disabled,150209960937,7754882812,7731445312,7632812500,7712890625,7708007812,7860351562,7728515625,7763671875,7628906250,21973144530,21973144530,10
2025-10-02 14:25:35,709,pairwise,VerletListsCells,1.000000,vlc_c08,none,SoA,enabled,106992187500,6184570312,6296875000,6306640625,6309570312,6362304687,6411132812,6397460937,6424804687,6455078125,16414062499,16414062499,10
2025-10-02 14:25:35,719,pairwise,VerletListsCells,1.000000,vlc_sliced,none,AoS,disabled,41444335937,10887695312,10731445312,10715820312,10904296875,10916015625,10916015625,10875000000,10944335937,10854492187,13918945312,13918945312,10
2025-10-02 14:25:35,729,pairwise,VerletListsCells,1.000000,vlc_sliced,none,AoS,enabled,24539062500,5355468750,5248046875,5416992187,5275390625,5267578125,5245117187,5250976562,5259765625,5393554687,7225195311,7225195311,10
2025-10-02 14:25:36,739,pairwise,VerletListsCells,1.000000,vlc_sliced,none,SoA,disabled,188106445312,11191406250,11109375000,11215820312,10844726562,11044921875,11052734375,11073242187,11060546875,11184570312,28788378905,28788378905,10
2025-10-02 14:25:37,749,pairwise,VerletListsCells,1.000000,vlc_sliced,none,SoA,enabled,97237304687,7187500000,7024414062,7156250000,6993164062,7042968750,7000000000,7041992187,7026367187,7102539062,16081249999,16081249999,10
2025-10-02 14:25:37,759,pairwise,VerletListsCells,1.000000,vlc_sliced_balanced,none,AoS,disabled,39196289062,10710937500,10677734375,10760742187,10468750000,10836914062,10800781250,10683593750,10732421875,10805664062,13567382812,13567382812,10
2025-10-02 14:25:38,769,pairwise,VerletListsCells,1.000000,vlc_sliced_balanced,none,AoS,enabled,23295898437,5229492187,5308593750,5342773437,5411132812,5207031250,5401367187,5397460937,5372070312,5133789062,7109960937,7109960937,10
2025-10-02 14:25:38,779,pairwise,VerletListsCells,1.000000,vlc_sliced_balanced,none,SoA,disabled,175664062500,10671875000,10870117187,10790039062,10603515625,10755859375,10758789062,10701171875,10713867187,10570312500,27209960936,27209960936,10
2025-10-02 14:25:39,789,pairwise,VerletListsCells,1.000000,vlc_sliced_balanced,none,SoA,enabled,96320312500,7007812500,6966796875,6872070312,6876953125,6991210937,7219726562,6759765625,6947265625,6990234375,15895214842,15895214842,10
2025-10-02 14:25:39,799,pairwise,VerletListsCells,1.000000,vlc_sliced_balanced,squared-particles-per-cell,AoS,disabled,40652343750,10472656250,10320312500,10166015625,10476562500,10290039062,10276367187,10273437500,10458007812,10484375000,13387011717,13387011717,10
2025-10-02 14:25:40,809,pairwise,VerletListsCells,1.000000,vlc_sliced_balanced,squared-particles-per-cell,AoS,enabled,23930664062,5409179687,5350585937,5307617187,5500976562,5366210937,5354492187,5544921875,5369140625,5596679687,7273046874,7273046874,10
2025-10-02 14:25:40,819,pairwise,VerletListsCells,1.000000,vlc_sliced_balanced,squared-particles-per-cell,SoA,disabled,168599609375,10487304687,10374023437,10496093750,10391601562,10480468750,10564453125,10429687500,10453125000,10373046875,26264941405,26264941405,10
2025-10-02 14:25:41,829,pairwise,VerletListsCells,1.000000,vlc_sliced_balanced,squared-particles-per-cell,SoA,enabled,97958007812,6914062500,7076171875,6985351562,6974609375,6783203125,7010742187,6895507812,7116210937,7026367187,16074023437,16074023437,10
2025-10-02 14:25:41,839,pairwise,VerletListsCells,1.000000,vlc_sliced_balanced,neighbor-list-length,AoS,disabled,40865234375,10522460937,10697265625,10652343750,10541015625,10504882812,10683593750,10535156250,10748046875,10693359375,13644335936,13644335936,10
2025-10-02 14:25:42,849,pairwise,VerletListsCells,1.000000,vlc_sliced_balanced,neighbor-list-length,AoS,enabled,24263671875,5604492187,5552734375,5383789062,5541992187,5417968750,5491210937,5510742187,5616210937,5526367187,7390917968,7390917968,10
2025-10-02 14:25:43,859,pairwise,VerletListsCells,1.000000,vlc_sliced_balanced,neighbor-list-length,SoA,disabled,169444335937,10886718750,10833007812,10670898437,10867187500,11041015625,10842773437,10793945312,10806640625,10779296875,26696582030,26696582030,10
2025-10-02 14:25:43,869,pairwise,VerletListsCells,1.000000,vlc_sliced_balanced,neighbor-list-length,SoA,enabled,101146484375,7212890625,7172851562,7149414062,6981445312,7170898437,7141601562,7021484375,7085937500,7081054687,16516406249,16516406249,10
2025-10-02 14:25:44,879,pairwise,VerletListsCells,1.000000,vlc_sliced_c02,none,AoS,disabled,42300781250,12999023437,12970703125,13040039062,12918945312,12929687500,13008789062,12930664062,13095703125,13005859375,15920019530,15920019530,10
2025-10-02 14:25:44,889,pairwise,VerletListsCells,1.000000,vlc_sliced_c02,none,AoS,enabled,24990234375,6971679687,6967773437,7019531250,6833984375,7009765625,6767578125,6850585937,6823242187,6986328125,8722070311,8722070311,10
2025-10-02 14:25:45,899,pairwise,VerletListsCells,1.000000,vlc_sliced_c02,none,SoA,disabled,169251953125,12698242187,12566406250,12667968750,12704101562,12554687500,12661132812,12750976562,12699218750,12820312500,28337499999,28337499999,10
2025-10-02 14:25:45,909,pairwise,VerletListsCells,1.000000,vlc_sliced_c02,none,SoA,enabled,100832031250,8243164062,8189453125,8452148437,8248046875,8261718750,8394531250,8215820312,8391601562,8389648437,17561816405,17561816405,10
2025-10-02 14:25:46,919,pairwise,PairwiseVerletLists,1.000000,vlp_c01,none,AoS,disabled,48776367187,7820312500,7457031250,7786132812,7699218750,7623046875,7707031250,7620117187,7696289062,7639648437,11782519530,11782519530,10
2025-10-02 14:25:47,929,pairwise,PairwiseVerletLists,1.000000,vlp_c01,none,SoA,disabled,266238281250,10539062500,10528320312,10640625000,10430664062,10564453125,10502929687,10421875000,10426757812,10502929687,36079589843,36079589843,10
2025-10-02 14:25:47,939,pairwise,PairwiseVerletLists,1.000000,vlp_c18,none,AoS,disabled,44973632812,8219726562,8133789062,8227539062,8196289062,8187500000,8183593750,8236328125,8252929687,8070312500,11868164061,11868164061,10
2025-10-02 14:25:48,949,pairwise,PairwiseVerletLists,1.000000,vlp_c18,none,AoS,enabled,45681640625,4665039062,4559570312,4564453125,4608398437,4679687500,4663085937,4626953125,4536132812,4833984375,8741894530,8741894530,10
2025-10-02 14:25:49,959,pairwise,PairwiseVerletLists,1.000000,vlp_c18,none,SoA,disabled,311909179687,10664062500,10690429687,10549804687,10372070312,10635742187,10706054687,10846679687,10382812500,10743164062,40749999999,40749999999,10
2025-10-02 14:25:50,969,pairwise,PairwiseVerletLists,1.000000,vlp_c18,none,SoA,enabled,209338867187,8247070312,8119140625,8102539062,8135742187,8090820312,7891601562,8023437500,8055664062,8049804687,28205468748,28205468748,10
2025-10-02 14:25:50,979,pairwise,PairwiseVerletLists,1.000000,vlp_sliced,none,AoS,disabled,49223632812,12500000000,12555664062,12354492187,12319335937,12427734375,12358398437,12424804687,12458007812,12344726562,16096679686,16096679686,10
2025-10-02 14:25:51,989,pairwise,PairwiseVerletLists,1.000000,vlp_sliced,none,AoS,enabled,51231445312,6194335937,5904296875,6083007812,6205078125,6009765625,6097656250,6183593750,6140625000,6261718750,10631152343,10631152343,10
2025-10-02 14:25:52,999,pairwise,PairwiseVerletLists,1.000000,vlp_sliced,none,SoA,disabled,295772460937,12739257812,13328125000,13350585937,13816406250,13122070312,13368164062,13608398437,12983398437,13684570312,41577343748,41577343748,10
2025-10-02 14:25:53,1009,pairwise,PairwiseVerletLists,1.000000,vlp_sliced,none,SoA,enabled,214145507812,9509765625,9603515625,9357421875,9539062500,9462890625,9748046875,9720703125,9621093750,9609375000,30031738280,30031738280,10
2025-10-02 14:25:53,1019,pairwise,PairwiseVerletLists,1.000000,vlp_sliced_balanced,none,AoS,disabled,49916015625,12556640625,12568359375,12603515625,12509765625,12742187500,12636718750,12519531250,12728515625,12482421875,16326367186,16326367186,10
2025-10-02 14:25:54,1029,pairwise,PairwiseVerletLists,1.000000,vlp_sliced_balanced,none,AoS,enabled,49431640625,6250000000,6033203125,6041015625,6083984375,6089843750,6041015625,6294921875,6056640625,6083984375,10440624999,10440624999,10
2025-10-02 14:25:55,1039,pairwise,PairwiseVerletLists,1.000000,vlp_sliced_balanced,none,SoA,disabled,291099609375,12917968750,12761718750,12958984375,12978515625,12816406250,12935546875,13064453125,12970703125,12992187500,40749609374,40749609374,10
2025-10-02 14:25:56,1049,pairwise,PairwiseVerletLists,1.000000,vlp_sliced_balanced,none,SoA,enabled,213285156250,9658203125,9613281250,9609375000,9414062500,9451171875,9681640625,9494140625,9630859375,9482421875,29932031249,29932031249,10
2025-10-02 14:25:57,1059,pairwise,PairwiseVerletLists,1.000000,vlp_sliced_c02,none,AoS,disabled,52697265625,15376953125,15431640625,15587890625,15482421875,15308593750,15466796875,15244140625,15580078125,15484375000,19166015624,19166015624,10
2025-10-02 14:25:57,1069,pairwise,PairwiseVerletLists,1.000000,vlp_sliced_c02,none,AoS,enabled,53250000000,7564453125,7630859375,7634765625,7640625000,7652343750,7632812500,7546875000,7611328125,7570312500,12173437500,12173437500,10
2025-10-02 14:25:59,1079,pairwise,PairwiseVerletLists,1.000000,vlp_sliced_c02,none,SoA,disabled,299292968750,16548828125,15773437500,15746093750,15751953125,16568359375,16566406250,16660156250,16476562500,16589843750,44597460937,44597460937,10
2025-10-02 14:26:00,1089,pairwise,PairwiseVerletLists,1.000000,vlp_sliced_c02,none,SoA,enabled,216105468750,11685546875,11666015625,11537109375,11546875000,11513671875,11830078125,11648437500,11609375000,11818359375,32096093749,32096093749,10
2025-10-02 14:26:00,1099,pairwise,PairwiseVerletLists,1.000000,vlp_c08,none,AoS,disabled,45201171875,9515625000,9435546875,9322265625,9445312500,9244140625,9472656250,9455078125,9537109375,9587890625,13021679687,13021679687,10
2025-10-02 14:26:00,1109,pairwise,PairwiseVerletLists,1.000000,vlp_c08,none,AoS,enabled,52683593750,4966796875,5306640625,4833984375,5093750000,5076171875,4960937500,4988281250,4996093750,5029296875,9793554686,9793554686,10
2025-10-02 14:26:02,1119,pairwise,PairwiseVerletLists,1.000000,vlp_c08,none,SoA,disabled,294535156250,12068359375,12183593750,12001953125,11984375000,11972656250,12130859375,12083984375,12035156250,12101562500,40309765625,40309765625,10
2025-10-02 14:26:02,1129,pairwise,PairwiseVerletLists,1.000000,vlp_c08,none,SoA,enabled,213968750000,8792968750,8724609375,8583984375,8570312500,8732421875,8683593750,8542968750,8773437500,8591796875,29196484374,29196484374,10
2025-10-02 14:27:55,5009,pairwise,LinkedCells,1.000000,lc_c01,none,AoS,disabled,11140625000,11929687500,12410156250,11722656250,12613281250,12312500000,12421875000,12417968750,12914062500,12066406250,12194921874,12194921874,10
2025-10-02 14:27:56,5019,pairwise,LinkedCells,1.000000,lc_c01,none,SoA,disabled,7011718750,6011718750,5929687500,6351562500,6984375000,6777343750,7183593750,6546875000,6535156250,5878906250,6521093749,6521093749,10
2025-10-02 14:27:56,5029,pairwise,LinkedCells,1.000000,lc_c01_combined_SoA,none,SoA,disabled,5175781250,4992187500,5113281250,5203125000,5507812500,5664062500,5308593750,5507812500,5554687500,5582031250,5360937499,5360937499,10
2025-10-02 14:27:56,5039,pairwise,LinkedCells,1.000000,lc_c04,none,AoS,disabled,8671875000,8671875000,8539062500,8437500000,7808593750,8082031250,8390625000,8031250000,8257812500,7960937500,8285156250,8285156250,10
2025-10-02 14:27:56,5049,pairwise,LinkedCells,1.000000,lc_c04,none,AoS,enabled,6453125000,6101562500,6402343750,5968750000,6054687500,5859375000,5648437500,5722656250,5632812500,5597656250,5944140624,5944140624,10
2025-10-02 14:27:56,5059,pairwise,LinkedCells,1.000000,lc_c04,none,SoA,disabled,6328125000,5699218750,6406250000,6121093750,5679687500,6152343750,6003906250,5468750000,5917968750,6050781250,5982812499,5982812499,10
2025-10-02 14:27:56,5069,pairwise,LinkedCells,1.000000,lc_c04,none,SoA,enabled,3500000000,3859375000,4355468750,3656250000,3605468750,3960937500,3851562500,3585937500,3632812500,3671875000,3767968749,3767968749,10
2025-10-02 14:27:57,5079,pairwise,LinkedCells,1.000000,lc_c04_HCP,none,AoS,disabled,7687500000,7382812500,7421875000,7457031250,7589843750,7109375000,7367187500,7304687500,7156250000,7796875000,7427343750,7427343750,10
2025-10-02 14:27:57,5089,pairwise,LinkedCells,1.000000,lc_c04_HCP,none,AoS,enabled,5636718750,5625000000,5871093750,5851562500,6027343750,5457031250,5722656250,5722656250,5695312500,5882812500,5749218750,5749218750,10
2025-10-02 14:27:57,5099,pairwise,LinkedCells,1.000000,lc_c04_HCP,none,SoA,disabled,6378906250,6316406250,6343750000,5800781250,5796875000,6527343750,6304687500,6167968750,6027343750,6261718750,6192578125,6192578125,10
2025-10-02 14:27:57,5109,pairwise,LinkedCells,1.000000,lc_c04_HCP,none,SoA,enabled,4542968750,4531250000,4246093750,3917968750,4417968750,4222656250,4292968750,4386718750,4066406250,4351562500,4297656249,4297656249,10
2025-10-02 14:27:57,5119,pairwise,LinkedCells,1.000000,lc_c04_combined_SoA,none,SoA,disabled,7207031250,6953125000,6492187500,6968750000,7226562500,6796875000,6742187500,7109375000,7035156250,6613281250,6914453124,6914453124,10
2025-10-02 14:27:57,5129,pairwise,LinkedCells,1.000000,lc_c04_combined_SoA,none,SoA,enabled,4835937500,5566406250,5351562500,4929687500,4453125000,5019531250,5277343750,5164062500,4828125000,4957031250,5038281249,5038281249,10
2025-10-02 14:27:57,5139,pairwise,LinkedCells,1.000000,lc_c08,none,AoS,disabled,8160156250,7921875000,7890625000,7796875000,7671875000,7953125000,7648437500,7507812500,7429687500,7917968750,7789843749,7789843749,10
2025-10-02 14:27:58,5149,pairwise,LinkedCells,1.000000,lc_c08,none,AoS,enabled,5933593750,5609375000,5871093750,6152343750,5773437500,5660156250,5738281250,5855468750,6285156250,5800781250,5867968749,5867968749,10
2025-10-02 14:27:58,5159,pairwise,LinkedCells,1.000000,lc_c08,none,SoA,disabled,6171875000,7136718750,7183593750,6898437500,6589843750,7347656250,6792968750,6835937500,7011718750,6929687500,6889843749,6889843749,10
2025-10-02 14:27:58,5169,pairwise,LinkedCells,1.000000,lc_c08,none,SoA,enabled,4960937500,4597656250,5539062500,5140625000,5289062500,5054687500,4992187500,5449218750,5078125000,4984375000,5108593750,5108593750,10
2025-10-02 14:27:58,5179,pairwise,LinkedCells,1.000000,lc_c18,none,AoS,disabled,7953125000,8156250000,7835937500,7332031250,8441406250,7929687500,7839843750,7765625000,8191406250,7746093750,7919140624,7919140624,10
2025-10-02 14:27:58,5189,pairwise,LinkedCells,1.000000,lc_c18,none,AoS,enabled,6128906250,5765625000,5968750000,5792968750,5847656250,6128906250,5742187500,5585937500,5761718750,6027343750,5874999999,5874999999,10
2025-10-02 14:27:58,5199,pairwise,LinkedCells,1.000000,lc_c18,none,SoA,disabled,7121093750,6941406250,6375000000,6421875000,6445312500,6359375000,6355468750,6300781250,6062500000,5984375000,6436718749,6436718749,10
2025-10-02 14:27:59,5209,pairwise,LinkedCells,1.000000,lc_c18,none,SoA,enabled,3996093750,4023437500,3929687500,4019531250,3804687500,3882812500,3804687500,3781250000,3910156250,3843750000,3899609374,3899609374,10
2025-10-02 14:27:59,5219,pairwise,LinkedCells,1.000000,lc_sliced,none,AoS,disabled,7695312500,7628906250,7914062500,7785156250,7648437500,7855468750,7679687500,7921875000,7777343750,7777343750,7768359374,7768359374,10
2025-10-02 14:27:59,5229,pairwise,LinkedCells,1.000000,lc_sliced,none,AoS,enabled,5757812500,5582031250,5679687500,5535156250,5601562500,5730468750,5375000000,5636718750,5464843750,5386718750,5575000000,5575000000,10
2025-10-02 14:27:59,5239,pairwise,LinkedCells,1.000000,lc_sliced,none,SoA,disabled,5628906250,5421875000,5375000000,5695312500,5605468750,5382812500,5421875000,5433593750,5636718750,5539062500,5514062499,5514062499,10
2025-10-02 14:27:59,5249,pairwise,LinkedCells,1.000000,lc_sliced,none,SoA,enabled,3359375000,3277343750,3492187500,3390625000,3527343750,3128906250,3355468750,3386718750,3335937500,3406250000,3366015624,3366015624,10
2025-10-02 14:27:59,5259,pairwise,LinkedCells,1.000000,lc_sliced_balanced,none,AoS,disabled,7742187500,7753906250,7687500000,7718750000,7804687500,7722656250,7699218750,7867187500,7730468750,7785156250,7751171874,7751171874,10
2025-10-02 14:28:00,5269,pairwise,LinkedCells,1.000000,lc_sliced_balanced,none,AoS,enabled,5601562500,5613281250,5808593750,5703125000,5582031250,5789062500,5535156250,5773437500,5593750000,5542968750,5654296875,5654296875,10
2025-10-02 14:28:00,5279,pairwise,LinkedCells,1.000000,lc_sliced_balanced,none,SoA,disabled,5765625000,5593750000,5617187500,5570312500,5617187500,5570312500,5554687500,5812500000,5601562500,5675781250,5637890624,5637890624,10
2025-10-02 14:28:00,5289,pairwise,LinkedCells,1.000000,lc_sliced_balanced,none,SoA,enabled,3460937500,3437500000,3511718750,3207031250,3554687500,3171875000,3429687500,3320312500,3406250000,3593750000,3409374999,3409374999,10
2025-10-02 14:28:00,5299,pairwise,LinkedCells,1.000000,lc_sliced_balanced,squared-particles-per-cell,AoS,disabled,7871093750,7816406250,7796875000,7898437500,7816406250,7917968750,7808593750,7859375000,7726562500,7597656250,7810937499,7810937499,10
2025-10-02 14:28:00,5309,pairwise,LinkedCells,1.000000,lc_sliced_balanced,squared-particles-per-cell,AoS,enabled,5625000000,5644531250,5570312500,5589843750,5492187500,5402343750,5523437500,5683593750,5375000000,5601562500,5550781249,5550781249,10
2025-10-02 14:28:00,5319,pairwise,LinkedCells,1.000000,lc_sliced_balanced,squared-particles-per-cell,SoA,disabled,6183593750,5578125000,5554687500,5570312500,5503906250,5800781250,5433593750,5644531250,5449218750,5613281250,5633203124,5633203124,10
2025-10-02 14:28:01,5329,pairwise,LinkedCells,1.000000,lc_sliced_balanced,squared-particles-per-cell,SoA,enabled,3550781250,3343750000,3460937500,3246093750,3359375000,3382812500,3484375000,3550781250,3406250000,3492187500,3427734375,3427734375,10
2025-10-02 14:28:01,5339,pairwise,LinkedCells,1.000000,lc_sliced_c02,none,AoS,disabled,7679687500,7925781250,7890625000,7921875000,7863281250,7695312500,7699218750,7550781250,7761718750,7863281250,7785156250,7785156250,10
2025-10-02 14:28:01,5349,pairwise,LinkedCells,1.000000,lc_sliced_c02,none,AoS,enabled,5656250000,5652343750,5593750000,5550781250,5578125000,5417968750,5542968750,5812500000,5488281250,5609375000,5590234374,5590234374,10
2025-10-02 14:28:01,5359,pairwise,LinkedCells,1.000000,lc_sliced_c02,none,SoA,disabled,6187500000,5714843750,5640625000,5421875000,5324218750,5632812500,5738281250,5503906250,5597656250,5546875000,5630859374,5630859374,10
2025-10-02 14:28:01,5369,pairwise,LinkedCells,1.000000,lc_sliced_c02,none,SoA,enabled,3394531250,3320312500,3199218750,3453125000,3210937500,3355468750,3679687500,3453125000,3398437500,3402343750,3386718749,3386718749,10
2025-10-02 14:28:02,5379,pairwise,VerletClusterLists,1.000000,vcl_c01_balanced,none,AoS,disabled,53765625000,12300781250,12503906250,12285156250,12078125000,12277343750,12250000000,12234375000,12140625000,12371093750,16420703124,16420703124,10
2025-10-02 14:28:02,5389,pairwise,VerletClusterLists,1.000000,vcl_c01_balanced,none,SoA,disabled,38687500000,4425781250,4484375000,4531250000,4445312500,4429687500,4304687500,4515625000,4410156250,4359375000,7859374999,7859374999,10
2025-10-02 14:28:03,5399,pairwise,VerletClusterLists,1.000000,vcl_c06,none,AoS,disabled,47773437500,13578125000,13890625000,13750000000,13738281250,13820312500,13996093750,13695312500,13601562500,13765625000,17160937499,17160937499,10
2025-10-02 14:28:03,5409,pairwise,VerletClusterLists,1.000000,vcl_c06,none,AoS,enabled,25875000000,7039062500,7003906250,6855468750,6703125000,6863281250,6914062500,6796875000,6972656250,6871093750,8789453124,8789453124,10
2025-10-02 14:28:03,5419,pairwise,VerletClusterLists,1.000000,vcl_c06,none,SoA,disabled,39308593750,5027343750,5097656250,4933593750,4921875000,4910156250,4906250000,5035156250,4980468750,4949218750,8407031249,8407031249,10
2025-10-02 14:28:03,5429,pairwise,VerletClusterLists,1.000000,vcl_c06,none,SoA,enabled,22136718750,2878906250,2839843750,2929687500,2796875000,2929687500,2894531250,2882812500,2843750000,2832031250,4796484374,4796484374,10
2025-10-02 14:28:04,5439,pairwise,VerletClusterLists,1.000000,vcl_sliced,none,AoS,disabled,57011718750,23007812500,23070312500,23046875000,22964843750,21687500000,21738281250,21015625000,22941406250,23031250000,25951562499,25951562499,10
2025-10-02 14:28:05,5449,pairwise,VerletClusterLists,1.000000,vcl_sliced,none,AoS,enabled,30964843750,11656250000,11898437500,11886718750,11863281250,12050781250,12066406250,11683593750,11085937500,11949218750,13710546874,13710546874,10
2025-10-02 14:28:05,5459,pairwise,VerletClusterLists,1.000000,vcl_sliced,none,SoA,disabled,40710937500,6902343750,6765625000,6878906250,6792968750,6656250000,6636718750,6750000000,6753906250,6511718750,10135937499,10135937499,10
2025-10-02 14:28:05,5469,pairwise,VerletClusterLists,1.000000,vcl_sliced,none,SoA,enabled,23027343750,3929687500,3753906250,3929687500,3937500000,3996093750,3839843750,3835937500,3835937500,3867187500,5795312499,5795312499,10
2025-10-02 14:28:06,5479,pairwise,VerletClusterLists,1.000000,vcl_sliced_balanced,none,AoS,disabled,60175781250,26121093750,26078125000,26082031250,26070312500,25984375000,25960937500,26175781250,26152343750,26085937500,29488671874,29488671874,10
2025-10-02 14:28:06,5489,pairwise,VerletClusterLists,1.000000,vcl_sliced_balanced,none,AoS,enabled,32312500000,13296875000,13382812500,13300781250,13511718750,13531250000,13312500000,13199218750,13312500000,13332031250,15249218749,15249218749,10
2025-10-02 14:28:07,5499,pairwise,VerletClusterLists,1.000000,vcl_sliced_balanced,none,SoA,disabled,42105468750,8093750000,8031250000,8199218750,8011718750,8148437500,7980468750,8136718750,7980468750,8121093750,11480859375,11480859375,10
2025-10-02 14:28:07,5509,pairwise,VerletClusterLists,1.000000,vcl_sliced_balanced,none,SoA,enabled,23535156250,4480468750,4496093750,4570312500,4542968750,4425781250,4695312500,4312500000,4535156250,4437500000,6403124999,6403124999,10
2025-10-02 14:28:08,5519,pairwise,VerletClusterLists,1.000000,vcl_sliced_balanced,neighbor-list-length,AoS,disabled,66113281250,26148437500,26027343750,26179687500,26031250000,26296875000,26062500000,26281250000,26210937500,25992187500,30134375000,30134375000,10
2025-10-02 14:28:08,5529,pairwise,VerletClusterLists,1.000000,vcl_sliced_balanced,neighbor-list-length,AoS,enabled,32355468750,13332031250,13308593750,13281250000,13515625000,13332031250,13332031250,13464843750,13316406250,13316406250,15255468750,15255468750,10
2025-10-02 14:28:09,5539,pairwise,VerletClusterLists,1.000000,vcl_sliced_balanced,neighbor-list-length,SoA,disabled,42339843750,8195312500,8097656250,8117187500,8011718750,8097656250,8078125000,8101562500,8207031250,8128906250,11537499999,11537499999,10
2025-10-02 14:28:09,5549,pairwise,VerletClusterLists,1.000000,vcl_sliced_balanced,neighbor-list-length,SoA,enabled,23683593750,4566406250,4468750000,4597656250,4609375000,4621093750,4433593750,4355468750,4679687500,4558593750,6457421874,6457421874,10
2025-10-02 14:28:10,5559,pairwise,VerletClusterLists,1.000000,vcl_sliced_c02,none,AoS,disabled,66445312500,26093750000,24855468750,26042968750,26710937500,27050781250,26160156250,26445312500,26398437500,28191406250,30439453124,30439453124,10
2025-10-02 14:28:11,5569,pairwise,VerletClusterLists,1.000000,vcl_sliced_c02,none,AoS,enabled,32960937500,13914062500,13500000000,13933593750,13105468750,13375000000,13671875000,13652343750,13523437500,14406250000,15604296875,15604296875,10
2025-10-02 14:28:11,5579,pairwise,VerletClusterLists,1.000000,vcl_sliced_c02,none,SoA,disabled,42777343750,8312500000,7988281250,8289062500,8402343750,8296875000,8214843750,8285156250,8453125000,8441406250,11746093749,11746093749,10
2025-10-02 14:28:11,5589,pairwise,VerletClusterLists,1.000000,vcl_sliced_c02,none,SoA,enabled,23914062500,4597656250,4687500000,4757812500,4710937500,4718750000,4464843750,4363281250,4414062500,4875000000,6550390625,6550390625,10
2025-10-02 14:28:11,5599,pairwise,VerletLists,1.000000,vl_list_iteration,none,AoS,disabled,26007812500,6175781250,6187500000,5863281250,5972656250,6035156250,6035156250,6019531250,6035156250,6121093750,8045312499,8045312499,10
2025-10-02 14:28:12,5609,pairwise,VerletLists,1.000000,vl_list_iteration,none,SoA,disabled,82621093750,4886718750,4710937500,4898437500,4777343750,4523437500,4726562500,4710937500,4597656250,4750000000,12520312499,12520312499,10
2025-10-02 14:28:12,5619,pairwise,VerletListsCells,1.000000,vlc_c01,none,AoS,disabled,27867187500,4054687500,4222656250,4132812500,4007812500,4031250000,4046875000,4082031250,3984375000,4007812500,6443749999,6443749999,10
2025-10-02 14:28:13,5629,pairwise,VerletListsCells,1.000000,vlc_c01,none,SoA,disabled,83707031250,5250000000,5066406250,5062500000,4976562500,4957031250,5054687500,5054687500,4949218750,4855468750,12893359374,12893359374,10
2025-10-02 14:28:13,5639,pairwise,VerletListsCells,1.000000,vlc_c18,none,AoS,disabled,22179687500,4324218750,4097656250,4066406250,4292968750,4023437500,4246093750,4242187500,4082031250,4304687500,5985937499,5985937499,10
2025-10-02 14:28:13,5649,pairwise,VerletListsCells,1.000000,vlc_c18,none,AoS,enabled,15597656250,2320312500,2390625000,2582031250,2328125000,2503906250,2492187500,2398437500,2343750000,2468750000,3742578124,3742578124,10
2025-10-02 14:28:13,5659,pairwise,VerletListsCells,1.000000,vlc_c18,none,SoA,disabled,131304687500,6531250000,6601562500,6507812500,6851562500,6468750000,6812500000,6476562500,6703125000,6710937500,19096874999,19096874999,10
2025-10-02 14:28:14,5669,pairwise,VerletListsCells,1.000000,vlc_c18,none,SoA,enabled,81992187500,4992187500,5156250000,5070312500,5242187500,5046875000,5039062500,4750000000,5031250000,4757812500,12707812499,12707812499,10
2025-10-02 14:28:14,5679,pairwise,VerletListsCells,1.000000,vlc_c08,none,AoS,disabled,20226562500,4132812500,4085937500,4039062500,4125000000,4109375000,4039062500,4039062500,4093750000,4078125000,5696874999,5696874999,10
2025-10-02 14:28:14,5689,pairwise,VerletListsCells,1.000000,vlc_c08,none,AoS,enabled,17390625000,2703125000,2484375000,2773437500,2640625000,2515625000,2914062500,2531250000,2875000000,2710937500,4153906249,4153906249,10
2025-10-02 14:28:15,5699,pairwise,VerletListsCells,1.000000,vlc_c08,none,SoA,disabled,118500000000,6140625000,6234375000,6234375000,6296875000,6078125000,6296875000,6171875000,6375000000,6109375000,17443749999,17443749999,10
2025-10-02 14:28:15,5709,pairwise,VerletListsCells,1.000000,vlc_c08,none,SoA,enabled,88726562500,5398437500,5429687500,5500000000,5789062500,5460937500,5453125000,5523437500,5460937500,5437500000,13817968749,13817968749,10
2025-10-02 14:28:15,5719,pairwise,VerletListsCells,1.000000,vlc_sliced,none,AoS,disabled,25203125000,6179687500,6218750000,6070312500,5906250000,6117187500,6007812500,6187500000,6242187500,6242187500,8037499999,8037499999,10
2025-10-02 14:28:16,5729,pairwise,VerletListsCells,1.000000,vlc_sliced,none,AoS,enabled,16984375000,2882812500,2835937500,2984375000,3164062500,3148437500,2976562500,3117187500,2945312500,3156250000,4419531250,4419531250,10
2025-10-02 14:28:16,5739,pairwise,VerletListsCells,1.000000,vlc_sliced,none,SoA,disabled,135578125000,8507812500,8414062500,8585937500,8437500000,8367187500,8500000000,8406250000,8289062500,8484375000,21157031249,21157031249,10
2025-10-02 14:28:17,5749,pairwise,VerletListsCells,1.000000,vlc_sliced,none,SoA,enabled,80414062500,5296875000,5500000000,5523437500,5289062500,5375000000,5132812500,5195312500,5320312500,5187500000,12823437499,12823437499,10
2025-10-02 14:28:17,5759,pairwise,VerletListsCells,1.000000,vlc_sliced_balanced,none,AoS,disabled,24179687500,5750000000,5882812500,5843750000,5828125000,5757812500,5554687500,5890625000,5890625000,5875000000,7645312499,7645312499,10
2025-10-02 14:28:17,5769,pairwise,VerletListsCells,1.000000,vlc_sliced_balanced,none,AoS,enabled,16234375000,2710937500,2937500000,2945312500,2742187500,2945312500,2875000000,2750000000,2992187500,2976562500,4210937500,4210937500,10
2025-10-02 14:28:18,5779,pairwise,VerletListsCells,1.000000,vlc_sliced_balanced,none,SoA,disabled,133726562500,8656250000,8578125000,8656250000,8539062500,8523437500,8546875000,8515625000,8562500000,8601562500,21090624999,21090624999,10
2025-10-02 14:28:18,5789,pairwise,VerletListsCells,1.000000,vlc_sliced_balanced,none,SoA,enabled,82203125000,5382812500,5171875000,5375000000,5234375000,5265625000,5148437500,5132812500,4968750000,5015625000,12889843749,12889843749,10
2025-10-02 14:28:18,5799,pairwise,VerletListsCells,1.000000,vlc_sliced_balanced,squared-particles-per-cell,AoS,disabled,23750000000,5578125000,5710937500,5757812500,5562500000,5554687500,5695312500,5734375000,5546875000,5742187500,7463281249,7463281249,10
2025-10-02 14:28:19,5809,pairwise,VerletListsCells,1.000000,vlc_sliced_balanced,squared-particles-per-cell,AoS,enabled,15796875000,3023437500,2851562500,2976562500,3171875000,2960937500,2945312500,3218750000,2929687500,3015625000,4289062499,4289062499,10
2025-10-02 14:28:19,5819,pairwise,VerletListsCells,1.000000,vlc_sliced_balanced,squared-particles-per-cell,SoA,disabled,125570312500,7632812500,7687500000,7875000000,7640625000,7882812500,7859375000,7640625000,7875000000,7773437500,19543749999,19543749999,10
2025-10-02 14:28:20,5829,pairwise,VerletListsCells,1.000000,vlc_sliced_balanced,squared-particles-per-cell,SoA,enabled,79320312500,5320312500,5234375000,5304687500,5171875000,5132812500,5265625000,4921875000,5062500000,5101562500,12583593749,12583593749,10
2025-10-02 14:28:20,5839,pairwise,VerletListsCells,1.000000,vlc_sliced_balanced,neighbor-list-length,AoS,disabled,23671875000,5695312500,5710937500,5812500000,5937500000,5835937500,5953125000,5609375000,5765625000,5882812500,7587499999,7587499999,10
2025-10-02 14:28:20,5849,pairwise,VerletListsCells,1.000000,vlc_sliced_balanced,neighbor-list-length,AoS,enabled,15734375000,2890625000,3203125000,2914062500,2906250000,2937500000,3164062500,3000000000,3023437500,3117187500,4289062499,4289062499,10
2025-10-02 14:28:21,5859,pairwise,VerletListsCells,1.000000,vlc_sliced_balanced,neighbor-list-length,SoA,disabled,126023437500,8125000000,8046875000,8179687500,8148437500,8148437500,8140625000,7960937500,8359375000,7984375000,19911718749,19911718749,10
2025-10-02 14:28:21,5869,pairwise,VerletListsCells,1.000000,vlc_sliced_balanced,neighbor-list-length,SoA,enabled,82140625000,5500000000,5554687500,5335937500,5304687500,5281250000,5328125000,5187500000,5117187500,5046875000,12979687499,12979687499,10
2025-10-02 14:28:22,5879,pairwise,VerletListsCells,1.000000,vlc_sliced_c02,none,AoS,disabled,25101562500,7046875000,6796875000,6945312500,6742187500,7046875000,6992187500,7304687500,7117187500,7195312500,8828906249,8828906249,10
2025-10-02 14:28:22,5889,pairwise,VerletListsCells,1.000000,vlc_sliced_c02,none,AoS,enabled,16570312500,3718750000,3781250000,3757812500,3765625000,3835937500,3734375000,3703125000,3734375000,3750000000,5035156249,5035156249,10
2025-10-02 14:28:22,5899,pairwise,VerletListsCells,1.000000,vlc_sliced_c02,none,SoA,disabled,126929687500,9515625000,9578125000,9539062500,9437500000,9218750000,9367187500,9617187500,9593750000,9679687500,21247656249,21247656249,10
2025-10-02 14:28:23,5909,pairwise,VerletListsCells,1.000000,vlc_sliced_c02,none,SoA,enabled,80171875000,6164062500,5929687500,6000000000,5976562500,6101562500,6093750000,5953125000,5835937500,5945312500,13417187500,13417187500,10
2025-10-02 14:28:23,5919,pairwise,PairwiseVerletLists,1.000000,vlp_c01,none,AoS,disabled,30679687500,4992187500,4976562500,5171875000,5031250000,4960937500,5125000000,5070312500,5062500000,4921875000,7599218749,7599218749,10
2025-10-02 14:28:24,5929,pairwise,PairwiseVerletLists,1.000000,vlp_c01,none,SoA,disabled,233070312500,9437500000,9289062500,9453125000,9320312500,9468750000,9382812500,9507812500,9539062500,9328125000,31779687500,31779687500,10
2025-10-02 14:28:24,5939,pairwise,PairwiseVerletLists,1.000000,vlp_c18,none,AoS,disabled,29281250000,5554687500,5664062500,5578125000,5554687500,5554687500,5593750000,5718750000,5640625000,5656250000,7979687499,7979687499,10
2025-10-02 14:28:25,5949,pairwise,PairwiseVerletLists,1.000000,vlp_c18,none,AoS,enabled,31421875000,3414062500,3429687500,3445312500,3210937500,3492187500,3234375000,3609375000,3281250000,3406250000,6194531249,6194531249,10
2025-10-02 14:28:26,5959,pairwise,PairwiseVerletLists,1.000000,vlp_c18,none,SoA,disabled,298140625000,8867187500,8867187500,8867187500,8671875000,8945312500,8882812500,8859375000,8914062500,8835937500,37785156249,37785156249,10
2025-10-02 14:28:27,5969,pairwise,PairwiseVerletLists,1.000000,vlp_c18,none,SoA,enabled,196906250000,6695312500,6804687500,6781250000,6703125000,6671875000,6710937500,6703125000,6640625000,6515625000,25713281249,25713281249,10
2025-10-02 14:28:27,5979,pairwise,PairwiseVerletLists,1.000000,vlp_sliced,none,AoS,disabled,33281250000,8476562500,8171875000,8492187500,8468750000,8359375000,8460937500,8195312500,8632812500,8281250000,10882031249,10882031249,10
2025-10-02 14:28:27,5989,pairwise,PairwiseVerletLists,1.000000,vlp_sliced,none,AoS,enabled,35976562500,4023437500,4078125000,4054687500,3851562500,4101562500,4031250000,4125000000,3843750000,4156250000,7224218749,7224218749,10
2025-10-02 14:28:29,5999,pairwise,PairwiseVerletLists,1.000000,vlp_sliced,none,SoA,disabled,289148437500,12390625000,11835937500,11875000000,12484375000,12484375000,12117187500,11921875000,12507812500,12414062500,39917968749,39917968749,10
2025-10-02 14:28:29,6009,pairwise,PairwiseVerletLists,1.000000,vlp_sliced,none,SoA,enabled,202304687500,8289062500,8289062500,8234375000,8640625000,7968750000,8304687500,8257812500,8460937500,8312500000,27706249999,27706249999,10
2025-10-02 14:28:30,6019,pairwise,PairwiseVerletLists,1.000000,vlp_sliced_balanced,none,AoS,disabled,32726562500,8289062500,8304687500,8289062500,8289062500,8164062500,8375000000,8187500000,8523437500,8125000000,10727343749,10727343749,10
2025-10-02 14:28:30,6029,pairwise,PairwiseVerletLists,1.000000,vlp_sliced_balanced,none,AoS,enabled,36187500000,4000000000,3976562500,3875000000,3929687500,3859375000,4000000000,3976562500,3789062500,4179687500,7177343749,7177343749,10
2025-10-02 14:28:31,6039,pairwise,PairwiseVerletLists,1.000000,vlp_sliced_balanced,none,SoA,disabled,290242187500,11820312500,11750000000,11921875000,11773437500,11859375000,11726562500,11851562500,11695312500,11687500000,39632812499,39632812499,10
2025-10-02 14:28:32,6049,pairwise,PairwiseVerletLists,1.000000,vlp_sliced_balanced,none,SoA,enabled,202726562500,8109375000,8000000000,7953125000,8140625000,8179687500,8156250000,8234375000,7960937500,7992187500,27545312499,27545312499,10
2025-10-02 14:28:33,6059,pairwise,PairwiseVerletLists,1.000000,vlp_sliced_c02,none,AoS,disabled,34726562500,10953125000,10054687500,10062500000,10031250000,10179687500,10171875000,10929687500,10132812500,10117187500,12735937499,12735937499,10
2025-10-02 14:28:33,6069,pairwise,PairwiseVerletLists,1.000000,vlp_sliced_c02,none,AoS,enabled,37382812500,4953125000,4953125000,4906250000,4945312500,5070312500,4953125000,5101562500,4812500000,5117187500,8219531249,8219531249,10
2025-10-02 14:28:34,6079,pairwise,PairwiseVerletLists,1.000000,vlp_sliced_c02,none,SoA,disabled,293882812500,13875000000,14617187500,14656250000,14421875000,14781250000,13812500000,14718750000,15218750000,14328125000,42431250000,42431250000,10
2025-10-02 14:28:35,6089,pairwise,PairwiseVerletLists,1.000000,vlp_sliced_c02,none,SoA,enabled,204843750000,9960937500,9960937500,9828125000,9976562500,9679687500,9750000000,9796875000,9875000000,9703125000,29337499999,29337499999,10
2025-10-02 14:28:36,6099,pairwise,PairwiseVerletLists,1.000000,vlp_c08,none,AoS,disabled,31820312500,6843750000,7031250000,7000000000,6882812500,7101562500,6921875000,6796875000,6890625000,7132812500,9442187499,9442187499,10
2025-10-02 14:28:36,6109,pairwise,PairwiseVerletLists,1.000000,vlp_c08,none,AoS,enabled,36351562500,3851562500,3882812500,3929687500,3812500000,3742187500,3945312500,3835937500,3773437500,3914062500,7103906249,7103906249,10
2025-10-02 14:28:37,6119,pairwise,PairwiseVerletLists,1.000000,vlp_c08,none,SoA,disabled,288453125000,10078125000,10101562500,9898437500,10031250000,10132812500,10187500000,9953125000,10015625000,10015625000,37886718749,37886718749,10
2025-10-02 14:28:38,6129,pairwise,PairwiseVerletLists,1.000000,vlp_c08,none,SoA,enabled,200343750000,7195312500,7437500000,7320312500,7468750000,7375000000,7343750000,7367187500,7367187500,7515625000,26673437499,26673437499,10
2025-10-02 14:30:24,10009,pairwise,LinkedCells,1.000000,lc_c01,none,AoS,disabled,11507812500,12421875000,12781250000,11968750000,12718750000,12320312500,12296875000,12187500000,12421875000,12453125000,12307812499,12307812499,10
2025-10-02 14:30:24,10019,pairwise,LinkedCells,1.000000,lc_c01,none,SoA,disabled,6617187500,6234375000,6250000000,6242187500,6312500000,6906250000,6437500000,6992187500,6664062500,6226562500,6488281249,6488281249,10
2025-10-02 14:30:24,10029,pairwise,LinkedCells,1.000000,lc_c01_combined_SoA,none,SoA,disabled,5406250000,5492187500,5820312500,5421875000,5882812500,5328125000,5468750000,5648437500,5421875000,5593750000,5548437499,5548437499,10
2025-10-02 14:30:24,10039,pairwise,LinkedCells,1.000000,lc_c04,none,AoS,disabled,8492187500,8625000000,8359375000,8460937500,7765625000,8195312500,8046875000,8000000000,7859375000,8367187500,8217187499,8217187499,10
2025-10-02 14:30:24,10049,pairwise,LinkedCells,1.000000,lc_c04,none,AoS,enabled,5992187500,5750000000,6195312500,6031250000,5921875000,5921875000,5710937500,5679687500,5281250000,5890625000,5837500000,5837500000,10
2025-10-02 14:30:24,10059,pairwise,LinkedCells,1.000000,lc_c04,none,SoA,disabled,6226562500,5726562500,6703125000,6000000000,5796875000,6039062500,6023437500,5687500000,6250000000,5664062500,6011718749,6011718749,10
2025-10-02 14:30:25,10069,pairwise,LinkedCells,1.000000,lc_c04,none,SoA,enabled,3914062500,4132812500,3718750000,3937500000,3734375000,4328125000,3992187500,3695312500,3976562500,3734375000,3916406249,3916406249,10
2025-10-02 14:30:25,10079,pairwise,LinkedCells,1.000000,lc_c04_HCP,none,AoS,disabled,7765625000,7187500000,7554687500,7750000000,7257812500,7257812500,7742187500,7289062500,7718750000,7875000000,7539843749,7539843749,10
2025-10-02 14:30:25,10089,pairwise,LinkedCells,1.000000,lc_c04_HCP,none,AoS,enabled,5476562500,5492187500,5656250000,5617187500,5468750000,5546875000,6007812500,5625000000,5625000000,5750000000,5626562499,5626562499,10
2025-10-02 14:30:25,10099,pairwise,LinkedCells,1.000000,lc_c04_HCP,none,SoA,disabled,6234375000,6453125000,6226562500,5992187500,6523437500,6257812500,6210937500,6335937500,6226562500,6492187500,6295312499,6295312499,10
2025-10-02 14:30:25,10109,pairwise,LinkedCells,1.000000,lc_c04_HCP,none,SoA,enabled,4656250000,4234375000,3945312500,4718750000,4546875000,4085937500,4500000000,3796875000,4085937500,4046875000,4261718749,4261718749,10
2025-10-02 14:30:25,10119,pairwise,LinkedCells,1.000000,lc_c04_combined_SoA,none,SoA,disabled,7054687500,6937500000,7078125000,7335937500,7429687500,6703125000,7343750000,7289062500,6914062500,6781250000,7086718749,7086718749,10
2025-10-02 14:30:25,10129,pairwise,LinkedCells,1.000000,lc_c04_combined_SoA,none,SoA,enabled,5718750000,5023437500,4859375000,4937500000,5406250000,5656250000,5468750000,4750000000,5265625000,5304687500,5239062499,5239062499,10
2025-10-02 14:30:26,10139,pairwise,LinkedCells,1.000000,lc_c08,none,AoS,disabled,7984375000,7875000000,7460937500,7750000000,7750000000,7492187500,7343750000,7789062500,7781250000,7453125000,7667968750,7667968750,10
2025-10-02 14:30:26,10149,pairwise,LinkedCells,1.000000,lc_c08,none,AoS,enabled,5875000000,5882812500,6070312500,5476562500,5601562500,6101562500,5992187500,6007812500,5406250000,5882812500,5829687499,5829687499,10
2025-10-02 14:30:26,10159,pairwise,LinkedCells,1.000000,lc_c08,none,SoA,disabled,7179687500,7000000000,6992187500,7187500000,7187500000,6507812500,6890625000,7132812500,6765625000,6171875000,6901562499,6901562499,10
2025-10-02 14:30:26,10169,pairwise,LinkedCells,1.000000,lc_c08,none,SoA,enabled,5492187500,5335937500,5343750000,5132812500,5046875000,5304687500,5304687500,5148437500,5195312500,5601562500,5290624999,5290624999,10
2025-10-02 14:30:26,10179,pairwise,LinkedCells,1.000000,lc_c18,none,AoS,disabled,8406250000,7265625000,7804687500,8132812500,7765625000,7570312500,8101562500,7921875000,8000000000,7843750000,7881249999,7881249999,10
2025-10-02 14:30:26,10189,pairwise,LinkedCells,1.000000,lc_c18,none,AoS,enabled,5742187500,6085937500,6015625000,6015625000,5875000000,5992187500,5679687500,5875000000,5898437500,5960937500,5914062499,5914062499,10
2025-10-02 14:30:27,10199,pairwise,LinkedCells,1.000000,lc_c18,none,SoA,disabled,6789062500,6375000000,6578125000,6500000000,6617187500,6171875000,6093750000,5906250000,5976562500,6250000000,6325781249,6325781249,10
2025-10-02 14:30:27,10209,pairwise,LinkedCells,1.000000,lc_c18,none,SoA,enabled,4085937500,4171875000,3984375000,4203125000,4046875000,4054687500,4000000000,4265625000,4250000000,4078125000,4114062500,4114062500,10
2025-10-02 14:30:27,10219,pairwise,LinkedCells,1.000000,lc_sliced,none,AoS,disabled,9093750000,8765625000,8828125000,8656250000,8898437500,8578125000,8750000000,8695312500,8531250000,8812500000,8760937499,8760937499,10
2025-10-02 14:30:27,10229,pairwise,LinkedCells,1.000000,lc_sliced,none,AoS,enabled,6296875000,6242187500,6460937500,6226562500,6093750000,6273437500,6234375000,6218750000,6359375000,6320312500,6272656249,6272656249,10
2025-10-02 14:30:27,10239,pairwise,LinkedCells,1.000000,lc_sliced,none,SoA,disabled,6054687500,6101562500,6125000000,6117187500,6101562500,6000000000,6226562500,6125000000,5898437500,5968750000,6071874999,6071874999,10
2025-10-02 14:30:28,10249,pairwise,LinkedCells,1.000000,lc_sliced,none,SoA,enabled,3781250000,3718750000,3726562500,3882812500,3656250000,3914062500,3671875000,3765625000,3578125000,3460937500,3715624999,3715624999,10
2025-10-02 14:30:28,10259,pairwise,LinkedCells,1.000000,lc_sliced_balanced,none,AoS,disabled,8515625000,8523437500,8539062500,8539062500,8671875000,8468750000,8617187500,8500000000,8617187500,8484375000,8547656249,8547656249,10
2025-10-02 14:30:28,10269,pairwise,LinkedCells,1.000000,lc_sliced_balanced,none,AoS,enabled,6414062500,6046875000,6093750000,6398437500,6234375000,6257812500,6234375000,6242187500,6250000000,6117187500,6228906249,6228906249,10
2025-10-02 14:30:28,10279,pairwise,LinkedCells,1.000000,lc_sliced_balanced,none,SoA,disabled,6132812500,5921875000,6085937500,6226562500,6085937500,6281250000,6140625000,6093750000,6164062500,6109375000,6124218749,6124218749,10
2025-10-02 14:30:28,10289,pairwise,LinkedCells,1.000000,lc_sliced_balanced,none,SoA,enabled,3968750000,3515625000,3679687500,3601562500,3726562500,3695312500,3562500000,3843750000,3539062500,3843750000,3697656249,3697656249,10
2025-10-02 14:30:29,10299,pairwise,LinkedCells,1.000000,lc_sliced_balanced,squared-particles-per-cell,AoS,disabled,8796875000,8468750000,8515625000,8531250000,8531250000,8453125000,8648437500,8507812500,8679687500,8453125000,8558593749,8558593749,10
2025-10-02 14:30:29,10309,pairwise,LinkedCells,1.000000,lc_sliced_balanced,squared-particles-per-cell,AoS,enabled,6382812500,6218750000,6156250000,6195312500,6171875000,6070312500,6375000000,6117187500,6226562500,6375000000,6228906249,6228906249,10
2025-10-02 14:30:29,10319,pairwise,LinkedCells,1.000000,lc_sliced_balanced,squared-particles-per-cell,SoA,disabled,6750000000,6046875000,6195312500,6085937500,6148437500,6015625000,6070312500,6054687500,6078125000,6195312500,6164062499,6164062499,10
2025-10-02 14:30:29,10329,pairwise,LinkedCells,1.000000,lc_sliced_balanced,squared-particles-per-cell,SoA,enabled,3929687500,3718750000,3648437500,3710937500,3640625000,3835937500,3710937500,3851562500,3929687500,3945312500,3792187499,3792187499,10
2025-10-02 14:30:29,10339,pairwise,LinkedCells,1.000000,lc_sliced_c02,none,AoS,disabled,8562500000,8765625000,8554687500,8578125000,8734375000,8710937500,8523437500,8593750000,8585937500,8671875000,8628124999,8628124999,10
2025-10-02 14:30:30,10349,pairwise,LinkedCells,1.000000,lc_sliced_c02,none,AoS,enabled,6250000000,6210937500,6070312500,6382812500,6023437500,6156250000,6085937500,6156250000,6078125000,6039062500,6145312499,6145312499,10
2025-10-02 14:30:30,10359,pairwise,LinkedCells,1.000000,lc_sliced_c02,none,SoA,disabled,6750000000,6140625000,6085937500,6187500000,6093750000,6078125000,6054687500,6195312500,5906250000,6046875000,6153906249,6153906249,10
2025-10-02 14:30:30,10369,pairwise,LinkedCells,1.000000,lc_sliced_c02,none,SoA,enabled,3835937500,3617187500,3812500000,3593750000,3718750000,3820312500,3687500000,3789062500,3812500000,3828125000,3751562500,3751562500,10
2025-10-02 14:30:30,10379,pairwise,VerletClusterLists,1.000000,vcl_c01_balanced,none,AoS,disabled,51757812500,12398437500,12492187500,12484375000,12562500000,12492187500,12453125000,12539062500,12421875000,12601562500,16420312499,16420312499,10
2025-10-02 14:30:31,10389,pairwise,VerletClusterLists,1.000000,vcl_c01_balanced,none,SoA,disabled,36554687500,4593750000,4781250000,4640625000,4476562500,4429687500,4421875000,4421875000,4484375000,4804687500,7760937499,7760937499,10
2025-10-02 14:30:31,10399,pairwise,VerletClusterLists,1.000000,vcl_c06,none,AoS,disabled,45953125000,14132812500,14273437500,14210937500,14242187500,14257812500,14335937500,14148437500,14289062500,14179687500,17402343749,17402343749,10
2025-10-02 14:30:31,10409,pairwise,VerletClusterLists,1.000000,vcl_c06,none,AoS,enabled,25320312500,7234375000,7078125000,7195312500,7289062500,7218750000,7195312500,7242187500,7156250000,7023437500,8995312499,8995312499,10
2025-10-02 14:30:32,10419,pairwise,VerletClusterLists,1.000000,vcl_c06,none,SoA,disabled,37078125000,5046875000,5070312500,5054687500,4976562500,5062500000,5148437500,5250000000,5132812500,5140625000,8296093749,8296093749,10
2025-10-02 14:30:32,10429,pairwise,VerletClusterLists,1.000000,vcl_c06,none,SoA,enabled,21101562500,3015625000,2921875000,2898437500,3156250000,3195312500,3093750000,2921875000,2898437500,2843750000,4804687499,4804687499,10
2025-10-02 14:30:33,10439,pairwise,VerletClusterLists,1.000000,vcl_sliced,none,AoS,disabled,56546875000,24265625000,26437500000,23250000000,23929687500,24554687500,24554687500,24726562500,24531250000,24554687500,27735156249,27735156249,10
2025-10-02 14:30:33,10449,pairwise,VerletClusterLists,1.000000,vcl_sliced,none,AoS,enabled,30820312500,12976562500,12968750000,12968750000,12812500000,12132812500,12789062500,12937500000,12789062500,12687500000,14588281249,14588281249,10
2025-10-02 14:30:34,10459,pairwise,VerletClusterLists,1.000000,vcl_sliced,none,SoA,disabled,39679687500,7453125000,7367187500,7937500000,6773437500,7031250000,7695312500,7578125000,7718750000,7429687500,10666406249,10666406249,10
2025-10-02 14:30:34,10469,pairwise,VerletClusterLists,1.000000,vcl_sliced,none,SoA,enabled,22523437500,4320312500,4304687500,4281250000,4421875000,4132812500,3804687500,4156250000,4164062500,4351562500,6046093749,6046093749,10
2025-10-02 14:30:35,10479,pairwise,VerletClusterLists,1.000000,vcl_sliced_balanced,none,AoS,disabled,59593750000,27554687500,27539062500,27390625000,27398437500,27460937500,27382812500,27382812500,27539062500,27382812500,30662499999,30662499999,10
2025-10-02 14:30:35,10489,pairwise,VerletClusterLists,1.000000,vcl_sliced_balanced,none,AoS,enabled,31898437500,14078125000,14125000000,14078125000,14312500000,14187500000,14218750000,14125000000,14148437500,14195312500,15936718749,15936718749,10
2025-10-02 14:30:36,10499,pairwise,VerletClusterLists,1.000000,vcl_sliced_balanced,none,SoA,disabled,40781250000,8289062500,8632812500,8546875000,8476562500,8312500000,8523437500,8625000000,8234375000,8617187500,11703906249,11703906249,10
2025-10-02 14:30:36,10509,pairwise,VerletClusterLists,1.000000,vcl_sliced_balanced,none,SoA,enabled,22968750000,4859375000,4875000000,5000000000,4820312500,5015625000,4828125000,4921875000,5031250000,4695312500,6701562499,6701562499,10
2025-10-02 14:30:37,10519,pairwise,VerletClusterLists,1.000000,vcl_sliced_balanced,neighbor-list-length,AoS,disabled,65687500000,27523437500,27492187500,27453125000,27500000000,27593750000,27421875000,27546875000,27351562500,27460937500,31303124999,31303124999,10
2025-10-02 14:30:37,10529,pairwise,VerletClusterLists,1.000000,vcl_sliced_balanced,neighbor-list-length,AoS,enabled,31914062500,14101562500,14156250000,14132812500,14117187500,14031250000,14187500000,14046875000,14156250000,14164062500,15900781249,15900781249,10
2025-10-02 14:30:38,10539,pairwise,VerletClusterLists,1.000000,vcl_sliced_balanced,neighbor-list-length,SoA,disabled,40726562500,8453125000,8664062500,8500000000,8515625000,8468750000,8304687500,8492187500,8632812500,8375000000,11713281249,11713281249,10
2025-10-02 14:30:38,10549,pairwise,VerletClusterLists,1.000000,vcl_sliced_balanced,neighbor-list-length,SoA,enabled,23164062500,4937500000,5000000000,4906250000,4875000000,5046875000,5023437500,5007812500,5109375000,4890625000,6796093749,6796093749,10
2025-10-02 14:30:39,10559,pairwise,VerletClusterLists,1.000000,vcl_sliced_c02,none,AoS,disabled,66609375000,28742187500,27757812500,27125000000,27046875000,26445312500,28632812500,27187500000,27804687500,27429687500,31478124999,31478124999,10
2025-10-02 14:30:39,10569,pairwise,VerletClusterLists,1.000000,vcl_sliced_c02,none,AoS,enabled,32390625000,13562500000,14492187500,14882812500,14867187500,14390625000,14085937500,13234375000,14179687500,14992187500,16107812499,16107812499,10
2025-10-02 14:30:40,10579,pairwise,VerletClusterLists,1.000000,vcl_sliced_c02,none,SoA,disabled,40601562500,8812500000,8656250000,9015625000,9054687500,8414062500,9429687500,8984375000,8250000000,8781250000,11999999999,11999999999,10
2025-10-02 14:30:40,10589,pairwise,VerletClusterLists,1.000000,vcl_sliced_c02,none,SoA,enabled,22804687500,5390625000,4789062500,5085937500,4726562500,4656250000,5093750000,4664062500,4570312500,5210937500,6699218749,6699218749,10
2025-10-02 14:30:40,10599,pairwise,VerletLists,1.000000,vl_list_iteration,none,AoS,disabled,26226562500,6023437500,6218750000,6023437500,6179687500,6140625000,6203125000,6132812500,6171875000,6218750000,8153906249,8153906249,10
2025-10-02 14:30:41,10609,pairwise,VerletLists,1.000000,vl_list_iteration,none,SoA,disabled,81679687500,4718750000,4726562500,4734375000,4726562500,4804687500,4906250000,4703125000,4960937500,4765625000,12472656249,12472656249,10
2025-10-02 14:30:41,10619,pairwise,VerletListsCells,1.000000,vlc_c01,none,AoS,disabled,27703125000,4078125000,4109375000,4265625000,4070312500,4070312500,4210937500,4148437500,4148437500,4062500000,6486718749,6486718749,10
2025-10-02 14:30:41,10629,pairwise,VerletListsCells,1.000000,vlc_c01,none,SoA,disabled,84828125000,5265625000,5054687500,5132812500,5039062500,5148437500,5054687500,5085937500,4992187500,5015625000,13061718749,13061718749,10
2025-10-02 14:30:42,10639,pairwise,VerletListsCells,1.000000,vlc_c18,none,AoS,disabled,22195312500,4492187500,4148437500,4203125000,4140625000,4320312500,4148437500,4445312500,4289062500,4187500000,6057031249,6057031249,10
2025-10-02 14:30:42,10649,pairwise,VerletListsCells,1.000000,vlc_c18,none,AoS,enabled,15117187500,2562500000,2585937500,2367187500,2453125000,2359375000,2406250000,2507812500,2562500000,2312500000,3723437499,3723437499,10
2025-10-02 14:30:42,10659,pairwise,VerletListsCells,1.000000,vlc_c18,none,SoA,disabled,132625000000,6835937500,6531250000,6523437500,6804687500,6656250000,6562500000,6640625000,6671875000,6625000000,19247656249,19247656249,10
2025-10-02 14:30:43,10669,pairwise,VerletListsCells,1.000000,vlc_c18,none,SoA,enabled,79367187500,5062500000,4984375000,5101562500,5101562500,5062500000,5062500000,4890625000,4671875000,4921875000,12422656250,12422656250,10
2025-10-02 14:30:43,10679,pairwise,VerletListsCells,1.000000,vlc_c08,none,AoS,disabled,20890625000,4085937500,4445312500,4132812500,4054687500,4367187500,4125000000,4070312500,4078125000,4218750000,5846874999,5846874999,10
2025-10-02 14:30:43,10689,pairwise,VerletListsCells,1.000000,vlc_c08,none,AoS,enabled,17695312500,2695312500,2609375000,2734375000,2531250000,2546875000,2562500000,2523437500,2585937500,2531250000,4101562499,4101562499,10
2025-10-02 14:30:44,10699,pairwise,VerletListsCells,1.000000,vlc_c08,none,SoA,disabled,123148437500,6257812500,6187500000,6281250000,6460937500,6484375000,6281250000,6195312500,6281250000,6515625000,18009374999,18009374999,10
2025-10-02 14:30:44,10709,pairwise,VerletListsCells,1.000000,vlc_c08,none,SoA,enabled,91132812500,5546875000,5429687500,5398437500,5257812500,5460937500,5492187500,5523437500,5414062500,5570312500,14022656249,14022656249,10
2025-10-02 14:30:44,10719,pairwise,VerletListsCells,1.000000,vlc_sliced,none,AoS,disabled,25617187500,6906250000,7070312500,7179687500,7242187500,7257812500,7203125000,7046875000,6851562500,7187500000,8956249999,8956249999,10
2025-10-02 14:30:45,10729,pairwise,VerletListsCells,1.000000,vlc_sliced,none,AoS,enabled,16757812500,3265625000,3304687500,3476562500,3460937500,3335937500,3335937500,3500000000,3257812500,3195312500,4689062499,4689062499,10
2025-10-02 14:30:45,10739,pairwise,VerletListsCells,1.000000,vlc_sliced,none,SoA,disabled,137914062500,8875000000,9250000000,9117187500,9382812500,9265625000,9156250000,8984375000,8851562500,8929687500,21972656249,21972656249,10
2025-10-02 14:30:46,10749,pairwise,VerletListsCells,1.000000,vlc_sliced,none,SoA,enabled,83085937500,5875000000,5625000000,5656250000,5476562500,5632812500,5742187500,5617187500,5523437500,5367187500,13360156249,13360156249,10
2025-10-02 14:30:46,10759,pairwise,VerletListsCells,1.000000,vlc_sliced_balanced,none,AoS,disabled,24414062500,6367187500,6320312500,6382812500,6335937500,6382812500,6351562500,6226562500,6179687500,6421875000,8138281249,8138281249,10
2025-10-02 14:30:46,10769,pairwise,VerletListsCells,1.000000,vlc_sliced_balanced,none,AoS,enabled,16296875000,3429687500,3468750000,3406250000,3445312500,3484375000,3304687500,3304687500,3484375000,3304687500,4692968749,4692968749,10
2025-10-02 14:30:47,10779,pairwise,VerletListsCells,1.000000,vlc_sliced_balanced,none,SoA,disabled,136484375000,9453125000,9523437500,9484375000,9515625000,9421875000,9476562500,9562500000,9539062500,9382812500,22184375000,22184375000,10
2025-10-02 14:30:47,10789,pairwise,VerletListsCells,1.000000,vlc_sliced_balanced,none,SoA,enabled,82328125000,5750000000,5632812500,5718750000,5593750000,5640625000,5609375000,5515625000,5273437500,5476562500,13253906249,13253906249,10
2025-10-02 14:30:48,10799,pairwise,VerletListsCells,1.000000,vlc_sliced_balanced,squared-particles-per-cell,AoS,disabled,24125000000,6500000000,6398437500,6531250000,6507812500,6445312500,6539062500,6578125000,6531250000,6476562500,8263281249,8263281249,10
2025-10-02 14:30:48,10809,pairwise,VerletListsCells,1.000000,vlc_sliced_balanced,squared-particles-per-cell,AoS,enabled,16039062500,3234375000,3460937500,3507812500,3476562500,3390625000,3492187500,3382812500,3359375000,3398437500,4674218749,4674218749,10
2025-10-02 14:30:48,10819,pairwise,VerletListsCells,1.000000,vlc_sliced_balanced,squared-particles-per-cell,SoA,disabled,127710937500,8710937500,8593750000,8750000000,8851562500,8710937500,8515625000,8554687500,8835937500,8632812500,20586718749,20586718749,10
2025-10-02 14:30:49,10829,pairwise,VerletListsCells,1.000000,vlc_sliced_balanced,squared-particles-per-cell,SoA,enabled,82984375000,5515625000,5492187500,5859375000,5609375000,5656250000,5781250000,5453125000,5343750000,5484375000,13317968749,13317968749,10
2025-10-02 14:30:49,10839,pairwise,VerletListsCells,1.000000,vlc_sliced_balanced,neighbor-list-length,AoS,disabled,24632812500,6562500000,6687500000,6664062500,6601562500,6890625000,6695312500,6609375000,6851562500,6593750000,8478906249,8478906249,10
2025-10-02 14:30:49,10849,pairwise,VerletListsCells,1.000000,vlc_sliced_balanced,neighbor-list-length,AoS,enabled,16109375000,3476562500,3476562500,3476562500,3484375000,3460937500,3437500000,3375000000,3398437500,3632812500,4732812500,4732812500,10
2025-10-02 14:30:50,10859,pairwise,VerletListsCells,1.000000,vlc_sliced_balanced,neighbor-list-length,SoA,disabled,128539062500,8914062500,9023437500,9164062500,8890625000,8859375000,8976562500,9023437500,8867187500,9132812500,20939062499,20939062499,10
2025-10-02 14:30:51,10869,pairwise,VerletListsCells,1.000000,vlc_sliced_balanced,neighbor-list-length,SoA,enabled,84132812500,6007812500,5625000000,5718750000,5796875000,5742187500,5742187500,5703125000,5648437500,5648437500,13576562499,13576562499,10
2025-10-02 14:30:51,10879,pairwise,VerletListsCells,1.000000,vlc_sliced_c02,none,AoS,disabled,25703125000,7914062500,7718750000,7781250000,7757812500,7937500000,7710937500,7937500000,7812500000,8148437500,9642187499,9642187499,10
2025-10-02 14:30:51,10889,pairwise,VerletListsCells,1.000000,vlc_sliced_c02,none,AoS,enabled,17687500000,4242187500,4265625000,4156250000,4203125000,4195312500,4195312500,4031250000,4242187500,4250000000,5546874999,5546874999,10
2025-10-02 14:30:52,10899,pairwise,VerletListsCells,1.000000,vlc_sliced_c02,none,SoA,disabled,129671875000,10195312500,10421875000,10343750000,10476562500,10085937500,10125000000,10273437500,10078125000,10320312500,22199218750,22199218750,10
2025-10-02 14:30:52,10909,pairwise,VerletListsCells,1.000000,vlc_sliced_c02,none,SoA,enabled,81500000000,6296875000,6625000000,6406250000,6507812500,6500000000,6585937500,6257812500,6093750000,6125000000,13889843749,13889843749,10
2025-10-02 14:30:53,10919,pairwise,PairwiseVerletLists,1.000000,vlp_c01,none,AoS,disabled,30382812500,5117187500,4820312500,5007812500,4968750000,5109375000,4953125000,5148437500,4945312500,5132812500,7558593749,7558593749,10
2025-10-02 14:30:54,10929,pairwise,PairwiseVerletLists,1.000000,vlp_c01,none,SoA,disabled,233632812500,9312500000,9632812500,9304687500,9453125000,9429687500,9304687500,9414062500,9492187500,9335937500,31831249999,31831249999,10
2025-10-02 14:30:54,10939,pairwise,PairwiseVerletLists,1.000000,vlp_c18,none,AoS,disabled,29320312500,5617187500,5539062500,5578125000,5476562500,5500000000,5546875000,5531250000,5343750000,5640625000,7909374999,7909374999,10
2025-10-02 14:30:54,10949,pairwise,PairwiseVerletLists,1.000000,vlp_c18,none,AoS,enabled,32117187500,3273437500,3656250000,3460937500,3421875000,3468750000,3335937500,3562500000,3242187500,3351562500,6289062499,6289062499,10
2025-10-02 14:30:55,10959,pairwise,PairwiseVerletLists,1.000000,vlp_c18,none,SoA,disabled,303773437500,8890625000,9046875000,9054687500,8914062500,8968750000,8859375000,8945312500,8843750000,9117187500,38441406249,38441406249,10
2025-10-02 14:30:56,10969,pairwise,PairwiseVerletLists,1.000000,vlp_c18,none,SoA,enabled,202367187500,6890625000,6828125000,6835937500,6820312500,6882812500,6609375000,6687500000,6820312500,6851562500,26359374999,26359374999,10
2025-10-02 14:30:57,10979,pairwise,PairwiseVerletLists,1.000000,vlp_sliced,none,AoS,disabled,33718750000,9554687500,9609375000,9625000000,9578125000,9710937500,9718750000,8835937500,9765625000,8843750000,11896093749,11896093749,10
2025-10-02 14:30:57,10989,pairwise,PairwiseVerletLists,1.000000,vlp_sliced,none,AoS,enabled,36726562500,4382812500,4632812500,4453125000,4476562500,4437500000,4546875000,4437500000,4500000000,4515625000,7710937499,7710937499,10
2025-10-02 14:30:58,10999,pairwise,PairwiseVerletLists,1.000000,vlp_sliced,none,SoA,disabled,295898437500,13062500000,13460937500,13539062500,13406250000,13109375000,13085937500,13179687500,13109375000,13195312500,41504687499,41504687499,10
2025-10-02 14:30:59,11009,pairwise,PairwiseVerletLists,1.000000,vlp_sliced,none,SoA,enabled,207515625000,8953125000,9078125000,8914062500,9078125000,8898437500,9000000000,9070312500,9093750000,8945312500,28854687499,28854687499,10
2025-10-02 14:30:59,11019,pairwise,PairwiseVerletLists,1.000000,vlp_sliced_balanced,none,AoS,disabled,34257812500,9625000000,9718750000,9734375000,9703125000,9687500000,9859375000,9773437500,9796875000,9750000000,12190624999,12190624999,10
2025-10-02 14:31:00,11029,pairwise,PairwiseVerletLists,1.000000,vlp_sliced_balanced,none,AoS,enabled,37007812500,4484375000,4468750000,4492187500,4453125000,4484375000,4367187500,4460937500,4367187500,4164062500,7674999999,7674999999,10
2025-10-02 14:31:01,11039,pairwise,PairwiseVerletLists,1.000000,vlp_sliced_balanced,none,SoA,disabled,298468750000,13421875000,13125000000,13296875000,13171875000,13210937500,13093750000,13335937500,13250000000,13101562500,41747656249,41747656249,10
2025-10-02 14:31:02,11049,pairwise,PairwiseVerletLists,1.000000,vlp_sliced_balanced,none,SoA,enabled,208062500000,8882812500,8914062500,8859375000,8945312500,8953125000,8968750000,8960937500,9132812500,8914062500,28859374999,28859374999,10
2025-10-02 14:31:02,11059,pairwise,PairwiseVerletLists,1.000000,vlp_sliced_c02,none,AoS,disabled,36710937500,12117187500,10734375000,12140625000,11562500000,11296875000,11281250000,11234375000,12070312500,11335937500,14048437499,14048437499,10
2025-10-02 14:31:03,11069,pairwise,PairwiseVerletLists,1.000000,vlp_sliced_c02,none,AoS,enabled,37890625000,5414062500,5406250000,5250000000,5437500000,5476562500,5273437500,5242187500,5437500000,5398437500,8622656249,8622656249,10
2025-10-02 14:31:04,11079,pairwise,PairwiseVerletLists,1.000000,vlp_sliced_c02,none,SoA,disabled,299007812500,15281250000,15812500000,15484375000,14312500000,15531250000,15859375000,14585937500,15656250000,15320312500,43685156249,43685156249,10
2025-10-02 14:31:05,11089,pairwise,PairwiseVerletLists,1.000000,vlp_sliced_c02,none,SoA,enabled,208976562500,10593750000,10406250000,10593750000,10453125000,10687500000,10398437500,10468750000,10492187500,10148437500,30321874999,30321874999,10
2025-10-02 14:31:05,11099,pairwise,PairwiseVerletLists,1.000000,vlp_c08,none,AoS,disabled,31507812500,7109375000,6875000000,6890625000,6757812500,6859375000,6812500000,7148437500,7101562500,6921875000,9398437499,9398437499,10
2025-10-02 14:31:06,11109,pairwise,PairwiseVerletLists,1.000000,vlp_c08,none,AoS,enabled,36242187500,3796875000,3859375000,4007812500,4039062500,3929687500,3898437500,3890625000,3867187500,3812500000,7134374999,7134374999,10
2025-10-02 14:31:07,11119,pairwise,PairwiseVerletLists,1.000000,vlp_c08,none,SoA,disabled,294492187500,10195312500,10125000000,10351562500,10156250000,10078125000,10195312500,10117187500,10000000000,10085937500,38579687499,38579687499,10
2025-10-02 14:31:08,11129,pairwise,PairwiseVerletLists,1.000000,vlp_c08,none,SoA,enabled,206632812500,7406250000,7609375000,7507812500,7453125000,7398437500,7328125000,7367187500,7398437500,7453125000,27355468749,27355468749,10
2025-10-02 14:32:56,15009,pairwise,LinkedCells,1.000000,lc_c01,none,AoS,disabled,11437500000,12484375000,12750000000,12250000000,12921875000,11921875000,13140625000,12031250000,12812500000,12671875000,12442187499,12442187499,10
2025-10-02 14:32:56,15019,pairwise,LinkedCells,1.000000,lc_c01,none,SoA,disabled,6250000000,6109375000,6015625000,6781250000,6765625000,7296875000,6703125000,6359375000,6125000000,6125000000,6453124999,6453124999,10
2025-10-02 14:32:56,15029,pairwise,LinkedCells,1.000000,lc_c01_combined_SoA,none,SoA,disabled,6203125000,5921875000,5968750000,5468750000,5359375000,5687500000,5812500000,5703125000,6000000000,5562500000,5768749999,5768749999,10
2025-10-02 14:32:56,15039,pairwise,LinkedCells,1.000000,lc_c04,none,AoS,disabled,9078125000,9250000000,7734375000,8296875000,8343750000,8171875000,8406250000,8203125000,8562500000,8187500000,8423437499,8423437499,10
2025-10-02 14:32:57,15049,pairwise,LinkedCells,1.000000,lc_c04,none,AoS,enabled,6578125000,6234375000,6078125000,5625000000,5562500000,5828125000,5812500000,5937500000,5890625000,5421875000,5896874999,5896874999,10
2025-10-02 14:32:57,15059,pairwise,LinkedCells,1.000000,lc_c04,none,SoA,disabled,6609375000,6015625000,6125000000,6437500000,6125000000,5828125000,6453125000,5984375000,6343750000,6093750000,6201562500,6201562500,10
2025-10-02 14:32:57,15069,pairwise,LinkedCells,1.000000,lc_c04,none,SoA,enabled,3765625000,3921875000,3828125000,3812500000,3859375000,3984375000,4343750000,4281250000,3843750000,3812500000,3945312499,3945312499,10
2025-10-02 14:32:57,15079,pairwise,LinkedCells,1.000000,lc_c04_HCP,none,AoS,disabled,7734375000,7375000000,7250000000,7328125000,7843750000,7187500000,7390625000,7578125000,7921875000,7781250000,7539062499,7539062499,10
2025-10-02 14:32:57,15089,pairwise,LinkedCells,1.000000,lc_c04_HCP,none,AoS,enabled,5796875000,5812500000,5406250000,6000000000,6031250000,5656250000,6125000000,5765625000,6062500000,6156250000,5881250000,5881250000,10
2025-10-02 14:32:57,15099,pairwise,LinkedCells,1.000000,lc_c04_HCP,none,SoA,disabled,5765625000,6296875000,6343750000,6406250000,6078125000,6125000000,6437500000,6328125000,5968750000,6343750000,6209374999,6209374999,10
2025-10-02 14:32:57,15109,pairwise,LinkedCells,1.000000,lc_c04_HCP,none,SoA,enabled,4375000000,4281250000,4515625000,3984375000,4343750000,4140625000,4375000000,4125000000,4484375000,3984375000,4260937499,4260937499,10
2025-10-02 14:32:58,15119,pairwise,LinkedCells,1.000000,lc_c04_combined_SoA,none,SoA,disabled,7281250000,7140625000,7000000000,7140625000,7515625000,7375000000,6906250000,7359375000,6859375000,6703125000,7128124999,7128124999,10
2025-10-02 14:32:58,15129,pairwise,LinkedCells,1.000000,lc_c04_combined_SoA,none,SoA,enabled,4812500000,5687500000,5718750000,5312500000,5328125000,5140625000,5296875000,5593750000,5187500000,5093750000,5317187499,5317187499,10
2025-10-02 14:32:58,15139,pairwise,LinkedCells,1.000000,lc_c08,none,AoS,disabled,7531250000,7781250000,7625000000,7484375000,7296875000,7625000000,8062500000,7609375000,7984375000,8109375000,7710937499,7710937499,10
2025-10-02 14:32:58,15149,pairwise,LinkedCells,1.000000,lc_c08,none,AoS,enabled,5703125000,5718750000,6343750000,6062500000,5937500000,5203125000,5984375000,5703125000,5843750000,6046875000,5854687499,5854687499,10
2025-10-02 14:32:58,15159,pairwise,LinkedCells,1.000000,lc_c08,none,SoA,disabled,6921875000,7375000000,6921875000,7109375000,7125000000,7109375000,6343750000,7296875000,7234375000,6921875000,7035937499,7035937499,10
2025-10-02 14:32:58,15169,pairwise,LinkedCells,1.000000,lc_c08,none,SoA,enabled,4812500000,5156250000,5562500000,4812500000,5265625000,5671875000,5375000000,5171875000,4703125000,5031250000,5156249999,5156249999,10
2025-10-02 14:32:59,15179,pairwise,LinkedCells,1.000000,lc_c18,none,AoS,disabled,8375000000,7906250000,7375000000,8031250000,7953125000,8281250000,7828125000,7921875000,8109375000,8203125000,7998437499,7998437499,10
2025-10-02 14:32:59,15189,pairwise,LinkedCells,1.000000,lc_c18,none,AoS,enabled,5578125000,5484375000,5421875000,6031250000,5640625000,5718750000,5859375000,5562500000,5562500000,5843750000,5670312499,5670312499,10
2025-10-02 14:32:59,15199,pairwise,LinkedCells,1.000000,lc_c18,none,SoA,disabled,7046875000,6500000000,6359375000,6281250000,6125000000,6187500000,6031250000,6343750000,6203125000,6250000000,6332812499,6332812499,10
2025-10-02 14:32:59,15209,pairwise,LinkedCells,1.000000,lc_c18,none,SoA,enabled,4453125000,4078125000,4046875000,4265625000,4203125000,4296875000,4250000000,4375000000,4218750000,4078125000,4226562499,4226562499,10
2025-10-02 14:32:59,15219,pairwise,LinkedCells,1.000000,lc_sliced,none,AoS,disabled,8453125000,8500000000,8531250000,8546875000,8531250000,8515625000,8578125000,8562500000,8453125000,8531250000,8520312499,8520312499,10
2025-10-02 14:32:59,15229,pairwise,LinkedCells,1.000000,lc_sliced,none,AoS,enabled,5968750000,6078125000,6109375000,6093750000,5781250000,6046875000,6359375000,6000000000,6281250000,6031250000,6074999999,6074999999,10
2025-10-02 14:33:00,15239,pairwise,LinkedCells,1.000000,lc_sliced,none,SoA,disabled,6140625000,6046875000,6062500000,6187500000,6109375000,5968750000,6156250000,5984375000,6109375000,6000000000,6076562499,6076562499,10
2025-10-02 14:33:00,15249,pairwise,LinkedCells,1.000000,lc_sliced,none,SoA,enabled,3609375000,3812500000,3578125000,3921875000,3718750000,3781250000,3625000000,3625000000,3781250000,3796875000,3724999999,3724999999,10
2025-10-02 14:33:00,15259,pairwise,LinkedCells,1.000000,lc_sliced_balanced,none,AoS,disabled,8250000000,8671875000,8281250000,8500000000,8546875000,8500000000,8468750000,8546875000,8546875000,8437500000,8475000000,8475000000,10
2025-10-02 14:33:00,15269,pairwise,LinkedCells,1.000000,lc_sliced_balanced,none,AoS,enabled,6109375000,6140625000,6281250000,6156250000,6062500000,6328125000,6062500000,6140625000,6000000000,6125000000,6140624999,6140624999,10
2025-10-02 14:33:00,15279,pairwise,LinkedCells,1.000000,lc_sliced_balanced,none,SoA,disabled,6031250000,6078125000,6125000000,5968750000,6078125000,6062500000,6078125000,6125000000,5921875000,6093750000,6056249999,6056249999,10
2025-10-02 14:33:01,15289,pairwise,LinkedCells,1.000000,lc_sliced_balanced,none,SoA,enabled,3687500000,3781250000,3593750000,3703125000,3718750000,3890625000,3687500000,3640625000,3687500000,3656250000,3704687499,3704687499,10
2025-10-02 14:33:01,15299,pairwise,LinkedCells,1.000000,lc_sliced_balanced,squared-particles-per-cell,AoS,disabled,8500000000,8515625000,8531250000,8437500000,8437500000,8296875000,8390625000,8421875000,8328125000,8500000000,8435937499,8435937499,10
2025-10-02 14:33:01,15309,pairwise,LinkedCells,1.000000,lc_sliced_balanced,squared-particles-per-cell,AoS,enabled,6015625000,6046875000,5828125000,5843750000,6062500000,5984375000,6015625000,6125000000,6140625000,6031250000,6009374999,6009374999,10
2025-10-02 14:33:01,15319,pairwise,LinkedCells,1.000000,lc_sliced_balanced,squared-particles-per-cell,SoA,disabled,6812500000,6078125000,6125000000,6046875000,6062500000,6015625000,5890625000,6031250000,6015625000,6015625000,6109375000,6109375000,10
2025-10-02 14:33:01,15329,pairwise,LinkedCells,1.000000,lc_sliced_balanced,squared-particles-per-cell,SoA,enabled,3687500000,3859375000,3734375000,4015625000,3546875000,3609375000,3875000000,3562500000,3781250000,3671875000,3734374999,3734374999,10
2025-10-02 14:33:02,15339,pairwise,LinkedCells,1.000000,lc_sliced_c02,none,AoS,disabled,8406250000,8453125000,8562500000,8500000000,8484375000,8609375000,8265625000,8187500000,8468750000,8328125000,8426562499,8426562499,10
2025-10-02 14:33:02,15349,pairwise,LinkedCells,1.000000,lc_sliced_c02,none,AoS,enabled,5890625000,6062500000,6031250000,5984375000,6046875000,6218750000,5984375000,6000000000,5812500000,6015625000,6004687499,6004687499,10
2025-10-02 14:33:02,15359,pairwise,LinkedCells,1.000000,lc_sliced_c02,none,SoA,disabled,6828125000,6171875000,6109375000,6031250000,6093750000,5875000000,6046875000,6078125000,6125000000,5828125000,6118749999,6118749999,10
2025-10-02 14:33:02,15369,pairwise,LinkedCells,1.000000,lc_sliced_c02,none,SoA,enabled,3781250000,3750000000,3703125000,3593750000,3625000000,3750000000,3546875000,3640625000,3593750000,3500000000,3648437499,3648437499,10
2025-10-02 14:33:03,15379,pairwise,VerletClusterLists,1.000000,vcl_c01_balanced,none,AoS,disabled,50593750000,12531250000,12468750000,12625000000,12718750000,12625000000,12843750000,12796875000,12875000000,12750000000,16482812499,16482812499,10
2025-10-02 14:33:03,15389,pairwise,VerletClusterLists,1.000000,vcl_c01_balanced,none,SoA,disabled,35156250000,4718750000,4421875000,4750000000,4750000000,4468750000,4703125000,4671875000,4625000000,4796875000,7706250000,7706250000,10
2025-10-02 14:33:03,15399,pairwise,VerletClusterLists,1.000000,vcl_c06,none,AoS,disabled,44625000000,14468750000,14015625000,14203125000,14187500000,14390625000,14218750000,14359375000,14484375000,14437500000,17339062499,17339062499,10
2025-10-02 14:33:04,15409,pairwise,VerletClusterLists,1.000000,vcl_c06,none,AoS,enabled,24218750000,7250000000,7062500000,6921875000,7125000000,7171875000,7062500000,7421875000,7265625000,7203125000,8870312499,8870312499,10
2025-10-02 14:33:04,15419,pairwise,VerletClusterLists,1.000000,vcl_c06,none,SoA,disabled,35546875000,5093750000,5328125000,5078125000,5125000000,5140625000,5140625000,5062500000,5062500000,5156250000,8173437499,8173437499,10
2025-10-02 14:33:04,15429,pairwise,VerletClusterLists,1.000000,vcl_c06,none,SoA,enabled,20265625000,3171875000,2906250000,2906250000,3125000000,3046875000,2906250000,2953125000,3015625000,2843750000,4714062499,4714062499,10
2025-10-02 14:33:05,15439,pairwise,VerletClusterLists,1.000000,vcl_sliced,none,AoS,disabled,56328125000,25062500000,24968750000,24609375000,24203125000,22906250000,23906250000,24953125000,24812500000,24546875000,27629687499,27629687499,10
2025-10-02 14:33:05,15449,pairwise,VerletClusterLists,1.000000,vcl_sliced,none,AoS,enabled,30421875000,12140625000,12984375000,13015625000,13140625000,12921875000,12984375000,12625000000,12859375000,12093750000,14518749999,14518749999,10
2025-10-02 14:33:06,15459,pairwise,VerletClusterLists,1.000000,vcl_sliced,none,SoA,disabled,38546875000,7015625000,8437500000,7765625000,7296875000,7140625000,7062500000,7140625000,7937500000,7828125000,10617187499,10617187499,10
2025-10-02 14:33:06,15469,pairwise,VerletClusterLists,1.000000,vcl_sliced,none,SoA,enabled,21484375000,4343750000,4296875000,4390625000,3953125000,4453125000,4437500000,4328125000,4296875000,4437500000,6042187499,6042187499,10
2025-10-02 14:33:07,15479,pairwise,VerletClusterLists,1.000000,vcl_sliced_balanced,none,AoS,disabled,58531250000,27781250000,27890625000,27968750000,27921875000,27937500000,27921875000,27875000000,27765625000,27875000000,30946874999,30946874999,10
2025-10-02 14:33:07,15489,pairwise,VerletClusterLists,1.000000,vcl_sliced_balanced,none,AoS,enabled,31390625000,14093750000,14453125000,14421875000,14218750000,14265625000,14109375000,14187500000,14171875000,14250000000,15956249999,15956249999,10
2025-10-02 14:33:08,15499,pairwise,VerletClusterLists,1.000000,vcl_sliced_balanced,none,SoA,disabled,39343750000,8609375000,8562500000,8562500000,8593750000,8593750000,8625000000,8546875000,8515625000,8578125000,11653124999,11653124999,10
2025-10-02 14:33:08,15509,pairwise,VerletClusterLists,1.000000,vcl_sliced_balanced,none,SoA,enabled,22281250000,4906250000,4984375000,5125000000,4968750000,5046875000,5046875000,4765625000,5156250000,4953125000,6723437499,6723437499,10
2025-10-02 14:33:09,15519,pairwise,VerletClusterLists,1.000000,vcl_sliced_balanced,neighbor-list-length,AoS,disabled,63843750000,27781250000,27859375000,27875000000,27812500000,27796875000,27734375000,27578125000,27687500000,27843750000,31381249999,31381249999,10
2025-10-02 14:33:10,15529,pairwise,VerletClusterLists,1.000000,vcl_sliced_balanced,neighbor-list-length,AoS,enabled,31562500000,14343750000,14093750000,14156250000,14296875000,14328125000,14328125000,14187500000,14187500000,14343750000,15982812499,15982812499,10
2025-10-02 14:33:10,15539,pairwise,VerletClusterLists,1.000000,vcl_sliced_balanced,neighbor-list-length,SoA,disabled,39359375000,8750000000,8609375000,8453125000,8375000000,8609375000,8578125000,8515625000,8406250000,8687500000,11634374999,11634374999,10
2025-10-02 14:33:10,15549,pairwise,VerletClusterLists,1.000000,vcl_sliced_balanced,neighbor-list-length,SoA,enabled,22328125000,5015625000,5000000000,4953125000,5078125000,4812500000,4984375000,4921875000,4921875000,5078125000,6709374999,6709374999,10
2025-10-02 14:33:11,15559,pairwise,VerletClusterLists,1.000000,vcl_sliced_c02,none,AoS,disabled,64640625000,28671875000,28531250000,28765625000,29296875000,28406250000,28421875000,28453125000,28156250000,28546875000,32189062499,32189062499,10
2025-10-02 14:33:12,15569,pairwise,VerletClusterLists,1.000000,vcl_sliced_c02,none,AoS,enabled,30890625000,13703125000,14640625000,15015625000,14984375000,13968750000,14140625000,15015625000,14843750000,14843750000,16204687499,16204687499,10
2025-10-02 14:33:12,15579,pairwise,VerletClusterLists,1.000000,vcl_sliced_c02,none,SoA,disabled,39593750000,8953125000,9000000000,8578125000,8343750000,8468750000,8984375000,8468750000,8812500000,8656250000,11785937499,11785937499,10
2025-10-02 14:33:12,15589,pairwise,VerletClusterLists,1.000000,vcl_sliced_c02,none,SoA,enabled,21937500000,4921875000,5203125000,5078125000,5109375000,5078125000,5062500000,5171875000,4656250000,4750000000,6696874999,6696874999,10
2025-10-02 14:33:13,15599,pairwise,VerletLists,1.000000,vl_list_iteration,none,AoS,disabled,26687500000,6140625000,6203125000,6265625000,6187500000,5984375000,6109375000,6140625000,5984375000,6203125000,8190624999,8190624999,10
2025-10-02 14:33:13,15609,pairwise,VerletLists,1.000000,vl_list_iteration,none,SoA,disabled,82734375000,4781250000,5031250000,4937500000,4875000000,5093750000,4781250000,4734375000,5031250000,4796875000,12679687499,12679687499,10
2025-10-02 14:33:13,15619,pairwise,VerletListsCells,1.000000,vlc_c01,none,AoS,disabled,28234375000,4078125000,3984375000,3906250000,4093750000,4093750000,4328125000,4140625000,4109375000,4109375000,6507812500,6507812500,10
2025-10-02 14:33:14,15629,pairwise,VerletListsCells,1.000000,vlc_c01,none,SoA,disabled,86046875000,5156250000,5046875000,4921875000,4859375000,4843750000,5000000000,5078125000,5078125000,5000000000,13103124999,13103124999,10
2025-10-02 14:33:14,15639,pairwise,VerletListsCells,1.000000,vlc_c18,none,AoS,disabled,23375000000,4109375000,4296875000,4328125000,4171875000,4203125000,4359375000,4093750000,4140625000,4125000000,6120312500,6120312500,10
2025-10-02 14:33:14,15649,pairwise,VerletListsCells,1.000000,vlc_c18,none,AoS,enabled,15875000000,2390625000,2484375000,2468750000,2343750000,2093750000,2531250000,2421875000,2343750000,2281250000,3723437499,3723437499,10
2025-10-02 14:33:15,15659,pairwise,VerletListsCells,1.000000,vlc_c18,none,SoA,disabled,134000000000,6718750000,6781250000,6625000000,6578125000,6468750000,6531250000,6828125000,6765625000,6515625000,19381249999,19381249999,10
2025-10-02 14:33:15,15669,pairwise,VerletListsCells,1.000000,vlc_c18,none,SoA,enabled,82828125000,5093750000,5031250000,5015625000,5109375000,5250000000,5031250000,4750000000,4781250000,4781250000,12767187499,12767187499,10
2025-10-02 14:33:15,15679,pairwise,VerletListsCells,1.000000,vlc_c08,none,AoS,disabled,20968750000,4109375000,4109375000,3953125000,3953125000,4031250000,4171875000,4046875000,4234375000,3859375000,5743749999,5743749999,10
2025-10-02 14:33:15,15689,pairwise,VerletListsCells,1.000000,vlc_c08,none,AoS,enabled,17234375000,2796875000,2500000000,2625000000,2546875000,2593750000,2593750000,2578125000,2765625000,2593750000,4082812499,4082812499,10
2025-10-02 14:33:16,15699,pairwise,VerletListsCells,1.000000,vlc_c08,none,SoA,disabled,120546875000,6171875000,6187500000,6218750000,6359375000,6156250000,6515625000,6281250000,6093750000,6312500000,17684374999,17684374999,10
2025-10-02 14:33:16,15709,pairwise,VerletListsCells,1.000000,vlc_c08,none,SoA,enabled,87875000000,5593750000,5562500000,5625000000,5437500000,5421875000,5546875000,5468750000,5531250000,5453125000,13751562500,13751562500,10
2025-10-02 14:33:17,15719,pairwise,VerletListsCells,1.000000,vlc_sliced,none,AoS,disabled,26781250000,7171875000,7281250000,7531250000,6921875000,7406250000,7203125000,7218750000,7140625000,7250000000,9190624999,9190624999,10
2025-10-02 14:33:17,15729,pairwise,VerletListsCells,1.000000,vlc_sliced,none,AoS,enabled,17171875000,3296875000,3500000000,3546875000,3437500000,3328125000,3484375000,3406250000,3343750000,3437500000,4795312499,4795312499,10
2025-10-02 14:33:18,15739,pairwise,VerletListsCells,1.000000,vlc_sliced,none,SoA,disabled,138875000000,9203125000,9109375000,9171875000,8921875000,9140625000,9171875000,9031250000,8875000000,8875000000,22037499999,22037499999,10
2025-10-02 14:33:18,15749,pairwise,VerletListsCells,1.000000,vlc_sliced,none,SoA,enabled,81375000000,5812500000,5812500000,5531250000,5484375000,5734375000,5578125000,5281250000,5437500000,5375000000,13142187499,13142187499,10
2025-10-02 14:33:18,15759,pairwise,VerletListsCells,1.000000,vlc_sliced_balanced,none,AoS,disabled,25093750000,6343750000,6625000000,6375000000,6500000000,6531250000,6562500000,6562500000,6531250000,6546875000,8367187499,8367187499,10
2025-10-02 14:33:18,15769,pairwise,VerletListsCells,1.000000,vlc_sliced_balanced,none,AoS,enabled,16421875000,3328125000,3421875000,3343750000,3531250000,3484375000,3218750000,3328125000,3515625000,3437500000,4703124999,4703124999,10
2025-10-02 14:33:19,15779,pairwise,VerletListsCells,1.000000,vlc_sliced_balanced,none,SoA,disabled,135609375000,9343750000,9234375000,9328125000,9375000000,9437500000,9125000000,9093750000,9359375000,9468750000,21937499999,21937499999,10
2025-10-02 14:33:20,15789,pairwise,VerletListsCells,1.000000,vlc_sliced_balanced,none,SoA,enabled,83390625000,5625000000,5578125000,5796875000,5640625000,5625000000,5843750000,5375000000,5562500000,5531250000,13396874999,13396874999,10
2025-10-02 14:33:20,15799,pairwise,VerletListsCells,1.000000,vlc_sliced_balanced,squared-particles-per-cell,AoS,disabled,25109375000,6500000000,6375000000,6515625000,6328125000,6265625000,6234375000,6218750000,6546875000,6437500000,8253124999,8253124999,10
2025-10-02 14:33:20,15809,pairwise,VerletListsCells,1.000000,vlc_sliced_balanced,squared-particles-per-cell,AoS,enabled,17109375000,3437500000,3468750000,3328125000,3312500000,3484375000,3484375000,3421875000,3437500000,3437500000,4792187499,4792187499,10
2025-10-02 14:33:21,15819,pairwise,VerletListsCells,1.000000,vlc_sliced_balanced,squared-particles-per-cell,SoA,disabled,129156250000,8875000000,8765625000,8828125000,8609375000,8562500000,8593750000,8843750000,8765625000,8765625000,20776562500,20776562500,10
2025-10-02 14:33:21,15829,pairwise,VerletListsCells,1.000000,vlc_sliced_balanced,squared-particles-per-cell,SoA,enabled,83578125000,5765625000,5640625000,5750000000,5750000000,5640625000,5656250000,5359375000,5625000000,5484375000,13424999999,13424999999,10
2025-10-02 14:33:22,15839,pairwise,VerletListsCells,1.000000,vlc_sliced_balanced,neighbor-list-length,AoS,disabled,24859375000,6515625000,6609375000,6578125000,6656250000,6656250000,6546875000,6546875000,6859375000,6578125000,8440624999,8440624999,10
2025-10-02 14:33:22,15849,pairwise,VerletListsCells,1.000000,vlc_sliced_balanced,neighbor-list-length,AoS,enabled,16734375000,3437500000,3625000000,3640625000,3468750000,3453125000,3390625000,3515625000,3515625000,3406250000,4818749999,4818749999,10
2025-10-02 14:33:22,15859,pairwise,VerletListsCells,1.000000,vlc_sliced_balanced,neighbor-list-length,SoA,disabled,130421875000,9125000000,9203125000,9171875000,9203125000,8890625000,8953125000,8890625000,8890625000,9093750000,21184375000,21184375000,10
2025-10-02 14:33:23,15869,pairwise,VerletListsCells,1.000000,vlc_sliced_balanced,neighbor-list-length,SoA,enabled,81171875000,5640625000,5687500000,5953125000,5812500000,6015625000,5984375000,5375000000,5484375000,5421875000,13254687499,13254687499,10
2025-10-02 14:33:23,15879,pairwise,VerletListsCells,1.000000,vlc_sliced_c02,none,AoS,disabled,26828125000,8390625000,8500000000,8312500000,7765625000,7843750000,8265625000,8437500000,8421875000,8109375000,10087499999,10087499999,10
2025-10-02 14:33:23,15889,pairwise,VerletListsCells,1.000000,vlc_sliced_c02,none,AoS,enabled,17546875000,4671875000,4531250000,4156250000,4390625000,4640625000,4546875000,4734375000,4781250000,4375000000,5837499999,5837499999,10
2025-10-02 14:33:24,15899,pairwise,VerletListsCells,1.000000,vlc_sliced_c02,none,SoA,disabled,130734375000,11000000000,10859375000,10656250000,10843750000,10890625000,11000000000,10968750000,10656250000,10687500000,22829687499,22829687499,10
2025-10-02 14:33:25,15909,pairwise,VerletListsCells,1.000000,vlc_sliced_c02,none,SoA,enabled,84093750000,6890625000,6875000000,6625000000,7015625000,6703125000,6906250000,6640625000,6296875000,6531250000,14457812499,14457812499,10
2025-10-02 14:33:25,15919,pairwise,PairwiseVerletLists,1.000000,vlp_c01,none,AoS,disabled,32140625000,5187500000,5093750000,5125000000,4937500000,5046875000,4906250000,5109375000,5187500000,5156250000,7789062499,7789062499,10
2025-10-02 14:33:26,15929,pairwise,PairwiseVerletLists,1.000000,vlp_c01,none,SoA,disabled,234171875000,9593750000,9296875000,9453125000,9687500000,9468750000,9390625000,9359375000,9703125000,9609375000,31973437499,31973437499,10
2025-10-02 14:33:26,15939,pairwise,PairwiseVerletLists,1.000000,vlp_c18,none,AoS,disabled,29890625000,5421875000,5453125000,5703125000,5593750000,5625000000,5468750000,5453125000,5375000000,5515625000,7949999999,7949999999,10
2025-10-02 14:33:26,15949,pairwise,PairwiseVerletLists,1.000000,vlp_c18,none,AoS,enabled,31921875000,3484375000,3484375000,3484375000,3296875000,3265625000,3218750000,3234375000,3375000000,3296875000,6206249999,6206249999,10
2025-10-02 14:33:28,15959,pairwise,PairwiseVerletLists,1.000000,vlp_c18,none,SoA,disabled,304515625000,9281250000,9296875000,9156250000,9109375000,9296875000,9343750000,9187500000,9281250000,9093750000,38756249999,38756249999,10
2025-10-02 14:33:29,15969,pairwise,PairwiseVerletLists,1.000000,vlp_c18,none,SoA,enabled,201781250000,6765625000,6765625000,6921875000,7031250000,6875000000,6890625000,6890625000,6968750000,6859375000,26374999999,26374999999,10
2025-10-02 14:33:29,15979,pairwise,PairwiseVerletLists,1.000000,vlp_sliced,none,AoS,disabled,35500000000,9500000000,9671875000,9718750000,9750000000,9593750000,9515625000,8843750000,9703125000,9500000000,12129687499,12129687499,10
2025-10-02 14:33:29,15989,pairwise,PairwiseVerletLists,1.000000,vlp_sliced,none,AoS,enabled,37359375000,4593750000,4484375000,4515625000,4687500000,4375000000,4078125000,4406250000,4531250000,4531250000,7756249999,7756249999,10
2025-10-02 14:33:31,15999,pairwise,PairwiseVerletLists,1.000000,vlp_sliced,none,SoA,disabled,292859375000,13078125000,13156250000,12687500000,12906250000,13156250000,13250000000,12750000000,13093750000,13296875000,41023437499,41023437499,10
2025-10-02 14:33:31,16009,pairwise,PairwiseVerletLists,1.000000,vlp_sliced,none,SoA,enabled,206140625000,9078125000,9140625000,9125000000,9062500000,9046875000,9015625000,8984375000,9281250000,8968750000,28784375000,28784375000,10
2025-10-02 14:33:32,16019,pairwise,PairwiseVerletLists,1.000000,vlp_sliced_balanced,none,AoS,disabled,34796875000,9671875000,9703125000,9687500000,9671875000,9781250000,9765625000,9609375000,9734375000,9718750000,12214062499,12214062499,10
2025-10-02 14:33:32,16029,pairwise,PairwiseVerletLists,1.000000,vlp_sliced_balanced,none,AoS,enabled,37484375000,4437500000,4546875000,4671875000,4609375000,4515625000,4609375000,4671875000,4578125000,4406250000,7853124999,7853124999,10
2025-10-02 14:33:33,16039,pairwise,PairwiseVerletLists,1.000000,vlp_sliced_balanced,none,SoA,disabled,294265625000,13093750000,13078125000,13031250000,13000000000,13109375000,12921875000,12984375000,13000000000,13015625000,41149999999,41149999999,10
2025-10-02 14:33:34,16049,pairwise,PairwiseVerletLists,1.000000,vlp_sliced_balanced,none,SoA,enabled,206765625000,9046875000,8921875000,8953125000,8937500000,8859375000,8937500000,8875000000,9265625000,8843750000,28740624999,28740624999,10
2025-10-02 14:33:35,16059,pairwise,PairwiseVerletLists,1.000000,vlp_sliced_c02,none,AoS,disabled,37359375000,11937500000,11796875000,11812500000,12156250000,11781250000,12140625000,11906250000,11906250000,12093750000,14489062499,14489062499,10
2025-10-02 14:33:35,16069,pairwise,PairwiseVerletLists,1.000000,vlp_sliced_c02,none,AoS,enabled,38484375000,5687500000,5828125000,5578125000,5687500000,5875000000,5984375000,5468750000,5734375000,6046875000,9037500000,9037500000,10
2025-10-02 14:33:37,16079,pairwise,PairwiseVerletLists,1.000000,vlp_sliced_c02,none,SoA,disabled,297250000000,15812500000,16468750000,16390625000,16484375000,16750000000,16203125000,16234375000,15843750000,15875000000,44331249999,44331249999,10
2025-10-02 14:33:38,16089,pairwise,PairwiseVerletLists,1.000000,vlp_sliced_c02,none,SoA,enabled,208000000000,11265625000,11250000000,11218750000,11156250000,11171875000,11125000000,11187500000,11046875000,11375000000,30879687499,30879687499,10
2025-10-02 14:33:38,16099,pairwise,PairwiseVerletLists,1.000000,vlp_c08,none,AoS,disabled,32078125000,6843750000,6984375000,6843750000,7000000000,6796875000,6828125000,7062500000,6984375000,7031250000,9445312499,9445312499,10
2025-10-02 14:33:38,16109,pairwise,PairwiseVerletLists,1.000000,vlp_c08,none,AoS,enabled,37218750000,3812500000,3843750000,3953125000,3890625000,4015625000,3890625000,3828125000,3703125000,3781250000,7193749999,7193749999,10
2025-10-02 14:33:39,16119,pairwise,PairwiseVerletLists,1.000000,vlp_c08,none,SoA,disabled,289750000000,10171875000,10281250000,10125000000,10359375000,10140625000,10343750000,10062500000,10312500000,10218750000,38176562499,38176562499,10
2025-10-02 14:33:40,16129,pairwise,PairwiseVerletLists,1.000000,vlp_c08,none,SoA,enabled,204515625000,7593750000,7218750000,7484375000,7359375000,7375000000,7390625000,7390625000,7453125000,7531250000,27131250000,27131250000,10
2025-10-02 14:35:28,20009,pairwise,LinkedCells,1.000000,lc_c01,none,AoS,disabled,11468750000,12500000000,12578125000,12312500000,12828125000,12156250000,12078125000,12718750000,12375000000,12515625000,12353124999,12353124999,10
2025-10-02 14:35:28,20019,pairwise,LinkedCells,1.000000,lc_c01,none,SoA,disabled,6609375000,6390625000,6437500000,6515625000,7062500000,6687500000,6890625000,6140625000,5828125000,5968750000,6453124999,6453124999,10
2025-10-02 14:35:28,20029,pairwise,LinkedCells,1.000000,lc_c01_combined_SoA,none,SoA,disabled,5453125000,6000000000,5687500000,5937500000,5875000000,6000000000,5796875000,5875000000,5812500000,5875000000,5831249999,5831249999,10
2025-10-02 14:35:29,20039,pairwise,LinkedCells,1.000000,lc_c04,none,AoS,disabled,8781250000,8578125000,8015625000,7593750000,8312500000,8281250000,7968750000,7812500000,8343750000,8265625000,8195312499,8195312499,10
2025-10-02 14:35:29,20049,pairwise,LinkedCells,1.000000,lc_c04,none,AoS,enabled,5828125000,5875000000,5734375000,5734375000,6046875000,5781250000,5734375000,6234375000,6609375000,5671875000,5924999999,5924999999,10
2025-10-02 14:35:29,20059,pairwise,LinkedCells,1.000000,lc_c04,none,SoA,disabled,6062500000,6125000000,5796875000,6015625000,6437500000,6031250000,5875000000,6437500000,5921875000,6421875000,6112499999,6112499999,10
2025-10-02 14:35:29,20069,pairwise,LinkedCells,1.000000,lc_c04,none,SoA,enabled,4109375000,3812500000,4078125000,3687500000,4109375000,4359375000,4015625000,4093750000,4203125000,4000000000,4046874999,4046874999,10
2025-10-02 14:35:29,20079,pairwise,LinkedCells,1.000000,lc_c04_HCP,none,AoS,disabled,7515625000,7453125000,7656250000,7500000000,7828125000,7109375000,7468750000,7750000000,7906250000,7906250000,7609374999,7609374999,10
2025-10-02 14:35:29,20089,pairwise,LinkedCells,1.000000,lc_c04_HCP,none,AoS,enabled,5359375000,5531250000,5296875000,5656250000,5765625000,5781250000,5843750000,5828125000,5875000000,6078125000,5701562499,5701562499,10
2025-10-02 14:35:29,20099,pairwise,LinkedCells,1.000000,lc_c04_HCP,none,SoA,disabled,5812500000,6125000000,6093750000,6046875000,7000000000,6296875000,6359375000,6359375000,5953125000,6109375000,6215624999,6215624999,10
2025-10-02 14:35:30,20109,pairwise,LinkedCells,1.000000,lc_c04_HCP,none,SoA,enabled,4296875000,4328125000,4531250000,4468750000,4390625000,4390625000,4296875000,4718750000,3812500000,4453125000,4368749999,4368749999,10
2025-10-02 14:35:30,20119,pairwise,LinkedCells,1.000000,lc_c04_combined_SoA,none,SoA,disabled,7296875000,7265625000,7359375000,6843750000,6937500000,7281250000,6890625000,6625000000,6906250000,7062500000,7046874999,7046874999,10
2025-10-02 14:35:30,20129,pairwise,LinkedCells,1.000000,lc_c04_combined_SoA,none,SoA,enabled,5000000000,5687500000,5468750000,5718750000,5515625000,5312500000,5390625000,5484375000,5609375000,5171875000,5435937500,5435937500,10
2025-10-02 14:35:30,20139,pairwise,LinkedCells,1.000000,lc_c08,none,AoS,disabled,7828125000,7546875000,7812500000,7625000000,7718750000,7312500000,7750000000,7765625000,7765625000,7921875000,7704687499,7704687499,10
2025-10-02 14:35:30,20149,pairwise,LinkedCells,1.000000,lc_c08,none,AoS,enabled,5609375000,5437500000,5687500000,5953125000,5921875000,5546875000,5421875000,5796875000,5703125000,5921875000,5699999999,5699999999,10
2025-10-02 14:35:30,20159,pairwise,LinkedCells,1.000000,lc_c08,none,SoA,disabled,7468750000,7234375000,6937500000,6437500000,6531250000,7031250000,7046875000,6437500000,7265625000,7187500000,6957812499,6957812499,10
2025-10-02 14:35:31,20169,pairwise,LinkedCells,1.000000,lc_c08,none,SoA,enabled,5187500000,5562500000,5375000000,5359375000,5078125000,4765625000,5015625000,5781250000,5218750000,4625000000,5196874999,5196874999,10
2025-10-02 14:35:31,20179,pairwise,LinkedCells,1.000000,lc_c18,none,AoS,disabled,7828125000,8140625000,7796875000,8296875000,8234375000,7796875000,7734375000,7796875000,7734375000,7609375000,7896874999,7896874999,10
2025-10-02 14:35:31,20189,pairwise,LinkedCells,1.000000,lc_c18,none,AoS,enabled,6312500000,6109375000,6046875000,5796875000,5843750000,5875000000,6015625000,5796875000,5734375000,5578125000,5910937499,5910937499,10
2025-10-02 14:35:31,20199,pairwise,LinkedCells,1.000000,lc_c18,none,SoA,disabled,6390625000,6812500000,6796875000,6671875000,6687500000,6250000000,6484375000,6390625000,6796875000,6312500000,6559375000,6559375000,10
2025-10-02 14:35:31,20209,pairwise,LinkedCells,1.000000,lc_c18,none,SoA,enabled,4343750000,4109375000,4125000000,3953125000,4156250000,4265625000,4343750000,4312500000,4125000000,4265625000,4199999999,4199999999,10
2025-10-02 14:35:31,20219,pairwise,LinkedCells,1.000000,lc_sliced,none,AoS,disabled,8328125000,8125000000,8187500000,8218750000,8234375000,8203125000,8281250000,8031250000,8171875000,8187500000,8196874999,8196874999,10
2025-10-02 14:35:32,20229,pairwise,LinkedCells,1.000000,lc_sliced,none,AoS,enabled,5781250000,5968750000,5953125000,5890625000,5968750000,5953125000,5718750000,5875000000,6093750000,5921875000,5912499999,5912499999,10
2025-10-02 14:35:32,20239,pairwise,LinkedCells,1.000000,lc_sliced,none,SoA,disabled,6109375000,6062500000,6171875000,5921875000,5937500000,5968750000,6125000000,5875000000,5984375000,6000000000,6015624999,6015624999,10
2025-10-02 14:35:32,20249,pairwise,LinkedCells,1.000000,lc_sliced,none,SoA,enabled,3578125000,3671875000,3656250000,3484375000,3531250000,3750000000,3609375000,3421875000,3703125000,3671875000,3607812499,3607812499,10
2025-10-02 14:35:32,20259,pairwise,LinkedCells,1.000000,lc_sliced_balanced,none,AoS,disabled,8203125000,8218750000,8140625000,8093750000,8125000000,8265625000,8171875000,8156250000,8421875000,8062500000,8185937499,8185937499,10
2025-10-02 14:35:32,20269,pairwise,LinkedCells,1.000000,lc_sliced_balanced,none,AoS,enabled,6203125000,5843750000,5906250000,5750000000,5734375000,5750000000,5750000000,5781250000,5921875000,6000000000,5864062499,5864062499,10
2025-10-02 14:35:33,20279,pairwise,LinkedCells,1.000000,lc_sliced_balanced,none,SoA,disabled,5906250000,5937500000,5984375000,5609375000,5781250000,6000000000,6046875000,5718750000,5796875000,5843750000,5862499999,5862499999,10
2025-10-02 14:35:33,20289,pairwise,LinkedCells,1.000000,lc_sliced_balanced,none,SoA,enabled,3531250000,3625000000,3609375000,3656250000,3656250000,3656250000,3656250000,3562500000,3656250000,3656250000,3626562499,3626562499,10
2025-10-02 14:35:33,20299,pairwise,LinkedCells,1.000000,lc_sliced_balanced,squared-particles-per-cell,AoS,disabled,8265625000,8046875000,7984375000,8390625000,8187500000,8156250000,8171875000,7984375000,8109375000,8125000000,8142187499,8142187499,10
2025-10-02 14:35:33,20309,pairwise,LinkedCells,1.000000,lc_sliced_balanced,squared-particles-per-cell,AoS,enabled,5906250000,5875000000,5843750000,6046875000,5828125000,5875000000,5906250000,5875000000,5937500000,6062500000,5915624999,5915624999,10
2025-10-02 14:35:33,20319,pairwise,LinkedCells,1.000000,lc_sliced_balanced,squared-particles-per-cell,SoA,disabled,6718750000,6078125000,5921875000,5796875000,5828125000,5984375000,5828125000,5875000000,5843750000,5968750000,5984374999,5984374999,10
2025-10-02 14:35:33,20329,pairwise,LinkedCells,1.000000,lc_sliced_balanced,squared-particles-per-cell,SoA,enabled,3500000000,3703125000,3671875000,3609375000,3718750000,3781250000,3750000000,3546875000,3687500000,3562500000,3653124999,3653124999,10
2025-10-02 14:35:34,20339,pairwise,LinkedCells,1.000000,lc_sliced_c02,none,AoS,disabled,8281250000,8187500000,8203125000,8218750000,8343750000,8140625000,8218750000,8265625000,8140625000,8296875000,8229687499,8229687499,10
2025-10-02 14:35:34,20349,pairwise,LinkedCells,1.000000,lc_sliced_c02,none,AoS,enabled,6062500000,5984375000,5984375000,6046875000,5968750000,6031250000,5906250000,6218750000,6156250000,6093750000,6045312499,6045312499,10
2025-10-02 14:35:34,20359,pairwise,LinkedCells,1.000000,lc_sliced_c02,none,SoA,disabled,6796875000,5781250000,6015625000,6062500000,5937500000,5859375000,5859375000,5906250000,6125000000,5890625000,6023437500,6023437500,10
2025-10-02 14:35:34,20369,pairwise,LinkedCells,1.000000,lc_sliced_c02,none,SoA,enabled,3765625000,3625000000,3437500000,3593750000,3671875000,3656250000,3578125000,3781250000,3953125000,3625000000,3668749999,3668749999,10
2025-10-02 14:35:35,20379,pairwise,VerletClusterLists,1.000000,vcl_c01_balanced,none,AoS,disabled,49937500000,12812500000,12781250000,12953125000,12765625000,12781250000,12609375000,12890625000,12703125000,12562500000,16479687499,16479687499,10
2025-10-02 14:35:35,20389,pairwise,VerletClusterLists,1.000000,vcl_c01_balanced,none,SoA,disabled,34765625000,4718750000,4562500000,4687500000,4609375000,4703125000,4500000000,4671875000,4687500000,4484375000,7639062500,7639062500,10
2025-10-02 14:35:36,20399,pairwise,VerletClusterLists,1.000000,vcl_c06,none,AoS,disabled,43875000000,14078125000,14406250000,14312500000,14531250000,14281250000,14468750000,14328125000,14453125000,14265625000,17299999999,17299999999,10
2025-10-02 14:35:36,20409,pairwise,VerletClusterLists,1.000000,vcl_c06,none,AoS,enabled,24359375000,7328125000,7406250000,7140625000,7125000000,7296875000,7234375000,7515625000,7375000000,7468750000,9024999999,9024999999,10
2025-10-02 14:35:36,20419,pairwise,VerletClusterLists,1.000000,vcl_c06,none,SoA,disabled,35156250000,5265625000,5046875000,5093750000,5390625000,5265625000,5046875000,5218750000,5187500000,5109375000,8178124999,8178124999,10
2025-10-02 14:35:36,20429,pairwise,VerletClusterLists,1.000000,vcl_c06,none,SoA,enabled,19968750000,2921875000,3328125000,3078125000,2859375000,2984375000,2718750000,3109375000,2953125000,2796875000,4671874999,4671874999,10
2025-10-02 14:35:37,20439,pairwise,VerletClusterLists,1.000000,vcl_sliced,none,AoS,disabled,54875000000,24703125000,24437500000,24953125000,24921875000,24437500000,24921875000,24890625000,24312500000,24796875000,27724999999,27724999999,10
2025-10-02 14:35:38,20449,pairwise,VerletClusterLists,1.000000,vcl_sliced,none,AoS,enabled,29515625000,12156250000,12796875000,12343750000,12875000000,12328125000,12984375000,12406250000,13234375000,12921875000,14356250000,14356250000,10
2025-10-02 14:35:38,20459,pairwise,VerletClusterLists,1.000000,vcl_sliced,none,SoA,disabled,37187500000,7484375000,7531250000,7203125000,7484375000,8187500000,8187500000,7171875000,7109375000,7156250000,10470312499,10470312499,10
2025-10-02 14:35:38,20469,pairwise,VerletClusterLists,1.000000,vcl_sliced,none,SoA,enabled,21156250000,4546875000,4015625000,4125000000,4062500000,4140625000,4187500000,4000000000,4968750000,4515625000,5971874999,5971874999,10
2025-10-02 14:35:39,20479,pairwise,VerletClusterLists,1.000000,vcl_sliced_balanced,none,AoS,disabled,59156250000,29187500000,29000000000,29000000000,29031250000,29015625000,29218750000,29015625000,28937500000,28859375000,32042187499,32042187499,10
2025-10-02 14:35:40,20489,pairwise,VerletClusterLists,1.000000,vcl_sliced_balanced,none,AoS,enabled,31765625000,15015625000,15078125000,15046875000,14906250000,15156250000,14734375000,15000000000,15171875000,14953125000,16682812499,16682812499,10
2025-10-02 14:35:40,20499,pairwise,VerletClusterLists,1.000000,vcl_sliced_balanced,none,SoA,disabled,38953125000,8640625000,8828125000,8687500000,8625000000,8890625000,8812500000,8859375000,8875000000,8843750000,11801562499,11801562499,10
2025-10-02 14:35:40,20509,pairwise,VerletClusterLists,1.000000,vcl_sliced_balanced,none,SoA,enabled,22171875000,5125000000,5203125000,5093750000,5187500000,5156250000,5390625000,5093750000,5406250000,5062500000,6889062499,6889062499,10
2025-10-02 14:35:41,20519,pairwise,VerletClusterLists,1.000000,vcl_sliced_balanced,neighbor-list-length,AoS,disabled,64781250000,29203125000,29218750000,29015625000,29015625000,29171875000,28781250000,29000000000,29015625000,29125000000,32632812499,32632812499,10
2025-10-02 14:35:42,20529,pairwise,VerletClusterLists,1.000000,vcl_sliced_balanced,neighbor-list-length,AoS,enabled,31750000000,14859375000,14984375000,14781250000,14968750000,14906250000,14875000000,14906250000,15062500000,14703125000,16579687499,16579687499,10
2025-10-02 14:35:42,20539,pairwise,VerletClusterLists,1.000000,vcl_sliced_balanced,neighbor-list-length,SoA,disabled,38640625000,8812500000,8875000000,8875000000,8828125000,8687500000,8984375000,8984375000,8875000000,8968750000,11853124999,11853124999,10
2025-10-02 14:35:42,20549,pairwise,VerletClusterLists,1.000000,vcl_sliced_balanced,neighbor-list-length,SoA,enabled,21984375000,5453125000,5250000000,5328125000,5281250000,5187500000,5453125000,5140625000,5125000000,5234375000,6943749999,6943749999,10
2025-10-02 14:35:43,20559,pairwise,VerletClusterLists,1.000000,vcl_sliced_c02,none,AoS,disabled,64125000000,27937500000,29140625000,29734375000,29546875000,29171875000,29843750000,28437500000,27625000000,28984375000,32454687499,32454687499,10
2025-10-02 14:35:44,20569,pairwise,VerletClusterLists,1.000000,vcl_sliced_c02,none,AoS,enabled,31406250000,14578125000,13578125000,14046875000,15015625000,14703125000,15062500000,14531250000,15718750000,15656250000,16429687500,16429687500,10
2025-10-02 14:35:44,20579,pairwise,VerletClusterLists,1.000000,vcl_sliced_c02,none,SoA,disabled,38953125000,8718750000,8765625000,9140625000,9250000000,8734375000,8968750000,9328125000,8968750000,9500000000,12032812499,12032812499,10
2025-10-02 14:35:45,20589,pairwise,VerletClusterLists,1.000000,vcl_sliced_c02,none,SoA,enabled,22250000000,5250000000,4859375000,4718750000,5406250000,4843750000,4953125000,5406250000,5093750000,5500000000,6828124999,6828124999,10
2025-10-02 14:35:45,20599,pairwise,VerletLists,1.000000,vl_list_iteration,none,AoS,disabled,27265625000,6171875000,6156250000,6203125000,6234375000,6156250000,6234375000,6109375000,5968750000,6109375000,8260937499,8260937499,10
2025-10-02 14:35:45,20609,pairwise,VerletLists,1.000000,vl_list_iteration,none,SoA,disabled,82484375000,4812500000,5015625000,4765625000,4656250000,4843750000,4875000000,4671875000,4671875000,4687500000,12548437499,12548437499,10
2025-10-02 14:35:46,20619,pairwise,VerletListsCells,1.000000,vlc_c01,none,AoS,disabled,28546875000,4015625000,4218750000,4156250000,4250000000,4218750000,4171875000,4062500000,4109375000,4281250000,6603124999,6603124999,10
2025-10-02 14:35:46,20629,pairwise,VerletListsCells,1.000000,vlc_c01,none,SoA,disabled,85328125000,5203125000,4953125000,5015625000,4937500000,5062500000,5125000000,5015625000,5109375000,4937500000,13068749999,13068749999,10
2025-10-02 14:35:46,20639,pairwise,VerletListsCells,1.000000,vlc_c18,none,AoS,disabled,22687500000,4000000000,4125000000,4140625000,4203125000,4234375000,4390625000,4156250000,4359375000,4109375000,6040624999,6040624999,10
2025-10-02 14:35:46,20649,pairwise,VerletListsCells,1.000000,vlc_c18,none,AoS,enabled,15750000000,2468750000,2312500000,2296875000,2078125000,2421875000,2359375000,2296875000,2156250000,2500000000,3664062499,3664062499,10
2025-10-02 14:35:47,20659,pairwise,VerletListsCells,1.000000,vlc_c18,none,SoA,disabled,132937500000,6703125000,6343750000,6312500000,6468750000,6656250000,6687500000,6531250000,6515625000,6546875000,19170312499,19170312499,10
2025-10-02 14:35:47,20669,pairwise,VerletListsCells,1.000000,vlc_c18,none,SoA,enabled,82812500000,5234375000,5328125000,4984375000,4875000000,4953125000,5156250000,4796875000,4828125000,4906250000,12787499999,12787499999,10
2025-10-02 14:35:48,20679,pairwise,VerletListsCells,1.000000,vlc_c08,none,AoS,disabled,21015625000,4125000000,4078125000,4250000000,4078125000,4062500000,4109375000,4093750000,4109375000,4093750000,5801562499,5801562499,10
2025-10-02 14:35:48,20689,pairwise,VerletListsCells,1.000000,vlc_c08,none,AoS,enabled,17093750000,2656250000,2578125000,2593750000,2640625000,2515625000,2484375000,2593750000,2812500000,2578125000,4054687499,4054687499,10
2025-10-02 14:35:48,20699,pairwise,VerletListsCells,1.000000,vlc_c08,none,SoA,disabled,120515625000,6109375000,6312500000,6359375000,6359375000,6250000000,6234375000,6093750000,6375000000,6265625000,17687499999,17687499999,10
2025-10-02 14:35:49,20709,pairwise,VerletListsCells,1.000000,vlc_c08,none,SoA,enabled,88437500000,5265625000,5546875000,5531250000,5593750000,5359375000,5437500000,5531250000,5453125000,5468750000,13762499999,13762499999,10
2025-10-02 14:35:49,20719,pairwise,VerletListsCells,1.000000,vlc_sliced,none,AoS,disabled,26546875000,6843750000,7187500000,6781250000,6859375000,6781250000,6984375000,7015625000,6765625000,6890625000,8865624999,8865624999,10
2025-10-02 14:35:49,20729,pairwise,VerletListsCells,1.000000,vlc_sliced,none,AoS,enabled,16875000000,3312500000,3515625000,3296875000,3296875000,3484375000,3546875000,3218750000,3515625000,3312500000,4737499999,4737499999,10
2025-10-02 14:35:50,20739,pairwise,VerletListsCells,1.000000,vlc_sliced,none,SoA,disabled,137250000000,8625000000,8750000000,8687500000,8953125000,8781250000,8687500000,8734375000,9062500000,8921875000,21645312499,21645312499,10
2025-10-02 14:35:50,20749,pairwise,VerletListsCells,1.000000,vlc_sliced,none,SoA,enabled,83703125000,5640625000,5703125000,5812500000,5734375000,5640625000,5515625000,5531250000,5375000000,5328125000,13398437499,13398437499,10
2025-10-02 14:35:51,20759,pairwise,VerletListsCells,1.000000,vlc_sliced_balanced,none,AoS,disabled,25093750000,6218750000,6234375000,6156250000,6250000000,6187500000,6203125000,6093750000,6187500000,6187500000,8081249999,8081249999,10
2025-10-02 14:35:51,20769,pairwise,VerletListsCells,1.000000,vlc_sliced_balanced,none,AoS,enabled,16812500000,3359375000,3234375000,3328125000,3218750000,3250000000,3375000000,3234375000,3265625000,3453125000,4653124999,4653124999,10
2025-10-02 14:35:51,20779,pairwise,VerletListsCells,1.000000,vlc_sliced_balanced,none,SoA,disabled,139718750000,9375000000,9171875000,9296875000,9328125000,9437500000,9250000000,9250000000,9437500000,9125000000,22339062500,22339062500,10
2025-10-02 14:35:52,20789,pairwise,VerletListsCells,1.000000,vlc_sliced_balanced,none,SoA,enabled,86156250000,5843750000,5656250000,5562500000,5593750000,5671875000,5593750000,5359375000,5406250000,5234375000,13607812500,13607812500,10
2025-10-02 14:35:52,20799,pairwise,VerletListsCells,1.000000,vlc_sliced_balanced,squared-particles-per-cell,AoS,disabled,24953125000,6328125000,6218750000,6390625000,6203125000,6359375000,6234375000,6359375000,6312500000,6109375000,8146874999,8146874999,10
2025-10-02 14:35:52,20809,pairwise,VerletListsCells,1.000000,vlc_sliced_balanced,squared-particles-per-cell,AoS,enabled,16781250000,3437500000,3546875000,3437500000,3328125000,3265625000,3250000000,3125000000,3406250000,3328125000,4690624999,4690624999,10
2025-10-02 14:35:53,20819,pairwise,VerletListsCells,1.000000,vlc_sliced_balanced,squared-particles-per-cell,SoA,disabled,128484375000,8437500000,8656250000,8609375000,8640625000,8421875000,8343750000,8593750000,8718750000,8687500000,20559374999,20559374999,10
2025-10-02 14:35:53,20829,pairwise,VerletListsCells,1.000000,vlc_sliced_balanced,squared-particles-per-cell,SoA,enabled,84046875000,5703125000,5656250000,5578125000,5671875000,5578125000,5734375000,5484375000,5281250000,5406250000,13414062499,13414062499,10
2025-10-02 14:35:54,20839,pairwise,VerletListsCells,1.000000,vlc_sliced_balanced,neighbor-list-length,AoS,disabled,25156250000,6375000000,6312500000,6484375000,6390625000,6343750000,6234375000,6328125000,6453125000,6609375000,8268749999,8268749999,10
2025-10-02 14:35:54,20849,pairwise,VerletListsCells,1.000000,vlc_sliced_balanced,neighbor-list-length,AoS,enabled,16640625000,3437500000,3250000000,3484375000,3453125000,3265625000,3406250000,3437500000,3296875000,3515625000,4718749999,4718749999,10
2025-10-02 14:35:55,20859,pairwise,VerletListsCells,1.000000,vlc_sliced_balanced,neighbor-list-length,SoA,disabled,128718750000,9000000000,9031250000,9015625000,8937500000,9093750000,9062500000,8984375000,8890625000,8937500000,20967187499,20967187499,10
2025-10-02 14:35:55,20869,pairwise,VerletListsCells,1.000000,vlc_sliced_balanced,neighbor-list-length,SoA,enabled,84265625000,5765625000,5640625000,5781250000,5812500000,5734375000,5984375000,5531250000,5593750000,5593750000,13570312499,13570312499,10
2025-10-02 14:35:55,20879,pairwise,VerletListsCells,1.000000,vlc_sliced_c02,none,AoS,disabled,26515625000,7812500000,7890625000,7937500000,7781250000,7750000000,7843750000,7875000000,7875000000,7625000000,9690624999,9690624999,10
2025-10-02 14:35:56,20889,pairwise,VerletListsCells,1.000000,vlc_sliced_c02,none,AoS,enabled,17562500000,4078125000,4234375000,4234375000,4250000000,4250000000,4406250000,4343750000,4203125000,4109375000,5567187500,5567187500,10
2025-10-02 14:35:56,20899,pairwise,VerletListsCells,1.000000,vlc_sliced_c02,none,SoA,disabled,130843750000,10031250000,10328125000,10375000000,10500000000,10437500000,10187500000,10187500000,10375000000,10453125000,22371874999,22371874999,10
2025-10-02 14:35:57,20909,pairwise,VerletListsCells,1.000000,vlc_sliced_c02,none,SoA,enabled,84781250000,6359375000,6484375000,6765625000,6484375000,6500000000,6609375000,6296875000,6296875000,6406250000,14298437499,14298437499,10
2025-10-02 14:35:57,20919,pairwise,PairwiseVerletLists,1.000000,vlp_c01,none,AoS,disabled,31671875000,5156250000,4937500000,5187500000,5265625000,5156250000,5062500000,5171875000,5109375000,5156250000,7787499999,7787499999,10
2025-10-02 14:35:58,20929,pairwise,PairwiseVerletLists,1.000000,vlp_c01,none,SoA,disabled,228140625000,9484375000,9328125000,9484375000,9343750000,9187500000,9312500000,9312500000,9156250000,9234375000,31198437499,31198437499,10
2025-10-02 14:35:58,20939,pairwise,PairwiseVerletLists,1.000000,vlp_c18,none,AoS,disabled,29843750000,5406250000,5484375000,5781250000,5578125000,5640625000,5500000000,5593750000,5812500000,5578125000,8021874999,8021874999,10
2025-10-02 14:35:59,20949,pairwise,PairwiseVerletLists,1.000000,vlp_c18,none,AoS,enabled,32000000000,3531250000,3156250000,3546875000,3218750000,3343750000,3359375000,3328125000,3406250000,3437500000,6232812499,6232812499,10
2025-10-02 14:36:00,20959,pairwise,PairwiseVerletLists,1.000000,vlp_c18,none,SoA,disabled,297343750000,8906250000,9125000000,9031250000,8796875000,8984375000,9015625000,9171875000,8921875000,8906250000,37820312500,37820312500,10
2025-10-02 14:36:01,20969,pairwise,PairwiseVerletLists,1.000000,vlp_c18,none,SoA,enabled,204546875000,6734375000,6703125000,6921875000,6796875000,6781250000,6765625000,6718750000,6734375000,6593750000,26529687500,26529687500,10
2025-10-02 14:36:01,20979,pairwise,PairwiseVerletLists,1.000000,vlp_sliced,none,AoS,disabled,34578125000,9421875000,9437500000,9390625000,8906250000,9500000000,9625000000,9468750000,9187500000,8640625000,11815624999,11815624999,10
2025-10-02 14:36:01,20989,pairwise,PairwiseVerletLists,1.000000,vlp_sliced,none,AoS,enabled,37109375000,4343750000,4437500000,4453125000,4453125000,4187500000,4015625000,4078125000,4500000000,4156250000,7573437499,7573437499,10
2025-10-02 14:36:03,20999,pairwise,PairwiseVerletLists,1.000000,vlp_sliced,none,SoA,disabled,287984375000,12625000000,12578125000,12593750000,12828125000,12765625000,12718750000,12531250000,12562500000,12593750000,40178124999,40178124999,10
2025-10-02 14:36:04,21009,pairwise,PairwiseVerletLists,1.000000,vlp_sliced,none,SoA,enabled,205656250000,8718750000,8781250000,8890625000,8828125000,8875000000,8890625000,8890625000,8734375000,8953125000,28521874999,28521874999,10
2025-10-02 14:36:04,21019,pairwise,PairwiseVerletLists,1.000000,vlp_sliced_balanced,none,AoS,disabled,34265625000,9437500000,9437500000,9437500000,9484375000,9609375000,9546875000,9296875000,9546875000,9390625000,11945312499,11945312499,10
2025-10-02 14:36:04,21029,pairwise,PairwiseVerletLists,1.000000,vlp_sliced_balanced,none,AoS,enabled,37500000000,4375000000,4171875000,4218750000,4250000000,4265625000,4343750000,4093750000,4078125000,4421875000,7571874999,7571874999,10
2025-10-02 14:36:06,21039,pairwise,PairwiseVerletLists,1.000000,vlp_sliced_balanced,none,SoA,disabled,289703125000,12640625000,12562500000,12687500000,12703125000,12718750000,12687500000,12640625000,12703125000,12750000000,40379687499,40379687499,10
2025-10-02 14:36:07,21049,pairwise,PairwiseVerletLists,1.000000,vlp_sliced_balanced,none,SoA,enabled,207437500000,8906250000,9046875000,8812500000,8640625000,8765625000,8968750000,9031250000,8937500000,8796875000,28734374999,28734374999,10
2025-10-02 14:36:07,21059,pairwise,PairwiseVerletLists,1.000000,vlp_sliced_c02,none,AoS,disabled,36890625000,12015625000,11468750000,11781250000,11531250000,11937500000,11640625000,11640625000,11875000000,11687500000,14246874999,14246874999,10
2025-10-02 14:36:07,21069,pairwise,PairwiseVerletLists,1.000000,vlp_sliced_c02,none,AoS,enabled,38734375000,5578125000,5500000000,5328125000,5437500000,5515625000,5468750000,5343750000,5421875000,5203125000,8753125000,8753125000,10
2025-10-02 14:36:09,21079,pairwise,PairwiseVerletLists,1.000000,vlp_sliced_c02,none,SoA,disabled,295671875000,15562500000,15250000000,15296875000,14906250000,15109375000,15437500000,15296875000,15281250000,15312500000,43312499999,43312499999,10
2025-10-02 14:36:10,21089,pairwise,PairwiseVerletLists,1.000000,vlp_sliced_c02,none,SoA,enabled,209171875000,10562500000,10531250000,10500000000,10484375000,10718750000,10593750000,10500000000,10703125000,10546875000,30431249999,30431249999,10
2025-10-02 14:36:10,21099,pairwise,PairwiseVerletLists,1.000000,vlp_c08,none,AoS,disabled,32328125000,7140625000,6718750000,6875000000,6781250000,6937500000,6937500000,6890625000,7125000000,6937500000,9467187499,9467187499,10
2025-10-02 14:36:10,21109,pairwise,PairwiseVerletLists,1.000000,vlp_c08,none,AoS,enabled,36781250000,4015625000,3968750000,3875000000,3953125000,3687500000,3812500000,3734375000,3656250000,3859375000,7134374999,7134374999,10
2025-10-02 14:36:11,21119,pairwise,PairwiseVerletLists,1.000000,vlp_c08,none,SoA,disabled,289609375000,10187500000,10031250000,10140625000,10250000000,9859375000,10000000000,10218750000,10328125000,10156250000,38078124999,38078124999,10
2025-10-02 14:36:12,21129,pairwise,PairwiseVerletLists,1.000000,vlp_c08,none,SoA,enabled,206921875000,7359375000,7531250000,7609375000,7500000000,7343750000,7312500000,7312500000,7531250000,7453125000,27387499999,27387499999,10
2025-10-02 14:39:10,25009,pairwise,LinkedCells,1.000000,lc_c01,none,AoS,disabled,10500000000,10281250000,10187500000,10375000000,10625000000,10500000000,10031250000,10437500000,10937500000,10125000000,10399999999,10399999999,10
2025-10-02 14:39:11,25019,pairwise,LinkedCells,1.000000,lc_c01,none,SoA,disabled,6156250000,5968750000,6031250000,5625000000,5562500000,5437500000,6031250000,6375000000,5843750000,5812500000,5884374999,5884374999,10
2025-10-02 14:39:11,25029,pairwise,LinkedCells,1.000000,lc_c01_combined_SoA,none,SoA,disabled,5312500000,4750000000,4718750000,4937500000,4968750000,4906250000,5187500000,5218750000,5125000000,5281250000,5040624999,5040624999,10
2025-10-02 14:39:11,25039,pairwise,LinkedCells,1.000000,lc_c04,none,AoS,disabled,7250000000,7093750000,7750000000,7406250000,7343750000,7031250000,7343750000,7031250000,7250000000,7125000000,7262499999,7262499999,10
2025-10-02 14:39:11,25049,pairwise,LinkedCells,1.000000,lc_c04,none,AoS,enabled,5062500000,5125000000,4937500000,5187500000,4843750000,5156250000,5062500000,5062500000,5250000000,5187500000,5087499999,5087499999,10
2025-10-02 14:39:11,25059,pairwise,LinkedCells,1.000000,lc_c04,none,SoA,disabled,5875000000,5406250000,5687500000,5718750000,5687500000,5625000000,5531250000,5125000000,5343750000,5000000000,5499999999,5499999999,10
2025-10-02 14:39:11,25069,pairwise,LinkedCells,1.000000,lc_c04,none,SoA,enabled,3687500000,3375000000,3437500000,3562500000,3468750000,3593750000,3812500000,3625000000,3531250000,3625000000,3571874999,3571874999,10
2025-10-02 14:39:11,25079,pairwise,LinkedCells,1.000000,lc_c04_HCP,none,AoS,disabled,6875000000,6406250000,6281250000,6218750000,6375000000,6156250000,6375000000,6125000000,6375000000,6250000000,6343749999,6343749999,10
2025-10-02 14:39:11,25089,pairwise,LinkedCells,1.000000,lc_c04_HCP,none,AoS,enabled,4250000000,4468750000,4750000000,5218750000,4125000000,4562500000,4750000000,4812500000,4656250000,4781250000,4637499999,4637499999,10
2025-10-02 14:39:12,25099,pairwise,LinkedCells,1.000000,lc_c04_HCP,none,SoA,disabled,5531250000,5062500000,4656250000,4843750000,5031250000,4906250000,5406250000,5031250000,5187500000,5562500000,5121874999,5121874999,10
2025-10-02 14:39:12,25109,pairwise,LinkedCells,1.000000,lc_c04_HCP,none,SoA,enabled,4000000000,3906250000,4125000000,3906250000,3875000000,3843750000,3718750000,3468750000,4031250000,3781250000,3865624999,3865624999,10
2025-10-02 14:39:12,25119,pairwise,LinkedCells,1.000000,lc_c04_combined_SoA,none,SoA,disabled,5843750000,6406250000,6500000000,6468750000,6437500000,5750000000,6468750000,6343750000,6312500000,6125000000,6265625000,6265625000,10
2025-10-02 14:39:12,25129,pairwise,LinkedCells,1.000000,lc_c04_combined_SoA,none,SoA,enabled,5281250000,5156250000,4937500000,5156250000,5250000000,5093750000,5218750000,5062500000,4687500000,5156250000,5099999999,5099999999,10
2025-10-02 14:39:12,25139,pairwise,LinkedCells,1.000000,lc_c08,none,AoS,disabled,7593750000,6656250000,7093750000,6218750000,6687500000,6843750000,7062500000,6968750000,7156250000,6781250000,6906249999,6906249999,10
2025-10-02 14:39:12,25149,pairwise,LinkedCells,1.000000,lc_c08,none,AoS,enabled,5562500000,4843750000,4843750000,5031250000,4718750000,4968750000,4718750000,4375000000,4906250000,4343750000,4831250000,4831250000,10
2025-10-02 14:39:12,25159,pairwise,LinkedCells,1.000000,lc_c08,none,SoA,disabled,6187500000,5437500000,6062500000,5937500000,6000000000,5843750000,6000000000,6187500000,5968750000,5843750000,5946874999,5946874999,10
2025-10-02 14:39:13,25169,pairwise,LinkedCells,1.000000,lc_c08,none,SoA,enabled,4812500000,4468750000,4000000000,4687500000,4562500000,4906250000,4468750000,4343750000,4250000000,4437500000,4493749999,4493749999,10
2025-10-02 14:39:13,25179,pairwise,LinkedCells,1.000000,lc_c18,none,AoS,disabled,6500000000,6406250000,6531250000,6531250000,6250000000,6562500000,6156250000,6375000000,6281250000,6843750000,6443750000,6443750000,10
2025-10-02 14:39:13,25189,pairwise,LinkedCells,1.000000,lc_c18,none,AoS,enabled,4812500000,4437500000,4656250000,4687500000,4406250000,4781250000,4781250000,4750000000,4906250000,4718750000,4693749999,4693749999,10
2025-10-02 14:39:13,25199,pairwise,LinkedCells,1.000000,lc_c18,none,SoA,disabled,5687500000,5750000000,6031250000,6531250000,5531250000,5562500000,5281250000,5875000000,5406250000,6062500000,5771875000,5771875000,10
2025-10-02 14:39:13,25209,pairwise,LinkedCells,1.000000,lc_c18,none,SoA,enabled,3968750000,3875000000,3781250000,3750000000,4062500000,3468750000,3906250000,4125000000,4312500000,4000000000,3924999999,3924999999,10
2025-10-02 14:39:13,25219,pairwise,LinkedCells,1.000000,lc_sliced,none,AoS,disabled,8312500000,9062500000,8593750000,8625000000,8968750000,8562500000,8437500000,8343750000,8718750000,8562500000,8618749999,8618749999,10
2025-10-02 14:39:13,25229,pairwise,LinkedCells,1.000000,lc_sliced,none,AoS,enabled,6625000000,6375000000,5812500000,6406250000,6718750000,6187500000,6125000000,6187500000,5781250000,6093750000,6231250000,6231250000,10
2025-10-02 14:39:14,25239,pairwise,LinkedCells,1.000000,lc_sliced,none,SoA,disabled,6281250000,5812500000,5906250000,5937500000,6125000000,6031250000,5687500000,5500000000,6062500000,5687500000,5903124999,5903124999,10
2025-10-02 14:39:14,25249,pairwise,LinkedCells,1.000000,lc_sliced,none,SoA,enabled,3531250000,3500000000,3625000000,3531250000,3406250000,3687500000,3468750000,3562500000,3656250000,3312500000,3528124999,3528124999,10
2025-10-02 14:39:14,25259,pairwise,LinkedCells,1.000000,lc_sliced_balanced,none,AoS,disabled,8000000000,7875000000,7875000000,7750000000,7906250000,8468750000,8156250000,8156250000,8187500000,8093750000,8046874999,8046874999,10
2025-10-02 14:39:14,25269,pairwise,LinkedCells,1.000000,lc_sliced_balanced,none,AoS,enabled,5906250000,5843750000,5875000000,5937500000,6187500000,5843750000,5906250000,5968750000,5968750000,5843750000,5928124999,5928124999,10
2025-10-02 14:39:14,25279,pairwise,LinkedCells,1.000000,lc_sliced_balanced,none,SoA,disabled,5968750000,5875000000,5968750000,5875000000,5812500000,6218750000,6187500000,5656250000,5781250000,5843750000,5918749999,5918749999,10
2025-10-02 14:39:14,25289,pairwise,LinkedCells,1.000000,lc_sliced_balanced,none,SoA,enabled,3531250000,3375000000,3531250000,3562500000,3437500000,3625000000,3562500000,3531250000,3656250000,3468750000,3528124999,3528124999,10
2025-10-02 14:39:15,25299,pairwise,LinkedCells,1.000000,lc_sliced_balanced,squared-particles-per-cell,AoS,disabled,7875000000,7875000000,7968750000,7937500000,7937500000,7875000000,7875000000,7781250000,8125000000,7968750000,7921874999,7921874999,10
2025-10-02 14:39:15,25309,pairwise,LinkedCells,1.000000,lc_sliced_balanced,squared-particles-per-cell,AoS,enabled,6031250000,5562500000,5812500000,5843750000,5875000000,5656250000,5718750000,6000000000,5687500000,5875000000,5806250000,5806250000,10
2025-10-02 14:39:15,25319,pairwise,LinkedCells,1.000000,lc_sliced_balanced,squared-particles-per-cell,SoA,disabled,6656250000,5812500000,6281250000,5656250000,5437500000,5468750000,5750000000,5718750000,5843750000,5812500000,5843749999,5843749999,10
2025-10-02 14:39:15,25329,pairwise,LinkedCells,1.000000,lc_sliced_balanced,squared-particles-per-cell,SoA,enabled,3593750000,3906250000,3468750000,3625000000,3750000000,3625000000,3468750000,3312500000,3562500000,3656250000,3596874999,3596874999,10
2025-10-02 14:39:15,25339,pairwise,LinkedCells,1.000000,lc_sliced_c02,none,AoS,disabled,8468750000,7937500000,8156250000,8093750000,8250000000,8281250000,8031250000,8375000000,8500000000,7843750000,8193749999,8193749999,10
2025-10-02 14:39:16,25349,pairwise,LinkedCells,1.000000,lc_sliced_c02,none,AoS,enabled,5843750000,5937500000,5843750000,5781250000,5968750000,5968750000,5937500000,5875000000,5812500000,5968750000,5893749999,5893749999,10
2025-10-02 14:39:16,25359,pairwise,LinkedCells,1.000000,lc_sliced_c02,none,SoA,disabled,6562500000,6281250000,6031250000,6000000000,5468750000,5875000000,5968750000,6000000000,5656250000,6093750000,5993749999,5993749999,10
2025-10-02 14:39:16,25369,pairwise,LinkedCells,1.000000,lc_sliced_c02,none,SoA,enabled,3968750000,3875000000,3468750000,3750000000,3656250000,4062500000,4031250000,3218750000,3125000000,3281250000,3643749999,3643749999,10
2025-10-02 14:39:16,25379,pairwise,VerletClusterLists,1.000000,vcl_c01_balanced,none,AoS,disabled,48250000000,11843750000,11218750000,11781250000,11937500000,12062500000,11218750000,11656250000,12437500000,12187500000,15459374999,15459374999,10
2025-10-02 14:39:17,25389,pairwise,VerletClusterLists,1.000000,vcl_c01_balanced,none,SoA,disabled,32406250000,4000000000,4312500000,4312500000,4343750000,4343750000,4312500000,4625000000,3937500000,4000000000,7059374999,7059374999,10
2025-10-02 14:39:17,25399,pairwise,VerletClusterLists,1.000000,vcl_c06,none,AoS,disabled,42562500000,14187500000,14406250000,13406250000,13062500000,14125000000,14125000000,13218750000,13937500000,14656250000,16768749999,16768749999,10
2025-10-02 14:39:17,25409,pairwise,VerletClusterLists,1.000000,vcl_c06,none,AoS,enabled,24156250000,7218750000,7437500000,6468750000,6406250000,7156250000,7500000000,7062500000,6875000000,7375000000,8765624999,8765624999,10
2025-10-02 14:39:17,25419,pairwise,VerletClusterLists,1.000000,vcl_c06,none,SoA,disabled,32656250000,4687500000,5000000000,5062500000,5156250000,4937500000,5281250000,5031250000,5156250000,5406250000,7837499999,7837499999,10
2025-10-02 14:39:18,25429,pairwise,VerletClusterLists,1.000000,vcl_c06,none,SoA,enabled,17562500000,2781250000,2718750000,2781250000,2781250000,3031250000,2781250000,2718750000,2687500000,3031250000,4287500000,4287500000,10
2025-10-02 14:39:18,25439,pairwise,VerletClusterLists,1.000000,vcl_sliced,none,AoS,disabled,52531250000,27625000000,25875000000,27218750000,25718750000,25593750000,26093750000,26031250000,24625000000,24093750000,28540625000,28540625000,10
2025-10-02 14:39:19,25449,pairwise,VerletClusterLists,1.000000,vcl_sliced,none,AoS,enabled,28500000000,13375000000,14312500000,12625000000,12156250000,11812500000,14031250000,13937500000,13218750000,14093750000,14806249999,14806249999,10
2025-10-02 14:39:19,25459,pairwise,VerletClusterLists,1.000000,vcl_sliced,none,SoA,disabled,35843750000,7281250000,7062500000,7031250000,7250000000,7187500000,7906250000,8187500000,7218750000,7843750000,10281249999,10281249999,10
2025-10-02 14:39:19,25469,pairwise,VerletClusterLists,1.000000,vcl_sliced,none,SoA,enabled,19031250000,4093750000,3937500000,3968750000,4062500000,4312500000,4375000000,4375000000,4031250000,4312500000,5649999999,5649999999,10
2025-10-02 14:39:20,25479,pairwise,VerletClusterLists,1.000000,vcl_sliced_balanced,none,AoS,disabled,55312500000,24281250000,23968750000,25968750000,25593750000,23968750000,26125000000,26656250000,26156250000,24812500000,28284375000,28284375000,10
2025-10-02 14:39:21,25489,pairwise,VerletClusterLists,1.000000,vcl_sliced_balanced,none,AoS,enabled,27343750000,13343750000,13437500000,13593750000,13062500000,12343750000,12468750000,13593750000,13625000000,13687500000,14649999999,14649999999,10
2025-10-02 14:39:21,25499,pairwise,VerletClusterLists,1.000000,vcl_sliced_balanced,none,SoA,disabled,36437500000,8031250000,7750000000,7593750000,7187500000,6937500000,7062500000,7250000000,7218750000,7687500000,10315624999,10315624999,10
2025-10-02 14:39:21,25509,pairwise,VerletClusterLists,1.000000,vcl_sliced_balanced,none,SoA,enabled,20406250000,4312500000,4437500000,4375000000,4406250000,4375000000,4312500000,3812500000,3937500000,3937500000,5831249999,5831249999,10
2025-10-02 14:39:22,25519,pairwise,VerletClusterLists,1.000000,vcl_sliced_balanced,neighbor-list-length,AoS,disabled,59093750000,26250000000,26093750000,23812500000,24593750000,26656250000,24750000000,24562500000,26312500000,24718750000,28684374999,28684374999,10
2025-10-02 14:39:22,25529,pairwise,VerletClusterLists,1.000000,vcl_sliced_balanced,neighbor-list-length,AoS,enabled,26937500000,12500000000,12250000000,12250000000,12218750000,12250000000,12218750000,12375000000,12187500000,12312500000,13749999999,13749999999,10
2025-10-02 14:39:23,25539,pairwise,VerletClusterLists,1.000000,vcl_sliced_balanced,neighbor-list-length,SoA,disabled,33062500000,7156250000,7062500000,7031250000,7000000000,7000000000,7125000000,7062500000,7187500000,7093750000,9678124999,9678124999,10
2025-10-02 14:39:23,25549,pairwise,VerletClusterLists,1.000000,vcl_sliced_balanced,neighbor-list-length,SoA,enabled,18750000000,4000000000,4093750000,3937500000,4062500000,3875000000,3781250000,3906250000,3781250000,3781250000,5396874999,5396874999,10
2025-10-02 14:39:24,25559,pairwise,VerletClusterLists,1.000000,vcl_sliced_c02,none,AoS,disabled,55000000000,28656250000,27093750000,27906250000,29531250000,27312500000,27375000000,27312500000,27093750000,28250000000,30553124999,30553124999,10
2025-10-02 14:39:24,25569,pairwise,VerletClusterLists,1.000000,vcl_sliced_c02,none,AoS,enabled,29250000000,14875000000,14750000000,14812500000,14625000000,14718750000,14500000000,13937500000,14093750000,14406250000,15996874999,15996874999,10
2025-10-02 14:39:25,25579,pairwise,VerletClusterLists,1.000000,vcl_sliced_c02,none,SoA,disabled,35312500000,8875000000,9031250000,8593750000,8750000000,8343750000,8406250000,8656250000,7968750000,8562500000,11249999999,11249999999,10
2025-10-02 14:39:25,25589,pairwise,VerletClusterLists,1.000000,vcl_sliced_c02,none,SoA,enabled,19843750000,4937500000,5093750000,4781250000,5062500000,4750000000,5000000000,4875000000,4906250000,4750000000,6400000000,6400000000,10
2025-10-02 14:39:25,25599,pairwise,VerletLists,1.000000,vl_list_iteration,none,AoS,disabled,21500000000,4062500000,4281250000,4343750000,4093750000,4406250000,4406250000,4343750000,4187500000,4406250000,6003125000,6003125000,10
2025-10-02 14:39:26,25609,pairwise,VerletLists,1.000000,vl_list_iteration,none,SoA,disabled,70437500000,4125000000,4125000000,4093750000,4218750000,4250000000,4312500000,4062500000,4062500000,4125000000,10781249999,10781249999,10
2025-10-02 14:39:26,25619,pairwise,VerletListsCells,1.000000,vlc_c01,none,AoS,disabled,24875000000,3625000000,3468750000,3468750000,3406250000,3593750000,3687500000,3406250000,3281250000,3406250000,5621874999,5621874999,10
2025-10-02 14:39:26,25629,pairwise,VerletListsCells,1.000000,vlc_c01,none,SoA,disabled,73218750000,4406250000,4531250000,4343750000,4375000000,4406250000,4281250000,4000000000,4156250000,4093750000,11181249999,11181249999,10
2025-10-02 14:39:26,25639,pairwise,VerletListsCells,1.000000,vlc_c18,none,AoS,disabled,19781250000,3218750000,3218750000,3312500000,3281250000,3375000000,3375000000,3250000000,3406250000,3375000000,4959375000,4959375000,10
2025-10-02 14:39:26,25649,pairwise,VerletListsCells,1.000000,vlc_c18,none,AoS,enabled,13468750000,1687500000,1843750000,1875000000,2156250000,2000000000,1906250000,1937500000,1875000000,1843750000,3059374999,3059374999,10
2025-10-02 14:39:27,25659,pairwise,VerletListsCells,1.000000,vlc_c18,none,SoA,disabled,107625000000,5625000000,5437500000,5468750000,5500000000,5343750000,5687500000,5625000000,5406250000,5437500000,15715624999,15715624999,10
2025-10-02 14:39:27,25669,pairwise,VerletListsCells,1.000000,vlc_c18,none,SoA,enabled,69218750000,4343750000,4375000000,4437500000,4343750000,4312500000,4218750000,4062500000,4187500000,4031250000,10753124999,10753124999,10
2025-10-02 14:39:27,25679,pairwise,VerletListsCells,1.000000,vlc_c08,none,AoS,disabled,17562500000,3187500000,3375000000,3250000000,3156250000,3281250000,3312500000,3500000000,3312500000,3281250000,4721874999,4721874999,10
2025-10-02 14:39:27,25689,pairwise,VerletListsCells,1.000000,vlc_c08,none,AoS,enabled,14562500000,2000000000,2000000000,2031250000,2000000000,2000000000,1906250000,2093750000,1875000000,2031250000,3249999999,3249999999,10
2025-10-02 14:39:28,25699,pairwise,VerletListsCells,1.000000,vlc_c08,none,SoA,disabled,98968750000,5343750000,5125000000,5156250000,5468750000,5343750000,5218750000,5468750000,5406250000,5250000000,14674999999,14674999999,10
2025-10-02 14:39:28,25709,pairwise,VerletListsCells,1.000000,vlc_c08,none,SoA,enabled,71968750000,4718750000,4531250000,4593750000,4718750000,4718750000,4531250000,4562500000,4750000000,4656250000,11374999999,11374999999,10
2025-10-02 14:39:29,25719,pairwise,VerletListsCells,1.000000,vlc_sliced,none,AoS,disabled,22718750000,6687500000,6718750000,6437500000,6593750000,6468750000,6406250000,6718750000,6562500000,6781250000,8209374999,8209374999,10
2025-10-02 14:39:29,25729,pairwise,VerletListsCells,1.000000,vlc_sliced,none,AoS,enabled,15000000000,2968750000,3125000000,3187500000,3125000000,3093750000,3125000000,3000000000,3093750000,3062500000,4278124999,4278124999,10
2025-10-02 14:39:29,25739,pairwise,VerletListsCells,1.000000,vlc_sliced,none,SoA,disabled,112781250000,7968750000,7625000000,7843750000,7562500000,7750000000,8000000000,7906250000,7718750000,7718750000,18287499999,18287499999,10
2025-10-02 14:39:30,25749,pairwise,VerletListsCells,1.000000,vlc_sliced,none,SoA,enabled,68812500000,5125000000,5187500000,5156250000,5187500000,4906250000,4625000000,4968750000,4968750000,4906250000,11384374999,11384374999,10
2025-10-02 14:39:30,25759,pairwise,VerletListsCells,1.000000,vlc_sliced_balanced,none,AoS,disabled,22562500000,6093750000,5843750000,5906250000,6031250000,5875000000,5937500000,6031250000,5812500000,6093750000,7618749999,7618749999,10
2025-10-02 14:39:30,25769,pairwise,VerletListsCells,1.000000,vlc_sliced_balanced,none,AoS,enabled,14656250000,2843750000,3312500000,3093750000,2875000000,3062500000,3062500000,3125000000,3062500000,3000000000,4209374999,4209374999,10
2025-10-02 14:39:31,25779,pairwise,VerletListsCells,1.000000,vlc_sliced_balanced,none,SoA,disabled,111812500000,8000000000,7750000000,7812500000,7875000000,7843750000,8000000000,7750000000,7750000000,7812500000,18240625000,18240625000,10
2025-10-02 14:39:31,25789,pairwise,VerletListsCells,1.000000,vlc_sliced_balanced,none,SoA,enabled,66781250000,5031250000,5250000000,5125000000,5187500000,5250000000,4656250000,5031250000,4906250000,4750000000,11196874999,11196874999,10
2025-10-02 14:39:31,25799,pairwise,VerletListsCells,1.000000,vlc_sliced_balanced,squared-particles-per-cell,AoS,disabled,22218750000,5593750000,5812500000,5781250000,5812500000,5812500000,5937500000,5718750000,5750000000,5812500000,7425000000,7425000000,10
2025-10-02 14:39:31,25809,pairwise,VerletListsCells,1.000000,vlc_sliced_balanced,squared-particles-per-cell,AoS,enabled,14750000000,3031250000,3125000000,3125000000,3062500000,3125000000,3000000000,3093750000,3156250000,3343750000,4281249999,4281249999,10
2025-10-02 14:39:32,25819,pairwise,VerletListsCells,1.000000,vlc_sliced_balanced,squared-particles-per-cell,SoA,disabled,109093750000,7812500000,7593750000,7687500000,7687500000,7906250000,7812500000,7625000000,7687500000,7781250000,17868749999,17868749999,10
2025-10-02 14:39:32,25829,pairwise,VerletListsCells,1.000000,vlc_sliced_balanced,squared-particles-per-cell,SoA,enabled,73000000000,5000000000,4875000000,4968750000,5156250000,5156250000,4656250000,4875000000,4968750000,4750000000,11740624999,11740624999,10
2025-10-02 14:39:33,25839,pairwise,VerletListsCells,1.000000,vlc_sliced_balanced,neighbor-list-length,AoS,disabled,22531250000,6125000000,6031250000,5906250000,5906250000,6093750000,5906250000,5843750000,5843750000,6031250000,7621874999,7621874999,10
2025-10-02 14:39:33,25849,pairwise,VerletListsCells,1.000000,vlc_sliced_balanced,neighbor-list-length,AoS,enabled,14968750000,3187500000,3000000000,3093750000,3062500000,3031250000,3281250000,3093750000,3031250000,3343750000,4309375000,4309375000,10
2025-10-02 14:39:33,25859,pairwise,VerletListsCells,1.000000,vlc_sliced_balanced,neighbor-list-length,SoA,disabled,109406250000,8125000000,8218750000,8093750000,8062500000,8093750000,8062500000,8125000000,7968750000,8125000000,18228124999,18228124999,10
2025-10-02 14:39:34,25869,pairwise,VerletListsCells,1.000000,vlc_sliced_balanced,neighbor-list-length,SoA,enabled,74000000000,5156250000,5125000000,5218750000,5218750000,5312500000,4968750000,5000000000,5062500000,5187500000,12024999999,12024999999,10
2025-10-02 14:39:34,25879,pairwise,VerletListsCells,1.000000,vlc_sliced_c02,none,AoS,disabled,24781250000,7312500000,7343750000,7375000000,7281250000,7281250000,7156250000,7468750000,7093750000,7343750000,9043749999,9043749999,10
2025-10-02 14:39:34,25889,pairwise,VerletListsCells,1.000000,vlc_sliced_c02,none,AoS,enabled,15687500000,4062500000,4093750000,3906250000,3937500000,4031250000,4031250000,4218750000,3812500000,4093750000,5187499999,5187499999,10
2025-10-02 14:39:35,25899,pairwise,VerletListsCells,1.000000,vlc_sliced_c02,none,SoA,disabled,111843750000,9437500000,9093750000,9312500000,9687500000,9781250000,9687500000,9750000000,9625000000,9531250000,19774999999,19774999999,10
2025-10-02 14:39:35,25909,pairwise,VerletListsCells,1.000000,vlc_sliced_c02,none,SoA,enabled,74937500000,6000000000,5937500000,5875000000,6312500000,6031250000,6125000000,5937500000,5781250000,5718750000,12865625000,12865625000,10
2025-10-02 14:39:36,25919,pairwise,PairwiseVerletLists,1.000000,vlp_c01,none,AoS,disabled,28687500000,4375000000,4156250000,4406250000,4281250000,4218750000,4218750000,4375000000,4156250000,4375000000,6724999999,6724999999,10
2025-10-02 14:39:37,25929,pairwise,PairwiseVerletLists,1.000000,vlp_c01,none,SoA,disabled,189218750000,7687500000,7781250000,7718750000,7687500000,7843750000,7718750000,7562500000,7781250000,7875000000,25887499999,25887499999,10
2025-10-02 14:39:37,25939,pairwise,PairwiseVerletLists,1.000000,vlp_c18,none,AoS,disabled,25937500000,4343750000,4500000000,4406250000,4437500000,4250000000,4656250000,4406250000,4562500000,4531250000,6603124999,6603124999,10
2025-10-02 14:39:37,25949,pairwise,PairwiseVerletLists,1.000000,vlp_c18,none,AoS,enabled,29187500000,2781250000,2625000000,2562500000,2781250000,2562500000,2625000000,2750000000,2781250000,2812500000,5346874999,5346874999,10
2025-10-02 14:39:38,25959,pairwise,PairwiseVerletLists,1.000000,vlp_c18,none,SoA,disabled,243593750000,7500000000,7500000000,7437500000,7375000000,7468750000,7468750000,7531250000,7718750000,7625000000,31121874999,31121874999,10
2025-10-02 14:39:39,25969,pairwise,PairwiseVerletLists,1.000000,vlp_c18,none,SoA,enabled,165125000000,5906250000,5718750000,5781250000,5625000000,5625000000,5625000000,5843750000,5625000000,5468750000,21634374999,21634374999,10
2025-10-02 14:39:39,25979,pairwise,PairwiseVerletLists,1.000000,vlp_sliced,none,AoS,disabled,30187500000,8687500000,8531250000,8625000000,8312500000,8625000000,8656250000,8687500000,8625000000,8531250000,10746874999,10746874999,10
2025-10-02 14:39:39,25989,pairwise,PairwiseVerletLists,1.000000,vlp_sliced,none,AoS,enabled,31062500000,4000000000,4218750000,4031250000,4093750000,4125000000,3843750000,4156250000,4000000000,3937500000,6746874999,6746874999,10
2025-10-02 14:39:40,25999,pairwise,PairwiseVerletLists,1.000000,vlp_sliced,none,SoA,disabled,239281250000,11281250000,11468750000,11406250000,11343750000,10843750000,11468750000,11406250000,11718750000,11500000000,34171874999,34171874999,10
2025-10-02 14:39:41,26009,pairwise,PairwiseVerletLists,1.000000,vlp_sliced,none,SoA,enabled,171343750000,7937500000,8031250000,7750000000,7937500000,8062500000,7968750000,8000000000,8062500000,8156250000,24324999999,24324999999,10
2025-10-02 14:39:42,26019,pairwise,PairwiseVerletLists,1.000000,vlp_sliced_balanced,none,AoS,disabled,30875000000,8656250000,8437500000,8531250000,8500000000,8531250000,8718750000,8531250000,8562500000,8625000000,10796874999,10796874999,10
2025-10-02 14:39:42,26029,pairwise,PairwiseVerletLists,1.000000,vlp_sliced_balanced,none,AoS,enabled,31781250000,4125000000,4187500000,3781250000,3875000000,4000000000,4000000000,3968750000,3812500000,4062500000,6759374999,6759374999,10
2025-10-02 14:39:43,26039,pairwise,PairwiseVerletLists,1.000000,vlp_sliced_balanced,none,SoA,disabled,237812500000,11343750000,11343750000,11312500000,11593750000,11468750000,11343750000,11625000000,11437500000,11406250000,34068749999,34068749999,10
2025-10-02 14:39:44,26049,pairwise,PairwiseVerletLists,1.000000,vlp_sliced_balanced,none,SoA,enabled,170218750000,8187500000,7812500000,7968750000,7875000000,8000000000,8156250000,7875000000,7906250000,8062500000,24206249999,24206249999,10
2025-10-02 14:39:44,26059,pairwise,PairwiseVerletLists,1.000000,vlp_sliced_c02,none,AoS,disabled,31843750000,10531250000,10750000000,10562500000,10781250000,10937500000,10656250000,10593750000,10687500000,10687500000,12803125000,12803125000,10
2025-10-02 14:39:44,26069,pairwise,PairwiseVerletLists,1.000000,vlp_sliced_c02,none,AoS,enabled,32968750000,5062500000,493750000