Date,Iteration,Interaction Type,Container,CellSizeFactor,Traversal,Load Estimator,Data Layout,Newton 3,sample0,sample1,sample2,sample3,sample4,sample5,sample6,sample7,sample8,sample9,Reduced,Smoothed,Mean Rebuild Frequency
2025-10-02 14:25:04,9,pairwise,LinkedCells,1.000000,lc_c01,none,AoS,disabled,552062988,398307800,291564941,596557617,377075195,335327148,321533203,219055175,581604003,549499511,422258757,422258757,10
2025-10-02 14:25:04,19,pairwise,LinkedCells,1.000000,lc_c01,none,SoA,disabled,892028808,1013298034,1183654785,1185478210,719604492,615295410,850830078,757263183,1024955749,964721679,920713042,920713042,10
2025-10-02 14:25:04,29,pairwise,LinkedCells,1.000000,lc_c01_combined_SoA,none,SoA,disabled,807434082,637329101,1093200683,825378417,612541198,942443847,806335449,797050476,830871582,812614440,816519926,816519926,10
2025-10-02 14:25:04,39,pairwise,LinkedCells,1.000000,lc_c04,none,AoS,disabled,0,0,0,174865722,446777343,236938476,305053710,369140625,461723327,0,199449919,199449919,10
2025-10-02 14:25:04,49,pairwise,LinkedCells,1.000000,lc_c04,none,AoS,enabled,131347656,204650878,184387207,0,0,0,258056640,0,271850585,455505371,150579833,150579833,10
2025-10-02 14:25:04,59,pairwise,LinkedCells,1.000000,lc_c04,none,SoA,disabled,681701660,594718933,602111816,666931152,737174987,709777832,394035339,744750976,503051757,729545593,636380004,636380004,10
2025-10-02 14:25:04,69,pairwise,LinkedCells,1.000000,lc_c04,none,SoA,enabled,577697753,871704101,1109794616,791198730,1050292968,823547363,891288757,372558593,670463562,438110351,759665678,759665678,10
2025-10-02 14:25:04,79,pairwise,LinkedCells,1.000000,lc_c04_HCP,none,AoS,disabled,625541687,327941894,483703613,218566894,187438964,509643554,225341796,376525878,473205566,151000976,357891082,357891082,10
2025-10-02 14:25:04,89,pairwise,LinkedCells,1.000000,lc_c04_HCP,none,AoS,enabled,538696289,369201660,244079589,146301269,170883178,492980957,0,429992675,144104003,340637207,287687682,287687682,10
2025-10-02 14:25:05,99,pairwise,LinkedCells,1.000000,lc_c04_HCP,none,SoA,disabled,850341796,884887695,766296386,836669921,675415039,687377929,932678222,1090087890,542968750,413757324,768048094,768048094,10
2025-10-02 14:25:05,109,pairwise,LinkedCells,1.000000,lc_c04_HCP,none,SoA,enabled,596801757,615905761,992126464,832275390,1021362304,396057128,867126464,1101074218,764465332,568893432,775608825,775608825,10
2025-10-02 14:25:05,119,pairwise,LinkedCells,1.000000,lc_c04_combined_SoA,none,SoA,disabled,757751464,1515991210,1135253906,875167846,1007507324,1366638183,994445800,952743530,827453613,840270996,1027322387,1027322387,10
2025-10-02 14:25:05,129,pairwise,LinkedCells,1.000000,lc_c04_combined_SoA,none,SoA,enabled,883728027,1196289062,1113998413,365539550,918884277,973327636,1344223022,1104553222,949157714,1165039062,1001473998,1001473998,10
2025-10-02 14:25:05,139,pairwise,LinkedCells,1.000000,lc_c08,none,AoS,disabled,881103515,782653808,747360229,284667968,858947753,796936035,614562988,1414062500,969482421,580307006,793008421,793008421,10
2025-10-02 14:25:05,149,pairwise,LinkedCells,1.000000,lc_c08,none,AoS,enabled,856750488,880920410,845520019,729248046,800415039,799606323,668762207,491882324,649780273,631408691,735429381,735429381,10
2025-10-02 14:25:05,159,pairwise,LinkedCells,1.000000,lc_c08,none,SoA,disabled,1051864624,1324157714,1284790039,1627563476,1294296264,1416809082,955139160,1004943847,1530929565,1123352050,1261384581,1261384581,10
2025-10-02 14:25:05,169,pairwise,LinkedCells,1.000000,lc_c08,none,SoA,enabled,1612182617,813049316,1213546752,1524291992,1223449707,1436218261,702148437,1357894897,1336364746,1657470703,1287661742,1287661742,10
2025-10-02 14:25:05,179,pairwise,LinkedCells,1.000000,lc_c18,none,AoS,disabled,1201232910,273315429,778793334,397644042,536804199,901779174,1171081542,568786621,966064453,329223632,712472533,712472533,10
2025-10-02 14:25:05,189,pairwise,LinkedCells,1.000000,lc_c18,none,AoS,enabled,579956054,313842773,644897460,614624023,717285156,834823608,726135253,687622070,736984252,622497558,647866820,647866820,10
2025-10-02 14:25:05,199,pairwise,LinkedCells,1.000000,lc_c18,none,SoA,disabled,667541503,1001892089,895767211,827148437,1216857910,806457519,1059814453,1255004882,1090087890,1214843750,1003541563,1003541563,10
2025-10-02 14:25:05,209,pairwise,LinkedCells,1.000000,lc_c18,none,SoA,enabled,732116699,859313964,810058593,882171630,859436035,701660156,1265075683,929382324,1080566406,966430664,908621215,908621215,10
2025-10-02 14:25:05,219,pairwise,LinkedCells,1.000000,lc_sliced,none,AoS,disabled,390502929,340637207,0,115295410,231567382,202880859,546447753,227203369,0,0,205453490,205453490,10
2025-10-02 14:25:05,229,pairwise,LinkedCells,1.000000,lc_sliced,none,AoS,enabled,402954101,0,203857421,153930664,658935546,378784179,0,0,0,478820800,227728270,227728270,10
2025-10-02 14:25:05,239,pairwise,LinkedCells,1.000000,lc_sliced,none,SoA,disabled,817749023,486389160,649230957,727661132,801391601,577270507,925689697,637573242,818786621,855102539,729684447,729684447,10
2025-10-02 14:25:05,249,pairwise,LinkedCells,1.000000,lc_sliced,none,SoA,enabled,518188476,747070312,553405761,828430175,901367187,810668945,907745361,747436523,566894531,689697265,727090453,727090453,10
2025-10-02 14:25:05,259,pairwise,LinkedCells,1.000000,lc_sliced_balanced,none,AoS,disabled,243408203,134216308,485229492,427368164,249816894,0,0,0,442565917,279052734,226165770,226165770,10
2025-10-02 14:25:05,269,pairwise,LinkedCells,1.000000,lc_sliced_balanced,none,AoS,enabled,155700683,0,167175292,540832519,175903320,0,0,0,260681152,399963378,170025633,170025633,10
2025-10-02 14:25:05,279,pairwise,LinkedCells,1.000000,lc_sliced_balanced,none,SoA,disabled,819183349,1016723632,723266601,883850097,631774902,661987304,511047363,581726074,767578125,915710449,751284789,751284789,10
2025-10-02 14:25:05,289,pairwise,LinkedCells,1.000000,lc_sliced_balanced,none,SoA,enabled,758056640,789611816,741943359,766113281,663024902,632873535,909301757,1035339355,832702636,1039550781,816851805,816851805,10
2025-10-02 14:25:05,299,pairwise,LinkedCells,1.000000,lc_sliced_balanced,squared-particles-per-cell,AoS,disabled,504699707,115783691,529663085,228088378,196289062,578918457,456787109,211334228,203613281,658935546,368411254,368411254,10
2025-10-02 14:25:05,309,pairwise,LinkedCells,1.000000,lc_sliced_balanced,squared-particles-per-cell,AoS,enabled,337951660,309020996,328430175,423034667,294982910,196350097,526184082,394836425,435668945,255249023,350170897,350170897,10
2025-10-02 14:25:05,319,pairwise,LinkedCells,1.000000,lc_sliced_balanced,squared-particles-per-cell,SoA,disabled,973999023,1078247070,1733520507,1242401123,1221557617,1079467773,1061340332,1221740722,1471801757,1467163085,1255123900,1255123900,10
2025-10-02 14:25:05,329,pairwise,LinkedCells,1.000000,lc_sliced_balanced,squared-particles-per-cell,SoA,enabled,1255859375,1108673095,1402587890,1243713378,1129699707,1221862792,1240844726,1420288085,1021209716,983581542,1202832030,1202832030,10
2025-10-02 14:25:05,339,pairwise,LinkedCells,1.000000,lc_sliced_c02,none,AoS,disabled,0,273010253,254760742,182189941,189697265,189880371,0,154235839,0,289855957,153363036,153363036,10
2025-10-02 14:25:05,349,pairwise,LinkedCells,1.000000,lc_sliced_c02,none,AoS,enabled,350830078,399780273,297424316,0,268798828,396606445,173706054,173828125,0,140441894,220141600,220141600,10
2025-10-02 14:25:05,359,pairwise,LinkedCells,1.000000,lc_sliced_c02,none,SoA,disabled,816650390,470947265,603942871,527221679,700378417,635559082,857299804,536376953,850646972,640319824,663934325,663934325,10
2025-10-02 14:25:05,369,pairwise,LinkedCells,1.000000,lc_sliced_c02,none,SoA,enabled,763244628,804260253,730651855,697753906,597045898,680786132,778503417,694580078,791198730,915588378,745361327,745361327,10
2025-10-02 14:25:05,379,pairwise,VerletClusterLists,1.000000,vcl_c01_balanced,none,AoS,disabled,0,0,0,0,0,0,0,217041015,0,0,21704101,21704101,10
2025-10-02 14:25:05,389,pairwise,VerletClusterLists,1.000000,vcl_c01_balanced,none,SoA,disabled,0,0,0,0,0,256469726,0,0,0,0,25646972,25646972,10
2025-10-02 14:25:05,399,pairwise,VerletClusterLists,1.000000,vcl_c06,none,AoS,disabled,0,0,253356933,0,0,0,0,0,0,0,25335693,25335693,10
2025-10-02 14:25:05,409,pairwise,VerletClusterLists,1.000000,vcl_c06,none,AoS,enabled,284973144,0,0,0,0,0,0,0,0,0,28497314,28497314,10
2025-10-02 14:25:05,419,pairwise,VerletClusterLists,1.000000,vcl_c06,none,SoA,disabled,0,0,238647460,0,0,0,0,0,166259765,0,40490721,40490721,10
2025-10-02 14:25:05,429,pairwise,VerletClusterLists,1.000000,vcl_c06,none,SoA,enabled,0,0,0,141967773,0,0,0,0,0,165283203,30725097,30725097,10
2025-10-02 14:25:05,439,pairwise,VerletClusterLists,1.000000,vcl_sliced,none,AoS,disabled,0,0,0,0,0,0,0,0,0,0,0,0,10
2025-10-02 14:25:05,449,pairwise,VerletClusterLists,1.000000,vcl_sliced,none,AoS,enabled,0,0,0,0,0,148803710,0,227905273,0,0,37670897,37670897,10
2025-10-02 14:25:05,459,pairwise,VerletClusterLists,1.000000,vcl_sliced,none,SoA,disabled,0,0,0,181274414,224365234,0,0,0,0,125610351,53124999,53124999,10
2025-10-02 14:25:05,469,pairwise,VerletClusterLists,1.000000,vcl_sliced,none,SoA,enabled,0,0,0,0,0,0,0,0,0,0,0,0,10
2025-10-02 14:25:05,479,pairwise,VerletClusterLists,1.000000,vcl_sliced_balanced,none,AoS,disabled,0,0,0,0,0,0,0,0,0,0,0,0,10
2025-10-02 14:25:05,489,pairwise,VerletClusterLists,1.000000,vcl_sliced_balanced,none,AoS,enabled,0,0,0,208007812,0,0,0,0,0,132019042,34002684,34002684,10
2025-10-02 14:25:05,499,pairwise,VerletClusterLists,1.000000,vcl_sliced_balanced,none,SoA,disabled,0,0,0,0,0,0,0,0,0,0,0,0,10
2025-10-02 14:25:05,509,pairwise,VerletClusterLists,1.000000,vcl_sliced_balanced,none,SoA,enabled,278259277,0,0,0,0,0,0,0,0,132507324,41076660,41076660,10
2025-10-02 14:25:05,519,pairwise,VerletClusterLists,1.000000,vcl_sliced_balanced,neighbor-list-length,AoS,disabled,0,258117675,0,0,0,0,0,0,208068847,0,46618651,46618651,10
2025-10-02 14:25:05,529,pairwise,VerletClusterLists,1.000000,vcl_sliced_balanced,neighbor-list-length,AoS,enabled,0,0,0,0,0,0,166137695,0,0,0,16613768,16613768,10
2025-10-02 14:25:05,539,pairwise,VerletClusterLists,1.000000,vcl_sliced_balanced,neighbor-list-length,SoA,disabled,0,0,115966796,0,0,0,0,0,0,0,11596679,11596679,10
2025-10-02 14:25:05,549,pairwise,VerletClusterLists,1.000000,vcl_sliced_balanced,neighbor-list-length,SoA,enabled,207885742,0,0,0,0,0,0,0,0,0,20788574,20788574,10
2025-10-02 14:25:05,559,pairwise,VerletClusterLists,1.000000,vcl_sliced_c02,none,AoS,disabled,0,0,0,158325195,0,248901367,0,0,0,0,40722655,40722655,10
2025-10-02 14:25:05,569,pairwise,VerletClusterLists,1.000000,vcl_sliced_c02,none,AoS,enabled,0,0,0,0,0,0,0,0,0,0,0,0,10
2025-10-02 14:25:05,579,pairwise,VerletClusterLists,1.000000,vcl_sliced_c02,none,SoA,disabled,0,0,0,295715332,0,174621582,0,0,0,0,47033691,47033691,10
2025-10-02 14:25:05,589,pairwise,VerletClusterLists,1.000000,vcl_sliced_c02,none,SoA,enabled,0,0,0,0,0,0,0,0,0,0,0,0,10
2025-10-02 14:25:05,599,pairwise,VerletLists,1.000000,vl_list_iteration,none,AoS,disabled,1369689941,0,0,0,227966308,0,0,0,0,0,159765624,159765624,10
2025-10-02 14:25:05,609,pairwise,VerletLists,1.000000,vl_list_iteration,none,SoA,disabled,3070007324,768127441,622680664,761901855,301696777,462036132,771209716,696594238,704162597,762817382,892123412,892123412,10
2025-10-02 14:25:05,619,pairwise,VerletListsCells,1.000000,vlc_c01,none,AoS,disabled,9142364501,816589355,594787597,633605957,841918945,515197753,508789062,653564453,730773925,714904785,1515249632,1515249632,10
2025-10-02 14:25:05,629,pairwise,VerletListsCells,1.000000,vlc_c01,none,SoA,disabled,11865142822,1221008300,1277709960,1283508300,1199279785,1631347656,1474975585,1186828613,1490020751,1321594238,2395141600,2395141600,10
2025-10-02 14:25:05,639,pairwise,VerletListsCells,1.000000,vlc_c18,none,AoS,disabled,5888854980,1024291992,903533935,575866699,814575195,658996582,618469238,706420898,761901855,731384277,1268429564,1268429564,10
2025-10-02 14:25:05,649,pairwise,VerletListsCells,1.000000,vlc_c18,none,AoS,enabled,6059967041,400024414,819335937,831359863,560607910,709228515,633026123,446350097,719421386,548156738,1172747801,1172747801,10
2025-10-02 14:25:05,659,pairwise,VerletListsCells,1.000000,vlc_c18,none,SoA,disabled,7888244628,1545776367,1548767089,1249084472,1263061523,1608154296,1428344726,1713012695,1312255859,1435974121,2099267577,2099267577,10
2025-10-02 14:25:06,669,pairwise,VerletListsCells,1.000000,vlc_c18,none,SoA,enabled,7460205078,1556945800,1397399902,1140441894,1070068359,1330993652,1486694335,1212158203,1365417480,1330139160,1935046386,1935046386,10
2025-10-02 14:25:06,679,pairwise,VerletListsCells,1.000000,vlc_c08,none,AoS,disabled,4323730468,874328613,417663574,712463378,569519042,746154785,560241699,659851074,523315429,942260742,1032952880,1032952880,10
2025-10-02 14:25:06,689,pairwise,VerletListsCells,1.000000,vlc_c08,none,AoS,enabled,4279296875,690185546,767150878,754577636,611816406,658569335,634460449,734802246,598022460,732177734,1046105956,1046105956,10
2025-10-02 14:25:06,699,pairwise,VerletListsCells,1.000000,vlc_c08,none,SoA,disabled,6220520019,1289672851,1456420898,1586608886,1535156250,1302856445,1362365722,1318847656,1291198730,1259704589,1862335204,1862335204,10
2025-10-02 14:25:06,709,pairwise,VerletListsCells,1.000000,vlc_c08,none,SoA,enabled,5999450683,1594726562,1549743652,1154602050,1127929687,1231018066,1375854492,1327331542,1150817871,1420166015,1793164061,1793164061,10
2025-10-02 14:25:06,719,pairwise,VerletListsCells,1.000000,vlc_sliced,none,AoS,disabled,5071166992,0,0,0,0,0,134521484,0,0,0,520568847,520568847,10
2025-10-02 14:25:06,729,pairwise,VerletListsCells,1.000000,vlc_sliced,none,AoS,enabled,4937622070,0,0,0,161865234,0,0,241333007,189636230,0,553045653,553045653,10
2025-10-02 14:25:06,739,pairwise,VerletListsCells,1.000000,vlc_sliced,none,SoA,disabled,7395324707,899414062,888977050,954040527,750793457,789306640,852966308,682861328,745483398,852172851,1481134032,1481134032,10
2025-10-02 14:25:06,749,pairwise,VerletListsCells,1.000000,vlc_sliced,none,SoA,enabled,6829895019,808776855,732849121,668518066,1094238281,773498535,569274902,854675292,906188964,633056640,1387097166,1387097166,10
2025-10-02 14:25:06,759,pairwise,VerletListsCells,1.000000,vlc_sliced_balanced,none,AoS,disabled,5233520507,0,0,0,0,196044921,0,0,177734375,0,560729979,560729979,10
2025-10-02 14:25:06,769,pairwise,VerletListsCells,1.000000,vlc_sliced_balanced,none,AoS,enabled,5041931152,0,0,0,0,0,0,0,0,411560058,545349120,545349120,10
2025-10-02 14:25:06,779,pairwise,VerletListsCells,1.000000,vlc_sliced_balanced,none,SoA,disabled,7384460449,937744140,845703125,801391601,859497070,655456542,879272460,836242675,874023437,897216796,1497100828,1497100828,10
2025-10-02 14:25:06,789,pairwise,VerletListsCells,1.000000,vlc_sliced_balanced,none,SoA,enabled,6621765136,700012207,319458007,704040527,626403808,791320800,920410156,760803222,1000488281,712341308,1315704345,1315704345,10
2025-10-02 14:25:06,799,pairwise,VerletListsCells,1.000000,vlc_sliced_balanced,squared-particles-per-cell,AoS,disabled,4763671875,0,166931152,0,204711914,0,184692382,0,250000000,0,557000731,557000731,10
2025-10-02 14:25:06,809,pairwise,VerletListsCells,1.000000,vlc_sliced_balanced,squared-particles-per-cell,AoS,enabled,5022827148,0,281005859,0,0,148376464,0,0,0,0,545220947,545220947,10
2025-10-02 14:25:06,819,pairwise,VerletListsCells,1.000000,vlc_sliced_balanced,squared-particles-per-cell,SoA,disabled,7406311035,833557128,407592773,697937011,658752441,739074707,634277343,675292968,675598144,830932617,1355932616,1355932616,10
2025-10-02 14:25:06,829,pairwise,VerletListsCells,1.000000,vlc_sliced_balanced,squared-particles-per-cell,SoA,enabled,6767395019,572753906,1021423339,574340820,737548828,637878417,842468261,718505859,823425292,916076660,1361181639,1361181639,10
2025-10-02 14:25:06,839,pairwise,VerletListsCells,1.000000,vlc_sliced_balanced,neighbor-list-length,AoS,disabled,5172302246,0,0,208190917,0,0,215759277,0,184143066,0,578039549,578039549,10
2025-10-02 14:25:06,849,pairwise,VerletListsCells,1.000000,vlc_sliced_balanced,neighbor-list-length,AoS,enabled,5048095703,0,252624511,0,233398437,0,486999511,106689453,0,183044433,631085204,631085204,10
2025-10-02 14:25:06,859,pairwise,VerletListsCells,1.000000,vlc_sliced_balanced,neighbor-list-length,SoA,disabled,7744384765,644775390,1042175292,864746093,933654785,776855468,633361816,597839355,436706542,808898925,1448339842,1448339842,10
2025-10-02 14:25:06,869,pairwise,VerletListsCells,1.000000,vlc_sliced_balanced,neighbor-list-length,SoA,enabled,6988098144,701965332,932800292,949035644,612365722,814147949,818481445,798461914,857604980,951721191,1442468261,1442468261,10
2025-10-02 14:25:06,879,pairwise,VerletListsCells,1.000000,vlc_sliced_c02,none,AoS,disabled,5082275390,0,0,0,0,0,0,0,188049316,0,527032470,527032470,10
2025-10-02 14:25:06,889,pairwise,VerletListsCells,1.000000,vlc_sliced_c02,none,AoS,enabled,4988403320,0,216186523,0,0,0,253906250,0,169250488,0,562774658,562774658,10
2025-10-02 14:25:06,899,pairwise,VerletListsCells,1.000000,vlc_sliced_c02,none,SoA,disabled,7389892578,739379882,768737792,770629882,946166992,762451171,696044921,798095703,967041015,891784667,1473022460,1473022460,10
2025-10-02 14:25:06,909,pairwise,VerletListsCells,1.000000,vlc_sliced_c02,none,SoA,enabled,6849792480,744384765,626892089,627380371,518127441,757934570,549682617,630981445,831542968,745178222,1288189696,1288189696,10
2025-10-02 14:25:06,919,pairwise,PairwiseVerletLists,1.000000,vlp_c01,none,AoS,disabled,10394958496,590393066,557189941,484008789,745117187,569885253,766662597,688110351,634704589,677612304,1610864257,1610864257,10
2025-10-02 14:25:06,929,pairwise,PairwiseVerletLists,1.000000,vlp_c01,none,SoA,disabled,16597900390,1490234375,1368286132,1333801269,1491088867,1083801269,1220031738,1288513183,1154785156,1147583007,2817602537,2817602537,10
2025-10-02 14:25:06,939,pairwise,PairwiseVerletLists,1.000000,vlp_c18,none,AoS,disabled,5774841308,839660644,891052246,684570312,1043457031,978820800,814514160,1088378906,1007507324,835632324,1395843505,1395843505,10
2025-10-02 14:25:06,949,pairwise,PairwiseVerletLists,1.000000,vlp_c18,none,AoS,enabled,5847961425,643859863,918579101,760742187,1022766113,829223632,799377441,741149902,950012207,762329101,1327600096,1327600096,10
2025-10-02 14:25:07,959,pairwise,PairwiseVerletLists,1.000000,vlp_c18,none,SoA,disabled,13326171875,1793395996,1484497070,1469543457,1718688964,1402221679,1907348632,1544372558,1476501464,1610351562,2773309325,2773309325,10
2025-10-02 14:25:07,969,pairwise,PairwiseVerletLists,1.000000,vlp_c18,none,SoA,enabled,13336730957,1777770996,1613830566,1179931640,1487182617,1475646972,1421081542,1477722167,1718200683,1687683105,2717578124,2717578124,10
2025-10-02 14:25:07,979,pairwise,PairwiseVerletLists,1.000000,vlp_sliced,none,AoS,disabled,5743103027,444274902,132934570,450073242,389404296,497009277,505615234,341247558,415222167,289550781,920843504,920843504,10
2025-10-02 14:25:07,989,pairwise,PairwiseVerletLists,1.000000,vlp_sliced,none,AoS,enabled,5135253906,646606445,214599609,160888671,452148437,160522460,539428710,310058593,360473632,495483398,847546385,847546385,10
2025-10-02 14:25:07,999,pairwise,PairwiseVerletLists,1.000000,vlp_sliced,none,SoA,disabled,12979614257,1122436523,936157226,1126098632,1093750000,1321777343,929687500,1123046875,1148803710,1179199218,2296057128,2296057128,10
2025-10-02 14:25:07,1009,pairwise,PairwiseVerletLists,1.000000,vlp_sliced,none,SoA,enabled,12834472656,1238891601,1435668945,1187988281,1145507812,911376953,1147827148,1109375000,968139648,1101684570,2308093260,2308093260,10
2025-10-02 14:25:07,1019,pairwise,PairwiseVerletLists,1.000000,vlp_sliced_balanced,none,AoS,disabled,5703613281,169921875,446777343,164062500,505249023,494628906,330810546,504394531,219970703,172363281,871179198,871179198,10
2025-10-02 14:25:07,1029,pairwise,PairwiseVerletLists,1.000000,vlp_sliced_balanced,none,AoS,enabled,5607299804,192626953,378173828,109863281,433227539,370849609,161621093,391113281,124145507,239013671,800793455,800793455,10
2025-10-02 14:25:07,1039,pairwise,PairwiseVerletLists,1.000000,vlp_sliced_balanced,none,SoA,disabled,13227905273,967407226,1243896484,1191406250,1003173828,718017578,923217773,1157470703,1168945312,1116943359,2271838378,2271838378,10
2025-10-02 14:25:07,1049,pairwise,PairwiseVerletLists,1.000000,vlp_sliced_balanced,none,SoA,enabled,13426025390,1281860351,933593750,1156738281,1064941406,1147338867,926879882,928833007,897216796,1172485351,2293591307,2293591307,10
2025-10-02 14:25:07,1059,pairwise,PairwiseVerletLists,1.000000,vlp_sliced_c02,none,AoS,disabled,5591796875,383300781,468872070,451660156,258422851,326416015,225219726,448730468,425170898,114868164,869445800,869445800,10
2025-10-02 14:25:07,1069,pairwise,PairwiseVerletLists,1.000000,vlp_sliced_c02,none,AoS,enabled,5538085937,167358398,468750000,373779296,464355468,492675781,375000000,406372070,415527343,508300781,921020507,921020507,10
2025-10-02 14:25:07,1079,pairwise,PairwiseVerletLists,1.000000,vlp_sliced_c02,none,SoA,disabled,13162963867,1200805664,1161743164,840576171,1058105468,1173217773,963623046,1177490234,1115722656,1057983398,2291223143,2291223143,10
2025-10-02 14:25:07,1089,pairwise,PairwiseVerletLists,1.000000,vlp_sliced_c02,none,SoA,enabled,13209350585,1397583007,1218505859,1380493164,1276245117,1369628906,1177001953,1141845703,1101562500,1166748046,2443896483,2443896483,10
2025-10-02 14:25:07,1099,pairwise,PairwiseVerletLists,1.000000,vlp_c08,none,AoS,disabled,6712280273,1248046875,1368896484,1478027343,1189208984,1430664062,1156982421,1328125000,1382446289,1613647460,1890832519,1890832519,10
2025-10-02 14:25:07,1109,pairwise,PairwiseVerletLists,1.000000,vlp_c08,none,AoS,enabled,6160766601,904907226,1040283203,909179687,1002319335,1036254882,822875976,1027099609,914428710,1046264648,1486437987,1486437987,10
2025-10-02 14:25:07,1119,pairwise,PairwiseVerletLists,1.000000,vlp_c08,none,SoA,disabled,14231689453,2522827148,2401123046,2258056640,2241699218,2337646484,2574218750,2519042968,2403808593,2601806640,3609191893,3609191893,10
2025-10-02 14:25:07,1129,pairwise,PairwiseVerletLists,1.000000,vlp_c08,none,SoA,enabled,13767700195,1913574218,1819213867,1631347656,1824584960,1734252929,1810058593,1926025390,1836547851,1974121093,3023742674,3023742674,10
2025-10-02 14:27:55,5009,pairwise,LinkedCells,1.000000,lc_c01,none,AoS,disabled,597656250,582031250,750000000,585937500,750000000,605468750,832031250,710937500,785156250,664062500,686328124,686328124,10
2025-10-02 14:27:55,5019,pairwise,LinkedCells,1.000000,lc_c01,none,SoA,disabled,1039062500,1296875000,921875000,777343750,968750000,738281250,1089843750,746093750,1191406250,1308593750,1007812499,1007812499,10
2025-10-02 14:27:55,5029,pairwise,LinkedCells,1.000000,lc_c01_combined_SoA,none,SoA,disabled,1140625000,1023437500,968750000,1066406250,1011718750,914062500,988281250,1242187500,933593750,1253906250,1054296874,1054296874,10
2025-10-02 14:27:55,5039,pairwise,LinkedCells,1.000000,lc_c04,none,AoS,disabled,394531250,210937500,488281250,429687500,449218750,285156250,277343750,222656250,0,152343750,291015624,291015624,10
2025-10-02 14:27:55,5049,pairwise,LinkedCells,1.000000,lc_c04,none,AoS,enabled,246093750,207031250,535156250,398437500,207031250,429687500,468750000,207031250,152343750,250000000,310156249,310156249,10
2025-10-02 14:27:55,5059,pairwise,LinkedCells,1.000000,lc_c04,none,SoA,disabled,773437500,960937500,515625000,699218750,1019531250,472656250,554687500,1027343750,601562500,683593750,730859374,730859374,10
2025-10-02 14:27:55,5069,pairwise,LinkedCells,1.000000,lc_c04,none,SoA,enabled,859375000,1312500000,789062500,1050781250,515625000,613281250,941406250,1128906250,765625000,699218750,867578124,867578124,10
2025-10-02 14:27:55,5079,pairwise,LinkedCells,1.000000,lc_c04_HCP,none,AoS,disabled,472656250,0,0,222656250,0,328125000,355468750,0,199218750,0,157812499,157812499,10
2025-10-02 14:27:55,5089,pairwise,LinkedCells,1.000000,lc_c04_HCP,none,AoS,enabled,339843750,367187500,0,226562500,566406250,179687500,468750000,128906250,234375000,167968750,267968749,267968749,10
2025-10-02 14:27:55,5099,pairwise,LinkedCells,1.000000,lc_c04_HCP,none,SoA,disabled,761718750,855468750,511718750,675781250,558593750,886718750,863281250,593750000,878906250,1187500000,777343749,777343749,10
2025-10-02 14:27:55,5109,pairwise,LinkedCells,1.000000,lc_c04_HCP,none,SoA,enabled,824218750,691406250,566406250,871093750,925781250,894531250,656250000,878906250,957031250,765625000,803125000,803125000,10
2025-10-02 14:27:55,5119,pairwise,LinkedCells,1.000000,lc_c04_combined_SoA,none,SoA,disabled,976562500,1203125000,1066406250,1214843750,1445312500,1167968750,1062500000,1359375000,1472656250,1527343750,1249609374,1249609374,10
2025-10-02 14:27:55,5129,pairwise,LinkedCells,1.000000,lc_c04_combined_SoA,none,SoA,enabled,1191406250,1136718750,1281250000,1644531250,1074218750,1132812500,1207031250,843750000,1007812500,1066406250,1158593749,1158593749,10
2025-10-02 14:27:56,5139,pairwise,LinkedCells,1.000000,lc_c08,none,AoS,disabled,1230468750,1019531250,679687500,507812500,457031250,1152343750,417968750,824218750,699218750,800781250,778906249,778906249,10
2025-10-02 14:27:56,5149,pairwise,LinkedCells,1.000000,lc_c08,none,AoS,enabled,789062500,601562500,613281250,437500000,843750000,566406250,457031250,769531250,835937500,722656250,663671874,663671874,10
2025-10-02 14:27:56,5159,pairwise,LinkedCells,1.000000,lc_c08,none,SoA,disabled,816406250,1347656250,1324218750,1164062500,1515625000,1410156250,1082031250,1417968750,1253906250,1339843750,1267187499,1267187499,10
2025-10-02 14:27:56,5169,pairwise,LinkedCells,1.000000,lc_c08,none,SoA,enabled,1519531250,1339843750,1039062500,984375000,1171875000,1453125000,1160156250,777343750,1296875000,1003906250,1174609374,1174609374,10
2025-10-02 14:27:56,5179,pairwise,LinkedCells,1.000000,lc_c18,none,AoS,disabled,914062500,941406250,671875000,953125000,933593750,492187500,710937500,785156250,546875000,765625000,771484374,771484374,10
2025-10-02 14:27:56,5189,pairwise,LinkedCells,1.000000,lc_c18,none,AoS,enabled,765625000,875000000,394531250,917968750,777343750,554687500,660156250,726562500,703125000,832031250,720703124,720703124,10
2025-10-02 14:27:56,5199,pairwise,LinkedCells,1.000000,lc_c18,none,SoA,disabled,542968750,914062500,1039062500,550781250,878906250,824218750,1074218750,972656250,1019531250,730468750,854687499,854687499,10
2025-10-02 14:27:56,5209,pairwise,LinkedCells,1.000000,lc_c18,none,SoA,enabled,746093750,914062500,1425781250,910156250,1027343750,695312500,1273437500,1144531250,1035156250,1386718750,1055859374,1055859374,10
2025-10-02 14:27:56,5219,pairwise,LinkedCells,1.000000,lc_sliced,none,AoS,disabled,0,93750000,0,394531250,0,183593750,234375000,277343750,0,0,118359374,118359374,10
2025-10-02 14:27:56,5229,pairwise,LinkedCells,1.000000,lc_sliced,none,AoS,enabled,710937500,0,226562500,535156250,199218750,156250000,0,585937500,355468750,152343750,292187499,292187499,10
2025-10-02 14:27:56,5239,pairwise,LinkedCells,1.000000,lc_sliced,none,SoA,disabled,1007812500,898437500,890625000,550781250,1023437500,773437500,738281250,929687500,839843750,781250000,843359374,843359374,10
2025-10-02 14:27:56,5249,pairwise,LinkedCells,1.000000,lc_sliced,none,SoA,enabled,371093750,535156250,507812500,1023437500,675781250,683593750,613281250,613281250,882812500,867187500,677343749,677343749,10
2025-10-02 14:27:56,5259,pairwise,LinkedCells,1.000000,lc_sliced_balanced,none,AoS,disabled,437500000,203125000,339843750,390625000,0,0,316406250,265625000,300781250,246093750,249999999,249999999,10
2025-10-02 14:27:56,5269,pairwise,LinkedCells,1.000000,lc_sliced_balanced,none,AoS,enabled,0,0,222656250,0,332031250,164062500,0,250000000,171875000,0,114062499,114062499,10
2025-10-02 14:27:56,5279,pairwise,LinkedCells,1.000000,lc_sliced_balanced,none,SoA,disabled,710937500,824218750,492187500,644531250,914062500,839843750,492187500,367187500,519531250,660156250,646484374,646484374,10
2025-10-02 14:27:56,5289,pairwise,LinkedCells,1.000000,lc_sliced_balanced,none,SoA,enabled,683593750,515625000,695312500,597656250,820312500,492187500,875000000,960937500,585937500,632812500,685937499,685937499,10
2025-10-02 14:27:56,5299,pairwise,LinkedCells,1.000000,lc_sliced_balanced,squared-particles-per-cell,AoS,disabled,503906250,542968750,207031250,703125000,371093750,406250000,640625000,410156250,527343750,210937500,452343749,452343749,10
2025-10-02 14:27:56,5309,pairwise,LinkedCells,1.000000,lc_sliced_balanced,squared-particles-per-cell,AoS,enabled,437500000,414062500,339843750,222656250,613281250,210937500,351562500,269531250,164062500,351562500,337499999,337499999,10
2025-10-02 14:27:56,5319,pairwise,LinkedCells,1.000000,lc_sliced_balanced,squared-particles-per-cell,SoA,disabled,1265625000,1449218750,1292968750,1105468750,1324218750,1550781250,1316406250,1222656250,1253906250,1367187500,1314843750,1314843750,10
2025-10-02 14:27:56,5329,pairwise,LinkedCells,1.000000,lc_sliced_balanced,squared-particles-per-cell,SoA,enabled,1605468750,1156250000,1507812500,1343750000,1214843750,1160156250,1191406250,1128906250,1117187500,1335937500,1276171874,1276171874,10
2025-10-02 14:27:56,5339,pairwise,LinkedCells,1.000000,lc_sliced_c02,none,AoS,disabled,386718750,234375000,203125000,238281250,152343750,0,113281250,0,320312500,171875000,182031249,182031249,10
2025-10-02 14:27:56,5349,pairwise,LinkedCells,1.000000,lc_sliced_c02,none,AoS,enabled,210937500,175781250,164062500,0,269531250,207031250,226562500,171875000,183593750,324218750,193359375,193359375,10
2025-10-02 14:27:56,5359,pairwise,LinkedCells,1.000000,lc_sliced_c02,none,SoA,disabled,738281250,492187500,441406250,871093750,621093750,746093750,660156250,414062500,515625000,613281250,611328124,611328124,10
2025-10-02 14:27:56,5369,pairwise,LinkedCells,1.000000,lc_sliced_c02,none,SoA,enabled,839843750,414062500,640625000,738281250,875000000,855468750,390625000,847656250,871093750,750000000,722265624,722265624,10
2025-10-02 14:27:56,5379,pairwise,VerletClusterLists,1.000000,vcl_c01_balanced,none,AoS,disabled,0,0,0,0,0,0,62500000,0,0,0,6249999,6249999,10
2025-10-02 14:27:56,5389,pairwise,VerletClusterLists,1.000000,vcl_c01_balanced,none,SoA,disabled,0,0,0,0,0,0,0,257812500,0,0,25781249,25781249,10
2025-10-02 14:27:56,5399,pairwise,VerletClusterLists,1.000000,vcl_c06,none,AoS,disabled,0,0,0,242187500,0,0,0,0,0,0,24218749,24218749,10
2025-10-02 14:27:56,5409,pairwise,VerletClusterLists,1.000000,vcl_c06,none,AoS,enabled,0,0,0,0,0,0,160156250,0,0,0,16015624,16015624,10
2025-10-02 14:27:56,5419,pairwise,VerletClusterLists,1.000000,vcl_c06,none,SoA,disabled,0,0,0,0,0,0,0,0,0,0,0,0,10
2025-10-02 14:27:56,5429,pairwise,VerletClusterLists,1.000000,vcl_c06,none,SoA,enabled,0,0,0,0,0,191406250,250000000,0,0,0,44140624,44140624,10
2025-10-02 14:27:56,5439,pairwise,VerletClusterLists,1.000000,vcl_sliced,none,AoS,disabled,0,0,0,0,0,0,0,0,0,0,0,0,10
2025-10-02 14:27:56,5449,pairwise,VerletClusterLists,1.000000,vcl_sliced,none,AoS,enabled,0,0,0,0,0,0,0,0,0,0,0,0,10
2025-10-02 14:27:56,5459,pairwise,VerletClusterLists,1.000000,vcl_sliced,none,SoA,disabled,0,0,0,164062500,0,0,0,0,0,0,16406249,16406249,10
2025-10-02 14:27:56,5469,pairwise,VerletClusterLists,1.000000,vcl_sliced,none,SoA,enabled,0,0,191406250,0,0,246093750,0,0,0,148437500,58593749,58593749,10
2025-10-02 14:27:56,5479,pairwise,VerletClusterLists,1.000000,vcl_sliced_balanced,none,AoS,disabled,0,0,0,0,0,0,148437500,0,0,0,14843749,14843749,10
2025-10-02 14:27:56,5489,pairwise,VerletClusterLists,1.000000,vcl_sliced_balanced,none,AoS,enabled,0,0,0,0,0,0,0,0,0,0,0,0,10
2025-10-02 14:27:56,5499,pairwise,VerletClusterLists,1.000000,vcl_sliced_balanced,none,SoA,disabled,0,0,148437500,0,0,335937500,0,0,0,156250000,64062499,64062499,10
2025-10-02 14:27:56,5509,pairwise,VerletClusterLists,1.000000,vcl_sliced_balanced,none,SoA,enabled,0,0,257812500,0,0,132812500,0,183593750,0,0,57421874,57421874,10
2025-10-02 14:27:56,5519,pairwise,VerletClusterLists,1.000000,vcl_sliced_balanced,neighbor-list-length,AoS,disabled,0,0,0,0,0,0,0,0,0,0,0,0,10
2025-10-02 14:27:56,5529,pairwise,VerletClusterLists,1.000000,vcl_sliced_balanced,neighbor-list-length,AoS,enabled,160156250,0,0,277343750,0,0,0,0,0,0,43749999,43749999,10
2025-10-02 14:27:56,5539,pairwise,VerletClusterLists,1.000000,vcl_sliced_balanced,neighbor-list-length,SoA,disabled,0,285156250,0,0,0,0,132812500,144531250,0,0,56250000,56250000,10
2025-10-02 14:27:56,5549,pairwise,VerletClusterLists,1.000000,vcl_sliced_balanced,neighbor-list-length,SoA,enabled,0,0,0,175781250,0,0,0,0,0,0,17578125,17578125,10
2025-10-02 14:27:56,5559,pairwise,VerletClusterLists,1.000000,vcl_sliced_c02,none,AoS,disabled,0,0,0,0,0,0,0,0,0,0,0,0,10
2025-10-02 14:27:56,5569,pairwise,VerletClusterLists,1.000000,vcl_sliced_c02,none,AoS,enabled,0,0,0,0,0,0,0,0,0,0,0,0,10
2025-10-02 14:27:56,5579,pairwise,VerletClusterLists,1.000000,vcl_sliced_c02,none,SoA,disabled,0,0,167968750,0,0,0,312500000,0,0,0,48046874,48046874,10
2025-10-02 14:27:56,5589,pairwise,VerletClusterLists,1.000000,vcl_sliced_c02,none,SoA,enabled,0,0,0,265625000,0,0,0,0,0,0,26562499,26562499,10
2025-10-02 14:27:56,5599,pairwise,VerletLists,1.000000,vl_list_iteration,none,AoS,disabled,1507812500,0,0,0,0,0,0,0,0,0,150781250,150781250,10
2025-10-02 14:27:56,5609,pairwise,VerletLists,1.000000,vl_list_iteration,none,SoA,disabled,2917968750,828125000,597656250,644531250,554687500,406250000,738281250,824218750,691406250,750000000,895312499,895312499,10
2025-10-02 14:27:56,5619,pairwise,VerletListsCells,1.000000,vlc_c01,none,AoS,disabled,9093750000,496093750,589843750,558593750,531250000,332031250,683593750,613281250,261718750,382812500,1354296874,1354296874,10
2025-10-02 14:27:56,5629,pairwise,VerletListsCells,1.000000,vlc_c01,none,SoA,disabled,11378906250,1410156250,1074218750,1425781250,1410156250,1699218750,1382812500,1296875000,1156250000,1250000000,2348437499,2348437499,10
2025-10-02 14:27:56,5639,pairwise,VerletListsCells,1.000000,vlc_c18,none,AoS,disabled,5863281250,726562500,281250000,765625000,539062500,765625000,785156250,593750000,445312500,757812500,1152343750,1152343750,10
2025-10-02 14:27:56,5649,pairwise,VerletListsCells,1.000000,vlc_c18,none,AoS,enabled,6125000000,644531250,855468750,574218750,613281250,871093750,738281250,757812500,566406250,652343750,1239843749,1239843749,10
2025-10-02 14:27:56,5659,pairwise,VerletListsCells,1.000000,vlc_c18,none,SoA,disabled,7851562500,1628906250,1320312500,1464843750,1296875000,1695312500,1574218750,1601562500,1476562500,1242187500,2115234374,2115234374,10
2025-10-02 14:27:56,5669,pairwise,VerletListsCells,1.000000,vlc_c18,none,SoA,enabled,7343750000,1683593750,1445312500,1390625000,1476562500,1691406250,1558593750,1410156250,1281250000,1773437500,2105468750,2105468750,10
2025-10-02 14:27:56,5679,pairwise,VerletListsCells,1.000000,vlc_c08,none,AoS,disabled,4351562500,757812500,675781250,808593750,730468750,464843750,566406250,679687500,812500000,730468750,1057812499,1057812499,10
2025-10-02 14:27:56,5689,pairwise,VerletListsCells,1.000000,vlc_c08,none,AoS,enabled,4308593750,453125000,804687500,761718750,585937500,777343750,785156250,738281250,820312500,750000000,1078515624,1078515624,10
2025-10-02 14:27:56,5699,pairwise,VerletListsCells,1.000000,vlc_c08,none,SoA,disabled,6214843750,1429687500,1363281250,1265625000,1242187500,1554687500,1671875000,1281250000,1378906250,1589843750,1899218749,1899218749,10
2025-10-02 14:27:57,5709,pairwise,VerletListsCells,1.000000,vlc_c08,none,SoA,enabled,5906250000,1324218750,1441406250,1410156250,1542968750,1410156250,1355468750,1500000000,1332031250,1253906250,1847656249,1847656249,10
2025-10-02 14:27:57,5719,pairwise,VerletListsCells,1.000000,vlc_sliced,none,AoS,disabled,4898437500,0,0,0,0,0,0,0,0,0,489843750,489843750,10
2025-10-02 14:27:57,5729,pairwise,VerletListsCells,1.000000,vlc_sliced,none,AoS,enabled,5027343750,0,0,320312500,0,0,0,0,0,0,534765624,534765624,10
2025-10-02 14:27:57,5739,pairwise,VerletListsCells,1.000000,vlc_sliced,none,SoA,disabled,7195312500,855468750,949218750,824218750,789062500,957031250,609375000,886718750,609375000,679687500,1435546874,1435546874,10
2025-10-02 14:27:57,5749,pairwise,VerletListsCells,1.000000,vlc_sliced,none,SoA,enabled,6789062500,882812500,699218750,792968750,703125000,925781250,980468750,875000000,792968750,769531250,1421093749,1421093749,10
2025-10-02 14:27:57,5759,pairwise,VerletListsCells,1.000000,vlc_sliced_balanced,none,AoS,disabled,5351562500,183593750,0,0,0,0,0,0,0,0,553515624,553515624,10
2025-10-02 14:27:57,5769,pairwise,VerletListsCells,1.000000,vlc_sliced_balanced,none,AoS,enabled,5269531250,164062500,0,0,0,195312500,0,171875000,0,0,580078124,580078124,10
2025-10-02 14:27:57,5779,pairwise,VerletListsCells,1.000000,vlc_sliced_balanced,none,SoA,disabled,7507812500,613281250,488281250,433593750,726562500,863281250,1015625000,730468750,832031250,996093750,1420703124,1420703124,10
2025-10-02 14:27:57,5789,pairwise,VerletListsCells,1.000000,vlc_sliced_balanced,none,SoA,enabled,7105468750,742187500,839843750,886718750,757812500,906250000,781250000,691406250,726562500,578125000,1401562499,1401562499,10
2025-10-02 14:27:57,5799,pairwise,VerletListsCells,1.000000,vlc_sliced_balanced,squared-particles-per-cell,AoS,disabled,4796875000,160156250,0,0,148437500,0,0,0,152343750,0,525781249,525781249,10
2025-10-02 14:27:57,5809,pairwise,VerletListsCells,1.000000,vlc_sliced_balanced,squared-particles-per-cell,AoS,enabled,5351562500,0,0,0,0,203125000,0,0,179687500,210937500,594531249,594531249,10
2025-10-02 14:27:57,5819,pairwise,VerletListsCells,1.000000,vlc_sliced_balanced,squared-particles-per-cell,SoA,disabled,7093750000,832031250,835937500,539062500,597656250,769531250,785156250,761718750,792968750,660156250,1366796875,1366796875,10
2025-10-02 14:27:57,5829,pairwise,VerletListsCells,1.000000,vlc_sliced_balanced,squared-particles-per-cell,SoA,enabled,6628906250,769531250,605468750,843750000,875000000,570312500,523437500,488281250,679687500,761718750,1274609375,1274609375,10
2025-10-02 14:27:57,5839,pairwise,VerletListsCells,1.000000,vlc_sliced_balanced,neighbor-list-length,AoS,disabled,4914062500,0,0,0,0,0,191406250,0,0,0,510546874,510546874,10
2025-10-02 14:27:57,5849,pairwise,VerletListsCells,1.000000,vlc_sliced_balanced,neighbor-list-length,AoS,enabled,5570312500,0,164062500,0,0,0,0,0,199218750,0,593359374,593359374,10
2025-10-02 14:27:57,5859,pairwise,VerletListsCells,1.000000,vlc_sliced_balanced,neighbor-list-length,SoA,disabled,7234375000,777343750,730468750,863281250,820312500,730468750,1062500000,871093750,679687500,984375000,1475390624,1475390624,10
2025-10-02 14:27:57,5869,pairwise,VerletListsCells,1.000000,vlc_sliced_balanced,neighbor-list-length,SoA,enabled,6972656250,824218750,949218750,1070312500,679687500,1027343750,835937500,667968750,933593750,609375000,1457031249,1457031249,10
2025-10-02 14:27:57,5879,pairwise,VerletListsCells,1.000000,vlc_sliced_c02,none,AoS,disabled,4738281250,0,0,0,0,316406250,0,0,148437500,0,520312499,520312499,10
2025-10-02 14:27:57,5889,pairwise,VerletListsCells,1.000000,vlc_sliced_c02,none,AoS,enabled,5363281250,0,0,261718750,0,0,0,285156250,175781250,0,608593749,608593749,10
2025-10-02 14:27:57,5899,pairwise,VerletListsCells,1.000000,vlc_sliced_c02,none,SoA,disabled,7042968750,871093750,832031250,519531250,710937500,562500000,773437500,867187500,750000000,894531250,1382421874,1382421874,10
2025-10-02 14:27:57,5909,pairwise,VerletListsCells,1.000000,vlc_sliced_c02,none,SoA,enabled,6792968750,457031250,816406250,718750000,789062500,785156250,695312500,816406250,785156250,843750000,1349999999,1349999999,10
2025-10-02 14:27:57,5919,pairwise,PairwiseVerletLists,1.000000,vlp_c01,none,AoS,disabled,5898437500,484375000,660156250,464843750,707031250,578125000,500000000,500000000,605468750,875000000,1127343749,1127343749,10
2025-10-02 14:27:57,5929,pairwise,PairwiseVerletLists,1.000000,vlp_c01,none,SoA,disabled,14699218750,1351562500,1511718750,1437500000,1410156250,1468750000,1171875000,1152343750,1582031250,1546875000,2733203124,2733203124,10
2025-10-02 14:27:57,5939,pairwise,PairwiseVerletLists,1.000000,vlp_c18,none,AoS,disabled,6351562500,792968750,761718750,1070312500,835937500,945312500,746093750,847656250,929687500,667968750,1394921874,1394921874,10
2025-10-02 14:27:57,5949,pairwise,PairwiseVerletLists,1.000000,vlp_c18,none,AoS,enabled,5906250000,1011718750,968750000,648437500,988281250,812500000,976562500,832031250,699218750,746093750,1358984374,1358984374,10
2025-10-02 14:27:57,5959,pairwise,PairwiseVerletLists,1.000000,vlp_c18,none,SoA,disabled,13566406250,1714843750,1570312500,1757812500,1550781250,1625000000,1886718750,1480468750,1628906250,1562500000,2834374999,2834374999,10
2025-10-02 14:27:58,5969,pairwise,PairwiseVerletLists,1.000000,vlp_c18,none,SoA,enabled,13550781250,1816406250,1742187500,1636718750,1605468750,1906250000,1531250000,1582031250,1824218750,1546875000,2874218749,2874218749,10
2025-10-02 14:27:58,5979,pairwise,PairwiseVerletLists,1.000000,vlp_sliced,none,AoS,disabled,5585937500,226562500,394531250,433593750,515625000,382812500,398437500,320312500,406250000,476562500,914062499,914062499,10
2025-10-02 14:27:58,5989,pairwise,PairwiseVerletLists,1.000000,vlp_sliced,none,AoS,enabled,5550781250,449218750,351562500,515625000,464843750,328125000,371093750,429687500,156250000,191406250,880859374,880859374,10
2025-10-02 14:27:58,5999,pairwise,PairwiseVerletLists,1.000000,vlp_sliced,none,SoA,disabled,13343750000,1222656250,953125000,1105468750,1042968750,1109375000,1148437500,1058593750,890625000,1046875000,2292187499,2292187499,10
2025-10-02 14:27:58,6009,pairwise,PairwiseVerletLists,1.000000,vlp_sliced,none,SoA,enabled,12656250000,1117187500,1183593750,980468750,1031250000,1082031250,925781250,1183593750,1128906250,1210937500,2250000000,2250000000,10
2025-10-02 14:27:58,6019,pairwise,PairwiseVerletLists,1.000000,vlp_sliced_balanced,none,AoS,disabled,5625000000,246093750,273437500,136718750,460937500,246093750,378906250,425781250,0,363281250,815625000,815625000,10
2025-10-02 14:27:58,6029,pairwise,PairwiseVerletLists,1.000000,vlp_sliced_balanced,none,AoS,enabled,5453125000,542968750,289062500,148437500,246093750,292968750,480468750,492187500,214843750,183593750,834374999,834374999,10
2025-10-02 14:27:58,6039,pairwise,PairwiseVerletLists,1.000000,vlp_sliced_balanced,none,SoA,disabled,13191406250,1210937500,960937500,925781250,757812500,1046875000,921875000,1195312500,980468750,949218750,2214062499,2214062499,10
2025-10-02 14:27:58,6049,pairwise,PairwiseVerletLists,1.000000,vlp_sliced_balanced,none,SoA,enabled,12703125000,1160156250,949218750,906250000,1144531250,1234375000,1015625000,1164062500,1261718750,1167968750,2270703124,2270703124,10
2025-10-02 14:27:58,6059,pairwise,PairwiseVerletLists,1.000000,vlp_sliced_c02,none,AoS,disabled,5500000000,421875000,167968750,328125000,468750000,386718750,269531250,199218750,265625000,187500000,819531249,819531249,10
2025-10-02 14:27:58,6069,pairwise,PairwiseVerletLists,1.000000,vlp_sliced_c02,none,AoS,enabled,5601562500,496093750,414062500,472656250,214843750,453125000,355468750,648437500,445312500,359375000,946093749,946093749,10
2025-10-02 14:27:58,6079,pairwise,PairwiseVerletLists,1.000000,vlp_sliced_c02,none,SoA,disabled,13289062500,1316406250,1218750000,972656250,1089843750,1011718750,917968750,1031250000,937500000,1257812500,2304296874,2304296874,10
2025-10-02 14:27:58,6089,pairwise,PairwiseVerletLists,1.000000,vlp_sliced_c02,none,SoA,enabled,12914062500,1171875000,1332031250,1238281250,1093750000,1128906250,1167968750,1062500000,1183593750,1265625000,2355859374,2355859374,10
2025-10-02 14:27:58,6099,pairwise,PairwiseVerletLists,1.000000,vlp_c08,none,AoS,disabled,6675781250,1187500000,1347656250,1394531250,1503906250,1230468750,1523437500,1304687500,1722656250,1640625000,1953124999,1953124999,10
2025-10-02 14:27:58,6109,pairwise,PairwiseVerletLists,1.000000,vlp_c08,none,AoS,enabled,6328125000,1160156250,1261718750,1035156250,1187500000,1082031250,882812500,886718750,726562500,867187500,1541796874,1541796874,10
2025-10-02 14:27:58,6119,pairwise,PairwiseVerletLists,1.000000,vlp_c08,none,SoA,disabled,14269531250,2414062500,2246093750,2484375000,2476562500,2312500000,2683593750,2300781250,2636718750,2496093750,3632031249,3632031249,10
2025-10-02 14:27:58,6129,pairwise,PairwiseVerletLists,1.000000,vlp_c08,none,SoA,enabled,13691406250,2113281250,1988281250,1648437500,1703125000,1898437500,1789062500,1722656250,1859375000,1871093750,3028515625,3028515625,10
2025-10-02 14:30:23,10009,pairwise,LinkedCells,1.000000,lc_c01,none,AoS,disabled,406250000,734375000,500000000,648437500,625000000,562500000,835937500,382812500,585937500,601562500,588281249,588281249,10
2025-10-02 14:30:23,10019,pairwise,LinkedCells,1.000000,lc_c01,none,SoA,disabled,1023437500,1015625000,750000000,1085937500,1187500000,1203125000,1429687500,1031250000,1109375000,1054687500,1089062499,1089062499,10
2025-10-02 14:30:23,10029,pairwise,LinkedCells,1.000000,lc_c01_combined_SoA,none,SoA,disabled,914062500,1335937500,953125000,1015625000,1148437500,921875000,976562500,945312500,953125000,1031250000,1019531250,1019531250,10
2025-10-02 14:30:23,10039,pairwise,LinkedCells,1.000000,lc_c04,none,AoS,disabled,273437500,242187500,242187500,312500000,226562500,257812500,218750000,460937500,359375000,234375000,282812499,282812499,10
2025-10-02 14:30:24,10049,pairwise,LinkedCells,1.000000,lc_c04,none,AoS,enabled,585937500,164062500,187500000,0,179687500,476562500,0,0,375000000,0,196874999,196874999,10
2025-10-02 14:30:24,10059,pairwise,LinkedCells,1.000000,lc_c04,none,SoA,disabled,968750000,578125000,773437500,1085937500,710937500,843750000,812500000,937500000,875000000,929687500,851562499,851562499,10
2025-10-02 14:30:24,10069,pairwise,LinkedCells,1.000000,lc_c04,none,SoA,enabled,1031250000,687500000,1007812500,718750000,953125000,851562500,796875000,1023437500,1132812500,867187500,907031249,907031249,10
2025-10-02 14:30:24,10079,pairwise,LinkedCells,1.000000,lc_c04_HCP,none,AoS,disabled,0,343750000,218750000,531250000,429687500,156250000,351562500,367187500,523437500,242187500,316406250,316406250,10
2025-10-02 14:30:24,10089,pairwise,LinkedCells,1.000000,lc_c04_HCP,none,AoS,enabled,156250000,453125000,515625000,445312500,226562500,140625000,187500000,187500000,164062500,203125000,267968749,267968749,10
2025-10-02 14:30:24,10099,pairwise,LinkedCells,1.000000,lc_c04_HCP,none,SoA,disabled,734375000,906250000,945312500,921875000,945312500,679687500,1085937500,875000000,789062500,570312500,845312499,845312499,10
2025-10-02 14:30:24,10109,pairwise,LinkedCells,1.000000,lc_c04_HCP,none,SoA,enabled,570312500,812500000,890625000,1101562500,656250000,1085937500,1132812500,1203125000,906250000,781250000,914062499,914062499,10
2025-10-02 14:30:24,10119,pairwise,LinkedCells,1.000000,lc_c04_combined_SoA,none,SoA,disabled,921875000,1562500000,1132812500,1437500000,1289062500,1062500000,1265625000,1140625000,1632812500,1195312500,1264062499,1264062499,10
2025-10-02 14:30:24,10129,pairwise,LinkedCells,1.000000,lc_c04_combined_SoA,none,SoA,enabled,1093750000,1203125000,1414062500,859375000,679687500,1234375000,1109375000,960937500,1015625000,843750000,1041406249,1041406249,10
2025-10-02 14:30:24,10139,pairwise,LinkedCells,1.000000,lc_c08,none,AoS,disabled,1117187500,1023437500,390625000,1007812500,726562500,671875000,734375000,796875000,695312500,585937500,774999999,774999999,10
2025-10-02 14:30:24,10149,pairwise,LinkedCells,1.000000,lc_c08,none,AoS,enabled,789062500,835937500,609375000,492187500,820312500,835937500,765625000,812500000,679687500,804687500,744531249,744531249,10
2025-10-02 14:30:24,10159,pairwise,LinkedCells,1.000000,lc_c08,none,SoA,disabled,1429687500,1234375000,1640625000,1320312500,1562500000,1257812500,1367187500,1671875000,1781250000,1437500000,1470312499,1470312499,10
2025-10-02 14:30:24,10169,pairwise,LinkedCells,1.000000,lc_c08,none,SoA,enabled,1312500000,1757812500,1320312500,1226562500,984375000,1242187500,1265625000,1281250000,1320312500,1156250000,1286718749,1286718749,10
2025-10-02 14:30:24,10179,pairwise,LinkedCells,1.000000,lc_c18,none,AoS,disabled,554687500,765625000,914062500,539062500,820312500,867187500,359375000,656250000,921875000,500000000,689843749,689843749,10
2025-10-02 14:30:24,10189,pairwise,LinkedCells,1.000000,lc_c18,none,AoS,enabled,539062500,656250000,796875000,726562500,828125000,695312500,882812500,664062500,812500000,742187500,734374999,734374999,10
2025-10-02 14:30:24,10199,pairwise,LinkedCells,1.000000,lc_c18,none,SoA,disabled,656250000,1125000000,992187500,835937500,875000000,789062500,734375000,523437500,742187500,1101562500,837499999,837499999,10
2025-10-02 14:30:24,10209,pairwise,LinkedCells,1.000000,lc_c18,none,SoA,enabled,750000000,1187500000,914062500,890625000,804687500,968750000,476562500,859375000,1406250000,992187500,924999999,924999999,10
2025-10-02 14:30:24,10219,pairwise,LinkedCells,1.000000,lc_sliced,none,AoS,disabled,453125000,0,125000000,0,382812500,0,515625000,140625000,437500000,328125000,238281249,238281249,10
2025-10-02 14:30:24,10229,pairwise,LinkedCells,1.000000,lc_sliced,none,AoS,enabled,0,0,0,257812500,0,406250000,210937500,187500000,328125000,0,139062499,139062499,10
2025-10-02 14:30:24,10239,pairwise,LinkedCells,1.000000,lc_sliced,none,SoA,disabled,960937500,742187500,960937500,703125000,781250000,718750000,750000000,914062500,921875000,953125000,840624999,840624999,10
2025-10-02 14:30:24,10249,pairwise,LinkedCells,1.000000,lc_sliced,none,SoA,enabled,843750000,757812500,1093750000,1046875000,968750000,804687500,875000000,1148437500,890625000,632812500,906249999,906249999,10
2025-10-02 14:30:24,10259,pairwise,LinkedCells,1.000000,lc_sliced_balanced,none,AoS,disabled,351562500,187500000,0,0,0,218750000,281250000,171875000,164062500,0,137499999,137499999,10
2025-10-02 14:30:24,10269,pairwise,LinkedCells,1.000000,lc_sliced_balanced,none,AoS,enabled,281250000,234375000,406250000,218750000,0,0,0,515625000,187500000,171875000,201562499,201562499,10
2025-10-02 14:30:24,10279,pairwise,LinkedCells,1.000000,lc_sliced_balanced,none,SoA,disabled,781250000,625000000,914062500,757812500,375000000,835937500,585937500,679687500,476562500,851562500,688281249,688281249,10
2025-10-02 14:30:24,10289,pairwise,LinkedCells,1.000000,lc_sliced_balanced,none,SoA,enabled,609375000,1140625000,929687500,945312500,593750000,789062500,960937500,1171875000,804687500,867187500,881249999,881249999,10
2025-10-02 14:30:24,10299,pairwise,LinkedCells,1.000000,lc_sliced_balanced,squared-particles-per-cell,AoS,disabled,414062500,304687500,382812500,195312500,734375000,578125000,289062500,335937500,546875000,414062500,419531249,419531249,10
2025-10-02 14:30:24,10309,pairwise,LinkedCells,1.000000,lc_sliced_balanced,squared-particles-per-cell,AoS,enabled,445312500,445312500,468750000,445312500,234375000,125000000,171875000,203125000,656250000,554687500,375000000,375000000,10
2025-10-02 14:30:24,10319,pairwise,LinkedCells,1.000000,lc_sliced_balanced,squared-particles-per-cell,SoA,disabled,929687500,1039062500,1187500000,1429687500,1445312500,984375000,1101562500,1250000000,1289062500,1140625000,1179687499,1179687499,10
2025-10-02 14:30:24,10329,pairwise,LinkedCells,1.000000,lc_sliced_balanced,squared-particles-per-cell,SoA,enabled,1031250000,1078125000,1250000000,1031250000,1320312500,1070312500,984375000,1132812500,1203125000,1289062500,1139062499,1139062499,10
2025-10-02 14:30:24,10339,pairwise,LinkedCells,1.000000,lc_sliced_c02,none,AoS,disabled,242187500,304687500,0,476562500,257812500,242187500,320312500,171875000,0,0,201562499,201562499,10
2025-10-02 14:30:24,10349,pairwise,LinkedCells,1.000000,lc_sliced_c02,none,AoS,enabled,289062500,398437500,156250000,195312500,187500000,242187500,0,179687500,148437500,171875000,196874999,196874999,10
2025-10-02 14:30:24,10359,pairwise,LinkedCells,1.000000,lc_sliced_c02,none,SoA,disabled,820312500,1203125000,726562500,695312500,585937500,703125000,671875000,601562500,789062500,593750000,739062499,739062499,10
2025-10-02 14:30:24,10369,pairwise,LinkedCells,1.000000,lc_sliced_c02,none,SoA,enabled,468750000,765625000,664062500,789062500,945312500,914062500,554687500,937500000,609375000,843750000,749218749,749218749,10
2025-10-02 14:30:24,10379,pairwise,VerletClusterLists,1.000000,vcl_c01_balanced,none,AoS,disabled,265625000,0,0,0,0,0,0,0,0,0,26562500,26562500,10
2025-10-02 14:30:24,10389,pairwise,VerletClusterLists,1.000000,vcl_c01_balanced,none,SoA,disabled,0,0,0,0,0,132812500,0,0,0,0,13281249,13281249,10
2025-10-02 14:30:24,10399,pairwise,VerletClusterLists,1.000000,vcl_c06,none,AoS,disabled,0,0,164062500,0,0,0,0,0,0,156250000,32031249,32031249,10
2025-10-02 14:30:24,10409,pairwise,VerletClusterLists,1.000000,vcl_c06,none,AoS,enabled,0,0,0,0,0,0,0,0,0,0,0,0,10
2025-10-02 14:30:24,10419,pairwise,VerletClusterLists,1.000000,vcl_c06,none,SoA,disabled,0,0,0,304687500,0,0,0,0,0,0,30468749,30468749,10
2025-10-02 14:30:24,10429,pairwise,VerletClusterLists,1.000000,vcl_c06,none,SoA,enabled,0,0,0,0,0,148437500,210937500,0,0,0,35937499,35937499,10
2025-10-02 14:30:24,10439,pairwise,VerletClusterLists,1.000000,vcl_sliced,none,AoS,disabled,0,156250000,0,0,0,0,0,0,0,0,15624999,15624999,10
2025-10-02 14:30:24,10449,pairwise,VerletClusterLists,1.000000,vcl_sliced,none,AoS,enabled,179687500,0,0,0,0,0,0,0,0,0,17968750,17968750,10
2025-10-02 14:30:24,10459,pairwise,VerletClusterLists,1.000000,vcl_sliced,none,SoA,disabled,0,0,0,0,0,0,187500000,0,0,328125000,51562499,51562499,10
2025-10-02 14:30:24,10469,pairwise,VerletClusterLists,1.000000,vcl_sliced,none,SoA,enabled,0,0,0,148437500,0,242187500,0,0,0,0,39062499,39062499,10
2025-10-02 14:30:24,10479,pairwise,VerletClusterLists,1.000000,vcl_sliced_balanced,none,AoS,disabled,0,0,0,0,0,0,0,0,0,437500000,43749999,43749999,10
2025-10-02 14:30:24,10489,pairwise,VerletClusterLists,1.000000,vcl_sliced_balanced,none,AoS,enabled,0,0,0,0,0,0,0,0,0,0,0,0,10
2025-10-02 14:30:24,10499,pairwise,VerletClusterLists,1.000000,vcl_sliced_balanced,none,SoA,disabled,0,0,0,171875000,0,0,0,0,0,0,17187499,17187499,10
2025-10-02 14:30:24,10509,pairwise,VerletClusterLists,1.000000,vcl_sliced_balanced,none,SoA,enabled,0,234375000,0,0,0,0,0,390625000,0,0,62499999,62499999,10
2025-10-02 14:30:24,10519,pairwise,VerletClusterLists,1.000000,vcl_sliced_balanced,neighbor-list-length,AoS,disabled,0,0,0,0,0,312500000,0,0,0,0,31249999,31249999,10
2025-10-02 14:30:24,10529,pairwise,VerletClusterLists,1.000000,vcl_sliced_balanced,neighbor-list-length,AoS,enabled,0,0,179687500,0,0,0,0,0,0,0,17968749,17968749,10
2025-10-02 14:30:24,10539,pairwise,VerletClusterLists,1.000000,vcl_sliced_balanced,neighbor-list-length,SoA,disabled,156250000,0,0,0,0,0,0,0,0,0,15625000,15625000,10
2025-10-02 14:30:24,10549,pairwise,VerletClusterLists,1.000000,vcl_sliced_balanced,neighbor-list-length,SoA,enabled,0,0,0,164062500,0,0,0,0,0,125000000,28906249,28906249,10
2025-10-02 14:30:24,10559,pairwise,VerletClusterLists,1.000000,vcl_sliced_c02,none,AoS,disabled,0,0,234375000,0,0,0,0,0,171875000,0,40624999,40624999,10
2025-10-02 14:30:24,10569,pairwise,VerletClusterLists,1.000000,vcl_sliced_c02,none,AoS,enabled,0,0,0,0,0,179687500,0,0,296875000,0,47656249,47656249,10
2025-10-02 14:30:24,10579,pairwise,VerletClusterLists,1.000000,vcl_sliced_c02,none,SoA,disabled,0,0,0,0,0,0,0,0,0,0,0,0,10
2025-10-02 14:30:24,10589,pairwise,VerletClusterLists,1.000000,vcl_sliced_c02,none,SoA,enabled,0,218750000,0,0,0,125000000,0,0,0,0,34374999,34374999,10
2025-10-02 14:30:24,10599,pairwise,VerletLists,1.000000,vl_list_iteration,none,AoS,disabled,2109375000,0,0,0,0,0,0,0,0,0,210937500,210937500,10
2025-10-02 14:30:24,10609,pairwise,VerletLists,1.000000,vl_list_iteration,none,SoA,disabled,3132812500,914062500,859375000,625000000,765625000,554687500,679687500,796875000,570312500,742187500,964062499,964062499,10
2025-10-02 14:30:24,10619,pairwise,VerletListsCells,1.000000,vlc_c01,none,AoS,disabled,8648437500,382812500,609375000,804687500,687500000,414062500,406250000,789062500,812500000,515625000,1407031249,1407031249,10
2025-10-02 14:30:24,10629,pairwise,VerletListsCells,1.000000,vlc_c01,none,SoA,disabled,11046875000,1250000000,1445312500,1265625000,1257812500,1234375000,1445312500,1187500000,1078125000,1179687500,2239062499,2239062499,10
2025-10-02 14:30:24,10639,pairwise,VerletListsCells,1.000000,vlc_c18,none,AoS,disabled,5671875000,273437500,742187500,960937500,656250000,742187500,484375000,656250000,742187500,804687500,1173437499,1173437499,10
2025-10-02 14:30:24,10649,pairwise,VerletListsCells,1.000000,vlc_c18,none,AoS,enabled,5851562500,679687500,773437500,906250000,726562500,906250000,765625000,781250000,601562500,843750000,1283593749,1283593749,10
2025-10-02 14:30:25,10659,pairwise,VerletListsCells,1.000000,vlc_c18,none,SoA,disabled,7359375000,1437500000,1203125000,1070312500,1406250000,1421875000,1687500000,1421875000,1429687500,1187500000,1962499999,1962499999,10
2025-10-02 14:30:25,10669,pairwise,VerletListsCells,1.000000,vlc_c18,none,SoA,enabled,6820312500,1164062500,1078125000,1421875000,1273437500,1710937500,1515625000,1460937500,1375000000,1351562500,1917187499,1917187499,10
2025-10-02 14:30:25,10679,pairwise,VerletListsCells,1.000000,vlc_c08,none,AoS,disabled,4242187500,750000000,812500000,554687500,968750000,648437500,617187500,929687500,750000000,804687500,1107812499,1107812499,10
2025-10-02 14:30:25,10689,pairwise,VerletListsCells,1.000000,vlc_c08,none,AoS,enabled,4281250000,492187500,570312500,640625000,492187500,437500000,867187500,585937500,500000000,507812500,937499999,937499999,10
2025-10-02 14:30:25,10699,pairwise,VerletListsCells,1.000000,vlc_c08,none,SoA,disabled,5835937500,1265625000,1351562500,1242187500,1453125000,1195312500,1484375000,1656250000,1429687500,1257812500,1817187499,1817187499,10
2025-10-02 14:30:25,10709,pairwise,VerletListsCells,1.000000,vlc_c08,none,SoA,enabled,5500000000,1195312500,1343750000,1421875000,1218750000,1437500000,1320312500,1250000000,1250000000,1343750000,1728124999,1728124999,10
2025-10-02 14:30:25,10719,pairwise,VerletListsCells,1.000000,vlc_sliced,none,AoS,disabled,5015625000,0,0,0,0,0,0,0,0,0,501562500,501562500,10
2025-10-02 14:30:25,10729,pairwise,VerletListsCells,1.000000,vlc_sliced,none,AoS,enabled,4968750000,0,203125000,320312500,0,0,0,0,0,398437500,589062499,589062499,10
2025-10-02 14:30:25,10739,pairwise,VerletListsCells,1.000000,vlc_sliced,none,SoA,disabled,7062500000,773437500,906250000,859375000,703125000,875000000,828125000,632812500,601562500,804687500,1404687499,1404687499,10
2025-10-02 14:30:25,10749,pairwise,VerletListsCells,1.000000,vlc_sliced,none,SoA,enabled,6867187500,625000000,1054687500,945312500,750000000,585937500,484375000,718750000,539062500,781250000,1335156249,1335156249,10
2025-10-02 14:30:25,10759,pairwise,VerletListsCells,1.000000,vlc_sliced_balanced,none,AoS,disabled,5429687500,0,0,171875000,0,250000000,171875000,0,0,0,602343749,602343749,10
2025-10-02 14:30:25,10769,pairwise,VerletListsCells,1.000000,vlc_sliced_balanced,none,AoS,enabled,4867187500,265625000,0,0,0,0,226562500,0,179687500,0,553906249,553906249,10
2025-10-02 14:30:25,10779,pairwise,VerletListsCells,1.000000,vlc_sliced_balanced,none,SoA,disabled,7117187500,875000000,718750000,843750000,1062500000,640625000,414062500,531250000,804687500,812500000,1382031249,1382031249,10
2025-10-02 14:30:25,10789,pairwise,VerletListsCells,1.000000,vlc_sliced_balanced,none,SoA,enabled,6984375000,851562500,765625000,593750000,625000000,914062500,539062500,562500000,867187500,734375000,1343749999,1343749999,10
2025-10-02 14:30:25,10799,pairwise,VerletListsCells,1.000000,vlc_sliced_balanced,squared-particles-per-cell,AoS,disabled,4929687500,0,187500000,0,187500000,0,0,0,0,164062500,546874999,546874999,10
2025-10-02 14:30:25,10809,pairwise,VerletListsCells,1.000000,vlc_sliced_balanced,squared-particles-per-cell,AoS,enabled,4968750000,171875000,0,0,0,226562500,0,0,148437500,0,551562499,551562499,10
2025-10-02 14:30:25,10819,pairwise,VerletListsCells,1.000000,vlc_sliced_balanced,squared-particles-per-cell,SoA,disabled,7320312500,718750000,812500000,757812500,632812500,742187500,687500000,679687500,773437500,710937500,1383593749,1383593749,10
2025-10-02 14:30:25,10829,pairwise,VerletListsCells,1.000000,vlc_sliced_balanced,squared-particles-per-cell,SoA,enabled,6953125000,687500000,796875000,718750000,1085937500,851562500,843750000,882812500,734375000,843750000,1439843749,1439843749,10
2025-10-02 14:30:25,10839,pairwise,VerletListsCells,1.000000,vlc_sliced_balanced,neighbor-list-length,AoS,disabled,4953125000,187500000,0,0,0,242187500,0,0,0,0,538281249,538281249,10
2025-10-02 14:30:25,10849,pairwise,VerletListsCells,1.000000,vlc_sliced_balanced,neighbor-list-length,AoS,enabled,4898437500,0,0,0,187500000,0,0,0,0,0,508593749,508593749,10
2025-10-02 14:30:25,10859,pairwise,VerletListsCells,1.000000,vlc_sliced_balanced,neighbor-list-length,SoA,disabled,7039062500,851562500,554687500,890625000,750000000,882812500,656250000,710937500,984375000,703125000,1402343749,1402343749,10
2025-10-02 14:30:25,10869,pairwise,VerletListsCells,1.000000,vlc_sliced_balanced,neighbor-list-length,SoA,enabled,7156250000,750000000,195312500,546875000,679687500,632812500,617187500,789062500,859375000,742187500,1296874999,1296874999,10
2025-10-02 14:30:25,10879,pairwise,VerletListsCells,1.000000,vlc_sliced_c02,none,AoS,disabled,4828125000,0,0,0,0,0,0,0,0,0,482812500,482812500,10
2025-10-02 14:30:25,10889,pairwise,VerletListsCells,1.000000,vlc_sliced_c02,none,AoS,enabled,4898437500,0,0,0,0,0,0,0,0,0,489843750,489843750,10
2025-10-02 14:30:25,10899,pairwise,VerletListsCells,1.000000,vlc_sliced_c02,none,SoA,disabled,7171875000,710937500,632812500,820312500,835937500,1125000000,726562500,710937500,843750000,750000000,1432812499,1432812499,10
2025-10-02 14:30:25,10909,pairwise,VerletListsCells,1.000000,vlc_sliced_c02,none,SoA,enabled,7164062500,968750000,835937500,695312500,687500000,796875000,773437500,976562500,882812500,1078125000,1485937499,1485937499,10
2025-10-02 14:30:25,10919,pairwise,PairwiseVerletLists,1.000000,vlp_c01,none,AoS,disabled,6296875000,710937500,875000000,539062500,585937500,843750000,679687500,570312500,453125000,718750000,1227343750,1227343750,10
2025-10-02 14:30:25,10929,pairwise,PairwiseVerletLists,1.000000,vlp_c01,none,SoA,disabled,11554687500,1609375000,1312500000,1265625000,1156250000,1148437500,1125000000,1281250000,1148437500,1414062500,2301562500,2301562500,10
2025-10-02 14:30:25,10939,pairwise,PairwiseVerletLists,1.000000,vlp_c18,none,AoS,disabled,6101562500,937500000,726562500,820312500,859375000,882812500,976562500,773437500,890625000,890625000,1385937499,1385937499,10
2025-10-02 14:30:26,10949,pairwise,PairwiseVerletLists,1.000000,vlp_c18,none,AoS,enabled,5968750000,843750000,710937500,828125000,1093750000,679687500,750000000,1203125000,851562500,898437500,1382812499,1382812499,10
2025-10-02 14:30:26,10959,pairwise,PairwiseVerletLists,1.000000,vlp_c18,none,SoA,disabled,13742187500,1742187500,1601562500,1453125000,1500000000,1484375000,1523437500,1570312500,1703125000,1562500000,2788281249,2788281249,10
2025-10-02 14:30:26,10969,pairwise,PairwiseVerletLists,1.000000,vlp_c18,none,SoA,enabled,13882812500,1726562500,1484375000,1664062500,1500000000,1273437500,1507812500,1523437500,1523437500,1789062500,2787500000,2787500000,10
2025-10-02 14:30:26,10979,pairwise,PairwiseVerletLists,1.000000,vlp_sliced,none,AoS,disabled,5445312500,335937500,445312500,500000000,359375000,351562500,242187500,523437500,414062500,335937500,895312499,895312499,10
2025-10-02 14:30:26,10989,pairwise,PairwiseVerletLists,1.000000,vlp_sliced,none,AoS,enabled,5664062500,375000000,320312500,148437500,164062500,140625000,132812500,203125000,296875000,671875000,811718749,811718749,10
2025-10-02 14:30:26,10999,pairwise,PairwiseVerletLists,1.000000,vlp_sliced,none,SoA,disabled,13226562500,1257812500,1109375000,1039062500,1289062500,1179687500,1250000000,1125000000,937500000,820312500,2323437499,2323437499,10
2025-10-02 14:30:26,11009,pairwise,PairwiseVerletLists,1.000000,vlp_sliced,none,SoA,enabled,12773437500,1164062500,1039062500,1046875000,1117187500,1039062500,1226562500,1179687500,1226562500,1156250000,2296875000,2296875000,10
2025-10-02 14:30:26,11019,pairwise,PairwiseVerletLists,1.000000,vlp_sliced_balanced,none,AoS,disabled,5320312500,390625000,562500000,156250000,210937500,273437500,210937500,437500000,226562500,421875000,821093749,821093749,10
2025-10-02 14:30:26,11029,pairwise,PairwiseVerletLists,1.000000,vlp_sliced_balanced,none,AoS,enabled,5351562500,312500000,0,460937500,359375000,335937500,445312500,406250000,265625000,570312500,850781249,850781249,10
2025-10-02 14:30:26,11039,pairwise,PairwiseVerletLists,1.000000,vlp_sliced_balanced,none,SoA,disabled,12976562500,1023437500,1132812500,1250000000,1070312500,1101562500,1257812500,1101562500,960937500,726562500,2260156249,2260156249,10
2025-10-02 14:30:26,11049,pairwise,PairwiseVerletLists,1.000000,vlp_sliced_balanced,none,SoA,enabled,12398437500,1101562500,1187500000,1195312500,1234375000,992187500,968750000,1164062500,1125000000,726562500,2209374999,2209374999,10
2025-10-02 14:30:26,11059,pairwise,PairwiseVerletLists,1.000000,vlp_sliced_c02,none,AoS,disabled,5015625000,382812500,445312500,421875000,515625000,421875000,218750000,429687500,203125000,296875000,835156249,835156249,10
2025-10-02 14:30:26,11069,pairwise,PairwiseVerletLists,1.000000,vlp_sliced_c02,none,AoS,enabled,5765625000,421875000,382812500,593750000,179687500,296875000,664062500,242187500,218750000,273437500,903906249,903906249,10
2025-10-02 14:30:26,11079,pairwise,PairwiseVerletLists,1.000000,vlp_sliced_c02,none,SoA,disabled,13187500000,1359375000,1359375000,1148437500,1406250000,1132812500,937500000,1304687500,1187500000,1000000000,2402343749,2402343749,10
2025-10-02 14:30:26,11089,pairwise,PairwiseVerletLists,1.000000,vlp_sliced_c02,none,SoA,enabled,12992187500,1195312500,843750000,1273437500,843750000,984375000,1070312500,1000000000,1078125000,1234375000,2251562499,2251562499,10
2025-10-02 14:30:26,11099,pairwise,PairwiseVerletLists,1.000000,vlp_c08,none,AoS,disabled,6218750000,1421875000,1187500000,1539062500,1312500000,1375000000,1296875000,1429687500,1218750000,1453125000,1845312500,1845312500,10
2025-10-02 14:30:26,11109,pairwise,PairwiseVerletLists,1.000000,vlp_c08,none,AoS,enabled,6218750000,734375000,960937500,976562500,1015625000,1046875000,992187500,914062500,1046875000,1000000000,1490624999,1490624999,10
2025-10-02 14:30:26,11119,pairwise,PairwiseVerletLists,1.000000,vlp_c08,none,SoA,disabled,14156250000,2320312500,2406250000,2320312500,2445312500,2257812500,2273437500,2312500000,2296875000,2414062500,3520312499,3520312499,10
2025-10-02 14:30:27,11129,pairwise,PairwiseVerletLists,1.000000,vlp_c08,none,SoA,enabled,13476562500,2070312500,1914062500,1726562500,1867187500,1882812500,1929687500,1492187500,2000000000,1765625000,3012499999,3012499999,10
2025-10-02 14:32:56,15009,pairwise,LinkedCells,1.000000,lc_c01,none,AoS,disabled,515625000,421875000,718750000,781250000,718750000,406250000,656250000,593750000,437500000,484375000,573437499,573437499,10
2025-10-02 14:32:56,15019,pairwise,LinkedCells,1.000000,lc_c01,none,SoA,disabled,812500000,796875000,1125000000,1093750000,703125000,1171875000,906250000,984375000,1078125000,1109375000,978124999,978124999,10
2025-10-02 14:32:56,15029,pairwise,LinkedCells,1.000000,lc_c01_combined_SoA,none,SoA,disabled,1093750000,828125000,828125000,921875000,1031250000,984375000,1000000000,1000000000,1109375000,1187500000,998437499,998437499,10
2025-10-02 14:32:56,15039,pairwise,LinkedCells,1.000000,lc_c04,none,AoS,disabled,0,109375000,359375000,171875000,0,0,0,265625000,343750000,234375000,148437499,148437499,10
2025-10-02 14:32:56,15049,pairwise,LinkedCells,1.000000,lc_c04,none,AoS,enabled,390625000,250000000,312500000,171875000,218750000,515625000,156250000,218750000,156250000,0,239062499,239062499,10
2025-10-02 14:32:56,15059,pairwise,LinkedCells,1.000000,lc_c04,none,SoA,disabled,843750000,718750000,890625000,718750000,718750000,281250000,859375000,859375000,562500000,640625000,709374999,709374999,10
2025-10-02 14:32:56,15069,pairwise,LinkedCells,1.000000,lc_c04,none,SoA,enabled,859375000,671875000,375000000,578125000,984375000,828125000,1343750000,812500000,875000000,703125000,803125000,803125000,10
2025-10-02 14:32:56,15079,pairwise,LinkedCells,1.000000,lc_c04_HCP,none,AoS,disabled,546875000,390625000,218750000,359375000,437500000,421875000,156250000,750000000,218750000,515625000,401562499,401562499,10
2025-10-02 14:32:56,15089,pairwise,LinkedCells,1.000000,lc_c04_HCP,none,AoS,enabled,390625000,484375000,0,0,140625000,343750000,281250000,218750000,281250000,171875000,231249999,231249999,10
2025-10-02 14:32:56,15099,pairwise,LinkedCells,1.000000,lc_c04_HCP,none,SoA,disabled,859375000,609375000,1093750000,750000000,828125000,1187500000,828125000,500000000,1093750000,875000000,862499999,862499999,10
2025-10-02 14:32:56,15109,pairwise,LinkedCells,1.000000,lc_c04_HCP,none,SoA,enabled,703125000,593750000,921875000,750000000,453125000,1187500000,953125000,734375000,812500000,890625000,799999999,799999999,10
2025-10-02 14:32:56,15119,pairwise,LinkedCells,1.000000,lc_c04_combined_SoA,none,SoA,disabled,1265625000,1093750000,1203125000,1171875000,890625000,1328125000,1078125000,1234375000,1156250000,1328125000,1174999999,1174999999,10
2025-10-02 14:32:56,15129,pairwise,LinkedCells,1.000000,lc_c04_combined_SoA,none,SoA,enabled,1031250000,921875000,1265625000,1125000000,1203125000,1140625000,1375000000,1078125000,937500000,1281250000,1135937499,1135937499,10
2025-10-02 14:32:56,15139,pairwise,LinkedCells,1.000000,lc_c08,none,AoS,disabled,1015625000,484375000,500000000,796875000,781250000,765625000,796875000,734375000,562500000,718750000,715624999,715624999,10
2025-10-02 14:32:56,15149,pairwise,LinkedCells,1.000000,lc_c08,none,AoS,enabled,687500000,500000000,812500000,890625000,671875000,843750000,718750000,859375000,703125000,703125000,739062499,739062499,10
2025-10-02 14:32:56,15159,pairwise,LinkedCells,1.000000,lc_c08,none,SoA,disabled,1000000000,1156250000,1250000000,1421875000,1390625000,1343750000,1375000000,984375000,968750000,1203125000,1209374999,1209374999,10
2025-10-02 14:32:56,15169,pairwise,LinkedCells,1.000000,lc_c08,none,SoA,enabled,1281250000,1468750000,1484375000,1390625000,718750000,1250000000,1421875000,1156250000,1109375000,1609375000,1289062499,1289062499,10
2025-10-02 14:32:56,15179,pairwise,LinkedCells,1.000000,lc_c18,none,AoS,disabled,984375000,812500000,890625000,875000000,687500000,656250000,828125000,625000000,734375000,562500000,765624999,765624999,10
2025-10-02 14:32:56,15189,pairwise,LinkedCells,1.000000,lc_c18,none,AoS,enabled,703125000,859375000,890625000,750000000,453125000,812500000,781250000,500000000,937500000,750000000,743749999,743749999,10
2025-10-02 14:32:56,15199,pairwise,LinkedCells,1.000000,lc_c18,none,SoA,disabled,984375000,1234375000,687500000,765625000,1062500000,1328125000,968750000,906250000,1109375000,828125000,987499999,987499999,10
2025-10-02 14:32:56,15209,pairwise,LinkedCells,1.000000,lc_c18,none,SoA,enabled,703125000,1406250000,1375000000,1078125000,1156250000,859375000,687500000,875000000,1109375000,1078125000,1032812499,1032812499,10
2025-10-02 14:32:56,15219,pairwise,LinkedCells,1.000000,lc_sliced,none,AoS,disabled,609375000,406250000,343750000,171875000,0,0,140625000,500000000,0,0,217187499,217187499,10
2025-10-02 14:32:56,15229,pairwise,LinkedCells,1.000000,lc_sliced,none,AoS,enabled,218750000,156250000,0,0,250000000,281250000,234375000,171875000,0,500000000,181249999,181249999,10
2025-10-02 14:32:56,15239,pairwise,LinkedCells,1.000000,lc_sliced,none,SoA,disabled,656250000,390625000,906250000,578125000,718750000,640625000,859375000,921875000,953125000,703125000,732812499,732812499,10
2025-10-02 14:32:56,15249,pairwise,LinkedCells,1.000000,lc_sliced,none,SoA,enabled,781250000,703125000,937500000,781250000,703125000,687500000,968750000,781250000,656250000,734375000,773437499,773437499,10
2025-10-02 14:32:56,15259,pairwise,LinkedCells,1.000000,lc_sliced_balanced,none,AoS,disabled,218750000,0,0,0,218750000,0,0,0,375000000,140625000,95312499,95312499,10
2025-10-02 14:32:56,15269,pairwise,LinkedCells,1.000000,lc_sliced_balanced,none,AoS,enabled,546875000,218750000,156250000,187500000,328125000,0,187500000,546875000,343750000,171875000,268749999,268749999,10
2025-10-02 14:32:56,15279,pairwise,LinkedCells,1.000000,lc_sliced_balanced,none,SoA,disabled,968750000,671875000,843750000,1046875000,593750000,796875000,437500000,562500000,671875000,859375000,745312499,745312499,10
2025-10-02 14:32:56,15289,pairwise,LinkedCells,1.000000,lc_sliced_balanced,none,SoA,enabled,531250000,500000000,546875000,625000000,656250000,656250000,546875000,828125000,734375000,718750000,634374999,634374999,10
2025-10-02 14:32:56,15299,pairwise,LinkedCells,1.000000,lc_sliced_balanced,squared-particles-per-cell,AoS,disabled,140625000,109375000,203125000,484375000,421875000,500000000,140625000,125000000,531250000,218750000,287499999,287499999,10
2025-10-02 14:32:56,15309,pairwise,LinkedCells,1.000000,lc_sliced_balanced,squared-particles-per-cell,AoS,enabled,578125000,328125000,343750000,531250000,359375000,375000000,234375000,78125000,437500000,546875000,381250000,381250000,10
2025-10-02 14:32:56,15319,pairwise,LinkedCells,1.000000,lc_sliced_balanced,squared-particles-per-cell,SoA,disabled,1031250000,953125000,1234375000,1312500000,1281250000,1203125000,1109375000,1140625000,781250000,1593750000,1164062499,1164062499,10
2025-10-02 14:32:56,15329,pairwise,LinkedCells,1.000000,lc_sliced_balanced,squared-particles-per-cell,SoA,enabled,1046875000,1125000000,1000000000,1203125000,1062500000,1281250000,1171875000,1000000000,1156250000,1140625000,1118749999,1118749999,10
2025-10-02 14:32:56,15339,pairwise,LinkedCells,1.000000,lc_sliced_c02,none,AoS,disabled,140625000,125000000,218750000,0,156250000,218750000,140625000,0,187500000,156250000,134374999,134374999,10
2025-10-02 14:32:56,15349,pairwise,LinkedCells,1.000000,lc_sliced_c02,none,AoS,enabled,562500000,0,0,0,234375000,187500000,218750000,171875000,218750000,0,159374999,159374999,10
2025-10-02 14:32:56,15359,pairwise,LinkedCells,1.000000,lc_sliced_c02,none,SoA,disabled,937500000,578125000,828125000,765625000,656250000,656250000,734375000,734375000,703125000,812500000,740625000,740625000,10
2025-10-02 14:32:56,15369,pairwise,LinkedCells,1.000000,lc_sliced_c02,none,SoA,enabled,859375000,406250000,546875000,656250000,750000000,609375000,640625000,843750000,1000000000,718750000,703124999,703124999,10
2025-10-02 14:32:56,15379,pairwise,VerletClusterLists,1.000000,vcl_c01_balanced,none,AoS,disabled,0,0,0,0,0,0,0,0,0,0,0,0,10
2025-10-02 14:32:56,15389,pairwise,VerletClusterLists,1.000000,vcl_c01_balanced,none,SoA,disabled,0,0,0,0,0,0,171875000,0,0,0,17187499,17187499,10
2025-10-02 14:32:56,15399,pairwise,VerletClusterLists,1.000000,vcl_c06,none,AoS,disabled,0,0,0,0,0,0,0,0,0,0,0,0,10
2025-10-02 14:32:56,15409,pairwise,VerletClusterLists,1.000000,vcl_c06,none,AoS,enabled,0,281250000,0,0,0,0,0,0,0,0,28125000,28125000,10
2025-10-02 14:32:56,15419,pairwise,VerletClusterLists,1.000000,vcl_c06,none,SoA,disabled,0,0,0,0,218750000,0,0,0,0,0,21874999,21874999,10
2025-10-02 14:32:56,15429,pairwise,VerletClusterLists,1.000000,vcl_c06,none,SoA,enabled,296875000,0,0,0,0,218750000,0,0,0,0,51562499,51562499,10
2025-10-02 14:32:56,15439,pairwise,VerletClusterLists,1.000000,vcl_sliced,none,AoS,disabled,0,0,0,0,0,0,0,218750000,0,0,21874999,21874999,10
2025-10-02 14:32:56,15449,pairwise,VerletClusterLists,1.000000,vcl_sliced,none,AoS,enabled,0,296875000,0,0,0,156250000,0,0,0,0,45312499,45312499,10
2025-10-02 14:32:56,15459,pairwise,VerletClusterLists,1.000000,vcl_sliced,none,SoA,disabled,0,0,140625000,0,0,0,0,0,0,0,14062500,14062500,10
2025-10-02 14:32:56,15469,pairwise,VerletClusterLists,1.000000,vcl_sliced,none,SoA,enabled,0,0,0,0,0,265625000,140625000,0,0,0,40624999,40624999,10
2025-10-02 14:32:56,15479,pairwise,VerletClusterLists,1.000000,vcl_sliced_balanced,none,AoS,disabled,0,0,0,0,0,187500000,0,0,0,0,18749999,18749999,10
2025-10-02 14:32:56,15489,pairwise,VerletClusterLists,1.000000,vcl_sliced_balanced,none,AoS,enabled,0,125000000,0,0,0,0,281250000,0,0,0,40624999,40624999,10
2025-10-02 14:32:56,15499,pairwise,VerletClusterLists,1.000000,vcl_sliced_balanced,none,SoA,disabled,0,0,0,250000000,0,0,0,0,0,0,24999999,24999999,10
2025-10-02 14:32:56,15509,pairwise,VerletClusterLists,1.000000,vcl_sliced_balanced,none,SoA,enabled,0,0,0,0,0,0,0,0,0,203125000,20312499,20312499,10
2025-10-02 14:32:56,15519,pairwise,VerletClusterLists,1.000000,vcl_sliced_balanced,neighbor-list-length,AoS,disabled,0,0,0,0,0,0,0,0,0,171875000,17187499,17187499,10
2025-10-02 14:32:56,15529,pairwise,VerletClusterLists,1.000000,vcl_sliced_balanced,neighbor-list-length,AoS,enabled,0,0,0,0,0,0,0,0,0,0,0,0,10
2025-10-02 14:32:56,15539,pairwise,VerletClusterLists,1.000000,vcl_sliced_balanced,neighbor-list-length,SoA,disabled,0,0,0,0,0,0,0,0,0,0,0,0,10
2025-10-02 14:32:56,15549,pairwise,VerletClusterLists,1.000000,vcl_sliced_balanced,neighbor-list-length,SoA,enabled,187500000,0,0,0,0,0,0,0,0,0,18750000,18750000,10
2025-10-02 14:32:56,15559,pairwise,VerletClusterLists,1.000000,vcl_sliced_c02,none,AoS,disabled,250000000,0,0,0,0,0,0,0,0,250000000,49999999,49999999,10
2025-10-02 14:32:56,15569,pairwise,VerletClusterLists,1.000000,vcl_sliced_c02,none,AoS,enabled,0,0,0,0,0,0,0,0,0,0,0,0,10
2025-10-02 14:32:56,15579,pairwise,VerletClusterLists,1.000000,vcl_sliced_c02,none,SoA,disabled,343750000,0,0,0,109375000,0,0,0,0,0,45312499,45312499,10
2025-10-02 14:32:56,15589,pairwise,VerletClusterLists,1.000000,vcl_sliced_c02,none,SoA,enabled,0,0,0,0,0,0,0,0,0,0,0,0,10
2025-10-02 14:32:56,15599,pairwise,VerletLists,1.000000,vl_list_iteration,none,AoS,disabled,1515625000,0,0,0,0,0,0,0,0,0,151562500,151562500,10
2025-10-02 14:32:56,15609,pairwise,VerletLists,1.000000,vl_list_iteration,none,SoA,disabled,2765625000,828125000,390625000,562500000,640625000,515625000,437500000,515625000,703125000,343750000,770312499,770312499,10
2025-10-02 14:32:57,15619,pairwise,VerletListsCells,1.000000,vlc_c01,none,AoS,disabled,8718750000,500000000,781250000,500000000,484375000,671875000,609375000,500000000,609375000,671875000,1404687499,1404687499,10
2025-10-02 14:32:57,15629,pairwise,VerletListsCells,1.000000,vlc_c01,none,SoA,disabled,10875000000,1453125000,1125000000,1218750000,1218750000,1296875000,1265625000,1390625000,1250000000,1328125000,2242187499,2242187499,10
2025-10-02 14:32:57,15639,pairwise,VerletListsCells,1.000000,vlc_c18,none,AoS,disabled,5843750000,687500000,875000000,625000000,546875000,734375000,828125000,687500000,750000000,687500000,1226562499,1226562499,10
2025-10-02 14:32:57,15649,pairwise,VerletListsCells,1.000000,vlc_c18,none,AoS,enabled,5968750000,750000000,703125000,640625000,781250000,453125000,765625000,796875000,765625000,515625000,1214062499,1214062499,10
2025-10-02 14:32:57,15659,pairwise,VerletListsCells,1.000000,vlc_c18,none,SoA,disabled,7656250000,1250000000,1062500000,1343750000,1437500000,1171875000,1156250000,1468750000,1531250000,1328125000,1940624999,1940624999,10
2025-10-02 14:32:57,15669,pairwise,VerletListsCells,1.000000,vlc_c18,none,SoA,enabled,6890625000,1468750000,1296875000,1187500000,1296875000,1265625000,1453125000,1718750000,1296875000,1484375000,1935937499,1935937499,10
2025-10-02 14:32:57,15679,pairwise,VerletListsCells,1.000000,vlc_c08,none,AoS,disabled,4078125000,687500000,812500000,546875000,859375000,500000000,656250000,468750000,687500000,625000000,992187499,992187499,10
2025-10-02 14:32:57,15689,pairwise,VerletListsCells,1.000000,vlc_c08,none,AoS,enabled,4171875000,968750000,812500000,593750000,546875000,578125000,765625000,578125000,718750000,578125000,1031249999,1031249999,10
2025-10-02 14:32:57,15699,pairwise,VerletListsCells,1.000000,vlc_c08,none,SoA,disabled,5718750000,1156250000,1328125000,1593750000,1281250000,1171875000,1203125000,1359375000,1281250000,1578125000,1767187500,1767187500,10
2025-10-02 14:32:57,15709,pairwise,VerletListsCells,1.000000,vlc_c08,none,SoA,enabled,5734375000,1296875000,1296875000,1187500000,1265625000,1406250000,1281250000,1265625000,1453125000,1156250000,1734374999,1734374999,10
2025-10-02 14:32:57,15719,pairwise,VerletListsCells,1.000000,vlc_sliced,none,AoS,disabled,4937500000,0,218750000,0,0,0,0,0,0,0,515624999,515624999,10
2025-10-02 14:32:57,15729,pairwise,VerletListsCells,1.000000,vlc_sliced,none,AoS,enabled,4937500000,0,0,156250000,0,0,0,0,0,0,509374999,509374999,10
2025-10-02 14:32:57,15739,pairwise,VerletListsCells,1.000000,vlc_sliced,none,SoA,disabled,6875000000,796875000,781250000,593750000,796875000,968750000,937500000,515625000,906250000,859375000,1403124999,1403124999,10
2025-10-02 14:32:57,15749,pairwise,VerletListsCells,1.000000,vlc_sliced,none,SoA,enabled,6968750000,375000000,687500000,687500000,828125000,796875000,671875000,718750000,828125000,843750000,1340624999,1340624999,10
2025-10-02 14:32:57,15759,pairwise,VerletListsCells,1.000000,vlc_sliced_balanced,none,AoS,disabled,5406250000,0,0,0,0,0,0,0,156250000,0,556249999,556249999,10
2025-10-02 14:32:57,15769,pairwise,VerletListsCells,1.000000,vlc_sliced_balanced,none,AoS,enabled,5031250000,0,0,203125000,0,0,0,140625000,0,140625000,551562499,551562499,10
2025-10-02 14:32:57,15779,pairwise,VerletListsCells,1.000000,vlc_sliced_balanced,none,SoA,disabled,7187500000,859375000,656250000,609375000,734375000,375000000,609375000,906250000,781250000,1156250000,1387499999,1387499999,10
2025-10-02 14:32:57,15789,pairwise,VerletListsCells,1.000000,vlc_sliced_balanced,none,SoA,enabled,6734375000,750000000,921875000,687500000,796875000,640625000,578125000,734375000,875000000,859375000,1357812499,1357812499,10
2025-10-02 14:32:57,15799,pairwise,VerletListsCells,1.000000,vlc_sliced_balanced,squared-particles-per-cell,AoS,disabled,5140625000,0,140625000,0,0,93750000,0,187500000,0,0,556250000,556250000,10
2025-10-02 14:32:57,15809,pairwise,VerletListsCells,1.000000,vlc_sliced_balanced,squared-particles-per-cell,AoS,enabled,5109375000,234375000,171875000,0,0,0,0,0,0,0,551562499,551562499,10
2025-10-02 14:32:57,15819,pairwise,VerletListsCells,1.000000,vlc_sliced_balanced,squared-particles-per-cell,SoA,disabled,6468750000,921875000,703125000,750000000,718750000,828125000,875000000,921875000,656250000,656250000,1350000000,1350000000,10
2025-10-02 14:32:57,15829,pairwise,VerletListsCells,1.000000,vlc_sliced_balanced,squared-particles-per-cell,SoA,enabled,6718750000,656250000,609375000,812500000,843750000,687500000,828125000,640625000,515625000,703125000,1301562499,1301562499,10
2025-10-02 14:32:57,15839,pairwise,VerletListsCells,1.000000,vlc_sliced_balanced,neighbor-list-length,AoS,disabled,5296875000,0,0,0,0,234375000,250000000,203125000,0,0,598437499,598437499,10
2025-10-02 14:32:57,15849,pairwise,VerletListsCells,1.000000,vlc_sliced_balanced,neighbor-list-length,AoS,enabled,5015625000,0,0,0,0,0,468750000,0,0,0,548437499,548437499,10
2025-10-02 14:32:57,15859,pairwise,VerletListsCells,1.000000,vlc_sliced_balanced,neighbor-list-length,SoA,disabled,6500000000,468750000,718750000,750000000,921875000,593750000,593750000,859375000,578125000,531250000,1251562499,1251562499,10
2025-10-02 14:32:57,15869,pairwise,VerletListsCells,1.000000,vlc_sliced_balanced,neighbor-list-length,SoA,enabled,6968750000,578125000,515625000,531250000,671875000,765625000,750000000,921875000,656250000,703125000,1306249999,1306249999,10
2025-10-02 14:32:57,15879,pairwise,VerletListsCells,1.000000,vlc_sliced_c02,none,AoS,disabled,4671875000,281250000,0,0,0,0,0,0,0,0,495312500,495312500,10
2025-10-02 14:32:57,15889,pairwise,VerletListsCells,1.000000,vlc_sliced_c02,none,AoS,enabled,5125000000,125000000,0,0,0,0,0,0,0,0,524999999,524999999,10
2025-10-02 14:32:57,15899,pairwise,VerletListsCells,1.000000,vlc_sliced_c02,none,SoA,disabled,6500000000,609375000,687500000,906250000,593750000,812500000,703125000,828125000,843750000,750000000,1323437499,1323437499,10
2025-10-02 14:32:58,15909,pairwise,VerletListsCells,1.000000,vlc_sliced_c02,none,SoA,enabled,6781250000,906250000,484375000,484375000,875000000,687500000,640625000,718750000,703125000,921875000,1320312499,1320312499,10
2025-10-02 14:32:58,15919,pairwise,PairwiseVerletLists,1.000000,vlp_c01,none,AoS,disabled,6218750000,593750000,734375000,734375000,875000000,515625000,656250000,734375000,781250000,671875000,1251562499,1251562499,10
2025-10-02 14:32:58,15929,pairwise,PairwiseVerletLists,1.000000,vlp_c01,none,SoA,disabled,11296875000,1421875000,1468750000,1562500000,1265625000,1390625000,1265625000,1265625000,1218750000,1453125000,2360937499,2360937499,10
2025-10-02 14:32:58,15939,pairwise,PairwiseVerletLists,1.000000,vlp_c18,none,AoS,disabled,5734375000,687500000,703125000,718750000,890625000,843750000,718750000,1000000000,671875000,828125000,1279687499,1279687499,10
2025-10-02 14:32:58,15949,pairwise,PairwiseVerletLists,1.000000,vlp_c18,none,AoS,enabled,6187500000,875000000,687500000,671875000,1046875000,1015625000,890625000,843750000,921875000,937500000,1407812499,1407812499,10
2025-10-02 14:32:58,15959,pairwise,PairwiseVerletLists,1.000000,vlp_c18,none,SoA,disabled,13671875000,1671875000,1546875000,1625000000,1453125000,1484375000,1625000000,1484375000,1734375000,1609375000,2790624999,2790624999,10
2025-10-02 14:32:58,15969,pairwise,PairwiseVerletLists,1.000000,vlp_c18,none,SoA,enabled,13109375000,1578125000,1953125000,1343750000,1406250000,1437500000,1453125000,1500000000,1421875000,1687500000,2689062500,2689062500,10
2025-10-02 14:32:58,15979,pairwise,PairwiseVerletLists,1.000000,vlp_sliced,none,AoS,disabled,5406250000,406250000,515625000,421875000,312500000,406250000,406250000,500000000,234375000,203125000,881249999,881249999,10
2025-10-02 14:32:58,15989,pairwise,PairwiseVerletLists,1.000000,vlp_sliced,none,AoS,enabled,5296875000,125000000,578125000,375000000,515625000,484375000,484375000,375000000,328125000,218750000,878124999,878124999,10
2025-10-02 14:32:58,15999,pairwise,PairwiseVerletLists,1.000000,vlp_sliced,none,SoA,disabled,13000000000,1093750000,984375000,1109375000,1109375000,1062500000,1187500000,1031250000,1109375000,1234375000,2292187499,2292187499,10
2025-10-02 14:32:58,16009,pairwise,PairwiseVerletLists,1.000000,vlp_sliced,none,SoA,enabled,12734375000,1062500000,1140625000,906250000,1390625000,921875000,859375000,1140625000,812500000,1093750000,2206249999,2206249999,10
2025-10-02 14:32:58,16019,pairwise,PairwiseVerletLists,1.000000,vlp_sliced_balanced,none,AoS,disabled,5531250000,375000000,0,156250000,140625000,203125000,421875000,203125000,296875000,187500000,751562499,751562499,10
2025-10-02 14:32:58,16029,pairwise,PairwiseVerletLists,1.000000,vlp_sliced_balanced,none,AoS,enabled,5156250000,546875000,484375000,468750000,0,312500000,703125000,406250000,515625000,203125000,879687499,879687499,10
2025-10-02 14:32:58,16039,pairwise,PairwiseVerletLists,1.000000,vlp_sliced_balanced,none,SoA,disabled,13046875000,1125000000,953125000,1234375000,1187500000,1218750000,1140625000,984375000,1203125000,1093750000,2318749999,2318749999,10
2025-10-02 14:32:58,16049,pairwise,PairwiseVerletLists,1.000000,vlp_sliced_balanced,none,SoA,enabled,12750000000,1281250000,984375000,890625000,1171875000,1015625000,1031250000,1187500000,1203125000,1203125000,2271874999,2271874999,10
2025-10-02 14:32:58,16059,pairwise,PairwiseVerletLists,1.000000,vlp_sliced_c02,none,AoS,disabled,5515625000,671875000,437500000,359375000,171875000,437500000,156250000,250000000,390625000,359375000,875000000,875000000,10
2025-10-02 14:32:58,16069,pairwise,PairwiseVerletLists,1.000000,vlp_sliced_c02,none,AoS,enabled,5218750000,500000000,390625000,375000000,406250000,140625000,156250000,359375000,375000000,437500000,835937499,835937499,10
2025-10-02 14:32:58,16079,pairwise,PairwiseVerletLists,1.000000,vlp_sliced_c02,none,SoA,disabled,13562500000,1125000000,1015625000,1062500000,968750000,1250000000,1093750000,1218750000,1156250000,1187500000,2364062499,2364062499,10
2025-10-02 14:32:58,16089,pairwise,PairwiseVerletLists,1.000000,vlp_sliced_c02,none,SoA,enabled,13125000000,1093750000,953125000,1062500000,1250000000,1109375000,1187500000,750000000,1093750000,1031250000,2265624999,2265624999,10
2025-10-02 14:32:58,16099,pairwise,PairwiseVerletLists,1.000000,vlp_c08,none,AoS,disabled,6921875000,1437500000,1484375000,1312500000,1484375000,1406250000,1343750000,1265625000,1375000000,1171875000,1920312499,1920312499,10
2025-10-02 14:32:58,16109,pairwise,PairwiseVerletLists,1.000000,vlp_c08,none,AoS,enabled,6312500000,1328125000,796875000,1187500000,1015625000,1015625000,953125000,812500000,1156250000,1218750000,1579687499,1579687499,10
2025-10-02 14:32:59,16119,pairwise,PairwiseVerletLists,1.000000,vlp_c08,none,SoA,disabled,14796875000,2546875000,2406250000,2640625000,2484375000,2718750000,2406250000,2421875000,2359375000,2531250000,3731249999,3731249999,10
2025-10-02 14:32:59,16129,pairwise,PairwiseVerletLists,1.000000,vlp_c08,none,SoA,enabled,13296875000,1796875000,1703125000,1781250000,1921875000,1656250000,1828125000,1718750000,1593750000,1703125000,2899999999,2899999999,10
2025-10-02 14:35:28,20009,pairwise,LinkedCells,1.000000,lc_c01,none,AoS,disabled,640625000,578125000,718750000,687500000,671875000,765625000,734375000,765625000,562500000,468750000,659374999,659374999,10
2025-10-02 14:35:28,20019,pairwise,LinkedCells,1.000000,lc_c01,none,SoA,disabled,906250000,1203125000,937500000,921875000,1156250000,1062500000,953125000,937500000,890625000,1140625000,1010937499,1010937499,10
2025-10-02 14:35:28,20029,pairwise,LinkedCells,1.000000,lc_c01_combined_SoA,none,SoA,disabled,1078125000,796875000,968750000,906250000,937500000,1171875000,1000000000,828125000,953125000,1093750000,973437499,973437499,10
2025-10-02 14:35:28,20039,pairwise,LinkedCells,1.000000,lc_c04,none,AoS,disabled,0,0,375000000,265625000,0,0,0,0,515625000,421875000,157812499,157812499,10
2025-10-02 14:35:28,20049,pairwise,LinkedCells,1.000000,lc_c04,none,AoS,enabled,484375000,328125000,468750000,406250000,531250000,328125000,234375000,0,0,0,278124999,278124999,10
2025-10-02 14:35:28,20059,pairwise,LinkedCells,1.000000,lc_c04,none,SoA,disabled,640625000,765625000,1171875000,687500000,859375000,906250000,656250000,937500000,890625000,656250000,817187499,817187499,10
2025-10-02 14:35:28,20069,pairwise,LinkedCells,1.000000,lc_c04,none,SoA,enabled,468750000,859375000,703125000,859375000,500000000,812500000,812500000,890625000,859375000,937500000,770312499,770312499,10
2025-10-02 14:35:28,20079,pairwise,LinkedCells,1.000000,lc_c04_HCP,none,AoS,disabled,171875000,0,0,234375000,0,0,0,312500000,0,500000000,121874999,121874999,10
2025-10-02 14:35:28,20089,pairwise,LinkedCells,1.000000,lc_c04_HCP,none,AoS,enabled,406250000,515625000,281250000,234375000,515625000,187500000,453125000,218750000,500000000,312500000,362499999,362499999,10
2025-10-02 14:35:28,20099,pairwise,LinkedCells,1.000000,lc_c04_HCP,none,SoA,disabled,1062500000,656250000,593750000,765625000,828125000,859375000,875000000,921875000,1015625000,750000000,832812499,832812499,10
2025-10-02 14:35:28,20109,pairwise,LinkedCells,1.000000,lc_c04_HCP,none,SoA,enabled,1031250000,781250000,656250000,1046875000,562500000,531250000,1015625000,625000000,828125000,921875000,799999999,799999999,10
2025-10-02 14:35:28,20119,pairwise,LinkedCells,1.000000,lc_c04_combined_SoA,none,SoA,disabled,1125000000,984375000,1296875000,968750000,1265625000,1156250000,1218750000,937500000,1203125000,671875000,1082812500,1082812500,10
2025-10-02 14:35:28,20129,pairwise,LinkedCells,1.000000,lc_c04_combined_SoA,none,SoA,enabled,515625000,796875000,1093750000,1375000000,1046875000,1046875000,890625000,1015625000,875000000,718750000,937500000,937500000,10
2025-10-02 14:35:28,20139,pairwise,LinkedCells,1.000000,lc_c08,none,AoS,disabled,500000000,765625000,890625000,875000000,421875000,828125000,796875000,687500000,546875000,687500000,699999999,699999999,10
2025-10-02 14:35:28,20149,pairwise,LinkedCells,1.000000,lc_c08,none,AoS,enabled,453125000,703125000,859375000,468750000,671875000,453125000,609375000,500000000,750000000,703125000,617187499,617187499,10
2025-10-02 14:35:28,20159,pairwise,LinkedCells,1.000000,lc_c08,none,SoA,disabled,828125000,828125000,1046875000,1078125000,1093750000,1218750000,1375000000,1031250000,1250000000,1140625000,1089062499,1089062499,10
2025-10-02 14:35:28,20169,pairwise,LinkedCells,1.000000,lc_c08,none,SoA,enabled,843750000,1437500000,1203125000,984375000,1187500000,1765625000,1328125000,1390625000,1375000000,1406250000,1292187499,1292187499,10
2025-10-02 14:35:28,20179,pairwise,LinkedCells,1.000000,lc_c18,none,AoS,disabled,875000000,812500000,859375000,812500000,875000000,890625000,718750000,781250000,828125000,593750000,804687500,804687500,10
2025-10-02 14:35:28,20189,pairwise,LinkedCells,1.000000,lc_c18,none,AoS,enabled,656250000,640625000,812500000,421875000,734375000,781250000,515625000,984375000,859375000,609375000,701562499,701562499,10
2025-10-02 14:35:28,20199,pairwise,LinkedCells,1.000000,lc_c18,none,SoA,disabled,812500000,890625000,828125000,953125000,796875000,875000000,843750000,734375000,906250000,1562500000,920312499,920312499,10
2025-10-02 14:35:28,20209,pairwise,LinkedCells,1.000000,lc_c18,none,SoA,enabled,1078125000,1078125000,1234375000,1015625000,984375000,750000000,1031250000,921875000,796875000,1125000000,1001562499,1001562499,10
2025-10-02 14:35:28,20219,pairwise,LinkedCells,1.000000,lc_sliced,none,AoS,disabled,0,125000000,109375000,140625000,78125000,0,140625000,421875000,156250000,187500000,135937499,135937499,10
2025-10-02 14:35:28,20229,pairwise,LinkedCells,1.000000,lc_sliced,none,AoS,enabled,0,109375000,234375000,0,125000000,0,390625000,0,375000000,187500000,142187499,142187499,10
2025-10-02 14:35:28,20239,pairwise,LinkedCells,1.000000,lc_sliced,none,SoA,disabled,765625000,859375000,640625000,421875000,703125000,671875000,796875000,890625000,671875000,562500000,698437499,698437499,10
2025-10-02 14:35:28,20249,pairwise,LinkedCells,1.000000,lc_sliced,none,SoA,enabled,734375000,734375000,968750000,921875000,546875000,1125000000,890625000,796875000,765625000,781250000,826562499,826562499,10
2025-10-02 14:35:28,20259,pairwise,LinkedCells,1.000000,lc_sliced_balanced,none,AoS,disabled,312500000,0,390625000,218750000,0,234375000,109375000,0,218750000,0,148437499,148437499,10
2025-10-02 14:35:28,20269,pairwise,LinkedCells,1.000000,lc_sliced_balanced,none,AoS,enabled,218750000,0,0,0,312500000,218750000,218750000,0,0,234375000,120312500,120312500,10
2025-10-02 14:35:28,20279,pairwise,LinkedCells,1.000000,lc_sliced_balanced,none,SoA,disabled,937500000,640625000,812500000,937500000,890625000,593750000,796875000,953125000,656250000,656250000,787499999,787499999,10
2025-10-02 14:35:28,20289,pairwise,LinkedCells,1.000000,lc_sliced_balanced,none,SoA,enabled,640625000,781250000,796875000,625000000,703125000,515625000,343750000,531250000,921875000,875000000,673437499,673437499,10
2025-10-02 14:35:28,20299,pairwise,LinkedCells,1.000000,lc_sliced_balanced,squared-particles-per-cell,AoS,disabled,437500000,453125000,453125000,375000000,390625000,312500000,453125000,343750000,234375000,187500000,364062499,364062499,10
2025-10-02 14:35:28,20309,pairwise,LinkedCells,1.000000,lc_sliced_balanced,squared-particles-per-cell,AoS,enabled,437500000,406250000,515625000,296875000,203125000,437500000,421875000,203125000,187500000,140625000,325000000,325000000,10
2025-10-02 14:35:29,20319,pairwise,LinkedCells,1.000000,lc_sliced_balanced,squared-particles-per-cell,SoA,disabled,1203125000,1265625000,1234375000,1187500000,1031250000,1109375000,1031250000,968750000,1187500000,1093750000,1131249999,1131249999,10
2025-10-02 14:35:29,20329,pairwise,LinkedCells,1.000000,lc_sliced_balanced,squared-particles-per-cell,SoA,enabled,1062500000,1234375000,1468750000,1265625000,937500000,984375000,1078125000,1000000000,921875000,1187500000,1114062499,1114062499,10
2025-10-02 14:35:29,20339,pairwise,LinkedCells,1.000000,lc_sliced_c02,none,AoS,disabled,0,375000000,218750000,125000000,187500000,468750000,187500000,250000000,250000000,203125000,226562499,226562499,10
2025-10-02 14:35:29,20349,pairwise,LinkedCells,1.000000,lc_sliced_c02,none,AoS,enabled,0,156250000,171875000,0,250000000,406250000,0,281250000,0,250000000,151562499,151562499,10
2025-10-02 14:35:29,20359,pairwise,LinkedCells,1.000000,lc_sliced_c02,none,SoA,disabled,781250000,703125000,515625000,375000000,609375000,671875000,562500000,812500000,562500000,828125000,642187499,642187499,10
2025-10-02 14:35:29,20369,pairwise,LinkedCells,1.000000,lc_sliced_c02,none,SoA,enabled,984375000,421875000,468750000,828125000,609375000,781250000,640625000,640625000,406250000,500000000,628124999,628124999,10
2025-10-02 14:35:29,20379,pairwise,VerletClusterLists,1.000000,vcl_c01_balanced,none,AoS,disabled,0,0,140625000,0,0,0,0,0,281250000,0,42187500,42187500,10
2025-10-02 14:35:29,20389,pairwise,VerletClusterLists,1.000000,vcl_c01_balanced,none,SoA,disabled,0,0,0,0,218750000,0,0,0,0,187500000,40624999,40624999,10
2025-10-02 14:35:29,20399,pairwise,VerletClusterLists,1.000000,vcl_c06,none,AoS,disabled,0,0,250000000,0,0,140625000,0,0,0,0,39062499,39062499,10
2025-10-02 14:35:29,20409,pairwise,VerletClusterLists,1.000000,vcl_c06,none,AoS,enabled,0,140625000,0,0,0,0,156250000,140625000,0,0,43749999,43749999,10
2025-10-02 14:35:29,20419,pairwise,VerletClusterLists,1.000000,vcl_c06,none,SoA,disabled,0,0,0,0,0,0,0,0,0,0,0,0,10
2025-10-02 14:35:29,20429,pairwise,VerletClusterLists,1.000000,vcl_c06,none,SoA,enabled,140625000,0,0,0,0,234375000,140625000,0,0,0,51562499,51562499,10
2025-10-02 14:35:29,20439,pairwise,VerletClusterLists,1.000000,vcl_sliced,none,AoS,disabled,0,0,0,0,0,203125000,0,0,0,0,20312499,20312499,10
2025-10-02 14:35:29,20449,pairwise,VerletClusterLists,1.000000,vcl_sliced,none,AoS,enabled,0,0,0,140625000,0,0,0,0,0,0,14062500,14062500,10
2025-10-02 14:35:29,20459,pairwise,VerletClusterLists,1.000000,vcl_sliced,none,SoA,disabled,296875000,0,0,0,0,0,0,0,0,218750000,51562499,51562499,10
2025-10-02 14:35:29,20469,pairwise,VerletClusterLists,1.000000,vcl_sliced,none,SoA,enabled,0,0,0,0,0,140625000,0,0,0,0,14062500,14062500,10
2025-10-02 14:35:29,20479,pairwise,VerletClusterLists,1.000000,vcl_sliced_balanced,none,AoS,disabled,0,0,0,171875000,0,187500000,0,0,0,0,35937499,35937499,10
2025-10-02 14:35:29,20489,pairwise,VerletClusterLists,1.000000,vcl_sliced_balanced,none,AoS,enabled,0,0,0,203125000,0,0,0,0,0,0,20312499,20312499,10
2025-10-02 14:35:29,20499,pairwise,VerletClusterLists,1.000000,vcl_sliced_balanced,none,SoA,disabled,0,0,0,0,0,0,0,0,203125000,0,20312499,20312499,10
2025-10-02 14:35:29,20509,pairwise,VerletClusterLists,1.000000,vcl_sliced_balanced,none,SoA,enabled,0,0,0,0,0,0,0,140625000,0,0,14062500,14062500,10
2025-10-02 14:35:29,20519,pairwise,VerletClusterLists,1.000000,vcl_sliced_balanced,neighbor-list-length,AoS,disabled,203125000,0,0,0,171875000,0,0,0,0,0,37499999,37499999,10
2025-10-02 14:35:29,20529,pairwise,VerletClusterLists,1.000000,vcl_sliced_balanced,neighbor-list-length,AoS,enabled,0,265625000,0,0,218750000,0,0,0,0,0,48437499,48437499,10
2025-10-02 14:35:29,20539,pairwise,VerletClusterLists,1.000000,vcl_sliced_balanced,neighbor-list-length,SoA,disabled,109375000,0,0,0,0,0,0,0,0,0,10937500,10937500,10
2025-10-02 14:35:29,20549,pairwise,VerletClusterLists,1.000000,vcl_sliced_balanced,neighbor-list-length,SoA,enabled,0,0,0,0,0,140625000,375000000,0,0,0,51562499,51562499,10
2025-10-02 14:35:29,20559,pairwise,VerletClusterLists,1.000000,vcl_sliced_c02,none,AoS,disabled,109375000,0,0,0,0,0,0,0,0,0,10937500,10937500,10
2025-10-02 14:35:29,20569,pairwise,VerletClusterLists,1.000000,vcl_sliced_c02,none,AoS,enabled,0,0,0,0,0,0,0,0,0,0,0,0,10
2025-10-02 14:35:29,20579,pairwise,VerletClusterLists,1.000000,vcl_sliced_c02,none,SoA,disabled,250000000,0,0,0,0,0,0,0,0,0,25000000,25000000,10
2025-10-02 14:35:29,20589,pairwise,VerletClusterLists,1.000000,vcl_sliced_c02,none,SoA,enabled,0,0,0,140625000,0,0,0,0,0,0,14062500,14062500,10
2025-10-02 14:35:29,20599,pairwise,VerletLists,1.000000,vl_list_iteration,none,AoS,disabled,1421875000,0,0,0,234375000,0,0,0,0,0,165624999,165624999,10
2025-10-02 14:35:29,20609,pairwise,VerletLists,1.000000,vl_list_iteration,none,SoA,disabled,2859375000,515625000,609375000,750000000,750000000,578125000,734375000,796875000,796875000,906250000,929687499,929687499,10
2025-10-02 14:35:29,20619,pairwise,VerletListsCells,1.000000,vlc_c01,none,AoS,disabled,9343750000,625000000,406250000,343750000,562500000,468750000,640625000,562500000,406250000,296875000,1365624999,1365624999,10
2025-10-02 14:35:29,20629,pairwise,VerletListsCells,1.000000,vlc_c01,none,SoA,disabled,10531250000,937500000,1296875000,984375000,1187500000,1125000000,1171875000,1078125000,1218750000,1218750000,2074999999,2074999999,10
2025-10-02 14:35:29,20639,pairwise,VerletListsCells,1.000000,vlc_c18,none,AoS,disabled,5750000000,656250000,953125000,625000000,812500000,1046875000,625000000,984375000,765625000,546875000,1276562499,1276562499,10
2025-10-02 14:35:29,20649,pairwise,VerletListsCells,1.000000,vlc_c18,none,AoS,enabled,5578125000,593750000,906250000,687500000,1171875000,562500000,859375000,781250000,703125000,640625000,1248437499,1248437499,10
2025-10-02 14:35:29,20659,pairwise,VerletListsCells,1.000000,vlc_c18,none,SoA,disabled,7406250000,1437500000,1406250000,1312500000,1328125000,1359375000,1281250000,1453125000,1109375000,1125000000,1921875000,1921875000,10
2025-10-02 14:35:29,20669,pairwise,VerletListsCells,1.000000,vlc_c18,none,SoA,enabled,7031250000,1406250000,1312500000,1453125000,1468750000,1453125000,1515625000,1093750000,1234375000,1468750000,1943749999,1943749999,10
2025-10-02 14:35:29,20679,pairwise,VerletListsCells,1.000000,vlc_c08,none,AoS,disabled,4359375000,531250000,906250000,625000000,765625000,796875000,546875000,687500000,843750000,390625000,1045312499,1045312499,10
2025-10-02 14:35:29,20689,pairwise,VerletListsCells,1.000000,vlc_c08,none,AoS,enabled,4046875000,656250000,812500000,984375000,796875000,593750000,656250000,671875000,656250000,828125000,1070312499,1070312499,10
2025-10-02 14:35:29,20699,pairwise,VerletListsCells,1.000000,vlc_c08,none,SoA,disabled,5437500000,1187500000,1296875000,1265625000,1390625000,1218750000,1046875000,1343750000,1406250000,1125000000,1671874999,1671874999,10
2025-10-02 14:35:29,20709,pairwise,VerletListsCells,1.000000,vlc_c08,none,SoA,enabled,5906250000,1265625000,1359375000,1218750000,1234375000,1078125000,1390625000,1109375000,1156250000,1578125000,1729687500,1729687500,10
2025-10-02 14:35:29,20719,pairwise,VerletListsCells,1.000000,vlc_sliced,none,AoS,disabled,4828125000,0,171875000,0,0,0,0,0,156250000,203125000,535937499,535937499,10
2025-10-02 14:35:29,20729,pairwise,VerletListsCells,1.000000,vlc_sliced,none,AoS,enabled,5296875000,0,265625000,0,0,250000000,0,0,0,0,581249999,581249999,10
2025-10-02 14:35:29,20739,pairwise,VerletListsCells,1.000000,vlc_sliced,none,SoA,disabled,6671875000,812500000,937500000,781250000,1015625000,515625000,562500000,953125000,578125000,593750000,1342187500,1342187500,10
2025-10-02 14:35:29,20749,pairwise,VerletListsCells,1.000000,vlc_sliced,none,SoA,enabled,6515625000,656250000,640625000,734375000,796875000,671875000,781250000,625000000,609375000,562500000,1259374999,1259374999,10
2025-10-02 14:35:29,20759,pairwise,VerletListsCells,1.000000,vlc_sliced_balanced,none,AoS,disabled,5125000000,0,156250000,0,187500000,0,0,0,234375000,0,570312499,570312499,10
2025-10-02 14:35:29,20769,pairwise,VerletListsCells,1.000000,vlc_sliced_balanced,none,AoS,enabled,5171875000,0,0,0,0,140625000,140625000,0,0,343750000,579687499,579687499,10
2025-10-02 14:35:29,20779,pairwise,VerletListsCells,1.000000,vlc_sliced_balanced,none,SoA,disabled,6937500000,656250000,656250000,640625000,1031250000,640625000,750000000,968750000,734375000,828125000,1384374999,1384374999,10
2025-10-02 14:35:29,20789,pairwise,VerletListsCells,1.000000,vlc_sliced_balanced,none,SoA,enabled,7046875000,671875000,609375000,703125000,921875000,468750000,734375000,906250000,875000000,937500000,1387499999,1387499999,10
2025-10-02 14:35:29,20799,pairwise,VerletListsCells,1.000000,vlc_sliced_balanced,squared-particles-per-cell,AoS,disabled,5250000000,0,0,0,0,265625000,93750000,0,328125000,187500000,612499999,612499999,10
2025-10-02 14:35:29,20809,pairwise,VerletListsCells,1.000000,vlc_sliced_balanced,squared-particles-per-cell,AoS,enabled,5265625000,0,0,0,0,0,0,0,0,0,526562500,526562500,10
2025-10-02 14:35:29,20819,pairwise,VerletListsCells,1.000000,vlc_sliced_balanced,squared-particles-per-cell,SoA,disabled,7250000000,859375000,765625000,843750000,765625000,1031250000,875000000,750000000,687500000,531250000,1435937499,1435937499,10
2025-10-02 14:35:29,20829,pairwise,VerletListsCells,1.000000,vlc_sliced_balanced,squared-particles-per-cell,SoA,enabled,6687500000,718750000,671875000,781250000,750000000,875000000,828125000,656250000,859375000,765625000,1359374999,1359374999,10
2025-10-02 14:35:29,20839,pairwise,VerletListsCells,1.000000,vlc_sliced_balanced,neighbor-list-length,AoS,disabled,4656250000,0,0,0,187500000,0,0,0,0,453125000,529687499,529687499,10
2025-10-02 14:35:30,20849,pairwise,VerletListsCells,1.000000,vlc_sliced_balanced,neighbor-list-length,AoS,enabled,4703125000,0,0,125000000,0,203125000,0,0,0,0,503124999,503124999,10
2025-10-02 14:35:30,20859,pairwise,VerletListsCells,1.000000,vlc_sliced_balanced,neighbor-list-length,SoA,disabled,6984375000,765625000,796875000,812500000,718750000,1000000000,703125000,781250000,843750000,890625000,1429687500,1429687500,10
2025-10-02 14:35:30,20869,pairwise,VerletListsCells,1.000000,vlc_sliced_balanced,neighbor-list-length,SoA,enabled,6937500000,593750000,656250000,765625000,875000000,531250000,640625000,734375000,609375000,515625000,1285937499,1285937499,10
2025-10-02 14:35:30,20879,pairwise,VerletListsCells,1.000000,vlc_sliced_c02,none,AoS,disabled,4546875000,140625000,0,0,156250000,0,0,0,0,0,484374999,484374999,10
2025-10-02 14:35:30,20889,pairwise,VerletListsCells,1.000000,vlc_sliced_c02,none,AoS,enabled,4875000000,0,171875000,0,187500000,0,0,0,0,0,523437499,523437499,10
2025-10-02 14:35:30,20899,pairwise,VerletListsCells,1.000000,vlc_sliced_c02,none,SoA,disabled,6765625000,828125000,593750000,640625000,796875000,937500000,843750000,515625000,640625000,890625000,1345312499,1345312499,10
2025-10-02 14:35:30,20909,pairwise,VerletListsCells,1.000000,vlc_sliced_c02,none,SoA,enabled,6671875000,593750000,640625000,484375000,765625000,375000000,640625000,968750000,593750000,546875000,1228124999,1228124999,10
2025-10-02 14:35:30,20919,pairwise,PairwiseVerletLists,1.000000,vlp_c01,none,AoS,disabled,6437500000,687500000,531250000,656250000,890625000,578125000,359375000,640625000,937500000,609375000,1232812499,1232812499,10
2025-10-02 14:35:30,20929,pairwise,PairwiseVerletLists,1.000000,vlp_c01,none,SoA,disabled,11359375000,1312500000,1406250000,1546875000,1437500000,1312500000,1453125000,1218750000,1718750000,1578125000,2434374999,2434374999,10
2025-10-02 14:35:30,20939,pairwise,PairwiseVerletLists,1.000000,vlp_c18,none,AoS,disabled,6125000000,812500000,937500000,906250000,843750000,937500000,968750000,796875000,859375000,890625000,1407812499,1407812499,10
2025-10-02 14:35:30,20949,pairwise,PairwiseVerletLists,1.000000,vlp_c18,none,AoS,enabled,6437500000,843750000,968750000,968750000,843750000,921875000,687500000,984375000,875000000,968750000,1449999999,1449999999,10
2025-10-02 14:35:30,20959,pairwise,PairwiseVerletLists,1.000000,vlp_c18,none,SoA,disabled,13125000000,1484375000,1531250000,1937500000,1593750000,1515625000,1406250000,1500000000,1546875000,1250000000,2689062499,2689062499,10
2025-10-02 14:35:30,20969,pairwise,PairwiseVerletLists,1.000000,vlp_c18,none,SoA,enabled,13390625000,1625000000,1375000000,1734375000,1687500000,1312500000,1750000000,1593750000,1546875000,1593750000,2760937499,2760937499,10
2025-10-02 14:35:30,20979,pairwise,PairwiseVerletLists,1.000000,vlp_sliced,none,AoS,disabled,5609375000,437500000,484375000,500000000,343750000,406250000,265625000,406250000,390625000,218750000,906249999,906249999,10
2025-10-02 14:35:30,20989,pairwise,PairwiseVerletLists,1.000000,vlp_sliced,none,AoS,enabled,5484375000,296875000,484375000,500000000,531250000,671875000,421875000,609375000,140625000,250000000,939062499,939062499,10
2025-10-02 14:35:30,20999,pairwise,PairwiseVerletLists,1.000000,vlp_sliced,none,SoA,disabled,12562500000,1125000000,1171875000,1250000000,1109375000,1484375000,984375000,968750000,859375000,1156250000,2267187499,2267187499,10
2025-10-02 14:35:30,21009,pairwise,PairwiseVerletLists,1.000000,vlp_sliced,none,SoA,enabled,12515625000,1281250000,1406250000,843750000,843750000,1015625000,1046875000,1187500000,1031250000,906250000,2207812500,2207812500,10
2025-10-02 14:35:30,21019,pairwise,PairwiseVerletLists,1.000000,vlp_sliced_balanced,none,AoS,disabled,5593750000,562500000,328125000,203125000,328125000,390625000,250000000,140625000,484375000,93750000,837499999,837499999,10
2025-10-02 14:35:30,21029,pairwise,PairwiseVerletLists,1.000000,vlp_sliced_balanced,none,AoS,enabled,5593750000,281250000,468750000,437500000,390625000,453125000,328125000,218750000,406250000,500000000,907812499,907812499,10
2025-10-02 14:35:30,21039,pairwise,PairwiseVerletLists,1.000000,vlp_sliced_balanced,none,SoA,disabled,13265625000,1062500000,921875000,1218750000,1015625000,1140625000,890625000,1156250000,718750000,828125000,2221874999,2221874999,10
2025-10-02 14:35:30,21049,pairwise,PairwiseVerletLists,1.000000,vlp_sliced_balanced,none,SoA,enabled,12890625000,1296875000,1000000000,906250000,1171875000,937500000,890625000,1031250000,1140625000,937500000,2220312499,2220312499,10
2025-10-02 14:35:30,21059,pairwise,PairwiseVerletLists,1.000000,vlp_sliced_c02,none,AoS,disabled,5343750000,343750000,343750000,421875000,359375000,328125000,125000000,531250000,437500000,406250000,864062499,864062499,10
2025-10-02 14:35:30,21069,pairwise,PairwiseVerletLists,1.000000,vlp_sliced_c02,none,AoS,enabled,5640625000,359375000,578125000,203125000,437500000,390625000,781250000,359375000,531250000,234375000,951562499,951562499,10
2025-10-02 14:35:31,21079,pairwise,PairwiseVerletLists,1.000000,vlp_sliced_c02,none,SoA,disabled,13250000000,1406250000,1437500000,1234375000,1000000000,1062500000,875000000,1093750000,1140625000,906250000,2340624999,2340624999,10
2025-10-02 14:35:31,21089,pairwise,PairwiseVerletLists,1.000000,vlp_sliced_c02,none,SoA,enabled,12609375000,1312500000,1234375000,1359375000,1218750000,1187500000,1031250000,1140625000,1125000000,1000000000,2321874999,2321874999,10
2025-10-02 14:35:31,21099,pairwise,PairwiseVerletLists,1.000000,vlp_c08,none,AoS,disabled,6312500000,1421875000,1484375000,1296875000,1453125000,1640625000,1296875000,1250000000,1156250000,1312500000,1862499999,1862499999,10
2025-10-02 14:35:31,21109,pairwise,PairwiseVerletLists,1.000000,vlp_c08,none,AoS,enabled,6250000000,1015625000,921875000,859375000,765625000,1125000000,1031250000,906250000,984375000,953125000,1481249999,1481249999,10
2025-10-02 14:35:31,21119,pairwise,PairwiseVerletLists,1.000000,vlp_c08,none,SoA,disabled,14062500000,2437500000,2687500000,2453125000,2531250000,2734375000,2500000000,2265625000,2468750000,2250000000,3639062499,3639062499,10
2025-10-02 14:35:31,21129,pairwise,PairwiseVerletLists,1.000000,vlp_c08,none,SoA,enabled,13500000000,2093750000,1890625000,1687500000,1937500000,1843750000,1640625000,1640625000,1625000000,1671875000,2953125000,2953125000,10
2025-10-02 14:39:10,25009,pairwise,LinkedCells,1.000000,lc_c01,none,AoS,disabled,593750000,656250000,687500000,875000000,656250000,468750000,500000000,500000000,656250000,812500000,640624999,640624999,10
2025-10-02 14:39:10,25019,pairwise,LinkedCells,1.000000,lc_c01,none,SoA,disabled,1093750000,1156250000,1125000000,1218750000,937500000,937500000,906250000,1250000000,1125000000,1125000000,1087499999,1087499999,10
2025-10-02 14:39:10,25029,pairwise,LinkedCells,1.000000,lc_c01_combined_SoA,none,SoA,disabled,1281250000,1343750000,1250000000,937500000,1312500000,1218750000,1093750000,1125000000,1000000000,1125000000,1168750000,1168750000,10
2025-10-02 14:39:10,25039,pairwise,LinkedCells,1.000000,lc_c04,none,AoS,disabled,218750000,0,0,0,156250000,0,281250000,375000000,156250000,218750000,140624999,140624999,10
2025-10-02 14:39:10,25049,pairwise,LinkedCells,1.000000,lc_c04,none,AoS,enabled,0,125000000,406250000,406250000,0,312500000,281250000,156250000,312500000,250000000,225000000,225000000,10
2025-10-02 14:39:10,25059,pairwise,LinkedCells,1.000000,lc_c04,none,SoA,disabled,750000000,375000000,437500000,843750000,437500000,1156250000,750000000,687500000,468750000,906250000,681249999,681249999,10
2025-10-02 14:39:10,25069,pairwise,LinkedCells,1.000000,lc_c04,none,SoA,enabled,718750000,843750000,656250000,593750000,906250000,812500000,781250000,500000000,437500000,718750000,696874999,696874999,10
2025-10-02 14:39:10,25079,pairwise,LinkedCells,1.000000,lc_c04_HCP,none,AoS,disabled,281250000,468750000,531250000,375000000,437500000,500000000,406250000,218750000,93750000,187500000,349999999,349999999,10
2025-10-02 14:39:10,25089,pairwise,LinkedCells,1.000000,lc_c04_HCP,none,AoS,enabled,187500000,0,0,156250000,562500000,187500000,0,0,312500000,218750000,162499999,162499999,10
2025-10-02 14:39:10,25099,pairwise,LinkedCells,1.000000,lc_c04_HCP,none,SoA,disabled,906250000,500000000,843750000,906250000,843750000,593750000,781250000,968750000,906250000,1093750000,834374999,834374999,10
2025-10-02 14:39:10,25109,pairwise,LinkedCells,1.000000,lc_c04_HCP,none,SoA,enabled,906250000,781250000,531250000,1250000000,687500000,1000000000,968750000,937500000,1000000000,750000000,881249999,881249999,10
2025-10-02 14:39:10,25119,pairwise,LinkedCells,1.000000,lc_c04_combined_SoA,none,SoA,disabled,843750000,1125000000,1343750000,1125000000,1062500000,1156250000,1187500000,843750000,781250000,1093750000,1056249999,1056249999,10
2025-10-02 14:39:10,25129,pairwise,LinkedCells,1.000000,lc_c04_combined_SoA,none,SoA,enabled,1250000000,1437500000,1031250000,1093750000,1187500000,1250000000,875000000,968750000,1000000000,687500000,1078124999,1078124999,10
2025-10-02 14:39:11,25139,pairwise,LinkedCells,1.000000,lc_c08,none,AoS,disabled,843750000,1093750000,781250000,781250000,843750000,875000000,906250000,625000000,375000000,750000000,787500000,787500000,10
2025-10-02 14:39:11,25149,pairwise,LinkedCells,1.000000,lc_c08,none,AoS,enabled,843750000,875000000,718750000,625000000,781250000,875000000,593750000,1000000000,656250000,781250000,774999999,774999999,10
2025-10-02 14:39:11,25159,pairwise,LinkedCells,1.000000,lc_c08,none,SoA,disabled,1281250000,1375000000,1281250000,1437500000,1218750000,1343750000,1375000000,1468750000,1375000000,1343750000,1349999999,1349999999,10
2025-10-02 14:39:11,25169,pairwise,LinkedCells,1.000000,lc_c08,none,SoA,enabled,1156250000,1218750000,1343750000,1281250000,1437500000,1187500000,1250000000,1593750000,1375000000,1218750000,1306249999,1306249999,10
2025-10-02 14:39:11,25179,pairwise,LinkedCells,1.000000,lc_c18,none,AoS,disabled,625000000,781250000,781250000,843750000,1093750000,937500000,906250000,875000000,1187500000,875000000,890624999,890624999,10
2025-10-02 14:39:11,25189,pairwise,LinkedCells,1.000000,lc_c18,none,AoS,enabled,687500000,656250000,843750000,1062500000,812500000,687500000,531250000,750000000,781250000,937500000,774999999,774999999,10
2025-10-02 14:39:11,25199,pairwise,LinkedCells,1.000000,lc_c18,none,SoA,disabled,937500000,1625000000,1000000000,1500000000,625000000,1125000000,1031250000,1250000000,1093750000,843750000,1103124999,1103124999,10
2025-10-02 14:39:11,25209,pairwise,LinkedCells,1.000000,lc_c18,none,SoA,enabled,1031250000,843750000,1156250000,812500000,875000000,1156250000,1000000000,1093750000,1281250000,1125000000,1037499999,1037499999,10
2025-10-02 14:39:11,25219,pairwise,LinkedCells,1.000000,lc_sliced,none,AoS,disabled,0,0,0,0,375000000,187500000,0,281250000,0,0,84375000,84375000,10
2025-10-02 14:39:11,25229,pairwise,LinkedCells,1.000000,lc_sliced,none,AoS,enabled,625000000,437500000,406250000,343750000,500000000,125000000,0,0,500000000,187500000,312499999,312499999,10
2025-10-02 14:39:11,25239,pairwise,LinkedCells,1.000000,lc_sliced,none,SoA,disabled,875000000,875000000,843750000,750000000,437500000,875000000,968750000,875000000,531250000,812500000,784374999,784374999,10
2025-10-02 14:39:11,25249,pairwise,LinkedCells,1.000000,lc_sliced,none,SoA,enabled,625000000,687500000,875000000,750000000,625000000,500000000,531250000,937500000,875000000,843750000,724999999,724999999,10
2025-10-02 14:39:11,25259,pairwise,LinkedCells,1.000000,lc_sliced_balanced,none,AoS,disabled,281250000,218750000,187500000,343750000,0,0,531250000,468750000,125000000,0,215624999,215624999,10
2025-10-02 14:39:11,25269,pairwise,LinkedCells,1.000000,lc_sliced_balanced,none,AoS,enabled,250000000,343750000,437500000,187500000,125000000,0,0,531250000,468750000,93750000,243749999,243749999,10
2025-10-02 14:39:11,25279,pairwise,LinkedCells,1.000000,lc_sliced_balanced,none,SoA,disabled,468750000,812500000,687500000,718750000,968750000,625000000,843750000,437500000,781250000,1000000000,734374999,734374999,10
2025-10-02 14:39:11,25289,pairwise,LinkedCells,1.000000,lc_sliced_balanced,none,SoA,enabled,562500000,718750000,843750000,812500000,593750000,968750000,531250000,687500000,687500000,468750000,687499999,687499999,10
2025-10-02 14:39:11,25299,pairwise,LinkedCells,1.000000,lc_sliced_balanced,squared-particles-per-cell,AoS,disabled,468750000,406250000,718750000,312500000,656250000,593750000,281250000,656250000,687500000,500000000,528124999,528124999,10
2025-10-02 14:39:11,25309,pairwise,LinkedCells,1.000000,lc_sliced_balanced,squared-particles-per-cell,AoS,enabled,718750000,593750000,562500000,531250000,281250000,468750000,656250000,250000000,656250000,687500000,540624999,540624999,10
2025-10-02 14:39:11,25319,pairwise,LinkedCells,1.000000,lc_sliced_balanced,squared-particles-per-cell,SoA,disabled,1750000000,1968750000,1750000000,1687500000,1750000000,1625000000,1687500000,1843750000,1562500000,2062500000,1768749999,1768749999,10
2025-10-02 14:39:11,25329,pairwise,LinkedCells,1.000000,lc_sliced_balanced,squared-particles-per-cell,SoA,enabled,1718750000,1687500000,1687500000,1656250000,1500000000,1687500000,1750000000,1687500000,1750000000,2093750000,1721874999,1721874999,10
2025-10-02 14:39:11,25339,pairwise,LinkedCells,1.000000,lc_sliced_c02,none,AoS,disabled,0,0,250000000,468750000,437500000,187500000,531250000,0,0,187500000,206249999,206249999,10
2025-10-02 14:39:11,25349,pairwise,LinkedCells,1.000000,lc_sliced_c02,none,AoS,enabled,0,0,0,562500000,375000000,156250000,0,0,281250000,250000000,162499999,162499999,10
2025-10-02 14:39:11,25359,pairwise,LinkedCells,1.000000,lc_sliced_c02,none,SoA,disabled,875000000,843750000,937500000,718750000,625000000,593750000,656250000,562500000,343750000,375000000,653124999,653124999,10
2025-10-02 14:39:11,25369,pairwise,LinkedCells,1.000000,lc_sliced_c02,none,SoA,enabled,875000000,625000000,812500000,937500000,656250000,687500000,500000000,906250000,531250000,593750000,712499999,712499999,10
2025-10-02 14:39:11,25379,pairwise,VerletClusterLists,1.000000,vcl_c01_balanced,none,AoS,disabled,0,0,0,0,0,0,0,0,0,0,0,0,10
2025-10-02 14:39:11,25389,pairwise,VerletClusterLists,1.000000,vcl_c01_balanced,none,SoA,disabled,218750000,0,125000000,0,0,0,0,0,0,187500000,53124999,53124999,10
2025-10-02 14:39:11,25399,pairwise,VerletClusterLists,1.000000,vcl_c06,none,AoS,disabled,0,0,0,0,0,0,0,0,0,0,0,0,10
2025-10-02 14:39:11,25409,pairwise,VerletClusterLists,1.000000,vcl_c06,none,AoS,enabled,125000000,0,0,0,0,0,0,0,0,0,12500000,12500000,10
2025-10-02 14:39:11,25419,pairwise,VerletClusterLists,1.000000,vcl_c06,none,SoA,disabled,0,0,0,0,0,343750000,0,0,0,93750000,43749999,43749999,10
2025-10-02 14:39:11,25429,pairwise,VerletClusterLists,1.000000,vcl_c06,none,SoA,enabled,0,0,0,0,0,0,0,0,0,343750000,34374999,34374999,10
2025-10-02 14:39:11,25439,pairwise,VerletClusterLists,1.000000,vcl_sliced,none,AoS,disabled,0,0,0,125000000,0,0,0,0,0,0,12499999,12499999,10
2025-10-02 14:39:11,25449,pairwise,VerletClusterLists,1.000000,vcl_sliced,none,AoS,enabled,0,125000000,0,0,0,0,0,0,0,0,12499999,12499999,10
2025-10-02 14:39:11,25459,pairwise,VerletClusterLists,1.000000,vcl_sliced,none,SoA,disabled,0,0,0,0,0,0,0,250000000,0,0,24999999,24999999,10
2025-10-02 14:39:11,25469,pairwise,VerletClusterLists,1.000000,vcl_sliced,none,SoA,enabled,187500000,0,0,0,0,0,0,0,0,156250000,34374999,34374999,10
2025-10-02 14:39:11,25479,pairwise,VerletClusterLists,1.000000,vcl_sliced_balanced,none,AoS,disabled,0,0,0,0,0,156250000,0,0,0,0,15624999,15624999,10
2025-10-02 14:39:11,25489,pairwise,VerletClusterLists,1.000000,vcl_sliced_balanced,none,AoS,enabled,0,0,0,0,0,0,0,0,0,250000000,24999999,24999999,10
2025-10-02 14:39:11,25499,pairwise,VerletClusterLists,1.000000,vcl_sliced_balanced,none,SoA,disabled,0,0,0,0,0,218750000,0,156250000,0,0,37499999,37499999,10
2025-10-02 14:39:11,25509,pairwise,VerletClusterLists,1.000000,vcl_sliced_balanced,none,SoA,enabled,0,0,0,0,0,375000000,0,0,125000000,0,49999999,49999999,10
2025-10-02 14:39:11,25519,pairwise,VerletClusterLists,1.000000,vcl_sliced_balanced,neighbor-list-length,AoS,disabled,218750000,0,0,0,0,0,0,218750000,0,0,43749999,43749999,10
2025-10-02 14:39:11,25529,pairwise,VerletClusterLists,1.000000,vcl_sliced_balanced,neighbor-list-length,AoS,enabled,0,0,156250000,0,0,0,0,0,0,0,15624999,15624999,10
2025-10-02 14:39:11,25539,pairwise,VerletClusterLists,1.000000,vcl_sliced_balanced,neighbor-list-length,SoA,disabled,0,0,0,0,0,0,0,250000000,0,0,24999999,24999999,10
2025-10-02 14:39:11,25549,pairwise,VerletClusterLists,1.000000,vcl_sliced_balanced,neighbor-list-length,SoA,enabled,0,0,0,0,0,0,0,0,0,0,0,0,10
2025-10-02 14:39:11,25559,pairwise,VerletClusterLists,1.000000,vcl_sliced_c02,none,AoS,disabled,125000000,0,0,0,0,0,0,0,0,0,12500000,12500000,10
2025-10-02 14:39:11,25569,pairwise,VerletClusterLists,1.000000,vcl_sliced_c02,none,AoS,enabled,0,0,0,0,0,218750000,0,0,0,0,21874999,21874999,10
2025-10-02 14:39:11,25579,pairwise,VerletClusterLists,1.000000,vcl_sliced_c02,none,SoA,disabled,0,0,0,0,0,0,0,0,0,312500000,31249999,31249999,10
2025-10-02 14:39:11,25589,pairwise,VerletClusterLists,1.000000,vcl_sliced_c02,none,SoA,enabled,0,0,0,0,125000000,0,0,0,0,0,12499999,12499999,10
2025-10-02 14:39:11,25599,pairwise,VerletLists,1.000000,vl_list_iteration,none,AoS,disabled,1687500000,0,0,218750000,0,187500000,0,0,0,0,209374999,209374999,10
2025-10-02 14:39:11,25609,pairwise,VerletLists,1.000000,vl_list_iteration,none,SoA,disabled,3218750000,656250000,843750000,843750000,593750000,562500000,718750000,875000000,843750000,687500000,984374999,984374999,10
2025-10-02 14:39:11,25619,pairwise,VerletListsCells,1.000000,vlc_c01,none,AoS,disabled,9531250000,531250000,718750000,593750000,656250000,343750000,437500000,406250000,406250000,718750000,1434374999,1434374999,10
2025-10-02 14:39:11,25629,pairwise,VerletListsCells,1.000000,vlc_c01,none,SoA,disabled,11437500000,1343750000,1218750000,1343750000,1406250000,1343750000,1156250000,1281250000,1343750000,1250000000,2312499999,2312499999,10
2025-10-02 14:39:11,25639,pairwise,VerletListsCells,1.000000,vlc_c18,none,AoS,disabled,6625000000,906250000,875000000,375000000,750000000,812500000,687500000,812500000,906250000,750000000,1349999999,1349999999,10
2025-10-02 14:39:11,25649,pairwise,VerletListsCells,1.000000,vlc_c18,none,AoS,enabled,6156250000,562500000,781250000,718750000,718750000,843750000,1000000000,531250000,843750000,687500000,1284374999,1284374999,10
2025-10-02 14:39:11,25659,pairwise,VerletListsCells,1.000000,vlc_c18,none,SoA,disabled,7968750000,1031250000,1187500000,1437500000,1125000000,1531250000,1343750000,1312500000,1343750000,1562500000,1984374999,1984374999,10
2025-10-02 14:39:11,25669,pairwise,VerletListsCells,1.000000,vlc_c18,none,SoA,enabled,7656250000,1500000000,1625000000,1437500000,1531250000,1281250000,1406250000,1187500000,1218750000,1218750000,2006249999,2006249999,10
2025-10-02 14:39:11,25679,pairwise,VerletListsCells,1.000000,vlc_c08,none,AoS,disabled,4812500000,531250000,687500000,593750000,687500000,812500000,562500000,468750000,625000000,375000000,1015625000,1015625000,10
2025-10-02 14:39:11,25689,pairwise,VerletListsCells,1.000000,vlc_c08,none,AoS,enabled,4406250000,781250000,906250000,468750000,531250000,500000000,718750000,906250000,562500000,687500000,1046874999,1046874999,10
2025-10-02 14:39:12,25699,pairwise,VerletListsCells,1.000000,vlc_c08,none,SoA,disabled,6375000000,1375000000,1531250000,1500000000,1250000000,1187500000,1218750000,1500000000,1375000000,1218750000,1853124999,1853124999,10
2025-10-02 14:39:12,25709,pairwise,VerletListsCells,1.000000,vlc_c08,none,SoA,enabled,6062500000,1250000000,1343750000,1468750000,1250000000,1062500000,1218750000,1281250000,1281250000,1250000000,1746874999,1746874999,10
2025-10-02 14:39:12,25719,pairwise,VerletListsCells,1.000000,vlc_sliced,none,AoS,disabled,5187500000,0,0,0,218750000,0,0,125000000,0,0,553124999,553124999,10
2025-10-02 14:39:12,25729,pairwise,VerletListsCells,1.000000,vlc_sliced,none,AoS,enabled,5406250000,0,0,0,156250000,0,0,0,187500000,0,574999999,574999999,10
2025-10-02 14:39:12,25739,pairwise,VerletListsCells,1.000000,vlc_sliced,none,SoA,disabled,7218750000,593750000,843750000,750000000,687500000,500000000,781250000,593750000,875000000,1031250000,1387499999,1387499999,10
2025-10-02 14:39:12,25749,pairwise,VerletListsCells,1.000000,vlc_sliced,none,SoA,enabled,7031250000,687500000,625000000,625000000,687500000,500000000,781250000,781250000,656250000,875000000,1324999999,1324999999,10
2025-10-02 14:39:12,25759,pairwise,VerletListsCells,1.000000,vlc_sliced_balanced,none,AoS,disabled,5187500000,0,0,0,0,468750000,0,0,0,0,565624999,565624999,10
2025-10-02 14:39:12,25769,pairwise,VerletListsCells,1.000000,vlc_sliced_balanced,none,AoS,enabled,5218750000,0,0,0,0,0,0,0,312500000,0,553124999,553124999,10
2025-10-02 14:39:12,25779,pairwise,VerletListsCells,1.000000,vlc_sliced_balanced,none,SoA,disabled,7343750000,843750000,687500000,531250000,812500000,531250000,718750000,593750000,937500000,656250000,1365624999,1365624999,10
2025-10-02 14:39:12,25789,pairwise,VerletListsCells,1.000000,vlc_sliced_balanced,none,SoA,enabled,7000000000,812500000,562500000,750000000,718750000,875000000,875000000,750000000,375000000,906250000,1362499999,1362499999,10
2025-10-02 14:39:12,25799,pairwise,VerletListsCells,1.000000,vlc_sliced_balanced,squared-particles-per-cell,AoS,disabled,4625000000,375000000,0,250000000,125000000,0,250000000,0,312500000,343750000,628124999,628124999,10
2025-10-02 14:39:12,25809,pairwise,VerletListsCells,1.000000,vlc_sliced_balanced,squared-particles-per-cell,AoS,enabled,5250000000,156250000,0,500000000,0,250000000,156250000,0,0,0,631249999,631249999,10
2025-10-02 14:39:12,25819,pairwise,VerletListsCells,1.000000,vlc_sliced_balanced,squared-particles-per-cell,SoA,disabled,7000000000,750000000,593750000,781250000,875000000,562500000,843750000,812500000,718750000,968750000,1390624999,1390624999,10
2025-10-02 14:39:12,25829,pairwise,VerletListsCells,1.000000,vlc_sliced_balanced,squared-particles-per-cell,SoA,enabled,6937500000,593750000,812500000,750000000,562500000,718750000,781250000,812500000,843750000,593750000,1340625000,1340625000,10
2025-10-02 14:39:12,25839,pairwise,VerletListsCells,1.000000,vlc_sliced_balanced,neighbor-list-length,AoS,disabled,5031250000,0,218750000,0,0,250000000,0,187500000,0,0,568749999,568749999,10
2025-10-02 14:39:12,25849,pairwise,VerletListsCells,1.000000,vlc_sliced_balanced,neighbor-list-length,AoS,enabled,5187500000,0,0,0,0,0,156250000,0,281250000,0,562499999,562499999,10
2025-10-02 14:39:12,25859,pairwise,VerletListsCells,1.000000,vlc_sliced_balanced,neighbor-list-length,SoA,disabled,7000000000,562500000,406250000,718750000,875000000,500000000,593750000,750000000,687500000,1031250000,1312499999,1312499999,10
2025-10-02 14:39:12,25869,pairwise,VerletListsCells,1.000000,vlc_sliced_balanced,neighbor-list-length,SoA,enabled,7000000000,656250000,750000000,500000000,750000000,562500000,843750000,812500000,937500000,656250000,1346875000,1346875000,10
2025-10-02 14:39:12,25879,pairwise,VerletListsCells,1.000000,vlc_sliced_c02,none,AoS,disabled,5031250000,218750000,0,0,0,0,0,0,0,375000000,562499999,562499999,10
2025-10-02 14:39:12,25889,pairwise,VerletListsCells,1.000000,vlc_sliced_c02,none,AoS,enabled,5156250000,0,0,0,0,187500000,0,0,0,0,534374999,534374999,10
2025-10-02 14:39:12,25899,pairwise,VerletListsCells,1.000000,vlc_sliced_c02,none,SoA,disabled,6812500000,687500000,781250000,1000000000,500000000,906250000,812500000,468750000,750000000,531250000,1324999999,1324999999,10
2025-10-02 14:39:12,25909,pairwise,VerletListsCells,1.000000,vlc_sliced_c02,none,SoA,enabled,6375000000,625000000,812500000,687500000,687500000,812500000,656250000,625000000,500000000,718750000,1249999999,1249999999,10
2025-10-02 14:39:12,25919,pairwise,PairwiseVerletLists,1.000000,vlp_c01,none,AoS,disabled,6406250000,656250000,875000000,843750000,562500000,750000000,750000000,656250000,1031250000,750000000,1328124999,1328124999,10
2025-10-02 14:39:12,25929,pairwise,PairwiseVerletLists,1.000000,vlp_c01,none,SoA,disabled,12062500000,1187500000,1687500000,1500000000,906250000,1312500000,1437500000,1125000000,1437500000,1468750000,2412499999,2412499999,10
2025-10-02 14:39:12,25939,pairwise,PairwiseVerletLists,1.000000,vlp_c18,none,AoS,disabled,6406250000,875000000,937500000,937500000,812500000,1062500000,750000000,750000000,843750000,843750000,1421874999,1421874999,10
2025-10-02 14:39:12,25949,pairwise,PairwiseVerletLists,1.000000,vlp_c18,none,AoS,enabled,6531250000,1125000000,1000000000,906250000,1031250000,906250000,1000000000,656250000,875000000,1250000000,1528124999,1528124999,10
2025-10-02 14:39:12,25959,pairwise,PairwiseVerletLists,1.000000,vlp_c18,none,SoA,disabled,14062500000,1656250000,1531250000,1625000000,1593750000,1531250000,1312500000,1437500000,1593750000,1437500000,2778124999,2778124999,10
2025-10-02 14:39:13,25969,pairwise,PairwiseVerletLists,1.000000,vlp_c18,none,SoA,enabled,14812500000,1781250000,1750000000,1781250000,1343750000,1656250000,1656250000,1750000000,1562500000,1500000000,2959374999,2959374999,10
2025-10-02 14:39:13,25979,pairwise,PairwiseVerletLists,1.000000,vlp_sliced,none,AoS,disabled,6125000000,437500000,93750000,343750000,0,187500000,375000000,0,437500000,218750000,821874999,821874999,10
2025-10-02 14:39:13,25989,pairwise,PairwiseVerletLists,1.000000,vlp_sliced,none,AoS,enabled,5593750000,187500000,250000000,375000000,500000000,875000000,406250000,343750000,500000000,531250000,956249999,956249999,10
2025-10-02 14:39:13,25999,pairwise,PairwiseVerletLists,1.000000,vlp_sliced,none,SoA,disabled,14031250000,1312500000,1031250000,843750000,1218750000,968750000,1062500000,1000000000,1312500000,1125000000,2390624999,2390624999,10
2025-10-02 14:39:13,26009,pairwise,PairwiseVerletLists,1.000000,vlp_sliced,none,SoA,enabled,13062500000,1156250000,12500000