Date,Iteration,Interaction Type,Container,CellSizeFactor,Traversal,Load Estimator,Data Layout,Newton 3,sample0,sample1,sample2,sample3,sample4,sample5,sample6,sample7,sample8,sample9,Reduced,Smoothed,Mean Rebuild Frequency
2025-10-02 14:25:04,9,pairwise,LinkedCells,1.000000,lc_c01,none,AoS,disabled,667236328,383117675,611328125,682495117,775573730,566764831,616882324,315002441,520812988,172302246,531151580,531151580,10
2025-10-02 14:25:04,19,pairwise,LinkedCells,1.000000,lc_c01,none,SoA,disabled,615295410,850830078,1054687500,964050292,722717285,976799011,1165222167,851501464,677062988,1051269531,892943572,892943572,10
2025-10-02 14:25:04,29,pairwise,LinkedCells,1.000000,lc_c01_combined_SoA,none,SoA,disabled,806327819,1204040527,721130371,812614440,806579589,794433593,674186706,812805175,915275573,816711425,836410521,836410521,10
2025-10-02 14:25:04,39,pairwise,LinkedCells,1.000000,lc_c04,none,AoS,disabled,150817871,271850585,0,203796386,0,155944824,321411132,230346679,269897460,0,160406493,160406493,10
2025-10-02 14:25:04,49,pairwise,LinkedCells,1.000000,lc_c04,none,AoS,enabled,344177246,0,242126464,148803710,0,367797851,0,586914062,394035339,471862792,255571745,255571745,10
2025-10-02 14:25:04,59,pairwise,LinkedCells,1.000000,lc_c04,none,SoA,disabled,744750976,503051757,729553222,577697753,410820007,866394042,586853027,429748535,823547363,552062988,622447966,622447966,10
2025-10-02 14:25:04,69,pairwise,LinkedCells,1.000000,lc_c04,none,SoA,enabled,717041015,848815917,745971679,496582031,731498718,570678710,624206542,674613952,966918945,888671875,726499937,726499937,10
2025-10-02 14:25:05,79,pairwise,LinkedCells,1.000000,lc_c04_HCP,none,AoS,disabled,621093750,421386718,188781738,174560546,192138671,532470703,267883300,545837402,356201171,306152343,360650634,360650634,10
2025-10-02 14:25:05,89,pairwise,LinkedCells,1.000000,lc_c04_HCP,none,AoS,enabled,310729980,0,0,117858886,0,302001953,343444824,0,303527832,0,137756347,137756347,10
2025-10-02 14:25:05,99,pairwise,LinkedCells,1.000000,lc_c04_HCP,none,SoA,disabled,882385253,743225097,1143295288,875671386,694274902,992126464,411315917,1021347045,590637207,867126464,822140502,822140502,10
2025-10-02 14:25:05,109,pairwise,LinkedCells,1.000000,lc_c04_HCP,none,SoA,enabled,412841796,764450073,886413574,757751464,971069335,983764648,992599487,952209472,441833496,1047363281,821029662,821029662,10
2025-10-02 14:25:05,119,pairwise,LinkedCells,1.000000,lc_c04_combined_SoA,none,SoA,disabled,1346603393,1124877929,1333251953,856628417,761825561,889648437,1125549316,1207763671,1392578125,1090393066,1112911986,1112911986,10
2025-10-02 14:25:05,129,pairwise,LinkedCells,1.000000,lc_c04_combined_SoA,none,SoA,enabled,586547851,798583984,1097106933,881103515,827209472,614196777,976989746,855163574,1574584960,991012573,920249938,920249938,10
2025-10-02 14:25:05,139,pairwise,LinkedCells,1.000000,lc_c08,none,AoS,disabled,1042358398,672241210,924438476,877624511,728576660,649291992,750488281,868774414,837829589,739196777,809082030,809082030,10
2025-10-02 14:25:05,149,pairwise,LinkedCells,1.000000,lc_c08,none,AoS,enabled,804244995,637451171,826354980,739318847,732788085,393249511,666915893,704772949,1232666015,973205566,771096800,771096800,10
2025-10-02 14:25:05,159,pairwise,LinkedCells,1.000000,lc_c08,none,SoA,disabled,416015625,1004928588,1687194824,819824218,1907287597,1188781738,1200622558,1134338378,1335998535,1440902709,1213589476,1213589476,10
2025-10-02 14:25:05,169,pairwise,LinkedCells,1.000000,lc_c08,none,SoA,enabled,977111816,1081054687,1242614746,1172973632,552291870,751220703,1561035156,1664108276,1175659179,742492675,1092056273,1092056273,10
2025-10-02 14:25:05,179,pairwise,LinkedCells,1.000000,lc_c18,none,AoS,disabled,1257186889,768676757,1193603515,864868164,717285156,834838867,729675292,757385253,736999511,889160156,874967955,874967955,10
2025-10-02 14:25:05,189,pairwise,LinkedCells,1.000000,lc_c18,none,AoS,enabled,565231323,747497558,953430175,355102539,666671752,534362792,904418945,918395996,665542602,784362792,709501647,709501647,10
2025-10-02 14:25:05,199,pairwise,LinkedCells,1.000000,lc_c18,none,SoA,disabled,1261779785,992645263,822326660,842407226,1233154296,1002441406,931884765,903442382,1021728515,710205078,972201536,972201536,10
2025-10-02 14:25:05,209,pairwise,LinkedCells,1.000000,lc_c18,none,SoA,enabled,1280548095,982116699,856628417,1297119140,1288085937,1021545410,1253967285,841064453,693420410,1135070800,1064956664,1064956664,10
2025-10-02 14:25:05,219,pairwise,LinkedCells,1.000000,lc_sliced,none,AoS,disabled,354919433,457763671,328369140,180725097,0,154357910,0,0,216186523,269042968,196136474,196136474,10
2025-10-02 14:25:05,229,pairwise,LinkedCells,1.000000,lc_sliced,none,AoS,enabled,196166992,204711914,0,125366210,299621582,210144042,492187500,0,223449707,306671142,205831908,205831908,10
2025-10-02 14:25:05,239,pairwise,LinkedCells,1.000000,lc_sliced,none,SoA,disabled,928405761,646179199,489501953,727722167,849731445,1073974609,855957031,993225097,729980468,750671386,804534910,804534910,10
2025-10-02 14:25:05,249,pairwise,LinkedCells,1.000000,lc_sliced,none,SoA,enabled,912567138,660949707,442565917,882873535,821105957,919982910,894165039,734924316,777587890,784973144,783169555,783169555,10
2025-10-02 14:25:05,259,pairwise,LinkedCells,1.000000,lc_sliced_balanced,none,AoS,disabled,0,265258789,368103027,0,235656738,299743652,294036865,108276367,235717773,481689453,228848265,228848265,10
2025-10-02 14:25:05,269,pairwise,LinkedCells,1.000000,lc_sliced_balanced,none,AoS,enabled,202575683,0,200439453,0,0,131774902,311157226,0,208068847,0,105401611,105401611,10
2025-10-02 14:25:05,279,pairwise,LinkedCells,1.000000,lc_sliced_balanced,none,SoA,disabled,789611816,741943359,445129394,853149414,618774414,730651855,562561035,373413085,834838867,496795654,644686888,644686888,10
2025-10-02 14:25:05,289,pairwise,LinkedCells,1.000000,lc_sliced_balanced,none,SoA,enabled,576721191,1043029785,966247558,864013671,650878906,315734863,642456054,762573242,456787109,917114257,719555663,719555663,10
2025-10-02 14:25:05,299,pairwise,LinkedCells,1.000000,lc_sliced_balanced,squared-particles-per-cell,AoS,disabled,546142578,503051757,665466308,412780761,866333007,595458984,373107910,736511230,289978027,454467773,544329833,544329833,10
2025-10-02 14:25:05,309,pairwise,LinkedCells,1.000000,lc_sliced_balanced,squared-particles-per-cell,AoS,enabled,704895019,489013671,750305175,531982421,631561279,0,660156250,823791503,619323730,379211425,559024046,559024046,10
2025-10-02 14:25:05,319,pairwise,LinkedCells,1.000000,lc_sliced_balanced,squared-particles-per-cell,SoA,disabled,1651489257,1119812011,1690368652,1301818847,1344116210,1261230468,1712463378,1579406738,1525390625,1408660888,1459475706,1459475706,10
2025-10-02 14:25:05,329,pairwise,LinkedCells,1.000000,lc_sliced_balanced,squared-particles-per-cell,SoA,enabled,1326171875,1491760253,1547363281,1158264160,1609802246,1317932128,1355316162,1482604980,1448547363,1388366699,1412612914,1412612914,10
2025-10-02 14:25:05,339,pairwise,LinkedCells,1.000000,lc_sliced_c02,none,AoS,disabled,210693359,0,0,253479003,0,234619140,146118164,0,267211914,0,111212157,111212157,10
2025-10-02 14:25:05,349,pairwise,LinkedCells,1.000000,lc_sliced_c02,none,AoS,enabled,238891601,0,99853515,0,254028320,211242675,202392578,118591308,0,0,112499999,112499999,10
2025-10-02 14:25:05,359,pairwise,LinkedCells,1.000000,lc_sliced_c02,none,SoA,disabled,915588378,780944824,898193359,924865722,802734375,655944824,818542480,876464843,782348632,749664306,820529173,820529173,10
2025-10-02 14:25:05,369,pairwise,LinkedCells,1.000000,lc_sliced_c02,none,SoA,enabled,729736328,744262695,527587890,693786621,522766113,610717773,735900878,535583496,652038574,422973632,617535399,617535399,10
2025-10-02 14:25:05,379,pairwise,VerletClusterLists,1.000000,vcl_c01_balanced,none,AoS,disabled,0,0,0,0,0,0,0,0,0,0,0,0,10
2025-10-02 14:25:05,389,pairwise,VerletClusterLists,1.000000,vcl_c01_balanced,none,SoA,disabled,0,0,212524414,0,0,0,0,0,0,0,21252440,21252440,10
2025-10-02 14:25:05,399,pairwise,VerletClusterLists,1.000000,vcl_c06,none,AoS,disabled,0,0,0,0,0,0,0,0,0,0,0,0,10
2025-10-02 14:25:05,409,pairwise,VerletClusterLists,1.000000,vcl_c06,none,AoS,enabled,0,0,216491699,173767089,0,0,0,0,0,0,39025878,39025878,10
2025-10-02 14:25:05,419,pairwise,VerletClusterLists,1.000000,vcl_c06,none,SoA,disabled,227966308,0,0,0,0,148864746,0,0,0,0,37683105,37683105,10
2025-10-02 14:25:05,429,pairwise,VerletClusterLists,1.000000,vcl_c06,none,SoA,enabled,0,0,0,0,0,0,0,0,0,163452148,16345214,16345214,10
2025-10-02 14:25:05,439,pairwise,VerletClusterLists,1.000000,vcl_sliced,none,AoS,disabled,152404785,0,0,0,0,0,0,0,0,0,15240478,15240478,10
2025-10-02 14:25:05,449,pairwise,VerletClusterLists,1.000000,vcl_sliced,none,AoS,enabled,0,0,0,0,0,176849365,0,0,0,0,17684936,17684936,10
2025-10-02 14:25:05,459,pairwise,VerletClusterLists,1.000000,vcl_sliced,none,SoA,disabled,133789062,0,0,0,0,0,0,0,0,0,13378906,13378906,10
2025-10-02 14:25:05,469,pairwise,VerletClusterLists,1.000000,vcl_sliced,none,SoA,enabled,0,265747070,0,0,155883789,0,0,0,0,0,42163085,42163085,10
2025-10-02 14:25:05,479,pairwise,VerletClusterLists,1.000000,vcl_sliced_balanced,none,AoS,disabled,0,0,182983398,0,206420898,0,0,0,0,0,38940429,38940429,10
2025-10-02 14:25:05,489,pairwise,VerletClusterLists,1.000000,vcl_sliced_balanced,none,AoS,enabled,0,418457031,0,0,0,0,0,0,160217285,0,57867431,57867431,10
2025-10-02 14:25:05,499,pairwise,VerletClusterLists,1.000000,vcl_sliced_balanced,none,SoA,disabled,0,0,0,0,0,0,0,0,0,0,0,0,10
2025-10-02 14:25:05,509,pairwise,VerletClusterLists,1.000000,vcl_sliced_balanced,none,SoA,enabled,0,0,0,0,0,0,0,0,0,0,0,0,10
2025-10-02 14:25:05,519,pairwise,VerletClusterLists,1.000000,vcl_sliced_balanced,neighbor-list-length,AoS,disabled,0,205688476,0,0,0,0,0,0,0,0,20568847,20568847,10
2025-10-02 14:25:05,529,pairwise,VerletClusterLists,1.000000,vcl_sliced_balanced,neighbor-list-length,AoS,enabled,0,0,0,0,102905273,0,0,225708007,0,0,32861327,32861327,10
2025-10-02 14:25:05,539,pairwise,VerletClusterLists,1.000000,vcl_sliced_balanced,neighbor-list-length,SoA,disabled,0,0,0,0,0,0,0,0,0,106201171,10620117,10620117,10
2025-10-02 14:25:05,549,pairwise,VerletClusterLists,1.000000,vcl_sliced_balanced,neighbor-list-length,SoA,enabled,0,0,0,0,0,0,0,0,0,0,0,0,10
2025-10-02 14:25:05,559,pairwise,VerletClusterLists,1.000000,vcl_sliced_c02,none,AoS,disabled,0,0,75012207,0,0,0,0,0,0,0,7501220,7501220,10
2025-10-02 14:25:05,569,pairwise,VerletClusterLists,1.000000,vcl_sliced_c02,none,AoS,enabled,213867187,0,0,249511718,0,0,0,0,155578613,0,61895751,61895751,10
2025-10-02 14:25:05,579,pairwise,VerletClusterLists,1.000000,vcl_sliced_c02,none,SoA,disabled,0,226745605,0,0,0,0,0,0,0,0,22674560,22674560,10
2025-10-02 14:25:05,589,pairwise,VerletClusterLists,1.000000,vcl_sliced_c02,none,SoA,enabled,0,0,0,0,205871582,0,0,0,0,0,20587158,20587158,10
2025-10-02 14:25:05,599,pairwise,VerletLists,1.000000,vl_list_iteration,none,AoS,disabled,1459930419,0,0,0,0,0,0,0,0,0,145993041,145993041,10
2025-10-02 14:25:05,609,pairwise,VerletLists,1.000000,vl_list_iteration,none,SoA,disabled,2828796386,643371582,794494628,899780273,964965820,735717773,510925292,565246582,506958007,750793457,920104979,920104979,10
2025-10-02 14:25:05,619,pairwise,VerletListsCells,1.000000,vlc_c01,none,AoS,disabled,9235565185,524230957,468109130,622070312,340942382,597534179,392089843,436767578,788208007,468444824,1387396239,1387396239,10
2025-10-02 14:25:05,629,pairwise,VerletListsCells,1.000000,vlc_c01,none,SoA,disabled,10803405761,1164276123,1280456542,1242431640,1349853515,1277282714,1425170898,1300659179,1044860839,1336547851,2222494505,2222494505,10
2025-10-02 14:25:05,639,pairwise,VerletListsCells,1.000000,vlc_c18,none,AoS,disabled,6059997558,400024414,819335937,831359863,560577392,709228515,788452148,665100097,719421386,798522949,1235202025,1235202025,10
2025-10-02 14:25:05,649,pairwise,VerletListsCells,1.000000,vlc_c18,none,AoS,enabled,5834747314,690307617,711608886,548645019,644958496,825927734,613403320,626159667,836975097,794494628,1212722777,1212722777,10
2025-10-02 14:25:05,659,pairwise,VerletListsCells,1.000000,vlc_c18,none,SoA,disabled,7270263671,1387329101,1370727539,1433593750,1463500976,1384765625,1314880371,1246826171,1173767089,1162109375,1920776366,1920776366,10
2025-10-02 14:25:06,669,pairwise,VerletListsCells,1.000000,vlc_c18,none,SoA,enabled,7277893066,1321350097,1088745117,1335449218,1031982421,1139770507,1511718750,1283081054,1356445312,1301635742,1864807128,1864807128,10
2025-10-02 14:25:06,679,pairwise,VerletListsCells,1.000000,vlc_c08,none,AoS,disabled,4399841308,816223144,754577636,821838378,463867187,936584472,616210937,733581542,594787597,618774414,1075628660,1075628660,10
2025-10-02 14:25:06,689,pairwise,VerletListsCells,1.000000,vlc_c08,none,AoS,enabled,4237426757,607116699,763000488,716613769,672546386,478027343,831542968,755065917,858825683,558349609,1047851561,1047851561,10
2025-10-02 14:25:06,699,pairwise,VerletListsCells,1.000000,vlc_c08,none,SoA,disabled,5881103515,1259704589,1606994628,1525146484,1115905761,1281921386,1377624511,1323730468,1154602050,1127868652,1765460204,1765460204,10
2025-10-02 14:25:06,709,pairwise,VerletListsCells,1.000000,vlc_c08,none,SoA,enabled,5765319824,1403564453,1495788574,1515930175,1320251464,1246459960,1454467773,1637023925,1436828613,1681518554,1895715330,1895715330,10
2025-10-02 14:25:06,719,pairwise,VerletListsCells,1.000000,vlc_sliced,none,AoS,disabled,5475952148,0,0,0,0,263610839,0,188903808,0,0,592846679,592846679,10
2025-10-02 14:25:06,729,pairwise,VerletListsCells,1.000000,vlc_sliced,none,AoS,enabled,4871154785,0,0,0,238342285,0,0,0,0,0,510949706,510949706,10
2025-10-02 14:25:06,739,pairwise,VerletListsCells,1.000000,vlc_sliced,none,SoA,disabled,6741333007,593688964,869323730,733093261,768005371,704833984,732849121,409912109,708129882,773498535,1303466795,1303466795,10
2025-10-02 14:25:06,749,pairwise,VerletListsCells,1.000000,vlc_sliced,none,SoA,enabled,6860778808,758605957,720581054,852539062,809997558,784484863,824279785,912048339,634216308,802429199,1395996092,1395996092,10
2025-10-02 14:25:06,759,pairwise,VerletListsCells,1.000000,vlc_sliced_balanced,none,AoS,disabled,5481811523,0,0,248168945,0,0,0,242431640,0,207946777,618035888,618035888,10
2025-10-02 14:25:06,769,pairwise,VerletListsCells,1.000000,vlc_sliced_balanced,none,AoS,enabled,5073608398,160034179,246093750,0,240173339,0,0,0,171813964,0,589172362,589172362,10
2025-10-02 14:25:06,779,pairwise,VerletListsCells,1.000000,vlc_sliced_balanced,none,SoA,disabled,7072937011,657531738,601135253,788574218,817810058,405334472,700012207,456176757,802551269,691650390,1299371337,1299371337,10
2025-10-02 14:25:06,789,pairwise,VerletListsCells,1.000000,vlc_sliced_balanced,none,SoA,enabled,6766113281,817138671,410583496,419982910,767639160,700012207,486633300,596069335,843627929,879760742,1268756102,1268756102,10
2025-10-02 14:25:06,799,pairwise,VerletListsCells,1.000000,vlc_sliced_balanced,squared-particles-per-cell,AoS,disabled,4976074218,0,214599609,0,206909179,0,197082519,177856445,0,0,577252196,577252196,10
2025-10-02 14:25:06,809,pairwise,VerletListsCells,1.000000,vlc_sliced_balanced,squared-particles-per-cell,AoS,enabled,4935791015,0,0,0,0,0,84289550,0,178527832,0,519860839,519860839,10
2025-10-02 14:25:06,819,pairwise,VerletListsCells,1.000000,vlc_sliced_balanced,squared-particles-per-cell,SoA,disabled,6967712402,763977050,825927734,699523925,734008789,532470703,572753906,839294433,918701171,756774902,1361114501,1361114501,10
2025-10-02 14:25:06,829,pairwise,VerletListsCells,1.000000,vlc_sliced_balanced,squared-particles-per-cell,SoA,enabled,6634948730,737915039,633972167,549682617,687744140,807006835,865417480,1081909179,875244140,832702636,1370654295,1370654295,10
2025-10-02 14:25:06,839,pairwise,VerletListsCells,1.000000,vlc_sliced_balanced,neighbor-list-length,AoS,disabled,5178894042,0,268676757,0,0,187622070,0,207946777,0,0,584313964,584313964,10
2025-10-02 14:25:06,849,pairwise,VerletListsCells,1.000000,vlc_sliced_balanced,neighbor-list-length,AoS,enabled,5120788574,0,0,0,245727539,0,0,106567382,0,188476562,566156005,566156005,10
2025-10-02 14:25:06,859,pairwise,VerletListsCells,1.000000,vlc_sliced_balanced,neighbor-list-length,SoA,disabled,7376342773,593017578,828979492,922180175,714111328,696411132,864562988,673583984,721008300,777404785,1416760253,1416760253,10
2025-10-02 14:25:06,869,pairwise,VerletListsCells,1.000000,vlc_sliced_balanced,neighbor-list-length,SoA,enabled,6792602539,577758789,760742187,492980957,559936523,484008789,511474609,825744628,685729980,807006835,1249798583,1249798583,10
2025-10-02 14:25:06,879,pairwise,VerletListsCells,1.000000,vlc_sliced_c02,none,AoS,disabled,5282165527,0,0,0,0,0,166442871,0,178710937,283386230,591070556,591070556,10
2025-10-02 14:25:06,889,pairwise,VerletListsCells,1.000000,vlc_sliced_c02,none,AoS,enabled,5170104980,0,0,0,0,0,0,0,302124023,0,547222899,547222899,10
2025-10-02 14:25:06,899,pairwise,VerletListsCells,1.000000,vlc_sliced_c02,none,SoA,disabled,6987915039,693542480,707519531,979064941,791320800,750549316,744384765,857299804,722106933,518127441,1375183104,1375183104,10
2025-10-02 14:25:06,909,pairwise,VerletListsCells,1.000000,vlc_sliced_c02,none,SoA,enabled,6505065917,794494628,670593261,662109375,774475097,717834472,558349609,688171386,656005859,649963378,1267706297,1267706297,10
2025-10-02 14:25:06,919,pairwise,PairwiseVerletLists,1.000000,vlp_c01,none,AoS,disabled,10880981445,523864746,740905761,585571289,553100585,955139160,666687011,647583007,752319335,706237792,1701239012,1701239012,10
2025-10-02 14:25:06,929,pairwise,PairwiseVerletLists,1.000000,vlp_c01,none,SoA,disabled,16609252929,1590270996,1375793457,1674377441,1247009277,1798217773,1269165039,1351867675,1439575195,1241394042,2959692381,2959692381,10
2025-10-02 14:25:06,939,pairwise,PairwiseVerletLists,1.000000,vlp_c18,none,AoS,disabled,6209899902,848571777,961975097,903747558,583190917,902038574,812683105,966857910,751770019,795532226,1373626708,1373626708,10
2025-10-02 14:25:07,949,pairwise,PairwiseVerletLists,1.000000,vlp_c18,none,AoS,enabled,5986633300,785583496,824035644,744750976,733520507,796447753,1047485351,996093750,736572265,908142089,1355926512,1355926512,10
2025-10-02 14:25:07,959,pairwise,PairwiseVerletLists,1.000000,vlp_c18,none,SoA,disabled,13844299316,1544372558,1476501464,1610351562,1445800781,1535522460,1655151367,1493225097,1394531250,1343750000,2734350584,2734350584,10
2025-10-02 14:25:07,969,pairwise,PairwiseVerletLists,1.000000,vlp_c18,none,SoA,enabled,13749572753,1704833984,1531311035,1528686523,1713806152,1491088867,1616271972,1468872070,1539550781,1638061523,2798205565,2798205565,10
2025-10-02 14:25:07,979,pairwise,PairwiseVerletLists,1.000000,vlp_sliced,none,AoS,disabled,5428771972,473999023,599487304,160888671,594116210,390991210,310668945,116333007,360595703,430297851,886614989,886614989,10
2025-10-02 14:25:07,989,pairwise,PairwiseVerletLists,1.000000,vlp_sliced,none,AoS,enabled,5441894531,474853515,265136718,324584960,133300781,319580078,288940429,449340820,325561523,374877929,839807127,839807127,10
2025-10-02 14:25:07,999,pairwise,PairwiseVerletLists,1.000000,vlp_sliced,none,SoA,disabled,13632690429,1212158203,1029785156,1159179687,1138061523,1130981445,1136108398,1210693359,1216552734,939086914,2380529784,2380529784,10
2025-10-02 14:25:07,1009,pairwise,PairwiseVerletLists,1.000000,vlp_sliced,none,SoA,enabled,13368286132,1193237304,1141113281,1220581054,1196777343,1421752929,899291992,898803710,967773437,1301879882,2360949705,2360949705,10
2025-10-02 14:25:07,1019,pairwise,PairwiseVerletLists,1.000000,vlp_sliced_balanced,none,AoS,disabled,5867309570,170410156,176147460,363281250,498779296,320190429,519897460,349853515,379638671,278930664,892443847,892443847,10
2025-10-02 14:25:07,1029,pairwise,PairwiseVerletLists,1.000000,vlp_sliced_balanced,none,AoS,enabled,5474121093,118652343,167480468,438598632,241577148,495971679,301269531,458740234,401489257,259033203,835693358,835693358,10
2025-10-02 14:25:07,1039,pairwise,PairwiseVerletLists,1.000000,vlp_sliced_balanced,none,SoA,disabled,13607055664,1066528320,858520507,1212158203,992919921,993286132,924682617,1015136718,934204101,1099243164,2270373534,2270373534,10
2025-10-02 14:25:07,1049,pairwise,PairwiseVerletLists,1.000000,vlp_sliced_balanced,none,SoA,enabled,13715332031,977294921,1043457031,1003051757,1246826171,954223632,1186401367,1306030273,1273559570,781127929,2348730468,2348730468,10
2025-10-02 14:25:07,1059,pairwise,PairwiseVerletLists,1.000000,vlp_sliced_c02,none,AoS,disabled,5775268554,262084960,640991210,345214843,461059570,415649414,630615234,384155273,429443359,394653320,973913573,973913573,10
2025-10-02 14:25:07,1069,pairwise,PairwiseVerletLists,1.000000,vlp_sliced_c02,none,AoS,enabled,5361083984,494995117,294433593,406738281,324584960,280151367,511108398,402343750,478881835,301025390,885534667,885534667,10
2025-10-02 14:25:07,1079,pairwise,PairwiseVerletLists,1.000000,vlp_sliced_c02,none,SoA,disabled,13812377929,1236450195,1214599609,1145507812,1348999023,808959960,1316162109,1138916015,899291992,1396972656,2431823729,2431823729,10
2025-10-02 14:25:07,1089,pairwise,PairwiseVerletLists,1.000000,vlp_sliced_c02,none,SoA,enabled,13803222656,1167968750,1190429687,1147460937,1081298828,1279663085,1115966796,1117919921,1245849609,1174682617,2432446288,2432446288,10
2025-10-02 14:25:07,1099,pairwise,PairwiseVerletLists,1.000000,vlp_c08,none,AoS,disabled,6995361328,1149169921,1292358398,1225830078,1557006835,1343627929,1337524414,1396606445,1352172851,1155029296,1880468748,1880468748,10
2025-10-02 14:25:07,1109,pairwise,PairwiseVerletLists,1.000000,vlp_c08,none,AoS,enabled,6378784179,1113647460,967407226,843872070,893310546,992187500,1174926757,726806640,884887695,1181640625,1515747069,1515747069,10
2025-10-02 14:25:07,1119,pairwise,PairwiseVerletLists,1.000000,vlp_c08,none,SoA,disabled,15304931640,2518188476,2489013671,2457153320,2843872070,2847290039,2437500000,2281982421,2457519531,2623413085,3826086425,3826086425,10
2025-10-02 14:25:08,1129,pairwise,PairwiseVerletLists,1.000000,vlp_c08,none,SoA,enabled,14283813476,2021240234,1920654296,1975585937,1464965820,1691406250,1736083984,1554321289,1762451171,1745605468,3015612792,3015612792,10
2025-10-02 14:27:55,5009,pairwise,LinkedCells,1.000000,lc_c01,none,AoS,disabled,734375000,886718750,699218750,851562500,734375000,765625000,382812500,730468750,1027343750,734375000,754687499,754687499,10
2025-10-02 14:27:55,5019,pairwise,LinkedCells,1.000000,lc_c01,none,SoA,disabled,886718750,1589843750,910156250,1093750000,1503906250,1191406250,1039062500,1199218750,1230468750,1023437500,1166796874,1166796874,10
2025-10-02 14:27:55,5029,pairwise,LinkedCells,1.000000,lc_c01_combined_SoA,none,SoA,disabled,1011718750,914062500,992187500,1242187500,933593750,1062500000,1093750000,1167968750,855468750,886718750,1016015624,1016015624,10
2025-10-02 14:27:55,5039,pairwise,LinkedCells,1.000000,lc_c04,none,AoS,disabled,539062500,398437500,210937500,0,464843750,531250000,152343750,417968750,242187500,285156250,324218749,324218749,10
2025-10-02 14:27:55,5049,pairwise,LinkedCells,1.000000,lc_c04,none,AoS,enabled,535156250,175781250,253906250,328125000,324218750,324218750,273437500,558593750,300781250,0,307421874,307421874,10
2025-10-02 14:27:55,5059,pairwise,LinkedCells,1.000000,lc_c04,none,SoA,disabled,476562500,554687500,1027343750,597656250,683593750,261718750,535156250,726562500,816406250,714843750,639453124,639453124,10
2025-10-02 14:27:55,5069,pairwise,LinkedCells,1.000000,lc_c04,none,SoA,enabled,503906250,898437500,980468750,644531250,765625000,402343750,902343750,570312500,554687500,789062500,701171874,701171874,10
2025-10-02 14:27:55,5079,pairwise,LinkedCells,1.000000,lc_c04_HCP,none,AoS,disabled,226562500,566406250,179687500,472656250,128906250,238281250,167968750,175781250,0,0,215624999,215624999,10
2025-10-02 14:27:55,5089,pairwise,LinkedCells,1.000000,lc_c04_HCP,none,AoS,enabled,125000000,300781250,261718750,250000000,621093750,105468750,304687500,660156250,269531250,199218750,309765624,309765624,10
2025-10-02 14:27:55,5099,pairwise,LinkedCells,1.000000,lc_c04_HCP,none,SoA,disabled,464843750,523437500,593750000,878906250,1191406250,910156250,691406250,507812500,753906250,351562500,686718749,686718749,10
2025-10-02 14:27:55,5109,pairwise,LinkedCells,1.000000,lc_c04_HCP,none,SoA,enabled,1003906250,792968750,878906250,707031250,406250000,765625000,777343750,1070312500,933593750,757812500,809374999,809374999,10
2025-10-02 14:27:55,5119,pairwise,LinkedCells,1.000000,lc_c04_combined_SoA,none,SoA,disabled,1015625000,1597656250,910156250,878906250,1062500000,933593750,1296875000,714843750,1621093750,960937500,1099218749,1099218749,10
2025-10-02 14:27:55,5129,pairwise,LinkedCells,1.000000,lc_c04_combined_SoA,none,SoA,enabled,683593750,386718750,968750000,1082031250,1214843750,894531250,1230468750,1183593750,750000000,453125000,884765624,884765624,10
2025-10-02 14:27:56,5139,pairwise,LinkedCells,1.000000,lc_c08,none,AoS,disabled,722656250,515625000,953125000,574218750,695312500,867187500,574218750,964843750,824218750,777343750,746874999,746874999,10
2025-10-02 14:27:56,5149,pairwise,LinkedCells,1.000000,lc_c08,none,AoS,enabled,792968750,738281250,1062500000,886718750,550781250,1003906250,859375000,730468750,527343750,910156250,806249999,806249999,10
2025-10-02 14:27:56,5159,pairwise,LinkedCells,1.000000,lc_c08,none,SoA,disabled,1375000000,1417968750,984375000,1003906250,1253906250,1351562500,1152343750,675781250,1238281250,1648437500,1210156249,1210156249,10
2025-10-02 14:27:56,5169,pairwise,LinkedCells,1.000000,lc_c08,none,SoA,enabled,1175781250,1347656250,1375000000,1074218750,1699218750,1007812500,792968750,1000000000,1480468750,1285156250,1223828124,1223828124,10
2025-10-02 14:27:56,5179,pairwise,LinkedCells,1.000000,lc_c18,none,AoS,disabled,871093750,847656250,550781250,687500000,714843750,718750000,945312500,773437500,664062500,664062500,743749999,743749999,10
2025-10-02 14:27:56,5189,pairwise,LinkedCells,1.000000,lc_c18,none,AoS,enabled,796875000,824218750,632812500,613281250,976562500,683593750,589843750,1035156250,964843750,851562500,796875000,796875000,10
2025-10-02 14:27:56,5199,pairwise,LinkedCells,1.000000,lc_c18,none,SoA,disabled,671875000,695312500,328125000,1027343750,660156250,1437500000,812500000,828125000,671875000,1109375000,824218749,824218749,10
2025-10-02 14:27:56,5209,pairwise,LinkedCells,1.000000,lc_c18,none,SoA,enabled,480468750,1113281250,718750000,1253906250,1664062500,886718750,867187500,1332031250,671875000,1097656250,1008593749,1008593749,10
2025-10-02 14:27:56,5219,pairwise,LinkedCells,1.000000,lc_sliced,none,AoS,disabled,617187500,230468750,269531250,125000000,0,593750000,0,492187500,359375000,195312500,288281249,288281249,10
2025-10-02 14:27:56,5229,pairwise,LinkedCells,1.000000,lc_sliced,none,AoS,enabled,382812500,0,0,0,335937500,156250000,0,375000000,121093750,292968750,166406249,166406249,10
2025-10-02 14:27:56,5239,pairwise,LinkedCells,1.000000,lc_sliced,none,SoA,disabled,933593750,824218750,531250000,1152343750,507812500,855468750,679687500,914062500,753906250,558593750,771093749,771093749,10
2025-10-02 14:27:56,5249,pairwise,LinkedCells,1.000000,lc_sliced,none,SoA,enabled,671875000,558593750,855468750,832031250,1078125000,1003906250,867187500,480468750,777343750,933593750,805859374,805859374,10
2025-10-02 14:27:56,5259,pairwise,LinkedCells,1.000000,lc_sliced_balanced,none,AoS,disabled,187500000,347656250,363281250,0,0,0,238281250,484375000,175781250,0,179687499,179687499,10
2025-10-02 14:27:56,5269,pairwise,LinkedCells,1.000000,lc_sliced_balanced,none,AoS,enabled,250000000,246093750,390625000,257812500,238281250,179687500,0,0,253906250,308593750,212499999,212499999,10
2025-10-02 14:27:56,5279,pairwise,LinkedCells,1.000000,lc_sliced_balanced,none,SoA,disabled,917968750,953125000,765625000,910156250,597656250,820312500,492187500,875000000,960937500,914062500,820703124,820703124,10
2025-10-02 14:27:56,5289,pairwise,LinkedCells,1.000000,lc_sliced_balanced,none,SoA,enabled,632812500,953125000,964843750,937500000,875000000,652343750,539062500,890625000,652343750,578125000,767578124,767578124,10
2025-10-02 14:27:56,5299,pairwise,LinkedCells,1.000000,lc_sliced_balanced,squared-particles-per-cell,AoS,disabled,429687500,164062500,496093750,597656250,515625000,605468750,613281250,484375000,312500000,421875000,464062499,464062499,10
2025-10-02 14:27:56,5309,pairwise,LinkedCells,1.000000,lc_sliced_balanced,squared-particles-per-cell,AoS,enabled,437500000,210937500,738281250,386718750,167968750,335937500,687500000,449218750,339843750,617187500,437109374,437109374,10
2025-10-02 14:27:56,5319,pairwise,LinkedCells,1.000000,lc_sliced_balanced,squared-particles-per-cell,SoA,disabled,1257812500,1585937500,1441406250,1386718750,1113281250,1386718750,1402343750,1515625000,1296875000,1359375000,1374609374,1374609374,10
2025-10-02 14:27:56,5329,pairwise,LinkedCells,1.000000,lc_sliced_balanced,squared-particles-per-cell,SoA,enabled,1363281250,1429687500,1203125000,1578125000,1308593750,1300781250,1386718750,1390625000,1472656250,1210937500,1364453124,1364453124,10
2025-10-02 14:27:56,5339,pairwise,LinkedCells,1.000000,lc_sliced_c02,none,AoS,disabled,320312500,242187500,234375000,203125000,371093750,0,0,0,277343750,480468750,212890624,212890624,10
2025-10-02 14:27:56,5349,pairwise,LinkedCells,1.000000,lc_sliced_c02,none,AoS,enabled,0,0,0,207031250,207031250,414062500,0,0,476562500,261718750,156640624,156640624,10
2025-10-02 14:27:56,5359,pairwise,LinkedCells,1.000000,lc_sliced_c02,none,SoA,disabled,851562500,937500000,875000000,925781250,925781250,714843750,812500000,656250000,800781250,839843750,833984375,833984375,10
2025-10-02 14:27:56,5369,pairwise,LinkedCells,1.000000,lc_sliced_c02,none,SoA,enabled,804687500,664062500,660156250,589843750,730468750,863281250,757812500,910156250,582031250,742187500,730468749,730468749,10
2025-10-02 14:27:56,5379,pairwise,VerletClusterLists,1.000000,vcl_c01_balanced,none,AoS,disabled,0,0,0,0,164062500,0,0,0,0,0,16406249,16406249,10
2025-10-02 14:27:56,5389,pairwise,VerletClusterLists,1.000000,vcl_c01_balanced,none,SoA,disabled,0,0,0,0,0,0,0,0,0,0,0,0,10
2025-10-02 14:27:56,5399,pairwise,VerletClusterLists,1.000000,vcl_c06,none,AoS,disabled,0,0,0,0,0,0,0,0,0,0,0,0,10
2025-10-02 14:27:56,5409,pairwise,VerletClusterLists,1.000000,vcl_c06,none,AoS,enabled,0,0,183593750,246093750,0,0,0,0,152343750,0,58203124,58203124,10
2025-10-02 14:27:56,5419,pairwise,VerletClusterLists,1.000000,vcl_c06,none,SoA,disabled,0,0,0,0,0,226562500,0,0,0,0,22656249,22656249,10
2025-10-02 14:27:56,5429,pairwise,VerletClusterLists,1.000000,vcl_c06,none,SoA,enabled,0,0,0,238281250,0,0,0,164062500,0,0,40234374,40234374,10
2025-10-02 14:27:56,5439,pairwise,VerletClusterLists,1.000000,vcl_sliced,none,AoS,disabled,0,0,0,0,0,0,195312500,0,0,0,19531249,19531249,10
2025-10-02 14:27:56,5449,pairwise,VerletClusterLists,1.000000,vcl_sliced,none,AoS,enabled,156250000,0,0,0,0,0,0,0,0,0,15625000,15625000,10
2025-10-02 14:27:56,5459,pairwise,VerletClusterLists,1.000000,vcl_sliced,none,SoA,disabled,0,0,230468750,0,0,93750000,0,0,0,0,32421874,32421874,10
2025-10-02 14:27:56,5469,pairwise,VerletClusterLists,1.000000,vcl_sliced,none,SoA,enabled,0,0,0,0,0,0,269531250,0,0,0,26953124,26953124,10
2025-10-02 14:27:56,5479,pairwise,VerletClusterLists,1.000000,vcl_sliced_balanced,none,AoS,disabled,0,0,164062500,0,0,0,0,0,179687500,0,34374999,34374999,10
2025-10-02 14:27:56,5489,pairwise,VerletClusterLists,1.000000,vcl_sliced_balanced,none,AoS,enabled,0,0,0,0,0,0,0,0,0,0,0,0,10
2025-10-02 14:27:56,5499,pairwise,VerletClusterLists,1.000000,vcl_sliced_balanced,none,SoA,disabled,0,0,0,0,0,0,0,0,0,0,0,0,10
2025-10-02 14:27:56,5509,pairwise,VerletClusterLists,1.000000,vcl_sliced_balanced,none,SoA,enabled,0,0,0,0,0,0,0,0,0,0,0,0,10
2025-10-02 14:27:56,5519,pairwise,VerletClusterLists,1.000000,vcl_sliced_balanced,neighbor-list-length,AoS,disabled,0,0,0,0,0,0,0,0,0,195312500,19531249,19531249,10
2025-10-02 14:27:56,5529,pairwise,VerletClusterLists,1.000000,vcl_sliced_balanced,neighbor-list-length,AoS,enabled,0,191406250,0,0,0,0,0,0,0,222656250,41406249,41406249,10
2025-10-02 14:27:56,5539,pairwise,VerletClusterLists,1.000000,vcl_sliced_balanced,neighbor-list-length,SoA,disabled,0,0,0,171875000,0,0,0,0,0,0,17187499,17187499,10
2025-10-02 14:27:56,5549,pairwise,VerletClusterLists,1.000000,vcl_sliced_balanced,neighbor-list-length,SoA,enabled,0,164062500,0,0,0,0,0,0,0,265625000,42968749,42968749,10
2025-10-02 14:27:56,5559,pairwise,VerletClusterLists,1.000000,vcl_sliced_c02,none,AoS,disabled,0,0,0,0,0,0,0,0,0,0,0,0,10
2025-10-02 14:27:56,5569,pairwise,VerletClusterLists,1.000000,vcl_sliced_c02,none,AoS,enabled,0,0,199218750,0,0,0,0,0,0,0,19921874,19921874,10
2025-10-02 14:27:56,5579,pairwise,VerletClusterLists,1.000000,vcl_sliced_c02,none,SoA,disabled,175781250,265625000,0,0,0,0,0,0,0,0,44140624,44140624,10
2025-10-02 14:27:56,5589,pairwise,VerletClusterLists,1.000000,vcl_sliced_c02,none,SoA,enabled,0,0,0,210937500,0,0,0,0,0,0,21093750,21093750,10
2025-10-02 14:27:56,5599,pairwise,VerletLists,1.000000,vl_list_iteration,none,AoS,disabled,1746093750,0,0,0,0,0,0,0,0,0,174609375,174609375,10
2025-10-02 14:27:56,5609,pairwise,VerletLists,1.000000,vl_list_iteration,none,SoA,disabled,2671875000,812500000,886718750,941406250,585937500,777343750,785156250,511718750,1046875000,625000000,964453124,964453124,10
2025-10-02 14:27:56,5619,pairwise,VerletListsCells,1.000000,vlc_c01,none,AoS,disabled,9324218750,554687500,535156250,761718750,789062500,746093750,605468750,570312500,613281250,710937500,1521093749,1521093749,10
2025-10-02 14:27:56,5629,pairwise,VerletListsCells,1.000000,vlc_c01,none,SoA,disabled,10832031250,1386718750,1292968750,1199218750,1167968750,718750000,1402343750,1093750000,1183593750,1179687500,2145703124,2145703124,10
2025-10-02 14:27:56,5639,pairwise,VerletListsCells,1.000000,vlc_c18,none,AoS,disabled,6218750000,925781250,960937500,777343750,679687500,621093750,820312500,660156250,570312500,707031250,1294140624,1294140624,10
2025-10-02 14:27:56,5649,pairwise,VerletListsCells,1.000000,vlc_c18,none,AoS,enabled,5812500000,730468750,710937500,539062500,578125000,726562500,750000000,714843750,906250000,777343750,1224609375,1224609375,10
2025-10-02 14:27:56,5659,pairwise,VerletListsCells,1.000000,vlc_c18,none,SoA,disabled,7472656250,1242187500,1269531250,1425781250,1226562500,1582031250,1417968750,1621093750,1441406250,1203125000,1990234374,1990234374,10
2025-10-02 14:27:56,5669,pairwise,VerletListsCells,1.000000,vlc_c18,none,SoA,enabled,7488281250,1625000000,1378906250,1468750000,1386718750,1421875000,1136718750,1390625000,1328125000,1382812500,2000781249,2000781249,10
2025-10-02 14:27:56,5679,pairwise,VerletListsCells,1.000000,vlc_c08,none,AoS,disabled,4593750000,843750000,382812500,757812500,738281250,648437500,320312500,585937500,554687500,468750000,989453124,989453124,10
2025-10-02 14:27:56,5689,pairwise,VerletListsCells,1.000000,vlc_c08,none,AoS,enabled,3976562500,808593750,488281250,777343750,664062500,757812500,605468750,445312500,753906250,558593750,983593749,983593749,10
2025-10-02 14:27:57,5699,pairwise,VerletListsCells,1.000000,vlc_c08,none,SoA,disabled,5921875000,1328125000,1109375000,1089843750,1476562500,1492187500,1335937500,1218750000,1109375000,1300781250,1738281250,1738281250,10
2025-10-02 14:27:57,5709,pairwise,VerletListsCells,1.000000,vlc_c08,none,SoA,enabled,5679687500,1285156250,1511718750,1257812500,1261718750,1617187500,1535156250,1453125000,1410156250,1414062500,1842578124,1842578124,10
2025-10-02 14:27:57,5719,pairwise,VerletListsCells,1.000000,vlc_sliced,none,AoS,disabled,5640625000,0,0,0,0,0,0,0,183593750,0,582421874,582421874,10
2025-10-02 14:27:57,5729,pairwise,VerletListsCells,1.000000,vlc_sliced,none,AoS,enabled,5316406250,0,0,183593750,105468750,195312500,0,0,167968750,0,596874999,596874999,10
2025-10-02 14:27:57,5739,pairwise,VerletListsCells,1.000000,vlc_sliced,none,SoA,disabled,7039062500,730468750,683593750,1160156250,691406250,687500000,886718750,804687500,929687500,667968750,1428125000,1428125000,10
2025-10-02 14:27:57,5749,pairwise,VerletListsCells,1.000000,vlc_sliced,none,SoA,enabled,6730468750,437500000,542968750,875000000,519531250,835937500,796875000,312500000,519531250,855468750,1242578125,1242578125,10
2025-10-02 14:27:57,5759,pairwise,VerletListsCells,1.000000,vlc_sliced_balanced,none,AoS,disabled,5445312500,0,0,0,0,0,0,0,0,343750000,578906249,578906249,10
2025-10-02 14:27:57,5769,pairwise,VerletListsCells,1.000000,vlc_sliced_balanced,none,AoS,enabled,5218750000,0,0,0,0,0,0,0,0,0,521875000,521875000,10
2025-10-02 14:27:57,5779,pairwise,VerletListsCells,1.000000,vlc_sliced_balanced,none,SoA,disabled,7054687500,554687500,558593750,785156250,800781250,792968750,960937500,753906250,515625000,531250000,1330859374,1330859374,10
2025-10-02 14:27:57,5789,pairwise,VerletListsCells,1.000000,vlc_sliced_balanced,none,SoA,enabled,6601562500,843750000,851562500,773437500,718750000,667968750,636718750,957031250,609375000,796875000,1345703125,1345703125,10
2025-10-02 14:27:57,5799,pairwise,VerletListsCells,1.000000,vlc_sliced_balanced,squared-particles-per-cell,AoS,disabled,5210937500,0,0,0,0,234375000,179687500,0,0,0,562499999,562499999,10
2025-10-02 14:27:57,5809,pairwise,VerletListsCells,1.000000,vlc_sliced_balanced,squared-particles-per-cell,AoS,enabled,5207031250,0,199218750,187500000,0,0,0,0,82031250,242187500,591796874,591796874,10
2025-10-02 14:27:57,5819,pairwise,VerletListsCells,1.000000,vlc_sliced_balanced,squared-particles-per-cell,SoA,disabled,6648437500,535156250,824218750,398437500,929687500,890625000,992187500,1000000000,769531250,492187500,1348046874,1348046874,10
2025-10-02 14:27:57,5829,pairwise,VerletListsCells,1.000000,vlc_sliced_balanced,squared-particles-per-cell,SoA,enabled,6730468750,632812500,929687500,546875000,812500000,804687500,699218750,621093750,679687500,675781250,1313281249,1313281249,10
2025-10-02 14:27:57,5839,pairwise,VerletListsCells,1.000000,vlc_sliced_balanced,neighbor-list-length,AoS,disabled,5121093750,0,0,0,199218750,0,0,164062500,0,0,548437499,548437499,10
2025-10-02 14:27:57,5849,pairwise,VerletListsCells,1.000000,vlc_sliced_balanced,neighbor-list-length,AoS,enabled,5105468750,242187500,0,183593750,0,273437500,0,0,0,0,580468749,580468749,10
2025-10-02 14:27:57,5859,pairwise,VerletListsCells,1.000000,vlc_sliced_balanced,neighbor-list-length,SoA,disabled,6687500000,648437500,890625000,800781250,542968750,792968750,1000000000,953125000,656250000,925781250,1389843749,1389843749,10
2025-10-02 14:27:57,5869,pairwise,VerletListsCells,1.000000,vlc_sliced_balanced,neighbor-list-length,SoA,enabled,6742187500,554687500,800781250,414062500,695312500,777343750,781250000,777343750,593750000,433593750,1257031249,1257031249,10
2025-10-02 14:27:57,5879,pairwise,VerletListsCells,1.000000,vlc_sliced_c02,none,AoS,disabled,4894531250,0,199218750,0,207031250,0,0,0,0,0,530078124,530078124,10
2025-10-02 14:27:57,5889,pairwise,VerletListsCells,1.000000,vlc_sliced_c02,none,AoS,enabled,5296875000,0,0,0,0,0,0,0,0,0,529687500,529687500,10
2025-10-02 14:27:57,5899,pairwise,VerletListsCells,1.000000,vlc_sliced_c02,none,SoA,disabled,6988281250,714843750,792968750,664062500,648437500,710937500,597656250,671875000,972656250,742187500,1350390624,1350390624,10
2025-10-02 14:27:57,5909,pairwise,VerletListsCells,1.000000,vlc_sliced_c02,none,SoA,enabled,7015625000,605468750,714843750,1070312500,835937500,828125000,820312500,882812500,644531250,796875000,1421484374,1421484374,10
2025-10-02 14:27:57,5919,pairwise,PairwiseVerletLists,1.000000,vlp_c01,none,AoS,disabled,6570312500,394531250,496093750,652343750,605468750,875000000,640625000,617187500,644531250,687500000,1218359374,1218359374,10
2025-10-02 14:27:57,5929,pairwise,PairwiseVerletLists,1.000000,vlp_c01,none,SoA,disabled,14480468750,1585937500,1507812500,1398437500,1238281250,1492187500,1238281250,1132812500,1421875000,1343750000,2683984374,2683984374,10
2025-10-02 14:27:57,5939,pairwise,PairwiseVerletLists,1.000000,vlp_c18,none,AoS,disabled,6167968750,675781250,859375000,1113281250,1128906250,878906250,878906250,972656250,726562500,988281250,1439062499,1439062499,10
2025-10-02 14:27:57,5949,pairwise,PairwiseVerletLists,1.000000,vlp_c18,none,AoS,enabled,6250000000,1113281250,761718750,1062500000,960937500,781250000,824218750,972656250,1101562500,828125000,1465624999,1465624999,10
2025-10-02 14:27:57,5959,pairwise,PairwiseVerletLists,1.000000,vlp_c18,none,SoA,disabled,14074218750,1785156250,1675781250,1593750000,1566406250,1851562500,1429687500,1570312500,1640625000,1617187500,2880468750,2880468750,10
2025-10-02 14:27:58,5969,pairwise,PairwiseVerletLists,1.000000,vlp_c18,none,SoA,enabled,13722656250,1363281250,1445312500,1480468750,1632812500,1671875000,1406250000,1890625000,1394531250,1570312500,2757812499,2757812499,10
2025-10-02 14:27:58,5979,pairwise,PairwiseVerletLists,1.000000,vlp_sliced,none,AoS,disabled,5968750000,554687500,300781250,199218750,300781250,554687500,480468750,332031250,390625000,402343750,948437500,948437500,10
2025-10-02 14:27:58,5989,pairwise,PairwiseVerletLists,1.000000,vlp_sliced,none,AoS,enabled,5972656250,500000000,457031250,324218750,183593750,195312500,308593750,250000000,445312500,371093750,900781249,900781249,10
2025-10-02 14:27:58,5999,pairwise,PairwiseVerletLists,1.000000,vlp_sliced,none,SoA,disabled,13710937500,1457031250,968750000,1039062500,1042968750,1078125000,1066406250,1097656250,1410156250,750000000,2362109374,2362109374,10
2025-10-02 14:27:58,6009,pairwise,PairwiseVerletLists,1.000000,vlp_sliced,none,SoA,enabled,13492187500,1324218750,1425781250,1167968750,1125000000,1222656250,875000000,898437500,1089843750,1144531250,2376562499,2376562499,10
2025-10-02 14:27:58,6019,pairwise,PairwiseVerletLists,1.000000,vlp_sliced_balanced,none,AoS,disabled,5562500000,472656250,328125000,0,429687500,152343750,460937500,105468750,402343750,285156250,819921875,819921875,10
2025-10-02 14:27:58,6029,pairwise,PairwiseVerletLists,1.000000,vlp_sliced_balanced,none,AoS,enabled,5640625000,453125000,324218750,339843750,308593750,218750000,171875000,359375000,445312500,281250000,854296874,854296874,10
2025-10-02 14:27:58,6039,pairwise,PairwiseVerletLists,1.000000,vlp_sliced_balanced,none,SoA,disabled,13300781250,1304687500,1066406250,980468750,1023437500,1183593750,1148437500,960937500,1109375000,1027343750,2310546874,2310546874,10
2025-10-02 14:27:58,6049,pairwise,PairwiseVerletLists,1.000000,vlp_sliced_balanced,none,SoA,enabled,13625000000,1261718750,1023437500,1078125000,1261718750,1199218750,1054687500,828125000,984375000,1292968750,2360937500,2360937500,10
2025-10-02 14:27:58,6059,pairwise,PairwiseVerletLists,1.000000,vlp_sliced_c02,none,AoS,disabled,5941406250,535156250,292968750,410156250,410156250,597656250,472656250,605468750,500000000,445312500,1021093749,1021093749,10
2025-10-02 14:27:58,6069,pairwise,PairwiseVerletLists,1.000000,vlp_sliced_c02,none,AoS,enabled,5613281250,628906250,140625000,410156250,410156250,328125000,144531250,296875000,421875000,292968750,868749999,868749999,10
2025-10-02 14:27:58,6079,pairwise,PairwiseVerletLists,1.000000,vlp_sliced_c02,none,SoA,disabled,13871093750,1179687500,1246093750,1398437500,1160156250,1183593750,1050781250,1218750000,925781250,1214843750,2444921874,2444921874,10
2025-10-02 14:27:58,6089,pairwise,PairwiseVerletLists,1.000000,vlp_sliced_c02,none,SoA,enabled,13937500000,1214843750,1484375000,1378906250,1218750000,1042968750,1183593750,1496093750,1117187500,1218750000,2529296875,2529296875,10
2025-10-02 14:27:58,6099,pairwise,PairwiseVerletLists,1.000000,vlp_c08,none,AoS,disabled,6656250000,1640625000,1582031250,1542968750,1539062500,1351562500,1171875000,1421875000,1460937500,1476562500,1984374999,1984374999,10
2025-10-02 14:27:58,6109,pairwise,PairwiseVerletLists,1.000000,vlp_c08,none,AoS,enabled,6222656250,882812500,1066406250,1097656250,1031250000,1050781250,898437500,1015625000,789062500,1003906250,1505859374,1505859374,10
2025-10-02 14:27:58,6119,pairwise,PairwiseVerletLists,1.000000,vlp_c08,none,SoA,disabled,15156250000,2625000000,2460937500,2781250000,2734375000,2871093750,2714843750,2546875000,2339843750,2367187500,3859765624,3859765624,10
2025-10-02 14:27:58,6129,pairwise,PairwiseVerletLists,1.000000,vlp_c08,none,SoA,enabled,14882812500,1847656250,1898437500,1968750000,1878906250,2062500000,1914062500,1566406250,1882812500,1710937500,3161328124,3161328124,10
2025-10-02 14:30:23,10009,pairwise,LinkedCells,1.000000,lc_c01,none,AoS,disabled,539062500,546875000,726562500,640625000,476562500,679687500,632812500,429687500,671875000,640625000,598437499,598437499,10
2025-10-02 14:30:23,10019,pairwise,LinkedCells,1.000000,lc_c01,none,SoA,disabled,1093750000,679687500,882812500,1062500000,1023437500,953125000,1437500000,1398437500,1054687500,914062500,1049999999,1049999999,10
2025-10-02 14:30:23,10029,pairwise,LinkedCells,1.000000,lc_c01_combined_SoA,none,SoA,disabled,718750000,796875000,890625000,968750000,1250000000,1210937500,890625000,875000000,835937500,968750000,940624999,940624999,10
2025-10-02 14:30:24,10039,pairwise,LinkedCells,1.000000,lc_c04,none,AoS,disabled,328125000,437500000,218750000,179687500,476562500,414062500,187500000,0,179687500,0,242187499,242187499,10
2025-10-02 14:30:24,10049,pairwise,LinkedCells,1.000000,lc_c04,none,AoS,enabled,515625000,109375000,320312500,367187500,429687500,0,515625000,250000000,335937500,179687500,302343749,302343749,10
2025-10-02 14:30:24,10059,pairwise,LinkedCells,1.000000,lc_c04,none,SoA,disabled,1015625000,1000000000,546875000,812500000,820312500,718750000,507812500,1007812500,984375000,984375000,839843750,839843750,10
2025-10-02 14:30:24,10069,pairwise,LinkedCells,1.000000,lc_c04,none,SoA,enabled,531250000,718750000,382812500,796875000,539062500,515625000,1187500000,960937500,898437500,734375000,726562499,726562499,10
2025-10-02 14:30:24,10079,pairwise,LinkedCells,1.000000,lc_c04_HCP,none,AoS,disabled,328125000,148437500,312500000,281250000,476562500,390625000,187500000,187500000,375000000,429687500,311718749,311718749,10
2025-10-02 14:30:24,10089,pairwise,LinkedCells,1.000000,lc_c04_HCP,none,AoS,enabled,0,0,492187500,109375000,304687500,171875000,0,429687500,171875000,0,167968749,167968749,10
2025-10-02 14:30:24,10099,pairwise,LinkedCells,1.000000,lc_c04_HCP,none,SoA,disabled,1250000000,1140625000,906250000,1242187500,656250000,1093750000,882812500,484375000,1046875000,992187500,969531249,969531249,10
2025-10-02 14:30:24,10109,pairwise,LinkedCells,1.000000,lc_c04_HCP,none,SoA,enabled,1203125000,789062500,726562500,1007812500,789062500,1070312500,742187500,500000000,859375000,601562500,828906249,828906249,10
2025-10-02 14:30:24,10119,pairwise,LinkedCells,1.000000,lc_c04_combined_SoA,none,SoA,disabled,1382812500,1023437500,1039062500,796875000,1179687500,781250000,1382812500,906250000,1234375000,765625000,1049218749,1049218749,10
2025-10-02 14:30:24,10129,pairwise,LinkedCells,1.000000,lc_c04_combined_SoA,none,SoA,enabled,875000000,750000000,1148437500,1117187500,953125000,843750000,687500000,1007812500,734375000,914062500,903125000,903125000,10
2025-10-02 14:30:24,10139,pairwise,LinkedCells,1.000000,lc_c08,none,AoS,disabled,1078125000,664062500,679687500,726562500,804687500,695312500,718750000,601562500,835937500,601562500,740625000,740625000,10
2025-10-02 14:30:24,10149,pairwise,LinkedCells,1.000000,lc_c08,none,AoS,enabled,492187500,820312500,843750000,757812500,820312500,671875000,812500000,515625000,781250000,867187500,738281250,738281250,10
2025-10-02 14:30:24,10159,pairwise,LinkedCells,1.000000,lc_c08,none,SoA,disabled,1140625000,1609375000,1796875000,1265625000,1179687500,1570312500,1546875000,1195312500,1046875000,914062500,1326562499,1326562499,10
2025-10-02 14:30:24,10169,pairwise,LinkedCells,1.000000,lc_c08,none,SoA,enabled,1023437500,1515625000,1093750000,984375000,1234375000,859375000,1289062500,1054687500,1398437500,1554687500,1200781249,1200781249,10
2025-10-02 14:30:24,10179,pairwise,LinkedCells,1.000000,lc_c18,none,AoS,disabled,765625000,804687500,703125000,570312500,789062500,867187500,468750000,789062500,687500000,859375000,730468750,730468750,10
2025-10-02 14:30:24,10189,pairwise,LinkedCells,1.000000,lc_c18,none,AoS,enabled,679687500,781250000,765625000,890625000,593750000,695312500,554687500,656250000,890625000,718750000,722656249,722656249,10
2025-10-02 14:30:24,10199,pairwise,LinkedCells,1.000000,lc_c18,none,SoA,disabled,1023437500,1000000000,835937500,875000000,789062500,1085937500,1226562500,1281250000,867187500,750000000,973437499,973437499,10
2025-10-02 14:30:24,10209,pairwise,LinkedCells,1.000000,lc_c18,none,SoA,enabled,1570312500,937500000,1187500000,796875000,1265625000,1156250000,1492187500,710937500,992187500,1164062500,1127343750,1127343750,10
2025-10-02 14:30:24,10219,pairwise,LinkedCells,1.000000,lc_sliced,none,AoS,disabled,0,382812500,0,218750000,140625000,437500000,187500000,0,0,304687500,167187499,167187499,10
2025-10-02 14:30:24,10229,pairwise,LinkedCells,1.000000,lc_sliced,none,AoS,enabled,453125000,0,648437500,0,179687500,335937500,164062500,0,218750000,0,200000000,200000000,10
2025-10-02 14:30:24,10239,pairwise,LinkedCells,1.000000,lc_sliced,none,SoA,disabled,1007812500,859375000,679687500,742187500,640625000,742187500,460937500,828125000,859375000,867187500,768750000,768750000,10
2025-10-02 14:30:24,10249,pairwise,LinkedCells,1.000000,lc_sliced,none,SoA,enabled,843750000,757812500,976562500,734375000,734375000,812500000,882812500,921875000,781250000,757812500,820312499,820312499,10
2025-10-02 14:30:24,10259,pairwise,LinkedCells,1.000000,lc_sliced_balanced,none,AoS,disabled,234375000,343750000,0,0,0,250000000,218750000,281250000,171875000,171875000,167187499,167187499,10
2025-10-02 14:30:24,10269,pairwise,LinkedCells,1.000000,lc_sliced_balanced,none,AoS,enabled,0,0,0,218750000,492187500,0,132812500,0,304687500,0,114843749,114843749,10
2025-10-02 14:30:24,10279,pairwise,LinkedCells,1.000000,lc_sliced_balanced,none,SoA,disabled,726562500,1015625000,921875000,1078125000,789062500,1023437500,585937500,828125000,914062500,750000000,863281249,863281249,10
2025-10-02 14:30:24,10289,pairwise,LinkedCells,1.000000,lc_sliced_balanced,none,SoA,enabled,781250000,843750000,570312500,851562500,898437500,937500000,796875000,921875000,859375000,835937500,829687499,829687499,10
2025-10-02 14:30:24,10299,pairwise,LinkedCells,1.000000,lc_sliced_balanced,squared-particles-per-cell,AoS,disabled,664062500,195312500,367187500,382812500,703125000,328125000,414062500,445312500,562500000,445312500,450781249,450781249,10
2025-10-02 14:30:24,10309,pairwise,LinkedCells,1.000000,lc_sliced_balanced,squared-particles-per-cell,AoS,enabled,507812500,671875000,398437500,320312500,664062500,328125000,617187500,812500000,617187500,335937500,527343749,527343749,10
2025-10-02 14:30:24,10319,pairwise,LinkedCells,1.000000,lc_sliced_balanced,squared-particles-per-cell,SoA,disabled,1937500000,1320312500,1460937500,1632812500,1593750000,1453125000,1609375000,1750000000,1320312500,1695312500,1577343749,1577343749,10
2025-10-02 14:30:24,10329,pairwise,LinkedCells,1.000000,lc_sliced_balanced,squared-particles-per-cell,SoA,enabled,1687500000,1445312500,1718750000,1492187500,1429687500,1179687500,1578125000,1593750000,1718750000,1796875000,1564062499,1564062499,10
2025-10-02 14:30:24,10339,pairwise,LinkedCells,1.000000,lc_sliced_c02,none,AoS,disabled,335937500,101562500,203125000,226562500,234375000,0,0,0,0,429687500,153125000,153125000,10
2025-10-02 14:30:24,10349,pairwise,LinkedCells,1.000000,lc_sliced_c02,none,AoS,enabled,156250000,0,0,304687500,398437500,125000000,195312500,0,0,234375000,141406249,141406249,10
2025-10-02 14:30:24,10359,pairwise,LinkedCells,1.000000,lc_sliced_c02,none,SoA,disabled,796875000,781250000,695312500,554687500,929687500,828125000,937500000,703125000,875000000,640625000,774218749,774218749,10
2025-10-02 14:30:24,10369,pairwise,LinkedCells,1.000000,lc_sliced_c02,none,SoA,enabled,578125000,601562500,718750000,703125000,578125000,851562500,789062500,867187500,859375000,742187500,728906249,728906249,10
2025-10-02 14:30:24,10379,pairwise,VerletClusterLists,1.000000,vcl_c01_balanced,none,AoS,disabled,0,0,0,0,0,0,0,0,0,0,0,0,10
2025-10-02 14:30:24,10389,pairwise,VerletClusterLists,1.000000,vcl_c01_balanced,none,SoA,disabled,0,226562500,0,0,0,125000000,0,0,0,0,35156250,35156250,10
2025-10-02 14:30:24,10399,pairwise,VerletClusterLists,1.000000,vcl_c06,none,AoS,disabled,0,0,0,0,0,0,0,0,0,171875000,17187499,17187499,10
2025-10-02 14:30:24,10409,pairwise,VerletClusterLists,1.000000,vcl_c06,none,AoS,enabled,195312500,0,0,0,0,0,0,0,0,0,19531250,19531250,10
2025-10-02 14:30:24,10419,pairwise,VerletClusterLists,1.000000,vcl_c06,none,SoA,disabled,0,132812500,0,0,281250000,0,0,0,0,0,41406249,41406249,10
2025-10-02 14:30:24,10429,pairwise,VerletClusterLists,1.000000,vcl_c06,none,SoA,enabled,0,0,0,179687500,171875000,0,0,0,0,0,35156250,35156250,10
2025-10-02 14:30:24,10439,pairwise,VerletClusterLists,1.000000,vcl_sliced,none,AoS,disabled,0,187500000,0,320312500,0,0,0,0,0,0,50781249,50781249,10
2025-10-02 14:30:24,10449,pairwise,VerletClusterLists,1.000000,vcl_sliced,none,AoS,enabled,0,0,0,0,0,0,0,210937500,0,0,21093750,21093750,10
2025-10-02 14:30:24,10459,pairwise,VerletClusterLists,1.000000,vcl_sliced,none,SoA,disabled,0,0,0,156250000,0,0,0,0,0,0,15624999,15624999,10
2025-10-02 14:30:24,10469,pairwise,VerletClusterLists,1.000000,vcl_sliced,none,SoA,enabled,0,0,312500000,0,0,0,0,0,210937500,0,52343749,52343749,10
2025-10-02 14:30:24,10479,pairwise,VerletClusterLists,1.000000,vcl_sliced_balanced,none,AoS,disabled,0,0,0,0,0,0,0,0,0,0,0,0,10
2025-10-02 14:30:24,10489,pairwise,VerletClusterLists,1.000000,vcl_sliced_balanced,none,AoS,enabled,187500000,0,0,0,0,0,0,0,0,0,18750000,18750000,10
2025-10-02 14:30:24,10499,pairwise,VerletClusterLists,1.000000,vcl_sliced_balanced,none,SoA,disabled,0,0,0,0,0,0,234375000,0,0,0,23437499,23437499,10
2025-10-02 14:30:24,10509,pairwise,VerletClusterLists,1.000000,vcl_sliced_balanced,none,SoA,enabled,0,140625000,0,0,0,0,0,0,0,148437500,28906249,28906249,10
2025-10-02 14:30:24,10519,pairwise,VerletClusterLists,1.000000,vcl_sliced_balanced,neighbor-list-length,AoS,disabled,0,0,0,0,0,0,218750000,0,0,226562500,44531249,44531249,10
2025-10-02 14:30:24,10529,pairwise,VerletClusterLists,1.000000,vcl_sliced_balanced,neighbor-list-length,AoS,enabled,0,0,0,0,0,0,0,0,0,0,0,0,10
2025-10-02 14:30:24,10539,pairwise,VerletClusterLists,1.000000,vcl_sliced_balanced,neighbor-list-length,SoA,disabled,0,0,0,0,0,0,343750000,0,0,0,34374999,34374999,10
2025-10-02 14:30:24,10549,pairwise,VerletClusterLists,1.000000,vcl_sliced_balanced,neighbor-list-length,SoA,enabled,0,0,0,0,250000000,0,0,0,0,0,24999999,24999999,10
2025-10-02 14:30:24,10559,pairwise,VerletClusterLists,1.000000,vcl_sliced_c02,none,AoS,disabled,218750000,0,0,0,0,0,0,0,0,0,21875000,21875000,10
2025-10-02 14:30:24,10569,pairwise,VerletClusterLists,1.000000,vcl_sliced_c02,none,AoS,enabled,0,0,0,0,0,0,0,0,0,0,0,0,10
2025-10-02 14:30:24,10579,pairwise,VerletClusterLists,1.000000,vcl_sliced_c02,none,SoA,disabled,0,195312500,0,0,0,0,0,0,0,0,19531249,19531249,10
2025-10-02 14:30:24,10589,pairwise,VerletClusterLists,1.000000,vcl_sliced_c02,none,SoA,enabled,0,0,0,0,0,0,242187500,0,0,0,24218749,24218749,10
2025-10-02 14:30:24,10599,pairwise,VerletLists,1.000000,vl_list_iteration,none,AoS,disabled,1601562500,0,0,0,0,0,0,0,171875000,0,177343749,177343749,10
2025-10-02 14:30:24,10609,pairwise,VerletLists,1.000000,vl_list_iteration,none,SoA,disabled,2921875000,726562500,851562500,593750000,703125000,968750000,914062500,734375000,617187500,578125000,960937499,960937499,10
2025-10-02 14:30:24,10619,pairwise,VerletListsCells,1.000000,vlc_c01,none,AoS,disabled,8726562500,492187500,531250000,843750000,648437500,804687500,710937500,726562500,640625000,531250000,1465624999,1465624999,10
2025-10-02 14:30:24,10629,pairwise,VerletListsCells,1.000000,vlc_c01,none,SoA,disabled,10539062500,1000000000,1179687500,1382812500,1101562500,1109375000,1171875000,1132812500,1179687500,953125000,2074999999,2074999999,10
2025-10-02 14:30:24,10639,pairwise,VerletListsCells,1.000000,vlc_c18,none,AoS,disabled,6062500000,679687500,906250000,679687500,710937500,460937500,578125000,625000000,664062500,765625000,1213281249,1213281249,10
2025-10-02 14:30:25,10649,pairwise,VerletListsCells,1.000000,vlc_c18,none,AoS,enabled,5507812500,648437500,789062500,664062500,695312500,773437500,554687500,820312500,648437500,546875000,1164843749,1164843749,10
2025-10-02 14:30:25,10659,pairwise,VerletListsCells,1.000000,vlc_c18,none,SoA,disabled,7445312500,1523437500,1257812500,1437500000,1476562500,1632812500,1023437500,1382812500,1492187500,1523437500,2019531249,2019531249,10
2025-10-02 14:30:25,10669,pairwise,VerletListsCells,1.000000,vlc_c18,none,SoA,enabled,7203125000,1328125000,1335937500,1250000000,1382812500,1375000000,1007812500,1046875000,1335937500,1148437500,1841406249,1841406249,10
2025-10-02 14:30:25,10679,pairwise,VerletListsCells,1.000000,vlc_c08,none,AoS,disabled,4257812500,656250000,851562500,671875000,570312500,937500000,601562500,734375000,828125000,554687500,1066406249,1066406249,10
2025-10-02 14:30:25,10689,pairwise,VerletListsCells,1.000000,vlc_c08,none,AoS,enabled,4062500000,757812500,796875000,703125000,679687500,500000000,718750000,812500000,679687500,734375000,1044531249,1044531249,10
2025-10-02 14:30:25,10699,pairwise,VerletListsCells,1.000000,vlc_c08,none,SoA,disabled,5484375000,1125000000,1281250000,1250000000,1500000000,1328125000,1476562500,1343750000,1257812500,1296875000,1734374999,1734374999,10
2025-10-02 14:30:25,10709,pairwise,VerletListsCells,1.000000,vlc_c08,none,SoA,enabled,5929687500,1179687500,929687500,1343750000,1750000000,1296875000,1179687500,1132812500,1265625000,1203125000,1721093749,1721093749,10
2025-10-02 14:30:25,10719,pairwise,VerletListsCells,1.000000,vlc_sliced,none,AoS,disabled,5156250000,0,0,0,0,0,0,0,0,0,515625000,515625000,10
2025-10-02 14:30:25,10729,pairwise,VerletListsCells,1.000000,vlc_sliced,none,AoS,enabled,4937500000,0,0,0,0,0,156250000,0,0,0,509374999,509374999,10
2025-10-02 14:30:25,10739,pairwise,VerletListsCells,1.000000,vlc_sliced,none,SoA,disabled,7171875000,906250000,687500000,585937500,625000000,812500000,460937500,750000000,554687500,789062500,1334374999,1334374999,10
2025-10-02 14:30:25,10749,pairwise,VerletListsCells,1.000000,vlc_sliced,none,SoA,enabled,7125000000,851562500,632812500,625000000,742187500,804687500,867187500,1031250000,593750000,601562500,1387500000,1387500000,10
2025-10-02 14:30:25,10759,pairwise,VerletListsCells,1.000000,vlc_sliced_balanced,none,AoS,disabled,5492187500,0,0,0,0,0,0,0,0,0,549218750,549218750,10
2025-10-02 14:30:25,10769,pairwise,VerletListsCells,1.000000,vlc_sliced_balanced,none,AoS,enabled,4984375000,0,132812500,0,171875000,0,0,0,0,0,528906249,528906249,10
2025-10-02 14:30:25,10779,pairwise,VerletListsCells,1.000000,vlc_sliced_balanced,none,SoA,disabled,7242187500,750000000,406250000,757812500,843750000,601562500,585937500,625000000,914062500,546875000,1327343749,1327343749,10
2025-10-02 14:30:25,10789,pairwise,VerletListsCells,1.000000,vlc_sliced_balanced,none,SoA,enabled,6562500000,460937500,671875000,882812500,679687500,906250000,867187500,843750000,945312500,679687500,1349999999,1349999999,10
2025-10-02 14:30:25,10799,pairwise,VerletListsCells,1.000000,vlc_sliced_balanced,squared-particles-per-cell,AoS,disabled,5187500000,0,242187500,0,0,0,257812500,0,0,0,568749999,568749999,10
2025-10-02 14:30:25,10809,pairwise,VerletListsCells,1.000000,vlc_sliced_balanced,squared-particles-per-cell,AoS,enabled,5296875000,0,0,0,0,148437500,0,0,0,0,544531249,544531249,10
2025-10-02 14:30:25,10819,pairwise,VerletListsCells,1.000000,vlc_sliced_balanced,squared-particles-per-cell,SoA,disabled,7054687500,718750000,546875000,578125000,796875000,640625000,546875000,632812500,851562500,703125000,1307031249,1307031249,10
2025-10-02 14:30:25,10829,pairwise,VerletListsCells,1.000000,vlc_sliced_balanced,squared-particles-per-cell,SoA,enabled,6742187500,812500000,640625000,789062500,546875000,867187500,820312500,625000000,953125000,945312500,1374218749,1374218749,10
2025-10-02 14:30:25,10839,pairwise,VerletListsCells,1.000000,vlc_sliced_balanced,neighbor-list-length,AoS,disabled,5187500000,0,179687500,117187500,0,179687500,304687500,156250000,156250000,281250000,656249999,656249999,10
2025-10-02 14:30:25,10849,pairwise,VerletListsCells,1.000000,vlc_sliced_balanced,neighbor-list-length,AoS,enabled,4960937500,0,0,0,234375000,0,0,0,0,0,519531249,519531249,10
2025-10-02 14:30:25,10859,pairwise,VerletListsCells,1.000000,vlc_sliced_balanced,neighbor-list-length,SoA,disabled,7164062500,304687500,656250000,687500000,562500000,570312500,796875000,750000000,679687500,679687500,1285156249,1285156249,10
2025-10-02 14:30:25,10869,pairwise,VerletListsCells,1.000000,vlc_sliced_balanced,neighbor-list-length,SoA,enabled,6632812500,968750000,554687500,554687500,507812500,937500000,875000000,562500000,664062500,554687500,1281249999,1281249999,10
2025-10-02 14:30:25,10879,pairwise,VerletListsCells,1.000000,vlc_sliced_c02,none,AoS,disabled,5593750000,0,0,0,0,203125000,0,0,218750000,328125000,634374999,634374999,10
2025-10-02 14:30:25,10889,pairwise,VerletListsCells,1.000000,vlc_sliced_c02,none,AoS,enabled,4953125000,0,0,0,0,0,0,0,0,265625000,521874999,521874999,10
2025-10-02 14:30:25,10899,pairwise,VerletListsCells,1.000000,vlc_sliced_c02,none,SoA,disabled,6992187500,914062500,828125000,812500000,679687500,937500000,648437500,460937500,671875000,570312500,1351562499,1351562499,10
2025-10-02 14:30:25,10909,pairwise,VerletListsCells,1.000000,vlc_sliced_c02,none,SoA,enabled,6750000000,671875000,640625000,476562500,687500000,906250000,757812500,757812500,750000000,703125000,1310156249,1310156249,10
2025-10-02 14:30:25,10919,pairwise,PairwiseVerletLists,1.000000,vlp_c01,none,AoS,disabled,6226562500,812500000,414062500,710937500,632812500,656250000,773437500,632812500,804687500,632812500,1229687499,1229687499,10
2025-10-02 14:30:25,10929,pairwise,PairwiseVerletLists,1.000000,vlp_c01,none,SoA,disabled,12539062500,1429687500,1367187500,1484375000,1460937500,1351562500,1062500000,1320312500,1257812500,1343750000,2461718749,2461718749,10
2025-10-02 14:30:26,10939,pairwise,PairwiseVerletLists,1.000000,vlp_c18,none,AoS,disabled,6023437500,1031250000,992187500,820312500,1046875000,921875000,843750000,796875000,796875000,835937500,1410937500,1410937500,10
2025-10-02 14:30:26,10949,pairwise,PairwiseVerletLists,1.000000,vlp_c18,none,AoS,enabled,5914062500,664062500,929687500,710937500,812500000,781250000,710937500,1031250000,718750000,1000000000,1327343749,1327343749,10
2025-10-02 14:30:26,10959,pairwise,PairwiseVerletLists,1.000000,vlp_c18,none,SoA,disabled,14187500000,1664062500,1421875000,1539062500,1421875000,1429687500,1445312500,1437500000,1554687500,1437500000,2753906249,2753906249,10
2025-10-02 14:30:26,10969,pairwise,PairwiseVerletLists,1.000000,vlp_c18,none,SoA,enabled,14242187500,1429687500,1453125000,1515625000,1812500000,1468750000,1617187500,1437500000,1789062500,1453125000,2821874999,2821874999,10
2025-10-02 14:30:26,10979,pairwise,PairwiseVerletLists,1.000000,vlp_sliced,none,AoS,disabled,5750000000,671875000,437500000,484375000,640625000,453125000,562500000,609375000,328125000,500000000,1043749999,1043749999,10
2025-10-02 14:30:26,10989,pairwise,PairwiseVerletLists,1.000000,vlp_sliced,none,AoS,enabled,5054687500,242187500,343750000,671875000,375000000,617187500,492187500,507812500,468750000,500000000,927343750,927343750,10
2025-10-02 14:30:26,10999,pairwise,PairwiseVerletLists,1.000000,vlp_sliced,none,SoA,disabled,13726562500,1296875000,960937500,1000000000,1179687500,1132812500,1109375000,1171875000,1164062500,1226562500,2396874999,2396874999,10
2025-10-02 14:30:26,11009,pairwise,PairwiseVerletLists,1.000000,vlp_sliced,none,SoA,enabled,13632812500,1125000000,1359375000,1281250000,1140625000,1148437500,1460937500,898437500,1070312500,1117187500,2423437499,2423437499,10
2025-10-02 14:30:26,11019,pairwise,PairwiseVerletLists,1.000000,vlp_sliced_balanced,none,AoS,disabled,5804687500,406250000,367187500,632812500,460937500,164062500,312500000,0,257812500,437500000,884374999,884374999,10
2025-10-02 14:30:26,11029,pairwise,PairwiseVerletLists,1.000000,vlp_sliced_balanced,none,AoS,enabled,4804687500,351562500,476562500,390625000,601562500,414062500,476562500,203125000,359375000,687500000,876562499,876562499,10
2025-10-02 14:30:26,11039,pairwise,PairwiseVerletLists,1.000000,vlp_sliced_balanced,none,SoA,disabled,13640625000,1132812500,1000000000,1031250000,851562500,890625000,1140625000,671875000,835937500,1187500000,2238281249,2238281249,10
2025-10-02 14:30:26,11049,pairwise,PairwiseVerletLists,1.000000,vlp_sliced_balanced,none,SoA,enabled,13640625000,1296875000,1000000000,1023437500,1140625000,1109375000,976562500,1375000000,1156250000,1203125000,2392187499,2392187499,10
2025-10-02 14:30:26,11059,pairwise,PairwiseVerletLists,1.000000,vlp_sliced_c02,none,AoS,disabled,5421875000,390625000,726562500,578125000,414062500,554687500,468750000,500000000,343750000,156250000,955468749,955468749,10
2025-10-02 14:30:26,11069,pairwise,PairwiseVerletLists,1.000000,vlp_sliced_c02,none,AoS,enabled,5062500000,781250000,210937500,421875000,265625000,570312500,398437500,375000000,468750000,406250000,896093749,896093749,10
2025-10-02 14:30:26,11079,pairwise,PairwiseVerletLists,1.000000,vlp_sliced_c02,none,SoA,disabled,13671875000,1195312500,906250000,1101562500,1078125000,1500000000,1226562500,1000000000,1484375000,992187500,2415624999,2415624999,10
2025-10-02 14:30:26,11089,pairwise,PairwiseVerletLists,1.000000,vlp_sliced_c02,none,SoA,enabled,13593750000,1414062500,1242187500,1203125000,1187500000,1179687500,945312500,1054687500,1265625000,1070312500,2415624999,2415624999,10
2025-10-02 14:30:26,11099,pairwise,PairwiseVerletLists,1.000000,vlp_c08,none,AoS,disabled,6726562500,1148437500,1445312500,1500000000,1468750000,1242187500,1523437500,1296875000,1539062500,1453125000,1934374999,1934374999,10
2025-10-02 14:30:26,11109,pairwise,PairwiseVerletLists,1.000000,vlp_c08,none,AoS,enabled,5976562500,789062500,835937500,812500000,898437500,835937500,765625000,820312500,1109375000,875000000,1371874999,1371874999,10
2025-10-02 14:30:26,11119,pairwise,PairwiseVerletLists,1.000000,vlp_c08,none,SoA,disabled,14882812500,2695312500,2632812500,2375000000,2437500000,2179687500,2601562500,2539062500,2523437500,2484375000,3735156249,3735156249,10
2025-10-02 14:30:27,11129,pairwise,PairwiseVerletLists,1.000000,vlp_c08,none,SoA,enabled,14062500000,2101562500,1906250000,1789062500,1843750000,2164062500,1750000000,2031250000,1804687500,1882812500,3133593749,3133593749,10
2025-10-02 14:32:56,15009,pairwise,LinkedCells,1.000000,lc_c01,none,AoS,disabled,656250000,515625000,515625000,375000000,562500000,921875000,734375000,437500000,484375000,1062500000,626562499,626562499,10
2025-10-02 14:32:56,15019,pairwise,LinkedCells,1.000000,lc_c01,none,SoA,disabled,906250000,1078125000,1281250000,1000000000,812500000,1218750000,1265625000,1093750000,1250000000,1312500000,1121874999,1121874999,10
2025-10-02 14:32:56,15029,pairwise,LinkedCells,1.000000,lc_c01_combined_SoA,none,SoA,disabled,937500000,1171875000,890625000,1140625000,1046875000,984375000,1265625000,1156250000,1187500000,906250000,1068749999,1068749999,10
2025-10-02 14:32:56,15039,pairwise,LinkedCells,1.000000,lc_c04,none,AoS,disabled,234375000,375000000,140625000,218750000,156250000,234375000,0,281250000,250000000,0,189062499,189062499,10
2025-10-02 14:32:56,15049,pairwise,LinkedCells,1.000000,lc_c04,none,AoS,enabled,296875000,296875000,203125000,500000000,421875000,250000000,109375000,0,156250000,0,223437499,223437499,10
2025-10-02 14:32:56,15059,pairwise,LinkedCells,1.000000,lc_c04,none,SoA,disabled,734375000,859375000,765625000,843750000,859375000,593750000,765625000,968750000,1109375000,765625000,826562499,826562499,10
2025-10-02 14:32:56,15069,pairwise,LinkedCells,1.000000,lc_c04,none,SoA,enabled,359375000,890625000,515625000,718750000,937500000,687500000,875000000,578125000,546875000,656250000,676562499,676562499,10
2025-10-02 14:32:56,15079,pairwise,LinkedCells,1.000000,lc_c04_HCP,none,AoS,disabled,171875000,0,0,328125000,281250000,218750000,281250000,171875000,546875000,296875000,229687499,229687499,10
2025-10-02 14:32:56,15089,pairwise,LinkedCells,1.000000,lc_c04_HCP,none,AoS,enabled,265625000,265625000,250000000,625000000,0,437500000,343750000,281250000,531250000,296875000,329687499,329687499,10
2025-10-02 14:32:56,15099,pairwise,LinkedCells,1.000000,lc_c04_HCP,none,SoA,disabled,1093750000,1234375000,984375000,1109375000,859375000,828125000,968750000,1078125000,875000000,937500000,996874999,996874999,10
2025-10-02 14:32:56,15109,pairwise,LinkedCells,1.000000,lc_c04_HCP,none,SoA,enabled,1125000000,812500000,843750000,531250000,812500000,890625000,906250000,796875000,859375000,750000000,832812499,832812499,10
2025-10-02 14:32:56,15119,pairwise,LinkedCells,1.000000,lc_c04_combined_SoA,none,SoA,disabled,1187500000,1156250000,1328125000,1093750000,1281250000,1187500000,1390625000,1375000000,968750000,843750000,1181249999,1181249999,10
2025-10-02 14:32:56,15129,pairwise,LinkedCells,1.000000,lc_c04_combined_SoA,none,SoA,enabled,1031250000,1218750000,1062500000,1062500000,734375000,1078125000,953125000,1046875000,1000000000,937500000,1012499999,1012499999,10
2025-10-02 14:32:56,15139,pairwise,LinkedCells,1.000000,lc_c08,none,AoS,disabled,609375000,750000000,765625000,812500000,437500000,406250000,703125000,828125000,906250000,921875000,714062499,714062499,10
2025-10-02 14:32:56,15149,pairwise,LinkedCells,1.000000,lc_c08,none,AoS,enabled,718750000,656250000,546875000,703125000,750000000,921875000,640625000,640625000,609375000,906250000,709374999,709374999,10
2025-10-02 14:32:56,15159,pairwise,LinkedCells,1.000000,lc_c08,none,SoA,disabled,1359375000,1156250000,1390625000,1421875000,1140625000,1234375000,1453125000,1265625000,1265625000,1250000000,1293749999,1293749999,10
2025-10-02 14:32:56,15169,pairwise,LinkedCells,1.000000,lc_c08,none,SoA,enabled,1187500000,1265625000,1171875000,1593750000,1328125000,1140625000,1109375000,1390625000,1203125000,1515625000,1290624999,1290624999,10
2025-10-02 14:32:56,15179,pairwise,LinkedCells,1.000000,lc_c18,none,AoS,disabled,812500000,718750000,671875000,375000000,531250000,750000000,968750000,718750000,718750000,906250000,717187499,717187499,10
2025-10-02 14:32:56,15189,pairwise,LinkedCells,1.000000,lc_c18,none,AoS,enabled,578125000,750000000,843750000,781250000,562500000,921875000,750000000,781250000,875000000,781250000,762499999,762499999,10
2025-10-02 14:32:56,15199,pairwise,LinkedCells,1.000000,lc_c18,none,SoA,disabled,1046875000,1250000000,906250000,1046875000,828125000,1109375000,1171875000,1062500000,1031250000,687500000,1014062499,1014062499,10
2025-10-02 14:32:56,15209,pairwise,LinkedCells,1.000000,lc_c18,none,SoA,enabled,1281250000,859375000,734375000,1109375000,1171875000,1171875000,1109375000,890625000,828125000,1000000000,1015624999,1015624999,10
2025-10-02 14:32:56,15219,pairwise,LinkedCells,1.000000,lc_sliced,none,AoS,disabled,0,0,0,187500000,531250000,187500000,0,0,156250000,156250000,121874999,121874999,10
2025-10-02 14:32:56,15229,pairwise,LinkedCells,1.000000,lc_sliced,none,AoS,enabled,515625000,0,437500000,0,78125000,125000000,343750000,500000000,0,250000000,224999999,224999999,10
2025-10-02 14:32:56,15239,pairwise,LinkedCells,1.000000,lc_sliced,none,SoA,disabled,578125000,734375000,640625000,953125000,734375000,765625000,921875000,734375000,812500000,406250000,728124999,728124999,10
2025-10-02 14:32:56,15249,pairwise,LinkedCells,1.000000,lc_sliced,none,SoA,enabled,718750000,703125000,718750000,687500000,578125000,437500000,640625000,765625000,515625000,890625000,665624999,665624999,10
2025-10-02 14:32:56,15259,pairwise,LinkedCells,1.000000,lc_sliced_balanced,none,AoS,disabled,0,0,0,0,234375000,140625000,375000000,171875000,234375000,218750000,137499999,137499999,10
2025-10-02 14:32:56,15269,pairwise,LinkedCells,1.000000,lc_sliced_balanced,none,AoS,enabled,187500000,515625000,203125000,0,218750000,0,250000000,484375000,234375000,203125000,229687500,229687500,10
2025-10-02 14:32:56,15279,pairwise,LinkedCells,1.000000,lc_sliced_balanced,none,SoA,disabled,609375000,500000000,765625000,593750000,812500000,671875000,656250000,656250000,531250000,531250000,632812499,632812499,10
2025-10-02 14:32:56,15289,pairwise,LinkedCells,1.000000,lc_sliced_balanced,none,SoA,enabled,703125000,765625000,546875000,609375000,656250000,671875000,796875000,687500000,812500000,625000000,687499999,687499999,10
2025-10-02 14:32:56,15299,pairwise,LinkedCells,1.000000,lc_sliced_balanced,squared-particles-per-cell,AoS,disabled,515625000,609375000,640625000,609375000,437500000,328125000,546875000,687500000,578125000,515625000,546874999,546874999,10
2025-10-02 14:32:56,15309,pairwise,LinkedCells,1.000000,lc_sliced_balanced,squared-particles-per-cell,AoS,enabled,500000000,515625000,656250000,390625000,578125000,421875000,734375000,406250000,609375000,234375000,504687499,504687499,10
2025-10-02 14:32:56,15319,pairwise,LinkedCells,1.000000,lc_sliced_balanced,squared-particles-per-cell,SoA,disabled,1234375000,1515625000,1703125000,1562500000,1312500000,1531250000,1437500000,1484375000,1437500000,1500000000,1471874999,1471874999,10
2025-10-02 14:32:56,15329,pairwise,LinkedCells,1.000000,lc_sliced_balanced,squared-particles-per-cell,SoA,enabled,1328125000,1484375000,1328125000,1234375000,1203125000,1265625000,1343750000,1625000000,1531250000,1578125000,1392187499,1392187499,10
2025-10-02 14:32:56,15339,pairwise,LinkedCells,1.000000,lc_sliced_c02,none,AoS,disabled,484375000,0,437500000,437500000,0,328125000,187500000,234375000,484375000,203125000,279687499,279687499,10
2025-10-02 14:32:56,15349,pairwise,LinkedCells,1.000000,lc_sliced_c02,none,AoS,enabled,0,390625000,171875000,484375000,0,0,234375000,109375000,0,406250000,179687499,179687499,10
2025-10-02 14:32:56,15359,pairwise,LinkedCells,1.000000,lc_sliced_c02,none,SoA,disabled,671875000,703125000,921875000,656250000,890625000,843750000,1000000000,718750000,578125000,765625000,774999999,774999999,10
2025-10-02 14:32:56,15369,pairwise,LinkedCells,1.000000,lc_sliced_c02,none,SoA,enabled,703125000,578125000,312500000,625000000,765625000,671875000,546875000,671875000,890625000,625000000,639062499,639062499,10
2025-10-02 14:32:56,15379,pairwise,VerletClusterLists,1.000000,vcl_c01_balanced,none,AoS,disabled,0,0,0,0,0,0,0,218750000,0,0,21874999,21874999,10
2025-10-02 14:32:56,15389,pairwise,VerletClusterLists,1.000000,vcl_c01_balanced,none,SoA,disabled,0,0,0,328125000,0,0,0,0,0,140625000,46874999,46874999,10
2025-10-02 14:32:56,15399,pairwise,VerletClusterLists,1.000000,vcl_c06,none,AoS,disabled,0,0,203125000,0,0,0,187500000,0,187500000,0,57812499,57812499,10
2025-10-02 14:32:56,15409,pairwise,VerletClusterLists,1.000000,vcl_c06,none,AoS,enabled,0,140625000,0,0,0,0,0,0,0,0,14062500,14062500,10
2025-10-02 14:32:56,15419,pairwise,VerletClusterLists,1.000000,vcl_c06,none,SoA,disabled,0,0,0,156250000,0,0,0,0,0,0,15624999,15624999,10
2025-10-02 14:32:56,15429,pairwise,VerletClusterLists,1.000000,vcl_c06,none,SoA,enabled,0,0,0,0,171875000,0,171875000,0,0,0,34374999,34374999,10
2025-10-02 14:32:56,15439,pairwise,VerletClusterLists,1.000000,vcl_sliced,none,AoS,disabled,0,406250000,0,0,0,0,0,0,218750000,0,62499999,62499999,10
2025-10-02 14:32:56,15449,pairwise,VerletClusterLists,1.000000,vcl_sliced,none,AoS,enabled,187500000,0,0,0,0,0,0,0,0,0,18750000,18750000,10
2025-10-02 14:32:56,15459,pairwise,VerletClusterLists,1.000000,vcl_sliced,none,SoA,disabled,218750000,203125000,0,0,0,0,0,0,0,0,42187499,42187499,10
2025-10-02 14:32:56,15469,pairwise,VerletClusterLists,1.000000,vcl_sliced,none,SoA,enabled,0,0,0,0,250000000,0,0,0,0,0,24999999,24999999,10
2025-10-02 14:32:56,15479,pairwise,VerletClusterLists,1.000000,vcl_sliced_balanced,none,AoS,disabled,203125000,0,0,0,0,0,0,0,0,0,20312500,20312500,10
2025-10-02 14:32:56,15489,pairwise,VerletClusterLists,1.000000,vcl_sliced_balanced,none,AoS,enabled,0,0,0,0,0,0,218750000,0,0,0,21874999,21874999,10
2025-10-02 14:32:56,15499,pairwise,VerletClusterLists,1.000000,vcl_sliced_balanced,none,SoA,disabled,0,0,0,0,0,203125000,0,0,0,234375000,43749999,43749999,10
2025-10-02 14:32:56,15509,pairwise,VerletClusterLists,1.000000,vcl_sliced_balanced,none,SoA,enabled,0,0,0,0,218750000,0,0,281250000,0,125000000,62499999,62499999,10
2025-10-02 14:32:56,15519,pairwise,VerletClusterLists,1.000000,vcl_sliced_balanced,neighbor-list-length,AoS,disabled,0,0,0,0,250000000,0,0,0,0,0,24999999,24999999,10
2025-10-02 14:32:56,15529,pairwise,VerletClusterLists,1.000000,vcl_sliced_balanced,neighbor-list-length,AoS,enabled,125000000,0,0,0,0,0,0,0,0,0,12500000,12500000,10
2025-10-02 14:32:56,15539,pairwise,VerletClusterLists,1.000000,vcl_sliced_balanced,neighbor-list-length,SoA,disabled,0,0,0,0,0,0,203125000,0,0,0,20312499,20312499,10
2025-10-02 14:32:56,15549,pairwise,VerletClusterLists,1.000000,vcl_sliced_balanced,neighbor-list-length,SoA,enabled,328125000,0,0,0,0,171875000,0,0,203125000,0,70312499,70312499,10
2025-10-02 14:32:56,15559,pairwise,VerletClusterLists,1.000000,vcl_sliced_c02,none,AoS,disabled,0,171875000,0,0,0,187500000,0,0,250000000,0,60937499,60937499,10
2025-10-02 14:32:56,15569,pairwise,VerletClusterLists,1.000000,vcl_sliced_c02,none,AoS,enabled,0,0,0,0,0,0,0,0,0,0,0,0,10
2025-10-02 14:32:56,15579,pairwise,VerletClusterLists,1.000000,vcl_sliced_c02,none,SoA,disabled,171875000,0,0,0,0,312500000,0,0,0,0,48437499,48437499,10
2025-10-02 14:32:56,15589,pairwise,VerletClusterLists,1.000000,vcl_sliced_c02,none,SoA,enabled,0,0,0,93750000,0,0,0,0,0,203125000,29687499,29687499,10
2025-10-02 14:32:56,15599,pairwise,VerletLists,1.000000,vl_list_iteration,none,AoS,disabled,1640625000,312500000,0,0,0,296875000,0,0,0,0,224999999,224999999,10
2025-10-02 14:32:57,15609,pairwise,VerletLists,1.000000,vl_list_iteration,none,SoA,disabled,2750000000,687500000,734375000,625000000,953125000,578125000,671875000,671875000,796875000,734375000,920312499,920312499,10
2025-10-02 14:32:57,15619,pairwise,VerletListsCells,1.000000,vlc_c01,none,AoS,disabled,8921875000,453125000,515625000,718750000,593750000,609375000,296875000,828125000,765625000,562500000,1426562500,1426562500,10
2025-10-02 14:32:57,15629,pairwise,VerletListsCells,1.000000,vlc_c01,none,SoA,disabled,10671875000,1312500000,1171875000,1125000000,1078125000,1140625000,1375000000,1109375000,1296875000,1062500000,2134374999,2134374999,10
2025-10-02 14:32:57,15639,pairwise,VerletListsCells,1.000000,vlc_c18,none,AoS,disabled,6171875000,781250000,765625000,687500000,796875000,781250000,703125000,796875000,875000000,734375000,1309374999,1309374999,10
2025-10-02 14:32:57,15649,pairwise,VerletListsCells,1.000000,vlc_c18,none,AoS,enabled,5843750000,812500000,640625000,890625000,750000000,718750000,500000000,843750000,1031250000,859375000,1289062499,1289062499,10
2025-10-02 14:32:57,15659,pairwise,VerletListsCells,1.000000,vlc_c18,none,SoA,disabled,7515625000,1468750000,1328125000,1421875000,1218750000,1265625000,1281250000,1078125000,1234375000,1281250000,1909374999,1909374999,10
2025-10-02 14:32:57,15669,pairwise,VerletListsCells,1.000000,vlc_c18,none,SoA,enabled,7062500000,1140625000,1390625000,1218750000,1312500000,1187500000,1250000000,1234375000,1031250000,1390625000,1821874999,1821874999,10
2025-10-02 14:32:57,15679,pairwise,VerletListsCells,1.000000,vlc_c08,none,AoS,disabled,4296875000,578125000,703125000,578125000,718750000,796875000,546875000,843750000,671875000,796875000,1053124999,1053124999,10
2025-10-02 14:32:57,15689,pairwise,VerletListsCells,1.000000,vlc_c08,none,AoS,enabled,4343750000,781250000,593750000,734375000,859375000,484375000,625000000,781250000,531250000,968750000,1070312499,1070312499,10
2025-10-02 14:32:57,15699,pairwise,VerletListsCells,1.000000,vlc_c08,none,SoA,disabled,5843750000,1359375000,1500000000,1250000000,875000000,1218750000,1375000000,1203125000,1125000000,1343750000,1709375000,1709375000,10
2025-10-02 14:32:57,15709,pairwise,VerletListsCells,1.000000,vlc_c08,none,SoA,enabled,5734375000,1390625000,1375000000,1250000000,1484375000,1312500000,1390625000,1343750000,1453125000,1343750000,1807812499,1807812499,10
2025-10-02 14:32:57,15719,pairwise,VerletListsCells,1.000000,vlc_sliced,none,AoS,disabled,5718750000,0,0,0,0,0,0,0,203125000,312500000,623437499,623437499,10
2025-10-02 14:32:57,15729,pairwise,VerletListsCells,1.000000,vlc_sliced,none,AoS,enabled,5250000000,0,0,0,0,0,0,0,0,0,525000000,525000000,10
2025-10-02 14:32:57,15739,pairwise,VerletListsCells,1.000000,vlc_sliced,none,SoA,disabled,7484375000,859375000,703125000,656250000,531250000,671875000,578125000,828125000,875000000,781250000,1396874999,1396874999,10
2025-10-02 14:32:57,15749,pairwise,VerletListsCells,1.000000,vlc_sliced,none,SoA,enabled,7343750000,625000000,828125000,828125000,843750000,703125000,796875000,609375000,828125000,890625000,1429687499,1429687499,10
2025-10-02 14:32:57,15759,pairwise,VerletListsCells,1.000000,vlc_sliced_balanced,none,AoS,disabled,5750000000,0,0,171875000,0,0,0,0,0,187500000,610937499,610937499,10
2025-10-02 14:32:57,15769,pairwise,VerletListsCells,1.000000,vlc_sliced_balanced,none,AoS,enabled,5296875000,171875000,203125000,265625000,0,0,0,0,328125000,0,626562499,626562499,10
2025-10-02 14:32:57,15779,pairwise,VerletListsCells,1.000000,vlc_sliced_balanced,none,SoA,disabled,7343750000,765625000,703125000,750000000,843750000,515625000,500000000,890625000,1046875000,703125000,1406249999,1406249999,10
2025-10-02 14:32:57,15789,pairwise,VerletListsCells,1.000000,vlc_sliced_balanced,none,SoA,enabled,7296875000,593750000,609375000,781250000,906250000,765625000,687500000,640625000,718750000,343750000,1334375000,1334375000,10
2025-10-02 14:32:57,15799,pairwise,VerletListsCells,1.000000,vlc_sliced_balanced,squared-particles-per-cell,AoS,disabled,5125000000,0,0,0,0,0,0,0,0,0,512500000,512500000,10
2025-10-02 14:32:57,15809,pairwise,VerletListsCells,1.000000,vlc_sliced_balanced,squared-particles-per-cell,AoS,enabled,5609375000,0,0,0,156250000,0,0,0,0,0,576562499,576562499,10
2025-10-02 14:32:57,15819,pairwise,VerletListsCells,1.000000,vlc_sliced_balanced,squared-particles-per-cell,SoA,disabled,7093750000,593750000,812500000,750000000,875000000,703125000,1000000000,500000000,828125000,609375000,1376562499,1376562499,10
2025-10-02 14:32:57,15829,pairwise,VerletListsCells,1.000000,vlc_sliced_balanced,squared-particles-per-cell,SoA,enabled,7203125000,750000000,718750000,828125000,703125000,890625000,609375000,453125000,578125000,703125000,1343749999,1343749999,10
2025-10-02 14:32:57,15839,pairwise,VerletListsCells,1.000000,vlc_sliced_balanced,neighbor-list-length,AoS,disabled,4984375000,359375000,140625000,0,0,0,0,0,187500000,0,567187499,567187499,10
2025-10-02 14:32:57,15849,pairwise,VerletListsCells,1.000000,vlc_sliced_balanced,neighbor-list-length,AoS,enabled,5671875000,359375000,0,0,0,0,234375000,0,0,234375000,649999999,649999999,10
2025-10-02 14:32:57,15859,pairwise,VerletListsCells,1.000000,vlc_sliced_balanced,neighbor-list-length,SoA,disabled,7093750000,578125000,828125000,781250000,718750000,406250000,437500000,812500000,734375000,453125000,1284374999,1284374999,10
2025-10-02 14:32:57,15869,pairwise,VerletListsCells,1.000000,vlc_sliced_balanced,neighbor-list-length,SoA,enabled,7250000000,812500000,843750000,562500000,703125000,562500000,1015625000,531250000,578125000,828125000,1368749999,1368749999,10
2025-10-02 14:32:57,15879,pairwise,VerletListsCells,1.000000,vlc_sliced_c02,none,AoS,disabled,5093750000,0,0,0,0,0,0,171875000,0,203125000,546874999,546874999,10
2025-10-02 14:32:57,15889,pairwise,VerletListsCells,1.000000,vlc_sliced_c02,none,AoS,enabled,5484375000,203125000,0,0,0,0,140625000,0,0,0,582812499,582812499,10
2025-10-02 14:32:58,15899,pairwise,VerletListsCells,1.000000,vlc_sliced_c02,none,SoA,disabled,6765625000,953125000,609375000,750000000,937500000,593750000,484375000,750000000,734375000,875000000,1345312499,1345312499,10
2025-10-02 14:32:58,15909,pairwise,VerletListsCells,1.000000,vlc_sliced_c02,none,SoA,enabled,6656250000,718750000,703125000,562500000,578125000,546875000,296875000,796875000,546875000,796875000,1220312499,1220312499,10
2025-10-02 14:32:58,15919,pairwise,PairwiseVerletLists,1.000000,vlp_c01,none,AoS,disabled,6718750000,671875000,656250000,656250000,531250000,875000000,812500000,765625000,781250000,812500000,1328124999,1328124999,10
2025-10-02 14:32:58,15929,pairwise,PairwiseVerletLists,1.000000,vlp_c01,none,SoA,disabled,12078125000,1375000000,1328125000,1109375000,1390625000,1484375000,1390625000,1437500000,1609375000,1468750000,2467187499,2467187499,10
2025-10-02 14:32:58,15939,pairwise,PairwiseVerletLists,1.000000,vlp_c18,none,AoS,disabled,6156250000,859375000,1109375000,734375000,890625000,703125000,890625000,1015625000,828125000,750000000,1393749999,1393749999,10
2025-10-02 14:32:58,15949,pairwise,PairwiseVerletLists,1.000000,vlp_c18,none,AoS,enabled,5671875000,671875000,984375000,750000000,687500000,734375000,843750000,875000000,765625000,953125000,1293749999,1293749999,10
2025-10-02 14:32:58,15959,pairwise,PairwiseVerletLists,1.000000,vlp_c18,none,SoA,disabled,13890625000,1640625000,1453125000,1812500000,1468750000,1609375000,1546875000,1671875000,1453125000,1734375000,2828124999,2828124999,10
2025-10-02 14:32:58,15969,pairwise,PairwiseVerletLists,1.000000,vlp_c18,none,SoA,enabled,14531250000,1656250000,1656250000,1593750000,1687500000,1703125000,1734375000,1609375000,1531250000,1578125000,2928124999,2928124999,10
2025-10-02 14:32:58,15979,pairwise,PairwiseVerletLists,1.000000,vlp_sliced,none,AoS,disabled,5375000000,359375000,484375000,125000000,406250000,500000000,203125000,593750000,250000000,265625000,856249999,856249999,10
2025-10-02 14:32:58,15989,pairwise,PairwiseVerletLists,1.000000,vlp_sliced,none,AoS,enabled,5421875000,421875000,593750000,421875000,593750000,515625000,390625000,265625000,343750000,250000000,921875000,921875000,10
2025-10-02 14:32:58,15999,pairwise,PairwiseVerletLists,1.000000,vlp_sliced,none,SoA,disabled,13390625000,1093750000,1156250000,984375000,1109375000,1078125000,1343750000,1234375000,1171875000,1171875000,2373437499,2373437499,10
2025-10-02 14:32:58,16009,pairwise,PairwiseVerletLists,1.000000,vlp_sliced,none,SoA,enabled,13578125000,1031250000,1343750000,953125000,1125000000,1187500000,1109375000,1171875000,1000000000,953125000,2345312499,2345312499,10
2025-10-02 14:32:58,16019,pairwise,PairwiseVerletLists,1.000000,vlp_sliced_balanced,none,AoS,disabled,5312500000,375000000,359375000,234375000,281250000,203125000,203125000,531250000,0,390625000,789062499,789062499,10
2025-10-02 14:32:58,16029,pairwise,PairwiseVerletLists,1.000000,vlp_sliced_balanced,none,AoS,enabled,5609375000,406250000,281250000,437500000,453125000,328125000,218750000,140625000,562500000,500000000,893749999,893749999,10
2025-10-02 14:32:58,16039,pairwise,PairwiseVerletLists,1.000000,vlp_sliced_balanced,none,SoA,disabled,13421875000,1203125000,1203125000,1203125000,1015625000,1234375000,1125000000,1187500000,1015625000,875000000,2348437499,2348437499,10
2025-10-02 14:32:58,16049,pairwise,PairwiseVerletLists,1.000000,vlp_sliced_balanced,none,SoA,enabled,13718750000,1031250000,984375000,1312500000,1218750000,1187500000,1015625000,1046875000,1093750000,1171875000,2378124999,2378124999,10
2025-10-02 14:32:58,16059,pairwise,PairwiseVerletLists,1.000000,vlp_sliced_c02,none,AoS,disabled,5812500000,750000000,218750000,265625000,500000000,390625000,406250000,406250000,593750000,500000000,984374999,984374999,10
2025-10-02 14:32:58,16069,pairwise,PairwiseVerletLists,1.000000,vlp_sliced_c02,none,AoS,enabled,5890625000,359375000,453125000,234375000,156250000,625000000,328125000,359375000,406250000,468750000,928124999,928124999,10
2025-10-02 14:32:58,16079,pairwise,PairwiseVerletLists,1.000000,vlp_sliced_c02,none,SoA,disabled,13546875000,1218750000,1250000000,1093750000,1281250000,1218750000,1203125000,1078125000,937500000,1031250000,2385937499,2385937499,10
2025-10-02 14:32:58,16089,pairwise,PairwiseVerletLists,1.000000,vlp_sliced_c02,none,SoA,enabled,13781250000,1171875000,1265625000,1156250000,1171875000,968750000,1328125000,1312500000,1031250000,1109375000,2429687499,2429687499,10
2025-10-02 14:32:59,16099,pairwise,PairwiseVerletLists,1.000000,vlp_c08,none,AoS,disabled,6890625000,1234375000,1187500000,1515625000,1250000000,1343750000,1187500000,1453125000,1437500000,1250000000,1874999999,1874999999,10
2025-10-02 14:32:59,16109,pairwise,PairwiseVerletLists,1.000000,vlp_c08,none,AoS,enabled,6375000000,937500000,968750000,1109375000,1218750000,1281250000,859375000,859375000,984375000,906250000,1549999999,1549999999,10
2025-10-02 14:32:59,16119,pairwise,PairwiseVerletLists,1.000000,vlp_c08,none,SoA,disabled,14546875000,2812500000,2437500000,2375000000,2609375000,2203125000,2468750000,2421875000,2453125000,2500000000,3682812499,3682812499,10
2025-10-02 14:32:59,16129,pairwise,PairwiseVerletLists,1.000000,vlp_c08,none,SoA,enabled,13296875000,1937500000,1875000000,1859375000,1968750000,1921875000,1625000000,1921875000,1968750000,1859375000,3023437499,3023437499,10
2025-10-02 14:35:28,20009,pairwise,LinkedCells,1.000000,lc_c01,none,AoS,disabled,843750000,578125000,703125000,656250000,781250000,109375000,750000000,828125000,515625000,656250000,642187499,642187499,10
2025-10-02 14:35:28,20019,pairwise,LinkedCells,1.000000,lc_c01,none,SoA,disabled,1343750000,1265625000,1109375000,1265625000,1109375000,1203125000,1296875000,1062500000,1359375000,937500000,1195312499,1195312499,10
2025-10-02 14:35:28,20029,pairwise,LinkedCells,1.000000,lc_c01_combined_SoA,none,SoA,disabled,1171875000,1203125000,828125000,937500000,968750000,1296875000,1375000000,984375000,812500000,953125000,1053124999,1053124999,10
2025-10-02 14:35:28,20039,pairwise,LinkedCells,1.000000,lc_c04,none,AoS,disabled,0,0,0,0,0,218750000,250000000,0,343750000,0,81249999,81249999,10
2025-10-02 14:35:28,20049,pairwise,LinkedCells,1.000000,lc_c04,none,AoS,enabled,171875000,265625000,468750000,515625000,250000000,562500000,375000000,453125000,156250000,562500000,378124999,378124999,10
2025-10-02 14:35:28,20059,pairwise,LinkedCells,1.000000,lc_c04,none,SoA,disabled,687500000,890625000,625000000,765625000,843750000,703125000,859375000,843750000,1203125000,812500000,823437499,823437499,10
2025-10-02 14:35:28,20069,pairwise,LinkedCells,1.000000,lc_c04,none,SoA,enabled,906250000,687500000,859375000,796875000,687500000,796875000,968750000,921875000,890625000,671875000,818749999,818749999,10
2025-10-02 14:35:28,20079,pairwise,LinkedCells,1.000000,lc_c04_HCP,none,AoS,disabled,328125000,0,375000000,500000000,0,453125000,390625000,0,375000000,484375000,290624999,290624999,10
2025-10-02 14:35:28,20089,pairwise,LinkedCells,1.000000,lc_c04_HCP,none,AoS,enabled,312500000,453125000,546875000,0,171875000,343750000,406250000,500000000,234375000,390625000,335937499,335937499,10
2025-10-02 14:35:28,20099,pairwise,LinkedCells,1.000000,lc_c04_HCP,none,SoA,disabled,859375000,968750000,890625000,859375000,921875000,687500000,468750000,843750000,828125000,687500000,801562499,801562499,10
2025-10-02 14:35:28,20109,pairwise,LinkedCells,1.000000,lc_c04_HCP,none,SoA,enabled,640625000,828125000,921875000,1109375000,1000000000,968750000,703125000,765625000,796875000,984375000,871874999,871874999,10
2025-10-02 14:35:28,20119,pairwise,LinkedCells,1.000000,lc_c04_combined_SoA,none,SoA,disabled,1015625000,890625000,1031250000,1093750000,953125000,1515625000,1171875000,1250000000,1046875000,1046875000,1101562499,1101562499,10
2025-10-02 14:35:28,20129,pairwise,LinkedCells,1.000000,lc_c04_combined_SoA,none,SoA,enabled,906250000,718750000,859375000,906250000,1203125000,765625000,781250000,843750000,1078125000,1218750000,928124999,928124999,10
2025-10-02 14:35:28,20139,pairwise,LinkedCells,1.000000,lc_c08,none,AoS,disabled,937500000,843750000,812500000,828125000,406250000,531250000,781250000,421875000,796875000,828125000,718749999,718749999,10
2025-10-02 14:35:28,20149,pairwise,LinkedCells,1.000000,lc_c08,none,AoS,enabled,750000000,890625000,531250000,1046875000,734375000,1046875000,781250000,718750000,765625000,515625000,778125000,778125000,10
2025-10-02 14:35:28,20159,pairwise,LinkedCells,1.000000,lc_c08,none,SoA,disabled,1218750000,1359375000,1031250000,1250000000,1453125000,1359375000,1656250000,1484375000,1390625000,1484375000,1368749999,1368749999,10
2025-10-02 14:35:28,20169,pairwise,LinkedCells,1.000000,lc_c08,none,SoA,enabled,1218750000,1156250000,1125000000,828125000,1250000000,1328125000,1484375000,1031250000,1406250000,1265625000,1209374999,1209374999,10
2025-10-02 14:35:28,20179,pairwise,LinkedCells,1.000000,lc_c18,none,AoS,disabled,781250000,781250000,812500000,531250000,687500000,750000000,765625000,906250000,703125000,687500000,740624999,740624999,10
2025-10-02 14:35:28,20189,pairwise,LinkedCells,1.000000,lc_c18,none,AoS,enabled,734375000,968750000,406250000,703125000,718750000,828125000,875000000,843750000,718750000,640625000,743749999,743749999,10
2025-10-02 14:35:28,20199,pairwise,LinkedCells,1.000000,lc_c18,none,SoA,disabled,828125000,1375000000,1390625000,1218750000,1078125000,1093750000,1375000000,1031250000,984375000,765625000,1114062499,1114062499,10
2025-10-02 14:35:28,20209,pairwise,LinkedCells,1.000000,lc_c18,none,SoA,enabled,1031250000,906250000,812500000,1125000000,1234375000,1125000000,1031250000,1125000000,937500000,1187500000,1051562499,1051562499,10
2025-10-02 14:35:28,20219,pairwise,LinkedCells,1.000000,lc_sliced,none,AoS,disabled,468750000,359375000,0,125000000,468750000,375000000,218750000,203125000,0,390625000,260937499,260937499,10
2025-10-02 14:35:28,20229,pairwise,LinkedCells,1.000000,lc_sliced,none,AoS,enabled,187500000,562500000,234375000,281250000,421875000,0,0,0,250000000,343750000,228124999,228124999,10
2025-10-02 14:35:28,20239,pairwise,LinkedCells,1.000000,lc_sliced,none,SoA,disabled,687500000,875000000,828125000,421875000,593750000,843750000,562500000,593750000,734375000,968750000,710937499,710937499,10
2025-10-02 14:35:28,20249,pairwise,LinkedCells,1.000000,lc_sliced,none,SoA,enabled,937500000,765625000,687500000,828125000,656250000,718750000,812500000,515625000,734375000,578125000,723437499,723437499,10
2025-10-02 14:35:28,20259,pairwise,LinkedCells,1.000000,lc_sliced_balanced,none,AoS,disabled,187500000,0,93750000,218750000,0,0,250000000,578125000,250000000,218750000,179687499,179687499,10
2025-10-02 14:35:28,20269,pairwise,LinkedCells,1.000000,lc_sliced_balanced,none,AoS,enabled,0,453125000,203125000,0,281250000,296875000,171875000,265625000,140625000,187500000,199999999,199999999,10
2025-10-02 14:35:28,20279,pairwise,LinkedCells,1.000000,lc_sliced_balanced,none,SoA,disabled,656250000,656250000,640625000,765625000,1031250000,750000000,703125000,765625000,843750000,796875000,760937499,760937499,10
2025-10-02 14:35:28,20289,pairwise,LinkedCells,1.000000,lc_sliced_balanced,none,SoA,enabled,890625000,921875000,828125000,859375000,578125000,1015625000,546875000,437500000,609375000,906250000,759374999,759374999,10
2025-10-02 14:35:28,20299,pairwise,LinkedCells,1.000000,lc_sliced_balanced,squared-particles-per-cell,AoS,disabled,1187500000,859375000,500000000,718750000,796875000,750000000,781250000,828125000,1078125000,921875000,842187499,842187499,10
2025-10-02 14:35:29,20309,pairwise,LinkedCells,1.000000,lc_sliced_balanced,squared-particles-per-cell,AoS,enabled,921875000,843750000,796875000,1062500000,828125000,625000000,875000000,750000000,468750000,734375000,790624999,790624999,10
2025-10-02 14:35:29,20319,pairwise,LinkedCells,1.000000,lc_sliced_balanced,squared-particles-per-cell,SoA,disabled,2593750000,2437500000,2296875000,2859375000,2562500000,2453125000,2531250000,2703125000,2578125000,2328125000,2534374999,2534374999,10
2025-10-02 14:35:29,20329,pairwise,LinkedCells,1.000000,lc_sliced_balanced,squared-particles-per-cell,SoA,enabled,2640625000,2609375000,2734375000,2468750000,2421875000,2421875000,2015625000,2640625000,2281250000,2406250000,2464062499,2464062499,10
2025-10-02 14:35:29,20339,pairwise,LinkedCells,1.000000,lc_sliced_c02,none,AoS,disabled,406250000,265625000,0,437500000,0,0,187500000,0,109375000,312500000,171874999,171874999,10
2025-10-02 14:35:29,20349,pairwise,LinkedCells,1.000000,lc_sliced_c02,none,AoS,enabled,218750000,437500000,421875000,109375000,187500000,0,0,0,265625000,0,164062499,164062499,10
2025-10-02 14:35:29,20359,pairwise,LinkedCells,1.000000,lc_sliced_c02,none,SoA,disabled,906250000,890625000,812500000,562500000,500000000,765625000,890625000,468750000,515625000,640625000,695312500,695312500,10
2025-10-02 14:35:29,20369,pairwise,LinkedCells,1.000000,lc_sliced_c02,none,SoA,enabled,390625000,796875000,640625000,859375000,890625000,859375000,734375000,703125000,687500000,625000000,718749999,718749999,10
2025-10-02 14:35:29,20379,pairwise,VerletClusterLists,1.000000,vcl_c01_balanced,none,AoS,disabled,156250000,0,187500000,0,187500000,218750000,0,156250000,0,0,90624999,90624999,10
2025-10-02 14:35:29,20389,pairwise,VerletClusterLists,1.000000,vcl_c01_balanced,none,SoA,disabled,156250000,171875000,0,0,0,0,0,0,0,171875000,49999999,49999999,10
2025-10-02 14:35:29,20399,pairwise,VerletClusterLists,1.000000,vcl_c06,none,AoS,disabled,265625000,0,187500000,203125000,109375000,0,0,0,0,203125000,96875000,96875000,10
2025-10-02 14:35:29,20409,pairwise,VerletClusterLists,1.000000,vcl_c06,none,AoS,enabled,0,187500000,0,0,0,0,0,234375000,0,93750000,51562499,51562499,10
2025-10-02 14:35:29,20419,pairwise,VerletClusterLists,1.000000,vcl_c06,none,SoA,disabled,203125000,0,0,0,406250000,0,93750000,125000000,0,0,82812499,82812499,10
2025-10-02 14:35:29,20429,pairwise,VerletClusterLists,1.000000,vcl_c06,none,SoA,enabled,187500000,0,0,0,0,0,0,250000000,0,0,43749999,43749999,10
2025-10-02 14:35:29,20439,pairwise,VerletClusterLists,1.000000,vcl_sliced,none,AoS,disabled,0,0,218750000,0,0,171875000,0,0,265625000,0,65624999,65624999,10
2025-10-02 14:35:29,20449,pairwise,VerletClusterLists,1.000000,vcl_sliced,none,AoS,enabled,0,187500000,0,218750000,0,203125000,0,0,0,0,60937499,60937499,10
2025-10-02 14:35:29,20459,pairwise,VerletClusterLists,1.000000,vcl_sliced,none,SoA,disabled,265625000,0,0,0,0,0,0,0,0,0,26562500,26562500,10
2025-10-02 14:35:29,20469,pairwise,VerletClusterLists,1.000000,vcl_sliced,none,SoA,enabled,0,0,0,0,0,0,0,0,0,0,0,0,10
2025-10-02 14:35:29,20479,pairwise,VerletClusterLists,1.000000,vcl_sliced_balanced,none,AoS,disabled,234375000,171875000,0,0,250000000,0,109375000,0,140625000,0,90624999,90624999,10
2025-10-02 14:35:29,20489,pairwise,VerletClusterLists,1.000000,vcl_sliced_balanced,none,AoS,enabled,0,0,0,296875000,187500000,0,0,171875000,140625000,0,79687499,79687499,10
2025-10-02 14:35:29,20499,pairwise,VerletClusterLists,1.000000,vcl_sliced_balanced,none,SoA,disabled,0,0,0,328125000,0,0,0,171875000,0,0,49999999,49999999,10
2025-10-02 14:35:29,20509,pairwise,VerletClusterLists,1.000000,vcl_sliced_balanced,none,SoA,enabled,156250000,0,234375000,0,0,0,0,250000000,0,0,64062499,64062499,10
2025-10-02 14:35:29,20519,pairwise,VerletClusterLists,1.000000,vcl_sliced_balanced,neighbor-list-length,AoS,disabled,156250000,0,0,125000000,0,250000000,0,0,0,0,53124999,53124999,10
2025-10-02 14:35:29,20529,pairwise,VerletClusterLists,1.000000,vcl_sliced_balanced,neighbor-list-length,AoS,enabled,171875000,0,0,0,0,0,0,0,93750000,0,26562499,26562499,10
2025-10-02 14:35:29,20539,pairwise,VerletClusterLists,1.000000,vcl_sliced_balanced,neighbor-list-length,SoA,disabled,250000000,0,0,0,203125000,0,234375000,0,0,0,68749999,68749999,10
2025-10-02 14:35:29,20549,pairwise,VerletClusterLists,1.000000,vcl_sliced_balanced,neighbor-list-length,SoA,enabled,0,0,0,0,0,0,0,0,0,234375000,23437499,23437499,10
2025-10-02 14:35:29,20559,pairwise,VerletClusterLists,1.000000,vcl_sliced_c02,none,AoS,disabled,0,140625000,234375000,93750000,0,0,0,203125000,234375000,0,90624999,90624999,10
2025-10-02 14:35:29,20569,pairwise,VerletClusterLists,1.000000,vcl_sliced_c02,none,AoS,enabled,0,234375000,187500000,0,125000000,0,0,312500000,0,187500000,104687499,104687499,10
2025-10-02 14:35:29,20579,pairwise,VerletClusterLists,1.000000,vcl_sliced_c02,none,SoA,disabled,0,218750000,0,0,156250000,0,0,0,0,218750000,59374999,59374999,10
2025-10-02 14:35:29,20589,pairwise,VerletClusterLists,1.000000,vcl_sliced_c02,none,SoA,enabled,0,0,0,0,93750000,0,0,0,187500000,250000000,53124999,53124999,10
2025-10-02 14:35:29,20599,pairwise,VerletLists,1.000000,vl_list_iteration,none,AoS,disabled,1593750000,0,0,0,0,0,0,0,0,0,159375000,159375000,10
2025-10-02 14:35:29,20609,pairwise,VerletLists,1.000000,vl_list_iteration,none,SoA,disabled,3140625000,843750000,765625000,593750000,750000000,468750000,765625000,656250000,562500000,625000000,917187499,917187499,10
2025-10-02 14:35:29,20619,pairwise,VerletListsCells,1.000000,vlc_c01,none,AoS,disabled,9171875000,484375000,484375000,468750000,750000000,671875000,718750000,437500000,625000000,515625000,1432812499,1432812499,10
2025-10-02 14:35:29,20629,pairwise,VerletListsCells,1.000000,vlc_c01,none,SoA,disabled,11109375000,1187500000,1078125000,1171875000,1250000000,1156250000,1281250000,1453125000,1234375000,1093750000,2201562499,2201562499,10
2025-10-02 14:35:29,20639,pairwise,VerletListsCells,1.000000,vlc_c18,none,AoS,disabled,5781250000,718750000,812500000,687500000,609375000,750000000,703125000,781250000,765625000,953125000,1256249999,1256249999,10
2025-10-02 14:35:29,20649,pairwise,VerletListsCells,1.000000,vlc_c18,none,AoS,enabled,6156250000,484375000,562500000,750000000,703125000,703125000,484375000,671875000,843750000,875000000,1223437499,1223437499,10
2025-10-02 14:35:29,20659,pairwise,VerletListsCells,1.000000,vlc_c18,none,SoA,disabled,7843750000,1171875000,1359375000,1609375000,1281250000,1156250000,1171875000,1156250000,1187500000,1203125000,1914062499,1914062499,10
2025-10-02 14:35:29,20669,pairwise,VerletListsCells,1.000000,vlc_c18,none,SoA,enabled,7484375000,1281250000,1687500000,1281250000,1515625000,1140625000,1281250000,1359375000,1000000000,1390625000,1942187499,1942187499,10
2025-10-02 14:35:29,20679,pairwise,VerletListsCells,1.000000,vlc_c08,none,AoS,disabled,4171875000,531250000,796875000,734375000,734375000,718750000,703125000,578125000,437500000,562500000,996874999,996874999,10
2025-10-02 14:35:29,20689,pairwise,VerletListsCells,1.000000,vlc_c08,none,AoS,enabled,4421875000,921875000,578125000,609375000,859375000,718750000,921875000,906250000,671875000,640625000,1124999999,1124999999,10
2025-10-02 14:35:29,20699,pairwise,VerletListsCells,1.000000,vlc_c08,none,SoA,disabled,6015625000,1562500000,1203125000,1468750000,1453125000,1437500000,1093750000,1156250000,1343750000,1328125000,1806249999,1806249999,10
2025-10-02 14:35:29,20709,pairwise,VerletListsCells,1.000000,vlc_c08,none,SoA,enabled,6187500000,1390625000,1171875000,1406250000,1343750000,1437500000,1312500000,1281250000,1406250000,1234375000,1817187499,1817187499,10
2025-10-02 14:35:29,20719,pairwise,VerletListsCells,1.000000,vlc_sliced,none,AoS,disabled,5640625000,0,0,109375000,0,0,0,78125000,78125000,203125000,610937499,610937499,10
2025-10-02 14:35:29,20729,pairwise,VerletListsCells,1.000000,vlc_sliced,none,AoS,enabled,5000000000,0,0,0,171875000,0,0,0,0,0,517187499,517187499,10
2025-10-02 14:35:29,20739,pairwise,VerletListsCells,1.000000,vlc_sliced,none,SoA,disabled,7343750000,968750000,921875000,671875000,781250000,687500000,656250000,562500000,984375000,687500000,1426562499,1426562499,10
2025-10-02 14:35:29,20749,pairwise,VerletListsCells,1.000000,vlc_sliced,none,SoA,enabled,7156250000,671875000,671875000,687500000,875000000,921875000,718750000,500000000,578125000,1093750000,1387499999,1387499999,10
2025-10-02 14:35:29,20759,pairwise,VerletListsCells,1.000000,vlc_sliced_balanced,none,AoS,disabled,5625000000,343750000,0,0,234375000,0,0,0,281250000,0,648437499,648437499,10
2025-10-02 14:35:29,20769,pairwise,VerletListsCells,1.000000,vlc_sliced_balanced,none,AoS,enabled,5031250000,203125000,0,0,0,0,156250000,0,218750000,0,560937499,560937499,10
2025-10-02 14:35:29,20779,pairwise,VerletListsCells,1.000000,vlc_sliced_balanced,none,SoA,disabled,7531250000,828125000,531250000,843750000,781250000,687500000,890625000,578125000,843750000,734375000,1424999999,1424999999,10
2025-10-02 14:35:30,20789,pairwise,VerletListsCells,1.000000,vlc_sliced_balanced,none,SoA,enabled,6875000000,718750000,812500000,1031250000,765625000,781250000,812500000,390625000,796875000,687500000,1367187499,1367187499,10
2025-10-02 14:35:30,20799,pairwise,VerletListsCells,1.000000,vlc_sliced_balanced,squared-particles-per-cell,AoS,disabled,5390625000,0,140625000,125000000,171875000,218750000,0,390625000,125000000,0,656249999,656249999,10
2025-10-02 14:35:30,20809,pairwise,VerletListsCells,1.000000,vlc_sliced_balanced,squared-particles-per-cell,AoS,enabled,5328125000,0,375000000,0,203125000,0,0,234375000,0,203125000,634374999,634374999,10
2025-10-02 14:35:30,20819,pairwise,VerletListsCells,1.000000,vlc_sliced_balanced,squared-particles-per-cell,SoA,disabled,7140625000,937500000,1046875000,718750000,609375000,812500000,781250000,890625000,812500000,921875000,1467187499,1467187499,10
2025-10-02 14:35:30,20829,pairwise,VerletListsCells,1.000000,vlc_sliced_balanced,squared-particles-per-cell,SoA,enabled,7312500000,625000000,875000000,906250000,1046875000,875000000,515625000,812500000,1093750000,843750000,1490625000,1490625000,10
2025-10-02 14:35:30,20839,pairwise,VerletListsCells,1.000000,vlc_sliced_balanced,neighbor-list-length,AoS,disabled,5218750000,0,109375000,328125000,359375000,187500000,171875000,187500000,0,125000000,668749999,668749999,10
2025-10-02 14:35:30,20849,pairwise,VerletListsCells,1.000000,vlc_sliced_balanced,neighbor-list-length,AoS,enabled,5328125000,125000000,156250000,0,359375000,0,234375000,109375000,0,109375000,642187499,642187499,10
2025-10-02 14:35:30,20859,pairwise,VerletListsCells,1.000000,vlc_sliced_balanced,neighbor-list-length,SoA,disabled,7250000000,765625000,640625000,812500000,953125000,1015625000,796875000,890625000,843750000,859375000,1482812499,1482812499,10
2025-10-02 14:35:30,20869,pairwise,VerletListsCells,1.000000,vlc_sliced_balanced,neighbor-list-length,SoA,enabled,6906250000,625000000,1031250000,828125000,937500000,906250000,640625000,859375000,625000000,593750000,1395312499,1395312499,10
2025-10-02 14:35:30,20879,pairwise,VerletListsCells,1.000000,vlc_sliced_c02,none,AoS,disabled,5265625000,156250000,0,0,0,78125000,0,0,0,0,549999999,549999999,10
2025-10-02 14:35:30,20889,pairwise,VerletListsCells,1.000000,vlc_sliced_c02,none,AoS,enabled,5250000000,0,0,0,0,0,0,0,0,0,525000000,525000000,10
2025-10-02 14:35:30,20899,pairwise,VerletListsCells,1.000000,vlc_sliced_c02,none,SoA,disabled,7203125000,515625000,781250000,765625000,562500000,843750000,843750000,515625000,859375000,703125000,1359374999,1359374999,10
2025-10-02 14:35:30,20909,pairwise,VerletListsCells,1.000000,vlc_sliced_c02,none,SoA,enabled,7093750000,843750000,531250000,687500000,421875000,984375000,875000000,906250000,625000000,968750000,1393749999,1393749999,10
2025-10-02 14:35:30,20919,pairwise,PairwiseVerletLists,1.000000,vlp_c01,none,AoS,disabled,6250000000,687500000,625000000,593750000,687500000,562500000,843750000,625000000,1015625000,593750000,1248437499,1248437499,10
2025-10-02 14:35:30,20929,pairwise,PairwiseVerletLists,1.000000,vlp_c01,none,SoA,disabled,12359375000,1703125000,1328125000,1203125000,1031250000,1578125000,1171875000,1484375000,1593750000,1500000000,2495312499,2495312499,10
2025-10-02 14:35:30,20939,pairwise,PairwiseVerletLists,1.000000,vlp_c18,none,AoS,disabled,6296875000,1046875000,984375000,1015625000,843750000,703125000,1125000000,921875000,781250000,1093750000,1481249999,1481249999,10
2025-10-02 14:35:30,20949,pairwise,PairwiseVerletLists,1.000000,vlp_c18,none,AoS,enabled,6328125000,609375000,890625000,1015625000,1000000000,796875000,1203125000,1093750000,921875000,953125000,1481249999,1481249999,10
2025-10-02 14:35:30,20959,pairwise,PairwiseVerletLists,1.000000,vlp_c18,none,SoA,disabled,14234375000,1875000000,1687500000,1546875000,1796875000,1703125000,1593750000,1531250000,1468750000,1546875000,2898437499,2898437499,10
2025-10-02 14:35:30,20969,pairwise,PairwiseVerletLists,1.000000,vlp_c18,none,SoA,enabled,14140625000,1765625000,1703125000,1765625000,1828125000,1531250000,1671875000,1484375000,1750000000,1359375000,2899999999,2899999999,10
2025-10-02 14:35:30,20979,pairwise,PairwiseVerletLists,1.000000,vlp_sliced,none,AoS,disabled,5812500000,234375000,484375000,593750000,500000000,515625000,265625000,421875000,437500000,437500000,970312499,970312499,10
2025-10-02 14:35:30,20989,pairwise,PairwiseVerletLists,1.000000,vlp_sliced,none,AoS,enabled,5609375000,312500000,203125000,484375000,140625000,328125000,390625000,359375000,468750000,593750000,889062499,889062499,10
2025-10-02 14:35:30,20999,pairwise,PairwiseVerletLists,1.000000,vlp_sliced,none,SoA,disabled,14328125000,1218750000,1078125000,1015625000,1140625000,1109375000,734375000,968750000,1093750000,1218750000,2390624999,2390624999,10
2025-10-02 14:35:30,21009,pairwise,PairwiseVerletLists,1.000000,vlp_sliced,none,SoA,enabled,13750000000,1265625000,921875000,1156250000,1281250000,1312500000,1187500000,1218750000,1078125000,1156250000,2432812499,2432812499,10
2025-10-02 14:35:30,21019,pairwise,PairwiseVerletLists,1.000000,vlp_sliced_balanced,none,AoS,disabled,5921875000,328125000,687500000,500000000,500000000,578125000,296875000,468750000,171875000,531250000,998437499,998437499,10
2025-10-02 14:35:31,21029,pairwise,PairwiseVerletLists,1.000000,vlp_sliced_balanced,none,AoS,enabled,5453125000,593750000,328125000,296875000,468750000,312500000,375000000,484375000,250000000,578125000,914062499,914062499,10
2025-10-02 14:35:31,21039,pairwise,PairwiseVerletLists,1.000000,vlp_sliced_balanced,none,SoA,disabled,14234375000,1203125000,890625000,875000000,1171875000,875000000,906250000,953125000,1046875000,1203125000,2335937499,2335937499,10
2025-10-02 14:35:31,21049,pairwise,PairwiseVerletLists,1.000000,vlp_sliced_balanced,none,SoA,enabled,14031250000,1265625000,1140625000,890625000,1046875000,1093750000,1250000000,1187500000,1062500000,1312500000,2428124999,2428124999,10
2025-10-02 14:35:31,21059,pairwise,PairwiseVerletLists,1.000000,vlp_sliced_c02,none,AoS,disabled,5781250000,406250000,343750000,390625000,328125000,671875000,484375000,421875000,328125000,515625000,967187499,967187499,10
2025-10-02 14:35:31,21069,pairwise,PairwiseVerletLists,1.000000,vlp_sliced_c02,none,AoS,enabled,5703125000,359375000,453125000,296875000,484375000,265625000,343750000,281250000,140625000,406250000,873437499,873437499,10
2025-10-02 14:35:31,21079,pairwise,PairwiseVerletLists,1.000000,vlp_sliced_c02,none,SoA,disabled,13890625000,1453125000,1125000000,1203125000,1328125000,1390625000,1218750000,1000000000,1234375000,1625000000,2546874999,2546874999,10
2025-10-02 14:35:31,21089,pairwise,PairwiseVerletLists,1.000000,vlp_sliced_c02,none,SoA,enabled,13750000000,1156250000,1109375000,1062500000,1125000000,890625000,1171875000,1156250000,1125000000,1468750000,2401562500,2401562500,10
2025-10-02 14:35:31,21099,pairwise,PairwiseVerletLists,1.000000,vlp_c08,none,AoS,disabled,6812500000,1171875000,1203125000,1281250000,1421875000,1531250000,1296875000,1140625000,1312500000,1484375000,1865624999,1865624999,10
2025-10-02 14:35:31,21109,pairwise,PairwiseVerletLists,1.000000,vlp_c08,none,AoS,enabled,5812500000,1125000000,1078125000,875000000,875000000,812500000,765625000,875000000,671875000,828125000,1371874999,1371874999,10
2025-10-02 14:35:31,21119,pairwise,PairwiseVerletLists,1.000000,vlp_c08,none,SoA,disabled,13875000000,2312500000,2328125000,2140625000,2375000000,2156250000,2359375000,2375000000,2234375000,2500000000,3465624999,3465624999,10
2025-10-02 14:35:31,21129,pairwise,PairwiseVerletLists,1.000000,vlp_c08,none,SoA,enabled,12937500000,1734375000,1718750000,1750000000,1500000000,2046875000,1906250000,1734375000,1671875000,1890625000,2889062499,2889062499,10
2025-10-02 14:39:10,25009,pairwise,LinkedCells,1.000000,lc_c01,none,AoS,disabled,3250000000,3000000000,2906250000,3062500000,3062500000,3250000000,2750000000,2468750000,3093750000,2968750000,2981249999,2981249999,10
2025-10-02 14:39:10,25019,pairwise,LinkedCells,1.000000,lc_c01,none,SoA,disabled,2593750000,2187500000,2156250000,2156250000,2218750000,1968750000,2187500000,2031250000,2281250000,2187500000,2196874999,2196874999,10
2025-10-02 14:39:10,25029,pairwise,LinkedCells,1.000000,lc_c01_combined_SoA,none,SoA,disabled,2156250000,2218750000,2031250000,2281250000,1812500000,1906250000,1812500000,2000000000,1843750000,2406250000,2046874999,2046874999,10
2025-10-02 14:39:10,25039,pairwise,LinkedCells,1.000000,lc_c04,none,AoS,disabled,2062500000,2281250000,2093750000,2062500000,1843750000,2312500000,2281250000,1812500000,2250000000,2218750000,2121874999,2121874999,10
2025-10-02 14:39:11,25049,pairwise,LinkedCells,1.000000,lc_c04,none,AoS,enabled,1531250000,1468750000,1375000000,1343750000,1375000000,1406250000,1562500000,1562500000,1406250000,1093750000,1412499999,1412499999,10
2025-10-02 14:39:11,25059,pairwise,LinkedCells,1.000000,lc_c04,none,SoA,disabled,1625000000,1687500000,1937500000,1968750000,1875000000,1781250000,1687500000,2062500000,1812500000,1750000000,1818749999,1818749999,10
2025-10-02 14:39:11,25069,pairwise,LinkedCells,1.000000,lc_c04,none,SoA,enabled,1343750000,1437500000,1250000000,1468750000,1468750000,1437500000,1250000000,1593750000,1406250000,1281250000,1393749999,1393749999,10
2025-10-02 14:39:11,25079,pairwise,LinkedCells,1.000000,lc_c04_HCP,none,AoS,disabled,1781250000,1593750000,1937500000,1968750000,1875000000,1718750000,1656250000,1718750000,1781250000,1531250000,1756249999,1756249999,10
2025-10-02 14:39:11,25089,pairwise,LinkedCells,1.000000,lc_c04_HCP,none,AoS,enabled,1281250000,1687500000,1187500000,1250000000,1312500000,1375000000,1312500000,1531250000,1468750000,1218750000,1362499999,1362499999,10
2025-10-02 14:39:11,25099,pairwise,LinkedCells,1.000000,lc_c04_HCP,none,SoA,disabled,1656250000,1750000000,1718750000,1875000000,2062500000,1906250000,1843750000,2156250000,1906250000,1750000000,1862499999,1862499999,10
2025-10-02 14:39:11,25109,pairwise,LinkedCells,1.000000,lc_c04_HCP,none,SoA,enabled,1343750000,1343750000,1593750000,1218750000,1531250000,1781250000,1812500000,1812500000,1500000000,1625000000,1556249999,1556249999,10
2025-10-02 14:39:11,25119,pairwise,LinkedCells,1.000000,lc_c04_combined_SoA,none,SoA,disabled,2656250000,2312500000,2000000000,2562500000,2062500000,2406250000,2250000000,2593750000,2312500000,2343750000,2349999999,2349999999,10
2025-10-02 14:39:11,25129,pairwise,LinkedCells,1.000000,lc_c04_combined_SoA,none,SoA,enabled,1843750000,1781250000,1843750000,1500000000,1812500000,1781250000,1718750000,1812500000,1718750000,1937500000,1774999999,1774999999,10
2025-10-02 14:39:11,25139,pairwise,LinkedCells,1.000000,lc_c08,none,AoS,disabled,2125000000,1812500000,1875000000,1968750000,1562500000,1656250000,2156250000,1718750000,2031250000,2062500000,1896874999,1896874999,10
2025-10-02 14:39:11,25149,pairwise,LinkedCells,1.000000,lc_c08,none,AoS,enabled,1281250000,1625000000,1437500000,1812500000,1500000000,1843750000,1625000000,1531250000,1531250000,2062500000,1624999999,1624999999,10
2025-10-02 14:39:11,25159,pairwise,LinkedCells,1.000000,lc_c08,none,SoA,disabled,2312500000,2375000000,2250000000,2687500000,2718750000,2687500000,2500000000,2281250000,2281250000,2250000000,2434374999,2434374999,10
2025-10-02 14:39:11,25169,pairwise,LinkedCells,1.000000,lc_c08,none,SoA,enabled,1937500000,1562500000,1906250000,2000000000,2031250000,1937500000,1937500000,2031250000,1656250000,2062500000,1906249999,1906249999,10
2025-10-02 14:39:11,25179,pairwise,LinkedCells,1.000000,lc_c18,none,AoS,disabled,2031250000,2093750000,2031250000,1656250000,2062500000,1875000000,2281250000,2062500000,2093750000,2000000000,2018749999,2018749999,10
2025-10-02 14:39:11,25189,pairwise,LinkedCells,1.000000,lc_c18,none,AoS,enabled,1406250000,1593750000,1875000000,1781250000,1750000000,1843750000,1906250000,1562500000,1500000000,1531250000,1674999999,1674999999,10
2025-10-02 14:39:11,25199,pairwise,LinkedCells,1.000000,lc_c18,none,SoA,disabled,1968750000,1937500000,2000000000,2156250000,2000000000,2156250000,1750000000,1687500000,2062500000,1593750000,1931249999,1931249999,10
2025-10-02 14:39:11,25209,pairwise,LinkedCells,1.000000,lc_c18,none,SoA,enabled,1937500000,1656250000,1750000000,1593750000,1468750000,1625000000,1625000000,1625000000,1406250000,1625000000,1631249999,1631249999,10
2025-10-02 14:39:11,25219,pairwise,LinkedCells,1.000000,lc_sliced,none,AoS,disabled,3156250000,2812500000,2875000000,3093750000,3093750000,2656250000,2812500000,3500000000,3031250000,2781250000,2981249999,2981249999,10
2025-10-02 14:39:11,25229,pairwise,LinkedCells,1.000000,lc_sliced,none,AoS,enabled,1906250000,2125000000,2062500000,2281250000,2000000000,2093750000,2031250000,2343750000,2062500000,1937500000,2084374999,2084374999,10
2025-10-02 14:39:12,25239,pairwise,LinkedCells,1.000000,lc_sliced,none,SoA,disabled,2281250000,2500000000,2468750000,2562500000,2093750000,2218750000,2031250000,2343750000,2375000000,2250000000,2312499999,2312499999,10
2025-10-02 14:39:12,25249,pairwise,LinkedCells,1.000000,lc_sliced,none,SoA,enabled,1468750000,1562500000,1562500000,1625000000,1687500000,1687500000,1437500000,1500000000,1718750000,1625000000,1587499999,1587499999,10
2025-10-02 14:39:12,25259,pairwise,LinkedCells,1.000000,lc_sliced_balanced,none,AoS,disabled,2843750000,2843750000,2875000000,3562500000,2875000000,2937500000,3218750000,3031250000,3343750000,2968750000,3049999999,3049999999,10
2025-10-02 14:39:12,25269,pairwise,LinkedCells,1.000000,lc_sliced_balanced,none,AoS,enabled,2000000000,1906250000,1875000000,2218750000,2500000000,2031250000,2031250000,2156250000,2187500000,2062500000,2096874999,2096874999,10
2025-10-02 14:39:12,25279,pairwise,LinkedCells,1.000000,lc_sliced_balanced,none,SoA,disabled,2562500000,2156250000,1937500000,2375000000,2343750000,2281250000,2406250000,2312500000,2406250000,2312500000,2309375000,2309375000,10
2025-10-02 14:39:12,25289,pairwise,LinkedCells,1.000000,lc_sliced_balanced,none,SoA,enabled,1312500000,1906250000,1687500000,1718750000,1562500000,1625000000,1687500000,1625000000,1562500000,2125000000,1681249999,1681249999,10
2025-10-02 14:39:12,25299,pairwise,LinkedCells,1.000000,lc_sliced_balanced,squared-particles-per-cell,AoS,disabled,2968750000,3093750000,3000000000,3312500000,2937500000,2906250000,2968750000,3031250000,2750000000,2937500000,2990624999,2990624999,10
2025-10-02 14:39:12,25309,pairwise,LinkedCells,1.000000,lc_sliced_balanced,squared-particles-per-cell,AoS,enabled,2062500000,2593750000,2125000000,2281250000,1937500000,2187500000,2437500000,2437500000,2218750000,2187500000,2246874999,2246874999,10
2025-10-02 14:39:12,25319,pairwise,LinkedCells,1.000000,lc_sliced_balanced,squared-particles-per-cell,SoA,disabled,3375000000,3125000000,3031250000,2937500000,3062500000,2906250000,3406250000,3218750000,3093750000,3187500000,3134374999,3134374999,10
2025-10-02 14:39:12,25329,pairwise,LinkedCells,1.000000,lc_sliced_balanced,squared-particles-per-cell,SoA,enabled,2937500000,2843750000,3093750000,3000000000,2593750000,2968750000,2968750000,2812500000,2906250000,2781250000,2890624999,2890624999,10
2025-10-02 14:39:12,25339,pairwise,LinkedCells,1.000000,lc_sliced_c02,none,AoS,disabled,2968750000,2968750000,2906250000,3125000000,2718750000,2750000000,2937500000,3187500000,2718750000,2656250000,2893749999,2893749999,10
2025-10-02 14:39:12,25349,pairwise,LinkedCells,1.000000,lc_sliced_c02,none,AoS,enabled,1812500000,2031250000,1906250000,1906250000,2250000000,2343750000,2250000000,2031250000,2062500000,2406250000,2099999999,2099999999,10
2025-10-02 14:39:12,25359,pairwise,LinkedCells,1.000000,lc_sliced_c02,none,SoA,disabled,2593750000,2500000000,2218750000,2343750000,2031250000,2375000000,2312500000,2343750000,2156250000,2312500000,2318749999,2318749999,10
2025-10-02 14:39:12,25369,pairwise,LinkedCells,1.000000,lc_sliced_c02,none,SoA,enabled,1906250000,1625000000,1593750000,1718750000,1812500000,1781250000,1718750000,1562500000,1531250000,1281250000,1653125000,1653125000,10
2025-10-02 14:39:13,25379,pairwise,VerletClusterLists,1.000000,vcl_c01_balanced,none,AoS,disabled,19781250000,3343750000,3000000000,3187500000,3093750000,3375000000,3031250000,3375000000,3062500000,3187500000,4843749999,4843749999,10
2025-10-02 14:39:13,25389,pairwise,VerletClusterLists,1.000000,vcl_c01_balanced,none,SoA,disabled,14406250000,1406250000,1437500000,1156250000,1187500000,937500000,1375000000,1218750000,1218750000,1156250000,2549999999,2549999999,10
2025-10-02 14:39:13,25399,pairwise,VerletClusterLists,1.000000,vcl_c06,none,AoS,disabled,26093750000,12656250000,12500000000,12656250000,11968750000,11781250000,11593750000,12281250000,12718750000,12500000000,13674999999,13674999999,10
2025-10-02 14:39:13,25409,pairwise,VerletClusterLists,1.000000,vcl_c06,none,AoS,enabled,16406250000,6562500000,6218750000,6812500000,6718750000,6843750000,7000000000,6875000000,6750000000,7250000000,7743750000,7743750000,10
2025-10-02 14:39:13,25419,pairwise,VerletClusterLists,1.000000,vcl_c06,none,SoA,disabled,17343750000,4812500000,4187500000,4875000000,4625000000,4062500000,4625000000,4625000000,4718750000,4843750000,5871874999,5871874999,10
2025-10-02 14:39:13,25429,pairwise,VerletClusterLists,1.000000,vcl_c06,none,SoA,enabled,12437500000,2843750000,2875000000,2406250000,2656250000,2468750000,2656250000,2531250000,2781250000,2906250000,3656249999,3656249999,10
2025-10-02 14:39:14,25439,pairwise,VerletClusterLists,1.000000,vcl_sliced,none,AoS,disabled,20812500000,8031250000,7843750000,9062500000,8718750000,9000000000,8687500000,8812500000,9125000000,9125000000,9921874999,9921874999,10
2025-10-02 14:39:14,25449,pairwise,VerletClusterLists,1.000000,vcl_sliced,none,AoS,enabled,12812500000,5343750000,4656250000,4906250000,4906250000,4687500000,4750000000,4906250000,4593750000,4906250000,5646874999,5646874999,10
2025-10-02 14:39:14,25459,pairwise,VerletClusterLists,1.000000,vcl_sliced,none,SoA,disabled,14875000000,2843750000,3000000000,2468750000,2468750000,2468750000,2437500000,2500000000,2468750000,2468750000,3799999999,3799999999,10
2025-10-02 14:39:14,25469,pairwise,VerletClusterLists,1.000000,vcl_sliced,none,SoA,enabled,9343750000,1625000000,1687500000,1625000000,1843750000,1781250000,1656250000,1718750000,1718750000,1687500000,2468749999,2468749999,10
2025-10-02 14:39:14,25479,pairwise,VerletClusterLists,1.000000,vcl_sliced_balanced,none,AoS,disabled,20562500000,8531250000,8968750000,9093750000,8843750000,8687500000,9000000000,9031250000,8937500000,8812500000,10046874999,10046874999,10
2025-10-02 14:39:15,25489,pairwise,VerletClusterLists,1.000000,vcl_sliced_balanced,none,AoS,enabled,13843750000,4812500000,5031250000,4843750000,4625000000,4843750000,5093750000,4750000000,4968750000,5125000000,5793749999,5793749999,10
2025-10-02 14:39:15,25499,pairwise,VerletClusterLists,1.000000,vcl_sliced_balanced,none,SoA,disabled,15000000000,3031250000,2906250000,2562500000,2406250000,2718750000,2468750000,2625000000,2937500000,2843750000,3949999999,3949999999,10
2025-10-02 14:39:15,25509,pairwise,VerletClusterLists,1.000000,vcl_sliced_balanced,none,SoA,enabled,9656250000,1656250000,1468750000,1531250000,1843750000,1375000000,1375000000,1687500000,1843750000,1500000000,2393749999,2393749999,10
2025-10-02 14:39:15,25519,pairwise,VerletClusterLists,1.000000,vcl_sliced_balanced,neighbor-list-length,AoS,disabled,22531250000,8625000000,8937500000,8875000000,9093750000,8718750000,8687500000,8781250000,8750000000,9187500000,10218749999,10218749999,10
2025-10-02 14:39:15,25529,pairwise,VerletClusterLists,1.000000,vcl_sliced_balanced,neighbor-list-length,AoS,enabled,13812500000,4875000000,4781250000,4906250000,4625000000,4843750000,4781250000,4937500000,4906250000,4718750000,5718749999,5718749999,10
2025-10-02 14:39:15,25539,pairwise,VerletClusterLists,1.000000,vcl_sliced_balanced,neighbor-list-length,SoA,disabled,13062500000,2593750000,2562500000,2468750000,2687500000,2750000000,2781250000,2937500000,3125000000,2968750000,3793749999,3793749999,10
2025-10-02 14:39:15,25549,pairwise,VerletClusterLists,1.000000,vcl_sliced_balanced,neighbor-list-length,SoA,enabled,10437500000,1500000000,1468750000,1625000000,1843750000,1656250000,1468750000,1875000000,1937500000,1718750000,2553124999,2553124999,10
2025-10-02 14:39:16,25559,pairwise,VerletClusterLists,1.000000,vcl_sliced_c02,none,AoS,disabled,26906250000,13906250000,13750000000,11125000000,11187500000,11750000000,13281250000,12031250000,12406250000,10531250000,13687500000,13687500000,10
2025-10-02 14:39:16,25569,pairwise,VerletClusterLists,1.000000,vcl_sliced_c02,none,AoS,enabled,15812500000,6531250000,6750000000,6281250000,7500000000,7156250000,7093750000,7156250000,6593750000,7250000000,7812499999,7812499999,10
2025-10-02 14:39:16,25579,pairwise,VerletClusterLists,1.000000,vcl_sliced_c02,none,SoA,disabled,15218750000,4437500000,4093750000,4062500000,4218750000,4375000000,3968750000,4218750000,4281250000,3531250000,5240624999,5240624999,10
2025-10-02 14:39:16,25589,pairwise,VerletClusterLists,1.000000,vcl_sliced_c02,none,SoA,enabled,10062500000,2250000000,2250000000,2406250000,2093750000,2281250000,2093750000,1968750000,2343750000,2468750000,3021874999,3021874999,10
2025-10-02 14:39:16,25599,pairwise,VerletLists,1.000000,vl_list_iteration,none,AoS,disabled,6531250000,875000000,1031250000,1156250000,1093750000,875000000,1000000000,1093750000,687500000,875000000,1521874999,1521874999,10
2025-10-02 14:39:16,25609,pairwise,VerletLists,1.000000,vl_list_iteration,none,SoA,disabled,19875000000,1687500000,1562500000,1531250000,1562500000,1593750000,1656250000,1531250000,1500000000,1593750000,3409374999,3409374999,10
2025-10-02 14:39:17,25619,pairwise,VerletListsCells,1.000000,vlc_c01,none,AoS,disabled,12343750000,1312500000,1500000000,1406250000,1375000000,1437500000,1343750000,1250000000,1375000000,1406250000,2474999999,2474999999,10
2025-10-02 14:39:17,25629,pairwise,VerletListsCells,1.000000,vlc_c01,none,SoA,disabled,25718750000,2156250000,1812500000,2250000000,2187500000,1906250000,1906250000,2093750000,2093750000,1843750000,4396874999,4396874999,10
2025-10-02 14:39:17,25639,pairwise,VerletListsCells,1.000000,vlc_c18,none,AoS,disabled,9125000000,1187500000,1343750000,1218750000,1375000000,1437500000,1187500000,968750000,1312500000,1218750000,2037500000,2037500000,10
2025-10-02 14:39:17,25649,pairwise,VerletListsCells,1.000000,vlc_c18,none,AoS,enabled,7562500000,1000000000,1031250000,1093750000,875000000,625000000,906250000,1281250000,1062500000,1125000000,1656250000,1656250000,10
2025-10-02 14:39:17,25659,pairwise,VerletListsCells,1.000000,vlc_c18,none,SoA,disabled,33281250000,2406250000,2750000000,2500000000,2312500000,2187500000,2562500000,2343750000,2125000000,2656250000,5512499999,5512499999,10
2025-10-02 14:39:17,25669,pairwise,VerletListsCells,1.000000,vlc_c18,none,SoA,enabled,21687500000,2281250000,1906250000,1968750000,1718750000,1687500000,1937500000,2031250000,1625000000,1875000000,3871874999,3871874999,10
2025-10-02 14:39:17,25679,pairwise,VerletListsCells,1.000000,vlc_c08,none,AoS,disabled,7062500000,968750000,1062500000,937500000,906250000,1031250000,937500000,1312500000,1000000000,1250000000,1646874999,1646874999,10
2025-10-02 14:39:17,25689,pairwise,VerletListsCells,1.000000,vlc_c08,none,AoS,enabled,6187500000,750000000,718750000,625000000,718750000,656250000,875000000,906250000,937500000,687500000,1306249999,1306249999,10
2025-10-02 14:39:17,25699,pairwise,VerletListsCells,1.000000,vlc_c08,none,SoA,disabled,27750000000,2437500000,2187500000,2187500000,2000000000,2125000000,2187500000,2125000000,2156250000,2187500000,4734374999,4734374999,10
2025-10-02 14:39:18,25709,pairwise,VerletListsCells,1.000000,vlc_c08,none,SoA,enabled,21750000000,1937500000,1875000000,1906250000,1843750000,1718750000,1812500000,2000000000,1750000000,1750000000,3834375000,3834375000,10
2025-10-02 14:39:18,25719,pairwise,VerletListsCells,1.000000,vlc_sliced,none,AoS,disabled,9593750000,1781250000,1843750000,1968750000,2031250000,1875000000,1562500000,1937500000,2062500000,1937500000,2659374999,2659374999,10
2025-10-02 14:39:18,25729,pairwise,VerletListsCells,1.000000,vlc_sliced,none,AoS,enabled,7250000000,1062500000,937500000,1062500000,968750000,750000000,968750000,1031250000,906250000,906250000,1584374999,1584374999,10
2025-10-02 14:39:18,25739,pairwise,VerletListsCells,1.000000,vlc_sliced,none,SoA,disabled,32562500000,2687500000,2687500000,2625000000,2562500000,2906250000,2843750000,3156250000,3125000000,3000000000,5815625000,5815625000,10
2025-10-02 14:39:18,25749,pairwise,VerletListsCells,1.000000,vlc_sliced,none,SoA,enabled,21781250000,2000000000,1843750000,1656250000,1750000000,1906250000,2093750000,1750000000,1875000000,1718750000,3837500000,3837500000,10
2025-10-02 14:39:18,25759,pairwise,VerletListsCells,1.000000,vlc_sliced_balanced,none,AoS,disabled,9437500000,2031250000,1968750000,2125000000,2093750000,1875000000,2031250000,1843750000,2031250000,1750000000,2718749999,2718749999,10
2025-10-02 14:39:18,25769,pairwise,VerletListsCells,1.000000,vlc_sliced_balanced,none,AoS,enabled,7093750000,1031250000,906250000,968750000,1031250000,687500000,1000000000,968750000,1031250000,1125000000,1584374999,1584374999,10
2025-10-02 14:39:18,25779,pairwise,VerletListsCells,1.000000,vlc_sliced_balanced,none,SoA,disabled,32875000000,3031250000,3187500000,2937500000,2687500000,2750000000,2750000000,2687500000,2812500000,2625000000,5834374999,5834374999,10
2025-10-02 14:39:18,25789,pairwise,VerletListsCells,1.000000,vlc_sliced_balanced,none,SoA,enabled,22375000000,1968750000,1843750000,2156250000,1718750000,1843750000,2125000000,1906250000,1937500000,1718750000,3959374999,3959374999,10
2025-10-02 14:39:19,25799,pairwise,VerletListsCells,1.000000,vlc_sliced_balanced,squared-particles-per-cell,AoS,disabled,9812500000,2062500000,1906250000,1843750000,1937500000,1687500000,2000000000,2125000000,2093750000,1812500000,2728124999,2728124999,10
2025-10-02 14:39:19,25809,pairwise,VerletListsCells,1.000000,vlc_sliced_balanced,squared-particles-per-cell,AoS,enabled,7312500000,937500000,906250000,968750000,1093750000,1062500000,1093750000,1062500000,1000000000,1031250000,1646874999,1646874999,10
2025-10-02 14:39:19,25819,pairwise,VerletListsCells,1.000000,vlc_sliced_balanced,squared-particles-per-cell,SoA,disabled,34468750000,2812500000,2968750000,2875000000,2875000000,2937500000,2906250000,2843750000,2625000000,2937500000,6024999999,6024999999,10
2025-10-02 14:39:19,25829,pairwise,VerletListsCells,1.000000,vlc_sliced_balanced,squared-particles-per-cell,SoA,enabled,25312500000,2312500000,1843750000,1750000000,1875000000,1781250000,2031250000,2062500000,1750000000,1687500000,4240624999,4240624999,10
2025-10-02 14:39:19,25839,pairwise,VerletListsCells,1.000000,vlc_sliced_