Date,Iteration,Interaction Type,Container,CellSizeFactor,Traversal,Load Estimator,Data Layout,Newton 3,sample0,sample1,sample2,sample3,sample4,sample5,sample6,sample7,sample8,sample9,Reduced,Smoothed,Mean Rebuild Frequency
2025-10-02 14:25:04,9,pairwise,LinkedCells,1.000000,lc_c01,none,AoS,disabled,483940124,603210449,666320800,709838867,680664062,487907409,482482910,681701660,519096374,740844726,605600738,605600738,10
2025-10-02 14:25:04,19,pairwise,LinkedCells,1.000000,lc_c01,none,SoA,disabled,923095703,814270019,839599609,1292716979,829040527,1054748535,791931152,434692382,984916687,1295654296,926066588,926066588,10
2025-10-02 14:25:04,29,pairwise,LinkedCells,1.000000,lc_c01_combined_SoA,none,SoA,disabled,1044670104,886291503,697021484,915527343,974609375,956970214,1074638366,1114257812,1170707702,933898925,976859282,976859282,10
2025-10-02 14:25:04,39,pairwise,LinkedCells,1.000000,lc_c04,none,AoS,disabled,0,261772155,272583007,419189453,379699707,236694335,185119628,312377929,147094726,141174316,235570525,235570525,10
2025-10-02 14:25:04,49,pairwise,LinkedCells,1.000000,lc_c04,none,AoS,enabled,117614746,478507995,369575500,220451354,189208984,0,196228027,325866699,290954589,182250976,237065887,237065887,10
2025-10-02 14:25:04,59,pairwise,LinkedCells,1.000000,lc_c04,none,SoA,disabled,954643249,1039176940,959594726,430786132,616027832,367187500,1087875366,1176269531,995300292,1022949218,864981078,864981078,10
2025-10-02 14:25:04,69,pairwise,LinkedCells,1.000000,lc_c04,none,SoA,enabled,404602050,1490898132,450622558,275085449,617538452,961914062,1208129882,735473632,1152160644,895141601,819156646,819156646,10
2025-10-02 14:25:04,79,pairwise,LinkedCells,1.000000,lc_c04_HCP,none,AoS,disabled,533126831,197021484,360473632,262329101,275024414,0,200012207,0,0,218200683,204618834,204618834,10
2025-10-02 14:25:05,89,pairwise,LinkedCells,1.000000,lc_c04_HCP,none,AoS,enabled,209716796,262817382,197082519,210205078,196350097,231079101,0,416503906,449523925,197265625,237054442,237054442,10
2025-10-02 14:25:05,99,pairwise,LinkedCells,1.000000,lc_c04_HCP,none,SoA,disabled,448425292,818038940,839050292,1063171386,1488891601,1165527343,1180160522,921142578,1177795410,1106628417,1020883177,1020883177,10
2025-10-02 14:25:05,109,pairwise,LinkedCells,1.000000,lc_c04_HCP,none,SoA,enabled,751998901,1532348632,604125976,1201782226,966964721,470581054,940307617,1014953613,438049316,608627319,852973937,852973937,10
2025-10-02 14:25:05,119,pairwise,LinkedCells,1.000000,lc_c04_combined_SoA,none,SoA,disabled,937561035,1085754394,1156066894,1439819335,1277328491,1283508300,750183105,1286926269,670333862,604125976,1049160765,1049160765,10
2025-10-02 14:25:05,129,pairwise,LinkedCells,1.000000,lc_c04_combined_SoA,none,SoA,enabled,1138244628,1363647460,1860824584,847229003,469604492,459228515,970077514,1294128417,937316894,1892318725,1123262022,1123262022,10
2025-10-02 14:25:05,139,pairwise,LinkedCells,1.000000,lc_c08,none,AoS,disabled,852844238,1006652832,871582031,893676757,760116577,621582031,853942871,849487304,823608398,819885253,835337828,835337828,10
2025-10-02 14:25:05,149,pairwise,LinkedCells,1.000000,lc_c08,none,AoS,enabled,948974609,789413452,828735351,852966308,608276367,645690917,818786621,887313842,763305664,634155273,777761840,777761840,10
2025-10-02 14:25:05,159,pairwise,LinkedCells,1.000000,lc_c08,none,SoA,disabled,821777343,1206970214,1332199096,1494812011,1435607910,1965072631,1375183105,1275939941,1082260131,1691406250,1368122863,1368122863,10
2025-10-02 14:25:05,169,pairwise,LinkedCells,1.000000,lc_c08,none,SoA,enabled,1591613769,1134826660,1272338867,1077377319,1368408203,1703063964,1145629882,1682495117,1276855468,1599853515,1385246276,1385246276,10
2025-10-02 14:25:05,179,pairwise,LinkedCells,1.000000,lc_c18,none,AoS,disabled,1239730834,407592773,737915039,744201660,1012084960,824279785,891235351,765625000,722229003,928039550,827293395,827293395,10
2025-10-02 14:25:05,189,pairwise,LinkedCells,1.000000,lc_c18,none,AoS,enabled,802978515,988555908,666564941,787414550,1074035644,678344726,794982910,979492187,908325195,767333984,844802856,844802856,10
2025-10-02 14:25:05,199,pairwise,LinkedCells,1.000000,lc_c18,none,SoA,disabled,698242187,1150756835,673767089,1859832763,1099121093,1027404785,451354980,1113891601,1153198242,1196716308,1042428587,1042428587,10
2025-10-02 14:25:05,209,pairwise,LinkedCells,1.000000,lc_c18,none,SoA,enabled,1485046386,657501220,1508178710,1192626953,1283996582,1231140136,1534729003,829711914,1575317382,885253906,1218350218,1218350218,10
2025-10-02 14:25:05,219,pairwise,LinkedCells,1.000000,lc_sliced,none,AoS,disabled,548828125,157165527,0,0,246276855,576110839,594055175,134582519,75805664,529602050,286242675,286242675,10
2025-10-02 14:25:05,229,pairwise,LinkedCells,1.000000,lc_sliced,none,AoS,enabled,102539062,199462890,302795410,0,0,131286621,530090332,202880859,331909179,260253906,206121825,206121825,10
2025-10-02 14:25:05,239,pairwise,LinkedCells,1.000000,lc_sliced,none,SoA,disabled,883422851,762634277,933349609,869995117,715881347,865020751,901306152,958984375,820373535,932189941,864315795,864315795,10
2025-10-02 14:25:05,249,pairwise,LinkedCells,1.000000,lc_sliced,none,SoA,enabled,772766113,977233886,1146911621,575744628,1121887207,1222229003,871032714,852203369,969543457,672058105,918161009,918161009,10
2025-10-02 14:25:05,259,pairwise,LinkedCells,1.000000,lc_sliced_balanced,none,AoS,disabled,448120117,422119140,223449707,157836914,0,0,0,279174804,406127929,208190917,214501952,214501952,10
2025-10-02 14:25:05,269,pairwise,LinkedCells,1.000000,lc_sliced_balanced,none,AoS,enabled,222290039,260375976,107849121,0,331787109,234313964,0,413208007,244873046,0,181469725,181469725,10
2025-10-02 14:25:05,279,pairwise,LinkedCells,1.000000,lc_sliced_balanced,none,SoA,disabled,920776367,470520019,902587890,976135253,863525390,366943359,1055114746,1039978027,742431640,857299804,819531249,819531249,10
2025-10-02 14:25:05,289,pairwise,LinkedCells,1.000000,lc_sliced_balanced,none,SoA,enabled,925354003,855041503,806701660,1105224609,748352050,938415527,1033935546,743774414,950805664,867248535,897485350,897485350,10
2025-10-02 14:25:05,299,pairwise,LinkedCells,1.000000,lc_sliced_balanced,squared-particles-per-cell,AoS,disabled,389160156,164428710,611755371,218994140,524536132,377746582,428222656,636230468,219116210,419677734,398986815,398986815,10
2025-10-02 14:25:05,309,pairwise,LinkedCells,1.000000,lc_sliced_balanced,squared-particles-per-cell,AoS,enabled,0,560241699,560546875,246093750,449584960,254577636,538513183,178649902,154357910,244140625,318670653,318670653,10
2025-10-02 14:25:05,319,pairwise,LinkedCells,1.000000,lc_sliced_balanced,squared-particles-per-cell,SoA,disabled,1009460449,944519042,999938964,1030639648,1014770507,1194152832,1332824707,1034179687,1027343750,1406066894,1099389647,1099389647,10
2025-10-02 14:25:05,329,pairwise,LinkedCells,1.000000,lc_sliced_balanced,squared-particles-per-cell,SoA,enabled,1269775390,1480163574,1447570800,1015380859,1309844970,1250000000,925720214,1387939453,1350524902,1582458496,1301937865,1301937865,10
2025-10-02 14:25:05,339,pairwise,LinkedCells,1.000000,lc_sliced_c02,none,AoS,disabled,0,0,0,322143554,242797851,546081542,0,0,93444824,187194824,139166259,139166259,10
2025-10-02 14:25:05,349,pairwise,LinkedCells,1.000000,lc_sliced_c02,none,AoS,enabled,283264160,0,0,0,0,117065429,307739257,167114257,216186523,162780761,125415038,125415038,10
2025-10-02 14:25:05,359,pairwise,LinkedCells,1.000000,lc_sliced_c02,none,SoA,disabled,1094543457,839263916,907104492,572204589,915283203,799133300,707885742,894714355,683715820,906188964,832003783,832003783,10
2025-10-02 14:25:05,369,pairwise,LinkedCells,1.000000,lc_sliced_c02,none,SoA,enabled,901855468,906005859,898254394,840576171,986633300,713684082,689819335,898437500,718139648,663452148,821685790,821685790,10
2025-10-02 14:25:05,379,pairwise,VerletClusterLists,1.000000,vcl_c01_balanced,none,AoS,disabled,0,0,0,0,0,0,0,0,0,0,0,0,10
2025-10-02 14:25:05,389,pairwise,VerletClusterLists,1.000000,vcl_c01_balanced,none,SoA,disabled,0,0,187255859,0,0,0,242492675,0,0,197998046,62774658,62774658,10
2025-10-02 14:25:05,399,pairwise,VerletClusterLists,1.000000,vcl_c06,none,AoS,disabled,0,0,0,0,0,0,0,0,0,0,0,0,10
2025-10-02 14:25:05,409,pairwise,VerletClusterLists,1.000000,vcl_c06,none,AoS,enabled,0,0,0,0,0,225646972,0,0,0,0,22564696,22564696,10
2025-10-02 14:25:05,419,pairwise,VerletClusterLists,1.000000,vcl_c06,none,SoA,disabled,0,0,251647949,207275390,0,0,0,0,252563476,0,71148681,71148681,10
2025-10-02 14:25:05,429,pairwise,VerletClusterLists,1.000000,vcl_c06,none,SoA,enabled,258972167,0,0,0,0,152160644,0,0,0,0,41113280,41113280,10
2025-10-02 14:25:05,439,pairwise,VerletClusterLists,1.000000,vcl_sliced,none,AoS,disabled,254211425,0,0,0,0,0,0,0,0,0,25421142,25421142,10
2025-10-02 14:25:05,449,pairwise,VerletClusterLists,1.000000,vcl_sliced,none,AoS,enabled,0,0,0,0,0,0,0,0,0,0,0,0,10
2025-10-02 14:25:05,459,pairwise,VerletClusterLists,1.000000,vcl_sliced,none,SoA,disabled,0,0,265136718,0,0,0,0,0,197875976,0,46301268,46301268,10
2025-10-02 14:25:05,469,pairwise,VerletClusterLists,1.000000,vcl_sliced,none,SoA,enabled,194641113,0,0,0,236145019,0,207153320,0,0,0,63793945,63793945,10
2025-10-02 14:25:05,479,pairwise,VerletClusterLists,1.000000,vcl_sliced_balanced,none,AoS,disabled,218994140,0,0,0,0,0,194824218,0,0,0,41381835,41381835,10
2025-10-02 14:25:05,489,pairwise,VerletClusterLists,1.000000,vcl_sliced_balanced,none,AoS,enabled,0,0,0,0,0,0,0,0,0,0,0,0,10
2025-10-02 14:25:05,499,pairwise,VerletClusterLists,1.000000,vcl_sliced_balanced,none,SoA,disabled,0,247497558,0,0,210205078,0,0,199768066,0,0,65747070,65747070,10
2025-10-02 14:25:05,509,pairwise,VerletClusterLists,1.000000,vcl_sliced_balanced,none,SoA,enabled,0,0,0,209655761,0,193908691,0,0,0,0,40356444,40356444,10
2025-10-02 14:25:05,519,pairwise,VerletClusterLists,1.000000,vcl_sliced_balanced,neighbor-list-length,AoS,disabled,0,0,0,0,0,0,0,0,0,0,0,0,10
2025-10-02 14:25:05,529,pairwise,VerletClusterLists,1.000000,vcl_sliced_balanced,neighbor-list-length,AoS,enabled,194152832,0,0,0,0,0,172485351,0,0,0,36663818,36663818,10
2025-10-02 14:25:05,539,pairwise,VerletClusterLists,1.000000,vcl_sliced_balanced,neighbor-list-length,SoA,disabled,0,0,244689941,0,0,0,0,0,0,0,24468993,24468993,10
2025-10-02 14:25:05,549,pairwise,VerletClusterLists,1.000000,vcl_sliced_balanced,neighbor-list-length,SoA,enabled,259033203,0,0,0,0,0,0,208557128,0,0,46759032,46759032,10
2025-10-02 14:25:05,559,pairwise,VerletClusterLists,1.000000,vcl_sliced_c02,none,AoS,disabled,224761962,0,0,0,0,0,166198730,0,0,0,39096068,39096068,10
2025-10-02 14:25:05,569,pairwise,VerletClusterLists,1.000000,vcl_sliced_c02,none,AoS,enabled,215576171,0,0,0,0,0,0,206542968,0,0,42211913,42211913,10
2025-10-02 14:25:05,579,pairwise,VerletClusterLists,1.000000,vcl_sliced_c02,none,SoA,disabled,0,0,0,173095703,0,0,0,0,0,251953125,42504882,42504882,10
2025-10-02 14:25:05,589,pairwise,VerletClusterLists,1.000000,vcl_sliced_c02,none,SoA,enabled,237487792,0,0,0,0,0,0,206909179,0,0,44439696,44439696,10
2025-10-02 14:25:05,599,pairwise,VerletLists,1.000000,vl_list_iteration,none,AoS,disabled,1604003906,0,0,0,0,0,0,0,237731933,0,184173583,184173583,10
2025-10-02 14:25:05,609,pairwise,VerletLists,1.000000,vl_list_iteration,none,SoA,disabled,3218536376,759704589,850280761,814086914,845520019,939910888,318389892,481811523,362731933,926757812,951773070,951773070,10
2025-10-02 14:25:05,619,pairwise,VerletListsCells,1.000000,vlc_c01,none,AoS,disabled,9104125976,326171875,527709960,544128417,648498535,690917968,854827880,727844238,717163085,883178710,1502456663,1502456663,10
2025-10-02 14:25:05,629,pairwise,VerletListsCells,1.000000,vlc_c01,none,SoA,disabled,11518676757,1336608886,1403747558,1683410644,1645690917,1384399414,1125976562,1082397460,1367736816,1311340332,2385998533,2385998533,10
2025-10-02 14:25:05,639,pairwise,VerletListsCells,1.000000,vlc_c18,none,AoS,disabled,6272644042,794189453,645385742,776367187,867065429,794189453,785949707,991149902,814819335,849365234,1359112547,1359112547,10
2025-10-02 14:25:05,649,pairwise,VerletListsCells,1.000000,vlc_c18,none,AoS,enabled,5578125000,775085449,754333496,803771972,782897949,834289550,760925292,887939453,324096679,769165039,1227062987,1227062987,10
2025-10-02 14:25:05,659,pairwise,VerletListsCells,1.000000,vlc_c18,none,SoA,disabled,7336547851,1242675781,1318664550,1702697753,1308288574,1472167968,1393554687,1320129394,1153991699,1734191894,1998291014,1998291014,10
2025-10-02 14:25:06,669,pairwise,VerletListsCells,1.000000,vlc_c18,none,SoA,enabled,7378051757,1455505371,1104553222,1421630859,1774169921,1326293945,1372619628,1429687500,1256652832,1202392578,1972155760,1972155760,10
2025-10-02 14:25:06,679,pairwise,VerletListsCells,1.000000,vlc_c08,none,AoS,disabled,4424804687,845092773,541503906,766113281,818969726,844055175,507263183,506652832,812255859,672790527,1073950194,1073950194,10
2025-10-02 14:25:06,689,pairwise,VerletListsCells,1.000000,vlc_c08,none,AoS,enabled,4410949707,579467773,822998046,401672363,558105468,579223632,623962402,593444824,728820800,636657714,993530272,993530272,10
2025-10-02 14:25:06,699,pairwise,VerletListsCells,1.000000,vlc_c08,none,SoA,disabled,6101989746,1212463378,1291870117,877014160,1223205566,1371948242,1750793457,1265441894,1593444824,1314392089,1800256346,1800256346,10
2025-10-02 14:25:06,709,pairwise,VerletListsCells,1.000000,vlc_c08,none,SoA,enabled,5939697265,1608032226,1237792968,1232666015,1400878906,1419738769,1251220703,1337280273,1290588378,1453247070,1817114256,1817114256,10
2025-10-02 14:25:06,719,pairwise,VerletListsCells,1.000000,vlc_sliced,none,AoS,disabled,5272583007,0,0,0,0,0,0,234863281,0,0,550744628,550744628,10
2025-10-02 14:25:06,729,pairwise,VerletListsCells,1.000000,vlc_sliced,none,AoS,enabled,5339660644,0,0,0,0,0,0,0,0,230102539,556976317,556976317,10
2025-10-02 14:25:06,739,pairwise,VerletListsCells,1.000000,vlc_sliced,none,SoA,disabled,7664306640,414306640,714538574,901367187,592224121,427917480,584228515,724182128,606750488,710937500,1334075927,1334075927,10
2025-10-02 14:25:06,749,pairwise,VerletListsCells,1.000000,vlc_sliced,none,SoA,enabled,7511596679,837158203,836120605,314331054,496154785,834594726,983154296,996520996,884948730,693908691,1438848875,1438848875,10
2025-10-02 14:25:06,759,pairwise,VerletListsCells,1.000000,vlc_sliced_balanced,none,AoS,disabled,5686096191,0,0,0,0,0,0,0,0,0,568609619,568609619,10
2025-10-02 14:25:06,769,pairwise,VerletListsCells,1.000000,vlc_sliced_balanced,none,AoS,enabled,5147827148,0,156921386,0,0,0,0,0,0,0,530474852,530474852,10
2025-10-02 14:25:06,779,pairwise,VerletListsCells,1.000000,vlc_sliced_balanced,none,SoA,disabled,7889099121,924743652,832641601,272094726,845764160,826721191,976989746,427185058,791320800,882568359,1466912841,1466912841,10
2025-10-02 14:25:06,789,pairwise,VerletListsCells,1.000000,vlc_sliced_balanced,none,SoA,enabled,7447998046,727600097,865600585,629272460,486450195,915527343,902954101,702148437,567687988,351379394,1359661864,1359661864,10
2025-10-02 14:25:06,799,pairwise,VerletListsCells,1.000000,vlc_sliced_balanced,squared-particles-per-cell,AoS,disabled,5113525390,0,491333007,0,0,0,0,189941406,0,0,579479980,579479980,10
2025-10-02 14:25:06,809,pairwise,VerletListsCells,1.000000,vlc_sliced_balanced,squared-particles-per-cell,AoS,enabled,5331054687,196960449,302856445,0,0,0,0,0,166320800,0,599719237,599719237,10
2025-10-02 14:25:06,819,pairwise,VerletListsCells,1.000000,vlc_sliced_balanced,squared-particles-per-cell,SoA,disabled,7324829101,724121093,926269531,814147949,624023437,593688964,955505371,839721679,1201477050,670104980,1467388915,1467388915,10
2025-10-02 14:25:06,829,pairwise,VerletListsCells,1.000000,vlc_sliced_balanced,squared-particles-per-cell,SoA,enabled,7404968261,736511230,846252441,878540039,972595214,581848144,812072753,774169921,786010742,553527832,1434649657,1434649657,10
2025-10-02 14:25:06,839,pairwise,VerletListsCells,1.000000,vlc_sliced_balanced,neighbor-list-length,AoS,disabled,5287902832,0,0,0,288208007,0,0,0,0,0,557611083,557611083,10
2025-10-02 14:25:06,849,pairwise,VerletListsCells,1.000000,vlc_sliced_balanced,neighbor-list-length,AoS,enabled,4894531250,0,0,0,0,0,0,0,0,0,489453125,489453125,10
2025-10-02 14:25:06,859,pairwise,VerletListsCells,1.000000,vlc_sliced_balanced,neighbor-list-length,SoA,disabled,7171081542,736999511,992980957,604980468,878601074,817443847,683044433,965698242,651306152,904357910,1440649413,1440649413,10
2025-10-02 14:25:06,869,pairwise,VerletListsCells,1.000000,vlc_sliced_balanced,neighbor-list-length,SoA,enabled,7441101074,858825683,612854003,866760253,822509765,866210937,812561035,667175292,843139648,925354003,1471649168,1471649168,10
2025-10-02 14:25:06,879,pairwise,VerletListsCells,1.000000,vlc_sliced_c02,none,AoS,disabled,5537658691,0,0,0,238281250,0,0,0,274536132,123718261,617419432,617419432,10
2025-10-02 14:25:06,889,pairwise,VerletListsCells,1.000000,vlc_sliced_c02,none,AoS,enabled,5548034667,0,0,0,195190429,0,0,0,0,0,574322509,574322509,10
2025-10-02 14:25:06,899,pairwise,VerletListsCells,1.000000,vlc_sliced_c02,none,SoA,disabled,6836975097,804870605,630310058,400634765,537902832,938659667,880554199,632263183,670959472,435607910,1276873778,1276873778,10
2025-10-02 14:25:06,909,pairwise,VerletListsCells,1.000000,vlc_sliced_c02,none,SoA,enabled,7295349121,628479003,968078613,561096191,837036132,789550781,891052246,578735351,674377441,720153808,1394390868,1394390868,10
2025-10-02 14:25:06,919,pairwise,PairwiseVerletLists,1.000000,vlp_c01,none,AoS,disabled,11250488281,805603027,804809570,915954589,646484375,601440429,783691406,850646972,582092285,791198730,1803240966,1803240966,10
2025-10-02 14:25:06,929,pairwise,PairwiseVerletLists,1.000000,vlp_c01,none,SoA,disabled,17374084472,1535766601,1470214843,1124755859,1236999511,1294860839,1186096191,1259704589,1375366210,1315856933,2917370604,2917370604,10
2025-10-02 14:25:06,939,pairwise,PairwiseVerletLists,1.000000,vlp_c18,none,AoS,disabled,6012084960,1126953125,931213378,866577148,739746093,1146118164,864196777,964294433,842956542,763793945,1425793455,1425793455,10
2025-10-02 14:25:06,949,pairwise,PairwiseVerletLists,1.000000,vlp_c18,none,AoS,enabled,6408081054,993957519,906921386,1114624023,739807128,921813964,1003356933,902954101,1094848632,975830078,1506219481,1506219481,10
2025-10-02 14:25:07,959,pairwise,PairwiseVerletLists,1.000000,vlp_c18,none,SoA,disabled,15080749511,2020263671,1734130859,1138183593,1703125000,1726684570,1401245117,1574340820,1647216796,1607543945,2963348387,2963348387,10
2025-10-02 14:25:07,969,pairwise,PairwiseVerletLists,1.000000,vlp_c18,none,SoA,enabled,15727416992,1774414062,1460693359,2053588867,1772827148,1649658203,1609497070,1537719726,1472167968,1714965820,3077294921,3077294921,10
2025-10-02 14:25:07,979,pairwise,PairwiseVerletLists,1.000000,vlp_sliced,none,AoS,disabled,5620727539,463989257,386962890,621337890,456054687,461425781,655639648,427368164,698852539,370483398,1016284178,1016284178,10
2025-10-02 14:25:07,989,pairwise,PairwiseVerletLists,1.000000,vlp_sliced,none,AoS,enabled,6042358398,817749023,520629882,236572265,534423828,0,501220703,413085937,446044921,213623046,972570800,972570800,10
2025-10-02 14:25:07,999,pairwise,PairwiseVerletLists,1.000000,vlp_sliced,none,SoA,disabled,14078247070,1447875976,973999023,1178833007,1108154296,1204711914,1642822265,1031127929,1165893554,1346435546,2517810057,2517810057,10
2025-10-02 14:25:07,1009,pairwise,PairwiseVerletLists,1.000000,vlp_sliced,none,SoA,enabled,13328125000,1798950195,1328247070,1240112304,1630615234,1023559570,1214843750,1401123046,1157592773,1322875976,2544604491,2544604491,10
2025-10-02 14:25:07,1019,pairwise,PairwiseVerletLists,1.000000,vlp_sliced_balanced,none,AoS,disabled,5534912109,106079101,326782226,443237304,0,148559570,395385742,430908203,486206054,388549804,826062010,826062010,10
2025-10-02 14:25:07,1029,pairwise,PairwiseVerletLists,1.000000,vlp_sliced_balanced,none,AoS,enabled,6169189453,497802734,139160156,175781250,168212890,498779296,500732421,444824218,424682617,462158203,948132323,948132323,10
2025-10-02 14:25:07,1039,pairwise,PairwiseVerletLists,1.000000,vlp_sliced_balanced,none,SoA,disabled,14152343750,1446044921,996459960,1184692382,1300048828,1503417968,1073242187,1098266601,1374023437,1131103515,2525964354,2525964354,10
2025-10-02 14:25:07,1049,pairwise,PairwiseVerletLists,1.000000,vlp_sliced_balanced,none,SoA,enabled,13248168945,1215820312,974487304,1163085937,1224365234,1534179687,1222778320,1243408203,1156616210,1088867187,2407177733,2407177733,10
2025-10-02 14:25:07,1059,pairwise,PairwiseVerletLists,1.000000,vlp_sliced_c02,none,AoS,disabled,5988647460,259765625,420654296,448364257,366088867,494506835,510864257,387695312,207885742,442993164,952746581,952746581,10
2025-10-02 14:25:07,1069,pairwise,PairwiseVerletLists,1.000000,vlp_sliced_c02,none,AoS,enabled,5649291992,452392578,382934570,433227539,403564453,547607421,843261718,382324218,663818359,529174804,1028759764,1028759764,10
2025-10-02 14:25:07,1079,pairwise,PairwiseVerletLists,1.000000,vlp_sliced_c02,none,SoA,disabled,13974487304,1452392578,1285156250,1458129882,1252319335,1037963867,1242797851,1050048828,1233642578,1125000000,2511193847,2511193847,10
2025-10-02 14:25:07,1089,pairwise,PairwiseVerletLists,1.000000,vlp_sliced_c02,none,SoA,enabled,13445312500,1234619140,1327392578,1045043945,1528076171,1364013671,1259399414,1351440429,1215332031,1159057617,2492968749,2492968749,10
2025-10-02 14:25:07,1099,pairwise,PairwiseVerletLists,1.000000,vlp_c08,none,AoS,disabled,6526855468,1242797851,1416992187,1556396484,1446044921,1206909179,1343139648,1612060546,1584838867,1536743164,1947277830,1947277830,10
2025-10-02 14:25:07,1109,pairwise,PairwiseVerletLists,1.000000,vlp_c08,none,AoS,enabled,6400634765,1201782226,825195312,773437500,1009033203,829101562,1053710937,945556640,1175292968,975585937,1518933104,1518933104,10
2025-10-02 14:25:07,1119,pairwise,PairwiseVerletLists,1.000000,vlp_c08,none,SoA,disabled,15530273437,2734741210,2795776367,2573974609,2600219726,2621459960,2671875000,2344604492,2427124023,2573852539,3887390136,3887390136,10
2025-10-02 14:25:07,1129,pairwise,PairwiseVerletLists,1.000000,vlp_c08,none,SoA,enabled,15480590820,2206176757,2083618164,2166992187,1965087890,1857910156,2041870117,2176269531,1774658203,1919555664,3367272948,3367272948,10
2025-10-02 14:27:55,5009,pairwise,LinkedCells,1.000000,lc_c01,none,AoS,disabled,304687500,460937500,507812500,785156250,597656250,351562500,722656250,714843750,414062500,703125000,556249999,556249999,10
2025-10-02 14:27:55,5019,pairwise,LinkedCells,1.000000,lc_c01,none,SoA,disabled,1085937500,1386718750,1160156250,890625000,1195312500,1203125000,1183593750,1527343750,968750000,1785156250,1238671874,1238671874,10
2025-10-02 14:27:55,5029,pairwise,LinkedCells,1.000000,lc_c01_combined_SoA,none,SoA,disabled,1109375000,1277343750,1007812500,828125000,1074218750,796875000,1121093750,1421875000,996093750,929687500,1056249999,1056249999,10
2025-10-02 14:27:55,5039,pairwise,LinkedCells,1.000000,lc_c04,none,AoS,disabled,175781250,613281250,367187500,0,199218750,343750000,0,312500000,132812500,238281250,238281249,238281249,10
2025-10-02 14:27:55,5049,pairwise,LinkedCells,1.000000,lc_c04,none,AoS,enabled,257812500,261718750,0,558593750,429687500,468750000,199218750,316406250,457031250,433593750,338281249,338281249,10
2025-10-02 14:27:55,5059,pairwise,LinkedCells,1.000000,lc_c04,none,SoA,disabled,855468750,730468750,769531250,863281250,457031250,1195312500,1007812500,234375000,898437500,660156250,767187499,767187499,10
2025-10-02 14:27:55,5069,pairwise,LinkedCells,1.000000,lc_c04,none,SoA,enabled,398437500,1257812500,824218750,1109375000,785156250,1015625000,796875000,863281250,820312500,1031250000,890234374,890234374,10
2025-10-02 14:27:55,5079,pairwise,LinkedCells,1.000000,lc_c04_HCP,none,AoS,disabled,218750000,179687500,253906250,585937500,210937500,300781250,347656250,253906250,226562500,253906250,283203124,283203124,10
2025-10-02 14:27:55,5089,pairwise,LinkedCells,1.000000,lc_c04_HCP,none,AoS,enabled,613281250,0,0,265625000,222656250,234375000,175781250,210937500,597656250,132812500,245312499,245312499,10
2025-10-02 14:27:55,5099,pairwise,LinkedCells,1.000000,lc_c04_HCP,none,SoA,disabled,671875000,675781250,628906250,820312500,730468750,1109375000,1187500000,1265625000,1000000000,1195312500,928515625,928515625,10
2025-10-02 14:27:55,5109,pairwise,LinkedCells,1.000000,lc_c04_HCP,none,SoA,enabled,1308593750,1082031250,878906250,457031250,937500000,765625000,996093750,476562500,1453125000,1945312500,1030078124,1030078124,10
2025-10-02 14:27:55,5119,pairwise,LinkedCells,1.000000,lc_c04_combined_SoA,none,SoA,disabled,1226562500,1351562500,605468750,1910156250,1261718750,1429687500,1343750000,925781250,1074218750,1644531250,1277343749,1277343749,10
2025-10-02 14:27:55,5129,pairwise,LinkedCells,1.000000,lc_c04_combined_SoA,none,SoA,enabled,406250000,1367187500,902343750,1378906250,1957031250,417968750,1039062500,1328125000,1722656250,835937500,1135546874,1135546874,10
2025-10-02 14:27:56,5139,pairwise,LinkedCells,1.000000,lc_c08,none,AoS,disabled,1046875000,1097656250,457031250,636718750,1046875000,753906250,804687500,898437500,875000000,878906250,849609374,849609374,10
2025-10-02 14:27:56,5149,pairwise,LinkedCells,1.000000,lc_c08,none,AoS,enabled,859375000,730468750,695312500,812500000,996093750,675781250,792968750,738281250,1031250000,746093750,807812499,807812499,10
2025-10-02 14:27:56,5159,pairwise,LinkedCells,1.000000,lc_c08,none,SoA,disabled,1136718750,1042968750,1824218750,988281250,1296875000,1535156250,1378906250,894531250,425781250,1441406250,1196484375,1196484375,10
2025-10-02 14:27:56,5169,pairwise,LinkedCells,1.000000,lc_c08,none,SoA,enabled,1644531250,1359375000,1339843750,2156250000,1105468750,1242187500,851562500,949218750,964843750,1660156250,1327343749,1327343749,10
2025-10-02 14:27:56,5179,pairwise,LinkedCells,1.000000,lc_c18,none,AoS,disabled,796875000,824218750,921875000,863281250,917968750,890625000,996093750,703125000,1085937500,812500000,881250000,881250000,10
2025-10-02 14:27:56,5189,pairwise,LinkedCells,1.000000,lc_c18,none,AoS,enabled,894531250,917968750,718750000,847656250,933593750,765625000,832031250,832031250,597656250,515625000,785546875,785546875,10
2025-10-02 14:27:56,5199,pairwise,LinkedCells,1.000000,lc_c18,none,SoA,disabled,921875000,863281250,976562500,804687500,1527343750,1167968750,1191406250,1105468750,1292968750,1281250000,1113281249,1113281249,10
2025-10-02 14:27:56,5209,pairwise,LinkedCells,1.000000,lc_c18,none,SoA,enabled,847656250,1664062500,820312500,1667968750,1085937500,1625000000,765625000,644531250,1425781250,1296875000,1184374999,1184374999,10
2025-10-02 14:27:56,5219,pairwise,LinkedCells,1.000000,lc_sliced,none,AoS,disabled,988281250,449218750,0,125000000,0,292968750,0,0,347656250,324218750,252734374,252734374,10
2025-10-02 14:27:56,5229,pairwise,LinkedCells,1.000000,lc_sliced,none,AoS,enabled,0,253906250,0,726562500,0,156250000,132812500,210937500,191406250,160156250,183203124,183203124,10
2025-10-02 14:27:56,5239,pairwise,LinkedCells,1.000000,lc_sliced,none,SoA,disabled,703125000,718750000,746093750,503906250,667968750,832031250,1042968750,738281250,781250000,1187500000,792187499,792187499,10
2025-10-02 14:27:56,5249,pairwise,LinkedCells,1.000000,lc_sliced,none,SoA,enabled,640625000,449218750,933593750,1308593750,781250000,859375000,796875000,1066406250,824218750,1121093750,878124999,878124999,10
2025-10-02 14:27:56,5259,pairwise,LinkedCells,1.000000,lc_sliced_balanced,none,AoS,disabled,246093750,199218750,187500000,226562500,230468750,292968750,265625000,191406250,371093750,218750000,242968749,242968749,10
2025-10-02 14:27:56,5269,pairwise,LinkedCells,1.000000,lc_sliced_balanced,none,AoS,enabled,0,316406250,511718750,0,308593750,0,363281250,0,265625000,175781250,194140624,194140624,10
2025-10-02 14:27:56,5279,pairwise,LinkedCells,1.000000,lc_sliced_balanced,none,SoA,disabled,937500000,902343750,476562500,781250000,921875000,957031250,328125000,906250000,656250000,667968750,753515624,753515624,10
2025-10-02 14:27:56,5289,pairwise,LinkedCells,1.000000,lc_sliced_balanced,none,SoA,enabled,460937500,855468750,804687500,863281250,1066406250,796875000,878906250,656250000,1046875000,792968750,822265624,822265624,10
2025-10-02 14:27:56,5299,pairwise,LinkedCells,1.000000,lc_sliced_balanced,squared-particles-per-cell,AoS,disabled,628906250,210937500,148437500,507812500,441406250,453125000,199218750,500000000,382812500,492187500,396484374,396484374,10
2025-10-02 14:27:56,5309,pairwise,LinkedCells,1.000000,lc_sliced_balanced,squared-particles-per-cell,AoS,enabled,261718750,378906250,558593750,339843750,417968750,207031250,195312500,0,378906250,363281250,310156249,310156249,10
2025-10-02 14:27:56,5319,pairwise,LinkedCells,1.000000,lc_sliced_balanced,squared-particles-per-cell,SoA,disabled,1277343750,964843750,726562500,1425781250,875000000,1398437500,921875000,1546875000,1613281250,1230468750,1198046874,1198046874,10
2025-10-02 14:27:56,5329,pairwise,LinkedCells,1.000000,lc_sliced_balanced,squared-particles-per-cell,SoA,enabled,1128906250,1406250000,886718750,1093750000,1375000000,980468750,1117187500,925781250,1125000000,1203125000,1124218749,1124218749,10
2025-10-02 14:27:56,5339,pairwise,LinkedCells,1.000000,lc_sliced_c02,none,AoS,disabled,0,0,382812500,453125000,171875000,218750000,441406250,0,320312500,148437500,213671874,213671874,10
2025-10-02 14:27:56,5349,pairwise,LinkedCells,1.000000,lc_sliced_c02,none,AoS,enabled,187500000,605468750,164062500,230468750,453125000,167968750,226562500,0,0,0,203515624,203515624,10
2025-10-02 14:27:56,5359,pairwise,LinkedCells,1.000000,lc_sliced_c02,none,SoA,disabled,835937500,722656250,800781250,941406250,777343750,968750000,632812500,742187500,851562500,699218750,797265625,797265625,10
2025-10-02 14:27:56,5369,pairwise,LinkedCells,1.000000,lc_sliced_c02,none,SoA,enabled,761718750,687500000,671875000,570312500,914062500,976562500,433593750,523437500,699218750,593750000,683203124,683203124,10
2025-10-02 14:27:56,5379,pairwise,VerletClusterLists,1.000000,vcl_c01_balanced,none,AoS,disabled,0,0,0,0,0,273437500,0,0,0,0,27343749,27343749,10
2025-10-02 14:27:56,5389,pairwise,VerletClusterLists,1.000000,vcl_c01_balanced,none,SoA,disabled,0,0,0,0,0,0,257812500,0,0,0,25781249,25781249,10
2025-10-02 14:27:56,5399,pairwise,VerletClusterLists,1.000000,vcl_c06,none,AoS,disabled,0,0,199218750,0,0,0,0,0,0,0,19921874,19921874,10
2025-10-02 14:27:56,5409,pairwise,VerletClusterLists,1.000000,vcl_c06,none,AoS,enabled,277343750,0,0,0,109375000,0,0,0,0,0,38671874,38671874,10
2025-10-02 14:27:56,5419,pairwise,VerletClusterLists,1.000000,vcl_c06,none,SoA,disabled,0,0,0,0,0,0,0,0,0,0,0,0,10
2025-10-02 14:27:56,5429,pairwise,VerletClusterLists,1.000000,vcl_c06,none,SoA,enabled,0,0,0,0,218750000,0,0,0,136718750,0,35546874,35546874,10
2025-10-02 14:27:56,5439,pairwise,VerletClusterLists,1.000000,vcl_sliced,none,AoS,disabled,269531250,0,0,0,0,277343750,0,0,0,0,54687499,54687499,10
2025-10-02 14:27:56,5449,pairwise,VerletClusterLists,1.000000,vcl_sliced,none,AoS,enabled,0,0,0,0,0,0,0,0,0,0,0,0,10
2025-10-02 14:27:56,5459,pairwise,VerletClusterLists,1.000000,vcl_sliced,none,SoA,disabled,0,0,0,0,0,0,0,0,222656250,0,22265624,22265624,10
2025-10-02 14:27:56,5469,pairwise,VerletClusterLists,1.000000,vcl_sliced,none,SoA,enabled,0,0,0,0,0,0,281250000,0,0,207031250,48828124,48828124,10
2025-10-02 14:27:56,5479,pairwise,VerletClusterLists,1.000000,vcl_sliced_balanced,none,AoS,disabled,0,0,0,0,0,0,0,0,0,218750000,21874999,21874999,10
2025-10-02 14:27:56,5489,pairwise,VerletClusterLists,1.000000,vcl_sliced_balanced,none,AoS,enabled,0,0,0,0,0,0,0,0,0,0,0,0,10
2025-10-02 14:27:56,5499,pairwise,VerletClusterLists,1.000000,vcl_sliced_balanced,none,SoA,disabled,0,0,0,0,0,0,0,0,187500000,0,18749999,18749999,10
2025-10-02 14:27:56,5509,pairwise,VerletClusterLists,1.000000,vcl_sliced_balanced,none,SoA,enabled,0,0,0,0,0,0,0,0,0,218750000,21874999,21874999,10
2025-10-02 14:27:56,5519,pairwise,VerletClusterLists,1.000000,vcl_sliced_balanced,neighbor-list-length,AoS,disabled,0,0,0,0,0,0,0,242187500,0,0,24218749,24218749,10
2025-10-02 14:27:56,5529,pairwise,VerletClusterLists,1.000000,vcl_sliced_balanced,neighbor-list-length,AoS,enabled,0,0,0,0,0,269531250,0,0,0,0,26953124,26953124,10
2025-10-02 14:27:56,5539,pairwise,VerletClusterLists,1.000000,vcl_sliced_balanced,neighbor-list-length,SoA,disabled,199218750,0,0,0,0,0,210937500,0,0,0,41015625,41015625,10
2025-10-02 14:27:56,5549,pairwise,VerletClusterLists,1.000000,vcl_sliced_balanced,neighbor-list-length,SoA,enabled,0,0,0,0,0,0,0,0,214843750,0,21484374,21484374,10
2025-10-02 14:27:56,5559,pairwise,VerletClusterLists,1.000000,vcl_sliced_c02,none,AoS,disabled,0,0,0,0,191406250,0,0,0,0,0,19140624,19140624,10
2025-10-02 14:27:56,5569,pairwise,VerletClusterLists,1.000000,vcl_sliced_c02,none,AoS,enabled,0,0,0,0,0,0,269531250,0,0,0,26953124,26953124,10
2025-10-02 14:27:56,5579,pairwise,VerletClusterLists,1.000000,vcl_sliced_c02,none,SoA,disabled,0,187500000,0,0,0,0,199218750,0,0,0,38671875,38671875,10
2025-10-02 14:27:56,5589,pairwise,VerletClusterLists,1.000000,vcl_sliced_c02,none,SoA,enabled,0,0,222656250,0,0,0,0,0,0,0,22265624,22265624,10
2025-10-02 14:27:56,5599,pairwise,VerletLists,1.000000,vl_list_iteration,none,AoS,disabled,1546875000,0,0,0,0,0,273437500,0,195312500,0,201562499,201562499,10
2025-10-02 14:27:56,5609,pairwise,VerletLists,1.000000,vl_list_iteration,none,SoA,disabled,2914062500,902343750,785156250,718750000,683593750,437500000,652343750,609375000,781250000,746093750,923046874,923046874,10
2025-10-02 14:27:56,5619,pairwise,VerletListsCells,1.000000,vlc_c01,none,AoS,disabled,9542968750,484375000,410156250,691406250,796875000,679687500,589843750,593750000,574218750,605468750,1496874999,1496874999,10
2025-10-02 14:27:56,5629,pairwise,VerletListsCells,1.000000,vlc_c01,none,SoA,disabled,11863281250,1054687500,1136718750,1152343750,1562500000,1289062500,1511718750,1187500000,1601562500,1238281250,2359765624,2359765624,10
2025-10-02 14:27:56,5639,pairwise,VerletListsCells,1.000000,vlc_c18,none,AoS,disabled,6390625000,812500000,656250000,839843750,773437500,601562500,738281250,628906250,691406250,847656250,1298046874,1298046874,10
2025-10-02 14:27:56,5649,pairwise,VerletListsCells,1.000000,vlc_c18,none,AoS,enabled,6343750000,1011718750,902343750,656250000,968750000,582031250,605468750,871093750,601562500,718750000,1326171874,1326171874,10
2025-10-02 14:27:56,5659,pairwise,VerletListsCells,1.000000,vlc_c18,none,SoA,disabled,7906250000,1367187500,1453125000,1503906250,1050781250,1324218750,1382812500,1468750000,1417968750,1175781250,2005078124,2005078124,10
2025-10-02 14:27:56,5669,pairwise,VerletListsCells,1.000000,vlc_c18,none,SoA,enabled,7464843750,1261718750,1371093750,1449218750,1078125000,1230468750,1125000000,1554687500,1285156250,1386718750,1920703125,1920703125,10
2025-10-02 14:27:56,5679,pairwise,VerletListsCells,1.000000,vlc_c08,none,AoS,disabled,4351562500,804687500,593750000,789062500,847656250,878906250,757812500,707031250,597656250,621093750,1094921874,1094921874,10
2025-10-02 14:27:56,5689,pairwise,VerletListsCells,1.000000,vlc_c08,none,AoS,enabled,4054687500,613281250,511718750,527343750,921875000,722656250,601562500,621093750,621093750,660156250,985546875,985546875,10
2025-10-02 14:27:56,5699,pairwise,VerletListsCells,1.000000,vlc_c08,none,SoA,disabled,5984375000,1304687500,1214843750,1191406250,1371093750,1250000000,1214843750,1242187500,1398437500,1558593750,1773046874,1773046874,10
2025-10-02 14:27:57,5709,pairwise,VerletListsCells,1.000000,vlc_c08,none,SoA,enabled,6000000000,1074218750,1183593750,1437500000,1300781250,1339843750,1417968750,1285156250,1570312500,1410156250,1801953124,1801953124,10
2025-10-02 14:27:57,5719,pairwise,VerletListsCells,1.000000,vlc_sliced,none,AoS,disabled,5691406250,0,281250000,222656250,0,0,0,261718750,0,0,645703124,645703124,10
2025-10-02 14:27:57,5729,pairwise,VerletListsCells,1.000000,vlc_sliced,none,AoS,enabled,5472656250,0,261718750,113281250,0,0,164062500,0,0,0,601171874,601171874,10
2025-10-02 14:27:57,5739,pairwise,VerletListsCells,1.000000,vlc_sliced,none,SoA,disabled,7152343750,1007812500,894531250,730468750,855468750,742187500,621093750,867187500,906250000,703125000,1448046874,1448046874,10
2025-10-02 14:27:57,5749,pairwise,VerletListsCells,1.000000,vlc_sliced,none,SoA,enabled,7386718750,691406250,507812500,925781250,808593750,949218750,562500000,695312500,484375000,621093750,1363281249,1363281249,10
2025-10-02 14:27:57,5759,pairwise,VerletListsCells,1.000000,vlc_sliced_balanced,none,AoS,disabled,5671875000,191406250,0,0,0,0,0,0,0,0,586328124,586328124,10
2025-10-02 14:27:57,5769,pairwise,VerletListsCells,1.000000,vlc_sliced_balanced,none,AoS,enabled,5687500000,0,0,0,0,0,0,0,0,0,568750000,568750000,10
2025-10-02 14:27:57,5779,pairwise,VerletListsCells,1.000000,vlc_sliced_balanced,none,SoA,disabled,7382812500,789062500,683593750,750000000,878906250,1218750000,695312500,515625000,835937500,1062500000,1481249999,1481249999,10
2025-10-02 14:27:57,5789,pairwise,VerletListsCells,1.000000,vlc_sliced_balanced,none,SoA,enabled,7226562500,394531250,628906250,1050781250,894531250,707031250,871093750,988281250,980468750,703125000,1444531249,1444531249,10
2025-10-02 14:27:57,5799,pairwise,VerletListsCells,1.000000,vlc_sliced_balanced,squared-particles-per-cell,AoS,disabled,5250000000,0,0,210937500,0,0,0,285156250,226562500,253906250,622656249,622656249,10
2025-10-02 14:27:57,5809,pairwise,VerletListsCells,1.000000,vlc_sliced_balanced,squared-particles-per-cell,AoS,enabled,5359375000,0,0,0,187500000,0,0,0,0,0,554687499,554687499,10
2025-10-02 14:27:57,5819,pairwise,VerletListsCells,1.000000,vlc_sliced_balanced,squared-particles-per-cell,SoA,disabled,7230468750,582031250,753906250,1003906250,914062500,664062500,937500000,550781250,847656250,617187500,1410156249,1410156249,10
2025-10-02 14:27:57,5829,pairwise,VerletListsCells,1.000000,vlc_sliced_balanced,squared-particles-per-cell,SoA,enabled,7609375000,871093750,769531250,781250000,765625000,613281250,625000000,910156250,925781250,632812500,1450390624,1450390624,10
2025-10-02 14:27:57,5839,pairwise,VerletListsCells,1.000000,vlc_sliced_balanced,neighbor-list-length,AoS,disabled,4746093750,0,0,0,171875000,0,0,324218750,0,0,524218749,524218749,10
2025-10-02 14:27:57,5849,pairwise,VerletListsCells,1.000000,vlc_sliced_balanced,neighbor-list-length,AoS,enabled,5281250000,0,0,343750000,0,234375000,218750000,0,0,0,607812499,607812499,10
2025-10-02 14:27:57,5859,pairwise,VerletListsCells,1.000000,vlc_sliced_balanced,neighbor-list-length,SoA,disabled,7117187500,847656250,656250000,410156250,539062500,882812500,601562500,714843750,625000000,441406250,1283593749,1283593749,10
2025-10-02 14:27:57,5869,pairwise,VerletListsCells,1.000000,vlc_sliced_balanced,neighbor-list-length,SoA,enabled,7738281250,898437500,941406250,800781250,804687500,679687500,906250000,980468750,625000000,484375000,1485937499,1485937499,10
2025-10-02 14:27:57,5879,pairwise,VerletListsCells,1.000000,vlc_sliced_c02,none,AoS,disabled,5265625000,347656250,113281250,0,0,0,0,0,0,0,572656249,572656249,10
2025-10-02 14:27:57,5889,pairwise,VerletListsCells,1.000000,vlc_sliced_c02,none,AoS,enabled,5390625000,0,0,0,0,167968750,175781250,0,0,0,573437499,573437499,10
2025-10-02 14:27:57,5899,pairwise,VerletListsCells,1.000000,vlc_sliced_c02,none,SoA,disabled,7527343750,785156250,832031250,820312500,691406250,824218750,882812500,855468750,972656250,808593750,1499999999,1499999999,10
2025-10-02 14:27:57,5909,pairwise,VerletListsCells,1.000000,vlc_sliced_c02,none,SoA,enabled,7660156250,726562500,718750000,734375000,609375000,582031250,917968750,808593750,875000000,953125000,1458593750,1458593750,10
2025-10-02 14:27:57,5919,pairwise,PairwiseVerletLists,1.000000,vlp_c01,none,AoS,disabled,6750000000,929687500,906250000,863281250,703125000,746093750,757812500,757812500,566406250,1078125000,1405859374,1405859374,10
2025-10-02 14:27:57,5929,pairwise,PairwiseVerletLists,1.000000,vlp_c01,none,SoA,disabled,15929687500,1812500000,1238281250,1316406250,1644531250,1445312500,1488281250,1433593750,1402343750,1242187500,2895312499,2895312499,10
2025-10-02 14:27:57,5939,pairwise,PairwiseVerletLists,1.000000,vlp_c18,none,AoS,disabled,5921875000,996093750,1035156250,1054687500,953125000,917968750,816406250,824218750,851562500,1230468750,1460156249,1460156249,10
2025-10-02 14:27:57,5949,pairwise,PairwiseVerletLists,1.000000,vlp_c18,none,AoS,enabled,6378906250,984375000,937500000,957031250,832031250,847656250,808593750,839843750,835937500,832031250,1425390625,1425390625,10
2025-10-02 14:27:57,5959,pairwise,PairwiseVerletLists,1.000000,vlp_c18,none,SoA,disabled,15394531250,1566406250,1617187500,1453125000,1792968750,1804687500,1496093750,1726562500,1652343750,1546875000,3005078124,3005078124,10
2025-10-02 14:27:57,5969,pairwise,PairwiseVerletLists,1.000000,vlp_c18,none,SoA,enabled,14968750000,1816406250,1640625000,1828125000,1734375000,1742187500,1386718750,1753906250,1488281250,1589843750,2994921874,2994921874,10
2025-10-02 14:27:57,5979,pairwise,PairwiseVerletLists,1.000000,vlp_sliced,none,AoS,disabled,5609375000,339843750,226562500,519531250,382812500,285156250,425781250,476562500,500000000,183593750,894921875,894921875,10
2025-10-02 14:27:58,5989,pairwise,PairwiseVerletLists,1.000000,vlp_sliced,none,AoS,enabled,6019531250,480468750,359375000,558593750,195312500,519531250,191406250,382812500,351562500,320312500,937890624,937890624,10
2025-10-02 14:27:58,5999,pairwise,PairwiseVerletLists,1.000000,vlp_sliced,none,SoA,disabled,14226562500,1253906250,1136718750,1046875000,925781250,1269531250,1109375000,976562500,1132812500,1328125000,2440624999,2440624999,10
2025-10-02 14:27:58,6009,pairwise,PairwiseVerletLists,1.000000,vlp_sliced,none,SoA,enabled,13367187500,1175781250,1070312500,1382812500,1218750000,1035156250,1140625000,1175781250,929687500,1101562500,2359765625,2359765625,10
2025-10-02 14:27:58,6019,pairwise,PairwiseVerletLists,1.000000,vlp_sliced_balanced,none,AoS,disabled,5800781250,503906250,179687500,500000000,363281250,503906250,367187500,558593750,207031250,312500000,929687499,929687499,10
2025-10-02 14:27:58,6029,pairwise,PairwiseVerletLists,1.000000,vlp_sliced_balanced,none,AoS,enabled,5558593750,199218750,199218750,265625000,421875000,527343750,460937500,179687500,457031250,261718750,853124999,853124999,10
2025-10-02 14:27:58,6039,pairwise,PairwiseVerletLists,1.000000,vlp_sliced_balanced,none,SoA,disabled,14152343750,1355468750,1050781250,1250000000,1359375000,1183593750,1402343750,1078125000,1101562500,1085937500,2501953124,2501953124,10
2025-10-02 14:27:58,6049,pairwise,PairwiseVerletLists,1.000000,vlp_sliced_balanced,none,SoA,enabled,13609375000,1445312500,1203125000,1324218750,1269531250,1074218750,1347656250,1085937500,964843750,1007812500,2433203125,2433203125,10
2025-10-02 14:27:58,6059,pairwise,PairwiseVerletLists,1.000000,vlp_sliced_c02,none,AoS,disabled,5714843750,574218750,472656250,347656250,398437500,437500000,445312500,367187500,421875000,406250000,958593749,958593749,10
2025-10-02 14:27:58,6069,pairwise,PairwiseVerletLists,1.000000,vlp_sliced_c02,none,AoS,enabled,5410156250,203125000,628906250,539062500,437500000,359375000,484375000,171875000,335937500,191406250,876171874,876171874,10
2025-10-02 14:27:58,6079,pairwise,PairwiseVerletLists,1.000000,vlp_sliced_c02,none,SoA,disabled,13949218750,1378906250,1277343750,1421875000,1394531250,1195312500,1156250000,1074218750,1636718750,1109375000,2559374999,2559374999,10
2025-10-02 14:27:58,6089,pairwise,PairwiseVerletLists,1.000000,vlp_sliced_c02,none,SoA,enabled,13703125000,1257812500,996093750,1171875000,1226562500,1484375000,1308593750,1433593750,1394531250,1277343750,2525390624,2525390624,10
2025-10-02 14:27:58,6099,pairwise,PairwiseVerletLists,1.000000,vlp_c08,none,AoS,disabled,7488281250,1734375000,1707031250,1464843750,1320312500,1359375000,1410156250,1476562500,1382812500,1539062500,2088281250,2088281250,10
2025-10-02 14:27:58,6109,pairwise,PairwiseVerletLists,1.000000,vlp_c08,none,AoS,enabled,6675781250,847656250,1031250000,1230468750,1031250000,972656250,992187500,867187500,1066406250,1136718750,1585156250,1585156250,10
2025-10-02 14:27:58,6119,pairwise,PairwiseVerletLists,1.000000,vlp_c08,none,SoA,disabled,15968750000,2566406250,2812500000,2820312500,2820312500,2507812500,2652343750,2687500000,2488281250,2617187500,3994140624,3994140624,10
2025-10-02 14:27:58,6129,pairwise,PairwiseVerletLists,1.000000,vlp_c08,none,SoA,enabled,14753906250,2222656250,1972656250,2152343750,2152343750,2132812500,1898437500,2171875000,2273437500,1882812500,3361328124,3361328124,10
2025-10-02 14:30:23,10009,pairwise,LinkedCells,1.000000,lc_c01,none,AoS,disabled,460937500,421875000,531250000,546875000,617187500,445312500,742187500,617187500,679687500,914062500,597656249,597656249,10
2025-10-02 14:30:23,10019,pairwise,LinkedCells,1.000000,lc_c01,none,SoA,disabled,1265625000,1289062500,1109375000,992187500,1101562500,859375000,1492187500,1218750000,1375000000,1429687500,1213281249,1213281249,10
2025-10-02 14:30:23,10029,pairwise,LinkedCells,1.000000,lc_c01_combined_SoA,none,SoA,disabled,1460937500,1132812500,1132812500,968750000,1226562500,1015625000,1117187500,1351562500,1000000000,1187500000,1159374999,1159374999,10
2025-10-02 14:30:23,10039,pairwise,LinkedCells,1.000000,lc_c04,none,AoS,disabled,398437500,210937500,242187500,195312500,406250000,218750000,210937500,203125000,0,148437500,223437499,223437499,10
2025-10-02 14:30:24,10049,pairwise,LinkedCells,1.000000,lc_c04,none,AoS,enabled,343750000,0,320312500,148437500,281250000,0,531250000,406250000,625000000,437500000,309374999,309374999,10
2025-10-02 14:30:24,10059,pairwise,LinkedCells,1.000000,lc_c04,none,SoA,disabled,835937500,679687500,796875000,710937500,523437500,1312500000,515625000,1242187500,812500000,953125000,838281249,838281249,10
2025-10-02 14:30:24,10069,pairwise,LinkedCells,1.000000,lc_c04,none,SoA,enabled,429687500,625000000,835937500,718750000,1210937500,882812500,1125000000,539062500,710937500,640625000,771874999,771874999,10
2025-10-02 14:30:24,10079,pairwise,LinkedCells,1.000000,lc_c04_HCP,none,AoS,disabled,179687500,578125000,515625000,257812500,578125000,156250000,250000000,554687500,179687500,421875000,367187499,367187499,10
2025-10-02 14:30:24,10089,pairwise,LinkedCells,1.000000,lc_c04_HCP,none,AoS,enabled,218750000,609375000,437500000,257812500,367187500,460937500,398437500,250000000,203125000,171875000,337499999,337499999,10
2025-10-02 14:30:24,10099,pairwise,LinkedCells,1.000000,lc_c04_HCP,none,SoA,disabled,546875000,1210937500,976562500,710937500,1210937500,679687500,1078125000,1453125000,640625000,984375000,949218749,949218749,10
2025-10-02 14:30:24,10109,pairwise,LinkedCells,1.000000,lc_c04_HCP,none,SoA,enabled,593750000,1343750000,390625000,1250000000,1179687500,960937500,1062500000,554687500,1039062500,898437500,927343749,927343749,10
2025-10-02 14:30:24,10119,pairwise,LinkedCells,1.000000,lc_c04_combined_SoA,none,SoA,disabled,1085937500,1000000000,875000000,945312500,1382812500,1132812500,2062500000,992187500,1484375000,421875000,1138281249,1138281249,10
2025-10-02 14:30:24,10129,pairwise,LinkedCells,1.000000,lc_c04_combined_SoA,none,SoA,enabled,992187500,1078125000,1046875000,1265625000,1226562500,375000000,1523437500,843750000,1429687500,1140625000,1092187499,1092187499,10
2025-10-02 14:30:24,10139,pairwise,LinkedCells,1.000000,lc_c08,none,AoS,disabled,1140625000,859375000,468750000,1281250000,945312500,914062500,843750000,617187500,351562500,453125000,787499999,787499999,10
2025-10-02 14:30:24,10149,pairwise,LinkedCells,1.000000,lc_c08,none,AoS,enabled,937500000,890625000,843750000,796875000,953125000,945312500,687500000,718750000,500000000,945312500,821874999,821874999,10
2025-10-02 14:30:24,10159,pairwise,LinkedCells,1.000000,lc_c08,none,SoA,disabled,1242187500,1453125000,1429687500,1687500000,1359375000,976562500,1148437500,1851562500,1640625000,1351562500,1414062499,1414062499,10
2025-10-02 14:30:24,10169,pairwise,LinkedCells,1.000000,lc_c08,none,SoA,enabled,1632812500,1179687500,1054687500,1367187500,1937500000,1382812500,1304687500,1281250000,1343750000,1835937500,1432031249,1432031249,10
2025-10-02 14:30:24,10179,pairwise,LinkedCells,1.000000,lc_c18,none,AoS,disabled,742187500,812500000,921875000,820312500,664062500,1257812500,750000000,820312500,671875000,890625000,835156249,835156249,10
2025-10-02 14:30:24,10189,pairwise,LinkedCells,1.000000,lc_c18,none,AoS,enabled,781250000,898437500,796875000,679687500,820312500,906250000,789062500,914062500,531250000,937500000,805468749,805468749,10
2025-10-02 14:30:24,10199,pairwise,LinkedCells,1.000000,lc_c18,none,SoA,disabled,992187500,1242187500,617187500,710937500,875000000,523437500,1070312500,1140625000,593750000,1039062500,880468749,880468749,10
2025-10-02 14:30:24,10209,pairwise,LinkedCells,1.000000,lc_c18,none,SoA,enabled,1242187500,1148437500,789062500,1710937500,789062500,1039062500,1007812500,851562500,757812500,625000000,996093750,996093750,10
2025-10-02 14:30:24,10219,pairwise,LinkedCells,1.000000,lc_sliced,none,AoS,disabled,0,312500000,226562500,0,203125000,195312500,0,226562500,328125000,312500000,180468749,180468749,10
2025-10-02 14:30:24,10229,pairwise,LinkedCells,1.000000,lc_sliced,none,AoS,enabled,0,390625000,320312500,585937500,117187500,0,179687500,0,0,179687500,177343749,177343749,10
2025-10-02 14:30:24,10239,pairwise,LinkedCells,1.000000,lc_sliced,none,SoA,disabled,835937500,1218750000,1054687500,1039062500,625000000,1117187500,890625000,1007812500,914062500,976562500,967968749,967968749,10
2025-10-02 14:30:24,10249,pairwise,LinkedCells,1.000000,lc_sliced,none,SoA,enabled,929687500,804687500,601562500,1132812500,1007812500,703125000,742187500,507812500,804687500,953125000,818749999,818749999,10
2025-10-02 14:30:24,10259,pairwise,LinkedCells,1.000000,lc_sliced_balanced,none,AoS,disabled,390625000,210937500,570312500,375000000,0,0,218750000,226562500,531250000,179687500,270312499,270312499,10
2025-10-02 14:30:24,10269,pairwise,LinkedCells,1.000000,lc_sliced_balanced,none,AoS,enabled,453125000,390625000,515625000,148437500,226562500,265625000,0,281250000,460937500,179687500,292187499,292187499,10
2025-10-02 14:30:24,10279,pairwise,LinkedCells,1.000000,lc_sliced_balanced,none,SoA,disabled,968750000,828125000,1203125000,906250000,695312500,781250000,820312500,1007812500,742187500,765625000,871874999,871874999,10
2025-10-02 14:30:24,10289,pairwise,LinkedCells,1.000000,lc_sliced_balanced,none,SoA,enabled,617187500,617187500,867187500,781250000,851562500,1000000000,898437500,1031250000,406250000,953125000,802343749,802343749,10
2025-10-02 14:30:24,10299,pairwise,LinkedCells,1.000000,lc_sliced_balanced,squared-particles-per-cell,AoS,disabled,617187500,445312500,0,429687500,453125000,375000000,218750000,171875000,0,398437500,310937499,310937499,10
2025-10-02 14:30:24,10309,pairwise,LinkedCells,1.000000,lc_sliced_balanced,squared-particles-per-cell,AoS,enabled,484375000,226562500,640625000,539062500,187500000,578125000,164062500,562500000,335937500,617187500,433593749,433593749,10
2025-10-02 14:30:24,10319,pairwise,LinkedCells,1.000000,lc_sliced_balanced,squared-particles-per-cell,SoA,disabled,992187500,1070312500,1250000000,1281250000,1078125000,1093750000,1117187500,953125000,882812500,1359375000,1107812499,1107812499,10
2025-10-02 14:30:24,10329,pairwise,LinkedCells,1.000000,lc_sliced_balanced,squared-particles-per-cell,SoA,enabled,937500000,1382812500,1226562500,984375000,1015625000,1281250000,1132812500,1007812500,1085937500,1304687500,1135937499,1135937499,10
2025-10-02 14:30:24,10339,pairwise,LinkedCells,1.000000,lc_sliced_c02,none,AoS,disabled,0,0,0,250000000,195312500,460937500,382812500,476562500,0,0,176562499,176562499,10
2025-10-02 14:30:24,10349,pairwise,LinkedCells,1.000000,lc_sliced_c02,none,AoS,enabled,265625000,460937500,445312500,242187500,0,0,242187500,539062500,195312500,0,239062499,239062499,10
2025-10-02 14:30:24,10359,pairwise,LinkedCells,1.000000,lc_sliced_c02,none,SoA,disabled,1375000000,648437500,687500000,453125000,796875000,929687500,953125000,921875000,703125000,718750000,818749999,818749999,10
2025-10-02 14:30:24,10369,pairwise,LinkedCells,1.000000,lc_sliced_c02,none,SoA,enabled,796875000,890625000,914062500,960937500,546875000,507812500,546875000,781250000,664062500,781250000,739062499,739062499,10
2025-10-02 14:30:24,10379,pairwise,VerletClusterLists,1.000000,vcl_c01_balanced,none,AoS,disabled,0,0,0,250000000,0,0,0,0,0,0,24999999,24999999,10
2025-10-02 14:30:24,10389,pairwise,VerletClusterLists,1.000000,vcl_c01_balanced,none,SoA,disabled,0,0,0,242187500,0,0,0,0,0,0,24218749,24218749,10
2025-10-02 14:30:24,10399,pairwise,VerletClusterLists,1.000000,vcl_c06,none,AoS,disabled,0,0,0,0,0,0,0,0,265625000,0,26562499,26562499,10
2025-10-02 14:30:24,10409,pairwise,VerletClusterLists,1.000000,vcl_c06,none,AoS,enabled,0,0,0,0,0,242187500,0,0,0,210937500,45312499,45312499,10
2025-10-02 14:30:24,10419,pairwise,VerletClusterLists,1.000000,vcl_c06,none,SoA,disabled,0,0,0,0,0,218750000,0,0,0,0,21874999,21874999,10
2025-10-02 14:30:24,10429,pairwise,VerletClusterLists,1.000000,vcl_c06,none,SoA,enabled,0,218750000,0,0,0,0,0,257812500,273437500,0,74999999,74999999,10
2025-10-02 14:30:24,10439,pairwise,VerletClusterLists,1.000000,vcl_sliced,none,AoS,disabled,0,0,0,0,0,0,242187500,0,0,0,24218749,24218749,10
2025-10-02 14:30:24,10449,pairwise,VerletClusterLists,1.000000,vcl_sliced,none,AoS,enabled,125000000,0,0,0,0,0,0,0,0,0,12500000,12500000,10
2025-10-02 14:30:24,10459,pairwise,VerletClusterLists,1.000000,vcl_sliced,none,SoA,disabled,0,0,0,0,0,0,0,0,0,0,0,0,10
2025-10-02 14:30:24,10469,pairwise,VerletClusterLists,1.000000,vcl_sliced,none,SoA,enabled,0,0,0,242187500,0,0,0,0,0,289062500,53124999,53124999,10
2025-10-02 14:30:24,10479,pairwise,VerletClusterLists,1.000000,vcl_sliced_balanced,none,AoS,disabled,0,0,0,0,0,0,0,0,0,0,0,0,10
2025-10-02 14:30:24,10489,pairwise,VerletClusterLists,1.000000,vcl_sliced_balanced,none,AoS,enabled,250000000,179687500,0,0,0,0,0,0,226562500,0,65624999,65624999,10
2025-10-02 14:30:24,10499,pairwise,VerletClusterLists,1.000000,vcl_sliced_balanced,none,SoA,disabled,0,0,0,0,0,0,281250000,0,0,0,28125000,28125000,10
2025-10-02 14:30:24,10509,pairwise,VerletClusterLists,1.000000,vcl_sliced_balanced,none,SoA,enabled,148437500,0,0,242187500,0,0,0,0,0,0,39062499,39062499,10
2025-10-02 14:30:24,10519,pairwise,VerletClusterLists,1.000000,vcl_sliced_balanced,neighbor-list-length,AoS,disabled,0,0,0,0,0,0,0,0,0,0,0,0,10
2025-10-02 14:30:24,10529,pairwise,VerletClusterLists,1.000000,vcl_sliced_balanced,neighbor-list-length,AoS,enabled,0,0,0,0,0,0,0,0,203125000,0,20312499,20312499,10
2025-10-02 14:30:24,10539,pairwise,VerletClusterLists,1.000000,vcl_sliced_balanced,neighbor-list-length,SoA,disabled,0,0,0,0,0,289062500,0,0,0,0,28906249,28906249,10
2025-10-02 14:30:24,10549,pairwise,VerletClusterLists,1.000000,vcl_sliced_balanced,neighbor-list-length,SoA,enabled,0,226562500,250000000,0,0,0,0,0,0,0,47656249,47656249,10
2025-10-02 14:30:24,10559,pairwise,VerletClusterLists,1.000000,vcl_sliced_c02,none,AoS,disabled,250000000,0,0,0,85937500,0,0,0,0,0,33593749,33593749,10
2025-10-02 14:30:24,10569,pairwise,VerletClusterLists,1.000000,vcl_sliced_c02,none,AoS,enabled,0,250000000,164062500,0,0,0,0,0,0,0,41406249,41406249,10
2025-10-02 14:30:24,10579,pairwise,VerletClusterLists,1.000000,vcl_sliced_c02,none,SoA,disabled,0,0,0,0,289062500,0,210937500,0,0,0,49999999,49999999,10
2025-10-02 14:30:24,10589,pairwise,VerletClusterLists,1.000000,vcl_sliced_c02,none,SoA,enabled,0,0,460937500,0,0,0,187500000,0,203125000,0,85156249,85156249,10
2025-10-02 14:30:24,10599,pairwise,VerletLists,1.000000,vl_list_iteration,none,AoS,disabled,1671875000,0,0,0,0,0,0,0,0,0,167187500,167187500,10
2025-10-02 14:30:24,10609,pairwise,VerletLists,1.000000,vl_list_iteration,none,SoA,disabled,3101562500,609375000,406250000,421875000,414062500,617187500,460937500,421875000,390625000,437500000,728124999,728124999,10
2025-10-02 14:30:24,10619,pairwise,VerletListsCells,1.000000,vlc_c01,none,AoS,disabled,9539062500,640625000,804687500,710937500,726562500,664062500,937500000,609375000,773437500,703125000,1610937499,1610937499,10
2025-10-02 14:30:24,10629,pairwise,VerletListsCells,1.000000,vlc_c01,none,SoA,disabled,12031250000,1484375000,1273437500,1125000000,1257812500,1281250000,1523437500,1695312500,1484375000,1554687500,2471093749,2471093749,10
2025-10-02 14:30:24,10639,pairwise,VerletListsCells,1.000000,vlc_c18,none,AoS,disabled,6421875000,765625000,851562500,656250000,875000000,679687500,937500000,875000000,1007812500,875000000,1394531250,1394531250,10
2025-10-02 14:30:24,10649,pairwise,VerletListsCells,1.000000,vlc_c18,none,AoS,enabled,6250000000,742187500,429687500,796875000,843750000,765625000,648437500,765625000,507812500,664062500,1241406249,1241406249,10
2025-10-02 14:30:25,10659,pairwise,VerletListsCells,1.000000,vlc_c18,none,SoA,disabled,7867187500,1492187500,1328125000,1265625000,1296875000,1195312500,1234375000,1453125000,1351562500,1671875000,2015624999,2015624999,10
2025-10-02 14:30:25,10669,pairwise,VerletListsCells,1.000000,vlc_c18,none,SoA,enabled,7531250000,1570312500,1054687500,1164062500,1414062500,1414062500,1218750000,1796875000,1437500000,1750000000,2035156249,2035156249,10
2025-10-02 14:30:25,10679,pairwise,VerletListsCells,1.000000,vlc_c08,none,AoS,disabled,4289062500,765625000,593750000,742187500,804687500,570312500,773437500,578125000,843750000,796875000,1075781250,1075781250,10
2025-10-02 14:30:25,10689,pairwise,VerletListsCells,1.000000,vlc_c08,none,AoS,enabled,4140625000,726562500,562500000,601562500,507812500,750000000,906250000,656250000,593750000,617187500,1006249999,1006249999,10
2025-10-02 14:30:25,10699,pairwise,VerletListsCells,1.000000,vlc_c08,none,SoA,disabled,5976562500,1226562500,1117187500,1304687500,1367187500,1390625000,1328125000,1210937500,1164062500,1562500000,1764843750,1764843750,10
2025-10-02 14:30:25,10709,pairwise,VerletListsCells,1.000000,vlc_c08,none,SoA,enabled,6132812500,1460937500,1421875000,1265625000,1578125000,1312500000,1507812500,1273437500,1398437500,1515625000,1886718749,1886718749,10
2025-10-02 14:30:25,10719,pairwise,VerletListsCells,1.000000,vlc_sliced,none,AoS,disabled,5492187500,0,0,0,0,0,0,0,195312500,0,568749999,568749999,10
2025-10-02 14:30:25,10729,pairwise,VerletListsCells,1.000000,vlc_sliced,none,AoS,enabled,5296875000,0,0,0,0,218750000,0,0,226562500,0,574218749,574218749,10
2025-10-02 14:30:25,10739,pairwise,VerletListsCells,1.000000,vlc_sliced,none,SoA,disabled,7679687500,632812500,875000000,929687500,632812500,585937500,828125000,976562500,757812500,437500000,1433593749,1433593749,10
2025-10-02 14:30:25,10749,pairwise,VerletListsCells,1.000000,vlc_sliced,none,SoA,enabled,7937500000,664062500,937500000,781250000,984375000,343750000,578125000,882812500,765625000,851562500,1472656249,1472656249,10
2025-10-02 14:30:25,10759,pairwise,VerletListsCells,1.000000,vlc_sliced_balanced,none,AoS,disabled,5468750000,0,195312500,0,203125000,0,250000000,0,0,0,611718749,611718749,10
2025-10-02 14:30:25,10769,pairwise,VerletListsCells,1.000000,vlc_sliced_balanced,none,AoS,enabled,5632812500,281250000,0,179687500,0,0,187500000,0,234375000,0,651562499,651562499,10
2025-10-02 14:30:25,10779,pairwise,VerletListsCells,1.000000,vlc_sliced_balanced,none,SoA,disabled,7562500000,1062500000,648437500,789062500,835937500,625000000,507812500,867187500,820312500,703125000,1442187499,1442187499,10
2025-10-02 14:30:25,10789,pairwise,VerletListsCells,1.000000,vlc_sliced_balanced,none,SoA,enabled,7335937500,742187500,804687500,1054687500,773437500,859375000,859375000,976562500,789062500,718750000,1491406249,1491406249,10
2025-10-02 14:30:25,10799,pairwise,VerletListsCells,1.000000,vlc_sliced_balanced,squared-particles-per-cell,AoS,disabled,5484375000,0,250000000,0,500000000,117187500,0,0,0,296875000,664843749,664843749,10
2025-10-02 14:30:25,10809,pairwise,VerletListsCells,1.000000,vlc_sliced_balanced,squared-particles-per-cell,AoS,enabled,5492187500,0,0,234375000,0,0,0,0,140625000,0,586718749,586718749,10
2025-10-02 14:30:25,10819,pairwise,VerletListsCells,1.000000,vlc_sliced_balanced,squared-particles-per-cell,SoA,disabled,7351562500,1031250000,937500000,945312500,976562500,648437500,882812500,671875000,617187500,835937500,1489843749,1489843749,10
2025-10-02 14:30:25,10829,pairwise,VerletListsCells,1.000000,vlc_sliced_balanced,squared-particles-per-cell,SoA,enabled,7382812500,695312500,390625000,906250000,875000000,937500000,585937500,625000000,1132812500,812500000,1434375000,1434375000,10
2025-10-02 14:30:25,10839,pairwise,VerletListsCells,1.000000,vlc_sliced_balanced,neighbor-list-length,AoS,disabled,5406250000,0,195312500,0,210937500,0,0,0,0,0,581249999,581249999,10
2025-10-02 14:30:25,10849,pairwise,VerletListsCells,1.000000,vlc_sliced_balanced,neighbor-list-length,AoS,enabled,5085937500,0,0,0,0,0,0,0,312500000,93750000,549218749,549218749,10
2025-10-02 14:30:25,10859,pairwise,VerletListsCells,1.000000,vlc_sliced_balanced,neighbor-list-length,SoA,disabled,7023437500,679687500,890625000,562500000,781250000,523437500,750000000,648437500,734375000,921875000,1351562499,1351562499,10
2025-10-02 14:30:25,10869,pairwise,VerletListsCells,1.000000,vlc_sliced_balanced,neighbor-list-length,SoA,enabled,7406250000,750000000,976562500,750000000,835937500,742187500,1031250000,843750000,984375000,773437500,1509374999,1509374999,10
2025-10-02 14:30:25,10879,pairwise,VerletListsCells,1.000000,vlc_sliced_c02,none,AoS,disabled,5375000000,0,0,0,0,0,0,0,0,0,537500000,537500000,10
2025-10-02 14:30:25,10889,pairwise,VerletListsCells,1.000000,vlc_sliced_c02,none,AoS,enabled,5382812500,0,0,0,0,101562500,0,0,0,304687500,578906249,578906249,10
2025-10-02 14:30:25,10899,pairwise,VerletListsCells,1.000000,vlc_sliced_c02,none,SoA,disabled,7195312500,781250000,843750000,890625000,617187500,734375000,421875000,562500000,914062500,820312500,1378124999,1378124999,10
2025-10-02 14:30:25,10909,pairwise,VerletListsCells,1.000000,vlc_sliced_c02,none,SoA,enabled,7281250000,406250000,781250000,859375000,695312500,890625000,968750000,476562500,757812500,890625000,1400781249,1400781249,10
2025-10-02 14:30:25,10919,pairwise,PairwiseVerletLists,1.000000,vlp_c01,none,AoS,disabled,6945312500,976562500,906250000,679687500,507812500,500000000,742187500,765625000,828125000,882812500,1373437499,1373437499,10
2025-10-02 14:30:25,10929,pairwise,PairwiseVerletLists,1.000000,vlp_c01,none,SoA,disabled,12492187500,1539062500,1539062500,1304687500,1437500000,1390625000,1265625000,1523437500,1632812500,1609375000,2573437499,2573437499,10
2025-10-02 14:30:25,10939,pairwise,PairwiseVerletLists,1.000000,vlp_c18,none,AoS,disabled,6031250000,734375000,843750000,992187500,1171875000,1054687500,804687500,804687500,648437500,1117187500,1420312499,1420312499,10
2025-10-02 14:30:26,10949,pairwise,PairwiseVerletLists,1.000000,vlp_c18,none,AoS,enabled,6640625000,1062500000,1007812500,859375000,1140625000,875000000,835937500,843750000,828125000,1257812500,1535156249,1535156249,10
2025-10-02 14:30:26,10959,pairwise,PairwiseVerletLists,1.000000,vlp_c18,none,SoA,disabled,14859375000,1476562500,1750000000,1382812500,1789062500,1734375000,1523437500,1507812500,1523437500,1750000000,2929687499,2929687499,10
2025-10-02 14:30:26,10969,pairwise,PairwiseVerletLists,1.000000,vlp_c18,none,SoA,enabled,15304687500,1750000000,1500000000,1632812500,1664062500,1960937500,1789062500,1625000000,1687500000,1671875000,3058593749,3058593749,10
2025-10-02 14:30:26,10979,pairwise,PairwiseVerletLists,1.000000,vlp_sliced,none,AoS,disabled,5648437500,656250000,359375000,312500000,343750000,312500000,0,187500000,562500000,375000000,875781249,875781249,10
2025-10-02 14:30:26,10989,pairwise,PairwiseVerletLists,1.000000,vlp_sliced,none,AoS,enabled,6085937500,437500000,187500000,437500000,398437500,179687500,414062500,570312500,382812500,281250000,937499999,937499999,10
2025-10-02 14:30:26,10999,pairwise,PairwiseVerletLists,1.000000,vlp_sliced,none,SoA,disabled,14304687500,1414062500,1226562500,1156250000,781250000,1273437500,1351562500,1203125000,859375000,1218750000,2478906249,2478906249,10
2025-10-02 14:30:26,11009,pairwise,PairwiseVerletLists,1.000000,vlp_sliced,none,SoA,enabled,13804687500,1210937500,1296875000,1398437500,1132812500,1132812500,1421875000,1210937500,1070312500,1296875000,2497656249,2497656249,10
2025-10-02 14:30:26,11019,pairwise,PairwiseVerletLists,1.000000,vlp_sliced_balanced,none,AoS,disabled,5921875000,453125000,445312500,601562500,343750000,218750000,406250000,265625000,429687500,460937500,954687499,954687499,10
2025-10-02 14:30:26,11029,pairwise,PairwiseVerletLists,1.000000,vlp_sliced_balanced,none,AoS,enabled,5539062500,570312500,476562500,515625000,390625000,476562500,210937500,187500000,195312500,156250000,871874999,871874999,10
2025-10-02 14:30:26,11039,pairwise,PairwiseVerletLists,1.000000,vlp_sliced_balanced,none,SoA,disabled,14320312500,1796875000,1257812500,1359375000,718750000,1226562500,1320312500,1367187500,1226562500,1460937500,2605468749,2605468749,10
2025-10-02 14:30:26,11049,pairwise,PairwiseVerletLists,1.000000,vlp_sliced_balanced,none,SoA,enabled,13843750000,1234375000,1273437500,1312500000,1296875000,1171875000,859375000,1539062500,1125000000,1250000000,2490624999,2490624999,10
2025-10-02 14:30:26,11059,pairwise,PairwiseVerletLists,1.000000,vlp_sliced_c02,none,AoS,disabled,6031250000,390625000,406250000,484375000,312500000,421875000,562500000,421875000,460937500,429687500,992187499,992187499,10
2025-10-02 14:30:26,11069,pairwise,PairwiseVerletLists,1.000000,vlp_sliced_c02,none,AoS,enabled,5890625000,500000000,328125000,656250000,468750000,609375000,335937500,250000000,343750000,171875000,955468749,955468749,10
2025-10-02 14:30:26,11079,pairwise,PairwiseVerletLists,1.000000,vlp_sliced_c02,none,SoA,disabled,14265625000,1343750000,1070312500,1179687500,1226562500,1250000000,1085937500,1617187500,1367187500,1414062500,2582031249,2582031249,10
2025-10-02 14:30:26,11089,pairwise,PairwiseVerletLists,1.000000,vlp_sliced_c02,none,SoA,enabled,13687500000,1453125000,1046875000,1203125000,968750000,1273437500,1484375000,984375000,1007812500,1515625000,2462499999,2462499999,10
2025-10-02 14:30:26,11099,pairwise,PairwiseVerletLists,1.000000,vlp_c08,none,AoS,disabled,7203125000,1453125000,1546875000,1695312500,1625000000,1570312500,1625000000,1507812500,1781250000,1578125000,2158593749,2158593749,10
2025-10-02 14:30:26,11109,pairwise,PairwiseVerletLists,1.000000,vlp_c08,none,AoS,enabled,6937500000,1226562500,1351562500,1281250000,1234375000,906250000,1242187500,1140625000,1109375000,835937500,1726562499,1726562499,10
2025-10-02 14:30:26,11119,pairwise,PairwiseVerletLists,1.000000,vlp_c08,none,SoA,disabled,15914062500,2664062500,2507812500,2468750000,2640625000,2554687500,2750000000,2585937500,2539062500,2429687500,3905468749,3905468749,10
2025-10-02 14:30:26,11129,pairwise,PairwiseVerletLists,1.000000,vlp_c08,none,SoA,enabled,15007812500,2117187500,1867187500,1960937500,1921875000,1875000000,1937500000,1984375000,1632812500,1851562500,3215624999,3215624999,10
2025-10-02 14:32:56,15009,pairwise,LinkedCells,1.000000,lc_c01,none,AoS,disabled,687500000,796875000,593750000,640625000,468750000,609375000,671875000,734375000,656250000,609375000,646874999,646874999,10
2025-10-02 14:32:56,15019,pairwise,LinkedCells,1.000000,lc_c01,none,SoA,disabled,1312500000,1000000000,1078125000,812500000,1171875000,656250000,796875000,1296875000,1171875000,1625000000,1092187499,1092187499,10
2025-10-02 14:32:56,15029,pairwise,LinkedCells,1.000000,lc_c01_combined_SoA,none,SoA,disabled,953125000,1062500000,1015625000,1125000000,1468750000,953125000,1031250000,1093750000,1328125000,906250000,1093750000,1093750000,10
2025-10-02 14:32:56,15039,pairwise,LinkedCells,1.000000,lc_c04,none,AoS,disabled,0,437500000,359375000,562500000,250000000,203125000,343750000,312500000,578125000,0,304687499,304687499,10
2025-10-02 14:32:56,15049,pairwise,LinkedCells,1.000000,lc_c04,none,AoS,enabled,0,250000000,0,0,0,281250000,171875000,250000000,390625000,171875000,151562499,151562499,10
2025-10-02 14:32:56,15059,pairwise,LinkedCells,1.000000,lc_c04,none,SoA,disabled,1015625000,1031250000,1156250000,875000000,718750000,1218750000,703125000,906250000,1203125000,937500000,976562499,976562499,10
2025-10-02 14:32:56,15069,pairwise,LinkedCells,1.000000,lc_c04,none,SoA,enabled,625000000,937500000,953125000,640625000,1187500000,625000000,968750000,812500000,718750000,984375000,845312499,845312499,10
2025-10-02 14:32:56,15079,pairwise,LinkedCells,1.000000,lc_c04_HCP,none,AoS,disabled,750000000,453125000,218750000,421875000,203125000,250000000,203125000,0,0,250000000,274999999,274999999,10
2025-10-02 14:32:56,15089,pairwise,LinkedCells,1.000000,lc_c04_HCP,none,AoS,enabled,218750000,203125000,203125000,218750000,265625000,218750000,484375000,265625000,0,125000000,220312499,220312499,10
2025-10-02 14:32:56,15099,pairwise,LinkedCells,1.000000,lc_c04_HCP,none,SoA,disabled,468750000,671875000,1125000000,1062500000,781250000,1390625000,1062500000,1109375000,1031250000,656250000,935937499,935937499,10
2025-10-02 14:32:56,15109,pairwise,LinkedCells,1.000000,lc_c04_HCP,none,SoA,enabled,890625000,875000000,1109375000,703125000,828125000,937500000,1171875000,609375000,1109375000,1109375000,934374999,934374999,10
2025-10-02 14:32:56,15119,pairwise,LinkedCells,1.000000,lc_c04_combined_SoA,none,SoA,disabled,1156250000,1515625000,1500000000,1328125000,1156250000,1203125000,1140625000,1484375000,1328125000,1359375000,1317187499,1317187499,10
2025-10-02 14:32:56,15129,pairwise,LinkedCells,1.000000,lc_c04_combined_SoA,none,SoA,enabled,734375000,1234375000,562500000,1015625000,1203125000,1062500000,875000000,1265625000,1015625000,1078125000,1004687499,1004687499,10
2025-10-02 14:32:56,15139,pairwise,LinkedCells,1.000000,lc_c08,none,AoS,disabled,765625000,921875000,546875000,843750000,656250000,734375000,718750000,750000000,359375000,453125000,674999999,674999999,10
2025-10-02 14:32:56,15149,pairwise,LinkedCells,1.000000,lc_c08,none,AoS,enabled,578125000,656250000,593750000,968750000,968750000,953125000,640625000,765625000,937500000,1000000000,806249999,806249999,10
2025-10-02 14:32:56,15159,pairwise,LinkedCells,1.000000,lc_c08,none,SoA,disabled,1125000000,1203125000,1625000000,1203125000,1187500000,1109375000,1328125000,2062500000,1359375000,875000000,1307812500,1307812500,10
2025-10-02 14:32:56,15169,pairwise,LinkedCells,1.000000,lc_c08,none,SoA,enabled,1343750000,1781250000,875000000,1515625000,1140625000,1875000000,1031250000,1046875000,1593750000,1234375000,1343750000,1343750000,10
2025-10-02 14:32:56,15179,pairwise,LinkedCells,1.000000,lc_c18,none,AoS,disabled,781250000,718750000,703125000,718750000,687500000,1078125000,750000000,671875000,640625000,937500000,768749999,768749999,10
2025-10-02 14:32:56,15189,pairwise,LinkedCells,1.000000,lc_c18,none,AoS,enabled,671875000,718750000,671875000,468750000,625000000,921875000,578125000,1078125000,750000000,718750000,720312499,720312499,10
2025-10-02 14:32:56,15199,pairwise,LinkedCells,1.000000,lc_c18,none,SoA,disabled,765625000,1375000000,921875000,953125000,1187500000,1015625000,1265625000,1750000000,1031250000,531250000,1079687499,1079687499,10
2025-10-02 14:32:56,15209,pairwise,LinkedCells,1.000000,lc_c18,none,SoA,enabled,1406250000,937500000,1125000000,1453125000,953125000,1140625000,1671875000,734375000,1062500000,1171875000,1165624999,1165624999,10
2025-10-02 14:32:56,15219,pairwise,LinkedCells,1.000000,lc_sliced,none,AoS,disabled,781250000,390625000,468750000,187500000,359375000,234375000,0,0,296875000,78125000,279687499,279687499,10
2025-10-02 14:32:56,15229,pairwise,LinkedCells,1.000000,lc_sliced,none,AoS,enabled,343750000,0,0,0,265625000,0,390625000,0,93750000,234375000,132812500,132812500,10
2025-10-02 14:32:56,15239,pairwise,LinkedCells,1.000000,lc_sliced,none,SoA,disabled,562500000,1218750000,843750000,1062500000,937500000,968750000,984375000,765625000,734375000,578125000,865624999,865624999,10
2025-10-02 14:32:56,15249,pairwise,LinkedCells,1.000000,lc_sliced,none,SoA,enabled,750000000,1125000000,921875000,625000000,1265625000,781250000,937500000,843750000,921875000,968750000,914062499,914062499,10
2025-10-02 14:32:56,15259,pairwise,LinkedCells,1.000000,lc_sliced_balanced,none,AoS,disabled,187500000,0,656250000,0,0,0,0,0,0,0,84374999,84374999,10
2025-10-02 14:32:56,15269,pairwise,LinkedCells,1.000000,lc_sliced_balanced,none,AoS,enabled,500000000,187500000,0,0,0,671875000,250000000,156250000,156250000,0,192187499,192187499,10
2025-10-02 14:32:56,15279,pairwise,LinkedCells,1.000000,lc_sliced_balanced,none,SoA,disabled,812500000,718750000,765625000,546875000,687500000,1031250000,656250000,781250000,640625000,562500000,720312499,720312499,10
2025-10-02 14:32:56,15289,pairwise,LinkedCells,1.000000,lc_sliced_balanced,none,SoA,enabled,1015625000,921875000,1046875000,828125000,1000000000,703125000,609375000,468750000,625000000,656250000,787499999,787499999,10
2025-10-02 14:32:56,15299,pairwise,LinkedCells,1.000000,lc_sliced_balanced,squared-particles-per-cell,AoS,disabled,250000000,156250000,515625000,312500000,593750000,171875000,531250000,484375000,546875000,312500000,387499999,387499999,10
2025-10-02 14:32:56,15309,pairwise,LinkedCells,1.000000,lc_sliced_balanced,squared-particles-per-cell,AoS,enabled,546875000,640625000,328125000,0,0,0,203125000,0,0,609375000,232812499,232812499,10
2025-10-02 14:32:56,15319,pairwise,LinkedCells,1.000000,lc_sliced_balanced,squared-particles-per-cell,SoA,disabled,1078125000,1437500000,906250000,1125000000,1171875000,921875000,1093750000,1187500000,1015625000,1093750000,1103124999,1103124999,10
2025-10-02 14:32:56,15329,pairwise,LinkedCells,1.000000,lc_sliced_balanced,squared-particles-per-cell,SoA,enabled,1046875000,1093750000,984375000,1375000000,1406250000,937500000,1390625000,859375000,1453125000,1375000000,1192187499,1192187499,10
2025-10-02 14:32:56,15339,pairwise,LinkedCells,1.000000,lc_sliced_c02,none,AoS,disabled,250000000,250000000,187500000,187500000,281250000,218750000,187500000,171875000,0,0,173437499,173437499,10
2025-10-02 14:32:56,15349,pairwise,LinkedCells,1.000000,lc_sliced_c02,none,AoS,enabled,250000000,500000000,375000000,203125000,515625000,265625000,0,250000000,171875000,0,253124999,253124999,10
2025-10-02 14:32:56,15359,pairwise,LinkedCells,1.000000,lc_sliced_c02,none,SoA,disabled,968750000,718750000,671875000,671875000,890625000,796875000,578125000,578125000,531250000,859375000,726562499,726562499,10
2025-10-02 14:32:56,15369,pairwise,LinkedCells,1.000000,lc_sliced_c02,none,SoA,enabled,1046875000,781250000,828125000,656250000,656250000,640625000,625000000,921875000,906250000,859375000,792187499,792187499,10
2025-10-02 14:32:56,15379,pairwise,VerletClusterLists,1.000000,vcl_c01_balanced,none,AoS,disabled,187500000,0,0,0,0,0,0,0,0,0,18750000,18750000,10
2025-10-02 14:32:56,15389,pairwise,VerletClusterLists,1.000000,vcl_c01_balanced,none,SoA,disabled,0,0,0,0,218750000,0,0,0,0,0,21874999,21874999,10
2025-10-02 14:32:56,15399,pairwise,VerletClusterLists,1.000000,vcl_c06,none,AoS,disabled,0,0,234375000,0,0,0,0,0,0,0,23437499,23437499,10
2025-10-02 14:32:56,15409,pairwise,VerletClusterLists,1.000000,vcl_c06,none,AoS,enabled,0,0,0,0,0,250000000,0,281250000,0,0,53124999,53124999,10
2025-10-02 14:32:56,15419,pairwise,VerletClusterLists,1.000000,vcl_c06,none,SoA,disabled,0,0,0,0,0,0,0,156250000,0,0,15624999,15624999,10
2025-10-02 14:32:56,15429,pairwise,VerletClusterLists,1.000000,vcl_c06,none,SoA,enabled,0,0,0,0,281250000,0,0,0,0,312500000,59374999,59374999,10
2025-10-02 14:32:56,15439,pairwise,VerletClusterLists,1.000000,vcl_sliced,none,AoS,disabled,0,0,0,0,187500000,0,203125000,0,0,0,39062499,39062499,10
2025-10-02 14:32:56,15449,pairwise,VerletClusterLists,1.000000,vcl_sliced,none,AoS,enabled,0,0,0,0,0,0,0,0,0,0,0,0,10
2025-10-02 14:32:56,15459,pairwise,VerletClusterLists,1.000000,vcl_sliced,none,SoA,disabled,0,0,0,0,0,0,0,0,0,0,0,0,10
2025-10-02 14:32:56,15469,pairwise,VerletClusterLists,1.000000,vcl_sliced,none,SoA,enabled,0,0,250000000,0,0,0,0,0,0,0,24999999,24999999,10
2025-10-02 14:32:56,15479,pairwise,VerletClusterLists,1.000000,vcl_sliced_balanced,none,AoS,disabled,0,0,0,0,0,218750000,0,281250000,0,0,49999999,49999999,10
2025-10-02 14:32:56,15489,pairwise,VerletClusterLists,1.000000,vcl_sliced_balanced,none,AoS,enabled,0,171875000,0,0,0,0,0,0,0,0,17187499,17187499,10
2025-10-02 14:32:56,15499,pairwise,VerletClusterLists,1.000000,vcl_sliced_balanced,none,SoA,disabled,0,0,0,0,0,0,0,0,0,0,0,0,10
2025-10-02 14:32:56,15509,pairwise,VerletClusterLists,1.000000,vcl_sliced_balanced,none,SoA,enabled,0,0,0,0,0,0,0,0,140625000,0,14062500,14062500,10
2025-10-02 14:32:56,15519,pairwise,VerletClusterLists,1.000000,vcl_sliced_balanced,neighbor-list-length,AoS,disabled,0,0,0,0,171875000,0,0,0,0,0,17187499,17187499,10
2025-10-02 14:32:56,15529,pairwise,VerletClusterLists,1.000000,vcl_sliced_balanced,neighbor-list-length,AoS,enabled,0,0,203125000,0,0,0,0,0,0,0,20312499,20312499,10
2025-10-02 14:32:56,15539,pairwise,VerletClusterLists,1.000000,vcl_sliced_balanced,neighbor-list-length,SoA,disabled,281250000,0,359375000,0,0,0,0,0,0,0,64062499,64062499,10
2025-10-02 14:32:56,15549,pairwise,VerletClusterLists,1.000000,vcl_sliced_balanced,neighbor-list-length,SoA,enabled,0,0,0,0,265625000,0,0,0,0,0,26562499,26562499,10
2025-10-02 14:32:56,15559,pairwise,VerletClusterLists,1.000000,vcl_sliced_c02,none,AoS,disabled,0,0,0,0,0,0,0,0,0,0,0,0,10
2025-10-02 14:32:56,15569,pairwise,VerletClusterLists,1.000000,vcl_sliced_c02,none,AoS,enabled,0,0,0,0,0,0,0,0,0,0,0,0,10
2025-10-02 14:32:56,15579,pairwise,VerletClusterLists,1.000000,vcl_sliced_c02,none,SoA,disabled,0,187500000,0,0,0,0,0,187500000,0,0,37499999,37499999,10
2025-10-02 14:32:56,15589,pairwise,VerletClusterLists,1.000000,vcl_sliced_c02,none,SoA,enabled,0,0,0,0,0,0,0,0,0,234375000,23437499,23437499,10
2025-10-02 14:32:56,15599,pairwise,VerletLists,1.000000,vl_list_iteration,none,AoS,disabled,1796875000,0,0,0,0,0,0,0,0,0,179687500,179687500,10
2025-10-02 14:32:56,15609,pairwise,VerletLists,1.000000,vl_list_iteration,none,SoA,disabled,2781250000,953125000,843750000,843750000,875000000,750000000,593750000,515625000,593750000,562500000,931249999,931249999,10
2025-10-02 14:32:57,15619,pairwise,VerletListsCells,1.000000,vlc_c01,none,AoS,disabled,9281250000,750000000,750000000,640625000,578125000,390625000,406250000,375000000,625000000,531250000,1432812499,1432812499,10
2025-10-02 14:32:57,15629,pairwise,VerletListsCells,1.000000,vlc_c01,none,SoA,disabled,11937500000,1109375000,1296875000,1140625000,1375000000,1328125000,1406250000,1312500000,1625000000,1421875000,2395312499,2395312499,10
2025-10-02 14:32:57,15639,pairwise,VerletListsCells,1.000000,vlc_c18,none,AoS,disabled,6281250000,609375000,718750000,687500000,765625000,796875000,843750000,765625000,593750000,687500000,1275000000,1275000000,10
2025-10-02 14:32:57,15649,pairwise,VerletListsCells,1.000000,vlc_c18,none,AoS,enabled,6500000000,890625000,484375000,859375000,640625000,906250000,703125000,828125000,812500000,640625000,1326562499,1326562499,10
2025-10-02 14:32:57,15659,pairwise,VerletListsCells,1.000000,vlc_c18,none,SoA,disabled,8328125000,1468750000,1265625000,1203125000,1609375000,1265625000,875000000,1750000000,1781250000,1484375000,2103124999,2103124999,10
2025-10-02 14:32:57,15669,pairwise,VerletListsCells,1.000000,vlc_c18,none,SoA,enabled,7281250000,1187500000,1625000000,1234375000,1468750000,937500000,1203125000,1359375000,2000000000,1421875000,1971874999,1971874999,10
2025-10-02 14:32:57,15679,pairwise,VerletListsCells,1.000000,vlc_c08,none,AoS,disabled,4468750000,890625000,765625000,687500000,890625000,812500000,953125000,531250000,703125000,593750000,1129687499,1129687499,10
2025-10-02 14:32:57,15689,pairwise,VerletListsCells,1.000000,vlc_c08,none,AoS,enabled,4468750000,796875000,671875000,718750000,906250000,906250000,843750000,765625000,843750000,968750000,1189062499,1189062499,10
2025-10-02 14:32:57,15699,pairwise,VerletListsCells,1.000000,vlc_c08,none,SoA,disabled,5890625000,1578125000,1578125000,1140625000,1265625000,1187500000,1187500000,1640625000,1406250000,1484375000,1835937499,1835937499,10
2025-10-02 14:32:57,15709,pairwise,VerletListsCells,1.000000,vlc_c08,none,SoA,enabled,5968750000,1250000000,1218750000,1015625000,1390625000,1281250000,968750000,1218750000,1406250000,1375000000,1709374999,1709374999,10
2025-10-02 14:32:57,15719,pairwise,VerletListsCells,1.000000,vlc_sliced,none,AoS,disabled,5765625000,0,0,0,0,0,0,250000000,0,0,601562499,601562499,10
2025-10-02 14:32:57,15729,pairwise,VerletListsCells,1.000000,vlc_sliced,none,AoS,enabled,5703125000,0,0,0,0,0,0,0,0,265625000,596874999,596874999,10
2025-10-02 14:32:57,15739,pairwise,VerletListsCells,1.000000,vlc_sliced,none,SoA,disabled,7515625000,968750000,718750000,828125000,703125000,453125000,781250000,906250000,937500000,937500000,1474999999,1474999999,10
2025-10-02 14:32:57,15749,pairwise,VerletListsCells,1.000000,vlc_sliced,none,SoA,enabled,7515625000,1171875000,687500000,609375000,656250000,843750000,703125000,937500000,781250000,781250000,1468750000,1468750000,10
2025-10-02 14:32:57,15759,pairwise,VerletListsCells,1.000000,vlc_sliced_balanced,none,AoS,disabled,5781250000,0,218750000,0,406250000,0,0,187500000,0,187500000,678124999,678124999,10
2025-10-02 14:32:57,15769,pairwise,VerletListsCells,1.000000,vlc_sliced_balanced,none,AoS,enabled,5406250000,0,234375000,0,0,0,0,265625000,0,0,590624999,590624999,10
2025-10-02 14:32:57,15779,pairwise,VerletListsCells,1.000000,vlc_sliced_balanced,none,SoA,disabled,7234375000,359375000,906250000,875000000,750000000,625000000,703125000,718750000,921875000,468750000,1356250000,1356250000,10
2025-10-02 14:32:57,15789,pairwise,VerletListsCells,1.000000,vlc_sliced_balanced,none,SoA,enabled,7796875000,765625000,968750000,703125000,406250000,625000000,937500000,484375000,781250000,812500000,1428124999,1428124999,10
2025-10-02 14:32:57,15799,pairwise,VerletListsCells,1.000000,vlc_sliced_balanced,squared-particles-per-cell,AoS,disabled,5218750000,0,0,0,0,203125000,0,0,0,171875000,559374999,559374999,10
2025-10-02 14:32:57,15809,pairwise,VerletListsCells,1.000000,vlc_sliced_balanced,squared-particles-per-cell,AoS,enabled,5390625000,218750000,0,515625000,0,0,0,0,203125000,0,632812499,632812499,10
2025-10-02 14:32:57,15819,pairwise,VerletListsCells,1.000000,vlc_sliced_balanced,squared-particles-per-cell,SoA,disabled,7250000000,875000000,968750000,1062500000,765625000,906250000,968750000,734375000,765625000,796875000,1509374999,1509374999,10
2025-10-02 14:32:57,15829,pairwise,VerletListsCells,1.000000,vlc_sliced_balanced,squared-particles-per-cell,SoA,enabled,7437500000,687500000,750000000,1156250000,859375000,859375000,812500000,828125000,687500000,625000000,1470312499,1470312499,10
2025-10-02 14:32:57,15839,pairwise,VerletListsCells,1.000000,vlc_sliced_balanced,neighbor-list-length,AoS,disabled,5312500000,0,0,171875000,0,0,0,218750000,0,0,570312499,570312499,10
2025-10-02 14:32:57,15849,pairwise,VerletListsCells,1.000000,vlc_sliced_balanced,neighbor-list-length,AoS,enabled,5484375000,218750000,156250000,0,0,0,0,0,0,0,585937499,585937499,10
2025-10-02 14:32:57,15859,pairwise,VerletListsCells,1.000000,vlc_sliced_balanced,neighbor-list-length,SoA,disabled,7250000000,578125000,578125000,609375000,812500000,921875000,1031250000,687500000,703125000,812500000,1398437499,1398437499,10
2025-10-02 14:32:57,15869,pairwise,VerletListsCells,1.000000,vlc_sliced_balanced,neighbor-list-length,SoA,enabled,7203125000,890625000,390625000,562500000,687500000,906250000,656250000,906250000,734375000,828125000,1376562499,1376562499,10
2025-10-02 14:32:57,15879,pairwise,VerletListsCells,1.000000,vlc_sliced_c02,none,AoS,disabled,5140625000,0,0,0,0,171875000,296875000,234375000,0,0,584375000,584375000,10
2025-10-02 14:32:57,15889,pairwise,VerletListsCells,1.000000,vlc_sliced_c02,none,AoS,enabled,5640625000,0,0,0,0,0,0,0,0,0,564062500,564062500,10
2025-10-02 14:32:57,15899,pairwise,VerletListsCells,1.000000,vlc_sliced_c02,none,SoA,disabled,7390625000,828125000,796875000,875000000,937500000,656250000,921875000,750000000,921875000,734375000,1481249999,1481249999,10
2025-10-02 14:32:58,15909,pairwise,VerletListsCells,1.000000,vlc_sliced_c02,none,SoA,enabled,7531250000,703125000,656250000,515625000,468750000,718750000,703125000,703125000,1187500000,890625000,1407812499,1407812499,10
2025-10-02 14:32:58,15919,pairwise,PairwiseVerletLists,1.000000,vlp_c01,none,AoS,disabled,6765625000,750000000,1109375000,906250000,1000000000,703125000,437500000,625000000,421875000,531250000,1324999999,1324999999,10
2025-10-02 14:32:58,15929,pairwise,PairwiseVerletLists,1.000000,vlp_c01,none,SoA,disabled,12125000000,1406250000,1359375000,1156250000,1484375000,1687500000,1437500000,1390625000,1484375000,1359375000,2489062499,2489062499,10
2025-10-02 14:32:58,15939,pairwise,PairwiseVerletLists,1.000000,vlp_c18,none,AoS,disabled,6562500000,1015625000,1109375000,921875000,718750000,843750000,703125000,781250000,796875000,640625000,1409374999,1409374999,10
2025-10-02 14:32:58,15949,pairwise,PairwiseVerletLists,1.000000,vlp_c18,none,AoS,enabled,6281250000,812500000,906250000,828125000,1046875000,890625000,1015625000,1265625000,937500000,875000000,1485937500,1485937500,10
2025-10-02 14:32:58,15959,pairwise,PairwiseVerletLists,1.000000,vlp_c18,none,SoA,disabled,16718750000,1906250000,1640625000,1578125000,1937500000,1671875000,1750000000,1687500000,1578125000,1625000000,3209374999,3209374999,10
2025-10-02 14:32:58,15969,pairwise,PairwiseVerletLists,1.000000,vlp_c18,none,SoA,enabled,14843750000,1843750000,1937500000,1625000000,1953125000,1703125000,1843750000,1578125000,1421875000,2046875000,3079687499,3079687499,10
2025-10-02 14:32:58,15979,pairwise,PairwiseVerletLists,1.000000,vlp_sliced,none,AoS,disabled,5656250000,453125000,453125000,421875000,406250000,218750000,0,390625000,187500000,375000000,856249999,856249999,10
2025-10-02 14:32:58,15989,pairwise,PairwiseVerletLists,1.000000,vlp_sliced,none,AoS,enabled,5765625000,218750000,359375000,203125000,234375000,0,171875000,281250000,437500000,203125000,787500000,787500000,10
2025-10-02 14:32:58,15999,pairwise,PairwiseVerletLists,1.000000,vlp_sliced,none,SoA,disabled,14546875000,1156250000,1593750000,1265625000,1171875000,1187500000,875000000,968750000,1296875000,1265625000,2532812499,2532812499,10
2025-10-02 14:32:58,16009,pairwise,PairwiseVerletLists,1.000000,vlp_sliced,none,SoA,enabled,13828125000,1250000000,1343750000,1265625000,1218750000,1171875000,1296875000,1390625000,1359375000,1250000000,2537499999,2537499999,10
2025-10-02 14:32:58,16019,pairwise,PairwiseVerletLists,1.000000,vlp_sliced_balanced,none,AoS,disabled,6093750000,328125000,500000000,0,406250000,453125000,296875000,468750000,359375000,515625000,942187499,942187499,10
2025-10-02 14:32:58,16029,pairwise,PairwiseVerletLists,1.000000,vlp_sliced_balanced,none,AoS,enabled,5390625000,0,203125000,0,468750000,171875000,656250000,500000000,562500000,468750000,842187499,842187499,10
2025-10-02 14:32:58,16039,pairwise,PairwiseVerletLists,1.000000,vlp_sliced_balanced,none,SoA,disabled,13953125000,1390625000,1328125000,1046875000,1125000000,1390625000,1343750000,1390625000,1250000000,1218750000,2543749999,2543749999,10
2025-10-02 14:32:58,16049,pairwise,PairwiseVerletLists,1.000000,vlp_sliced_balanced,none,SoA,enabled,13750000000,812500000,875000000,1218750000,1171875000,1250000000,984375000,1234375000,1031250000,1171875000,2349999999,2349999999,10
2025-10-02 14:32:58,16059,pairwise,PairwiseVerletLists,1.000000,vlp_sliced_c02,none,AoS,disabled,6171875000,531250000,421875000,515625000,359375000,234375000,390625000,437500000,328125000,359375000,974999999,974999999,10
2025-10-02 14:32:58,16069,pairwise,PairwiseVerletLists,1.000000,vlp_sliced_c02,none,AoS,enabled,5093750000,562500000,234375000,171875000,187500000,500000000,718750000,531250000,671875000,578125000,924999999,924999999,10
2025-10-02 14:32:58,16079,pairwise,PairwiseVerletLists,1.000000,vlp_sliced_c02,none,SoA,disabled,13937500000,1593750000,1203125000,1468750000,1078125000,1328125000,1390625000,1343750000,968750000,1218750000,2553124999,2553124999,10
2025-10-02 14:32:58,16089,pairwise,PairwiseVerletLists,1.000000,vlp_sliced_c02,none,SoA,enabled,13312500000,1062500000,1046875000,1265625000,1250000000,1718750000,1296875000,953125000,1234375000,1375000000,2451562499,2451562499,10
2025-10-02 14:32:58,16099,pairwise,PairwiseVerletLists,1.000000,vlp_c08,none,AoS,disabled,7546875000,1453125000,1421875000,1171875000,1515625000,1390625000,1296875000,1593750000,1390625000,1562500000,2034375000,2034375000,10
2025-10-02 14:32:58,16109,pairwise,PairwiseVerletLists,1.000000,vlp_c08,none,AoS,enabled,6640625000,1156250000,1093750000,937500000,1156250000,1421875000,1265625000,1093750000,1328125000,937500000,1703124999,1703124999,10
2025-10-02 14:32:59,16119,pairwise,PairwiseVerletLists,1.000000,vlp_c08,none,SoA,disabled,15765625000,2484375000,2640625000,2578125000,2703125000,2828125000,2546875000,2593750000,2390625000,2921875000,3945312499,3945312499,10
2025-10-02 14:32:59,16129,pairwise,PairwiseVerletLists,1.000000,vlp_c08,none,SoA,enabled,14750000000,1921875000,1765625000,1734375000,2125000000,2218750000,1828125000,2015625000,2359375000,2000000000,3271874999,3271874999,10
2025-10-02 14:35:28,20009,pairwise,LinkedCells,1.000000,lc_c01,none,AoS,disabled,515625000,656250000,656250000,843750000,625000000,656250000,656250000,515625000,484375000,734375000,634374999,634374999,10
2025-10-02 14:35:28,20019,pairwise,LinkedCells,1.000000,lc_c01,none,SoA,disabled,828125000,609375000,1031250000,1375000000,1359375000,1000000000,843750000,1718750000,1406250000,1203125000,1137500000,1137500000,10
2025-10-02 14:35:28,20029,pairwise,LinkedCells,1.000000,lc_c01_combined_SoA,none,SoA,disabled,1421875000,1000000000,984375000,921875000,1296875000,1296875000,1156250000,1375000000,1078125000,1312500000,1184374999,1184374999,10
2025-10-02 14:35:28,20039,pairwise,LinkedCells,1.000000,lc_c04,none,AoS,disabled,203125000,468750000,218750000,468750000,312500000,296875000,187500000,281250000,171875000,265625000,287500000,287500000,10
2025-10-02 14:35:28,20049,pairwise,LinkedCells,1.000000,lc_c04,none,AoS,enabled,406250000,437500000,546875000,421875000,234375000,156250000,546875000,421875000,187500000,484375000,384374999,384374999,10
2025-10-02 14:35:28,20059,pairwise,LinkedCells,1.000000,lc_c04,none,SoA,disabled,781250000,859375000,265625000,796875000,671875000,656250000,687500000,750000000,453125000,1187500000,710937500,710937500,10
2025-10-02 14:35:28,20069,pairwise,LinkedCells,1.000000,lc_c04,none,SoA,enabled,906250000,734375000,484375000,1234375000,1015625000,812500000,734375000,1046875000,890625000,765625000,862499999,862499999,10
2025-10-02 14:35:28,20079,pairwise,LinkedCells,1.000000,lc_c04_HCP,none,AoS,disabled,93750000,234375000,234375000,0,0,156250000,187500000,234375000,203125000,515625000,185937499,185937499,10
2025-10-02 14:35:28,20089,pairwise,LinkedCells,1.000000,lc_c04_HCP,none,AoS,enabled,0,453125000,562500000,265625000,281250000,0,0,312500000,265625000,265625000,240624999,240624999,10
2025-10-02 14:35:28,20099,pairwise,LinkedCells,1.000000,lc_c04_HCP,none,SoA,disabled,875000000,921875000,1109375000,968750000,1062500000,421875000,843750000,1218750000,953125000,734375000,910937499,910937499,10
2025-10-02 14:35:28,20109,pairwise,LinkedCells,1.000000,lc_c04_HCP,none,SoA,enabled,953125000,1171875000,1062500000,812500000,796875000,812500000,875000000,843750000,1046875000,875000000,925000000,925000000,10
2025-10-02 14:35:28,20119,pairwise,LinkedCells,1.000000,lc_c04_combined_SoA,none,SoA,disabled,1078125000,1062500000,796875000,812500000,1562500000,1796875000,1000000000,1437500000,953125000,1187500000,1168749999,1168749999,10
2025-10-02 14:35:28,20129,pairwise,LinkedCells,1.000000,lc_c04_combined_SoA,none,SoA,enabled,703125000,906250000,1312500000,781250000,1187500000,1593750000,1015625000,734375000,1125000000,1531250000,1089062499,1089062499,10
2025-10-02 14:35:28,20139,pairwise,LinkedCells,1.000000,lc_c08,none,AoS,disabled,1234375000,781250000,875000000,656250000,984375000,1062500000,921875000,875000000,906250000,687500000,898437499,898437499,10
2025-10-02 14:35:28,20149,pairwise,LinkedCells,1.000000,lc_c08,none,AoS,enabled,765625000,1000000000,671875000,750000000,750000000,984375000,546875000,421875000,390625000,656250000,693749999,693749999,10
2025-10-02 14:35:28,20159,pairwise,LinkedCells,1.000000,lc_c08,none,SoA,disabled,953125000,1000000000,1250000000,921875000,1500000000,1687500000,1046875000,890625000,1843750000,1468750000,1256249999,1256249999,10
2025-10-02 14:35:28,20169,pairwise,LinkedCells,1.000000,lc_c08,none,SoA,enabled,1500000000,1265625000,984375000,1062500000,1171875000,671875000,859375000,843750000,890625000,968750000,1021875000,1021875000,10
2025-10-02 14:35:28,20179,pairwise,LinkedCells,1.000000,lc_c18,none,AoS,disabled,718750000,671875000,703125000,718750000,921875000,859375000,812500000,984375000,859375000,546875000,779687499,779687499,10
2025-10-02 14:35:28,20189,pairwise,LinkedCells,1.000000,lc_c18,none,AoS,enabled,671875000,984375000,843750000,812500000,781250000,937500000,656250000,640625000,593750000,453125000,737499999,737499999,10
2025-10-02 14:35:28,20199,pairwise,LinkedCells,1.000000,lc_c18,none,SoA,disabled,703125000,1734375000,625000000,937500000,1046875000,796875000,1125000000,1000000000,906250000,250000000,912499999,912499999,10
2025-10-02 14:35:28,20209,pairwise,LinkedCells,1.000000,lc_c18,none,SoA,enabled,1187500000,1093750000,1453125000,890625000,937500000,1015625000,1015625000,1515625000,1265625000,1500000000,1187500000,1187500000,10
2025-10-02 14:35:28,20219,pairwise,LinkedCells,1.000000,lc_sliced,none,AoS,disabled,0,0,453125000,390625000,140625000,234375000,250000000,281250000,218750000,234375000,220312499,220312499,10
2025-10-02 14:35:28,20229,pairwise,LinkedCells,1.000000,lc_sliced,none,AoS,enabled,234375000,0,234375000,234375000,0,250000000,0,218750000,484375000,0,165624999,165624999,10
2025-10-02 14:35:28,20239,pairwise,LinkedCells,1.000000,lc_sliced,none,SoA,disabled,1140625000,906250000,843750000,1171875000,640625000,515625000,468750000,1078125000,1093750000,859375000,871874999,871874999,10
2025-10-02 14:35:28,20249,pairwise,LinkedCells,1.000000,lc_sliced,none,SoA,enabled,875000000,968750000,734375000,906250000,734375000,1046875000,1046875000,640625000,1078125000,796875000,882812499,882812499,10
2025-10-02 14:35:28,20259,pairwise,LinkedCells,1.000000,lc_sliced_balanced,none,AoS,disabled,0,0,0,593750000,406250000,218750000,109375000,0,0,375000000,170312499,170312499,10
2025-10-02 14:35:28,20269,pairwise,LinkedCells,1.000000,lc_sliced_balanced,none,AoS,enabled,0,0,281250000,0,0,609375000,421875000,250000000,234375000,328125000,212499999,212499999,10
2025-10-02 14:35:28,20279,pairwise,LinkedCells,1.000000,lc_sliced_balanced,none,SoA,disabled,687500000,796875000,578125000,1062500000,875000000,609375000,656250000,546875000,515625000,937500000,726562499,726562499,10
2025-10-02 14:35:28,20289,pairwise,LinkedCells,1.000000,lc_sliced_balanced,none,SoA,enabled,671875000,640625000,562500000,859375000,1062500000,765625000,531250000,609375000,1078125000,968750000,774999999,774999999,10
2025-10-02 14:35:28,20299,pairwise,LinkedCells,1.000000,lc_sliced_balanced,squared-particles-per-cell,AoS,disabled,109375000,453125000,171875000,234375000,406250000,218750000,218750000,437500000,234375000,265625000,274999999,274999999,10
2025-10-02 14:35:28,20309,pairwise,LinkedCells,1.000000,lc_sliced_balanced,squared-particles-per-cell,AoS,enabled,0,343750000,250000000,500000000,531250000,312500000,531250000,203125000,218750000,203125000,309375000,309375000,10
2025-10-02 14:35:29,20319,pairwise,LinkedCells,1.000000,lc_sliced_balanced,squared-particles-per-cell,SoA,disabled,1078125000,1265625000,750000000,1671875000,1156250000,1328125000,1468750000,1359375000,1156250000,1250000000,1248437499,1248437499,10
2025-10-02 14:35:29,20329,pairwise,LinkedCells,1.000000,lc_sliced_balanced,squared-particles-per-cell,SoA,enabled,890625000,1328125000,1390625000,1093750000,1328125000,1343750000,1203125000,1109375000,1453125000,1375000000,1251562499,1251562499,10
2025-10-02 14:35:29,20339,pairwise,LinkedCells,1.000000,lc_sliced_c02,none,AoS,disabled,218750000,234375000,171875000,0,203125000,500000000,390625000,406250000,218750000,171875000,251562499,251562499,10
2025-10-02 14:35:29,20349,pairwise,LinkedCells,1.000000,lc_sliced_c02,none,AoS,enabled,406250000,359375000,406250000,187500000,0,0,0,500000000,0,0,185937499,185937499,10
2025-10-02 14:35:29,20359,pairwise,LinkedCells,1.000000,lc_sliced_c02,none,SoA,disabled,843750000,1000000000,687500000,640625000,656250000,640625000,843750000,500000000,812500000,750000000,737499999,737499999,10
2025-10-02 14:35:29,20369,pairwise,LinkedCells,1.000000,lc_sliced_c02,none,SoA,enabled,796875000,578125000,515625000,859375000,687500000,781250000,843750000,859375000,906250000,796875000,762499999,762499999,10
2025-10-02 14:35:29,20379,pairwise,VerletClusterLists,1.000000,vcl_c01_balanced,none,AoS,disabled,0,0,265625000,0,0,312500000,0,0,0,0,57812499,57812499,10
2025-10-02 14:35:29,20389,pairwise,VerletClusterLists,1.000000,vcl_c01_balanced,none,SoA,disabled,0,0,0,0,265625000,0,0,0,0,0,26562499,26562499,10
2025-10-02 14:35:29,20399,pairwise,VerletClusterLists,1.000000,vcl_c06,none,AoS,disabled,218750000,0,0,0,0,171875000,0,0,0,0,39062499,39062499,10
2025-10-02 14:35:29,20409,pairwise,VerletClusterLists,1.000000,vcl_c06,none,AoS,enabled,0,0,0,0,0,0,187500000,0,0,0,18749999,18749999,10
2025-10-02 14:35:29,20419,pairwise,VerletClusterLists,1.000000,vcl_c06,none,SoA,disabled,250000000,0,0,0,125000000,0,0,0,0,0,37499999,37499999,10
2025-10-02 14:35:29,20429,pairwise,VerletClusterLists,1.000000,vcl_c06,none,SoA,enabled,0,0,0,203125000,0,0,0,234375000,0,0,43749999,43749999,10
2025-10-02 14:35:29,20439,pairwise,VerletClusterLists,1.000000,vcl_sliced,none,AoS,disabled,0,0,0,0,0,0,0,0,0,0,0,0,10
2025-10-02 14:35:29,20449,pairwise,VerletClusterLists,1.000000,vcl_sliced,none,AoS,enabled,0,0,0,0,0,0,0,0,0,281250000,28125000,28125000,10
2025-10-02 14:35:29,20459,pairwise,VerletClusterLists,1.000000,vcl_sliced,none,SoA,disabled,171875000,0,0,0,0,0,0,0,0,0,17187500,17187500,10
2025-10-02 14:35:29,20469,pairwise,VerletClusterLists,1.000000,vcl_sliced,none,SoA,enabled,187500000,0,0,0,0,0,0,218750000,0,0,40624999,40624999,10
2025-10-02 14:35:29,20479,pairwise,VerletClusterLists,1.000000,vcl_sliced_balanced,none,AoS,disabled,0,0,0,0,0,0,0,0,0,0,0,0,10
2025-10-02 14:35:29,20489,pairwise,VerletClusterLists,1.000000,vcl_sliced_balanced,none,AoS,enabled,234375000,187500000,0,0,0,0,0,0,187500000,0,60937499,60937499,10
2025-10-02 14:35:29,20499,pairwise,VerletClusterLists,1.000000,vcl_sliced_balanced,none,SoA,disabled,0,0,0,0,218750000,218750000,0,0,0,0,43749999,43749999,10
2025-10-02 14:35:29,20509,pairwise,VerletClusterLists,1.000000,vcl_sliced_balanced,none,SoA,enabled,187500000,0,0,0,0,0,0,0,0,0,18750000,18750000,10
2025-10-02 14:35:29,20519,pairwise,VerletClusterLists,1.000000,vcl_sliced_balanced,neighbor-list-length,AoS,disabled,265625000,0,0,93750000,0,0,0,0,0,0,35937499,35937499,10
2025-10-02 14:35:29,20529,pairwise,VerletClusterLists,1.000000,vcl_sliced_balanced,neighbor-list-length,AoS,enabled,218750000,0,0,0,0,203125000,0,0,0,0,42187499,42187499,10
2025-10-02 14:35:29,20539,pairwise,VerletClusterLists,1.000000,vcl_sliced_balanced,neighbor-list-length,SoA,disabled,0,0,0,0,0,0,0,0,0,0,0,0,10
2025-10-02 14:35:29,20549,pairwise,VerletClusterLists,1.000000,vcl_sliced_balanced,neighbor-list-length,SoA,enabled,0,0,0,0,234375000,0,0,140625000,0,0,37499999,37499999,10
2025-10-02 14:35:29,20559,pairwise,VerletClusterLists,1.000000,vcl_sliced_c02,none,AoS,disabled,0,0,0,0,0,0,203125000,0,0,0,20312499,20312499,10
2025-10-02 14:35:29,20569,pairwise,VerletClusterLists,1.000000,vcl_sliced_c02,none,AoS,enabled,0,0,0,203125000,0,0,0,0,0,0,20312499,20312499,10
2025-10-02 14:35:29,20579,pairwise,VerletClusterLists,1.000000,vcl_sliced_c02,none,SoA,disabled,0,0,265625000,0,0,187500000,0,0,0,0,45312499,45312499,10
2025-10-02 14:35:29,20589,pairwise,VerletClusterLists,1.000000,vcl_sliced_c02,none,SoA,enabled,0,0,0,187500000,0,0,0,171875000,0,171875000,53124999,53124999,10
2025-10-02 14:35:29,20599,pairwise,VerletLists,1.000000,vl_list_iteration,none,AoS,disabled,1687500000,0,203125000,0,0,0,218750000,0,0,0,210937500,210937500,10
2025-10-02 14:35:29,20609,pairwise,VerletLists,1.000000,vl_list_iteration,none,SoA,disabled,3109375000,828125000,515625000,484375000,468750000,500000000,687500000,687500000,734375000,937500000,895312499,895312499,10
2025-10-02 14:35:29,20619,pairwise,VerletListsCells,1.000000,vlc_c01,none,AoS,disabled,10453125000,453125000,625000000,468750000,796875000,750000000,703125000,609375000,625000000,609375000,1609374999,1609374999,10
2025-10-02 14:35:29,20629,pairwise,VerletListsCells,1.000000,vlc_c01,none,SoA,disabled,11515625000,968750000,1265625000,1421875000,1109375000,1078125000,1234375000,1531250000,1406250000,1328125000,2285937499,2285937499,10
2025-10-02 14:35:29,20639,pairwise,VerletListsCells,1.000000,vlc_c18,none,AoS,disabled,6593750000,843750000,750000000,718750000,734375000,796875000,968750000,875000000,765625000,593750000,1364062499,1364062499,10
2025-10-02 14:35:29,20649,pairwise,VerletListsCells,1.000000,vlc_c18,none,AoS,enabled,6203125000,781250000,890625000,906250000,1093750000,875000000,687500000,968750000,703125000,437500000,1354687499,1354687499,10
2025-10-02 14:35:29,20659,pairwise,VerletListsCells,1.000000,vlc_c18,none,SoA,disabled,8031250000,1500000000,1781250000,1515625000,1078125000,1109375000,1062500000,921875000,1406250000,1250000000,1965624999,1965624999,10
2025-10-02 14:35:29,20669,pairwise,VerletListsCells,1.000000,vlc_c18,none,SoA,enabled,7796875000,1406250000,1500000000,1453125000,1359375000,1453125000,1343750000,984375000,1453125000,1000000000,1975000000,1975000000,10
2025-10-02 14:35:29,20679,pairwise,VerletListsCells,1.000000,vlc_c08,none,AoS,disabled,4609375000,1062500000,656250000,781250000,875000000,812500000,843750000,906250000,734375000,640625000,1192187500,1192187500,10
2025-10-02 14:35:29,20689,pairwise,VerletListsCells,1.000000,vlc_c08,none,AoS,enabled,4343750000,890625000,921875000,812500000,875000000,703125000,718750000,796875000,734375000,687500000,1148437499,1148437499,10
2025-10-02 14:35:29,20699,pairwise,VerletListsCells,1.000000,vlc_c08,none,SoA,disabled,5703125000,1390625000,1171875000,1781250000,1343750000,1203125000,1625000000,1375000000,1578125000,1171875000,1834374999,1834374999,10
2025-10-02 14:35:29,20709,pairwise,VerletListsCells,1.000000,vlc_c08,none,SoA,enabled,6015625000,1343750000,1484375000,1421875000,1281250000,1484375000,1312500000,1296875000,1546875000,1609375000,1879687499,1879687499,10
2025-10-02 14:35:29,20719,pairwise,VerletListsCells,1.000000,vlc_sliced,none,AoS,disabled,5312500000,0,0,0,0,0,0,0,0,0,531250000,531250000,10
2025-10-02 14:35:29,20729,pairwise,VerletListsCells,1.000000,vlc_sliced,none,AoS,enabled,5812500000,0,0,0,0,0,0,0,203125000,0,601562499,601562499,10
2025-10-02 14:35:29,20739,pairwise,VerletListsCells,1.000000,vlc_sliced,none,SoA,disabled,7078125000,765625000,953125000,593750000,843750000,390625000,515625000,812500000,890625000,546875000,1339062499,1339062499,10
2025-10-02 14:35:29,20749,pairwise,VerletListsCells,1.000000,vlc_sliced,none,SoA,enabled,7250000000,734375000,484375000,562500000,609375000,609375000,828125000,500000000,656250000,984375000,1321874999,1321874999,10
2025-10-02 14:35:29,20759,pairwise,VerletListsCells,1.000000,vlc_sliced_balanced,none,AoS,disabled,5984375000,0,0,250000000,0,234375000,0,203125000,0,265625000,693749999,693749999,10
2025-10-02 14:35:29,20769,pairwise,VerletListsCells,1.000000,vlc_sliced_balanced,none,AoS,enabled,5500000000,0,250000000,0,0,265625000,0,0,0,0,601562499,601562499,10
2025-10-02 14:35:29,20779,pairwise,VerletListsCells,1.000000,vlc_sliced_balanced,none,SoA,disabled,7843750000,796875000,937500000,921875000,937500000,968750000,562500000,1078125000,812500000,750000000,1560937499,1560937499,10
2025-10-02 14:35:29,20789,pairwise,VerletListsCells,1.000000,vlc_sliced_balanced,none,SoA,enabled,7640625000,484375000,734375000,875000000,562500000,828125000,656250000,859375000,718750000,656250000,1401562499,1401562499,10
2025-10-02 14:35:29,20799,pairwise,VerletListsCells,1.000000,vlc_sliced_balanced,squared-particles-per-cell,AoS,disabled,5640625000,312500000,0,0,0,312500000,0,187500000,0,0,645312499,645312499,10
2025-10-02 14:35:29,20809,pairwise,VerletListsCells,1.000000,vlc_sliced_balanced,squared-particles-per-cell,AoS,enabled,5734375000,0,578125000,187500000,0,0,0,0,0,218750000,671875000,671875000,10
2025-10-02 14:35:29,20819,pairwise,VerletListsCells,1.000000,vlc_sliced_balanced,squared-particles-per-cell,SoA,disabled,7718750000,640625000,734375000,765625000,656250000,484375000,593750000,921875000,593750000,625000000,1373437499,1373437499,10
2025-10-02 14:35:29,20829,pairwise,VerletListsCells,1.000000,vlc_sliced_balanced,squared-particles-per-cell,SoA,enabled,7203125000,1031250000,843750000,1000000000,640625000,921875000,937500000,796875000,531250000,1000000000,1490624999,1490624999,10
2025-10-02 14:35:30,20839,pairwise,VerletListsCells,1.000000,vlc_sliced_balanced,neighbor-list-length,AoS,disabled,5265625000,0,0,0,0,0,0,0,0,0,526562500,526562500,10
2025-10-02 14:35:30,20849,pairwise,VerletListsCells,1.000000,vlc_sliced_balanced,neighbor-list-length,AoS,enabled,5718750000,203125000,0,0,0,281250000,187500000,0,0,0,639062499,639062499,10
2025-10-02 14:35:30,20859,pairwise,VerletListsCells,1.000000,vlc_sliced_balanced,neighbor-list-length,SoA,disabled,7703125000,703125000,687500000,640625000,890625000,718750000,812500000,625000000,1109375000,906250000,1479687499,1479687499,10
2025-10-02 14:35:30,20869,pairwise,VerletListsCells,1.000000,vlc_sliced_balanced,neighbor-list-length,SoA,enabled,7765625000,812500000,890625000,687500000,1046875000,625000000,1062500000,796875000,656250000,1093750000,1543749999,1543749999,10
2025-10-02 14:35:30,20879,pairwise,VerletListsCells,1.000000,vlc_sliced_c02,none,AoS,disabled,5437500000,109375000,0,218750000,234375000,0,0,0,0,0,600000000,600000000,10
2025-10-02 14:35:30,20889,pairwise,VerletListsCells,1.000000,vlc_sliced_c02,none,AoS,enabled,5453125000,0,0,0,0,0,0,0,234375000,0,568749999,568749999,10
2025-10-02 14:35:30,20899,pairwise,VerletListsCells,1.000000,vlc_sliced_c02,none,SoA,disabled,7406250000,625000000,1000000000,1046875000,609375000,593750000,875000000,734375000,781250000,718750000,1439062499,1439062499,10
2025-10-02 14:35:30,20909,pairwise,VerletListsCells,1.000000,vlc_sliced_c02,none,SoA,enabled,7609375000,656250000,984375000,656250000,859375000,734375000,890625000,765625000,531250000,687500000,1437499999,1437499999,10
2025-10-02 14:35:30,20919,pairwise,PairwiseVerletLists,1.000000,vlp_c01,none,AoS,disabled,6843750000,921875000,718750000,812500000,546875000,609375000,375000000,421875000,734375000,468750000,1245312499,1245312499,10
2025-10-02 14:35:30,20929,pairwise,PairwiseVerletLists,1.000000,vlp_c01,none,SoA,disabled,12578125000,1390625000,1296875000,1671875000,1468750000,1703125000,1343750000,1640625000,1593750000,1281250000,2596874999,2596874999,10
2025-10-02 14:35:30,20939,pairwise,PairwiseVerletLists,1.000000,vlp_c18,none,AoS,disabled,5906250000,1125000000,984375000,781250000,968750000,859375000,937500000,937500000,1140625000,906250000,1454687499,1454687499,10
2025-10-02 14:35:30,20949,pairwise,PairwiseVerletLists,1.000000,vlp_c18,none,AoS,enabled,6515625000,937500000,890625000,828125000,1093750000,1125000000,781250000,984375000,781250000,1046875000,1498437499,1498437499,10
2025-10-02 14:35:30,20959,pairwise,PairwiseVerletLists,1.000000,vlp_c18,none,SoA,disabled,16718750000,1609375000,1843750000,1734375000,1453125000,1500000000,1484375000,1515625000,1453125000,1406250000,3071874999,3071874999,10
2025-10-02 14:35:30,20969,pairwise,PairwiseVerletLists,1.000000,vlp_c18,none,SoA,enabled,15218750000,1625000000,1578125000,1765625000,1250000000,1187500000,1468750000,1750000000,1609375000,1656250000,2910937499,2910937499,10
2025-10-02 14:35:30,20979,pairwise,PairwiseVerletLists,1.000000,vlp_sliced,none,AoS,disabled,6140625000,546875000,296875000,281250000,265625000,265625000,156250000,546875000,406250000,296875000,920312499,920312499,10
2025-10-02 14:35:30,20989,pairwise,PairwiseVerletLists,1.000000,vlp_sliced,none,AoS,enabled,6046875000,500000000,250000000,578125000,453125000,203125000,250000000,218750000,203125000,484375000,918749999,918749999,10
2025-10-02 14:35:30,20999,pairwise,PairwiseVerletLists,1.000000,vlp_sliced,none,SoA,disabled,15156250000,1375000000,1359375000,1250000000,1156250000,1156250000,1000000000,1359375000,1343750000,1171875000,2632812499,2632812499,10
2025-10-02 14:35:30,21009,pairwise,PairwiseVerletLists,1.000000,vlp_sliced,none,SoA,enabled,14484375000,1328125000,1062500000,1062500000,1171875000,1421875000,1375000000,906250000,1250000000,1328125000,2539062499,2539062499,10
2025-10-02 14:35:30,21019,pairwise,PairwiseVerletLists,1.000000,vlp_sliced_balanced,none,AoS,disabled,5765625000,500000000,500000000,484375000,484375000,437500000,515625000,296875000,484375000,593750000,1006249999,1006249999,10
2025-10-02 14:35:30,21029,pairwise,PairwiseVerletLists,1.000000,vlp_sliced_balanced,none,AoS,enabled,5921875000,515625000,0,421875000,484375000,468750000,250000000,171875000,281250000,0,851562499,851562499,10
2025-10-02 14:35:30,21039,pairwise,PairwiseVerletLists,1.000000,vlp_sliced_balanced,none,SoA,disabled,13468750000,1437500000,1031250000,750000000,1062500000,1093750000,1250000000,812500000,875000000,1312500000,2309374999,2309374999,10
2025-10-02 14:35:30,21049,pairwise,PairwiseVerletLists,1.000000,vlp_sliced_balanced,none,SoA,enabled,13500000000,812500000,1359375000,1250000000,1453125000,968750000,1171875000,1000000000,1125000000,1296875000,2393749999,2393749999,10
2025-10-02 14:35:30,21059,pairwise,PairwiseVerletLists,1.000000,vlp_sliced_c02,none,AoS,disabled,6062500000,765625000,546875000,515625000,234375000,546875000,281250000,531250000,531250000,531250000,1054687499,1054687499,10
2025-10-02 14:35:30,21069,pairwise,PairwiseVerletLists,1.000000,vlp_sliced_c02,none,AoS,enabled,5515625000,546875000,578125000,125000000,171875000,453125000,421875000,562500000,171875000,500000000,904687499,904687499,10
2025-10-02 14:35:31,21079,pairwise,PairwiseVerletLists,1.000000,vlp_sliced_c02,none,SoA,disabled,13125000000,1546875000,1375000000,1218750000,1546875000,1312500000,1375000000,1109375000,1234375000,1312500000,2515624999,2515624999,10
2025-10-02 14:35:31,21089,pairwise,PairwiseVerletLists,1.000000,vlp_sliced_c02,none,SoA,enabled,13359375000,1343750000,1484375000,1171875000,1421875000,1296875000,1203125000,1109375000,1265625000,1171875000,2482812499,2482812499,10
2025-10-02 14:35:31,21099,pairwise,PairwiseVerletLists,1.000000,vlp_c08,none,AoS,disabled,7468750000,1625000000,1546875000,1593750000,1406250000,1234375000,1437500000,1593750000,1453125000,1500000000,2085937499,2085937499,10
2025-10-02 14:35:31,21109,pairwise,PairwiseVerletLists,1.000000,vlp_c08,none,AoS,enabled,6500000000,812500000,828125000,875000000,875000000,875000000,750000000,812500000,906250000,1187500000,1442187499,1442187499,10
2025-10-02 14:35:31,21119,pairwise,PairwiseVerletLists,1.000000,vlp_c08,none,SoA,disabled,15640625000,2687500000,2750000000,2671875000,2781250000,2609375000,2562500000,2687500000,3015625000,2906250000,4031249999,4031249999,10
2025-10-02 14:35:31,21129,pairwise,PairwiseVerletLists,1.000000,vlp_c08,none,SoA,enabled,15125000000,2046875000,2203125000,2125000000,1734375000,2078125000,1687500000,1609375000,2046875000,1734375000,3239062499,3239062499,10
2025-10-02 14:39:10,25009,pairwise,LinkedCells,1.000000,lc_c01,none,AoS,disabled,812500000,406250000,468750000,812500000,625000000,937500000,937500000,656250000,750000000,781250000,718749999,718749999,10
2025-10-02 14:39:10,25019,pairwise,LinkedCells,1.000000,lc_c01,none,SoA,disabled,1531250000,1437500000,1375000000,1375000000,1281250000,1406250000,1500000000,1343750000,1000000000,1312500000,1356249999,1356249999,10
2025-10-02 14:39:10,25029,pairwise,LinkedCells,1.000000,lc_c01_combined_SoA,none,SoA,disabled,812500000,1031250000,1062500000,1437500000,1437500000,1250000000,781250000,937500000,1406250000,1093750000,1124999999,1124999999,10
2025-10-02 14:39:10,25039,pairwise,LinkedCells,1.000000,lc_c04,none,AoS,disabled,250000000,218750000,218750000,0,406250000,0,0,312500000,281250000,562500000,224999999,224999999,10
2025-10-02 14:39:10,25049,pairwise,LinkedCells,1.000000,lc_c04,none,AoS,enabled,218750000,0,218750000,500000000,593750000,562500000,218750000,218750000,531250000,531250000,359375000,359375000,10
2025-10-02 14:39:10,25059,pairwise,LinkedCells,1.000000,lc_c04,none,SoA,disabled,687500000,1125000000,468750000,1312500000,1000000000,781250000,875000000,1062500000,468750000,718750000,849999999,849999999,10
2025-10-02 14:39:10,25069,pairwise,LinkedCells,1.000000,lc_c04,none,SoA,enabled,718750000,718750000,1062500000,593750000,687500000,687500000,562500000,843750000,1250000000,1156250000,828124999,828124999,10
2025-10-02 14:39:10,25079,pairwise,LinkedCells,1.000000,lc_c04_HCP,none,AoS,disabled,437500000,531250000,468750000,0,0,250000000,562500000,500000000,187500000,437500000,337499999,337499999,10
2025-10-02 14:39:10,25089,pairwise,LinkedCells,1.000000,lc_c04_HCP,none,AoS,enabled,187500000,250000000,156250000,250000000,218750000,531250000,0,500000000,468750000,0,256249999,256249999,10
2025-10-02 14:39:10,25099,pairwise,LinkedCells,1.000000,lc_c04_HCP,none,SoA,disabled,968750000,781250000,593750000,468750000,1062500000,1218750000,1250000000,1031250000,812500000,1218750000,940625000,940625000,10
2025-10-02 14:39:10,25109,pairwise,LinkedCells,1.000000,lc_c04_HCP,none,SoA,enabled,656250000,1375000000,1156250000,812500000,781250000,1031250000,843750000,812500000,1000000000,1000000000,946874999,946874999,10
2025-10-02 14:39:10,25119,pairwise,LinkedCells,1.000000,lc_c04_combined_SoA,none,SoA,disabled,1218750000,1281250000,1125000000,1281250000,1093750000,1406250000,1218750000,1437500000,1375000000,1156250000,1259374999,1259374999,10
2025-10-02 14:39:11,25129,pairwise,LinkedCells,1.000000,lc_c04_combined_SoA,none,SoA,enabled,906250000,687500000,687500000,968750000,1156250000,1281250000,1187500000,937500000,937500000,937500000,968749999,968749999,10
2025-10-02 14:39:11,25139,pairwise,LinkedCells,1.000000,lc_c08,none,AoS,disabled,1343750000,843750000,906250000,843750000,687500000,875000000,1156250000,625000000,1312500000,875000000,946874999,946874999,10
2025-10-02 14:39:11,25149,pairwise,LinkedCells,1.000000,lc_c08,none,AoS,enabled,968750000,781250000,1187500000,843750000,781250000,937500000,718750000,468750000,1031250000,812500000,853124999,853124999,10
2025-10-02 14:39:11,25159,pairwise,LinkedCells,1.000000,lc_c08,none,SoA,disabled,1281250000,1593750000,1625000000,1687500000,1281250000,1406250000,1687500000,1281250000,1375000000,1468750000,1468749999,1468749999,10
2025-10-02 14:39:11,25169,pairwise,LinkedCells,1.000000,lc_c08,none,SoA,enabled,1500000000,906250000,1500000000,1500000000,1531250000,1593750000,1531250000,1593750000,1656250000,1468750000,1478124999,1478124999,10
2025-10-02 14:39:11,25179,pairwise,LinkedCells,1.000000,lc_c18,none,AoS,disabled,812500000,656250000,1031250000,1000000000,843750000,531250000,843750000,718750000,937500000,1062500000,843749999,843749999,10
2025-10-02 14:39:11,25189,pairwise,LinkedCells,1.000000,lc_c18,none,AoS,enabled,531250000,437500000,875000000,1062500000,1031250000,1000000000,968750000,968750000,1156250000,1000000000,903124999,903124999,10
2025-10-02 14:39:11,25199,pairwise,LinkedCells,1.000000,lc_c18,none,SoA,disabled,1468750000,1187500000,1312500000,1375000000,1250000000,937500000,1406250000,1343750000,1250000000,937500000,1246874999,1246874999,10
2025-10-02 14:39:11,25209,pairwise,LinkedCells,1.000000,lc_c18,none,SoA,enabled,1093750000,968750000,1218750000,1343750000,1062500000,1343750000,1343750000,1218750000,1187500000,1468750000,1224999999,1224999999,10
2025-10-02 14:39:11,25219,pairwise,LinkedCells,1.000000,lc_sliced,none,AoS,disabled,187500000,531250000,0,250000000,0,218750000,281250000,218750000,0,0,168749999,168749999,10
2025-10-02 14:39:11,25229,pairwise,LinkedCells,1.000000,lc_sliced,none,AoS,enabled,500000000,375000000,250000000,500000000,375000000,250000000,187500000,250000000,312500000,437500000,343749999,343749999,10
2025-10-02 14:39:11,25239,pairwise,LinkedCells,1.000000,lc_sliced,none,SoA,disabled,625000000,843750000,718750000,750000000,937500000,1375000000,812500000,687500000,750000000,750000000,824999999,824999999,10
2025-10-02 14:39:11,25249,pairwise,LinkedCells,1.000000,lc_sliced,none,SoA,enabled,750000000,1218750000,656250000,1218750000,1187500000,875000000,562500000,906250000,1000000000,906250000,928124999,928124999,10
2025-10-02 14:39:11,25259,pairwise,LinkedCells,1.000000,lc_sliced_balanced,none,AoS,disabled,531250000,218750000,0,0,0,218750000,468750000,375000000,218750000,218750000,224999999,224999999,10
2025-10-02 14:39:11,25269,pairwise,LinkedCells,1.000000,lc_sliced_balanced,none,AoS,enabled,0,343750000,187500000,0,0,281250000,500000000,0,0,218750000,153124999,153124999,10
2025-10-02 14:39:11,25279,pairwise,LinkedCells,1.000000,lc_sliced_balanced,none,SoA,disabled,781250000,875000000,187500000,1343750000,1000000000,500000000,875000000,687500000,625000000,687500000,756249999,756249999,10
2025-10-02 14:39:11,25289,pairwise,LinkedCells,1.000000,lc_sliced_balanced,none,SoA,enabled,593750000,437500000,1000000000,906250000,1125000000,593750000,656250000,1062500000,687500000,1062500000,812499999,812499999,10
2025-10-02 14:39:11,25299,pairwise,LinkedCells,1.000000,lc_sliced_balanced,squared-particles-per-cell,AoS,disabled,875000000,781250000,625000000,1000000000,1000000000,718750000,531250000,843750000,468750000,406250000,724999999,724999999,10
2025-10-02 14:39:11,25309,pairwise,LinkedCells,1.000000,lc_sliced_balanced,squared-particles-per-cell,AoS,enabled,812500000,750000000,781250000,812500000,750000000,593750000,687500000,500000000,468750000,468750000,662499999,662499999,10
2025-10-02 14:39:11,25319,pairwise,LinkedCells,1.000000,lc_sliced_balanced,squared-particles-per-cell,SoA,disabled,2281250000,2250000000,2156250000,2031250000,2187500000,2281250000,2312500000,2375000000,2218750000,2156250000,2225000000,2225000000,10
2025-10-02 14:39:11,25329,pairwise,LinkedCells,1.000000,lc_sliced_balanced,squared-particles-per-cell,SoA,enabled,2437500000,2156250000,2093750000,2156250000,2125000000,2343750000,2250000000,2281250000,2281250000,2312500000,2243749999,2243749999,10
2025-10-02 14:39:11,25339,pairwise,LinkedCells,1.000000,lc_sliced_c02,none,AoS,disabled,0,218750000,218750000,218750000,468750000,406250000,375000000,343750000,312500000,250000000,281250000,281250000,10
2025-10-02 14:39:11,25349,pairwise,LinkedCells,1.000000,lc_sliced_c02,none,AoS,enabled,281250000,0,0,0,281250000,250000000,187500000,156250000,218750000,281250000,165624999,165624999,10
2025-10-02 14:39:11,25359,pairwise,LinkedCells,1.000000,lc_sliced_c02,none,SoA,disabled,906250000,875000000,1000000000,781250000,1125000000,1000000000,1000000000,875000000,531250000,875000000,896874999,896874999,10
2025-10-02 14:39:11,25369,pairwise,LinkedCells,1.000000,lc_sliced_c02,none,SoA,enabled,843750000,687500000,937500000,781250000,468750000,718750000,968750000,812500000,687500000,687500000,759375000,759375000,10
2025-10-02 14:39:11,25379,pairwise,VerletClusterLists,1.000000,vcl_c01_balanced,none,AoS,disabled,0,0,0,0,0,0,0,281250000,0,0,28125000,28125000,10
2025-10-02 14:39:11,25389,pairwise,VerletClusterLists,1.000000,vcl_c01_balanced,none,SoA,disabled,187500000,0,187500000,0,0,0,0,0,218750000,0,59374999,59374999,10
2025-10-02 14:39:11,25399,pairwise,VerletClusterLists,1.000000,vcl_c06,none,AoS,disabled,0,0,0,187500000,0,0,312500000,0,0,0,49999999,49999999,10
2025-10-02 14:39:11,25409,pairwise,VerletClusterLists,1.000000,vcl_c06,none,AoS,enabled,0,0,0,0,0,0,0,0,0,0,0,0,10
2025-10-02 14:39:11,25419,pairwise,VerletClusterLists,1.000000,vcl_c06,none,SoA,disabled,156250000,0,0,0,0,0,0,281250000,250000000,0,68749999,68749999,10
2025-10-02 14:39:11,25429,pairwise,VerletClusterLists,1.000000,vcl_c06,none,SoA,enabled,0,0,0,0,0,0,0,0,250000000,0,24999999,24999999,10
2025-10-02 14:39:11,25439,pairwise,VerletClusterLists,1.000000,vcl_sliced,none,AoS,disabled,0,0,0,0,0,0,0,0,0,0,0,0,10
2025-10-02 14:39:11,25449,pairwise,VerletClusterLists,1.000000,vcl_sliced,none,AoS,enabled,0,0,0,0,0,0,0,0,0,0,0,0,10
2025-10-02 14:39:11,25459,pairwise,VerletClusterLists,1.000000,vcl_sliced,none,SoA,disabled,0,0,0,187500000,0,0,0,0,0,0,18749999,18749999,10
2025-10-02 14:39:11,25469,pairwise,VerletClusterLists,1.000000,vcl_sliced,none,SoA,enabled,187500000,0,0,0,375000000,0,0,0,0,0,56249999,56249999,10
2025-10-02 14:39:11,25479,pairwise,VerletClusterLists,1.000000,vcl_sliced_balanced,none,AoS,disabled,0,0,0,0,0,0,0,0,218750000,0,21874999,21874999,10
2025-10-02 14:39:11,25489,pairwise,VerletClusterLists,1.000000,vcl_sliced_balanced,none,AoS,enabled,0,0,0,0,0,218750000,0,0,0,0,21874999,21874999,10
2025-10-02 14:39:11,25499,pairwise,VerletClusterLists,1.000000,vcl_sliced_balanced,none,SoA,disabled,0,0,0,0,375000000,0,0,0,0,0,37499999,37499999,10
2025-10-02 14:39:11,25509,pairwise,VerletClusterLists,1.000000,vcl_sliced_balanced,none,SoA,enabled,0,0,0,187500000,0,0,0,0,187500000,0,37499999,37499999,10
2025-10-02 14:39:11,25519,pairwise,VerletClusterLists,1.000000,vcl_sliced_balanced,neighbor-list-length,AoS,disabled,250000000,0,0,0,0,0,0,343750000,0,0,59374999,59374999,10
2025-10-02 14:39:11,25529,pairwise,VerletClusterLists,1.000000,vcl_sliced_balanced,neighbor-list-length,AoS,enabled,0,0,0,250000000,0,0,0,0,0,0,24999999,24999999,10
2025-10-02 14:39:11,25539,pairwise,VerletClusterLists,1.000000,vcl_sliced_balanced,neighbor-list-length,SoA,disabled,0,0,0,0,0,218750000,187500000,0,0,0,40624999,40624999,10
2025-10-02 14:39:11,25549,pairwise,VerletClusterLists,1.000000,vcl_sliced_balanced,neighbor-list-length,SoA,enabled,0,0,281250000,0,0,0,0,0,0,0,28125000,28125000,10
2025-10-02 14:39:11,25559,pairwise,VerletClusterLists,1.000000,vcl_sliced_c02,none,AoS,disabled,0,0,0,0,218750000,0,0,0,0,0,21874999,21874999,10
2025-10-02 14:39:11,25569,pairwise,VerletClusterLists,1.000000,vcl_sliced_c02,none,AoS,enabled,156250000,0,0,0,0,0,0,0,0,0,15625000,15625000,10
2025-10-02 14:39:11,25579,pairwise,VerletClusterLists,1.000000,vcl_sliced_c02,none,SoA,disabled,0,0,0,0,0,0,0,0,0,250000000,24999999,24999999,10
2025-10-02 14:39:11,25589,pairwise,VerletClusterLists,1.000000,vcl_sliced_c02,none,SoA,enabled,0,0,0,0,0,0,0,0,0,0,0,0,10
2025-10-02 14:39:11,25599,pairwise,VerletLists,1.000000,vl_list_iteration,none,AoS,disabled,1500000000,281250000,125000000,0,0,0,0,0,0,0,190624999,190624999,10
2025-10-02 14:39:11,25609,pairwise,VerletLists,1.000000,vl_list_iteration,none,SoA,disabled,3468750000,781250000,875000000,718750000,937500000,687500000,500000000,875000000,750000000,718750000,1031249999,1031249999,10
2025-10-02 14:39:11,25619,pairwise,VerletListsCells,1.000000,vlc_c01,none,AoS,disabled,10250000000,593750000,468750000,468750000,343750000,812500000,750000000,843750000,750000000,968750000,1624999999,1624999999,10
2025-10-02 14:39:11,25629,pairwise,VerletListsCells,1.000000,vlc_c01,none,SoA,disabled,12750000000,1281250000,1437500000,1437500000,1406250000,1468750000,1593750000,1437500000,1656250000,1250000000,2571874999,2571874999,10
2025-10-02 14:39:11,25639,pairwise,VerletListsCells,1.000000,vlc_c18,none,AoS,disabled,6750000000,968750000,750000000,500000000,906250000,687500000,906250000,1031250000,750000000,1031250000,1428124999,1428124999,10
2025-10-02 14:39:11,25649,pairwise,VerletListsCells,1.000000,vlc_c18,none,AoS,enabled,6562500000,875000000,937500000,625000000,1000000000,875000000,687500000,968750000,937500000,968750000,1443750000,1443750000,10
2025-10-02 14:39:11,25659,pairwise,VerletListsCells,1.000000,vlc_c18,none,SoA,disabled,8625000000,1375000000,1343750000,1187500000,1437500000,1093750000,1812500000,1375000000,1093750000,1375000000,2071875000,2071875000,10
2025-10-02 14:39:11,25669,pairwise,VerletListsCells,1.000000,vlc_c18,none,SoA,enabled,8125000000,2250000000,1218750000,1593750000,1156250000,1843750000,1625000000,1500000000,1312500000,1437500000,2206249999,2206249999,10
2025-10-02 14:39:11,25679,pairwise,VerletListsCells,1.000000,vlc_c08,none,AoS,disabled,4625000000,1125000000,937500000,500000000,406250000,843750000,750000000,718750000,781250000,718750000,1140624999,1140624999,10
2025-10-02 14:39:12,25689,pairwise,VerletListsCells,1.000000,vlc_c08,none,AoS,enabled,4812500000,812500000,875000000,687500000,1093750000,687500000,718750000,656250000,875000000,625000000,1184375000,1184375000,10
2025-10-02 14:39:12,25699,pairwise,VerletListsCells,1.000000,vlc_c08,none,SoA,disabled,6437500000,1406250000,1656250000,1687500000,1687500000,1468750000,1812500000,1343750000,1843750000,1531250000,2087499999,2087499999,10
2025-10-02 14:39:12,25709,pairwise,VerletListsCells,1.000000,vlc_c08,none,SoA,enabled,6687500000,1375000000,1687500000,1468750000,1687500000,1593750000,1812500000,1625000000,1406250000,1593750000,2093749999,2093749999,10
2025-10-02 14:39:12,25719,pairwise,VerletListsCells,1.000000,vlc_sliced,none,AoS,disabled,6156250000,0,0,0,0,0,0,0,0,0,615625000,615625000,10
2025-10-02 14:39:12,25729,pairwise,VerletListsCells,1.000000,vlc_sliced,none,AoS,enabled,5750000000,0,0,343750000,0,187500000,218750000,0,0,0,649999999,649999999,10
2025-10-02 14:39:12,25739,pairwise,VerletListsCells,1.000000,vlc_sliced,none,SoA,disabled,8187500000,1000000000,687500000,656250000,843750000,625000000,750000000,781250000,812500000,875000000,1521875000,1521875000,10
2025-10-02 14:39:12,25749,pairwise,VerletListsCells,1.000000,vlc_sliced,none,SoA,enabled,7781250000,781250000,781250000,687500000,1000000000,531250000,468750000,906250000,781250000,875000000,1459374999,1459374999,10
2025-10-02 14:39:12,25759,pairwise,VerletListsCells,1.000000,vlc_sliced_balanced,none,AoS,disabled,6125000000,0,0,250000000,375000000,0,0,0,0,0,674999999,674999999,10
2025-10-02 14:39:12,25769,pairwise,VerletListsCells,1.000000,vlc_sliced_balanced,none,AoS,enabled,5875000000,0,0,0,0,0,0,0,0,218750000,609374999,609374999,10
2025-10-02 14:39:12,25779,pairwise,VerletListsCells,1.000000,vlc_sliced_balanced,none,SoA,disabled,8062500000,812500000,812500000,1125000000,812500000,656250000,843750000,875000000,906250000,812500000,1571874999,1571874999,10
2025-10-02 14:39:12,25789,pairwise,VerletListsCells,1.000000,vlc_sliced_balanced,none,SoA,enabled,7937500000,1156250000,875000000,1031250000,1000000000,906250000,843750000,968750000,750000000,937500000,1640624999,1640624999,10
2025-10-02 14:39:12,25799,pairwise,VerletListsCells,1.000000,vlc_sliced_balanced,squared-particles-per-cell,AoS,disabled,5406250000,0,187500000,0,0,218750000,0,0,0,0,581249999,581249999,10
2025-10-02 14:39:12,25809,pairwise,VerletListsCells,1.000000,vlc_sliced_balanced,squared-particles-per-cell,AoS,enabled,5875000000,0,0,0,500000000,0,0,218750000,0,218750000,681249999,681249999,10
2025-10-02 14:39:12,25819,pairwise,VerletListsCells,1.000000,vlc_sliced_balanced,squared-particles-per-cell,SoA,disabled,7656250000,968750000,843750000,656250000,656250000,781250000,1031250000,875000000,625000000,687500000,1478124999,1478124999,10
2025-10-02 14:39:12,25829,pairwise,VerletListsCells,1.000000,vlc_sliced_balanced,squared-particles-per-cell,SoA,enabled,8000000000,937500000,875000000,1062500000,687500000,687500000,1187500000,1031250000,843750000,625000000,1593749999,1593749999,10
2025-10-02 14:39:12,25839,pairwise,VerletListsCells,1.000000,vlc_sliced_balanced,neighbor-list-length,AoS,disabled,6125000000,187500000,0,0,437500000,0,0,0,0,187500000,693749999,693749999,10
2025-10-02 14:39:12,25849,pairwise,VerletListsCells,1.000000,vlc_sliced_balanced,neighbor-list-length,AoS,enabled,5843750000,218750000,0,0,0,0,0,0,0,0,606249999,606249999,10
2025-10-02 14:39:12,25859,pairwise,VerletListsCells,1.000000,vlc_sliced_balanced,neighbor-list-length,SoA,disabled,8031250000,937500000,843750000,937500000,687500000,937500000,906250000,687500000,656250000,718750000,1534375000,1534375000,10
2025-10-02 14:39:12,25869,pairwise,VerletListsCells,1.000000,vlc_sliced_balanced,neighbor-list-length,SoA,enabled,8250000000,1000000000,1125000000,781250000,1187500000,750000000,718750000,656250000,1031250000,718750000,1621874999,1621874999,10
2025-10-02 14:39:12,25879,pairwise,VerletListsCells,1.000000,vlc_sliced_c02,none,AoS,disabled,5812500000,0,0,0,0,187500000,0,0,0,0,599999999,599999999,10
2025-10-02 14:39:12,25889,pairwise,VerletListsCells,1.000000,vlc_sliced_c02,none,AoS,enabled,5875000000,0,0,187500000,0,0,0,187500000,0,0,624999999,624999999,10
2025-10-02 14:39:12,25899,pairwise,VerletListsCells,1.000000,vlc_sliced_c02,none,SoA,disabled,7843750000,968750000,687500000,843750000,781250000,781250000,1125000000,843750000,750000000,812500000,1543750000,1543750000,10
2025-10-02 14:39:12,25909,pairwise,VerletListsCells,1.000000,vlc_sliced_c02,none,SoA,enabled,7718750000,781250000,656250000,718750000,812500000,656250000,718750000,687500000,843750000,906250000,1449999999,1449999999,10
2025-10-02 14:39:12,25919,pairwise,PairwiseVerletLists,1.000000,vlp_c01,none,AoS,disabled,6906250000,875000000,593750000,593750000,718750000,1000000000,906250000,906250000,781250000,687500000,1396874999,1396874999,10
2025-10-02 14:39:12,25929,pairwise,PairwiseVerletLists,1.000000,vlp_c01,none,SoA,disabled,12906250000,1281250000,1562500000,1406250000,1562500000,1593750000,1375000000,1875000000,1500000000,1531250000,2659374999,2659374999,10
2025-10-02 14:39:12,25939,pairwise,PairwiseVerletLists,1.000000,vlp_c18,none,AoS,disabled,6593750000,843750000,750000000,781250000,1000000000,875000000,656250000,656250000,1000000000,1093750000,1424999999,1424999999,10
2025-10-02 14:39:12,25949,pairwise,PairwiseVerletLists,1.000000,vlp_c18,none,AoS,enabled,6500000000,937500000,875000000,875000000,937500000,1000000000,843750000,875000000,843750000,593750000,1428124999,1428124999,10
2025-10-02 14:39:13,25959,pairwise,PairwiseVerletLists,1.000000,vlp_c18,none,SoA,disabled,14281250000,1593750000,1906250000,2000000000,1750000000,1656250000,1500000000,2062500000,1687500000,1593750000,3003125000,3003125000,10
2025-10-02 14:39:13,25969,pairwise,PairwiseVerletLists,1.000000,vlp_c18,none,SoA,enabled,14312500000,1906250000,1875000000,1406250000,2031250000,1687500000,1875000000,1718750000,1656250000,1843750000,3031249999,3031249999,10
2025-10-02 14:39:13,25979,pairwise,PairwiseVerletLists,1.000000,vlp_sliced,none,AoS,disabled,6062500000,531250000,375000000,500000000,218750000,406250000,250000000,218750000,531250000,281250000,937499999,937499999,10
2025-10-02 14:39:13,25989,pairwise,PairwiseVerletLists,1.000000,vlp_sliced,none,AoS,enabled,5718750000,187500000,531250000,375000000,281250000,187500000,50